# lk ukf_k2iii uks_k2iii fh fse fl fk fc
# lRMS=0.002399086021 iRMS=0.0006689172587 0
# 
3000.87 0.019802 0.000000 0.019802 0.000000 0.000000 0.000000 0.000000
3005.88 0.019978 0.000000 0.019978 0.000000 0.000000 0.000000 0.000000
3010.88 0.020411 0.000000 0.020411 0.000000 0.000000 0.000000 0.000000
3015.88 0.021081 0.000000 0.021081 0.000000 0.000000 0.000000 0.000000
3020.88 0.021968 0.000000 0.021968 0.000000 0.000000 0.000000 0.000000
3025.88 0.023051 0.000000 0.023051 0.000000 0.000000 0.000000 0.000000
3030.88 0.024309 0.000000 0.024309 0.000000 0.000000 0.000000 0.000000
3035.88 0.025723 0.000000 0.025723 0.000000 0.000000 0.000000 0.000000
3040.88 0.027272 0.000000 0.027272 0.000000 0.000000 0.000000 0.000000
3045.89 0.028935 0.000000 0.028935 0.000000 0.000000 0.000000 0.000000
3050.89 0.030693 0.000000 0.030693 0.000000 0.000000 0.000000 0.000000
3055.89 0.032525 0.000000 0.032525 0.000000 0.000000 0.000000 0.000000
3060.89 0.034414 0.000000 0.034414 0.000000 0.000000 0.000000 0.000000
3065.89 0.036343 0.000000 0.036343 0.000000 0.000000 0.000000 0.000000
3070.89 0.038294 0.000000 0.038294 0.000000 0.000000 0.000000 0.000000
3075.89 0.040250 0.000000 0.040250 0.000000 0.000000 0.000000 0.000000
3080.89 0.042194 0.000000 0.042194 0.000000 0.000000 0.000000 0.000000
3085.90 0.044108 0.000000 0.044108 0.000000 0.000000 0.000000 0.000000
3090.90 0.045977 0.000000 0.045977 0.000000 0.000000 0.000000 0.000000
3095.90 0.047781 0.000000 0.047781 0.000000 0.000000 0.000000 0.000000
3100.90 0.049505 0.000000 0.049505 0.000000 0.000000 0.000000 0.000000
3105.90 0.051137 0.000000 0.051137 0.000000 0.000000 0.000000 0.000000
3110.90 0.052688 0.000000 0.052688 0.000000 0.000000 0.000000 0.000000
3115.90 0.054177 0.000000 0.054177 0.000000 0.000000 0.000000 0.000000
3120.90 0.055622 0.000000 0.055622 0.000000 0.000000 0.000000 0.000000
3125.91 0.057040 0.000000 0.057040 0.000000 0.000000 0.000000 0.000000
3130.91 0.058449 0.000000 0.058449 0.000000 0.000000 0.000000 0.000000
3135.91 0.059868 0.000000 0.059868 0.000000 0.000000 0.000000 0.000000
3140.91 0.061313 0.000000 0.061313 0.000000 0.000000 0.000000 0.000000
3145.91 0.062803 0.000000 0.062803 0.000000 0.000000 0.000000 0.000000
3150.91 0.064356 0.000000 0.064356 0.000000 0.000000 0.000000 0.000000
3155.91 0.065982 0.000000 0.065982 0.000000 0.000000 0.000000 0.000000
3160.91 0.109385 0.048183 0.109385 0.000000 0.000000 0.000000 0.000000
3165.92 0.106390 0.042767 0.106390 0.000000 0.000000 0.000000 0.000000
3170.92 0.104083 0.038158 0.104083 0.000000 0.000000 0.000000 0.000000
3175.92 0.102791 0.034769 0.102791 0.000000 0.000000 0.000000 0.000000
3180.92 0.101445 0.031401 0.101445 0.000000 0.000000 0.000000 0.000000
3185.92 0.098985 0.026864 0.098985 0.000000 0.000000 0.000000 0.000000
3190.92 0.095787 0.021628 0.095787 0.000000 0.000000 0.000000 0.000000
3195.92 0.092606 0.016601 0.092606 0.000000 0.000000 0.000000 0.000000
3200.92 0.101365 0.000000 0.101365 0.000000 0.000000 0.000000 0.000000
3205.93 0.098491 0.000000 0.098491 0.000000 0.000000 0.000000 0.000000
3210.93 0.095455 0.000000 0.095455 0.000000 0.000000 0.000000 0.000000
3215.93 0.089470 0.000000 0.089470 0.000000 0.000000 0.000000 0.000000
3220.93 0.081965 0.000000 0.081965 0.000000 0.000000 0.000000 0.000000
3225.93 0.075325 0.000000 0.075325 0.000000 0.000000 0.000000 0.000000
3230.93 0.071549 0.000000 0.071549 0.000000 0.000000 0.000000 0.000000
3235.93 0.072110 0.000000 0.072110 0.000000 0.000000 0.000000 0.000000
3240.94 0.076773 0.000000 0.076773 0.000000 0.000000 0.000000 0.000000
3245.94 0.084280 0.000000 0.084280 0.000000 0.000000 0.000000 0.000000
3250.94 0.090980 0.000000 0.090980 0.000000 0.000000 0.000000 0.000000
3255.94 0.094277 0.000000 0.094277 0.000000 0.000000 0.000000 0.000000
3260.94 0.098176 0.000000 0.098176 0.000000 0.000000 0.000000 0.000000
3265.94 0.105705 0.000000 0.105705 0.000000 0.000000 0.000000 0.000000
3270.94 0.109387 0.000000 0.109387 0.000000 0.000000 0.000000 0.000000
3275.94 0.103051 0.000000 0.103051 0.000000 0.000000 0.000000 0.000000
3280.95 0.096248 0.000000 0.096248 0.000000 0.000000 0.000000 0.000000
3285.95 0.099059 0.000000 0.099059 0.000000 0.000000 0.000000 0.000000
3290.95 0.107934 0.000000 0.107934 0.000000 0.000000 0.000000 0.000000
3295.95 0.115993 0.000000 0.115993 0.000000 0.000000 0.000000 0.000000
3300.95 0.116661 0.000000 0.116661 0.000000 0.000000 0.000000 0.000000
3305.95 0.106913 0.000000 0.106913 0.000000 0.000000 0.000000 0.000000
3310.95 0.097619 0.000000 0.097619 0.000000 0.000000 0.000000 0.000000
3315.95 0.098976 0.000000 0.098976 0.000000 0.000000 0.000000 0.000000
3320.96 0.104599 0.000000 0.104599 0.000000 0.000000 0.000000 0.000000
3325.96 0.106318 0.000000 0.106318 0.000000 0.000000 0.000000 0.000000
3330.96 0.105405 0.000000 0.105405 0.000000 0.000000 0.000000 0.000000
3335.96 0.105116 0.000000 0.105116 0.000000 0.000000 0.000000 0.000000
3340.96 0.107211 0.000000 0.107211 0.000000 0.000000 0.000000 0.000000
3345.96 0.111663 0.000000 0.111663 0.000000 0.000000 0.000000 0.000000
3350.96 0.112800 0.000000 0.112800 0.000000 0.000000 0.000000 0.000000
3355.96 0.105888 0.000000 0.105888 0.000000 0.000000 0.000000 0.000000
3360.97 0.095602 0.000000 0.095602 0.000000 0.000000 0.000000 0.000000
3365.97 0.088098 0.000000 0.088098 0.000000 0.000000 0.000000 0.000000
3370.97 0.086052 0.000000 0.086052 0.000000 0.000000 0.000000 0.000000
3375.97 0.090042 0.000000 0.090042 0.000000 0.000000 0.000000 0.000000
3380.97 0.095716 0.000000 0.095716 0.000000 0.000000 0.000000 0.000000
3385.97 0.099110 0.000000 0.099110 0.000000 0.000000 0.000000 0.000000
3390.97 0.102717 0.000000 0.102717 0.000000 0.000000 0.000000 0.000000
3395.97 0.109121 0.000000 0.109121 0.000000 0.000000 0.000000 0.000000
3400.98 0.114805 0.000000 0.114805 0.000000 0.000000 0.000000 0.000000
3405.98 0.116203 0.000000 0.116203 0.000000 0.000000 0.000000 0.000000
3410.98 0.115673 0.000000 0.115673 0.000000 0.000000 0.000000 0.000000
3415.98 0.116349 0.000000 0.116349 0.000000 0.000000 0.000000 0.000000
3420.98 0.118552 0.000000 0.118552 0.000000 0.000000 0.000000 0.000000
3425.98 0.120810 0.000000 0.120810 0.000000 0.000000 0.000000 0.000000
3430.98 0.117282 0.000000 0.117282 0.000000 0.000000 0.000000 0.000000
3435.98 0.104616 0.000000 0.104616 0.000000 0.000000 0.000000 0.000000
3440.99 0.093785 0.000000 0.093785 0.000000 0.000000 0.000000 0.000000
3445.99 0.095391 0.000000 0.095391 0.000000 0.000000 0.000000 0.000000
3450.99 0.104254 0.000000 0.104254 0.000000 0.000000 0.000000 0.000000
3455.99 0.112127 0.000000 0.112127 0.000000 0.000000 0.000000 0.000000
3460.99 0.114311 0.000000 0.114311 0.000000 0.000000 0.000000 0.000000
3465.99 0.109111 0.000000 0.109111 0.000000 0.000000 0.000000 0.000000
3470.99 0.103321 0.000000 0.103321 0.000000 0.000000 0.000000 0.000000
3475.99 0.103403 0.000000 0.103403 0.000000 0.000000 0.000000 0.000000
3481.00 0.105998 0.000000 0.105998 0.000000 0.000000 0.000000 0.000000
3486.00 0.107062 0.000000 0.107062 0.000000 0.000000 0.000000 0.000000
3491.00 0.109623 0.000000 0.109623 0.000000 0.000000 0.000000 0.000000
3496.00 0.116778 0.000000 0.116778 0.000000 0.000000 0.000000 0.000000
3501.00 0.124826 0.000000 0.124826 0.000000 0.000000 0.000000 0.000000
3506.00 0.128961 0.000000 0.128961 0.000000 0.000000 0.000000 0.000000
3511.00 0.128447 0.001949 0.128447 0.000000 0.000000 0.000000 0.000000
3516.01 0.121727 0.004114 0.121727 0.000000 0.000000 0.000000 0.000000
3521.01 0.117464 0.008360 0.117464 0.000000 0.000000 0.000000 0.000000
3526.01 0.117587 0.008999 0.117587 0.000000 0.000000 0.000000 0.000000
3531.01 0.125228 0.010853 0.125228 0.000000 0.000000 0.000000 0.000000
3536.01 0.134803 0.011931 0.134803 0.000000 0.000000 0.000000 0.000000
3541.01 0.139236 0.012395 0.139236 0.000000 0.000000 0.000000 0.000000
3546.01 0.133582 0.012758 0.133582 0.000000 0.000000 0.000000 0.000000
3551.01 0.122162 0.011910 0.122162 0.000000 0.000000 0.000000 0.000000
3556.02 0.113138 0.011840 0.113138 0.000000 0.000000 0.000000 0.000000
3561.02 0.107629 0.013376 0.107629 0.000000 0.000000 0.000000 0.000000
3566.02 0.100140 0.011639 0.100140 0.000000 0.000000 0.000000 0.000000
3571.02 0.091530 0.009831 0.091530 0.000000 0.000000 0.000000 0.000000
3576.02 0.085553 0.012817 0.085553 0.000000 0.000000 0.000000 0.000000
3581.02 0.080905 0.012158 0.080905 0.000000 0.000000 0.000000 0.000000
3586.02 0.083547 0.007988 0.083547 0.000000 0.000000 0.000000 0.000000
3591.02 0.100030 0.009317 0.100030 0.000000 0.000000 0.000000 0.000000
3596.03 0.124741 0.015157 0.124741 0.000000 0.000000 0.000000 0.000000
3601.03 0.138861 0.017280 0.138861 0.000000 0.000000 0.000000 0.000000
3606.03 0.132437 0.013521 0.132437 0.000000 0.000000 0.000000 0.000000
3611.03 0.134021 0.000000 0.134021 0.000000 0.000000 0.000000 0.000000
3616.03 0.138009 0.000000 0.138009 0.000000 0.000000 0.000000 0.000000
3621.03 0.152726 0.000000 0.152726 0.000000 0.000000 0.000000 0.000000
3626.03 0.174641 0.000000 0.174641 0.000000 0.000000 0.000000 0.000000
3631.03 0.179526 0.000000 0.179526 0.000000 0.000000 0.000000 0.000000
3636.04 0.179748 0.000000 0.179748 0.000000 0.000000 0.000000 0.000000
3641.04 0.190337 0.000000 0.190337 0.000000 0.000000 0.000000 0.000000
3646.04 0.187904 0.000000 0.187904 0.000000 0.000000 0.000000 0.000000
3651.04 0.192598 0.000000 0.192598 0.000000 0.000000 0.000000 0.000000
3656.04 0.223840 0.000000 0.223840 0.000000 0.000000 0.000000 0.000000
3661.04 0.246138 0.000000 0.246138 0.000000 0.000000 0.000000 0.000000
3666.04 0.241606 0.000000 0.241606 0.000000 0.000000 0.000000 0.000000
3671.05 0.231734 0.000000 0.231734 0.000000 0.000000 0.000000 0.000000
3676.05 0.224991 0.000000 0.224991 0.000000 0.000000 0.000000 0.000000
3681.05 0.211777 0.000000 0.211777 0.000000 0.000000 0.000000 0.000000
3686.05 0.200966 0.000000 0.200966 0.000000 0.000000 0.000000 0.000000
3691.05 0.209607 0.000000 0.209607 0.000000 0.000000 0.000000 0.000000
3696.05 0.229271 0.000000 0.229271 0.000000 0.000000 0.000000 0.000000
3701.05 0.229362 0.000000 0.229362 0.000000 0.000000 0.000000 0.000000
3706.05 0.206801 0.000000 0.206801 0.000000 0.000000 0.000000 0.000000
3711.06 0.201935 0.000000 0.201935 0.000000 0.000000 0.000000 0.000000
3716.06 0.204116 0.000000 0.204116 0.000000 0.000000 0.000000 0.000000
3721.06 0.179920 0.000000 0.179920 0.000000 0.000000 0.000000 0.000000
3726.06 0.163830 0.000000 0.163830 0.000000 0.000000 0.000000 0.000000
3731.06 0.152999 0.000000 0.152999 0.000000 0.000000 0.000000 0.000000
3736.06 0.137181 0.000000 0.137181 0.000000 0.000000 0.000000 0.000000
3741.06 0.135909 0.000000 0.135909 0.000000 0.000000 0.000000 0.000000
3746.06 0.136646 0.000000 0.136646 0.000000 0.000000 0.000000 0.000000
3751.07 0.144802 0.000000 0.144802 0.000000 0.000000 0.000000 0.000000
3756.07 0.161488 0.000000 0.161488 0.000000 0.000000 0.000000 0.000000
3761.07 0.162830 0.000000 0.162830 0.000000 0.000000 0.000000 0.000000
3766.07 0.169795 0.000000 0.169795 0.000000 0.000000 0.000000 0.000000
3771.07 0.196686 0.000000 0.196686 0.000000 0.000000 0.000000 0.000000
3776.07 0.223931 0.000000 0.223931 0.000000 0.000000 0.000000 0.000000
3781.07 0.232592 0.000000 0.232592 0.000000 0.000000 0.000000 0.000000
3786.08 0.214271 0.000000 0.214271 0.000000 0.000000 0.000000 0.000000
3791.08 0.181929 0.000000 0.181929 0.000000 0.000000 0.000000 0.000000
3796.08 0.165414 0.000000 0.165414 0.000000 0.000000 0.000000 0.000000
3801.08 0.172279 0.000000 0.172279 0.000000 0.000000 0.000000 0.000000
3806.08 0.184765 0.000000 0.184765 0.000000 0.000000 0.000000 0.000000
3811.08 0.178234 0.000000 0.178234 0.000000 0.000000 0.000000 0.000000
3816.08 0.151969 0.000000 0.151969 0.000000 0.000000 0.000000 0.000000
3821.08 0.124280 0.000000 0.124280 0.000000 0.000000 0.000000 0.000000
3826.09 0.111107 0.000000 0.111107 0.000000 0.000000 0.000000 0.000000
3831.09 0.111653 0.000000 0.111653 0.000000 0.000000 0.000000 0.000000
3836.09 0.117002 0.000000 0.117002 0.000000 0.000000 0.000000 0.000000
3841.09 0.125179 0.000000 0.125179 0.000000 0.000000 0.000000 0.000000
3846.09 0.136606 0.000000 0.136606 0.000000 0.000000 0.000000 0.000000
3851.09 0.141279 0.000000 0.141279 0.000000 0.000000 0.000000 0.000000
3856.09 0.137342 0.000000 0.137342 0.000000 0.000000 0.000000 0.000000
3861.09 0.134849 0.000000 0.134849 0.000000 0.000000 0.000000 0.000000
3866.10 0.137161 0.000000 0.137161 0.000000 0.000000 0.000000 0.000000
3871.10 0.138534 0.000000 0.138534 0.000000 0.000000 0.000000 0.000000
3876.10 0.143571 0.000000 0.143571 0.000000 0.000000 0.000000 0.000000
3881.10 0.152282 0.000000 0.152282 0.000000 0.000000 0.000000 0.000000
3886.10 0.169180 0.000000 0.169180 0.000000 0.000000 0.000000 0.000000
3891.10 0.199846 0.000000 0.199846 0.000000 0.000000 0.000000 0.000000
3896.10 0.225576 0.000000 0.225576 0.000000 0.000000 0.000000 0.000000
3901.10 0.231946 0.000000 0.231946 0.000000 0.000000 0.000000 0.000000
3906.11 0.236468 0.000000 0.236468 0.000000 0.000000 0.000000 0.000000
3911.11 0.248076 0.000000 0.248076 0.000000 0.000000 0.000000 0.000000
3916.11 0.243261 0.000000 0.243261 0.000000 0.000000 0.000000 0.000000
3921.11 0.210798 0.000000 0.210798 0.000000 0.000000 0.000000 0.000000
3926.11 0.168221 0.000000 0.168221 0.000000 0.000000 0.000000 0.000000
3931.11 0.125350 0.000000 0.125350 0.000000 0.000000 0.000000 0.000000
3936.11 0.111299 0.000000 0.111299 0.000000 0.000000 0.000000 0.000000
3941.12 0.142571 0.000000 0.142571 0.000000 0.000000 0.000000 0.000000
3946.12 0.192386 0.000000 0.192386 0.000000 0.000000 0.000000 0.000000
3951.12 0.234217 0.000000 0.234217 0.000000 0.000000 0.000000 0.000000
3956.12 0.244644 0.000000 0.244644 0.000000 0.000000 0.000000 0.000000
3961.12 0.209668 0.000000 0.209668 0.000000 0.000000 0.000000 0.000000
3966.12 0.156350 0.000000 0.156350 0.000000 0.000000 0.000000 0.000000
3971.12 0.147154 0.000000 0.147154 0.000000 0.000000 0.000000 0.000000
3976.12 0.205347 0.000000 0.205347 0.000000 0.000000 0.000000 0.000000
3981.13 0.282266 0.000000 0.282266 0.000000 0.000000 0.000000 0.000000
3986.13 0.335765 0.000000 0.335765 0.000000 0.000000 0.000000 0.000000
3991.13 0.364413 0.000000 0.364413 0.000000 0.000000 0.000000 0.000000
3996.13 0.381290 0.000000 0.381290 0.000000 0.000000 0.000000 0.000000
4001.13 0.398582 0.000000 0.398582 0.000000 0.000000 0.000000 0.000000
4006.13 0.411098 0.000000 0.411098 0.000000 0.000000 0.000000 0.000000
4011.13 0.427391 0.000000 0.427391 0.000000 0.000000 0.000000 0.000000
4016.13 0.448245 0.000000 0.448245 0.000000 0.000000 0.000000 0.000000
4021.14 0.453928 0.000000 0.453928 0.000000 0.000000 0.000000 0.000000
4026.14 0.440442 0.000000 0.440442 0.000000 0.000000 0.000000 0.000000
4031.14 0.414298 0.000000 0.414298 0.000000 0.000000 0.000000 0.000000
4036.14 0.403457 0.000000 0.403457 0.000000 0.000000 0.000000 0.000000
4041.14 0.405082 0.000000 0.405082 0.000000 0.000000 0.000000 0.000000
4046.14 0.395432 0.000000 0.395432 0.000000 0.000000 0.000000 0.000000
4051.14 0.400086 0.000000 0.400086 0.000000 0.000000 0.000000 0.000000
4056.15 0.396492 0.000000 0.396492 0.000000 0.000000 0.000000 0.000000
4061.15 0.376849 0.000000 0.376849 0.000000 0.000000 0.000000 0.000000
4066.15 0.373841 0.000000 0.373841 0.000000 0.000000 0.000000 0.000000
4071.15 0.385409 0.000000 0.385409 0.000000 0.000000 0.000000 0.000000
4076.15 0.395654 0.000000 0.395654 0.000000 0.000000 0.000000 0.000000
4081.15 0.422273 0.000000 0.422273 0.000000 0.000000 0.000000 0.000000
4086.15 0.457855 0.000000 0.457855 0.000000 0.000000 0.000000 0.000000
4091.15 0.468414 0.000000 0.468414 0.000000 0.000000 0.000000 0.000000
4096.16 0.443743 0.000000 0.443743 0.000000 0.000000 0.000000 0.000000
4101.16 0.416075 0.000000 0.416075 0.000000 0.000000 0.000000 0.000000
4106.16 0.418518 0.000000 0.418518 0.000000 0.000000 0.000000 0.000000
4111.16 0.429006 0.000000 0.429006 0.000000 0.000000 0.000000 0.000000
4116.16 0.427179 0.000000 0.427179 0.000000 0.000000 0.000000 0.000000
4121.16 0.419709 0.000000 0.419709 0.000000 0.000000 0.000000 0.000000
4126.16 0.410129 0.000000 0.410129 0.000000 0.000000 0.000000 0.000000
4131.17 0.395321 0.000000 0.395321 0.000000 0.000000 0.000000 0.000000
4136.17 0.388568 0.000000 0.388568 0.000000 0.000000 0.000000 0.000000
4141.17 0.383016 0.000000 0.383016 0.000000 0.000000 0.000000 0.000000
4146.17 0.366835 0.000000 0.366835 0.000000 0.000000 0.000000 0.000000
4151.17 0.359941 0.000000 0.359941 0.000000 0.000000 0.000000 0.000000
4156.17 0.368884 0.000000 0.368884 0.000000 0.000000 0.000000 0.000000
4161.17 0.390870 0.000000 0.390870 0.000000 0.000000 0.000000 0.000000
4166.17 0.401539 0.000000 0.401539 0.000000 0.000000 0.000000 0.000000
4171.18 0.385479 0.000000 0.385479 0.000000 0.000000 0.000000 0.000000
4176.18 0.367279 0.000000 0.367279 0.000000 0.000000 0.000000 0.000000
4181.18 0.375839 0.000000 0.375839 0.000000 0.000000 0.000000 0.000000
4186.18 0.398450 0.000000 0.398450 0.000000 0.000000 0.000000 0.000000
4191.18 0.408716 0.000000 0.408716 0.000000 0.000000 0.000000 0.000000
4196.18 0.399480 0.000000 0.399480 0.000000 0.000000 0.000000 0.000000
4201.18 0.390476 0.000000 0.390476 0.000000 0.000000 0.000000 0.000000
4206.18 0.407899 0.000000 0.407899 0.000000 0.000000 0.000000 0.000000
4211.19 0.437364 0.000000 0.437364 0.000000 0.000000 0.000000 0.000000
4216.19 0.465123 0.000000 0.465123 0.000000 0.000000 0.000000 0.000000
4221.19 0.475106 0.000000 0.475106 0.000000 0.000000 0.000000 0.000000
4226.19 0.444298 0.000000 0.444298 0.000000 0.000000 0.000000 0.000000
4231.19 0.439766 0.000000 0.439766 0.000000 0.000000 0.000000 0.000000
4236.19 0.476640 0.000000 0.476640 0.000000 0.000000 0.000000 0.000000
4241.19 0.517411 0.000000 0.517411 0.000000 0.000000 0.000000 0.000000
4246.20 0.534995 0.000000 0.534995 0.000000 0.000000 0.000000 0.000000
4251.20 0.510224 0.000000 0.510224 0.000000 0.000000 0.000000 0.000000
4256.20 0.493861 0.000000 0.493861 0.000000 0.000000 0.000000 0.000000
4261.20 0.512576 0.000000 0.512576 0.000000 0.000000 0.000000 0.000000
4266.20 0.526607 0.000000 0.526607 0.000000 0.000000 0.000000 0.000000
4271.20 0.495608 0.000000 0.495608 0.000000 0.000000 0.000000 0.000000
4276.20 0.480698 0.000000 0.480698 0.000000 0.000000 0.000000 0.000000
4281.20 0.504591 0.000000 0.504591 0.000000 0.000000 0.000000 0.000000
4286.21 0.503703 0.000000 0.503703 0.000000 0.000000 0.000000 0.000000
4291.21 0.479467 0.000000 0.479467 0.000000 0.000000 0.000000 0.000000
4296.21 0.454827 0.000000 0.454827 0.000000 0.000000 0.000000 0.000000
4301.21 0.418487 0.000000 0.418487 0.000000 0.000000 0.000000 0.000000
4306.21 0.394998 0.000000 0.394998 0.000000 0.000000 0.000000 0.000000
4311.21 0.439019 0.000000 0.439019 0.000000 0.000000 0.000000 0.000000
4316.21 0.541153 0.000000 0.541153 0.000000 0.000000 0.000000 0.000000
4321.21 0.596378 0.000000 0.596378 0.000000 0.000000 0.000000 0.000000
4326.22 0.592583 0.000000 0.592583 0.000000 0.000000 0.000000 0.000000
4331.22 0.618697 0.000000 0.618697 0.000000 0.000000 0.000000 0.000000
4336.22 0.636866 0.000000 0.636866 0.000000 0.000000 0.000000 0.000000
4341.22 0.619726 0.000000 0.619726 0.000000 0.000000 0.000000 0.000000
4346.22 0.633121 0.000000 0.633121 0.000000 0.000000 0.000000 0.000000
4351.22 0.653552 0.000000 0.653552 0.000000 0.000000 0.000000 0.000000
4356.22 0.664878 0.000000 0.664878 0.000000 0.000000 0.000000 0.000000
4361.23 0.691194 0.000000 0.691194 0.000000 0.000000 0.000000 0.000000
4366.23 0.705114 0.000000 0.705114 0.000000 0.000000 0.000000 0.000000
4371.23 0.680302 0.000000 0.680302 0.000000 0.000000 0.000000 0.000000
4376.23 0.636634 0.000000 0.636634 0.000000 0.000000 0.000000 0.000000
4381.23 0.581550 0.000000 0.581550 0.000000 0.000000 0.000000 0.000000
4386.23 0.538700 0.000000 0.538700 0.000000 0.000000 0.000000 0.000000
4391.23 0.559585 0.000000 0.559585 0.000000 0.000000 0.000000 0.000000
4396.23 0.605049 0.000000 0.605049 0.000000 0.000000 0.000000 0.000000
4401.24 0.612156 0.000000 0.612156 0.000000 0.000000 0.000000 0.000000
4406.24 0.591382 0.000000 0.591382 0.000000 0.000000 0.000000 0.000000
4411.24 0.606866 0.000000 0.606866 0.000000 0.000000 0.000000 0.000000
4416.24 0.638966 0.000000 0.638966 0.000000 0.000000 0.000000 0.000000
4421.24 0.655379 0.000000 0.655379 0.000000 0.000000 0.000000 0.000000
4426.24 0.660447 0.000000 0.660447 0.000000 0.000000 0.000000 0.000000
4431.24 0.656480 0.000000 0.656480 0.000000 0.000000 0.000000 0.000000
4436.25 0.659780 0.000000 0.659780 0.000000 0.000000 0.000000 0.000000
4441.25 0.681160 0.000000 0.681160 0.000000 0.000000 0.000000 0.000000
4446.25 0.704659 0.000000 0.704659 0.000000 0.000000 0.000000 0.000000
4451.25 0.705649 0.000000 0.705649 0.000000 0.000000 0.000000 0.000000
4456.25 0.667624 0.000000 0.667624 0.000000 0.000000 0.000000 0.000000
4461.25 0.640722 0.000000 0.640722 0.000000 0.000000 0.000000 0.000000
4466.25 0.662506 0.000000 0.662506 0.000000 0.000000 0.000000 0.000000
4471.25 0.709908 0.000000 0.709908 0.000000 0.000000 0.000000 0.000000
4476.26 0.754495 0.000000 0.754495 0.000000 0.000000 0.000000 0.000000
4481.26 0.771029 0.000000 0.771029 0.000000 0.000000 0.000000 0.000000
4486.26 0.769172 0.000000 0.769172 0.000000 0.000000 0.000000 0.000000
4491.26 0.753909 0.000000 0.753909 0.000000 0.000000 0.000000 0.000000
4496.26 0.750921 0.000000 0.750921 0.000000 0.000000 0.000000 0.000000
4501.26 0.786695 0.000000 0.786695 0.000000 0.000000 0.000000 0.000000
4506.26 0.838893 0.000000 0.838893 0.000000 0.000000 0.000000 0.000000
4511.27 0.838651 0.000000 0.838651 0.000000 0.000000 0.000000 0.000000
4516.27 0.812658 0.000000 0.812658 0.000000 0.000000 0.000000 0.000000
4521.27 0.792601 0.000000 0.792601 0.000000 0.000000 0.000000 0.000000
4526.27 0.737597 0.000000 0.737597 0.000000 0.000000 0.000000 0.000000
4531.27 0.698441 0.000000 0.698441 0.000000 0.000000 0.000000 0.000000
4536.27 0.722516 0.000000 0.722516 0.000000 0.000000 0.000000 0.000000
4541.27 0.752940 0.000000 0.752940 0.000000 0.000000 0.000000 0.000000
4546.27 0.758997 0.000000 0.758997 0.000000 0.000000 0.000000 0.000000
4551.28 0.756726 0.000000 0.756726 0.000000 0.000000 0.000000 0.000000
4556.28 0.781416 0.000000 0.781416 0.000000 0.000000 0.000000 0.000000
4561.28 0.809529 0.000000 0.809529 0.000000 0.000000 0.000000 0.000000
4566.28 0.815555 0.000000 0.815555 0.000000 0.000000 0.000000 0.000000
4571.28 0.819805 0.000000 0.819805 0.000000 0.000000 0.000000 0.000000
4576.28 0.816675 0.000000 0.816675 0.000000 0.000000 0.000000 0.000000
4581.28 0.788502 0.000000 0.788502 0.000000 0.000000 0.000000 0.000000
4586.28 0.787705 0.000000 0.787705 0.000000 0.000000 0.000000 0.000000
4591.29 0.794145 0.000000 0.794145 0.000000 0.000000 0.000000 0.000000
4596.29 0.781981 0.000000 0.781981 0.000000 0.000000 0.000000 0.000000
4601.29 0.768637 0.000000 0.768637 0.000000 0.000000 0.000000 0.000000
4606.29 0.809064 0.000000 0.809064 0.000000 0.000000 0.000000 0.000000
4611.29 0.857123 0.000000 0.857123 0.000000 0.000000 0.000000 0.000000
4616.29 0.880946 0.000000 0.880946 0.000000 0.000000 0.000000 0.000000
4621.29 0.882702 0.000000 0.882702 0.000000 0.000000 0.000000 0.000000
4626.30 0.878876 0.000000 0.878876 0.000000 0.000000 0.000000 0.000000
4631.30 0.870023 0.000000 0.870023 0.000000 0.000000 0.000000 0.000000
4636.30 0.833533 0.000000 0.833533 0.000000 0.000000 0.000000 0.000000
4641.30 0.788977 0.000000 0.788977 0.000000 0.000000 0.000000 0.000000
4646.30 0.751012 0.000000 0.751012 0.000000 0.000000 0.000000 0.000000
4651.30 0.773280 0.000000 0.773280 0.000000 0.000000 0.000000 0.000000
4656.30 0.815716 0.000000 0.815716 0.000000 0.000000 0.000000 0.000000
4661.30 0.837177 0.000000 0.837177 0.000000 0.000000 0.000000 0.000000
4666.31 0.780175 0.000000 0.780175 0.000000 0.000000 0.000000 0.000000
4671.31 0.775087 0.000000 0.775087 0.000000 0.000000 0.000000 0.000000
4676.31 0.810336 0.000000 0.810336 0.000000 0.000000 0.000000 0.000000
4681.31 0.811507 0.000000 0.811507 0.000000 0.000000 0.000000 0.000000
4686.31 0.805309 0.000000 0.805309 0.000000 0.000000 0.000000 0.000000
4691.31 0.805784 0.000000 0.805784 0.000000 0.000000 0.000000 0.000000
4696.31 0.804461 0.000000 0.804461 0.000000 0.000000 0.000000 0.000000
4701.32 0.775329 0.000000 0.775329 0.000000 0.000000 0.000000 0.000000
4706.32 0.768314 0.000000 0.768314 0.000000 0.000000 0.000000 0.000000
4711.32 0.781527 0.000000 0.781527 0.000000 0.000000 0.000000 0.000000
4716.32 0.820996 0.000000 0.820996 0.000000 0.000000 0.000000 0.000000
4721.32 0.874707 0.000000 0.874707 0.000000 0.000000 0.000000 0.000000
4726.32 0.846857 0.000000 0.846857 0.000000 0.000000 0.000000 0.000000
4731.32 0.791662 0.000000 0.791662 0.000000 0.000000 0.000000 0.000000
4736.32 0.816827 0.000000 0.816827 0.000000 0.000000 0.000000 0.000000
4741.33 0.850320 0.000000 0.850320 0.000000 0.000000 0.000000 0.000000
4746.33 0.870458 0.000000 0.870458 0.000000 0.000000 0.000000 0.000000
4751.33 0.871598 0.000000 0.871598 0.000000 0.000000 0.000000 0.000000
4756.33 0.846736 0.000000 0.846736 0.000000 0.000000 0.000000 0.000000
4761.33 0.832412 0.000000 0.832412 0.000000 0.000000 0.000000 0.000000
4766.33 0.846342 0.000000 0.846342 0.000000 0.000000 0.000000 0.000000
4771.33 0.851410 0.000000 0.851410 0.000000 0.000000 0.000000 0.000000
4776.34 0.906978 0.000000 0.906978 0.000000 0.000000 0.000000 0.000000
4781.34 0.900155 0.000000 0.900155 0.000000 0.000000 0.000000 0.000000
4786.34 0.860323 0.000000 0.860323 0.000000 0.000000 0.000000 0.000000
4791.34 0.869499 0.000000 0.869499 0.000000 0.000000 0.000000 0.000000
4796.34 0.908816 0.000000 0.908816 0.000000 0.000000 0.000000 0.000000
4801.34 0.901921 0.000000 0.901921 0.000000 0.000000 0.000000 0.000000
4806.34 0.892978 0.000000 0.892978 0.000000 0.000000 0.000000 0.000000
4811.34 0.885256 0.000000 0.885256 0.000000 0.000000 0.000000 0.000000
4816.35 0.919919 0.000000 0.919919 0.000000 0.000000 0.000000 0.000000
4821.35 0.934183 0.000000 0.934183 0.000000 0.000000 0.000000 0.000000
4826.35 0.904364 0.000000 0.904364 0.000000 0.000000 0.000000 0.000000
4831.35 0.888536 0.000000 0.888536 0.000000 0.000000 0.000000 0.000000
4836.35 0.890636 0.000000 0.890636 0.000000 0.000000 0.000000 0.000000
4841.35 0.876766 0.000000 0.876766 0.000000 0.000000 0.000000 0.000000
4846.35 0.874667 0.000000 0.874667 0.000000 0.000000 0.000000 0.000000
4851.36 0.878028 0.000000 0.878028 0.000000 0.000000 0.000000 0.000000
4856.36 0.833179 0.000000 0.833179 0.000000 0.000000 0.000000 0.000000
4861.36 0.760198 0.000000 0.760198 0.000000 0.000000 0.000000 0.000000
4866.36 0.772029 0.000000 0.772029 0.000000 0.000000 0.000000 0.000000
4871.36 0.796699 0.000000 0.796699 0.000000 0.000000 0.000000 0.000000
4876.36 0.817331 0.000000 0.817331 0.000000 0.000000 0.000000 0.000000
4881.36 0.859677 0.000000 0.859677 0.000000 0.000000 0.000000 0.000000
4886.36 0.819381 0.000000 0.819381 0.000000 0.000000 0.000000 0.000000
4891.37 0.814515 0.000000 0.814515 0.000000 0.000000 0.000000 0.000000
4896.37 0.894956 0.000000 0.894956 0.000000 0.000000 0.000000 0.000000
4901.37 0.926884 0.000000 0.926884 0.000000 0.000000 0.000000 0.000000
4906.37 0.906555 0.000000 0.906555 0.000000 0.000000 0.000000 0.000000
4911.37 0.882096 0.000000 0.882096 0.000000 0.000000 0.000000 0.000000
4916.37 0.859354 0.000000 0.859354 0.000000 0.000000 0.000000 0.000000
4921.37 0.803058 0.000000 0.803058 0.000000 0.000000 0.000000 0.000000
4926.37 0.833280 0.000000 0.833280 0.000000 0.000000 0.000000 0.000000
4931.38 0.909674 0.000000 0.909674 0.000000 0.000000 0.000000 0.000000
4936.38 0.880269 0.000000 0.880269 0.000000 0.000000 0.000000 0.000000
4941.38 0.863765 0.000000 0.863765 0.000000 0.000000 0.000000 0.000000
4946.38 0.929277 0.000000 0.929277 0.000000 0.000000 0.000000 0.000000
4951.38 0.957843 0.000000 0.957843 0.000000 0.000000 0.000000 0.000000
4956.38 0.922766 0.000000 0.922766 0.000000 0.000000 0.000000 0.000000
4961.38 0.913166 0.000000 0.913166 0.000000 0.000000 0.000000 0.000000
4966.39 0.916911 0.000000 0.916911 0.000000 0.000000 0.000000 0.000000
4971.39 0.916467 0.000000 0.916467 0.000000 0.000000 0.000000 0.000000
4976.39 0.932073 0.000000 0.932073 0.000000 0.000000 0.000000 0.000000
4981.39 0.864774 0.000000 0.864774 0.000000 0.000000 0.000000 0.000000
4986.39 0.832301 0.000000 0.832301 0.000000 0.000000 0.000000 0.000000
4991.39 0.879361 0.000000 0.879361 0.000000 0.000000 0.000000 0.000000
4996.39 0.885104 0.000000 0.885104 0.000000 0.000000 0.000000 0.000000
5001.39 0.848543 0.000000 0.848543 0.000000 0.000000 0.000000 0.000000
5006.40 0.813647 0.000000 0.813647 0.000000 0.000000 0.000000 0.000000
5011.40 0.806026 0.000000 0.806026 0.000000 0.000000 0.000000 0.000000
5016.40 0.786786 0.000000 0.786786 0.000000 0.000000 0.000000 0.000000
5021.40 0.797506 0.000000 0.797506 0.000000 0.000000 0.000000 0.000000
5026.40 0.833926 0.000000 0.833926 0.000000 0.000000 0.000000 0.000000
5031.40 0.882389 0.000000 0.882389 0.000000 0.000000 0.000000 0.000000
5036.40 0.882954 0.000000 0.882954 0.000000 0.000000 0.000000 0.000000
5041.41 0.817816 0.000000 0.817816 0.000000 0.000000 0.000000 0.000000
5046.41 0.851390 0.000000 0.851390 0.000000 0.000000 0.000000 0.000000
5051.41 0.880885 0.000000 0.880885 0.000000 0.000000 0.000000 0.000000
5056.41 0.907433 0.000000 0.907433 0.000000 0.000000 0.000000 0.000000
5061.41 0.947790 0.000000 0.947790 0.000000 0.000000 0.000000 0.000000
5066.41 0.909048 0.000000 0.909048 0.000000 0.000000 0.000000 0.000000
5071.41 0.877766 0.000000 0.877766 0.000000 0.000000 0.000000 0.000000
5076.41 0.867904 0.000000 0.867904 0.000000 0.000000 0.000000 0.000000
5081.42 0.824731 0.000000 0.824731 0.000000 0.000000 0.000000 0.000000
5086.42 0.845414 0.000000 0.845414 0.000000 0.000000 0.000000 0.000000
5091.42 0.911067 0.000000 0.911067 0.000000 0.000000 0.000000 0.000000
5096.42 0.905162 0.000000 0.905162 0.000000 0.000000 0.000000 0.000000
5101.42 0.864552 0.000000 0.864552 0.000000 0.000000 0.000000 0.000000
5106.42 0.859788 0.000000 0.859788 0.000000 0.000000 0.000000 0.000000
5111.42 0.858223 0.000000 0.858223 0.000000 0.000000 0.000000 0.000000
5116.43 0.899034 0.000000 0.899034 0.000000 0.000000 0.000000 0.000000
5121.43 0.894502 0.000000 0.894502 0.000000 0.000000 0.000000 0.000000
5126.43 0.822278 0.000000 0.822278 0.000000 0.000000 0.000000 0.000000
5131.43 0.826477 0.000000 0.826477 0.000000 0.000000 0.000000 0.000000
5136.43 0.860717 0.000000 0.860717 0.000000 0.000000 0.000000 0.000000
5141.43 0.835350 0.000000 0.835350 0.000000 0.000000 0.000000 0.000000
5146.43 0.812749 0.000000 0.812749 0.000000 0.000000 0.000000 0.000000
5151.43 0.811729 0.000000 0.811729 0.000000 0.000000 0.000000 0.000000
5156.44 0.847776 0.000000 0.847776 0.000000 0.000000 0.000000 0.000000
5161.44 0.865148 0.000000 0.865148 0.000000 0.000000 0.000000 0.000000
5166.44 0.752799 0.000000 0.752799 0.000000 0.000000 0.000000 0.000000
5171.44 0.654976 0.000000 0.654976 0.000000 0.000000 0.000000 0.000000
5176.44 0.724606 0.000000 0.724606 0.000000 0.000000 0.000000 0.000000
5181.44 0.769919 0.000000 0.769919 0.000000 0.000000 0.000000 0.000000
5186.44 0.759572 0.000000 0.759572 0.000000 0.000000 0.000000 0.000000
5191.45 0.818442 0.000000 0.818442 0.000000 0.000000 0.000000 0.000000
5196.45 0.844414 0.000000 0.844414 0.000000 0.000000 0.000000 0.000000
5201.45 0.861080 0.000000 0.861080 0.000000 0.000000 0.000000 0.000000
5206.45 0.819391 0.000000 0.819391 0.000000 0.000000 0.000000 0.000000
5211.45 0.801524 0.000000 0.801524 0.000000 0.000000 0.000000 0.000000
5216.45 0.869478 0.000000 0.869478 0.000000 0.000000 0.000000 0.000000
5221.45 0.891181 0.000000 0.891181 0.000000 0.000000 0.000000 0.000000
5226.45 0.835299 0.000000 0.835299 0.000000 0.000000 0.000000 0.000000
5231.46 0.844142 0.000000 0.844142 0.000000 0.000000 0.000000 0.000000
5236.46 0.903062 0.000000 0.903062 0.000000 0.000000 0.000000 0.000000
5241.46 0.943449 0.000000 0.943449 0.000000 0.000000 0.000000 0.000000
5246.46 0.926884 0.000000 0.926884 0.000000 0.000000 0.000000 0.000000
5251.46 0.880027 0.000000 0.880027 0.000000 0.000000 0.000000 0.000000
5256.46 0.897076 0.000000 0.897076 0.000000 0.000000 0.000000 0.000000
5261.46 0.892211 0.000000 0.892211 0.000000 0.000000 0.000000 0.000000
5266.47 0.781477 0.000000 0.781477 0.000000 0.000000 0.000000 0.000000
5271.47 0.756110 0.000000 0.756110 0.000000 0.000000 0.000000 0.000000
5276.47 0.857103 0.000000 0.857103 0.000000 0.000000 0.000000 0.000000
5281.47 0.925946 0.000000 0.925946 0.000000 0.000000 0.000000 0.000000
5286.47 0.959499 0.000000 0.959499 0.000000 0.000000 0.000000 0.000000
5291.47 1.001198 0.000000 1.001198 0.000000 0.000000 0.000000 0.000000
5296.47 0.958136 0.000000 0.958136 0.000000 0.000000 0.000000 0.000000
5301.47 0.923695 0.000000 0.923695 0.000000 0.000000 0.000000 0.000000
5306.48 0.995980 0.000000 0.995980 0.000000 0.000000 0.000000 0.000000
5311.48 1.042181 0.000000 1.042181 0.000000 0.000000 0.000000 0.000000
5316.48 1.018762 0.000000 1.018762 0.000000 0.000000 0.000000 0.000000
5321.48 0.973146 0.000000 0.973146 0.000000 0.000000 0.000000 0.000000
5326.48 0.901810 0.000000 0.901810 0.000000 0.000000 0.000000 0.000000
5331.48 0.881410 0.000000 0.881410 0.000000 0.000000 0.000000 0.000000
5336.48 0.951454 0.000000 0.951454 0.000000 0.000000 0.000000 0.000000
5341.49 0.969028 0.000000 0.969028 0.000000 0.000000 0.000000 0.000000
5346.49 0.956239 0.000000 0.956239 0.000000 0.000000 0.000000 0.000000
5351.49 0.987652 0.000000 0.987652 0.000000 0.000000 0.000000 0.000000
5356.49 1.048944 0.000000 1.048944 0.000000 0.000000 0.000000 0.000000
5361.49 1.059947 0.000000 1.059947 0.000000 0.000000 0.000000 0.000000
5366.49 0.996091 0.000000 0.996091 0.000000 0.000000 0.000000 0.000000
5371.49 0.949485 0.000000 0.949485 0.000000 0.000000 0.000000 0.000000
5376.49 0.983109 0.000000 0.983109 0.000000 0.000000 0.000000 0.000000
5381.50 1.020438 0.000000 1.020438 0.000000 0.000000 0.000000 0.000000
5386.50 1.000774 0.000000 1.000774 0.000000 0.000000 0.000000 0.000000
5391.50 0.956662 0.000000 0.956662 0.000000 0.000000 0.000000 0.000000
5396.50 0.914711 0.000000 0.914711 0.000000 0.000000 0.000000 0.000000
5401.50 0.904253 0.000000 0.904253 0.000000 0.000000 0.000000 0.000000
5406.50 0.889283 0.000000 0.889283 0.000000 0.000000 0.000000 0.000000
5411.50 0.912652 0.000000 0.912652 0.000000 0.000000 0.000000 0.000000
5416.51 0.988792 0.000000 0.988792 0.000000 0.000000 0.000000 0.000000
5421.51 1.005781 0.000000 1.005781 0.000000 0.000000 0.000000 0.000000
5426.51 0.982201 0.000000 0.982201 0.000000 0.000000 0.000000 0.000000
5431.51 0.948527 0.000000 0.948527 0.000000 0.000000 0.000000 0.000000
5436.51 0.941834 0.000000 0.941834 0.000000 0.000000 0.000000 0.000000
5441.51 1.004762 0.000000 1.004762 0.000000 0.000000 0.000000 0.000000
5446.51 1.009425 0.000000 1.009425 0.000000 0.000000 0.000000 0.000000
5451.51 0.988379 0.000000 0.988379 0.000000 0.000000 0.000000 0.000000
5456.52 0.990761 0.000000 0.990761 0.000000 0.000000 0.000000 0.000000
5461.52 1.000431 0.000000 1.000431 0.000000 0.000000 0.000000 0.000000
5466.52 1.002531 0.000000 1.002531 0.000000 0.000000 0.000000 0.000000
5471.52 0.984906 0.000000 0.984906 0.000000 0.000000 0.000000 0.000000
5476.52 0.944842 0.000000 0.944842 0.000000 0.000000 0.000000 0.000000
5481.52 0.940401 0.000000 0.940401 0.000000 0.000000 0.000000 0.000000
5486.52 0.974933 0.000000 0.974933 0.000000 0.000000 0.000000 0.000000
5491.53 0.990014 0.000000 0.990014 0.000000 0.000000 0.000000 0.000000
5496.53 0.998685 0.000000 0.998685 0.000000 0.000000 0.000000 0.000000
5501.53 1.000593 0.000000 1.000593 0.000000 0.000000 0.000000 0.000000
5506.53 0.979708 0.000000 0.979708 0.000000 0.000000 0.000000 0.000000
5511.53 0.965747 0.000000 0.965747 0.000000 0.000000 0.000000 0.000000
5516.53 0.974327 0.000000 0.974327 0.000000 0.000000 0.000000 0.000000
5521.53 1.011868 0.000000 1.011868 0.000000 0.000000 0.000000 0.000000
5526.53 1.007941 0.000000 1.007941 0.000000 0.000000 0.000000 0.000000
5531.54 0.989418 0.000000 0.989418 0.000000 0.000000 0.000000 0.000000
5536.54 0.998806 0.000000 0.998806 0.000000 0.000000 0.000000 0.000000
5541.54 1.017904 0.000000 1.017904 0.000000 0.000000 0.000000 0.000000
5546.54 1.032521 0.000000 1.032521 0.000000 0.000000 0.000000 0.000000
5551.54 1.047521 0.000000 1.047521 0.000000 0.000000 0.000000 0.000000
5556.54 1.040707 0.000000 1.040707 0.000000 0.000000 0.000000 0.000000
5561.54 1.017763 0.000000 1.017763 0.000000 0.000000 0.000000 0.000000
5566.55 0.998412 0.000000 0.998412 0.000000 0.000000 0.000000 0.000000
5571.55 0.994879 0.000000 0.994879 0.000000 0.000000 0.000000 0.000000
5576.55 1.014624 0.000000 1.014624 0.000000 0.000000 0.000000 0.000000
5581.55 1.019035 0.000000 1.019035 0.000000 0.000000 0.000000 0.000000
5586.55 0.966464 0.000000 0.966464 0.000000 0.000000 0.000000 0.000000
5591.55 0.933123 0.000000 0.933123 0.000000 0.000000 0.000000 0.000000
5596.55 0.967201 0.000000 0.967201 0.000000 0.000000 0.000000 0.000000
5601.55 0.985280 0.000000 0.985280 0.000000 0.000000 0.000000 0.000000
5606.56 1.016461 0.000000 1.016461 0.000000 0.000000 0.000000 0.000000
5611.56 1.054799 0.000000 1.054799 0.000000 0.000000 0.000000 0.000000
5616.56 1.013806 0.000000 1.013806 0.000000 0.000000 0.000000 0.000000
5621.56 0.984169 0.000000 0.984169 0.000000 0.000000 0.000000 0.000000
5626.56 0.993658 0.000000 0.993658 0.000000 0.000000 0.000000 0.000000
5631.56 1.025101 0.000000 1.025101 0.000000 0.000000 0.000000 0.000000
5636.56 1.022134 0.000000 1.022134 0.000000 0.000000 0.000000 0.000000
5641.57 0.989004 0.000000 0.989004 0.000000 0.000000 0.000000 0.000000
5646.57 0.993082 0.000000 0.993082 0.000000 0.000000 0.000000 0.000000
5651.57 1.004923 0.000000 1.004923 0.000000 0.000000 0.000000 0.000000
5656.57 0.983907 0.000000 0.983907 0.000000 0.000000 0.000000 0.000000
5661.57 0.958076 0.000000 0.958076 0.000000 0.000000 0.000000 0.000000
5666.57 0.984018 0.000000 0.984018 0.000000 0.000000 0.000000 0.000000
5671.57 1.017965 0.000000 1.017965 0.000000 0.000000 0.000000 0.000000
5676.57 1.051235 0.000000 1.051235 0.000000 0.000000 0.000000 0.000000
5681.58 1.036003 0.000000 1.036003 0.000000 0.000000 0.000000 0.000000
5686.58 1.004166 0.000000 1.004166 0.000000 0.000000 0.000000 0.000000
5691.58 1.017985 0.000000 1.017985 0.000000 0.000000 0.000000 0.000000
5696.58 1.030199 0.000000 1.030199 0.000000 0.000000 0.000000 0.000000
5701.58 0.989216 0.000000 0.989216 0.000000 0.000000 0.000000 0.000000
5706.58 0.946417 0.000000 0.946417 0.000000 0.000000 0.000000 0.000000
5711.58 0.937423 0.000000 0.937423 0.000000 0.000000 0.000000 0.000000
5716.59 0.994092 0.000000 0.994092 0.000000 0.000000 0.000000 0.000000
5721.59 1.059583 0.000000 1.059583 0.000000 0.000000 0.000000 0.000000
5726.59 1.065216 0.000000 1.065216 0.000000 0.000000 0.000000 0.000000
5731.59 1.049116 0.000000 1.049116 0.000000 0.000000 0.000000 0.000000
5736.59 1.050287 0.000000 1.050287 0.000000 0.000000 0.000000 0.000000
5741.59 1.052003 0.000000 1.052003 0.000000 0.000000 0.000000 0.000000
5746.59 1.048389 0.000000 1.048389 0.000000 0.000000 0.000000 0.000000
5751.59 1.031501 0.000000 1.031501 0.000000 0.000000 0.000000 0.000000
5756.60 1.018025 0.000000 1.018025 0.000000 0.000000 0.000000 0.000000
5761.60 1.028594 0.000000 1.028594 0.000000 0.000000 0.000000 0.000000
5766.60 1.053113 0.000000 1.053113 0.000000 0.000000 0.000000 0.000000
5771.60 1.072151 0.000000 1.072151 0.000000 0.000000 0.000000 0.000000
5776.60 1.048177 0.000000 1.048177 0.000000 0.000000 0.000000 0.000000
5781.60 0.990549 0.000000 0.990549 0.000000 0.000000 0.000000 0.000000
5786.60 0.956814 0.000000 0.956814 0.000000 0.000000 0.000000 0.000000
5791.61 1.003268 0.000000 1.003268 0.000000 0.000000 0.000000 0.000000
5796.61 1.040334 0.000000 1.040334 0.000000 0.000000 0.000000 0.000000
5801.61 1.055909 0.000000 1.055909 0.000000 0.000000 0.000000 0.000000
5806.61 1.054597 0.000000 1.054597 0.000000 0.000000 0.000000 0.000000
5811.61 1.055011 0.000000 1.055011 0.000000 0.000000 0.000000 0.000000
5816.61 1.066114 0.000000 1.066114 0.000000 0.000000 0.000000 0.000000
5821.61 1.087050 0.000000 1.087050 0.000000 0.000000 0.000000 0.000000
5826.62 1.097336 0.000000 1.097336 0.000000 0.000000 0.000000 0.000000
5831.62 1.091663 0.000000 1.091663 0.000000 0.000000 0.000000 0.000000
5836.62 1.079499 0.000000 1.079499 0.000000 0.000000 0.000000 0.000000
5841.62 1.086555 0.000000 1.086555 0.000000 0.000000 0.000000 0.000000
5846.62 1.085627 0.000000 1.085627 0.000000 0.000000 0.000000 0.000000
5851.62 1.057635 0.000000 1.057635 0.000000 0.000000 0.000000 0.000000
5856.62 1.028180 0.000000 1.028180 0.000000 0.000000 0.000000 0.000000
5861.62 1.028715 0.000000 1.028715 0.000000 0.000000 0.000000 0.000000
5866.63 1.055102 0.000000 1.055102 0.000000 0.000000 0.000000 0.000000
5871.63 1.078520 0.000000 1.078520 0.000000 0.000000 0.000000 0.000000
5876.63 1.075633 0.000000 1.075633 0.000000 0.000000 0.000000 0.000000
5881.63 1.050812 0.000000 1.050812 0.000000 0.000000 0.000000 0.000000
5886.63 0.977305 0.000000 0.977305 0.000000 0.000000 0.000000 0.000000
5891.63 0.848260 0.000000 0.848260 0.000000 0.000000 0.000000 0.000000
5896.63 0.834542 0.000000 0.834542 0.000000 0.000000 0.000000 0.000000
5901.64 0.956239 0.000000 0.956239 0.000000 0.000000 0.000000 0.000000
5906.64 1.046178 0.000000 1.046178 0.000000 0.000000 0.000000 0.000000
5911.64 1.059523 0.000000 1.059523 0.000000 0.000000 0.000000 0.000000
5916.64 1.048924 0.000000 1.048924 0.000000 0.000000 0.000000 0.000000
5921.64 1.057343 0.000000 1.057343 0.000000 0.000000 0.000000 0.000000
5926.64 1.070344 0.000000 1.070344 0.000000 0.000000 0.000000 0.000000
5931.64 1.062884 0.000000 1.062884 0.000000 0.000000 0.000000 0.000000
5936.64 1.056182 0.000000 1.056182 0.000000 0.000000 0.000000 0.000000
5941.65 1.055485 0.000000 1.055485 0.000000 0.000000 0.000000 0.000000
5946.65 1.062046 0.000000 1.062046 0.000000 0.000000 0.000000 0.000000
5951.65 1.055142 0.000000 1.055142 0.000000 0.000000 0.000000 0.000000
5956.65 1.050953 0.000000 1.050953 0.000000 0.000000 0.000000 0.000000
5961.65 1.063530 0.000000 1.063530 0.000000 0.000000 0.000000 0.000000
5966.65 1.081165 0.000000 1.081165 0.000000 0.000000 0.000000 0.000000
5971.65 1.092582 0.000000 1.092582 0.000000 0.000000 0.000000 0.000000
5976.66 1.072635 0.000000 1.072635 0.000000 0.000000 0.000000 0.000000
5981.66 1.047975 0.000000 1.047975 0.000000 0.000000 0.000000 0.000000
5986.66 1.037618 0.000000 1.037618 0.000000 0.000000 0.000000 0.000000
5991.66 1.051629 0.000000 1.051629 0.000000 0.000000 0.000000 0.000000
5996.66 1.055152 0.000000 1.055152 0.000000 0.000000 0.000000 0.000000
6001.66 1.045633 0.000000 1.045633 0.000000 0.000000 0.000000 0.000000
6006.66 1.034307 0.000000 1.034307 0.000000 0.000000 0.000000 0.000000
6011.66 1.027686 0.000000 1.027686 0.000000 0.000000 0.000000 0.000000
6016.67 1.021488 0.000000 1.021488 0.000000 0.000000 0.000000 0.000000
6021.67 1.019287 0.000000 1.019287 0.000000 0.000000 0.000000 0.000000
6026.67 1.041454 0.000000 1.041454 0.000000 0.000000 0.000000 0.000000
6031.67 1.071898 0.000000 1.071898 0.000000 0.000000 0.000000 0.000000
6036.67 1.088019 0.000000 1.088019 0.000000 0.000000 0.000000 0.000000
6041.67 1.087504 0.000000 1.087504 0.000000 0.000000 0.000000 0.000000
6046.67 1.090987 0.000000 1.090987 0.000000 0.000000 0.000000 0.000000
6051.68 1.091088 0.000000 1.091088 0.000000 0.000000 0.000000 0.000000
6056.68 1.072716 0.000000 1.072716 0.000000 0.000000 0.000000 0.000000
6061.68 1.059462 0.000000 1.059462 0.000000 0.000000 0.000000 0.000000
6066.68 1.060613 0.000000 1.060613 0.000000 0.000000 0.000000 0.000000
6071.68 1.090472 0.000000 1.090472 0.000000 0.000000 0.000000 0.000000
6076.68 1.089856 0.000000 1.089856 0.000000 0.000000 0.000000 0.000000
6081.68 1.051821 0.000000 1.051821 0.000000 0.000000 0.000000 0.000000
6086.68 1.033247 0.000000 1.033247 0.000000 0.000000 0.000000 0.000000
6091.69 1.029281 0.000000 1.029281 0.000000 0.000000 0.000000 0.000000
6096.69 1.033389 0.000000 1.033389 0.000000 0.000000 0.000000 0.000000
6101.69 1.030340 0.000000 1.030340 0.000000 0.000000 0.000000 0.000000
6106.69 1.023333 0.003967 1.023333 0.000000 0.000000 0.000000 0.000000
6111.69 1.040794 0.007437 1.040794 0.000000 0.000000 0.000000 0.000000
6116.69 1.049245 0.002490 1.049245 0.000000 0.000000 0.000000 0.000000
6121.69 1.032693 0.011170 1.032693 0.000000 0.000000 0.000000 0.000000
6126.70 1.019403 0.002791 1.019403 0.000000 0.000000 0.000000 0.000000
6131.70 1.028958 0.009618 1.028958 0.000000 0.000000 0.000000 0.000000
6136.70 1.008743 0.026021 1.008743 0.000000 0.000000 0.000000 0.000000
6141.70 0.971338 0.015950 0.971338 0.000000 0.000000 0.000000 0.000000
6146.70 1.036201 0.010343 1.036201 0.000000 0.000000 0.000000 0.000000
6151.70 1.031591 0.000797 1.031591 0.000000 0.000000 0.000000 0.000000
6156.70 1.023814 0.008363 1.023814 0.000000 0.000000 0.000000 0.000000
6161.70 0.992680 0.020307 0.992680 0.000000 0.000000 0.000000 0.000000
6166.71 0.979206 0.019880 0.979206 0.000000 0.000000 0.000000 0.000000
6171.71 0.990700 0.000282 0.990700 0.000000 0.000000 0.000000 0.000000
6176.71 1.020562 0.003947 1.020562 0.000000 0.000000 0.000000 0.000000
6181.71 1.055778 0.005378 1.055778 0.000000 0.000000 0.000000 0.000000
6186.71 1.053276 0.011234 1.053276 0.000000 0.000000 0.000000 0.000000
6191.71 1.022063 0.004947 1.022063 0.000000 0.000000 0.000000 0.000000
6196.71 1.026543 0.008485 1.026543 0.000000 0.000000 0.000000 0.000000
6201.72 1.058652 0.006112 1.058652 0.000000 0.000000 0.000000 0.000000
6206.72 1.069757 0.000797 1.069757 0.000000 0.000000 0.000000 0.000000
6211.72 1.058411 0.015187 1.058411 0.000000 0.000000 0.000000 0.000000
6216.72 1.002223 0.009135 1.002223 0.000000 0.000000 0.000000 0.000000
6221.72 0.986588 0.007330 0.986588 0.000000 0.000000 0.000000 0.000000
6226.72 1.005046 0.001783 1.005046 0.000000 0.000000 0.000000 0.000000
6231.72 1.004026 0.004751 1.004026 0.000000 0.000000 0.000000 0.000000
6236.72 1.004389 0.005074 1.004389 0.000000 0.000000 0.000000 0.000000
6241.73 0.995577 0.003476 0.995577 0.000000 0.000000 0.000000 0.000000
6246.73 0.981514 0.003729 0.981514 0.000000 0.000000 0.000000 0.000000
6251.73 0.999888 0.019515 0.999888 0.000000 0.000000 0.000000 0.000000
6256.73 0.955868 0.005784 0.955868 0.000000 0.000000 0.000000 0.000000
6261.73 0.946497 0.016549 0.946497 0.000000 0.000000 0.000000 0.000000
6266.73 0.996407 0.010499 0.996407 0.000000 0.000000 0.000000 0.000000
6271.73 1.018803 0.002521 1.018803 0.000000 0.000000 0.000000 0.000000
6276.74 1.024593 0.014724 1.024593 0.000000 0.000000 0.000000 0.000000
6281.74 1.005831 0.011465 1.005831 0.000000 0.000000 0.000000 0.000000
6286.74 1.022506 0.004238 1.022506 0.000000 0.000000 0.000000 0.000000
6291.74 1.052920 0.010860 1.052920 0.000000 0.000000 0.000000 0.000000
6296.74 1.021760 0.007187 1.021760 0.000000 0.000000 0.000000 0.000000
6301.74 0.999542 0.000000 0.999542 0.000000 0.000000 0.000000 0.000000
6306.74 1.015668 0.001544 1.015668 0.000000 0.000000 0.000000 0.000000
6311.75 1.031977 0.008372 1.031977 0.000000 0.000000 0.000000 0.000000
6316.75 1.002733 0.011920 1.002733 0.000000 0.000000 0.000000 0.000000
6321.75 0.998005 0.001668 0.998005 0.000000 0.000000 0.000000 0.000000
6326.75 1.036969 0.002762 1.036969 0.000000 0.000000 0.000000 0.000000
6331.75 1.056829 0.008807 1.056829 0.000000 0.000000 0.000000 0.000000
6336.75 1.033575 0.008771 1.033575 0.000000 0.000000 0.000000 0.000000
6341.75 1.015103 0.000797 1.015103 0.000000 0.000000 0.000000 0.000000
6346.75 1.027366 0.002110 1.027366 0.000000 0.000000 0.000000 0.000000
6351.76 1.032025 0.015223 1.032025 0.000000 0.000000 0.000000 0.000000
6356.76 1.026549 0.003697 1.026549 0.000000 0.000000 0.000000 0.000000
6361.76 0.977582 0.004066 0.977582 0.000000 0.000000 0.000000 0.000000
6366.76 0.974914 0.022007 0.974914 0.000000 0.000000 0.000000 0.000000
6371.76 1.036874 0.016697 1.036874 0.000000 0.000000 0.000000 0.000000
6376.76 1.074847 0.001691 1.074847 0.000000 0.000000 0.000000 0.000000
6381.76 1.068030 0.003967 1.068030 0.000000 0.000000 0.000000 0.000000
6386.77 1.060998 0.006502 1.060998 0.000000 0.000000 0.000000 0.000000
6391.77 1.065872 0.011113 1.065872 0.000000 0.000000 0.000000 0.000000
6396.77 1.040790 0.005624 1.040790 0.000000 0.000000 0.000000 0.000000
6401.77 1.026800 0.008843 1.026800 0.000000 0.000000 0.000000 0.000000
6406.77 1.040185 0.002033 1.040185 0.000000 0.000000 0.000000 0.000000
6411.77 1.035886 0.004899 1.035886 0.000000 0.000000 0.000000 0.000000
6416.77 1.030324 0.003062 1.030324 0.000000 0.000000 0.000000 0.000000
6421.77 1.029901 0.004331 1.029901 0.000000 0.000000 0.000000 0.000000
6426.78 1.042382 0.011692 1.042382 0.000000 0.000000 0.000000 0.000000
6431.78 1.053660 0.006766 1.053660 0.000000 0.000000 0.000000 0.000000
6436.78 1.036917 0.006575 1.036917 0.000000 0.000000 0.000000 0.000000
6441.78 1.052191 0.004528 1.052191 0.000000 0.000000 0.000000 0.000000
6446.78 1.060818 0.010102 1.060818 0.000000 0.000000 0.000000 0.000000
6451.78 1.025483 0.010203 1.025483 0.000000 0.000000 0.000000 0.000000
6456.78 1.018766 0.005364 1.018766 0.000000 0.000000 0.000000 0.000000
6461.79 1.051176 0.011027 1.051176 0.000000 0.000000 0.000000 0.000000
6466.79 1.041899 0.001381 1.041899 0.000000 0.000000 0.000000 0.000000
6471.79 1.047133 0.001261 1.047133 0.000000 0.000000 0.000000 0.000000
6476.79 1.051831 0.000564 1.051831 0.000000 0.000000 0.000000 0.000000
6481.79 1.056762 0.009577 1.056762 0.000000 0.000000 0.000000 0.000000
6486.79 1.043203 0.007843 1.043203 0.000000 0.000000 0.000000 0.000000
6491.79 1.024767 0.008735 1.024767 0.000000 0.000000 0.000000 0.000000
6496.79 0.954107 0.003189 0.954107 0.000000 0.000000 0.000000 0.000000
6501.80 0.950753 0.025790 0.950753 0.000000 0.000000 0.000000 0.000000
6506.80 1.028982 0.012869 1.028982 0.000000 0.000000 0.000000 0.000000
6511.80 1.052724 0.010510 1.052724 0.000000 0.000000 0.000000 0.000000
6516.80 1.056480 0.000564 1.056480 0.000000 0.000000 0.000000 0.000000
6521.80 1.046851 0.010735 1.046851 0.000000 0.000000 0.000000 0.000000
6526.80 1.061326 0.000891 1.061326 0.000000 0.000000 0.000000 0.000000
6531.80 1.050103 0.003430 1.050103 0.000000 0.000000 0.000000 0.000000
6536.81 1.048109 0.011241 1.048109 0.000000 0.000000 0.000000 0.000000
6541.81 1.071436 0.004883 1.071436 0.000000 0.000000 0.000000 0.000000
6546.81 1.057319 0.003803 1.057319 0.000000 0.000000 0.000000 0.000000
6551.81 1.043006 0.001196 1.043006 0.000000 0.000000 0.000000 0.000000
6556.81 1.023341 0.011793 1.023341 0.000000 0.000000 0.000000 0.000000
6561.81 0.962023 0.026716 0.962023 0.000000 0.000000 0.000000 0.000000
6566.81 0.938968 0.008499 0.938968 0.000000 0.000000 0.000000 0.000000
6571.81 1.002899 0.003239 1.002899 0.000000 0.000000 0.000000 0.000000
6576.82 1.024360 0.008286 1.024360 0.000000 0.000000 0.000000 0.000000
6581.82 1.051737 0.006020 1.051737 0.000000 0.000000 0.000000 0.000000
6586.82 1.055994 0.001055 1.055994 0.000000 0.000000 0.000000 0.000000
6591.82 1.054150 0.013313 1.054150 0.000000 0.000000 0.000000 0.000000
6596.82 1.033379 0.001196 1.033379 0.000000 0.000000 0.000000 0.000000
6601.82 1.046473 0.001055 1.046473 0.000000 0.000000 0.000000 0.000000
6606.82 1.059102 0.015166 1.059102 0.000000 0.000000 0.000000 0.000000
6611.83 1.045611 0.006033 1.045611 0.000000 0.000000 0.000000 0.000000
6616.83 1.067579 0.001261 1.067579 0.000000 0.000000 0.000000 0.000000
6621.83 1.090435 0.006416 1.090435 0.000000 0.000000 0.000000 0.000000
6626.83 1.066609 0.001381 1.066609 0.000000 0.000000 0.000000 0.000000
6631.83 1.042312 0.005106 1.042312 0.000000 0.000000 0.000000 0.000000
6636.83 1.033762 0.009684 1.033762 0.000000 0.000000 0.000000 0.000000
6641.83 1.050787 0.000691 1.050787 0.000000 0.000000 0.000000 0.000000
6646.84 1.050362 0.001381 1.050362 0.000000 0.000000 0.000000 0.000000
6651.84 1.062183 0.000564 1.062183 0.000000 0.000000 0.000000 0.000000
6656.84 1.073149 0.003036 1.073149 0.000000 0.000000 0.000000 0.000000
6661.84 1.058578 0.010735 1.058578 0.000000 0.000000 0.000000 0.000000
6666.84 1.024316 0.007658 1.024316 0.000000 0.000000 0.000000 0.000000
6671.84 1.035347 0.011070 1.035347 0.000000 0.000000 0.000000 0.000000
6676.84 1.049854 0.002847 1.049854 0.000000 0.000000 0.000000 0.000000
6681.84 1.036359 0.014572 1.036359 0.000000 0.000000 0.000000 0.000000
6686.85 1.057831 0.010404 1.057831 0.000000 0.000000 0.000000 0.000000
6691.85 1.073791 0.002674 1.073791 0.000000 0.000000 0.000000 0.000000
6696.85 1.055805 0.002220 1.055805 0.000000 0.000000 0.000000 0.000000
6701.85 1.034673 0.007772 1.034673 0.000000 0.000000 0.000000 0.000000
6706.85 1.046031 0.010533 1.046031 0.000000 0.000000 0.000000 0.000000
6711.85 1.027964 0.002147 1.027964 0.000000 0.000000 0.000000 0.000000
6716.85 1.012899 0.002983 1.012899 0.000000 0.000000 0.000000 0.000000
6721.86 1.018749 0.009543 1.018749 0.000000 0.000000 0.000000 0.000000
6726.86 1.050073 0.001322 1.050073 0.000000 0.000000 0.000000 0.000000
6731.86 1.051640 0.000000 1.051640 0.000000 0.000000 0.000000 0.000000
6736.86 1.046489 0.003803 1.046489 0.000000 0.000000 0.000000 0.000000
6741.86 1.028958 0.002290 1.028958 0.000000 0.000000 0.000000 0.000000
6746.86 1.016500 0.001595 1.016500 0.000000 0.000000 0.000000 0.000000
6751.86 1.016473 0.001322 1.016473 0.000000 0.000000 0.000000 0.000000
6756.86 1.025394 0.010742 1.025394 0.000000 0.000000 0.000000 0.000000
6761.87 1.060493 0.008959 1.060493 0.000000 0.000000 0.000000 0.000000
6766.87 1.041382 0.003406 1.041382 0.000000 0.000000 0.000000 0.000000
6771.87 1.033541 0.009855 1.033541 0.000000 0.000000 0.000000 0.000000
6776.87 1.045994 0.003010 1.045994 0.000000 0.000000 0.000000 0.000000
6781.87 1.051160 0.004066 1.051160 0.000000 0.000000 0.000000 0.000000
6786.87 1.026873 0.009144 1.026873 0.000000 0.000000 0.000000 0.000000
6791.87 1.035824 0.000399 1.035824 0.000000 0.000000 0.000000 0.000000
6796.88 1.037621 0.001322 1.037621 0.000000 0.000000 0.000000 0.000000
6801.88 1.024284 0.010556 1.024284 0.000000 0.000000 0.000000 0.000000
6806.88 1.035963 0.000691 1.035963 0.000000 0.000000 0.000000 0.000000
6811.88 1.038480 0.003761 1.038480 0.000000 0.000000 0.000000 0.000000
6816.88 1.034861 0.005259 1.034861 0.000000 0.000000 0.000000 0.000000
6821.88 1.049475 0.001055 1.049475 0.000000 0.000000 0.000000 0.000000
6826.88 1.056452 0.002290 1.056452 0.000000 0.000000 0.000000 0.000000
6831.88 1.049766 0.001492 1.049766 0.000000 0.000000 0.000000 0.000000
6836.89 1.039680 0.000564 1.039680 0.000000 0.000000 0.000000 0.000000
6841.89 1.038902 0.001827 1.038902 0.000000 0.000000 0.000000 0.000000
6846.89 1.037735 0.002458 1.037735 0.000000 0.000000 0.000000 0.000000
6851.89 1.035898 0.002325 1.035898 0.000000 0.000000 0.000000 0.000000
6856.89 1.034475 0.002645 1.034475 0.000000 0.000000 0.000000 0.000000
6861.89 1.032927 0.002791 1.032927 0.000000 0.000000 0.000000 0.000000
6866.89 1.031036 0.002584 1.031036 0.000000 0.000000 0.000000 0.000000
6871.90 1.029540 0.002819 1.029540 0.000000 0.000000 0.000000 0.000000
6876.90 1.028138 0.003189 1.028138 0.000000 0.000000 0.000000 0.000000
6881.90 1.026542 0.003383 1.026542 0.000000 0.000000 0.000000 0.000000
6886.90 1.025308 0.003927 1.025308 0.000000 0.000000 0.000000 0.000000
6891.90 1.024217 0.004649 1.024217 0.000000 0.000000 0.000000 0.000000
6896.90 1.022877 0.005074 1.022877 0.000000 0.000000 0.000000 0.000000
6901.90 1.021329 0.005259 1.021329 0.000000 0.000000 0.000000 0.000000
6906.91 1.019729 0.005393 1.019729 0.000000 0.000000 0.000000 0.000000
6911.91 1.018042 0.005437 1.018042 0.000000 0.000000 0.000000 0.000000
6916.91 1.016561 0.005736 1.016561 0.000000 0.000000 0.000000 0.000000
6921.91 1.016026 0.007087 1.016026 0.000000 0.000000 0.000000 0.000000
6926.91 1.014825 0.007689 1.014825 0.000000 0.000000 0.000000 0.000000
6931.91 1.012826 0.007373 1.012826 0.000000 0.000000 0.000000 0.000000
6936.91 1.010855 0.007065 1.010855 0.000000 0.000000 0.000000 0.000000
6941.91 1.009077 0.006997 1.009077 0.000000 0.000000 0.000000 0.000000
6946.92 1.007489 0.007143 1.007489 0.000000 0.000000 0.000000 0.000000
6951.92 1.006469 0.007944 1.006469 0.000000 0.000000 0.000000 0.000000
6956.92 1.005309 0.008588 1.005309 0.000000 0.000000 0.000000 0.000000
6961.92 1.004405 0.009518 1.004405 0.000000 0.000000 0.000000 0.000000
6966.92 1.003087 0.009999 1.003087 0.000000 0.000000 0.000000 0.000000
6971.92 1.002778 0.011617 1.002778 0.000000 0.000000 0.000000 0.000000
6976.92 0.993018 0.002325 0.993018 0.000000 0.000000 0.000000 0.000000
6981.93 0.958014 0.016642 0.958014 0.000000 0.000000 0.000000 0.000000
6986.93 0.991987 0.012879 0.991987 0.000000 0.000000 0.000000 0.000000
6991.93 1.014159 0.004751 1.014159 0.000000 0.000000 0.000000 0.000000
6996.93 1.008495 0.006007 1.008495 0.000000 0.000000 0.000000 0.000000
7001.93 0.991730 0.000935 0.991730 0.000000 0.000000 0.000000 0.000000
7006.93 0.976284 0.002553 0.976284 0.000000 0.000000 0.000000 0.000000
7011.93 0.967600 0.014773 0.967600 0.000000 0.000000 0.000000 0.000000
7016.93 0.961346 0.000564 0.961346 0.000000 0.000000 0.000000 0.000000
7021.94 0.955250 0.007705 0.955250 0.000000 0.000000 0.000000 0.000000
7026.94 0.964635 0.001827 0.964635 0.000000 0.000000 0.000000 0.000000
7031.94 0.967780 0.007109 0.967780 0.000000 0.000000 0.000000 0.000000
7036.94 0.985645 0.000797 0.985645 0.000000 0.000000 0.000000 0.000000
7041.94 0.994845 0.003010 0.994845 0.000000 0.000000 0.000000 0.000000
7046.94 1.019939 0.000000 1.019939 0.000000 0.000000 0.000000 0.000000
7051.94 1.016796 0.005229 1.016796 0.000000 0.000000 0.000000 0.000000
7056.95 1.002781 0.003544 1.002781 0.000000 0.000000 0.000000 0.000000
7061.95 1.015081 0.013479 1.015081 0.000000 0.000000 0.000000 0.000000
7066.95 0.996476 0.010705 0.996476 0.000000 0.000000 0.000000 0.000000
7071.95 0.983805 0.002599 0.983805 0.000000 0.000000 0.000000 0.000000
7076.95 1.013613 0.004980 1.013613 0.000000 0.000000 0.000000 0.000000
7081.95 1.020948 0.003824 1.020948 0.000000 0.000000 0.000000 0.000000
7086.95 0.991514 0.011582 0.991514 0.000000 0.000000 0.000000 0.000000
7091.95 0.969858 0.004784 0.969858 0.000000 0.000000 0.000000 0.000000
7096.96 0.979962 0.005129 0.979962 0.000000 0.000000 0.000000 0.000000
7101.96 0.990745 0.004759 0.990745 0.000000 0.000000 0.000000 0.000000
7106.96 0.985535 0.003139 0.985535 0.000000 0.000000 0.000000 0.000000
7111.96 0.964883 0.005466 0.964883 0.000000 0.000000 0.000000 0.000000
7116.96 0.964741 0.003814 0.964741 0.000000 0.000000 0.000000 0.000000
7121.96 0.960136 0.009778 0.960136 0.000000 0.000000 0.000000 0.000000
7126.96 0.957694 0.009863 0.957694 0.000000 0.000000 0.000000 0.000000
7131.97 0.957123 0.003152 0.957123 0.000000 0.000000 0.000000 0.000000
7136.97 0.960769 0.001381 0.960769 0.000000 0.000000 0.000000 0.000000
7141.97 0.965548 0.007209 0.965548 0.000000 0.000000 0.000000 0.000000
7146.97 0.964099 0.005853 0.964099 0.000000 0.000000 0.000000 0.000000
7151.97 0.962125 0.003886 0.962125 0.000000 0.000000 0.000000 0.000000
7156.97 0.969913 0.013190 0.969913 0.000000 0.000000 0.000000 0.000000
7161.97 0.970352 0.014013 0.970352 0.000000 0.000000 0.000000 0.000000
7166.98 0.960589 0.003049 0.960589 0.000000 0.000000 0.000000 0.000000
7171.98 0.966811 0.010552 0.966811 0.000000 0.000000 0.000000 0.000000
7176.98 0.972152 0.017034 0.972152 0.000000 0.000000 0.000000 0.000000
7181.98 0.958356 0.001410 0.958356 0.000000 0.000000 0.000000 0.000000
7186.98 0.941457 0.017783 0.941457 0.000000 0.000000 0.000000 0.000000
7191.98 0.928311 0.032649 0.928311 0.000000 0.000000 0.000000 0.000000
7196.98 0.930482 0.029829 0.930482 0.000000 0.000000 0.000000 0.000000
7201.98 0.948408 0.008821 0.948408 0.000000 0.000000 0.000000 0.000000
7206.99 0.948982 0.007833 0.948982 0.000000 0.000000 0.000000 0.000000
7211.99 0.946465 0.010427 0.946465 0.000000 0.000000 0.000000 0.000000
7216.99 0.963972 0.010094 0.963972 0.000000 0.000000 0.000000 0.000000
7221.99 0.971639 0.019261 0.971639 0.000000 0.000000 0.000000 0.000000
7226.99 0.968739 0.016229 0.968739 0.000000 0.000000 0.000000 0.000000
7231.99 0.963644 0.010657 0.963644 0.000000 0.000000 0.000000 0.000000
7236.99 0.973810 0.022709 0.973810 0.000000 0.000000 0.000000 0.000000
7242.00 0.956265 0.002762 0.956265 0.000000 0.000000 0.000000 0.000000
7247.00 0.962689 0.010495 0.962689 0.000000 0.000000 0.000000 0.000000
7252.00 0.963178 0.011375 0.963178 0.000000 0.000000 0.000000 0.000000
7257.00 0.954886 0.002110 0.954886 0.000000 0.000000 0.000000 0.000000
7262.00 0.957403 0.005334 0.957403 0.000000 0.000000 0.000000 0.000000
7267.00 0.942932 0.011063 0.942932 0.000000 0.000000 0.000000 0.000000
7272.00 0.958492 0.007231 0.958492 0.000000 0.000000 0.000000 0.000000
7277.00 0.949992 0.002290 0.949992 0.000000 0.000000 0.000000 0.000000
7282.01 0.939377 0.014225 0.939377 0.000000 0.000000 0.000000 0.000000
7287.01 0.932973 0.021308 0.932973 0.000000 0.000000 0.000000 0.000000
7292.01 0.931297 0.022928 0.931297 0.000000 0.000000 0.000000 0.000000
7297.01 0.927487 0.027013 0.927487 0.000000 0.000000 0.000000 0.000000
7302.01 0.951117 0.000564 0.951117 0.000000 0.000000 0.000000 0.000000
7307.01 0.952352 0.002325 0.952352 0.000000 0.000000 0.000000 0.000000
7312.01 0.955303 0.006053 0.955303 0.000000 0.000000 0.000000 0.000000
7317.02 0.950712 0.001055 0.950712 0.000000 0.000000 0.000000 0.000000
7322.02 0.952924 0.003927 0.952924 0.000000 0.000000 0.000000 0.000000
7327.02 0.944636 0.005327 0.944636 0.000000 0.000000 0.000000 0.000000
7332.02 0.943607 0.006215 0.943607 0.000000 0.000000 0.000000 0.000000
7337.02 0.953338 0.005349 0.953338 0.000000 0.000000 0.000000 0.000000
7342.02 0.964504 0.018555 0.964504 0.000000 0.000000 0.000000 0.000000
7347.02 0.959191 0.012733 0.959191 0.000000 0.000000 0.000000 0.000000
7352.02 0.950150 0.002614 0.950150 0.000000 0.000000 0.000000 0.000000
7357.03 0.928652 0.000000 0.928652 0.000000 0.000000 0.000000 0.000000
7362.03 0.926094 0.007187 0.926094 0.000000 0.000000 0.000000 0.000000
7367.03 0.943105 0.000399 0.943105 0.000000 0.000000 0.000000 0.000000
7372.03 0.958177 0.007275 0.958177 0.000000 0.000000 0.000000 0.000000
7377.03 0.978268 0.001619 0.978268 0.000000 0.000000 0.000000 0.000000
7382.03 0.974447 0.000935 0.974447 0.000000 0.000000 0.000000 0.000000
7387.03 0.961227 0.025472 0.961227 0.000000 0.000000 0.000000 0.000000
7392.04 0.932452 0.002165 0.932452 0.000000 0.000000 0.000000 0.000000
7397.04 0.949661 0.005401 0.949661 0.000000 0.000000 0.000000 0.000000
7402.04 0.964164 0.001162 0.964164 0.000000 0.000000 0.000000 0.000000
7407.04 0.971865 0.005859 0.971865 0.000000 0.000000 0.000000 0.000000
7412.04 0.961126 0.011844 0.961126 0.000000 0.000000 0.000000 0.000000
7417.04 0.926307 0.004056 0.926307 0.000000 0.000000 0.000000 0.000000
7422.04 0.932419 0.000891 0.932419 0.000000 0.000000 0.000000 0.000000
7427.05 0.950792 0.006665 0.950792 0.000000 0.000000 0.000000 0.000000
7432.05 0.973368 0.001570 0.973368 0.000000 0.000000 0.000000 0.000000
7437.05 0.974625 0.000488 0.974625 0.000000 0.000000 0.000000 0.000000
7442.05 0.968380 0.007324 0.968380 0.000000 0.000000 0.000000 0.000000
7447.05 0.947519 0.001465 0.947519 0.000000 0.000000 0.000000 0.000000
7452.05 0.967894 0.001196 0.967894 0.000000 0.000000 0.000000 0.000000
7457.05 0.985599 0.007270 0.985599 0.000000 0.000000 0.000000 0.000000
7462.05 0.959204 0.003782 0.959204 0.000000 0.000000 0.000000 0.000000
7467.06 0.943294 0.020977 0.943294 0.000000 0.000000 0.000000 0.000000
7472.06 0.974673 0.001738 0.974673 0.000000 0.000000 0.000000 0.000000
7477.06 0.960661 0.002290 0.960661 0.000000 0.000000 0.000000 0.000000
7482.06 0.952233 0.006278 0.952233 0.000000 0.000000 0.000000 0.000000
7487.06 0.961621 0.003139 0.961621 0.000000 0.000000 0.000000 0.000000
7492.06 0.959546 0.002325 0.959546 0.000000 0.000000 0.000000 0.000000
7497.06 0.939176 0.002165 0.939176 0.000000 0.000000 0.000000 0.000000
7502.07 0.952961 0.006707 0.952961 0.000000 0.000000 0.000000 0.000000
7507.07 0.962178 0.000000 0.962178 0.000000 0.000000 0.000000 0.000000
7512.07 0.952821 0.000797 0.952821 0.000000 0.000000 0.000000 0.000000
7517.07 0.963929 0.004275 0.963929 0.000000 0.000000 0.000000 0.000000
7522.07 0.972435 0.003906 0.972435 0.000000 0.000000 0.000000 0.000000
7527.07 0.958635 0.003049 0.958635 0.000000 0.000000 0.000000 0.000000
7532.07 0.961880 0.004563 0.961880 0.000000 0.000000 0.000000 0.000000
7537.07 0.974933 0.003686 0.974933 0.000000 0.000000 0.000000 0.000000
7542.08 0.987959 0.009148 0.987959 0.000000 0.000000 0.000000 0.000000
7547.08 0.976320 0.006335 0.976320 0.000000 0.000000 0.000000 0.000000
7552.08 0.973290 0.003088 0.973290 0.000000 0.000000 0.000000 0.000000
7557.08 0.972617 0.002733 0.972617 0.000000 0.000000 0.000000 0.000000
7562.08 0.971283 0.001668 0.971283 0.000000 0.000000 0.000000 0.000000
7567.08 0.970249 0.000891 0.970249 0.000000 0.000000 0.000000 0.000000
7572.08 0.969451 0.000282 0.969451 0.000000 0.000000 0.000000 0.000000
7577.09 0.968529 0.000399 0.968529 0.000000 0.000000 0.000000 0.000000
7582.09 0.967805 0.000691 0.967805 0.000000 0.000000 0.000000 0.000000
7587.09 0.967222 0.000935 0.967222 0.000000 0.000000 0.000000 0.000000
7592.09 0.966418 0.001492 0.966418 0.000000 0.000000 0.000000 0.000000
7597.09 0.965767 0.001805 0.965767 0.000000 0.000000 0.000000 0.000000
7602.09 0.965418 0.001783 0.965418 0.000000 0.000000 0.000000 0.000000
7607.09 0.965521 0.001261 0.965521 0.000000 0.000000 0.000000 0.000000
7612.10 0.965385 0.001016 0.965385 0.000000 0.000000 0.000000 0.000000
7617.10 0.965180 0.000746 0.965180 0.000000 0.000000 0.000000 0.000000
7622.10 0.964983 0.000691 0.964983 0.000000 0.000000 0.000000 0.000000
7627.10 0.964788 0.000488 0.964788 0.000000 0.000000 0.000000 0.000000
7632.10 0.964595 0.000399 0.964595 0.000000 0.000000 0.000000 0.000000
7637.10 0.964404 0.000000 0.964404 0.000000 0.000000 0.000000 0.000000
7642.10 0.964213 0.000000 0.964213 0.000000 0.000000 0.000000 0.000000
7647.10 0.964023 0.000282 0.964023 0.000000 0.000000 0.000000 0.000000
7652.11 0.963833 0.000691 0.963833 0.000000 0.000000 0.000000 0.000000
7657.11 0.963641 0.000846 0.963641 0.000000 0.000000 0.000000 0.000000
7662.11 0.963448 0.001016 0.963448 0.000000 0.000000 0.000000 0.000000
7667.11 0.963256 0.001229 0.963256 0.000000 0.000000 0.000000 0.000000
7672.11 0.963018 0.001352 0.963018 0.000000 0.000000 0.000000 0.000000
7677.11 0.962655 0.001381 0.962655 0.000000 0.000000 0.000000 0.000000
7682.11 0.961982 0.000977 0.961982 0.000000 0.000000 0.000000 0.000000
7687.12 0.961639 0.001055 0.961639 0.000000 0.000000 0.000000 0.000000
7692.12 0.961924 0.001783 0.961924 0.000000 0.000000 0.000000 0.000000
7697.12 0.961652 0.001891 0.961652 0.000000 0.000000 0.000000 0.000000
7702.12 0.960921 0.001465 0.960921 0.000000 0.000000 0.000000 0.000000
7707.12 0.960178 0.001016 0.960178 0.000000 0.000000 0.000000 0.000000
7712.12 0.959252 0.000282 0.959252 0.000000 0.000000 0.000000 0.000000
7717.12 0.958110 0.000564 0.958110 0.000000 0.000000 0.000000 0.000000
7722.12 0.957471 0.000846 0.957471 0.000000 0.000000 0.000000 0.000000
7727.13 0.956616 0.001381 0.956616 0.000000 0.000000 0.000000 0.000000
7732.13 0.957433 0.000000 0.957433 0.000000 0.000000 0.000000 0.000000
7737.13 0.966097 0.004554 0.966097 0.000000 0.000000 0.000000 0.000000
7742.13 0.975010 0.003347 0.975010 0.000000 0.000000 0.000000 0.000000
7747.13 0.950939 0.005517 0.950939 0.000000 0.000000 0.000000 0.000000
7752.13 0.929861 0.005567 0.929861 0.000000 0.000000 0.000000 0.000000
7757.13 0.962797 0.003761 0.962797 0.000000 0.000000 0.000000 0.000000
7762.14 0.975181 0.001870 0.975181 0.000000 0.000000 0.000000 0.000000
7767.14 0.975594 0.003577 0.975594 0.000000 0.000000 0.000000 0.000000
7772.14 0.979357 0.002645 0.979357 0.000000 0.000000 0.000000 0.000000
7777.14 0.980123 0.011081 0.980123 0.000000 0.000000 0.000000 0.000000
7782.14 0.962760 0.001437 0.962760 0.000000 0.000000 0.000000 0.000000
7787.14 0.966379 0.002861 0.966379 0.000000 0.000000 0.000000 0.000000
7792.14 0.962000 0.001891 0.962000 0.000000 0.000000 0.000000 0.000000
7797.15 0.966185 0.001381 0.966185 0.000000 0.000000 0.000000 0.000000
7802.15 0.955945 0.003621 0.955945 0.000000 0.000000 0.000000 0.000000
7807.15 0.958784 0.001381 0.958784 0.000000 0.000000 0.000000 0.000000
7812.15 0.957794 0.001492 0.957794 0.000000 0.000000 0.000000 0.000000
7817.15 0.967458 0.003803 0.967458 0.000000 0.000000 0.000000 0.000000
7822.15 0.983904 0.001128 0.983904 0.000000 0.000000 0.000000 0.000000
7827.15 0.986881 0.004331 0.986881 0.000000 0.000000 0.000000 0.000000
7832.15 0.970128 0.010098 0.970128 0.000000 0.000000 0.000000 0.000000
7837.16 0.949031 0.003544 0.949031 0.000000 0.000000 0.000000 0.000000
7842.16 0.960766 0.005859 0.960766 0.000000 0.000000 0.000000 0.000000
7847.16 0.973889 0.002553 0.973889 0.000000 0.000000 0.000000 0.000000
7852.16 0.965677 0.003101 0.965677 0.000000 0.000000 0.000000 0.000000
7857.16 0.954572 0.013354 0.954572 0.000000 0.000000 0.000000 0.000000
7862.16 0.972528 0.006291 0.972528 0.000000 0.000000 0.000000 0.000000
7867.16 0.983033 0.000691 0.983033 0.000000 0.000000 0.000000 0.000000
7872.17 0.974079 0.005839 0.974079 0.000000 0.000000 0.000000 0.000000
7877.17 0.950776 0.001352 0.950776 0.000000 0.000000 0.000000 0.000000
7882.17 0.943827 0.004883 0.943827 0.000000 0.000000 0.000000 0.000000
7887.17 0.951880 0.003383 0.951880 0.000000 0.000000 0.000000 0.000000
7892.17 0.963824 0.011739 0.963824 0.000000 0.000000 0.000000 0.000000
7897.17 0.930727 0.002013 0.930727 0.000000 0.000000 0.000000 0.000000
7902.17 0.924201 0.010078 0.924201 0.000000 0.000000 0.000000 0.000000
7907.17 0.942571 0.001016 0.942571 0.000000 0.000000 0.000000 0.000000
7912.18 0.930766 0.005043 0.930766 0.000000 0.000000 0.000000 0.000000
7917.18 0.908255 0.001016 0.908255 0.000000 0.000000 0.000000 0.000000
7922.18 0.908993 0.005437 0.908993 0.000000 0.000000 0.000000 0.000000
7927.18 0.928282 0.003152 0.928282 0.000000 0.000000 0.000000 0.000000
7932.18 0.921705 0.001381 0.921705 0.000000 0.000000 0.000000 0.000000
7937.18 0.925704 0.014920 0.925704 0.000000 0.000000 0.000000 0.000000
7942.18 0.903366 0.002674 0.903366 0.000000 0.000000 0.000000 0.000000
7947.19 0.897429 0.000000 0.897429 0.000000 0.000000 0.000000 0.000000
7952.19 0.912490 0.006928 0.912490 0.000000 0.000000 0.000000 0.000000
7957.19 0.926836 0.003521 0.926836 0.000000 0.000000 0.000000 0.000000
7962.19 0.933648 0.002553 0.933648 0.000000 0.000000 0.000000 0.000000
7967.19 0.938855 0.002568 0.938855 0.000000 0.000000 0.000000 0.000000
7972.19 0.947088 0.001849 0.947088 0.000000 0.000000 0.000000 0.000000
7977.19 0.951642 0.001668 0.951642 0.000000 0.000000 0.000000 0.000000
7982.19 0.950738 0.003406 0.950738 0.000000 0.000000 0.000000 0.000000
7987.20 0.946670 0.000399 0.946670 0.000000 0.000000 0.000000 0.000000
7992.20 0.943086 0.001738 0.943086 0.000000 0.000000 0.000000 0.000000
7997.20 0.939131 0.008087 0.939131 0.000000 0.000000 0.000000 0.000000
8002.20 0.927262 0.004883 0.927262 0.000000 0.000000 0.000000 0.000000
8007.20 0.944711 0.010518 0.944711 0.000000 0.000000 0.000000 0.000000
8012.20 0.939328 0.004546 0.939328 0.000000 0.000000 0.000000 0.000000
8017.20 0.949719 0.002599 0.949719 0.000000 0.000000 0.000000 0.000000
8022.21 0.952969 0.006629 0.952969 0.000000 0.000000 0.000000 0.000000
8027.21 0.922298 0.006472 0.922298 0.000000 0.000000 0.000000 0.000000
8032.21 0.912130 0.006478 0.912130 0.000000 0.000000 0.000000 0.000000
8037.21 0.946240 0.005371 0.946240 0.000000 0.000000 0.000000 0.000000
8042.21 0.956017 0.014460 0.956017 0.000000 0.000000 0.000000 0.000000
8047.21 0.919974 0.011223 0.919974 0.000000 0.000000 0.000000 0.000000
8052.21 0.904922 0.002584 0.904922 0.000000 0.000000 0.000000 0.000000
8057.22 0.930022 0.003406 0.930022 0.000000 0.000000 0.000000 0.000000
8062.22 0.949617 0.009008 0.949617 0.000000 0.000000 0.000000 0.000000
8067.22 0.932743 0.007308 0.932743 0.000000 0.000000 0.000000 0.000000
8072.22 0.904206 0.005812 0.904206 0.000000 0.000000 0.000000 0.000000
8077.22 0.889648 0.005680 0.889648 0.000000 0.000000 0.000000 0.000000
8082.22 0.888012 0.012174 0.888012 0.000000 0.000000 0.000000 0.000000
8087.22 0.887319 0.007528 0.887319 0.000000 0.000000 0.000000 0.000000
8092.22 0.877396 0.000282 0.877396 0.000000 0.000000 0.000000 0.000000
8097.23 0.854964 0.013449 0.854964 0.000000 0.000000 0.000000 0.000000
8102.23 0.863048 0.003814 0.863048 0.000000 0.000000 0.000000 0.000000
8107.23 0.866485 0.000564 0.866485 0.000000 0.000000 0.000000 0.000000
8112.23 0.866988 0.001352 0.866988 0.000000 0.000000 0.000000 0.000000
8117.23 0.861428 0.004809 0.861428 0.000000 0.000000 0.000000 0.000000
8122.23 0.857801 0.008712 0.857801 0.000000 0.000000 0.000000 0.000000
8127.23 0.872192 0.008200 0.872192 0.000000 0.000000 0.000000 0.000000
8132.24 0.871161 0.007302 0.871161 0.000000 0.000000 0.000000 0.000000
8137.24 0.869204 0.005334 0.869204 0.000000 0.000000 0.000000 0.000000
8142.24 0.870135 0.006701 0.870135 0.000000 0.000000 0.000000 0.000000
8147.24 0.863171 0.001092 0.863171 0.000000 0.000000 0.000000 0.000000
8152.24 0.857533 0.007270 0.857533 0.000000 0.000000 0.000000 0.000000
8157.24 0.863233 0.000399 0.863233 0.000000 0.000000 0.000000 0.000000
8162.24 0.880743 0.020121 0.880743 0.000000 0.000000 0.000000 0.000000
8167.24 0.856549 0.007528 0.856549 0.000000 0.000000 0.000000 0.000000
8172.25 0.871313 0.009818 0.871313 0.000000 0.000000 0.000000 0.000000
8177.25 0.868568 0.006940 0.868568 0.000000 0.000000 0.000000 0.000000
8182.25 0.860444 0.002165 0.860444 0.000000 0.000000 0.000000 0.000000
8187.25 0.850133 0.013765 0.850133 0.000000 0.000000 0.000000 0.000000
8192.25 0.846525 0.017641 0.846525 0.000000 0.000000 0.000000 0.000000
8197.25 0.852512 0.010434 0.852512 0.000000 0.000000 0.000000 0.000000
8202.25 0.852629 0.010007 0.852629 0.000000 0.000000 0.000000 0.000000
8207.26 0.863234 0.002537 0.863234 0.000000 0.000000 0.000000 0.000000
8212.26 0.863561 0.003214 0.863561 0.000000 0.000000 0.000000 0.000000
8217.26 0.867454 0.007984 0.867454 0.000000 0.000000 0.000000 0.000000
8222.26 0.871080 0.012465 0.871080 0.000000 0.000000 0.000000 0.000000
8227.26 0.863116 0.003566 0.863116 0.000000 0.000000 0.000000 0.000000
8232.26 0.859724 0.000282 0.859724 0.000000 0.000000 0.000000 0.000000
8237.26 0.856956 0.002957 0.856956 0.000000 0.000000 0.000000 0.000000
8242.27 0.868944 0.011167 0.868944 0.000000 0.000000 0.000000 0.000000
8247.27 0.867607 0.009915 0.867607 0.000000 0.000000 0.000000 0.000000
8252.27 0.877680 0.021838 0.877680 0.000000 0.000000 0.000000 0.000000
8257.27 0.871830 0.015379 0.871830 0.000000 0.000000 0.000000 0.000000
8262.27 0.870644 0.014303 0.870644 0.000000 0.000000 0.000000 0.000000
8267.27 0.879273 0.024555 0.879273 0.000000 0.000000 0.000000 0.000000
8272.27 0.878460 0.023908 0.878460 0.000000 0.000000 0.000000 0.000000
8277.27 0.864023 0.007528 0.864023 0.000000 0.000000 0.000000 0.000000
8282.28 0.863102 0.006754 0.863102 0.000000 0.000000 0.000000 0.000000
8287.28 0.866601 0.011092 0.866601 0.000000 0.000000 0.000000 0.000000
8292.28 0.856475 0.000000 0.856475 0.000000 0.000000 0.000000 0.000000
8297.28 0.853648 0.003263 0.853648 0.000000 0.000000 0.000000 0.000000
8302.28 0.847873 0.009655 0.847873 0.000000 0.000000 0.000000 0.000000
8307.28 0.845774 0.011790 0.845774 0.000000 0.000000 0.000000 0.000000
8312.28 0.840193 0.017943 0.840193 0.000000 0.000000 0.000000 0.000000
8317.29 0.832690 0.026313 0.832690 0.000000 0.000000 0.000000 0.000000
8322.29 0.857260 0.002359 0.857260 0.000000 0.000000 0.000000 0.000000
8327.29 0.849005 0.006882 0.849005 0.000000 0.000000 0.000000 0.000000
8332.29 0.843409 0.013062 0.843409 0.000000 0.000000 0.000000 0.000000
8337.29 0.839675 0.017078 0.839675 0.000000 0.000000 0.000000 0.000000
8342.29 0.844067 0.011715 0.844067 0.000000 0.000000 0.000000 0.000000
8347.29 0.854833 0.000977 0.854833 0.000000 0.000000 0.000000 0.000000
8352.29 0.847837 0.006778 0.847837 0.000000 0.000000 0.000000 0.000000
8357.30 0.849227 0.004883 0.849227 0.000000 0.000000 0.000000 0.000000
8362.30 0.852046 0.001352 0.852046 0.000000 0.000000 0.000000 0.000000
8367.30 0.853291 0.000399 0.853291 0.000000 0.000000 0.000000 0.000000
8372.30 0.847276 0.006259 0.847276 0.000000 0.000000 0.000000 0.000000
8377.30 0.851846 0.000691 0.851846 0.000000 0.000000 0.000000 0.000000
8382.30 0.850900 0.001492 0.850900 0.000000 0.000000 0.000000 0.000000
8387.30 0.837504 0.016664 0.837504 0.000000 0.000000 0.000000 0.000000
8392.31 0.840478 0.012940 0.840478 0.000000 0.000000 0.000000 0.000000
8397.31 0.868877 0.020148 0.868877 0.000000 0.000000 0.000000 0.000000
8402.31 0.846448 0.005459 0.846448 0.000000 0.000000 0.000000 0.000000
8407.31 0.861681 0.012423 0.861681 0.000000 0.000000 0.000000 0.000000
8412.31 0.855821 0.004457 0.855821 0.000000 0.000000 0.000000 0.000000
8417.31 0.851594 0.005900 0.851594 0.000000 0.000000 0.000000 0.000000
8422.31 0.851060 0.008329 0.851060 0.000000 0.000000 0.000000 0.000000
8427.32 0.837860 0.004598 0.837860 0.000000 0.000000 0.000000 0.000000
8432.32 0.845279 0.006373 0.845279 0.000000 0.000000 0.000000 0.000000
8437.32 0.838093 0.007093 0.838093 0.000000 0.000000 0.000000 0.000000
8442.32 0.824209 0.005090 0.824209 0.000000 0.000000 0.000000 0.000000
8447.32 0.845099 0.001805 0.845099 0.000000 0.000000 0.000000 0.000000
8452.32 0.863202 0.007828 0.863202 0.000000 0.000000 0.000000 0.000000
8457.32 0.869232 0.005074 0.869232 0.000000 0.000000 0.000000 0.000000
8462.32 0.862714 0.007559 0.862714 0.000000 0.000000 0.000000 0.000000
8467.33 0.860270 0.005553 0.860270 0.000000 0.000000 0.000000 0.000000
8472.33 0.831487 0.020695 0.831487 0.000000 0.000000 0.000000 0.000000
8477.33 0.862521 0.015927 0.862521 0.000000 0.000000 0.000000 0.000000
8482.33 0.857576 0.015612 0.857576 0.000000 0.000000 0.000000 0.000000
8487.33 0.867463 0.000000 0.867463 0.000000 0.000000 0.000000 0.000000
8492.33 0.859961 0.002052 0.859961 0.000000 0.000000 0.000000 0.000000
8497.33 0.802480 0.033671 0.802480 0.000000 0.000000 0.000000 0.000000
8502.34 0.738905 0.008453 0.738905 0.000000 0.000000 0.000000 0.000000
8507.34 0.802569 0.017794 0.802569 0.000000 0.000000 0.000000 0.000000
8512.34 0.855810 0.008136 0.855810 0.000000 0.000000 0.000000 0.000000
8517.34 0.825035 0.005152 0.825035 0.000000 0.000000 0.000000 0.000000
8522.34 0.817675 0.008224 0.817675 0.000000 0.000000 0.000000 0.000000
8527.34 0.823070 0.009635 0.823070 0.000000 0.000000 0.000000 0.000000
8532.34 0.820808 0.004809 0.820808 0.000000 0.000000 0.000000 0.000000
8537.34 0.779477 0.024497 0.779477 0.000000 0.000000 0.000000 0.000000
8542.35 0.654757 0.043746 0.654757 0.000000 0.000000 0.000000 0.000000
8547.35 0.620447 0.003139 0.620447 0.000000 0.000000 0.000000 0.000000
8552.35 0.746447 0.016358 0.746447 0.000000 0.000000 0.000000 0.000000
8557.35 0.829746 0.006742 0.829746 0.000000 0.000000 0.000000 0.000000
8562.35 0.839531 0.003997 0.839531 0.000000 0.000000 0.000000 0.000000
8567.35 0.834525 0.007373 0.834525 0.000000 0.000000 0.000000 0.000000
8572.35 0.834060 0.006701 0.834060 0.000000 0.000000 0.000000 0.000000
8577.36 0.838899 0.001668 0.838899 0.000000 0.000000 0.000000 0.000000
8582.36 0.840759 0.007812 0.840759 0.000000 0.000000 0.000000 0.000000
8587.36 0.835715 0.000488 0.835715 0.000000 0.000000 0.000000 0.000000
8592.36 0.833845 0.015265 0.833845 0.000000 0.000000 0.000000 0.000000
8597.36 0.842856 0.002490 0.842856 0.000000 0.000000 0.000000 0.000000
8602.36 0.844672 0.005750 0.844672 0.000000 0.000000 0.000000 0.000000
8607.36 0.845668 0.001352 0.845668 0.000000 0.000000 0.000000 0.000000
8612.37 0.826211 0.009806 0.826211 0.000000 0.000000 0.000000 0.000000
8617.37 0.822535 0.020117 0.822535 0.000000 0.000000 0.000000 0.000000
8622.37 0.843260 0.003793 0.843260 0.000000 0.000000 0.000000 0.000000
8627.37 0.837547 0.011238 0.837547 0.000000 0.000000 0.000000 0.000000
8632.37 0.852530 0.001827 0.852530 0.000000 0.000000 0.000000 0.000000
8637.37 0.851372 0.002392 0.851372 0.000000 0.000000 0.000000 0.000000
8642.37 0.859896 0.003383 0.859896 0.000000 0.000000 0.000000 0.000000
8647.37 0.851708 0.009260 0.851708 0.000000 0.000000 0.000000 0.000000
8652.38 0.831353 0.001381 0.831353 0.000000 0.000000 0.000000 0.000000
8657.38 0.798468 0.019681 0.798468 0.000000 0.000000 0.000000 0.000000
8662.38 0.704428 0.047039 0.704428 0.000000 0.000000 0.000000 0.000000
8667.38 0.646702 0.010878 0.646702 0.000000 0.000000 0.000000 0.000000
8672.38 0.761309 0.016971 0.761309 0.000000 0.000000 0.000000 0.000000
8677.38 0.800447 0.005638 0.800447 0.000000 0.000000 0.000000 0.000000
8682.38 0.813226 0.003896 0.813226 0.000000 0.000000 0.000000 0.000000
8687.39 0.815941 0.003312 0.815941 0.000000 0.000000 0.000000 0.000000
8692.39 0.809716 0.000000 0.809716 0.000000 0.000000 0.000000 0.000000
8697.39 0.834215 0.000746 0.834215 0.000000 0.000000 0.000000 0.000000
8702.39 0.841406 0.002255 0.841406 0.000000 0.000000 0.000000 0.000000
8707.39 0.848837 0.013307 0.848837 0.000000 0.000000 0.000000 0.000000
8712.39 0.839916 0.002930 0.839916 0.000000 0.000000 0.000000 0.000000
8717.39 0.846742 0.001381 0.846742 0.000000 0.000000 0.000000 0.000000
8722.40 0.863582 0.000488 0.863582 0.000000 0.000000 0.000000 0.000000
8727.40 0.860194 0.003152 0.860194 0.000000 0.000000 0.000000 0.000000
8732.40 0.854537 0.002568 0.854537 0.000000 0.000000 0.000000 0.000000
8737.40 0.849824 0.005430 0.849824 0.000000 0.000000 0.000000 0.000000
8742.40 0.847816 0.003977 0.847816 0.000000 0.000000 0.000000 0.000000
8747.40 0.845798 0.004007 0.845798 0.000000 0.000000 0.000000 0.000000
8752.40 0.845016 0.000399 0.845016 0.000000 0.000000 0.000000 0.000000
8757.40 0.847299 0.000630 0.847299 0.000000 0.000000 0.000000 0.000000
8762.41 0.857604 0.000488 0.857604 0.000000 0.000000 0.000000 0.000000
8767.41 0.852250 0.000000 0.852250 0.000000 0.000000 0.000000 0.000000
8772.41 0.842212 0.000399 0.842212 0.000000 0.000000 0.000000 0.000000
8777.41 0.837784 0.008377 0.837784 0.000000 0.000000 0.000000 0.000000
8782.41 0.870258 0.017143 0.870258 0.000000 0.000000 0.000000 0.000000
8787.41 0.871244 0.014311 0.871244 0.000000 0.000000 0.000000 0.000000
8792.41 0.854841 0.008499 0.854841 0.000000 0.000000 0.000000 0.000000
8797.42 0.845271 0.005121 0.845271 0.000000 0.000000 0.000000 0.000000
8802.42 0.836028 0.000846 0.836028 0.000000 0.000000 0.000000 0.000000
8807.42 0.806661 0.013587 0.806661 0.000000 0.000000 0.000000 0.000000
8812.42 0.794655 0.015389 0.794655 0.000000 0.000000 0.000000 0.000000
8817.42 0.837581 0.017220 0.837581 0.000000 0.000000 0.000000 0.000000
8822.42 0.849865 0.002375 0.849865 0.000000 0.000000 0.000000 0.000000
8827.42 0.838356 0.005819 0.838356 0.000000 0.000000 0.000000 0.000000
8832.42 0.852462 0.003263 0.852462 0.000000 0.000000 0.000000 0.000000
8837.43 0.856341 0.008438 0.856341 0.000000 0.000000 0.000000 0.000000
8842.43 0.841453 0.003814 0.841453 0.000000 0.000000 0.000000 0.000000
8847.43 0.849447 0.007627 0.849447 0.000000 0.000000 0.000000 0.000000
8852.43 0.866854 0.002409 0.866854 0.000000 0.000000 0.000000 0.000000
8857.43 0.874036 0.008078 0.874036 0.000000 0.000000 0.000000 0.000000
8862.43 0.831278 0.019693 0.831278 0.000000 0.000000 0.000000 0.000000
8867.43 0.836441 0.005596 0.836441 0.000000 0.000000 0.000000 0.000000
8872.44 0.837292 0.006611 0.837292 0.000000 0.000000 0.000000 0.000000
8877.44 0.858110 0.004899 0.858110 0.000000 0.000000 0.000000 0.000000
8882.44 0.851758 0.000000 0.851758 0.000000 0.000000 0.000000 0.000000
8887.44 0.860509 0.009672 0.860509 0.000000 0.000000 0.000000 0.000000
8892.44 0.862487 0.002308 0.862487 0.000000 0.000000 0.000000 0.000000
8897.44 0.858919 0.000000 0.858919 0.000000 0.000000 0.000000 0.000000
8902.44 0.866818 0.001162 0.866818 0.000000 0.000000 0.000000 0.000000
8907.45 0.851937 0.010984 0.851937 0.000000 0.000000 0.000000 0.000000
8912.45 0.851604 0.008857 0.851604 0.000000 0.000000 0.000000 0.000000
8917.45 0.853360 0.005638 0.853360 0.000000 0.000000 0.000000 0.000000
8922.45 0.847375 0.003023 0.847375 0.000000 0.000000 0.000000 0.000000
8927.45 0.836914 0.009951 0.836914 0.000000 0.000000 0.000000 0.000000
8932.45 0.845609 0.000630 0.845609 0.000000 0.000000 0.000000 0.000000
8937.45 0.838216 0.004257 0.838216 0.000000 0.000000 0.000000 0.000000
8942.45 0.841374 0.002072 0.841374 0.000000 0.000000 0.000000 0.000000
8947.46 0.845182 0.007132 0.845182 0.000000 0.000000 0.000000 0.000000
8952.46 0.842777 0.003632 0.842777 0.000000 0.000000 0.000000 0.000000
8957.46 0.848543 0.009350 0.848543 0.000000 0.000000 0.000000 0.000000
8962.46 0.848814 0.009635 0.848814 0.000000 0.000000 0.000000 0.000000
8967.46 0.838909 0.000000 0.838909 0.000000 0.000000 0.000000 0.000000
8972.46 0.837578 0.002645 0.837578 0.000000 0.000000 0.000000 0.000000
8977.46 0.827388 0.002490 0.827388 0.000000 0.000000 0.000000 0.000000
8982.47 0.829974 0.009863 0.829974 0.000000 0.000000 0.000000 0.000000
8987.47 0.819071 0.009069 0.819071 0.000000 0.000000 0.000000 0.000000
8992.47 0.797826 0.003708 0.797826 0.000000 0.000000 0.000000 0.000000
8997.47 0.803170 0.011184 0.803170 0.000000 0.000000 0.000000 0.000000
9002.47 0.797554 0.007400 0.797554 0.000000 0.000000 0.000000 0.000000
9007.47 0.803336 0.008726 0.803336 0.000000 0.000000 0.000000 0.000000
9012.47 0.794253 0.013307 0.794253 0.000000 0.000000 0.000000 0.000000
9017.47 0.801312 0.020065 0.801312 0.000000 0.000000 0.000000 0.000000
9022.48 0.808602 0.027093 0.808602 0.000000 0.000000 0.000000 0.000000
9027.48 0.807401 0.041819 0.807401 0.000000 0.000000 0.000000 0.000000
9032.48 0.830239 0.024790 0.830239 0.000000 0.000000 0.000000 0.000000
9037.48 0.849919 0.005722 0.849919 0.000000 0.000000 0.000000 0.000000
9042.48 0.850516 0.001261 0.850516 0.000000 0.000000 0.000000 0.000000
9047.48 0.840975 0.000399 0.840975 0.000000 0.000000 0.000000 0.000000
9052.48 0.838598 0.014255 0.838598 0.000000 0.000000 0.000000 0.000000
9057.49 0.831692 0.025408 0.831692 0.000000 0.000000 0.000000 0.000000
9062.49 0.821021 0.030314 0.821021 0.000000 0.000000 0.000000 0.000000
9067.49 0.805800 0.025049 0.805800 0.000000 0.000000 0.000000 0.000000
9072.49 0.800444 0.025799 0.800444 0.000000 0.000000 0.000000 0.000000
9077.49 0.790232 0.015764 0.790232 0.000000 0.000000 0.000000 0.000000
9082.49 0.797600 0.021057 0.797600 0.000000 0.000000 0.000000 0.000000
9087.49 0.777815 0.009430 0.777815 0.000000 0.000000 0.000000 0.000000
9092.50 0.775880 0.021678 0.775880 0.000000 0.000000 0.000000 0.000000
9097.50 0.784370 0.021857 0.784370 0.000000 0.000000 0.000000 0.000000
9102.50 0.779186 0.035391 0.779186 0.000000 0.000000 0.000000 0.000000
9107.50 0.791193 0.024617 0.791193 0.000000 0.000000 0.000000 0.000000
9112.50 0.797979 0.014976 0.797979 0.000000 0.000000 0.000000 0.000000
9117.50 0.795908 0.010616 0.795908 0.000000 0.000000 0.000000 0.000000
9122.50 0.787463 0.008611 0.787463 0.000000 0.000000 0.000000 0.000000
9127.50 0.793612 0.014775 0.793612 0.000000 0.000000 0.000000 0.000000
9132.51 0.791545 0.030779 0.791545 0.000000 0.000000 0.000000 0.000000
9137.51 0.772112 0.025873 0.772112 0.000000 0.000000 0.000000 0.000000
9142.51 0.749568 0.013564 0.749568 0.000000 0.000000 0.000000 0.000000
9147.51 0.734516 0.004007 0.734516 0.000000 0.000000 0.000000 0.000000
9152.51 0.730179 0.002184 0.730179 0.000000 0.000000 0.000000 0.000000
9157.51 0.723012 0.005349 0.723012 0.000000 0.000000 0.000000 0.000000
9162.51 0.727801 0.000630 0.727801 0.000000 0.000000 0.000000 0.000000
9167.52 0.730717 0.005659 0.730717 0.000000 0.000000 0.000000 0.000000
9172.52 0.712497 0.012943 0.712497 0.000000 0.000000 0.000000 0.000000
9177.52 0.692253 0.034195 0.692253 0.000000 0.000000 0.000000 0.000000
9182.52 0.724578 0.003865 0.724578 0.000000 0.000000 0.000000 0.000000
9187.52 0.719641 0.003227 0.719641 0.000000 0.000000 0.000000 0.000000
9192.52 0.721923 0.003532 0.721923 0.000000 0.000000 0.000000 0.000000
9197.52 0.721799 0.007204 0.721799 0.000000 0.000000 0.000000 0.000000
9202.52 0.717532 0.015345 0.717532 0.000000 0.000000 0.000000 0.000000
9207.53 0.727190 0.006459 0.727190 0.000000 0.000000 0.000000 0.000000
9212.53 0.722101 0.014152 0.722101 0.000000 0.000000 0.000000 0.000000
9217.53 0.721683 0.016811 0.721683 0.000000 0.000000 0.000000 0.000000
9222.53 0.729507 0.011120 0.729507 0.000000 0.000000 0.000000 0.000000
9227.53 0.741533 0.002033 0.741533 0.000000 0.000000 0.000000 0.000000
9232.53 0.742690 0.005378 0.742690 0.000000 0.000000 0.000000 0.000000
9237.53 0.745160 0.004915 0.745160 0.000000 0.000000 0.000000 0.000000
9242.54 0.741098 0.007622 0.741098 0.000000 0.000000 0.000000 0.000000
9247.54 0.724190 0.019677 0.724190 0.000000 0.000000 0.000000 0.000000
9252.54 0.725628 0.008146 0.725628 0.000000 0.000000 0.000000 0.000000
9257.54 0.726729 0.001322 0.726729 0.000000 0.000000 0.000000 0.000000
9262.54 0.732522 0.010373 0.732522 0.000000 0.000000 0.000000 0.000000
9267.54 0.736192 0.008443 0.736192 0.000000 0.000000 0.000000 0.000000
9272.54 0.758103 0.021753 0.758103 0.000000 0.000000 0.000000 0.000000
9277.55 0.757678 0.007506 0.757678 0.000000 0.000000 0.000000 0.000000
9282.55 0.763661 0.002943 0.763661 0.000000 0.000000 0.000000 0.000000
9287.55 0.760802 0.006027 0.760802 0.000000 0.000000 0.000000 0.000000
9292.55 0.754092 0.012804 0.754092 0.000000 0.000000 0.000000 0.000000
9297.55 0.756923 0.001544 0.756923 0.000000 0.000000 0.000000 0.000000
9302.55 0.748358 0.003865 0.748358 0.000000 0.000000 0.000000 0.000000
9307.55 0.747347 0.024403 0.747347 0.000000 0.000000 0.000000 0.000000
9312.55 0.719242 0.014202 0.719242 0.000000 0.000000 0.000000 0.000000
9317.56 0.714674 0.024641 0.714674 0.000000 0.000000 0.000000 0.000000
9322.56 0.681759 0.011262 0.681759 0.000000 0.000000 0.000000 0.000000
9327.56 0.707387 0.002748 0.707387 0.000000 0.000000 0.000000 0.000000
9332.56 0.724293 0.002997 0.724293 0.000000 0.000000 0.000000 0.000000
9337.56 0.719562 0.032428 0.719562 0.000000 0.000000 0.000000 0.000000
9342.56 0.714655 0.049742 0.714655 0.000000 0.000000 0.000000 0.000000
9347.56 0.683343 0.077644 0.683343 0.000000 0.000000 0.000000 0.000000
9352.57 0.705646 0.029844 0.705646 0.000000 0.000000 0.000000 0.000000
9357.57 0.700833 0.009085 0.700833 0.000000 0.000000 0.000000 0.000000
9362.57 0.675796 0.016931 0.675796 0.000000 0.000000 0.000000 0.000000
9367.57 0.700994 0.020493 0.700994 0.000000 0.000000 0.000000 0.000000
9372.57 0.689163 0.003183 0.689163 0.000000 0.000000 0.000000 0.000000
9377.57 0.701003 0.004051 0.701003 0.000000 0.000000 0.000000 0.000000
9382.57 0.709442 0.005386 0.709442 0.000000 0.000000 0.000000 0.000000
9387.58 0.711341 0.025238 0.711341 0.000000 0.000000 0.000000 0.000000
9392.58 0.741505 0.009091 0.741505 0.000000 0.000000 0.000000 0.000000
9397.58 0.774176 0.020205 0.774176 0.000000 0.000000 0.000000 0.000000
9402.58 0.783829 0.040110 0.783829 0.000000 0.000000 0.000000 0.000000
9407.58 0.794224 0.081975 0.794224 0.000000 0.000000 0.000000 0.000000
9412.58 0.732937 0.054108 0.732937 0.000000 0.000000 0.000000 0.000000
9417.58 0.697934 0.058581 0.697934 0.000000 0.000000 0.000000 0.000000
9422.58 0.678933 0.072467 0.678933 0.000000 0.000000 0.000000 0.000000
9427.59 0.669823 0.080156 0.669823 0.000000 0.000000 0.000000 0.000000
9432.59 0.643356 0.051631 0.643356 0.000000 0.000000 0.000000 0.000000
9437.59 0.627528 0.023155 0.627528 0.000000 0.000000 0.000000 0.000000
9442.59 0.635245 0.013576 0.635245 0.000000 0.000000 0.000000 0.000000
9447.59 0.643933 0.000527 0.643933 0.000000 0.000000 0.000000 0.000000
9452.59 0.680562 0.018397 0.680562 0.000000 0.000000 0.000000 0.000000
9457.59 0.695493 0.012546 0.695493 0.000000 0.000000 0.000000 0.000000
9462.60 0.699380 0.001805 0.699380 0.000000 0.000000 0.000000 0.000000
9467.60 0.709795 0.002110 0.709795 0.000000 0.000000 0.000000 0.000000
9472.60 0.734279 0.019872 0.734279 0.000000 0.000000 0.000000 0.000000
9477.60 0.732833 0.016825 0.732833 0.000000 0.000000 0.000000 0.000000
9482.60 0.722090 0.006859 0.722090 0.000000 0.000000 0.000000 0.000000
9487.60 0.656411 0.064046 0.656411 0.000000 0.000000 0.000000 0.000000
9492.60 0.745566 0.044194 0.745566 0.000000 0.000000 0.000000 0.000000
9497.60 0.714566 0.011705 0.714566 0.000000 0.000000 0.000000 0.000000
9502.61 0.689570 0.018172 0.689570 0.000000 0.000000 0.000000 0.000000
9507.61 0.718226 0.008151 0.718226 0.000000 0.000000 0.000000 0.000000
9512.61 0.749920 0.034490 0.749920 0.000000 0.000000 0.000000 0.000000
9517.61 0.754102 0.028751 0.754102 0.000000 0.000000 0.000000 0.000000
9522.61 0.719206 0.019251 0.719206 0.000000 0.000000 0.000000 0.000000
9527.61 0.715702 0.025737 0.715702 0.000000 0.000000 0.000000 0.000000
9532.61 0.738696 0.002916 0.738696 0.000000 0.000000 0.000000 0.000000
9537.62 0.736435 0.005437 0.736435 0.000000 0.000000 0.000000 0.000000
9542.62 0.716512 0.010878 0.716512 0.000000 0.000000 0.000000 0.000000
9547.62 0.715657 0.004964 0.715657 0.000000 0.000000 0.000000 0.000000
9552.62 0.709016 0.006059 0.709016 0.000000 0.000000 0.000000 0.000000
9557.62 0.714412 0.006040 0.714412 0.000000 0.000000 0.000000 0.000000
9562.62 0.704214 0.000956 0.704214 0.000000 0.000000 0.000000 0.000000
9567.62 0.718674 0.019108 0.718674 0.000000 0.000000 0.000000 0.000000
9572.63 0.721004 0.023682 0.721004 0.000000 0.000000 0.000000 0.000000
9577.63 0.711730 0.013351 0.711730 0.000000 0.000000 0.000000 0.000000
9582.63 0.710868 0.011188 0.710868 0.000000 0.000000 0.000000 0.000000
9587.63 0.706469 0.003577 0.706469 0.000000 0.000000 0.000000 0.000000
9592.63 0.706911 0.001092 0.706911 0.000000 0.000000 0.000000 0.000000
9597.63 0.703507 0.005210 0.703507 0.000000 0.000000 0.000000 0.000000
9602.63 0.702208 0.007308 0.702208 0.000000 0.000000 0.000000 0.000000
9607.63 0.710330 0.003927 0.710330 0.000000 0.000000 0.000000 0.000000
9612.64 0.708573 0.005378 0.708573 0.000000 0.000000 0.000000 0.000000
9617.64 0.714150 0.015678 0.714150 0.000000 0.000000 0.000000 0.000000
9622.64 0.709702 0.013561 0.709702 0.000000 0.000000 0.000000 0.000000
9627.64 0.697189 0.000282 0.697189 0.000000 0.000000 0.000000 0.000000
9632.64 0.707814 0.012060 0.707814 0.000000 0.000000 0.000000 0.000000
9637.64 0.706939 0.009152 0.706939 0.000000 0.000000 0.000000 0.000000
9642.64 0.700250 0.001492 0.700250 0.000000 0.000000 0.000000 0.000000
9647.65 0.685708 0.021833 0.685708 0.000000 0.000000 0.000000 0.000000
9652.65 0.680546 0.031716 0.680546 0.000000 0.000000 0.000000 0.000000
9657.65 0.709179 0.002614 0.709179 0.000000 0.000000 0.000000 0.000000
9662.65 0.707204 0.008662 0.707204 0.000000 0.000000 0.000000 0.000000
9667.65 0.694516 0.026459 0.694516 0.000000 0.000000 0.000000 0.000000
9672.65 0.702999 0.018578 0.702999 0.000000 0.000000 0.000000 0.000000
9677.65 0.707719 0.013105 0.707719 0.000000 0.000000 0.000000 0.000000
9682.65 0.701630 0.017490 0.701630 0.000000 0.000000 0.000000 0.000000
9687.66 0.705308 0.007651 0.705308 0.000000 0.000000 0.000000 0.000000
9692.66 0.707065 0.001656 0.707065 0.000000 0.000000 0.000000 0.000000
9697.66 0.706746 0.008579 0.706746 0.000000 0.000000 0.000000 0.000000
9702.66 0.713728 0.022328 0.713728 0.000000 0.000000 0.000000 0.000000
9707.66 0.699120 0.008308 0.699120 0.000000 0.000000 0.000000 0.000000
9712.66 0.695959 0.005109 0.695959 0.000000 0.000000 0.000000 0.000000
9717.66 0.700528 0.009290 0.700528 0.000000 0.000000 0.000000 0.000000
9722.67 0.669612 0.028198 0.669612 0.000000 0.000000 0.000000 0.000000
9727.67 0.677398 0.020961 0.677398 0.000000 0.000000 0.000000 0.000000
9732.67 0.683651 0.015274 0.683651 0.000000 0.000000 0.000000 0.000000
9737.67 0.692436 0.006385 0.692436 0.000000 0.000000 0.000000 0.000000
9742.67 0.686770 0.013870 0.686770 0.000000 0.000000 0.000000 0.000000
9747.67 0.689983 0.010604 0.689983 0.000000 0.000000 0.000000 0.000000
9752.67 0.701755 0.003627 0.701755 0.000000 0.000000 0.000000 0.000000
9757.68 0.718456 0.025337 0.718456 0.000000 0.000000 0.000000 0.000000
9762.68 0.693098 0.000977 0.693098 0.000000 0.000000 0.000000 0.000000
9767.68 0.683375 0.002667 0.683375 0.000000 0.000000 0.000000 0.000000
9772.68 0.675760 0.003164 0.675760 0.000000 0.000000 0.000000 0.000000
9777.68 0.669985 0.003300 0.669985 0.000000 0.000000 0.000000 0.000000
9782.68 0.674120 0.003724 0.674120 0.000000 0.000000 0.000000 0.000000
9787.68 0.672606 0.001726 0.672606 0.000000 0.000000 0.000000 0.000000
9792.68 0.679300 0.002246 0.679300 0.000000 0.000000 0.000000 0.000000
9797.69 0.696046 0.006466 0.696046 0.000000 0.000000 0.000000 0.000000
9802.69 0.699782 0.000000 0.699782 0.000000 0.000000 0.000000 0.000000
9807.69 0.707678 0.000000 0.707678 0.000000 0.000000 0.000000 0.000000
9812.69 0.713832 0.000000 0.713832 0.000000 0.000000 0.000000 0.000000
9817.69 0.718263 0.000000 0.718263 0.000000 0.000000 0.000000 0.000000
9822.69 0.720987 0.000000 0.720987 0.000000 0.000000 0.000000 0.000000
9827.69 0.722042 0.000000 0.722042 0.000000 0.000000 0.000000 0.000000
9832.70 0.721552 0.000000 0.721552 0.000000 0.000000 0.000000 0.000000
9837.70 0.719660 0.000000 0.719660 0.000000 0.000000 0.000000 0.000000
9842.70 0.716512 0.000000 0.716512 0.000000 0.000000 0.000000 0.000000
9847.70 0.712360 0.000000 0.712360 0.000000 0.000000 0.000000 0.000000
9852.70 0.707882 0.000000 0.707882 0.000000 0.000000 0.000000 0.000000
9857.70 0.703869 0.000000 0.703869 0.000000 0.000000 0.000000 0.000000
9862.70 0.701106 0.000000 0.701106 0.000000 0.000000 0.000000 0.000000
9867.71 0.700125 0.000000 0.700125 0.000000 0.000000 0.000000 0.000000
9872.71 0.700424 0.000000 0.700424 0.000000 0.000000 0.000000 0.000000
9877.71 0.701248 0.000000 0.701248 0.000000 0.000000 0.000000 0.000000
9882.71 0.701838 0.000000 0.701838 0.000000 0.000000 0.000000 0.000000
9887.71 0.701574 0.000000 0.701574 0.000000 0.000000 0.000000 0.000000
9892.71 0.700390 0.000000 0.700390 0.000000 0.000000 0.000000 0.000000
9897.71 0.698357 0.000000 0.698357 0.000000 0.000000 0.000000 0.000000
9902.71 0.695547 0.000000 0.695547 0.000000 0.000000 0.000000 0.000000
9907.72 0.692086 0.000000 0.692086 0.000000 0.000000 0.000000 0.000000
9912.72 0.688321 0.000000 0.688321 0.000000 0.000000 0.000000 0.000000
9917.72 0.684654 0.000000 0.684654 0.000000 0.000000 0.000000 0.000000
9922.72 0.681487 0.000000 0.681487 0.000000 0.000000 0.000000 0.000000
9927.72 0.679197 0.000000 0.679197 0.000000 0.000000 0.000000 0.000000
9932.72 0.678060 0.000000 0.678060 0.000000 0.000000 0.000000 0.000000
9937.72 0.678328 0.000000 0.678328 0.000000 0.000000 0.000000 0.000000
9942.73 0.680251 0.000000 0.680251 0.000000 0.000000 0.000000 0.000000
9947.73 0.683849 0.000000 0.683849 0.000000 0.000000 0.000000 0.000000
9952.73 0.688208 0.000000 0.688208 0.000000 0.000000 0.000000 0.000000
9957.73 0.692182 0.000000 0.692182 0.000000 0.000000 0.000000 0.000000
9962.73 0.694625 0.000000 0.694625 0.000000 0.000000 0.000000 0.000000
9967.73 0.694814 0.000000 0.694814 0.000000 0.000000 0.000000 0.000000
9972.73 0.693710 0.000000 0.693710 0.000000 0.000000 0.000000 0.000000
9977.73 0.692698 0.000000 0.692698 0.000000 0.000000 0.000000 0.000000
9982.74 0.693163 0.000000 0.693163 0.000000 0.000000 0.000000 0.000000
9987.74 0.696059 0.000000 0.696059 0.000000 0.000000 0.000000 0.000000
9992.74 0.700623 0.000000 0.700623 0.000000 0.000000 0.000000 0.000000
9997.74 0.705659 0.000000 0.705659 0.000000 0.000000 0.000000 0.000000
10002.74 0.709973 0.000000 0.709973 0.000000 0.000000 0.000000 0.000000
10007.74 0.712657 0.000000 0.712657 0.000000 0.000000 0.000000 0.000000
10012.74 0.713935 0.000000 0.713935 0.000000 0.000000 0.000000 0.000000
10017.75 0.714317 0.000000 0.714317 0.000000 0.000000 0.000000 0.000000
10022.75 0.714313 0.000000 0.714313 0.000000 0.000000 0.000000 0.000000
10027.75 0.714253 0.000000 0.714253 0.000000 0.000000 0.000000 0.000000
10032.75 0.713754 0.000000 0.713754 0.000000 0.000000 0.000000 0.000000
10037.75 0.712250 0.000000 0.712250 0.000000 0.000000 0.000000 0.000000
10042.75 0.709178 0.000000 0.709178 0.000000 0.000000 0.000000 0.000000
10047.75 0.704275 0.000000 0.704275 0.000000 0.000000 0.000000 0.000000
10052.76 0.698479 0.000000 0.698479 0.000000 0.000000 0.000000 0.000000
10057.76 0.693028 0.000000 0.693028 0.000000 0.000000 0.000000 0.000000
10062.76 0.689163 0.000000 0.689163 0.000000 0.000000 0.000000 0.000000
10067.76 0.687785 0.000000 0.687785 0.000000 0.000000 0.000000 0.000000
10072.76 0.688457 0.000000 0.688457 0.000000 0.000000 0.000000 0.000000
10077.76 0.690404 0.000000 0.690404 0.000000 0.000000 0.000000 0.000000
10082.76 0.692853 0.000000 0.692853 0.000000 0.000000 0.000000 0.000000
10087.76 0.695171 0.000000 0.695171 0.000000 0.000000 0.000000 0.000000
10092.77 0.697294 0.000000 0.697294 0.000000 0.000000 0.000000 0.000000
10097.77 0.699302 0.000000 0.699302 0.000000 0.000000 0.000000 0.000000
10102.77 0.701273 0.000000 0.701273 0.000000 0.000000 0.000000 0.000000
10107.77 0.703087 0.000000 0.703087 0.000000 0.000000 0.000000 0.000000
10112.77 0.703830 0.000000 0.703830 0.000000 0.000000 0.000000 0.000000
10117.77 0.702389 0.000000 0.702389 0.000000 0.000000 0.000000 0.000000
10122.77 0.697652 0.000000 0.697652 0.000000 0.000000 0.000000 0.000000
10127.78 0.689114 0.000000 0.689114 0.000000 0.000000 0.000000 0.000000
10132.78 0.678700 0.000000 0.678700 0.000000 0.000000 0.000000 0.000000
10137.78 0.668942 0.000000 0.668942 0.000000 0.000000 0.000000 0.000000
10142.78 0.662374 0.000000 0.662374 0.000000 0.000000 0.000000 0.000000
10147.78 0.660879 0.000000 0.660879 0.000000 0.000000 0.000000 0.000000
10152.78 0.663751 0.000000 0.663751 0.000000 0.000000 0.000000 0.000000
10157.78 0.669635 0.000000 0.669635 0.000000 0.000000 0.000000 0.000000
10162.79 0.677175 0.000000 0.677175 0.000000 0.000000 0.000000 0.000000
10167.79 0.685073 0.000000 0.685073 0.000000 0.000000 0.000000 0.000000
10172.79 0.692252 0.000000 0.692252 0.000000 0.000000 0.000000 0.000000
10177.79 0.697691 0.000000 0.697691 0.000000 0.000000 0.000000 0.000000
10182.79 0.700369 0.000000 0.700369 0.000000 0.000000 0.000000 0.000000
10187.79 0.699634 0.000000 0.699634 0.000000 0.000000 0.000000 0.000000
10192.79 0.696304 0.000000 0.696304 0.000000 0.000000 0.000000 0.000000
10197.79 0.691564 0.000000 0.691564 0.000000 0.000000 0.000000 0.000000
10202.80 0.686598 0.000000 0.686598 0.000000 0.000000 0.000000 0.000000
10207.80 0.682490 0.000000 0.682490 0.000000 0.000000 0.000000 0.000000
10212.80 0.679905 0.000000 0.679905 0.000000 0.000000 0.000000 0.000000
10217.80 0.679403 0.000000 0.679403 0.000000 0.000000 0.000000 0.000000
10222.80 0.681547 0.000000 0.681547 0.000000 0.000000 0.000000 0.000000
10227.80 0.686509 0.000000 0.686509 0.000000 0.000000 0.000000 0.000000
10232.80 0.692907 0.000000 0.692907 0.000000 0.000000 0.000000 0.000000
10237.81 0.698967 0.000000 0.698967 0.000000 0.000000 0.000000 0.000000
10242.81 0.702918 0.000000 0.702918 0.000000 0.000000 0.000000 0.000000
10247.81 0.703439 0.000000 0.703439 0.000000 0.000000 0.000000 0.000000
10252.81 0.701024 0.000000 0.701024 0.000000 0.000000 0.000000 0.000000
10257.81 0.696616 0.000000 0.696616 0.000000 0.000000 0.000000 0.000000
10262.81 0.691161 0.000000 0.691161 0.000000 0.000000 0.000000 0.000000
10267.81 0.685527 0.000000 0.685527 0.000000 0.000000 0.000000 0.000000
10272.81 0.680275 0.000000 0.680275 0.000000 0.000000 0.000000 0.000000
10277.82 0.675888 0.000000 0.675888 0.000000 0.000000 0.000000 0.000000
10282.82 0.672852 0.000000 0.672852 0.000000 0.000000 0.000000 0.000000
10287.82 0.671476 0.000000 0.671476 0.000000 0.000000 0.000000 0.000000
10292.82 0.671380 0.000000 0.671380 0.000000 0.000000 0.000000 0.000000
10297.82 0.672007 0.000000 0.672007 0.000000 0.000000 0.000000 0.000000
10302.82 0.672801 0.000000 0.672801 0.000000 0.000000 0.000000 0.000000
10307.82 0.675228 0.002158 0.673285 0.677170 0.000000 0.000000 0.000000
10312.83 0.674990 0.001901 0.673289 0.676692 0.000000 0.000000 0.000000
10317.83 0.674467 0.001968 0.672721 0.676213 0.000000 0.000000 0.000000
10322.83 0.673612 0.002364 0.671489 0.675735 0.000000 0.000000 0.000000
10327.83 0.672470 0.003130 0.669683 0.675258 0.000000 0.000000 0.000000
10332.83 0.671452 0.003713 0.668124 0.674780 0.000000 0.000000 0.000000
10337.83 0.671058 0.003621 0.667813 0.674303 0.000000 0.000000 0.000000
10342.83 0.671791 0.002259 0.669755 0.673827 0.000000 0.000000 0.000000
10347.84 0.673882 0.000610 0.674413 0.673351 0.000000 0.000000 0.000000
10352.84 0.676490 0.004044 0.680104 0.672875 0.000000 0.000000 0.000000
10357.84 0.678503 0.006824 0.684606 0.672400 0.000000 0.000000 0.000000
10362.84 0.678811 0.007696 0.685697 0.671925 0.000000 0.000000 0.000000
10367.84 0.676703 0.005867 0.681956 0.671451 0.000000 0.000000 0.000000
10372.84 0.673068 0.002340 0.675159 0.670977 0.000000 0.000000 0.000000
10377.84 0.669193 0.001457 0.667883 0.670503 0.000000 0.000000 0.000000
10382.84 0.666367 0.004090 0.662705 0.670030 0.000000 0.000000 0.000000
10387.85 0.665536 0.004502 0.661515 0.669557 0.000000 0.000000 0.000000
10392.85 0.666275 0.003142 0.663466 0.669084 0.000000 0.000000 0.000000
10397.85 0.667819 0.000926 0.667026 0.668612 0.000000 0.000000 0.000000
10402.85 0.669401 0.001431 0.670662 0.668140 0.000000 0.000000 0.000000
10407.85 0.670389 0.003033 0.673109 0.667669 0.000000 0.000000 0.000000
10412.85 0.670683 0.003894 0.674168 0.667198 0.000000 0.000000 0.000000
10417.85 0.670317 0.004012 0.673906 0.666728 0.000000 0.000000 0.000000
10422.86 0.669325 0.003431 0.672392 0.666258 0.000000 0.000000 0.000000
10427.86 0.667814 0.002276 0.669839 0.665788 0.000000 0.000000 0.000000
10432.86 0.666179 0.000946 0.667040 0.665319 0.000000 0.000000 0.000000
10437.86 0.664892 0.000000 0.664934 0.664850 0.000000 0.000000 0.000000
10442.86 0.664421 0.000000 0.664460 0.664382 0.000000 0.000000 0.000000
10447.86 0.665056 0.001295 0.666198 0.663914 0.000000 0.000000 0.000000
10452.86 0.666372 0.003270 0.669299 0.663446 0.000000 0.000000 0.000000
10457.87 0.667767 0.005356 0.672556 0.662979 0.000000 0.000000 0.000000
10462.87 0.668637 0.006848 0.674763 0.662512 0.000000 0.000000 0.000000
10467.87 0.668473 0.007186 0.674901 0.662045 0.000000 0.000000 0.000000
10472.87 0.667148 0.006227 0.672716 0.661579 0.000000 0.000000 0.000000
10477.87 0.664627 0.003927 0.668141 0.661114 0.000000 0.000000 0.000000
10482.87 0.660879 0.000193 0.661109 0.660649 0.000000 0.000000 0.000000
10487.87 0.656055 0.004620 0.651927 0.660184 0.000000 0.000000 0.000000
10492.87 0.651061 0.009681 0.642402 0.659719 0.000000 0.000000 0.000000
10497.88 0.646983 0.013723 0.634711 0.659255 0.000000 0.000000 0.000000
10502.88 0.644913 0.015517 0.631035 0.658792 0.000000 0.000000 0.000000
10507.88 0.645559 0.014278 0.632790 0.658328 0.000000 0.000000 0.000000
10512.88 0.648105 0.010913 0.638345 0.657866 0.000000 0.000000 0.000000
10517.88 0.651355 0.006761 0.645307 0.657403 0.000000 0.000000 0.000000
10522.88 0.654111 0.003160 0.651281 0.656941 0.000000 0.000000 0.000000
10527.88 0.655442 0.001158 0.654404 0.656480 0.000000 0.000000 0.000000
10532.89 0.655473 0.000640 0.654928 0.656018 0.000000 0.000000 0.000000
10537.89 0.654595 0.001057 0.653633 0.655558 0.000000 0.000000 0.000000
10542.89 0.653198 0.002141 0.651299 0.655097 0.000000 0.000000 0.000000
10547.89 0.651620 0.003371 0.648602 0.654637 0.000000 0.000000 0.000000
10552.89 0.649983 0.004692 0.645788 0.654178 0.000000 0.000000 0.000000
10557.89 0.648360 0.005993 0.643001 0.653719 0.000000 0.000000 0.000000
10562.89 0.646820 0.007199 0.640381 0.653260 0.000000 0.000000 0.000000
10567.89 0.645456 0.008216 0.638111 0.652801 0.000000 0.000000 0.000000
10572.90 0.644443 0.008832 0.636542 0.652343 0.000000 0.000000 0.000000
10577.90 0.643975 0.008841 0.636065 0.651886 0.000000 0.000000 0.000000
10582.90 0.644250 0.008026 0.637072 0.651429 0.000000 0.000000 0.000000
10587.90 0.645345 0.006293 0.639718 0.650972 0.000000 0.000000 0.000000
10592.90 0.646863 0.004076 0.643211 0.650516 0.000000 0.000000 0.000000
10597.90 0.648292 0.001987 0.646524 0.650060 0.000000 0.000000 0.000000
10602.90 0.649116 0.000579 0.648628 0.649604 0.000000 0.000000 0.000000
10607.91 0.648955 0.000193 0.648760 0.649149 0.000000 0.000000 0.000000
10612.91 0.647955 0.000841 0.647215 0.648694 0.000000 0.000000 0.000000
10617.91 0.646396 0.002070 0.644552 0.648240 0.000000 0.000000 0.000000
10622.91 0.644557 0.003601 0.641329 0.647786 0.000000 0.000000 0.000000
10627.91 0.647332 0.000000 0.000000 0.647332 0.000000 0.000000 0.000000
10632.91 0.646879 0.000000 0.000000 0.646879 0.000000 0.000000 0.000000
10637.91 0.646427 0.000000 0.000000 0.646427 0.000000 0.000000 0.000000
10642.92 0.645974 0.000000 0.000000 0.645974 0.000000 0.000000 0.000000
10647.92 0.645522 0.000000 0.000000 0.645522 0.000000 0.000000 0.000000
10652.92 0.645071 0.000000 0.000000 0.645071 0.000000 0.000000 0.000000
10657.92 0.644620 0.000000 0.000000 0.644620 0.000000 0.000000 0.000000
10662.92 0.644169 0.000000 0.000000 0.644169 0.000000 0.000000 0.000000
10667.92 0.643719 0.000000 0.000000 0.643719 0.000000 0.000000 0.000000
10672.92 0.643269 0.000000 0.000000 0.643269 0.000000 0.000000 0.000000
10677.92 0.642819 0.000000 0.000000 0.642819 0.000000 0.000000 0.000000
10682.93 0.642370 0.000000 0.000000 0.642370 0.000000 0.000000 0.000000
10687.93 0.641921 0.000000 0.000000 0.641921 0.000000 0.000000 0.000000
10692.93 0.641473 0.000000 0.000000 0.641473 0.000000 0.000000 0.000000
10697.93 0.641025 0.000000 0.000000 0.641025 0.000000 0.000000 0.000000
10702.93 0.640578 0.000000 0.000000 0.640578 0.000000 0.000000 0.000000
10707.93 0.640130 0.000000 0.000000 0.640130 0.000000 0.000000 0.000000
10712.93 0.639684 0.000000 0.000000 0.639684 0.000000 0.000000 0.000000
10717.94 0.639237 0.000000 0.000000 0.639237 0.000000 0.000000 0.000000
10722.94 0.638791 0.000000 0.000000 0.638791 0.000000 0.000000 0.000000
10727.94 0.638346 0.000000 0.000000 0.638346 0.000000 0.000000 0.000000
10732.94 0.637901 0.000000 0.000000 0.637901 0.000000 0.000000 0.000000
10737.94 0.637456 0.000000 0.000000 0.637456 0.000000 0.000000 0.000000
10742.94 0.637012 0.000000 0.000000 0.637012 0.000000 0.000000 0.000000
10747.94 0.636568 0.000000 0.000000 0.636568 0.000000 0.000000 0.000000
10752.95 0.636124 0.000000 0.000000 0.636124 0.000000 0.000000 0.000000
10757.95 0.635681 0.000000 0.000000 0.635681 0.000000 0.000000 0.000000
10762.95 0.635239 0.000000 0.000000 0.635239 0.000000 0.000000 0.000000
10767.95 0.634796 0.000000 0.000000 0.634796 0.000000 0.000000 0.000000
10772.95 0.634354 0.000000 0.000000 0.634354 0.000000 0.000000 0.000000
10777.95 0.633913 0.000000 0.000000 0.633913 0.000000 0.000000 0.000000
10782.95 0.633472 0.000000 0.000000 0.633472 0.000000 0.000000 0.000000
10787.95 0.633031 0.000000 0.000000 0.633031 0.000000 0.000000 0.000000
10792.96 0.632591 0.000000 0.000000 0.632591 0.000000 0.000000 0.000000
10797.96 0.632151 0.000000 0.000000 0.632151 0.000000 0.000000 0.000000
10802.96 0.631712 0.000000 0.000000 0.631712 0.000000 0.000000 0.000000
10807.96 0.631272 0.000000 0.000000 0.631272 0.000000 0.000000 0.000000
10812.96 0.630834 0.000000 0.000000 0.630834 0.000000 0.000000 0.000000
10817.96 0.630395 0.000000 0.000000 0.630395 0.000000 0.000000 0.000000
10822.96 0.629958 0.000000 0.000000 0.629958 0.000000 0.000000 0.000000
10827.97 0.629520 0.000000 0.000000 0.629520 0.000000 0.000000 0.000000
10832.97 0.629083 0.000000 0.000000 0.629083 0.000000 0.000000 0.000000
10837.97 0.628646 0.000000 0.000000 0.628646 0.000000 0.000000 0.000000
10842.97 0.628210 0.000000 0.000000 0.628210 0.000000 0.000000 0.000000
10847.97 0.627774 0.000000 0.000000 0.627774 0.000000 0.000000 0.000000
10852.97 0.627339 0.000000 0.000000 0.627339 0.000000 0.000000 0.000000
10857.97 0.626904 0.000000 0.000000 0.626904 0.000000 0.000000 0.000000
10862.97 0.626469 0.000000 0.000000 0.626469 0.000000 0.000000 0.000000
10867.98 0.626035 0.000000 0.000000 0.626035 0.000000 0.000000 0.000000
10872.98 0.625601 0.000000 0.000000 0.625601 0.000000 0.000000 0.000000
10877.98 0.625167 0.000000 0.000000 0.625167 0.000000 0.000000 0.000000
10882.98 0.624734 0.000000 0.000000 0.624734 0.000000 0.000000 0.000000
10887.98 0.624302 0.000000 0.000000 0.624302 0.000000 0.000000 0.000000
10892.98 0.623869 0.000000 0.000000 0.623869 0.000000 0.000000 0.000000
10897.98 0.623437 0.000000 0.000000 0.623437 0.000000 0.000000 0.000000
10902.99 0.623006 0.000000 0.000000 0.623006 0.000000 0.000000 0.000000
10907.99 0.622575 0.000000 0.000000 0.622575 0.000000 0.000000 0.000000
10912.99 0.622144 0.000000 0.000000 0.622144 0.000000 0.000000 0.000000
10917.99 0.621714 0.000000 0.000000 0.621714 0.000000 0.000000 0.000000
10922.99 0.621284 0.000000 0.000000 0.621284 0.000000 0.000000 0.000000
10927.99 0.620854 0.000000 0.000000 0.620854 0.000000 0.000000 0.000000
10932.99 0.620425 0.000000 0.000000 0.620425 0.000000 0.000000 0.000000
10938.00 0.619997 0.000000 0.000000 0.619997 0.000000 0.000000 0.000000
10943.00 0.619568 0.000000 0.000000 0.619568 0.000000 0.000000 0.000000
10948.00 0.619141 0.000000 0.000000 0.619141 0.000000 0.000000 0.000000
10953.00 0.618713 0.000000 0.000000 0.618713 0.000000 0.000000 0.000000
10958.00 0.618286 0.000000 0.000000 0.618286 0.000000 0.000000 0.000000
10963.00 0.617859 0.000000 0.000000 0.617859 0.000000 0.000000 0.000000
10968.00 0.617433 0.000000 0.000000 0.617433 0.000000 0.000000 0.000000
10973.00 0.617007 0.000000 0.000000 0.617007 0.000000 0.000000 0.000000
10978.01 0.616582 0.000000 0.000000 0.616582 0.000000 0.000000 0.000000
10983.01 0.616157 0.000000 0.000000 0.616157 0.000000 0.000000 0.000000
10988.01 0.615732 0.000000 0.000000 0.615732 0.000000 0.000000 0.000000
10993.01 0.615308 0.000000 0.000000 0.615308 0.000000 0.000000 0.000000
10998.01 0.614884 0.000000 0.000000 0.614884 0.000000 0.000000 0.000000
11003.01 0.614460 0.000000 0.000000 0.614460 0.000000 0.000000 0.000000
11008.01 0.614037 0.000000 0.000000 0.614037 0.000000 0.000000 0.000000
11013.02 0.613614 0.000000 0.000000 0.613614 0.000000 0.000000 0.000000
11018.02 0.613192 0.000000 0.000000 0.613192 0.000000 0.000000 0.000000
11023.02 0.612770 0.000000 0.000000 0.612770 0.000000 0.000000 0.000000
11028.02 0.612349 0.000000 0.000000 0.612349 0.000000 0.000000 0.000000
11033.02 0.611928 0.000000 0.000000 0.611928 0.000000 0.000000 0.000000
11038.02 0.611507 0.000000 0.000000 0.611507 0.000000 0.000000 0.000000
11043.02 0.611087 0.000000 0.000000 0.611087 0.000000 0.000000 0.000000
11048.03 0.610667 0.000000 0.000000 0.610667 0.000000 0.000000 0.000000
11053.03 0.610247 0.000000 0.000000 0.610247 0.000000 0.000000 0.000000
11058.03 0.609828 0.000000 0.000000 0.609828 0.000000 0.000000 0.000000
11063.03 0.609409 0.000000 0.000000 0.609409 0.000000 0.000000 0.000000
11068.03 0.608991 0.000000 0.000000 0.608991 0.000000 0.000000 0.000000
11073.03 0.608573 0.000000 0.000000 0.608573 0.000000 0.000000 0.000000
11078.03 0.608156 0.000000 0.000000 0.608156 0.000000 0.000000 0.000000
11083.03 0.607739 0.000000 0.000000 0.607739 0.000000 0.000000 0.000000
11088.04 0.607322 0.000000 0.000000 0.607322 0.000000 0.000000 0.000000
11093.04 0.606906 0.000000 0.000000 0.606906 0.000000 0.000000 0.000000
11098.04 0.606490 0.000000 0.000000 0.606490 0.000000 0.000000 0.000000
11103.04 0.606074 0.000000 0.000000 0.606074 0.000000 0.000000 0.000000
11108.04 0.605659 0.000000 0.000000 0.605659 0.000000 0.000000 0.000000
11113.04 0.605244 0.000000 0.000000 0.605244 0.000000 0.000000 0.000000
11118.04 0.604830 0.000000 0.000000 0.604830 0.000000 0.000000 0.000000
11123.05 0.604416 0.000000 0.000000 0.604416 0.000000 0.000000 0.000000
11128.05 0.604003 0.000000 0.000000 0.604003 0.000000 0.000000 0.000000
11133.05 0.603589 0.000000 0.000000 0.603589 0.000000 0.000000 0.000000
11138.05 0.603177 0.000000 0.000000 0.603177 0.000000 0.000000 0.000000
11143.05 0.602764 0.000000 0.000000 0.602764 0.000000 0.000000 0.000000
11148.05 0.602352 0.000000 0.000000 0.602352 0.000000 0.000000 0.000000
11153.05 0.601941 0.000000 0.000000 0.601941 0.000000 0.000000 0.000000
11158.05 0.601530 0.000000 0.000000 0.601530 0.000000 0.000000 0.000000
11163.06 0.601119 0.000000 0.000000 0.601119 0.000000 0.000000 0.000000
11168.06 0.600709 0.000000 0.000000 0.600709 0.000000 0.000000 0.000000
11173.06 0.600299 0.000000 0.000000 0.600299 0.000000 0.000000 0.000000
11178.06 0.599889 0.000000 0.000000 0.599889 0.000000 0.000000 0.000000
11183.06 0.599480 0.000000 0.000000 0.599480 0.000000 0.000000 0.000000
11188.06 0.599071 0.000000 0.000000 0.599071 0.000000 0.000000 0.000000
11193.06 0.598663 0.000000 0.000000 0.598663 0.000000 0.000000 0.000000
11198.07 0.598255 0.000000 0.000000 0.598255 0.000000 0.000000 0.000000
11203.07 0.597848 0.000000 0.000000 0.597848 0.000000 0.000000 0.000000
11208.07 0.597440 0.000000 0.000000 0.597440 0.000000 0.000000 0.000000
11213.07 0.597034 0.000000 0.000000 0.597034 0.000000 0.000000 0.000000
11218.07 0.596627 0.000000 0.000000 0.596627 0.000000 0.000000 0.000000
11223.07 0.596221 0.000000 0.000000 0.596221 0.000000 0.000000 0.000000
11228.07 0.595816 0.000000 0.000000 0.595816 0.000000 0.000000 0.000000
11233.08 0.595410 0.000000 0.000000 0.595410 0.000000 0.000000 0.000000
11238.08 0.595006 0.000000 0.000000 0.595006 0.000000 0.000000 0.000000
11243.08 0.594601 0.000000 0.000000 0.594601 0.000000 0.000000 0.000000
11248.08 0.594197 0.000000 0.000000 0.594197 0.000000 0.000000 0.000000
11253.08 0.593794 0.000000 0.000000 0.593794 0.000000 0.000000 0.000000
11258.08 0.593391 0.000000 0.000000 0.593391 0.000000 0.000000 0.000000
11263.08 0.592988 0.000000 0.000000 0.592988 0.000000 0.000000 0.000000
11268.08 0.592585 0.000000 0.000000 0.592585 0.000000 0.000000 0.000000
11273.09 0.592183 0.000000 0.000000 0.592183 0.000000 0.000000 0.000000
11278.09 0.591782 0.000000 0.000000 0.591782 0.000000 0.000000 0.000000
11283.09 0.591381 0.000000 0.000000 0.591381 0.000000 0.000000 0.000000
11288.09 0.590980 0.000000 0.000000 0.590980 0.000000 0.000000 0.000000
11293.09 0.590580 0.000000 0.000000 0.590580 0.000000 0.000000 0.000000
11298.09 0.590180 0.000000 0.000000 0.590180 0.000000 0.000000 0.000000
11303.09 0.589780 0.000000 0.000000 0.589780 0.000000 0.000000 0.000000
11308.10 0.589381 0.000000 0.000000 0.589381 0.000000 0.000000 0.000000
11313.10 0.588982 0.000000 0.000000 0.588982 0.000000 0.000000 0.000000
11318.10 0.588583 0.000000 0.000000 0.588583 0.000000 0.000000 0.000000
11323.10 0.588185 0.000000 0.000000 0.588185 0.000000 0.000000 0.000000
11328.10 0.587788 0.000000 0.000000 0.587788 0.000000 0.000000 0.000000
11333.10 0.587391 0.000000 0.000000 0.587391 0.000000 0.000000 0.000000
11338.10 0.586994 0.000000 0.000000 0.586994 0.000000 0.000000 0.000000
11343.11 0.586597 0.000000 0.000000 0.586597 0.000000 0.000000 0.000000
11348.11 0.586201 0.000000 0.000000 0.586201 0.000000 0.000000 0.000000
11353.11 0.585806 0.000000 0.000000 0.585806 0.000000 0.000000 0.000000
11358.11 0.585410 0.000000 0.000000 0.585410 0.000000 0.000000 0.000000
11363.11 0.585015 0.000000 0.000000 0.585015 0.000000 0.000000 0.000000
11368.11 0.584621 0.000000 0.000000 0.584621 0.000000 0.000000 0.000000
11373.11 0.584227 0.000000 0.000000 0.584227 0.000000 0.000000 0.000000
11378.11 0.583833 0.000000 0.000000 0.583833 0.000000 0.000000 0.000000
11383.12 0.583440 0.000000 0.000000 0.583440 0.000000 0.000000 0.000000
11388.12 0.583047 0.000000 0.000000 0.583047 0.000000 0.000000 0.000000
11393.12 0.582655 0.000000 0.000000 0.582655 0.000000 0.000000 0.000000
11398.12 0.582263 0.000000 0.000000 0.582263 0.000000 0.000000 0.000000
11403.12 0.581871 0.000000 0.000000 0.581871 0.000000 0.000000 0.000000
11408.12 0.581480 0.000000 0.000000 0.581480 0.000000 0.000000 0.000000
11413.12 0.581089 0.000000 0.000000 0.581089 0.000000 0.000000 0.000000
11418.13 0.580698 0.000000 0.000000 0.580698 0.000000 0.000000 0.000000
11423.13 0.580308 0.000000 0.000000 0.580308 0.000000 0.000000 0.000000
11428.13 0.579919 0.000000 0.000000 0.579919 0.000000 0.000000 0.000000
11433.13 0.579529 0.000000 0.000000 0.579529 0.000000 0.000000 0.000000
11438.13 0.579140 0.000000 0.000000 0.579140 0.000000 0.000000 0.000000
11443.13 0.578752 0.000000 0.000000 0.578752 0.000000 0.000000 0.000000
11448.13 0.578364 0.000000 0.000000 0.578364 0.000000 0.000000 0.000000
11453.14 0.577976 0.000000 0.000000 0.577976 0.000000 0.000000 0.000000
11458.14 0.577589 0.000000 0.000000 0.577589 0.000000 0.000000 0.000000
11463.14 0.577202 0.000000 0.000000 0.577202 0.000000 0.000000 0.000000
11468.14 0.576815 0.000000 0.000000 0.576815 0.000000 0.000000 0.000000
11473.14 0.576429 0.000000 0.000000 0.576429 0.000000 0.000000 0.000000
11478.14 0.576043 0.000000 0.000000 0.576043 0.000000 0.000000 0.000000
11483.14 0.575658 0.000000 0.000000 0.575658 0.000000 0.000000 0.000000
11488.14 0.575273 0.000000 0.000000 0.575273 0.000000 0.000000 0.000000
11493.15 0.574888 0.000000 0.000000 0.574888 0.000000 0.000000 0.000000
11498.15 0.574504 0.000000 0.000000 0.574504 0.000000 0.000000 0.000000
11503.15 0.574121 0.000000 0.000000 0.574121 0.000000 0.000000 0.000000
11508.15 0.573737 0.000000 0.000000 0.573737 0.000000 0.000000 0.000000
11513.15 0.573354 0.000000 0.000000 0.573354 0.000000 0.000000 0.000000
11518.15 0.572972 0.000000 0.000000 0.572972 0.000000 0.000000 0.000000
11523.15 0.572589 0.000000 0.000000 0.572589 0.000000 0.000000 0.000000
11528.16 0.572208 0.000000 0.000000 0.572208 0.000000 0.000000 0.000000
11533.16 0.571826 0.000000 0.000000 0.571826 0.000000 0.000000 0.000000
11538.16 0.571445 0.000000 0.000000 0.571445 0.000000 0.000000 0.000000
11543.16 0.571065 0.000000 0.000000 0.571065 0.000000 0.000000 0.000000
11548.16 0.570684 0.000000 0.000000 0.570684 0.000000 0.000000 0.000000
11553.16 0.570305 0.000000 0.000000 0.570305 0.000000 0.000000 0.000000
11558.16 0.569925 0.000000 0.000000 0.569925 0.000000 0.000000 0.000000
11563.16 0.569546 0.000000 0.000000 0.569546 0.000000 0.000000 0.000000
11568.17 0.569168 0.000000 0.000000 0.569168 0.000000 0.000000 0.000000
11573.17 0.568789 0.000000 0.000000 0.568789 0.000000 0.000000 0.000000
11578.17 0.568412 0.000000 0.000000 0.568412 0.000000 0.000000 0.000000
11583.17 0.568034 0.000000 0.000000 0.568034 0.000000 0.000000 0.000000
11588.17 0.567657 0.000000 0.000000 0.567657 0.000000 0.000000 0.000000
11593.17 0.567280 0.000000 0.000000 0.567280 0.000000 0.000000 0.000000
11598.17 0.566904 0.000000 0.000000 0.566904 0.000000 0.000000 0.000000
11603.18 0.566528 0.000000 0.000000 0.566528 0.000000 0.000000 0.000000
11608.18 0.566153 0.000000 0.000000 0.566153 0.000000 0.000000 0.000000
11613.18 0.565778 0.000000 0.000000 0.565778 0.000000 0.000000 0.000000
11618.18 0.565403 0.000000 0.000000 0.565403 0.000000 0.000000 0.000000
11623.18 0.565029 0.000000 0.000000 0.565029 0.000000 0.000000 0.000000
11628.18 0.564655 0.000000 0.000000 0.564655 0.000000 0.000000 0.000000
11633.18 0.564281 0.000000 0.000000 0.564281 0.000000 0.000000 0.000000
11638.19 0.563908 0.000000 0.000000 0.563908 0.000000 0.000000 0.000000
11643.19 0.563535 0.000000 0.000000 0.563535 0.000000 0.000000 0.000000
11648.19 0.563163 0.000000 0.000000 0.563163 0.000000 0.000000 0.000000
11653.19 0.562791 0.000000 0.000000 0.562791 0.000000 0.000000 0.000000
11658.19 0.562420 0.000000 0.000000 0.562420 0.000000 0.000000 0.000000
11663.19 0.562049 0.000000 0.000000 0.562049 0.000000 0.000000 0.000000
11668.19 0.561678 0.000000 0.000000 0.561678 0.000000 0.000000 0.000000
11673.19 0.561307 0.000000 0.000000 0.561307 0.000000 0.000000 0.000000
11678.20 0.560937 0.000000 0.000000 0.560937 0.000000 0.000000 0.000000
11683.20 0.560568 0.000000 0.000000 0.560568 0.000000 0.000000 0.000000
11688.20 0.560199 0.000000 0.000000 0.560199 0.000000 0.000000 0.000000
11693.20 0.559830 0.000000 0.000000 0.559830 0.000000 0.000000 0.000000
11698.20 0.559462 0.000000 0.000000 0.559462 0.000000 0.000000 0.000000
11703.20 0.559094 0.000000 0.000000 0.559094 0.000000 0.000000 0.000000
11708.20 0.558726 0.000000 0.000000 0.558726 0.000000 0.000000 0.000000
11713.21 0.558359 0.000000 0.000000 0.558359 0.000000 0.000000 0.000000
11718.21 0.557992 0.000000 0.000000 0.557992 0.000000 0.000000 0.000000
11723.21 0.557626 0.000000 0.000000 0.557626 0.000000 0.000000 0.000000
11728.21 0.557260 0.000000 0.000000 0.557260 0.000000 0.000000 0.000000
11733.21 0.556894 0.000000 0.000000 0.556894 0.000000 0.000000 0.000000
11738.21 0.556529 0.000000 0.000000 0.556529 0.000000 0.000000 0.000000
11743.21 0.556164 0.000000 0.000000 0.556164 0.000000 0.000000 0.000000
11748.22 0.555800 0.000000 0.000000 0.555800 0.000000 0.000000 0.000000
11753.22 0.555435 0.000000 0.000000 0.555435 0.000000 0.000000 0.000000
11758.22 0.555072 0.000000 0.000000 0.555072 0.000000 0.000000 0.000000
11763.22 0.554709 0.000000 0.000000 0.554709 0.000000 0.000000 0.000000
11768.22 0.554346 0.000000 0.000000 0.554346 0.000000 0.000000 0.000000
11773.22 0.553983 0.000000 0.000000 0.553983 0.000000 0.000000 0.000000
11778.22 0.553621 0.000000 0.000000 0.553621 0.000000 0.000000 0.000000
11783.22 0.553259 0.000000 0.000000 0.553259 0.000000 0.000000 0.000000
11788.23 0.552898 0.000000 0.000000 0.552898 0.000000 0.000000 0.000000
11793.23 0.552537 0.000000 0.000000 0.552537 0.000000 0.000000 0.000000
11798.23 0.552177 0.000000 0.000000 0.552177 0.000000 0.000000 0.000000
11803.23 0.551817 0.000000 0.000000 0.551817 0.000000 0.000000 0.000000
11808.23 0.551457 0.000000 0.000000 0.551457 0.000000 0.000000 0.000000
11813.23 0.551098 0.000000 0.000000 0.551098 0.000000 0.000000 0.000000
11818.23 0.550739 0.000000 0.000000 0.550739 0.000000 0.000000 0.000000
11823.24 0.550380 0.000000 0.000000 0.550380 0.000000 0.000000 0.000000
11828.24 0.550022 0.000000 0.000000 0.550022 0.000000 0.000000 0.000000
11833.24 0.549664 0.000000 0.000000 0.549664 0.000000 0.000000 0.000000
11838.24 0.549307 0.000000 0.000000 0.549307 0.000000 0.000000 0.000000
11843.24 0.548950 0.000000 0.000000 0.548950 0.000000 0.000000 0.000000
11848.24 0.548593 0.000000 0.000000 0.548593 0.000000 0.000000 0.000000
11853.24 0.548237 0.000000 0.000000 0.548237 0.000000 0.000000 0.000000
11858.24 0.547881 0.000000 0.000000 0.547881 0.000000 0.000000 0.000000
11863.25 0.547526 0.000000 0.000000 0.547526 0.000000 0.000000 0.000000
11868.25 0.547171 0.000000 0.000000 0.547171 0.000000 0.000000 0.000000
11873.25 0.546816 0.000000 0.000000 0.546816 0.000000 0.000000 0.000000
11878.25 0.546462 0.000000 0.000000 0.546462 0.000000 0.000000 0.000000
11883.25 0.546108 0.000000 0.000000 0.546108 0.000000 0.000000 0.000000
11888.25 0.545755 0.000000 0.000000 0.545755 0.000000 0.000000 0.000000
11893.25 0.545402 0.000000 0.000000 0.545402 0.000000 0.000000 0.000000
11898.26 0.545049 0.000000 0.000000 0.545049 0.000000 0.000000 0.000000
11903.26 0.544697 0.000000 0.000000 0.544697 0.000000 0.000000 0.000000
11908.26 0.544345 0.000000 0.000000 0.544345 0.000000 0.000000 0.000000
11913.26 0.543993 0.000000 0.000000 0.543993 0.000000 0.000000 0.000000
11918.26 0.543642 0.000000 0.000000 0.543642 0.000000 0.000000 0.000000
11923.26 0.543292 0.000000 0.000000 0.543292 0.000000 0.000000 0.000000
11928.26 0.542941 0.000000 0.000000 0.542941 0.000000 0.000000 0.000000
11933.27 0.542591 0.000000 0.000000 0.542591 0.000000 0.000000 0.000000
11938.27 0.542242 0.000000 0.000000 0.542242 0.000000 0.000000 0.000000
11943.27 0.541893 0.000000 0.000000 0.541893 0.000000 0.000000 0.000000
11948.27 0.541544 0.000000 0.000000 0.541544 0.000000 0.000000 0.000000
11953.27 0.541196 0.000000 0.000000 0.541196 0.000000 0.000000 0.000000
11958.27 0.540848 0.000000 0.000000 0.540848 0.000000 0.000000 0.000000
11963.27 0.540500 0.000000 0.000000 0.540500 0.000000 0.000000 0.000000
11968.27 0.540153 0.000000 0.000000 0.540153 0.000000 0.000000 0.000000
11973.28 0.539806 0.000000 0.000000 0.539806 0.000000 0.000000 0.000000
11978.28 0.539460 0.000000 0.000000 0.539460 0.000000 0.000000 0.000000
11983.28 0.539114 0.000000 0.000000 0.539114 0.000000 0.000000 0.000000
11988.28 0.538768 0.000000 0.000000 0.538768 0.000000 0.000000 0.000000
11993.28 0.538423 0.000000 0.000000 0.538423 0.000000 0.000000 0.000000
11998.28 0.538078 0.000000 0.000000 0.538078 0.000000 0.000000 0.000000
12003.28 0.537734 0.000000 0.000000 0.537734 0.000000 0.000000 0.000000
12008.29 0.537390 0.000000 0.000000 0.537390 0.000000 0.000000 0.000000
12013.29 0.537046 0.000000 0.000000 0.537046 0.000000 0.000000 0.000000
12018.29 0.536703 0.000000 0.000000 0.536703 0.000000 0.000000 0.000000
12023.29 0.536360 0.000000 0.000000 0.536360 0.000000 0.000000 0.000000
12028.29 0.536017 0.000000 0.000000 0.536017 0.000000 0.000000 0.000000
12033.29 0.535675 0.000000 0.000000 0.535675 0.000000 0.000000 0.000000
12038.29 0.535334 0.000000 0.000000 0.535334 0.000000 0.000000 0.000000
12043.30 0.534992 0.000000 0.000000 0.534992 0.000000 0.000000 0.000000
12048.30 0.534651 0.000000 0.000000 0.534651 0.000000 0.000000 0.000000
12053.30 0.534311 0.000000 0.000000 0.534311 0.000000 0.000000 0.000000
12058.30 0.533971 0.000000 0.000000 0.533971 0.000000 0.000000 0.000000
12063.30 0.533631 0.000000 0.000000 0.533631 0.000000 0.000000 0.000000
12068.30 0.533292 0.000000 0.000000 0.533292 0.000000 0.000000 0.000000
12073.30 0.532953 0.000000 0.000000 0.532953 0.000000 0.000000 0.000000
12078.30 0.532614 0.000000 0.000000 0.532614 0.000000 0.000000 0.000000
12083.31 0.532276 0.000000 0.000000 0.532276 0.000000 0.000000 0.000000
12088.31 0.531938 0.000000 0.000000 0.531938 0.000000 0.000000 0.000000
12093.31 0.531601 0.000000 0.000000 0.531601 0.000000 0.000000 0.000000
12098.31 0.531264 0.000000 0.000000 0.531264 0.000000 0.000000 0.000000
12103.31 0.530927 0.000000 0.000000 0.530927 0.000000 0.000000 0.000000
12108.31 0.530591 0.000000 0.000000 0.530591 0.000000 0.000000 0.000000
12113.31 0.530255 0.000000 0.000000 0.530255 0.000000 0.000000 0.000000
12118.32 0.529920 0.000000 0.000000 0.529920 0.000000 0.000000 0.000000
12123.32 0.529585 0.000000 0.000000 0.529585 0.000000 0.000000 0.000000
12128.32 0.529250 0.000000 0.000000 0.529250 0.000000 0.000000 0.000000
12133.32 0.528916 0.000000 0.000000 0.528916 0.000000 0.000000 0.000000
12138.32 0.528582 0.000000 0.000000 0.528582 0.000000 0.000000 0.000000
12143.32 0.528248 0.000000 0.000000 0.528248 0.000000 0.000000 0.000000
12148.32 0.527915 0.000000 0.000000 0.527915 0.000000 0.000000 0.000000
12153.33 0.527583 0.000000 0.000000 0.527583 0.000000 0.000000 0.000000
12158.33 0.527250 0.000000 0.000000 0.527250 0.000000 0.000000 0.000000
12163.33 0.526918 0.000000 0.000000 0.526918 0.000000 0.000000 0.000000
12168.33 0.526587 0.000000 0.000000 0.526587 0.000000 0.000000 0.000000
12173.33 0.526256 0.000000 0.000000 0.526256 0.000000 0.000000 0.000000
12178.33 0.525925 0.000000 0.000000 0.525925 0.000000 0.000000 0.000000
12183.33 0.525595 0.000000 0.000000 0.525595 0.000000 0.000000 0.000000
12188.33 0.525265 0.000000 0.000000 0.525265 0.000000 0.000000 0.000000
12193.34 0.524935 0.000000 0.000000 0.524935 0.000000 0.000000 0.000000
12198.34 0.524606 0.000000 0.000000 0.524606 0.000000 0.000000 0.000000
12203.34 0.524277 0.000000 0.000000 0.524277 0.000000 0.000000 0.000000
12208.34 0.520824 0.003496 0.000000 0.523949 0.000000 0.000000 0.517700
12213.34 0.520427 0.003564 0.000000 0.523621 0.000000 0.000000 0.517233
12218.34 0.520030 0.003652 0.000000 0.523293 0.000000 0.000000 0.516767
12223.34 0.519633 0.003723 0.000000 0.522966 0.000000 0.000000 0.516300
12228.35 0.519237 0.003802 0.000000 0.522639 0.000000 0.000000 0.515834
12233.35 0.518840 0.003875 0.000000 0.522312 0.000000 0.000000 0.515369
12238.35 0.518445 0.003956 0.000000 0.521986 0.000000 0.000000 0.514903
12243.35 0.518050 0.004030 0.000000 0.521661 0.000000 0.000000 0.514439
12248.35 0.517655 0.004117 0.000000 0.521335 0.000000 0.000000 0.513975
12253.35 0.517261 0.004193 0.000000 0.521010 0.000000 0.000000 0.513512
12258.35 0.516868 0.004268 0.000000 0.520686 0.000000 0.000000 0.513050
12263.35 0.516476 0.004350 0.000000 0.520362 0.000000 0.000000 0.512590
12268.36 0.516084 0.004422 0.000000 0.520038 0.000000 0.000000 0.512130
12273.36 0.515693 0.004498 0.000000 0.519714 0.000000 0.000000 0.511671
12278.36 0.515302 0.004572 0.000000 0.519391 0.000000 0.000000 0.511213
12283.36 0.514913 0.004640 0.000000 0.519069 0.000000 0.000000 0.510758
12288.36 0.514525 0.004720 0.000000 0.518747 0.000000 0.000000 0.510303
12293.36 0.514137 0.004790 0.000000 0.518425 0.000000 0.000000 0.509850
12298.36 0.513751 0.004864 0.000000 0.518103 0.000000 0.000000 0.509398
12303.37 0.513365 0.004943 0.000000 0.517782 0.000000 0.000000 0.508949
12308.37 0.512981 0.005007 0.000000 0.517461 0.000000 0.000000 0.508501
12313.37 0.512598 0.005077 0.000000 0.517141 0.000000 0.000000 0.508055
12318.37 0.512216 0.005147 0.000000 0.516821 0.000000 0.000000 0.507611
12323.37 0.511835 0.005218 0.000000 0.516502 0.000000 0.000000 0.507169
12328.37 0.511456 0.005282 0.000000 0.516182 0.000000 0.000000 0.506729
12333.37 0.511078 0.005352 0.000000 0.515864 0.000000 0.000000 0.506292
12338.38 0.510701 0.005421 0.000000 0.515545 0.000000 0.000000 0.505857
12343.38 0.510326 0.005473 0.000000 0.515227 0.000000 0.000000 0.505424
12348.38 0.509952 0.005544 0.000000 0.514909 0.000000 0.000000 0.504994
12353.38 0.509580 0.005604 0.000000 0.514592 0.000000 0.000000 0.504567
12358.38 0.509209 0.005667 0.000000 0.514275 0.000000 0.000000 0.504142
12363.38 0.508839 0.005726 0.000000 0.513959 0.000000 0.000000 0.503721
12368.38 0.508472 0.005784 0.000000 0.513642 0.000000 0.000000 0.503302
12373.38 0.508106 0.005838 0.000000 0.513327 0.000000 0.000000 0.502886
12378.39 0.507742 0.005889 0.000000 0.513011 0.000000 0.000000 0.502473
12383.39 0.507380 0.005946 0.000000 0.512696 0.000000 0.000000 0.502063
12388.39 0.507019 0.005993 0.000000 0.512381 0.000000 0.000000 0.501657
12393.39 0.506660 0.006045 0.000000 0.512067 0.000000 0.000000 0.501254
12398.39 0.506304 0.006094 0.000000 0.511753 0.000000 0.000000 0.500854
12403.39 0.505949 0.006140 0.000000 0.511439 0.000000 0.000000 0.500458
12408.39 0.505596 0.006179 0.000000 0.511126 0.000000 0.000000 0.500066
12413.40 0.505245 0.006224 0.000000 0.510813 0.000000 0.000000 0.499677
12418.40 0.504896 0.006272 0.000000 0.510501 0.000000 0.000000 0.499292
12423.40 0.504550 0.006299 0.000000 0.510189 0.000000 0.000000 0.498910
12428.40 0.504204 0.006343 0.000000 0.509877 0.000000 0.000000 0.498532
12433.40 0.503861 0.006381 0.000000 0.509566 0.000000 0.000000 0.498157
12438.40 0.503520 0.006413 0.000000 0.509255 0.000000 0.000000 0.497786
12443.40 0.503181 0.006445 0.000000 0.508944 0.000000 0.000000 0.497417
12448.41 0.502843 0.006474 0.000000 0.508634 0.000000 0.000000 0.497052
12453.41 0.502507 0.006505 0.000000 0.508324 0.000000 0.000000 0.496690
12458.41 0.502173 0.006534 0.000000 0.508014 0.000000 0.000000 0.496332
12463.41 0.501841 0.006554 0.000000 0.507705 0.000000 0.000000 0.495976
12468.41 0.501510 0.006585 0.000000 0.507396 0.000000 0.000000 0.495624
12473.41 0.501181 0.006602 0.000000 0.507088 0.000000 0.000000 0.495274
12478.41 0.500853 0.006627 0.000000 0.506779 0.000000 0.000000 0.494927
12483.41 0.500528 0.006647 0.000000 0.506472 0.000000 0.000000 0.494584
12488.42 0.500204 0.006667 0.000000 0.506164 0.000000 0.000000 0.494243
12493.42 0.499881 0.006679 0.000000 0.505857 0.000000 0.000000 0.493905
12498.42 0.499560 0.006696 0.000000 0.505551 0.000000 0.000000 0.493570
12503.42 0.499241 0.006710 0.000000 0.505244 0.000000 0.000000 0.493237
12508.42 0.498923 0.006725 0.000000 0.504938 0.000000 0.000000 0.492907
12513.42 0.498606 0.006739 0.000000 0.504633 0.000000 0.000000 0.492580
12518.42 0.498291 0.006747 0.000000 0.504328 0.000000 0.000000 0.492255
12523.43 0.497978 0.006761 0.000000 0.504023 0.000000 0.000000 0.491933
12528.43 0.497666 0.006766 0.000000 0.503718 0.000000 0.000000 0.491613
12533.43 0.497355 0.006772 0.000000 0.503414 0.000000 0.000000 0.491296
12538.43 0.497045 0.006783 0.000000 0.503110 0.000000 0.000000 0.490980
12543.43 0.496737 0.006788 0.000000 0.502807 0.000000 0.000000 0.490668
12548.43 0.496430 0.006788 0.000000 0.502504 0.000000 0.000000 0.490357
12553.43 0.496125 0.006794 0.000000 0.502201 0.000000 0.000000 0.490049
12558.44 0.495821 0.006794 0.000000 0.501899 0.000000 0.000000 0.489743
12563.44 0.495518 0.006799 0.000000 0.501597 0.000000 0.000000 0.489439
12568.44 0.495216 0.006797 0.000000 0.501295 0.000000 0.000000 0.489137
12573.44 0.494915 0.006798 0.000000 0.500993 0.000000 0.000000 0.488837
12578.44 0.494616 0.006794 0.000000 0.500692 0.000000 0.000000 0.488539
12583.44 0.494317 0.006792 0.000000 0.500392 0.000000 0.000000 0.488243
12588.44 0.494020 0.006786 0.000000 0.500092 0.000000 0.000000 0.487948
12593.44 0.493724 0.006784 0.000000 0.499792 0.000000 0.000000 0.487656
12598.45 0.493429 0.006777 0.000000 0.499492 0.000000 0.000000 0.487365
12603.45 0.493135 0.006773 0.000000 0.499193 0.000000 0.000000 0.487076
12608.45 0.492842 0.006766 0.000000 0.498894 0.000000 0.000000 0.486789
12613.45 0.492549 0.006761 0.000000 0.498595 0.000000 0.000000 0.486503
12618.45 0.492258 0.006753 0.000000 0.498297 0.000000 0.000000 0.486219
12623.45 0.491968 0.006743 0.000000 0.497999 0.000000 0.000000 0.485937
12628.45 0.491679 0.006733 0.000000 0.497702 0.000000 0.000000 0.485656
12633.46 0.491391 0.006722 0.000000 0.497405 0.000000 0.000000 0.485377
12638.46 0.491104 0.006712 0.000000 0.497108 0.000000 0.000000 0.485100
12643.46 0.490818 0.006703 0.000000 0.496811 0.000000 0.000000 0.484824
12648.46 0.490533 0.006689 0.000000 0.496515 0.000000 0.000000 0.484550
12653.46 0.490248 0.006675 0.000000 0.496220 0.000000 0.000000 0.484277
12658.46 0.489965 0.006662 0.000000 0.495924 0.000000 0.000000 0.484006
12663.46 0.489683 0.006648 0.000000 0.495629 0.000000 0.000000 0.483737
12668.46 0.489402 0.006632 0.000000 0.495334 0.000000 0.000000 0.483469
12673.47 0.489121 0.006619 0.000000 0.495040 0.000000 0.000000 0.483203
12678.47 0.488842 0.006601 0.000000 0.494746 0.000000 0.000000 0.482938
12683.47 0.488563 0.006582 0.000000 0.494452 0.000000 0.000000 0.482675
12688.47 0.488286 0.006565 0.000000 0.494159 0.000000 0.000000 0.482413
12693.47 0.488009 0.006548 0.000000 0.493866 0.000000 0.000000 0.482153
12698.47 0.487734 0.006528 0.000000 0.493573 0.000000 0.000000 0.481895
12703.47 0.487459 0.006511 0.000000 0.493280 0.000000 0.000000 0.481638
12708.48 0.487185 0.006490 0.000000 0.492988 0.000000 0.000000 0.481383
12713.48 0.486913 0.006465 0.000000 0.492697 0.000000 0.000000 0.481129
12718.48 0.486641 0.006446 0.000000 0.492405 0.000000 0.000000 0.480876
12723.48 0.486370 0.006423 0.000000 0.492114 0.000000 0.000000 0.480626
12728.48 0.486100 0.006399 0.000000 0.491824 0.000000 0.000000 0.480376
12733.48 0.485831 0.006374 0.000000 0.491533 0.000000 0.000000 0.480128
12738.48 0.485563 0.006352 0.000000 0.491243 0.000000 0.000000 0.479882
12743.49 0.485295 0.006325 0.000000 0.490954 0.000000 0.000000 0.479637
12748.49 0.485029 0.006302 0.000000 0.490664 0.000000 0.000000 0.479394
12753.49 0.484764 0.006274 0.000000 0.490375 0.000000 0.000000 0.479152
12758.49 0.484499 0.006247 0.000000 0.490086 0.000000 0.000000 0.478912
12763.49 0.484235 0.006218 0.000000 0.489798 0.000000 0.000000 0.478673
12768.49 0.483973 0.006190 0.000000 0.489510 0.000000 0.000000 0.478435
12773.49 0.483711 0.006161 0.000000 0.489222 0.000000 0.000000 0.478199
12778.49 0.483450 0.006134 0.000000 0.488935 0.000000 0.000000 0.477965
12783.50 0.483190 0.006104 0.000000 0.488648 0.000000 0.000000 0.477732
12788.50 0.482931 0.006071 0.000000 0.488361 0.000000 0.000000 0.477500
12793.50 0.482672 0.006042 0.000000 0.488075 0.000000 0.000000 0.477270
12798.50 0.482415 0.006008 0.000000 0.487789 0.000000 0.000000 0.477041
12803.50 0.482158 0.005977 0.000000 0.487503 0.000000 0.000000 0.476814
12808.50 0.481903 0.005943 0.000000 0.487218 0.000000 0.000000 0.476588
12813.50 0.481648 0.005910 0.000000 0.486932 0.000000 0.000000 0.476363
12818.51 0.481394 0.005873 0.000000 0.486648 0.000000 0.000000 0.476140
12823.51 0.481141 0.005840 0.000000 0.486363 0.000000 0.000000 0.475918
12828.51 0.480888 0.005803 0.000000 0.486079 0.000000 0.000000 0.475698
12833.51 0.480637 0.005766 0.000000 0.485795 0.000000 0.000000 0.475479
12838.51 0.480387 0.005732 0.000000 0.485512 0.000000 0.000000 0.475261
12843.51 0.480137 0.005695 0.000000 0.485229 0.000000 0.000000 0.475045
12848.51 0.479888 0.005654 0.000000 0.484946 0.000000 0.000000 0.474831
12853.52 0.479640 0.005617 0.000000 0.484663 0.000000 0.000000 0.474617
12858.52 0.479393 0.005576 0.000000 0.484381 0.000000 0.000000 0.474405
12863.52 0.479147 0.005537 0.000000 0.484099 0.000000 0.000000 0.474195
12868.52 0.478902 0.005495 0.000000 0.483818 0.000000 0.000000 0.473986
12873.52 0.478657 0.005454 0.000000 0.483537 0.000000 0.000000 0.473778
12878.52 0.478414 0.005413 0.000000 0.483256 0.000000 0.000000 0.473572
12883.52 0.478171 0.005371 0.000000 0.482975 0.000000 0.000000 0.473367
12888.52 0.477929 0.005330 0.000000 0.482695 0.000000 0.000000 0.473163
12893.53 0.477688 0.005284 0.000000 0.482415 0.000000 0.000000 0.472961
12898.53 0.477448 0.005240 0.000000 0.482135 0.000000 0.000000 0.472760
12903.53 0.477208 0.005197 0.000000 0.481856 0.000000 0.000000 0.472561
12908.53 0.476970 0.005150 0.000000 0.481577 0.000000 0.000000 0.472363
12913.53 0.476732 0.005107 0.000000 0.481298 0.000000 0.000000 0.472166
12918.53 0.476496 0.005057 0.000000 0.481020 0.000000 0.000000 0.471971
12923.53 0.476260 0.005013 0.000000 0.480742 0.000000 0.000000 0.471777
12928.54 0.476025 0.004962 0.000000 0.480464 0.000000 0.000000 0.471585
12933.54 0.475790 0.004915 0.000000 0.480187 0.000000 0.000000 0.471394
12938.54 0.475557 0.004869 0.000000 0.479910 0.000000 0.000000 0.471204
12943.54 0.475324 0.004819 0.000000 0.479633 0.000000 0.000000 0.471016
12948.54 0.475093 0.004765 0.000000 0.479356 0.000000 0.000000 0.470829
12953.54 0.474862 0.004718 0.000000 0.479080 0.000000 0.000000 0.470644
12958.54 0.474632 0.004662 0.000000 0.478804 0.000000 0.000000 0.470460
12963.55 0.474403 0.004612 0.000000 0.478529 0.000000 0.000000 0.470277
12968.55 0.474175 0.004559 0.000000 0.478254 0.000000 0.000000 0.470096
12973.55 0.473947 0.004510 0.000000 0.477979 0.000000 0.000000 0.469916
12978.55 0.473721 0.004452 0.000000 0.477704 0.000000 0.000000 0.469737
12983.55 0.473495 0.004401 0.000000 0.477430 0.000000 0.000000 0.469560
12988.55 0.473270 0.004348 0.000000 0.477156 0.000000 0.000000 0.469384
12993.55 0.473046 0.004290 0.000000 0.476882 0.000000 0.000000 0.469210
12998.55 0.472823 0.004235 0.000000 0.476609 0.000000 0.000000 0.469037
13003.56 0.472600 0.004178 0.000000 0.476335 0.000000 0.000000 0.468865
13008.56 0.472379 0.004117 0.000000 0.476063 0.000000 0.000000 0.468695
13013.56 0.472158 0.004065 0.000000 0.475790 0.000000 0.000000 0.468526
13018.56 0.471938 0.004005 0.000000 0.475518 0.000000 0.000000 0.468358
13023.56 0.471719 0.003946 0.000000 0.475246 0.000000 0.000000 0.468191
13028.56 0.471500 0.003882 0.000000 0.474974 0.000000 0.000000 0.468026
13033.56 0.471282 0.003824 0.000000 0.474703 0.000000 0.000000 0.467861
13038.57 0.471065 0.003767 0.000000 0.474432 0.000000 0.000000 0.467697
13043.57 0.470848 0.003705 0.000000 0.474162 0.000000 0.000000 0.467534
13048.57 0.470632 0.003644 0.000000 0.473891 0.000000 0.000000 0.467372
13053.57 0.470416 0.003580 0.000000 0.473621 0.000000 0.000000 0.467210
13058.57 0.470200 0.003522 0.000000 0.473351 0.000000 0.000000 0.467049
13063.57 0.469985 0.003463 0.000000 0.473082 0.000000 0.000000 0.466888
13068.57 0.469770 0.003404 0.000000 0.472813 0.000000 0.000000 0.466728
13073.57 0.469556 0.003337 0.000000 0.472544 0.000000 0.000000 0.466568
13078.58 0.469342 0.003284 0.000000 0.472275 0.000000 0.000000 0.466408
13083.58 0.469128 0.003224 0.000000 0.472007 0.000000 0.000000 0.466248
13088.58 0.468914 0.003157 0.000000 0.471739 0.000000 0.000000 0.466088
13093.58 0.468700 0.003100 0.000000 0.471471 0.000000 0.000000 0.465928
13098.58 0.468486 0.003043 0.000000 0.471204 0.000000 0.000000 0.465768
13103.58 0.468273 0.002978 0.000000 0.470937 0.000000 0.000000 0.465608
13108.58 0.468059 0.002918 0.000000 0.470670 0.000000 0.000000 0.465448
13113.59 0.467845 0.002863 0.000000 0.470404 0.000000 0.000000 0.465287
13118.59 0.467631 0.002797 0.000000 0.470137 0.000000 0.000000 0.465125
13123.59 0.467417 0.002740 0.000000 0.469871 0.000000 0.000000 0.464963
13128.59 0.467203 0.002688 0.000000 0.469606 0.000000 0.000000 0.464801
13133.59 0.466989 0.002625 0.000000 0.469340 0.000000 0.000000 0.464637
13138.59 0.466774 0.002571 0.000000 0.469075 0.000000 0.000000 0.464473
13143.59 0.466559 0.002520 0.000000 0.468811 0.000000 0.000000 0.464308
13148.60 0.466344 0.002464 0.000000 0.468546 0.000000 0.000000 0.464142
13153.60 0.466128 0.002407 0.000000 0.468282 0.000000 0.000000 0.463975
13158.60 0.465912 0.002356 0.000000 0.468018 0.000000 0.000000 0.463806
13163.60 0.465696 0.002300 0.000000 0.467755 0.000000 0.000000 0.463637
13168.60 0.465478 0.002247 0.000000 0.467491 0.000000 0.000000 0.463466
13173.60 0.465261 0.002201 0.000000 0.467228 0.000000 0.000000 0.463293
13178.60 0.465042 0.002154 0.000000 0.466965 0.000000 0.000000 0.463119
13183.60 0.464823 0.002101 0.000000 0.466703 0.000000 0.000000 0.462944
13188.61 0.464604 0.002052 0.000000 0.466441 0.000000 0.000000 0.462767
13193.61 0.464383 0.002010 0.000000 0.466179 0.000000 0.000000 0.462588
13198.61 0.464162 0.001964 0.000000 0.465917 0.000000 0.000000 0.462407
13203.61 0.463940 0.001920 0.000000 0.465656 0.000000 0.000000 0.462224
13208.61 0.463717 0.001881 0.000000 0.465395 0.000000 0.000000 0.462040
13213.61 0.463494 0.001831 0.000000 0.465134 0.000000 0.000000 0.461853
13218.61 0.463269 0.001790 0.000000 0.464874 0.000000 0.000000 0.461665
13223.62 0.463044 0.001753 0.000000 0.464614 0.000000 0.000000 0.461475
13228.62 0.462818 0.001710 0.000000 0.464354 0.000000 0.000000 0.461283
13233.62 0.462592 0.001677 0.000000 0.464094 0.000000 0.000000 0.461090
13238.62 0.462365 0.001643 0.000000 0.463835 0.000000 0.000000 0.460895
13243.62 0.462137 0.001609 0.000000 0.463576 0.000000 0.000000 0.460699
13248.62 0.461909 0.001568 0.000000 0.463317 0.000000 0.000000 0.460502
13253.62 0.461681 0.001544 0.000000 0.463058 0.000000 0.000000 0.460303
13258.63 0.461452 0.001501 0.000000 0.462800 0.000000 0.000000 0.460104
13263.63 0.461223 0.001470 0.000000 0.462542 0.000000 0.000000 0.459903
13268.63 0.460993 0.001438 0.000000 0.462285 0.000000 0.000000 0.459702
13273.63 0.460763 0.001412 0.000000 0.462027 0.000000 0.000000 0.459499
13278.63 0.460533 0.001378 0.000000 0.461770 0.000000 0.000000 0.459297
13283.63 0.460303 0.001351 0.000000 0.461513 0.000000 0.000000 0.459093
13288.63 0.460073 0.001330 0.000000 0.461257 0.000000 0.000000 0.458889
13293.63 0.459843 0.001288 0.000000 0.461000 0.000000 0.000000 0.458685
13298.64 0.459612 0.001266 0.000000 0.460744 0.000000 0.000000 0.458480
13303.64 0.459382 0.001236 0.000000 0.460489 0.000000 0.000000 0.458275
13308.64 0.459152 0.001213 0.000000 0.460233 0.000000 0.000000 0.458070
13313.64 0.458922 0.001182 0.000000 0.459978 0.000000 0.000000 0.457865
13318.64 0.458692 0.001158 0.000000 0.459723 0.000000 0.000000 0.457660
13323.64 0.458462 0.001134 0.000000 0.459468 0.000000 0.000000 0.457455
13328.64 0.458232 0.001092 0.000000 0.459214 0.000000 0.000000 0.457251
13333.65 0.458003 0.001057 0.000000 0.458960 0.000000 0.000000 0.457046
13338.65 0.457774 0.001030 0.000000 0.458706 0.000000 0.000000 0.456842
13343.65 0.457546 0.001012 0.000000 0.458453 0.000000 0.000000 0.456639
13348.65 0.457318 0.001003 0.000000 0.458199 0.000000 0.000000 0.456437
13353.65 0.457090 0.000955 0.000000 0.457946 0.000000 0.000000 0.456235
13358.65 0.456863 0.000936 0.000000 0.457693 0.000000 0.000000 0.456034
13363.65 0.456637 0.000895 0.000000 0.457441 0.000000 0.000000 0.455833
13368.66 0.456411 0.000863 0.000000 0.457189 0.000000 0.000000 0.455634
13373.66 0.456186 0.000830 0.000000 0.456937 0.000000 0.000000 0.455436
13378.66 0.455962 0.000807 0.000000 0.456685 0.000000 0.000000 0.455239
13383.66 0.455739 0.000760 0.000000 0.456434 0.000000 0.000000 0.455044
13388.66 0.455516 0.000748 0.000000 0.456182 0.000000 0.000000 0.454849
13393.66 0.455294 0.000709 0.000000 0.455931 0.000000 0.000000 0.454657
13398.66 0.455073 0.000669 0.000000 0.455681 0.000000 0.000000 0.454466
13403.66 0.454853 0.000625 0.000000 0.455430 0.000000 0.000000 0.454276
13408.67 0.454634 0.000595 0.000000 0.455180 0.000000 0.000000 0.454088
13413.67 0.454416 0.000546 0.000000 0.454930 0.000000 0.000000 0.453902
13418.67 0.454199 0.000529 0.000000 0.454681 0.000000 0.000000 0.453718
13423.67 0.453983 0.000511 0.000000 0.454432 0.000000 0.000000 0.453534
13428.67 0.453767 0.000473 0.000000 0.454182 0.000000 0.000000 0.453353
13433.67 0.453553 0.000409 0.000000 0.453934 0.000000 0.000000 0.453172
13438.67 0.453339 0.000361 0.000000 0.453685 0.000000 0.000000 0.452992
13443.68 0.453125 0.000361 0.000000 0.453437 0.000000 0.000000 0.452814
13448.68 0.452912 0.000305 0.000000 0.453189 0.000000 0.000000 0.452636
13453.68 0.452700 0.000236 0.000000 0.452941 0.000000 0.000000 0.452459
13458.68 0.452488 0.000193 0.000000 0.452693 0.000000 0.000000 0.452283
13463.68 0.452276 0.000193 0.000000 0.452446 0.000000 0.000000 0.452107
13468.68 0.452065 0.000136 0.000000 0.452199 0.000000 0.000000 0.451931
13473.68 0.451854 0.000000 0.000000 0.451952 0.000000 0.000000 0.451756
13478.69 0.451643 0.000136 0.000000 0.451706 0.000000 0.000000 0.451581
13483.69 0.451433 0.000000 0.000000 0.451460 0.000000 0.000000 0.451406
13488.69 0.451222 0.000136 0.000000 0.451214 0.000000 0.000000 0.451231
13493.69 0.451012 0.000136 0.000000 0.450968 0.000000 0.000000 0.451056
13498.69 0.450801 0.000000 0.000000 0.450722 0.000000 0.000000 0.450880
13503.69 0.450591 0.000000 0.000000 0.450477 0.000000 0.000000 0.450705
13508.69 0.450380 0.000236 0.000000 0.450232 0.000000 0.000000 0.450528
13513.69 0.450169 0.000193 0.000000 0.449987 0.000000 0.000000 0.450351
13518.70 0.449958 0.000273 0.000000 0.449743 0.000000 0.000000 0.450174
13523.70 0.449747 0.000273 0.000000 0.449499 0.000000 0.000000 0.449995
13528.70 0.449535 0.000334 0.000000 0.449255 0.000000 0.000000 0.449816
13533.70 0.449323 0.000334 0.000000 0.449011 0.000000 0.000000 0.449635
13538.70 0.449110 0.000386 0.000000 0.448767 0.000000 0.000000 0.449453
13543.70 0.448897 0.000432 0.000000 0.448524 0.000000 0.000000 0.449270
13548.70 0.448684 0.000453 0.000000 0.448281 0.000000 0.000000 0.449086
13553.71 0.448469 0.000492 0.000000 0.448038 0.000000 0.000000 0.448900
13558.71 0.448254 0.000473 0.000000 0.447796 0.000000 0.000000 0.448712
13563.71 0.448038 0.000511 0.000000 0.447554 0.000000 0.000000 0.448523
13568.71 0.447822 0.000579 0.000000 0.447312 0.000000 0.000000 0.448331
13573.71 0.447604 0.000579 0.000000 0.447070 0.000000 0.000000 0.448138
13578.71 0.447386 0.000640 0.000000 0.446828 0.000000 0.000000 0.447943
13583.71 0.447166 0.000640 0.000000 0.446587 0.000000 0.000000 0.447745
13588.71 0.446946 0.000655 0.000000 0.446346 0.000000 0.000000 0.447545
13593.72 0.446724 0.000669 0.000000 0.446105 0.000000 0.000000 0.447343
13598.72 0.446502 0.000709 0.000000 0.445865 0.000000 0.000000 0.447138
13603.72 0.446278 0.000735 0.000000 0.445624 0.000000 0.000000 0.446931
13608.72 0.446052 0.000760 0.000000 0.445384 0.000000 0.000000 0.446721
13613.72 0.445826 0.000772 0.000000 0.445144 0.000000 0.000000 0.446508
13618.72 0.445598 0.000796 0.000000 0.444905 0.000000 0.000000 0.446292
13623.72 0.445370 0.000772 0.000000 0.444666 0.000000 0.000000 0.446074
13628.73 0.445140 0.000807 0.000000 0.444426 0.000000 0.000000 0.445853
13633.73 0.444909 0.000807 0.000000 0.444188 0.000000 0.000000 0.445630
13638.73 0.444677 0.000807 0.000000 0.443949 0.000000 0.000000 0.445405
13643.73 0.444444 0.000807 0.000000 0.443710 0.000000 0.000000 0.445178
13648.73 0.444210 0.000830 0.000000 0.443472 0.000000 0.000000 0.444948
13653.73 0.443975 0.000841 0.000000 0.443234 0.000000 0.000000 0.444716
13658.73 0.443740 0.000841 0.000000 0.442997 0.000000 0.000000 0.444482
13663.74 0.443503 0.000830 0.000000 0.442759 0.000000 0.000000 0.444247
13668.74 0.443266 0.000830 0.000000 0.442522 0.000000 0.000000 0.444009
13673.74 0.443027 0.000830 0.000000 0.442285 0.000000 0.000000 0.443770
13678.74 0.442788 0.000830 0.000000 0.442048 0.000000 0.000000 0.443529
13683.74 0.442549 0.000819 0.000000 0.441812 0.000000 0.000000 0.443286
13688.74 0.442309 0.000819 0.000000 0.441575 0.000000 0.000000 0.443042
13693.74 0.442068 0.000819 0.000000 0.441339 0.000000 0.000000 0.442796
13698.74 0.441826 0.000807 0.000000 0.441104 0.000000 0.000000 0.442549
13703.75 0.441584 0.000796 0.000000 0.440868 0.000000 0.000000 0.442300
13708.75 0.441342 0.000796 0.000000 0.440633 0.000000 0.000000 0.442051
13713.75 0.441099 0.000784 0.000000 0.440397 0.000000 0.000000 0.441800
13718.75 0.440855 0.000772 0.000000 0.440163 0.000000 0.000000 0.441548
13723.75 0.440611 0.000760 0.000000 0.439928 0.000000 0.000000 0.441295
13728.75 0.440367 0.000748 0.000000 0.439693 0.000000 0.000000 0.441041
13733.75 0.440123 0.000748 0.000000 0.439459 0.000000 0.000000 0.440786
13738.76 0.439878 0.000748 0.000000 0.439225 0.000000 0.000000 0.440531
13743.76 0.439633 0.000735 0.000000 0.438991 0.000000 0.000000 0.440274
13748.76 0.439388 0.000722 0.000000 0.438758 0.000000 0.000000 0.440018
13753.76 0.439142 0.000696 0.000000 0.438525 0.000000 0.000000 0.439760
13758.76 0.438897 0.000669 0.000000 0.438291 0.000000 0.000000 0.439502
13763.76 0.438651 0.000669 0.000000 0.438059 0.000000 0.000000 0.439244
13768.76 0.438405 0.000655 0.000000 0.437826 0.000000 0.000000 0.438985
13773.77 0.438160 0.000610 0.000000 0.437593 0.000000 0.000000 0.438726
13778.77 0.437914 0.000625 0.000000 0.437361 0.000000 0.000000 0.438467
13783.77 0.437669 0.000579 0.000000 0.437129 0.000000 0.000000 0.438208
13788.77 0.437423 0.000579 0.000000 0.436898 0.000000 0.000000 0.437949
13793.77 0.437178 0.000563 0.000000 0.436666 0.000000 0.000000 0.437689
13798.77 0.436932 0.000546 0.000000 0.436435 0.000000 0.000000 0.437430
13803.77 0.436687 0.000563 0.000000 0.436204 0.000000 0.000000 0.437171
13808.77 0.436443 0.000511 0.000000 0.435973 0.000000 0.000000 0.436913
13813.78 0.436198 0.000492 0.000000 0.435742 0.000000 0.000000 0.436655
13818.78 0.435954 0.000492 0.000000 0.435512 0.000000 0.000000 0.436397
13823.78 0.435710 0.000511 0.000000 0.435281 0.000000 0.000000 0.436139
13828.78 0.435467 0.000453 0.000000 0.435051 0.000000 0.000000 0.435882
13833.78 0.435223 0.000453 0.000000 0.434822 0.000000 0.000000 0.435625
13838.78 0.434980 0.000453 0.000000 0.434592 0.000000 0.000000 0.435369
13843.78 0.434738 0.000409 0.000000 0.434363 0.000000 0.000000 0.435113
13848.79 0.434495 0.000432 0.000000 0.434133 0.000000 0.000000 0.434857
13853.79 0.434253 0.000386 0.000000 0.433905 0.000000 0.000000 0.434602
13858.79 0.434012 0.000334 0.000000 0.433676 0.000000 0.000000 0.434348
13863.79 0.433771 0.000361 0.000000 0.433447 0.000000 0.000000 0.434094
13868.79 0.433530 0.000386 0.000000 0.433219 0.000000 0.000000 0.433841
13873.79 0.433289 0.000305 0.000000 0.432991 0.000000 0.000000 0.433588
13878.79 0.433049 0.000305 0.000000 0.432763 0.000000 0.000000 0.433336
13883.80 0.432810 0.000334 0.000000 0.432535 0.000000 0.000000 0.433085
13888.80 0.432571 0.000305 0.000000 0.432308 0.000000 0.000000 0.432834
13893.80 0.432332 0.000236 0.000000 0.432081 0.000000 0.000000 0.432584
13898.80 0.432094 0.000273 0.000000 0.431854 0.000000 0.000000 0.432334
13903.80 0.431856 0.000305 0.000000 0.431627 0.000000 0.000000 0.432086
13908.80 0.431619 0.000273 0.000000 0.431400 0.000000 0.000000 0.431838
13913.80 0.431383 0.000273 0.000000 0.431174 0.000000 0.000000 0.431591
13918.80 0.431146 0.000193 0.000000 0.430948 0.000000 0.000000 0.431345
13923.81 0.430911 0.000193 0.000000 0.430722 0.000000 0.000000 0.431100
13928.81 0.430676 0.000193 0.000000 0.430496 0.000000 0.000000 0.430855
13933.81 0.430441 0.000193 0.000000 0.430270 0.000000 0.000000 0.430612
13938.81 0.430207 0.000193 0.000000 0.430045 0.000000 0.000000 0.430369
13943.81 0.429974 0.000193 0.000000 0.429820 0.000000 0.000000 0.430128
13948.81 0.429741 0.000136 0.000000 0.429595 0.000000 0.000000 0.429887
13953.81 0.429509 0.000236 0.000000 0.429370 0.000000 0.000000 0.429647
13958.82 0.429277 0.000000 0.000000 0.429146 0.000000 0.000000 0.429409
13963.82 0.429046 0.000000 0.000000 0.428921 0.000000 0.000000 0.429171
13968.82 0.428816 0.000136 0.000000 0.428697 0.000000 0.000000 0.428935
13973.82 0.428586 0.000136 0.000000 0.428473 0.000000 0.000000 0.428699
13978.82 0.428357 0.000193 0.000000 0.428249 0.000000 0.000000 0.428465
13983.82 0.428129 0.000136 0.000000 0.428026 0.000000 0.000000 0.428232
13988.82 0.427901 0.000000 0.000000 0.427802 0.000000 0.000000 0.428000
13993.83 0.427674 0.000000 0.000000 0.427579 0.000000 0.000000 0.427769
13998.83 0.427448 0.000000 0.000000 0.427356 0.000000 0.000000 0.427540
14003.83 0.427222 0.000000 0.000000 0.427134 0.000000 0.000000 0.427311
14008.83 0.426998 0.000000 0.000000 0.426911 0.000000 0.000000 0.427084
14013.83 0.426774 0.000000 0.000000 0.426689 0.000000 0.000000 0.426859
14018.83 0.426550 0.000000 0.000000 0.426467 0.000000 0.000000 0.426634
14023.83 0.426328 0.000136 0.000000 0.426245 0.000000 0.000000 0.426411
14028.83 0.426106 0.000000 0.000000 0.426023 0.000000 0.000000 0.426188
14033.84 0.425884 0.000136 0.000000 0.425801 0.000000 0.000000 0.425967
14038.84 0.425664 0.000000 0.000000 0.425580 0.000000 0.000000 0.425747
14043.84 0.425443 0.000136 0.000000 0.425359 0.000000 0.000000 0.425528
14048.84 0.425224 0.000000 0.000000 0.425138 0.000000 0.000000 0.425310
14053.84 0.425005 0.000193 0.000000 0.424917 0.000000 0.000000 0.425093
14058.84 0.424787 0.000193 0.000000 0.424696 0.000000 0.000000 0.424877
14063.84 0.424569 0.000000 0.000000 0.424476 0.000000 0.000000 0.424661
14068.85 0.424351 0.000000 0.000000 0.424256 0.000000 0.000000 0.424447
14073.85 0.424135 0.000136 0.000000 0.424036 0.000000 0.000000 0.424233
14078.85 0.423918 0.000000 0.000000 0.423816 0.000000 0.000000 0.424021
14083.85 0.423702 0.000000 0.000000 0.423596 0.000000 0.000000 0.423809
14088.85 0.423487 0.000136 0.000000 0.423377 0.000000 0.000000 0.423597
14093.85 0.423272 0.000136 0.000000 0.423158 0.000000 0.000000 0.423387
14098.85 0.423058 0.000136 0.000000 0.422938 0.000000 0.000000 0.423177
14103.85 0.422844 0.000136 0.000000 0.422720 0.000000 0.000000 0.422968
14108.86 0.422630 0.000136 0.000000 0.422501 0.000000 0.000000 0.422759
14113.86 0.422417 0.000000 0.000000 0.422282 0.000000 0.000000 0.422551
14118.86 0.422204 0.000136 0.000000 0.422064 0.000000 0.000000 0.422343
14123.86 0.421991 0.000136 0.000000 0.421846 0.000000 0.000000 0.422136
14128.86 0.421779 0.000236 0.000000 0.421628 0.000000 0.000000 0.421929
14133.86 0.421566 0.000136 0.000000 0.421410 0.000000 0.000000 0.421723
14138.86 0.421355 0.000236 0.000000 0.421193 0.000000 0.000000 0.421517
14143.87 0.421143 0.000136 0.000000 0.420975 0.000000 0.000000 0.421311
14148.87 0.420932 0.000136 0.000000 0.420758 0.000000 0.000000 0.421106
14153.87 0.420721 0.000236 0.000000 0.420541 0.000000 0.000000 0.420901
14158.87 0.420510 0.000236 0.000000 0.420324 0.000000 0.000000 0.420696
14163.87 0.420300 0.000236 0.000000 0.420107 0.000000 0.000000 0.420492
14168.87 0.420089 0.000236 0.000000 0.419891 0.000000 0.000000 0.420288
14173.87 0.419879 0.000236 0.000000 0.419675 0.000000 0.000000 0.420084
14178.88 0.419669 0.000236 0.000000 0.419458 0.000000 0.000000 0.419879
14183.88 0.419459 0.000236 0.000000 0.419242 0.000000 0.000000 0.419675
14188.88 0.419249 0.000236 0.000000 0.419027 0.000000 0.000000 0.419472
14193.88 0.419039 0.000273 0.000000 0.418811 0.000000 0.000000 0.419268
14198.88 0.418830 0.000236 0.000000 0.418596 0.000000 0.000000 0.419064
14203.88 0.418620 0.000193 0.000000 0.418380 0.000000 0.000000 0.418860
14208.88 0.418410 0.000334 0.000000 0.418165 0.000000 0.000000 0.418656
14213.88 0.418201 0.000273 0.000000 0.417950 0.000000 0.000000 0.418451
14218.89 0.417991 0.000273 0.000000 0.417736 0.000000 0.000000 0.418247
14223.89 0.417782 0.000305 0.000000 0.417521 0.000000 0.000000 0.418043
14228.89 0.417573 0.000305 0.000000 0.417307 0.000000 0.000000 0.417839
14233.89 0.417364 0.000334 0.000000 0.417093 0.000000 0.000000 0.417636
14238.89 0.417155 0.000305 0.000000 0.416879 0.000000 0.000000 0.417432
14243.89 0.416947 0.000334 0.000000 0.416665 0.000000 0.000000 0.417229
14248.89 0.416739 0.000334 0.000000 0.416451 0.000000 0.000000 0.417026
14253.90 0.416531 0.000305 0.000000 0.416238 0.000000 0.000000 0.416824
14258.90 0.416323 0.000334 0.000000 0.416024 0.000000 0.000000 0.416622
14263.90 0.416116 0.000361 0.000000 0.415811 0.000000 0.000000 0.416420
14268.90 0.415909 0.000334 0.000000 0.415598 0.000000 0.000000 0.416219
14273.90 0.415702 0.000334 0.000000 0.415385 0.000000 0.000000 0.416019
14278.90 0.415496 0.000386 0.000000 0.415173 0.000000 0.000000 0.415819
14283.90 0.415290 0.000361 0.000000 0.414960 0.000000 0.000000 0.415621
14288.91 0.415085 0.000386 0.000000 0.414748 0.000000 0.000000 0.415423
14293.91 0.414880 0.000386 0.000000 0.414536 0.000000 0.000000 0.415225
14298.91 0.414676 0.000409 0.000000 0.414324 0.000000 0.000000 0.415029
14303.91 0.414473 0.000386 0.000000 0.414112 0.000000 0.000000 0.414834
14308.91 0.412959 0.002097 0.000000 0.413900 0.410337 0.000000 0.414639
14313.91 0.411386 0.004257 0.000000 0.413689 0.406023 0.000000 0.414446
14318.91 0.410751 0.004940 0.000000 0.413477 0.404521 0.000000 0.414254
14323.91 0.411638 0.003224 0.000000 0.413266 0.407586 0.000000 0.414063
14328.92 0.413666 0.000492 0.000000 0.413055 0.414069 0.000000 0.413873
14333.92 0.415527 0.003595 0.000000 0.412844 0.420052 0.000000 0.413685
14338.92 0.417004 0.006239 0.000000 0.412634 0.424881 0.000000 0.413498
14343.92 0.418225 0.008481 0.000000 0.412423 0.428940 0.000000 0.413312
14348.92 0.418768 0.009651 0.000000 0.412213 0.430963 0.000000 0.413128
14353.92 0.418213 0.009086 0.000000 0.412003 0.429693 0.000000 0.412945
14358.92 0.416704 0.007011 0.000000 0.411793 0.425555 0.000000 0.412764
14363.93 0.414982 0.004606 0.000000 0.411583 0.420779 0.000000 0.412584
14368.93 0.413964 0.003309 0.000000 0.411373 0.418113 0.000000 0.412406
14373.93 0.414058 0.003765 0.000000 0.411163 0.418781 0.000000 0.412230
14378.93 0.414969 0.005500 0.000000 0.410954 0.421897 0.000000 0.412056
14383.93 0.416169 0.007695 0.000000 0.410745 0.425879 0.000000 0.411883
14388.93 0.417144 0.009533 0.000000 0.410536 0.429183 0.000000 0.411713
14393.93 0.417405 0.010245 0.000000 0.410327 0.430345 0.000000 0.411544
14398.94 0.416700 0.009429 0.000000 0.410118 0.428603 0.000000 0.411378
14403.94 0.415224 0.007396 0.000000 0.409909 0.424548 0.000000 0.411213
14408.94 0.413599 0.005134 0.000000 0.409701 0.420047 0.000000 0.411050
14413.94 0.412559 0.003799 0.000000 0.409493 0.417295 0.000000 0.410890
14418.94 0.412516 0.004021 0.000000 0.409285 0.417531 0.000000 0.410732
14423.94 0.413341 0.005597 0.000000 0.409077 0.420370 0.000000 0.410575
14428.94 0.414408 0.007567 0.000000 0.408869 0.423935 0.000000 0.410421
14433.94 0.415063 0.008883 0.000000 0.408661 0.426259 0.000000 0.410268
14438.95 0.414325 0.008005 0.000000 0.408453 0.424405 0.000000 0.410117
14443.95 0.412376 0.005227 0.000000 0.408246 0.418913 0.000000 0.409968
14448.95 0.409623 0.001351 0.000000 0.408039 0.411010 0.000000 0.409820
14453.95 0.407182 0.002625 0.000000 0.407832 0.404040 0.000000 0.409675
14458.95 0.406201 0.003860 0.000000 0.407625 0.401449 0.000000 0.409530
14463.95 0.407205 0.002101 0.000000 0.407418 0.404810 0.000000 0.409387
14468.95 0.409822 0.002688 0.000000 0.407211 0.413009 0.000000 0.409246
14473.96 0.413093 0.008023 0.000000 0.407005 0.423167 0.000000 0.409106
14478.96 0.415882 0.012687 0.000000 0.406799 0.431880 0.000000 0.408968
14483.96 0.417255 0.015126 0.000000 0.406592 0.436343 0.000000 0.408830
14488.96 0.416780 0.014648 0.000000 0.406386 0.435259 0.000000 0.408694
14493.96 0.414789 0.011782 0.000000 0.406181 0.429628 0.000000 0.408559
14498.96 0.411235 0.006475 0.000000 0.405975 0.419305 0.000000 0.408426
14503.96 0.410261 0.001660 0.000000 0.000000 0.410261 0.000000 0.000000
14508.97 0.408836 0.003854 0.000000 0.000000 0.408836 0.000000 0.000000
14513.97 0.410980 0.004721 0.000000 0.000000 0.410980 0.000000 0.000000
14518.97 0.413981 0.004083 0.000000 0.000000 0.413981 0.000000 0.000000
14523.97 0.416500 0.002306 0.000000 0.000000 0.416500 0.000000 0.000000
14528.97 0.417889 0.000423 0.000000 0.000000 0.417889 0.000000 0.000000
14533.97 0.417195 0.001231 0.000000 0.000000 0.417195 0.000000 0.000000
14538.97 0.413891 0.001826 0.000000 0.000000 0.413891 0.000000 0.000000
14543.97 0.408613 0.001282 0.000000 0.000000 0.408613 0.000000 0.000000
14548.98 0.403171 0.000452 0.000000 0.000000 0.403171 0.000000 0.000000
14553.98 0.400037 0.001468 0.000000 0.000000 0.400037 0.000000 0.000000
14558.98 0.400425 0.002663 0.000000 0.000000 0.400425 0.000000 0.000000
14563.98 0.403980 0.002784 0.000000 0.000000 0.403980 0.000000 0.000000
14568.98 0.408717 0.001735 0.000000 0.000000 0.408717 0.000000 0.000000
14573.98 0.412501 0.000439 0.000000 0.000000 0.412501 0.000000 0.000000
14578.98 0.413878 0.001858 0.000000 0.000000 0.413878 0.000000 0.000000
14583.99 0.412585 0.003286 0.000000 0.000000 0.412585 0.000000 0.000000
14588.99 0.409110 0.003856 0.000000 0.000000 0.409110 0.000000 0.000000
14593.99 0.404388 0.003545 0.000000 0.000000 0.404388 0.000000 0.000000
14598.99 0.399901 0.002562 0.000000 0.000000 0.399901 0.000000 0.000000
14603.99 0.397095 0.001314 0.000000 0.000000 0.397095 0.000000 0.000000
14608.99 0.396803 0.000356 0.000000 0.000000 0.396803 0.000000 0.000000
14613.99 0.398873 0.000117 0.000000 0.000000 0.398873 0.000000 0.000000
14618.99 0.402345 0.000600 0.000000 0.000000 0.402345 0.000000 0.000000
14624.00 0.406101 0.001775 0.000000 0.000000 0.406101 0.000000 0.000000
14629.00 0.409235 0.003067 0.000000 0.000000 0.409235 0.000000 0.000000
14634.00 0.411036 0.003993 0.000000 0.000000 0.411036 0.000000 0.000000
14639.00 0.411060 0.004164 0.000000 0.000000 0.411060 0.000000 0.000000
14644.00 0.409255 0.003389 0.000000 0.000000 0.409255 0.000000 0.000000
14649.00 0.405822 0.001890 0.000000 0.000000 0.405822 0.000000 0.000000
14654.00 0.401177 0.000006 0.000000 0.000000 0.401177 0.000000 0.000000
14659.01 0.396250 0.002143 0.000000 0.000000 0.396250 0.000000 0.000000
14664.01 0.392374 0.003349 0.000000 0.000000 0.392374 0.000000 0.000000
14669.01 0.391256 0.003544 0.000000 0.000000 0.391256 0.000000 0.000000
14674.01 0.393022 0.002828 0.000000 0.000000 0.393022 0.000000 0.000000
14679.01 0.397204 0.001609 0.000000 0.000000 0.397204 0.000000 0.000000
14684.01 0.402007 0.000383 0.000000 0.000000 0.402007 0.000000 0.000000
14689.01 0.406065 0.000306 0.000000 0.000000 0.406065 0.000000 0.000000
14694.02 0.408153 0.000205 0.000000 0.000000 0.408153 0.000000 0.000000
14699.02 0.407722 0.000931 0.000000 0.000000 0.407722 0.000000 0.000000
14704.02 0.405040 0.002881 0.000000 0.000000 0.405040 0.000000 0.000000
14709.02 0.401165 0.004956 0.000000 0.000000 0.401165 0.000000 0.000000
14714.02 0.397577 0.006580 0.000000 0.000000 0.397577 0.000000 0.000000
14719.02 0.395716 0.007128 0.000000 0.000000 0.395716 0.000000 0.000000
14724.02 0.396509 0.006384 0.000000 0.000000 0.396509 0.000000 0.000000
14729.02 0.399893 0.004674 0.000000 0.000000 0.399893 0.000000 0.000000
14734.03 0.404591 0.002651 0.000000 0.000000 0.404591 0.000000 0.000000
14739.03 0.408649 0.000986 0.000000 0.000000 0.408649 0.000000 0.000000
14744.03 0.410455 0.000019 0.000000 0.000000 0.410455 0.000000 0.000000
14749.03 0.409377 0.000243 0.000000 0.000000 0.409377 0.000000 0.000000
14754.03 0.405882 0.000057 0.000000 0.000000 0.405882 0.000000 0.000000
14759.03 0.401375 0.000992 0.000000 0.000000 0.401375 0.000000 0.000000
14764.03 0.397727 0.001499 0.000000 0.000000 0.397727 0.000000 0.000000
14769.04 0.396492 0.001536 0.000000 0.000000 0.396492 0.000000 0.000000
14774.04 0.398125 0.001042 0.000000 0.000000 0.398125 0.000000 0.000000
14779.04 0.401727 0.000195 0.000000 0.000000 0.401727 0.000000 0.000000
14784.04 0.405664 0.000598 0.000000 0.000000 0.405664 0.000000 0.000000
14789.04 0.408048 0.000850 0.000000 0.000000 0.408048 0.000000 0.000000
14794.04 0.407822 0.000326 0.000000 0.000000 0.407822 0.000000 0.000000
14799.04 0.405027 0.000339 0.000000 0.000000 0.405027 0.000000 0.000000
14804.05 0.400936 0.001591 0.000000 0.000000 0.400936 0.000000 0.000000
14809.05 0.397000 0.002571 0.000000 0.000000 0.397000 0.000000 0.000000
14814.05 0.395055 0.003067 0.000000 0.000000 0.395055 0.000000 0.000000
14819.05 0.396280 0.002803 0.000000 0.000000 0.396280 0.000000 0.000000
14824.05 0.400612 0.001889 0.000000 0.000000 0.400612 0.000000 0.000000
14829.05 0.406693 0.000635 0.000000 0.000000 0.406693 0.000000 0.000000
14834.05 0.412410 0.000444 0.000000 0.000000 0.412410 0.000000 0.000000
14839.05 0.416117 0.001361 0.000000 0.000000 0.416117 0.000000 0.000000
14844.06 0.417184 0.001810 0.000000 0.000000 0.417184 0.000000 0.000000
14849.06 0.413654 0.000899 0.000000 0.000000 0.413654 0.000000 0.000000
14854.06 0.404569 0.007544 0.000000 0.000000 0.404569 0.000000 0.000000
14859.06 0.393024 0.013904 0.000000 0.000000 0.393024 0.000000 0.000000
14864.06 0.371769 0.003231 0.000000 0.000000 0.371769 0.000000 0.000000
14869.06 0.361604 0.000068 0.000000 0.000000 0.361604 0.000000 0.000000
14874.06 0.360459 0.000866 0.000000 0.000000 0.360459 0.000000 0.000000
14879.07 0.364074 0.001183 0.000000 0.000000 0.364074 0.000000 0.000000
14884.07 0.371088 0.001633 0.000000 0.000000 0.371088 0.000000 0.000000
14889.07 0.379456 0.001999 0.000000 0.000000 0.379456 0.000000 0.000000
14894.07 0.387777 0.002172 0.000000 0.000000 0.387777 0.000000 0.000000
14899.07 0.396146 0.002039 0.000000 0.000000 0.396146 0.000000 0.000000
14904.07 0.404346 0.001432 0.000000 0.000000 0.404346 0.000000 0.000000
14909.07 0.404876 0.000479 0.000000 0.000000 0.404876 0.000000 0.000000
14914.08 0.408731 0.000451 0.000000 0.000000 0.408731 0.000000 0.000000
14919.08 0.408842 0.001557 0.000000 0.000000 0.408842 0.000000 0.000000
14924.08 0.409853 0.002330 0.000000 0.000000 0.409853 0.000000 0.000000
14929.08 0.411360 0.002619 0.000000 0.000000 0.411360 0.000000 0.000000
14934.08 0.413311 0.002363 0.000000 0.000000 0.413311 0.000000 0.000000
14939.08 0.415280 0.001687 0.000000 0.000000 0.415280 0.000000 0.000000
14944.08 0.416677 0.000768 0.000000 0.000000 0.416677 0.000000 0.000000
14949.08 0.416952 0.000225 0.000000 0.000000 0.416952 0.000000 0.000000
14954.09 0.415850 0.000409 0.000000 0.000000 0.415850 0.000000 0.000000
14959.09 0.413548 0.000373 0.000000 0.000000 0.413548 0.000000 0.000000
14964.09 0.410610 0.000230 0.000000 0.000000 0.410610 0.000000 0.000000
14969.09 0.407778 0.000465 0.000000 0.000000 0.407778 0.000000 0.000000
14974.09 0.405793 0.000957 0.000000 0.000000 0.405793 0.000000 0.000000
14979.09 0.405446 0.001090 0.000000 0.000000 0.405446 0.000000 0.000000
14984.09 0.407001 0.000997 0.000000 0.000000 0.407001 0.000000 0.000000
14989.10 0.410222 0.000774 0.000000 0.000000 0.410222 0.000000 0.000000
14994.10 0.413801 0.000463 0.000000 0.000000 0.413801 0.000000 0.000000
14999.10 0.416525 0.000245 0.000000 0.000000 0.416525 0.000000 0.000000
15004.10 0.417369 0.000389 0.000000 0.000000 0.417369 0.000000 0.000000
15009.10 0.416521 0.000050 0.000000 0.000000 0.416521 0.000000 0.000000
15014.10 0.411234 0.001825 0.000000 0.000000 0.411234 0.000000 0.000000
15019.10 0.400558 0.009135 0.000000 0.000000 0.400558 0.000000 0.000000
15024.11 0.372802 0.002414 0.000000 0.000000 0.372802 0.000000 0.000000
15029.11 0.351689 0.002059 0.000000 0.000000 0.351689 0.000000 0.000000
15034.11 0.336288 0.001294 0.000000 0.000000 0.336288 0.000000 0.000000
15039.11 0.329246 0.000428 0.000000 0.000000 0.329246 0.000000 0.000000
15044.11 0.330823 0.000818 0.000000 0.000000 0.330823 0.000000 0.000000
15049.11 0.339942 0.002069 0.000000 0.000000 0.339942 0.000000 0.000000
15054.11 0.353456 0.002676 0.000000 0.000000 0.353456 0.000000 0.000000
15059.11 0.372667 0.002581 0.000000 0.000000 0.372667 0.000000 0.000000
15064.12 0.392793 0.001731 0.000000 0.000000 0.392793 0.000000 0.000000
15069.12 0.396290 0.000288 0.000000 0.000000 0.396290 0.000000 0.000000
15074.12 0.400440 0.001470 0.000000 0.000000 0.400440 0.000000 0.000000
15079.12 0.404925 0.002891 0.000000 0.000000 0.404925 0.000000 0.000000
15084.12 0.408082 0.003654 0.000000 0.000000 0.408082 0.000000 0.000000
15089.12 0.406567 0.003453 0.000000 0.000000 0.406567 0.000000 0.000000
15094.12 0.403464 0.002474 0.000000 0.000000 0.403464 0.000000 0.000000
15099.13 0.400768 0.000549 0.000000 0.000000 0.400768 0.000000 0.000000
15104.13 0.398552 0.000759 0.000000 0.000000 0.398552 0.000000 0.000000
15109.13 0.397527 0.001970 0.000000 0.000000 0.397527 0.000000 0.000000
15114.13 0.398158 0.002345 0.000000 0.000000 0.398158 0.000000 0.000000
15119.13 0.399980 0.001901 0.000000 0.000000 0.399980 0.000000 0.000000
15124.13 0.402679 0.000811 0.000000 0.000000 0.402679 0.000000 0.000000
15129.13 0.405719 0.000424 0.000000 0.000000 0.405719 0.000000 0.000000
15134.13 0.408217 0.001652 0.000000 0.000000 0.408217 0.000000 0.000000
15139.14 0.409617 0.002131 0.000000 0.000000 0.409617 0.000000 0.000000
15144.14 0.409354 0.001894 0.000000 0.000000 0.409354 0.000000 0.000000
15149.14 0.407211 0.000807 0.000000 0.000000 0.407211 0.000000 0.000000
15154.14 0.403937 0.000421 0.000000 0.000000 0.403937 0.000000 0.000000
15159.14 0.400170 0.001217 0.000000 0.000000 0.400170 0.000000 0.000000
15164.14 0.396841 0.001663 0.000000 0.000000 0.396841 0.000000 0.000000
15169.14 0.394687 0.001335 0.000000 0.000000 0.394687 0.000000 0.000000
15174.15 0.394094 0.000379 0.000000 0.000000 0.394094 0.000000 0.000000
15179.15 0.394917 0.001040 0.000000 0.000000 0.394917 0.000000 0.000000
15184.15 0.396550 0.002442 0.000000 0.000000 0.396550 0.000000 0.000000
15189.15 0.398314 0.003418 0.000000 0.000000 0.398314 0.000000 0.000000
15194.15 0.399522 0.003769 0.000000 0.000000 0.399522 0.000000 0.000000
15199.15 0.399635 0.003445 0.000000 0.000000 0.399635 0.000000 0.000000
15204.15 0.398494 0.002635 0.000000 0.000000 0.398494 0.000000 0.000000
15209.16 0.396326 0.001603 0.000000 0.000000 0.396326 0.000000 0.000000
15214.16 0.393789 0.000593 0.000000 0.000000 0.393789 0.000000 0.000000
15219.16 0.391600 0.000177 0.000000 0.000000 0.391600 0.000000 0.000000
15224.16 0.390316 0.000190 0.000000 0.000000 0.390316 0.000000 0.000000
15229.16 0.390435 -0.000005 0.000000 0.000000 0.390435 0.000000 0.000000
15234.16 0.392181 0.000426 0.000000 0.000000 0.392181 0.000000 0.000000
15239.16 0.395164 0.000812 0.000000 0.000000 0.395164 0.000000 0.000000
15244.16 0.398770 0.000994 0.000000 0.000000 0.398770 0.000000 0.000000
15249.17 0.402350 0.000975 0.000000 0.000000 0.402350 0.000000 0.000000
15254.17 0.405229 0.000701 0.000000 0.000000 0.405229 0.000000 0.000000
15259.17 0.406776 0.000364 0.000000 0.000000 0.406776 0.000000 0.000000
15264.17 0.406916 0.000051 0.000000 0.000000 0.406916 0.000000 0.000000
15269.17 0.405450 0.000096 0.000000 0.000000 0.405450 0.000000 0.000000
15274.17 0.402608 0.000448 0.000000 0.000000 0.402608 0.000000 0.000000
15279.17 0.398980 0.001057 0.000000 0.000000 0.398980 0.000000 0.000000
15284.18 0.394949 0.001910 0.000000 0.000000 0.394949 0.000000 0.000000
15289.18 0.391343 0.002808 0.000000 0.000000 0.391343 0.000000 0.000000
15294.18 0.388946 0.003545 0.000000 0.000000 0.388946 0.000000 0.000000
15299.18 0.388224 0.003955 0.000000 0.000000 0.388224 0.000000 0.000000
15304.18 0.389174 0.003947 0.000000 0.000000 0.389174 0.000000 0.000000
15309.18 0.391551 0.003553 0.000000 0.000000 0.391551 0.000000 0.000000
15314.18 0.394738 0.002895 0.000000 0.000000 0.394738 0.000000 0.000000
15319.19 0.397912 0.002158 0.000000 0.000000 0.397912 0.000000 0.000000
15324.19 0.400238 0.001560 0.000000 0.000000 0.400238 0.000000 0.000000
15329.19 0.401175 0.001250 0.000000 0.000000 0.401175 0.000000 0.000000
15334.19 0.400587 0.001323 0.000000 0.000000 0.400587 0.000000 0.000000
15339.19 0.398700 0.001727 0.000000 0.000000 0.398700 0.000000 0.000000
15344.19 0.396142 0.002296 0.000000 0.000000 0.396142 0.000000 0.000000
15349.19 0.393758 0.002829 0.000000 0.000000 0.393758 0.000000 0.000000
15354.19 0.392297 0.003139 0.000000 0.000000 0.392297 0.000000 0.000000
15359.20 0.392168 0.003103 0.000000 0.000000 0.392168 0.000000 0.000000
15364.20 0.393321 0.002714 0.000000 0.000000 0.393321 0.000000 0.000000
15369.20 0.395318 0.002102 0.000000 0.000000 0.395318 0.000000 0.000000
15374.20 0.397531 0.001431 0.000000 0.000000 0.397531 0.000000 0.000000
15379.20 0.399300 0.000972 0.000000 0.000000 0.399300 0.000000 0.000000
15384.20 0.400115 0.000752 0.000000 0.000000 0.400115 0.000000 0.000000
15389.20 0.399991 0.000959 0.000000 0.000000 0.399991 0.000000 0.000000
15394.21 0.399224 0.001486 0.000000 0.000000 0.399224 0.000000 0.000000
15399.21 0.398126 0.002205 0.000000 0.000000 0.398126 0.000000 0.000000
15404.21 0.397214 0.002860 0.000000 0.000000 0.397214 0.000000 0.000000
15409.21 0.396702 0.003280 0.000000 0.000000 0.396702 0.000000 0.000000
15414.21 0.396568 0.003419 0.000000 0.000000 0.396568 0.000000 0.000000
15419.21 0.396601 0.003297 0.000000 0.000000 0.396601 0.000000 0.000000
15424.21 0.396554 0.003047 0.000000 0.000000 0.396554 0.000000 0.000000
15429.22 0.396324 0.002815 0.000000 0.000000 0.396324 0.000000 0.000000
15434.22 0.396029 0.002701 0.000000 0.000000 0.396029 0.000000 0.000000
15439.22 0.395846 0.002743 0.000000 0.000000 0.395846 0.000000 0.000000
15444.22 0.396024 0.002884 0.000000 0.000000 0.396024 0.000000 0.000000
15449.22 0.396837 0.002989 0.000000 0.000000 0.396837 0.000000 0.000000
15454.22 0.398349 0.002944 0.000000 0.000000 0.398349 0.000000 0.000000
15459.22 0.400295 0.002645 0.000000 0.000000 0.400295 0.000000 0.000000
15464.22 0.402107 0.002135 0.000000 0.000000 0.402107 0.000000 0.000000
15469.23 0.403077 0.001534 0.000000 0.000000 0.403077 0.000000 0.000000
15474.23 0.402650 0.001043 0.000000 0.000000 0.402650 0.000000 0.000000
15479.23 0.400567 0.000845 0.000000 0.000000 0.400567 0.000000 0.000000
15484.23 0.397025 0.001089 0.000000 0.000000 0.397025 0.000000 0.000000
15489.23 0.392835 0.001707 0.000000 0.000000 0.392835 0.000000 0.000000
15494.23 0.389038 0.002589 0.000000 0.000000 0.389038 0.000000 0.000000
15499.23 0.386550 0.003482 0.000000 0.000000 0.386550 0.000000 0.000000
15504.24 0.385889 0.004129 0.000000 0.000000 0.385889 0.000000 0.000000
15509.24 0.387046 0.004340 0.000000 0.000000 0.387046 0.000000 0.000000
15514.24 0.389477 0.004042 0.000000 0.000000 0.389477 0.000000 0.000000
15519.24 0.392345 0.003312 0.000000 0.000000 0.392345 0.000000 0.000000
15524.24 0.394557 0.002309 0.000000 0.000000 0.394557 0.000000 0.000000
15529.24 0.394969 0.001289 0.000000 0.000000 0.394969 0.000000 0.000000
15534.24 0.393664 0.000489 0.000000 0.000000 0.393664 0.000000 0.000000
15539.25 0.390940 0.000027 0.000000 0.000000 0.390940 0.000000 0.000000
15544.25 0.387306 0.000111 0.000000 0.000000 0.387306 0.000000 0.000000
15549.25 0.383680 0.000520 0.000000 0.000000 0.383680 0.000000 0.000000
15554.25 0.380947 0.001020 0.000000 0.000000 0.380947 0.000000 0.000000
15559.25 0.379634 0.001529 0.000000 0.000000 0.379634 0.000000 0.000000
15564.25 0.379779 0.001888 0.000000 0.000000 0.379779 0.000000 0.000000
15569.25 0.380979 0.002054 0.000000 0.000000 0.380979 0.000000 0.000000
15574.25 0.382576 0.002059 0.000000 0.000000 0.382576 0.000000 0.000000
15579.26 0.383902 0.001947 0.000000 0.000000 0.383902 0.000000 0.000000
15584.26 0.384488 0.001854 0.000000 0.000000 0.384488 0.000000 0.000000
15589.26 0.384195 0.001833 0.000000 0.000000 0.384195 0.000000 0.000000
15594.26 0.383231 0.001863 0.000000 0.000000 0.383231 0.000000 0.000000
15599.26 0.382070 0.001949 0.000000 0.000000 0.382070 0.000000 0.000000
15604.26 0.381229 0.001986 0.000000 0.000000 0.381229 0.000000 0.000000
15609.26 0.381090 0.001926 0.000000 0.000000 0.381090 0.000000 0.000000
15614.27 0.381784 0.001761 0.000000 0.000000 0.381784 0.000000 0.000000
15619.27 0.383172 0.001488 0.000000 0.000000 0.383172 0.000000 0.000000
15624.27 0.384916 0.001249 0.000000 0.000000 0.384916 0.000000 0.000000
15629.27 0.386625 0.001132 0.000000 0.000000 0.386625 0.000000 0.000000
15634.27 0.387984 0.001175 0.000000 0.000000 0.387984 0.000000 0.000000
15639.27 0.388832 0.001516 0.000000 0.000000 0.388832 0.000000 0.000000
15644.27 0.389178 0.002054 0.000000 0.000000 0.389178 0.000000 0.000000
15649.28 0.389152 0.002695 0.000000 0.000000 0.389152 0.000000 0.000000
15654.28 0.388900 0.003315 0.000000 0.000000 0.388900 0.000000 0.000000
15659.28 0.388470 0.003676 0.000000 0.000000 0.388470 0.000000 0.000000
15664.28 0.387865 0.003705 0.000000 0.000000 0.387865 0.000000 0.000000
15669.28 0.386956 0.003307 0.000000 0.000000 0.386956 0.000000 0.000000
15674.28 0.385605 0.002532 0.000000 0.000000 0.385605 0.000000 0.000000
15679.28 0.383776 0.001398 0.000000 0.000000 0.383776 0.000000 0.000000
15684.28 0.381582 0.000385 0.000000 0.000000 0.381582 0.000000 0.000000
15689.29 0.379326 0.000791 0.000000 0.000000 0.379326 0.000000 0.000000
15694.29 0.377477 0.001638 0.000000 0.000000 0.377477 0.000000 0.000000
15699.29 0.376555 0.001909 0.000000 0.000000 0.376555 0.000000 0.000000
15704.29 0.376983 0.001726 0.000000 0.000000 0.376983 0.000000 0.000000
15709.29 0.378941 0.000980 0.000000 0.000000 0.378941 0.000000 0.000000
15714.29 0.382271 0.000342 0.000000 0.000000 0.382271 0.000000 0.000000
15719.29 0.386479 0.001022 0.000000 0.000000 0.386479 0.000000 0.000000
15724.30 0.390848 0.002016 0.000000 0.000000 0.390848 0.000000 0.000000
15729.30 0.394408 0.002597 0.000000 0.000000 0.394408 0.000000 0.000000
15734.30 0.396114 0.002651 0.000000 0.000000 0.396114 0.000000 0.000000
15739.30 0.395522 0.002175 0.000000 0.000000 0.395522 0.000000 0.000000
15744.30 0.392899 0.001116 0.000000 0.000000 0.392899 0.000000 0.000000
15749.30 0.388575 0.000448 0.000000 0.000000 0.388575 0.000000 0.000000
15754.30 0.383074 0.001353 0.000000 0.000000 0.383074 0.000000 0.000000
15759.30 0.377442 0.002585 0.000000 0.000000 0.377442 0.000000 0.000000
15764.31 0.372666 0.003379 0.000000 0.000000 0.372666 0.000000 0.000000
15769.31 0.369583 0.003695 0.000000 0.000000 0.369583 0.000000 0.000000
15774.31 0.368536 0.003486 0.000000 0.000000 0.368536 0.000000 0.000000
15779.31 0.369558 0.002838 0.000000 0.000000 0.369558 0.000000 0.000000
15784.31 0.372403 0.001922 0.000000 0.000000 0.372403 0.000000 0.000000
15789.31 0.376367 0.000903 0.000000 0.000000 0.376367 0.000000 0.000000
15794.31 0.380528 0.000256 0.000000 0.000000 0.380528 0.000000 0.000000
15799.32 0.383811 0.000368 0.000000 0.000000 0.383811 0.000000 0.000000
15804.32 0.385703 0.000589 0.000000 0.000000 0.385703 0.000000 0.000000
15809.32 0.385956 0.000213 0.000000 0.000000 0.385956 0.000000 0.000000
15814.32 0.384717 0.000097 0.000000 0.000000 0.384717 0.000000 0.000000
15819.32 0.382453 0.000690 0.000000 0.000000 0.382453 0.000000 0.000000
15824.32 0.379882 0.001210 0.000000 0.000000 0.379882 0.000000 0.000000
15829.32 0.377822 0.001555 0.000000 0.000000 0.377822 0.000000 0.000000
15834.33 0.376975 0.001624 0.000000 0.000000 0.376975 0.000000 0.000000
15839.33 0.377709 0.001400 0.000000 0.000000 0.377709 0.000000 0.000000
15844.33 0.379909 0.000968 0.000000 0.000000 0.379909 0.000000 0.000000
15849.33 0.382979 0.000418 0.000000 0.000000 0.382979 0.000000 0.000000
15854.33 0.386000 0.000128 0.000000 0.000000 0.386000 0.000000 0.000000
15859.33 0.387934 0.000196 0.000000 0.000000 0.387934 0.000000 0.000000
15864.33 0.387902 0.000125 0.000000 0.000000 0.387902 0.000000 0.000000
15869.33 0.385341 0.000381 0.000000 0.000000 0.385341 0.000000 0.000000
15874.34 0.379429 0.001122 0.000000 0.000000 0.379429 0.000000 0.000000
15879.34 0.369377 0.001708 0.000000 0.000000 0.369377 0.000000 0.000000
15884.34 0.356589 0.002075 0.000000 0.000000 0.356589 0.000000 0.000000
15889.34 0.344298 0.002186 0.000000 0.000000 0.344298 0.000000 0.000000
15894.34 0.335207 0.002032 0.000000 0.000000 0.335207 0.000000 0.000000
15899.34 0.331173 0.001639 0.000000 0.000000 0.331173 0.000000 0.000000
15904.34 0.333166 0.001097 0.000000 0.000000 0.333166 0.000000 0.000000
15909.35 0.340969 0.000577 0.000000 0.000000 0.340969 0.000000 0.000000
15914.35 0.352599 0.000135 0.000000 0.000000 0.352599 0.000000 0.000000
15919.35 0.365779 0.000063 0.000000 0.000000 0.365779 0.000000 0.000000
15924.35 0.377667 0.000339 0.000000 0.000000 0.377667 0.000000 0.000000
15929.35 0.384981 0.000156 0.000000 0.000000 0.384981 0.000000 0.000000
15934.35 0.388352 0.000026 0.000000 0.000000 0.388352 0.000000 0.000000
15939.35 0.388579 0.000313 0.000000 0.000000 0.388579 0.000000 0.000000
15944.36 0.386080 0.000493 0.000000 0.000000 0.386080 0.000000 0.000000
15949.36 0.381530 0.000577 0.000000 0.000000 0.381530 0.000000 0.000000
15954.36 0.375980 0.000318 0.000000 0.000000 0.375980 0.000000 0.000000
15959.36 0.370550 0.000037 0.000000 0.000000 0.370550 0.000000 0.000000
15964.36 0.366307 0.000690 0.000000 0.000000 0.366307 0.000000 0.000000
15969.36 0.363858 0.001223 0.000000 0.000000 0.363858 0.000000 0.000000
15974.36 0.363046 0.001586 0.000000 0.000000 0.363046 0.000000 0.000000
15979.36 0.363765 0.001641 0.000000 0.000000 0.363765 0.000000 0.000000
15984.37 0.365551 0.001383 0.000000 0.000000 0.365551 0.000000 0.000000
15989.37 0.367663 0.000901 0.000000 0.000000 0.367663 0.000000 0.000000
15994.37 0.369495 0.000339 0.000000 0.000000 0.369495 0.000000 0.000000
15999.37 0.370655 0.000003 0.000000 0.000000 0.370655 0.000000 0.000000
16004.37 0.371016 0.000423 0.000000 0.000000 0.371016 0.000000 0.000000
16009.37 0.370709 0.000356 0.000000 0.000000 0.370709 0.000000 0.000000
16014.37 0.370029 -0.000008 0.000000 0.000000 0.370029 0.000000 0.000000
16019.38 0.369325 0.000706 0.000000 0.000000 0.369325 0.000000 0.000000
16024.38 0.368899 0.001388 0.000000 0.000000 0.368899 0.000000 0.000000
16029.38 0.368922 0.001903 0.000000 0.000000 0.368922 0.000000 0.000000
16034.38 0.369393 0.002136 0.000000 0.000000 0.369393 0.000000 0.000000
16039.38 0.370166 0.002052 0.000000 0.000000 0.370166 0.000000 0.000000
16044.38 0.371009 0.001713 0.000000 0.000000 0.371009 0.000000 0.000000
16049.38 0.371687 0.001253 0.000000 0.000000 0.371687 0.000000 0.000000
16054.39 0.371997 0.000848 0.000000 0.000000 0.371997 0.000000 0.000000
16059.39 0.371912 0.000539 0.000000 0.000000 0.371912 0.000000 0.000000
16064.39 0.371300 0.000484 0.000000 0.000000 0.371300 0.000000 0.000000
16069.39 0.370356 0.000604 0.000000 0.000000 0.370356 0.000000 0.000000
16074.39 0.369318 0.000691 0.000000 0.000000 0.369318 0.000000 0.000000
16079.39 0.368377 0.000727 0.000000 0.000000 0.368377 0.000000 0.000000
16084.39 0.367753 0.000467 0.000000 0.000000 0.367753 0.000000 0.000000
16089.39 0.367571 0.000243 0.000000 0.000000 0.367571 0.000000 0.000000
16094.40 0.367848 0.000732 0.000000 0.000000 0.367848 0.000000 0.000000
16099.40 0.368487 0.001630 0.000000 0.000000 0.368487 0.000000 0.000000
16104.40 0.369308 0.002395 0.000000 0.000000 0.369308 0.000000 0.000000
16109.40 0.370105 0.002886 0.000000 0.000000 0.370105 0.000000 0.000000
16114.40 0.370695 0.002960 0.000000 0.000000 0.370695 0.000000 0.000000
16119.40 0.370965 0.002566 0.000000 0.000000 0.370965 0.000000 0.000000
16124.40 0.370886 0.001839 0.000000 0.000000 0.370886 0.000000 0.000000
16129.41 0.370510 0.000786 0.000000 0.000000 0.370510 0.000000 0.000000
16134.41 0.369928 0.000009 0.000000 0.000000 0.369928 0.000000 0.000000
16139.41 0.369224 0.000720 0.000000 0.000000 0.369224 0.000000 0.000000
16144.41 0.368425 0.000951 0.000000 0.000000 0.368425 0.000000 0.000000
16149.41 0.367484 0.000802 0.000000 0.000000 0.367484 0.000000 0.000000
16154.41 0.366271 0.000337 0.000000 0.000000 0.366271 0.000000 0.000000
16159.41 0.364601 0.000379 0.000000 0.000000 0.364601 0.000000 0.000000
16164.42 0.362293 0.001008 0.000000 0.000000 0.362293 0.000000 0.000000
16169.42 0.359239 0.001554 0.000000 0.000000 0.359239 0.000000 0.000000
16174.42 0.355470 0.001821 0.000000 0.000000 0.355470 0.000000 0.000000
16179.42 0.351194 0.001785 0.000000 0.000000 0.351194 0.000000 0.000000
16184.42 0.346809 0.001480 0.000000 0.000000 0.346809 0.000000 0.000000
16189.42 0.342814 0.000988 0.000000 0.000000 0.342814 0.000000 0.000000
16194.42 0.339816 0.000552 0.000000 0.000000 0.339816 0.000000 0.000000
16199.42 0.338003 0.000105 0.000000 0.000000 0.338003 0.000000 0.000000
16204.43 0.338107 0.000038 0.000000 0.000000 0.338107 0.000000 0.000000
16209.43 0.339882 0.000164 0.000000 0.000000 0.339882 0.000000 0.000000
16214.43 0.342679 0.000026 0.000000 0.000000 0.342679 0.000000 0.000000
16219.43 0.346087 0.000132 0.000000 0.000000 0.346087 0.000000 0.000000
16224.43 0.349362 0.000515 0.000000 0.000000 0.349362 0.000000 0.000000
16229.43 0.351910 0.000674 0.000000 0.000000 0.351910 0.000000 0.000000
16234.43 0.353337 0.000687 0.000000 0.000000 0.353337 0.000000 0.000000
16239.44 0.353557 0.000580 0.000000 0.000000 0.353557 0.000000 0.000000
16244.44 0.352795 0.000301 0.000000 0.000000 0.352795 0.000000 0.000000
16249.44 0.351514 0.000010 0.000000 0.000000 0.351514 0.000000 0.000000
16254.44 0.350266 0.000466 0.000000 0.000000 0.350266 0.000000 0.000000
16259.44 0.349524 0.000907 0.000000 0.000000 0.349524 0.000000 0.000000
16264.44 0.349561 0.001292 0.000000 0.000000 0.349561 0.000000 0.000000
16269.44 0.350417 0.001621 0.000000 0.000000 0.350417 0.000000 0.000000
16274.45 0.351864 0.001860 0.000000 0.000000 0.351864 0.000000 0.000000
16279.45 0.353459 0.002008 0.000000 0.000000 0.353459 0.000000 0.000000
16284.45 0.354722 0.002070 0.000000 0.000000 0.354722 0.000000 0.000000
16289.45 0.355270 0.002052 0.000000 0.000000 0.355270 0.000000 0.000000
16294.45 0.355172 0.001997 0.000000 0.000000 0.355172 0.000000 0.000000
16299.45 0.354449 0.001915 0.000000 0.000000 0.354449 0.000000 0.000000
16304.45 0.353323 0.001835 0.000000 0.000000 0.353323 0.000000 0.000000
16309.45 0.352283 0.001771 0.000000 0.000000 0.352283 0.000000 0.000000
16314.46 0.351767 0.001711 0.000000 0.000000 0.351767 0.000000 0.000000
16319.46 0.352084 0.001651 0.000000 0.000000 0.352084 0.000000 0.000000
16324.46 0.353285 0.001559 0.000000 0.000000 0.353285 0.000000 0.000000
16329.46 0.355145 0.001384 0.000000 0.000000 0.355145 0.000000 0.000000
16334.46 0.357190 0.001090 0.000000 0.000000 0.357190 0.000000 0.000000
16339.46 0.358903 0.000664 0.000000 0.000000 0.358903 0.000000 0.000000
16344.46 0.359893 0.000239 0.000000 0.000000 0.359893 0.000000 0.000000
16349.47 0.359473 0.000370 0.000000 0.000000 0.359473 0.000000 0.000000
16354.47 0.358056 0.000826 0.000000 0.000000 0.358056 0.000000 0.000000
16359.47 0.355781 0.001255 0.000000 0.000000 0.355781 0.000000 0.000000
16364.47 0.353015 0.001498 0.000000 0.000000 0.353015 0.000000 0.000000
16369.47 0.350177 0.001567 0.000000 0.000000 0.350177 0.000000 0.000000
16374.47 0.347592 0.001471 0.000000 0.000000 0.347592 0.000000 0.000000
16379.47 0.345440 0.001291 0.000000 0.000000 0.345440 0.000000 0.000000
16384.47 0.343711 0.001103 0.000000 0.000000 0.343711 0.000000 0.000000
16389.48 0.342238 0.001029 0.000000 0.000000 0.342238 0.000000 0.000000
16394.48 0.340781 0.001167 0.000000 0.000000 0.340781 0.000000 0.000000
16399.48 0.339153 0.001503 0.000000 0.000000 0.339153 0.000000 0.000000
16404.48 0.337330 0.001991 0.000000 0.000000 0.337330 0.000000 0.000000
16409.48 0.335489 0.002475 0.000000 0.000000 0.335489 0.000000 0.000000
16414.48 0.333961 0.002827 0.000000 0.000000 0.333961 0.000000 0.000000
16419.48 0.333131 0.002870 0.000000 0.000000 0.333131 0.000000 0.000000
16424.49 0.333318 0.002525 0.000000 0.000000 0.333318 0.000000 0.000000
16429.49 0.334651 0.001805 0.000000 0.000000 0.334651 0.000000 0.000000
16434.49 0.337011 0.000675 0.000000 0.000000 0.337011 0.000000 0.000000
16439.49 0.340045 0.000519 0.000000 0.000000 0.340045 0.000000 0.000000
16444.49 0.343217 0.001363 0.000000 0.000000 0.343217 0.000000 0.000000
16449.49 0.345934 0.002111 0.000000 0.000000 0.345934 0.000000 0.000000
16454.49 0.347707 0.002331 0.000000 0.000000 0.347707 0.000000 0.000000
16459.50 0.348282 0.002075 0.000000 0.000000 0.348282 0.000000 0.000000
16464.50 0.347705 0.001420 0.000000 0.000000 0.347705 0.000000 0.000000
16469.50 0.346300 0.000535 0.000000 0.000000 0.346300 0.000000 0.000000
16474.50 0.344555 0.000173 0.000000 0.000000 0.344555 0.000000 0.000000
16479.50 0.343001 0.000847 0.000000 0.000000 0.343001 0.000000 0.000000
16484.50 0.342039 0.000892 0.000000 0.000000 0.342039 0.000000 0.000000
16489.50 0.341775 0.000514 0.000000 0.000000 0.341775 0.000000 0.000000
16494.50 0.342384 0.000372 0.000000 0.000000 0.342384 0.000000 0.000000
16499.51 0.343253 0.001281 0.000000 0.000000 0.343253 0.000000 0.000000
16504.51 0.343900 0.002244 0.000000 0.000000 0.343900 0.000000 0.000000
16509.51 0.343868 0.002798 0.000000 0.000000 0.343868 0.000000 0.000000
16514.51 0.342803 0.002851 0.000000 0.000000 0.342803 0.000000 0.000000
16519.51 0.340624 0.002385 0.000000 0.000000 0.340624 0.000000 0.000000
16524.51 0.337515 0.001344 0.000000 0.000000 0.337515 0.000000 0.000000
16529.51 0.333892 0.000461 0.000000 0.000000 0.333892 0.000000 0.000000
16534.52 0.330313 0.000848 0.000000 0.000000 0.330313 0.000000 0.000000
16539.52 0.327362 0.001716 0.000000 0.000000 0.327362 0.000000 0.000000
16544.52 0.325533 0.002010 0.000000 0.000000 0.325533 0.000000 0.000000
16549.52 0.325107 0.001732 0.000000 0.000000 0.325107 0.000000 0.000000
16554.52 0.326100 0.000852 0.000000 0.000000 0.326100 0.000000 0.000000
16559.52 0.328248 0.000477 0.000000 0.000000 0.328248 0.000000 0.000000
16564.52 0.331162 0.001441 0.000000 0.000000 0.331162 0.000000 0.000000
16569.53 0.334395 0.002536 0.000000 0.000000 0.334395 0.000000 0.000000
16574.53 0.337457 0.003075 0.000000 0.000000 0.337457 0.000000 0.000000
16579.53 0.339965 0.003134 0.000000 0.000000 0.339965 0.000000 0.000000
16584.53 0.341585 0.002692 0.000000 0.000000 0.341585 0.000000 0.000000
16589.53 0.342086 0.001935 0.000000 0.000000 0.342086 0.000000 0.000000
16594.53 0.341661 0.001018 0.000000 0.000000 0.341661 0.000000 0.000000
16599.53 0.340719 0.000254 0.000000 0.000000 0.340719 0.000000 0.000000
16604.53 0.339426 0.000262 0.000000 0.000000 0.339426 0.000000 0.000000
16609.54 0.337802 0.000367 0.000000 0.000000 0.337802 0.000000 0.000000
16614.54 0.335799 0.000119 0.000000 0.000000 0.335799 0.000000 0.000000
16619.54 0.333581 0.000518 0.000000 0.000000 0.333581 0.000000 0.000000
16624.54 0.331312 0.001280 0.000000 0.000000 0.331312 0.000000 0.000000
16629.54 0.329120 0.001849 0.000000 0.000000 0.329120 0.000000 0.000000
16634.54 0.327067 0.002221 0.000000 0.000000 0.327067 0.000000 0.000000
16639.54 0.325331 0.002268 0.000000 0.000000 0.325331 0.000000 0.000000
16644.55 0.324132 0.001898 0.000000 0.000000 0.324132 0.000000 0.000000
16649.55 0.323490 0.001310 0.000000 0.000000 0.323490 0.000000 0.000000
16654.55 0.323544 0.000588 0.000000 0.000000 0.323544 0.000000 0.000000
16659.55 0.324261 0.000115 0.000000 0.000000 0.324261 0.000000 0.000000
16664.55 0.325483 0.000603 0.000000 0.000000 0.325483 0.000000 0.000000
16669.55 0.326954 0.000997 0.000000 0.000000 0.326954 0.000000 0.000000
16674.55 0.328384 0.001026 0.000000 0.000000 0.328384 0.000000 0.000000
16679.56 0.329547 0.000863 0.000000 0.000000 0.329547 0.000000 0.000000
16684.56 0.330324 0.000579 0.000000 0.000000 0.330324 0.000000 0.000000
16689.56 0.330702 0.000213 0.000000 0.000000 0.330702 0.000000 0.000000
16694.56 0.330749 0.000001 0.000000 0.000000 0.330749 0.000000 0.000000
16699.56 0.330572 0.000191 0.000000 0.000000 0.330572 0.000000 0.000000
16704.56 0.330286 0.000272 0.000000 0.000000 0.330286 0.000000 0.000000
16709.56 0.329996 0.000300 0.000000 0.000000 0.329996 0.000000 0.000000
16714.56 0.329770 0.000261 0.000000 0.000000 0.329770 0.000000 0.000000
16719.57 0.329628 0.000190 0.000000 0.000000 0.329628 0.000000 0.000000
16724.57 0.329542 0.000155 0.000000 0.000000 0.329542 0.000000 0.000000
16729.57 0.329452 0.000048 0.000000 0.000000 0.329452 0.000000 0.000000
16734.57 0.329305 0.000041 0.000000 0.000000 0.329305 0.000000 0.000000
16739.57 0.329082 0.000285 0.000000 0.000000 0.329082 0.000000 0.000000
16744.57 0.328819 0.000610 0.000000 0.000000 0.328819 0.000000 0.000000
16749.57 0.328604 0.001105 0.000000 0.000000 0.328604 0.000000 0.000000
16754.58 0.328550 0.001656 0.000000 0.000000 0.328550 0.000000 0.000000
16759.58 0.328762 0.002241 0.000000 0.000000 0.328762 0.000000 0.000000
16764.58 0.329299 0.002763 0.000000 0.000000 0.329299 0.000000 0.000000
16769.58 0.330140 0.003160 0.000000 0.000000 0.330140 0.000000 0.000000
16774.58 0.331185 0.003368 0.000000 0.000000 0.331185 0.000000 0.000000
16779.58 0.332234 0.003352 0.000000 0.000000 0.332234 0.000000 0.000000
16784.58 0.333133 0.003156 0.000000 0.000000 0.333133 0.000000 0.000000
16789.59 0.333649 0.002841 0.000000 0.000000 0.333649 0.000000 0.000000
16794.59 0.333383 0.002456 0.000000 0.000000 0.333383 0.000000 0.000000
16799.59 0.332285 0.002115 0.000000 0.000000 0.332285 0.000000 0.000000
16804.59 0.330326 0.001866 0.000000 0.000000 0.330326 0.000000 0.000000
16809.59 0.327578 0.001739 0.000000 0.000000 0.327578 0.000000 0.000000
16814.59 0.324474 0.001745 0.000000 0.000000 0.324474 0.000000 0.000000
16819.59 0.321597 0.001864 0.000000 0.000000 0.321597 0.000000 0.000000
16824.59 0.319361 0.002051 0.000000 0.000000 0.319361 0.000000 0.000000
16829.60 0.318162 0.002263 0.000000 0.000000 0.318162 0.000000 0.000000
16834.60 0.318410 0.002463 0.000000 0.000000 0.318410 0.000000 0.000000
16839.60 0.320023 0.002618 0.000000 0.000000 0.320023 0.000000 0.000000
16844.60 0.322274 0.002650 0.000000 0.000000 0.322274 0.000000 0.000000
16849.60 0.323824 0.002497 0.000000 0.000000 0.323824 0.000000 0.000000
16854.60 0.324122 0.002155 0.000000 0.000000 0.324122 0.000000 0.000000
16859.60 0.323552 0.001746 0.000000 0.000000 0.323552 0.000000 0.000000
16864.61 0.322536 0.001368 0.000000 0.000000 0.322536 0.000000 0.000000
16869.61 0.321240 0.001083 0.000000 0.000000 0.321240 0.000000 0.000000
16874.61 0.319869 0.000922 0.000000 0.000000 0.319869 0.000000 0.000000
16879.61 0.318730 0.000855 0.000000 0.000000 0.318730 0.000000 0.000000
16884.61 0.318102 0.000926 0.000000 0.000000 0.318102 0.000000 0.000000
16889.61 0.318181 0.001062 0.000000 0.000000 0.318181 0.000000 0.000000
16894.61 0.319014 0.001222 0.000000 0.000000 0.319014 0.000000 0.000000
16899.62 0.320472 0.001389 0.000000 0.000000 0.320472 0.000000 0.000000
16904.62 0.322266 0.001502 0.000000 0.000000 0.322266 0.000000 0.000000
16909.62 0.324004 0.001511 0.000000 0.000000 0.324004 0.000000 0.000000
16914.62 0.325275 0.001410 0.000000 0.000000 0.325275 0.000000 0.000000
16919.62 0.325733 0.001202 0.000000 0.000000 0.325733 0.000000 0.000000
16924.62 0.325164 0.000926 0.000000 0.000000 0.325164 0.000000 0.000000
16929.62 0.323531 0.000615 0.000000 0.000000 0.323531 0.000000 0.000000
16934.62 0.321064 0.000349 0.000000 0.000000 0.321064 0.000000 0.000000
16939.63 0.318006 0.000069 0.000000 0.000000 0.318006 0.000000 0.000000
16944.63 0.315034 0.000063 0.000000 0.000000 0.315034 0.000000 0.000000
16949.63 0.312867 0.000374 0.000000 0.000000 0.312867 0.000000 0.000000
16954.63 0.311502 0.000746 0.000000 0.000000 0.311502 0.000000 0.000000
16959.63 0.310600 0.001322 0.000000 0.000000 0.310600 0.000000 0.000000
16964.63 0.310382 0.001997 0.000000 0.000000 0.310382 0.000000 0.000000
16969.63 0.310853 0.002653 0.000000 0.000000 0.310853 0.000000 0.000000
16974.64 0.311741 0.003178 0.000000 0.000000 0.311741 0.000000 0.000000
16979.64 0.312675 0.003468 0.000000 0.000000 0.312675 0.000000 0.000000
16984.64 0.313315 0.003447 0.000000 0.000000 0.313315 0.000000 0.000000
16989.64 0.313414 0.003095 0.000000 0.000000 0.313414 0.000000 0.000000
16994.64 0.312877 0.002447 0.000000 0.000000 0.312877 0.000000 0.000000
16999.64 0.311775 0.001610 0.000000 0.000000 0.311775 0.000000 0.000000
17004.64 0.310329 0.000776 0.000000 0.000000 0.310329 0.000000 0.000000
17009.65 0.308846 0.000171 0.000000 0.000000 0.308846 0.000000 0.000000
17014.65 0.307638 0.000309 0.000000 0.000000 0.307638 0.000000 0.000000
17019.65 0.306934 0.000399 0.000000 0.000000 0.306934 0.000000 0.000000
17024.65 0.306821 0.000192 0.000000 0.000000 0.306821 0.000000 0.000000
17029.65 0.307221 0.000562 0.000000 0.000000 0.307221 0.000000 0.000000
17034.65 0.307915 0.001397 0.000000 0.000000 0.307915 0.000000 0.000000
17039.65 0.308611 0.002197 0.000000 0.000000 0.308611 0.000000 0.000000
17044.65 0.309008 0.002816 0.000000 0.000000 0.309008 0.000000 0.000000
17049.66 0.308864 0.003135 0.000000 0.000000 0.308864 0.000000 0.000000
17054.66 0.308088 0.003083 0.000000 0.000000 0.308088 0.000000 0.000000
17059.66 0.306717 0.002684 0.000000 0.000000 0.306717 0.000000 0.000000
17064.66 0.304873 0.002044 0.000000 0.000000 0.304873 0.000000 0.000000
17069.66 0.302763 0.001315 0.000000 0.000000 0.302763 0.000000 0.000000
17074.66 0.300685 0.000666 0.000000 0.000000 0.300685 0.000000 0.000000
17079.66 0.298934 0.000315 0.000000 0.000000 0.298934 0.000000 0.000000
17084.67 0.297773 0.000277 0.000000 0.000000 0.297773 0.000000 0.000000
17089.67 0.297225 0.000562 0.000000 0.000000 0.297225 0.000000 0.000000
17094.67 0.297451 0.001205 0.000000 0.000000 0.297451 0.000000 0.000000
17099.67 0.298464 0.002079 0.000000 0.000000 0.298464 0.000000 0.000000
17104.67 0.299850 0.002931 0.000000 0.000000 0.299850 0.000000 0.000000
17109.67 0.301474 0.003622 0.000000 0.000000 0.301474 0.000000 0.000000
17114.67 0.303088 0.004007 0.000000 0.000000 0.303088 0.000000 0.000000
17119.67 0.304490 0.004019 0.000000 0.000000 0.304490 0.000000 0.000000
17124.68 0.305551 0.003675 0.000000 0.000000 0.305551 0.000000 0.000000
17129.68 0.306224 0.003069 0.000000 0.000000 0.306224 0.000000 0.000000
17134.68 0.306544 0.002345 0.000000 0.000000 0.306544 0.000000 0.000000
17139.68 0.306597 0.001659 0.000000 0.000000 0.306597 0.000000 0.000000
17144.68 0.306498 0.001135 0.000000 0.000000 0.306498 0.000000 0.000000
17149.68 0.306353 0.000849 0.000000 0.000000 0.306353 0.000000 0.000000
17154.68 0.306207 0.000819 0.000000 0.000000 0.306207 0.000000 0.000000
17159.69 0.306091 0.001009 0.000000 0.000000 0.306091 0.000000 0.000000
17164.69 0.306060 0.001323 0.000000 0.000000 0.306060 0.000000 0.000000
17169.69 0.306149 0.001650 0.000000 0.000000 0.306149 0.000000 0.000000
17174.69 0.306322 0.001914 0.000000 0.000000 0.306322 0.000000 0.000000
17179.69 0.306484 0.002021 0.000000 0.000000 0.306484 0.000000 0.000000
17184.69 0.306520 0.001957 0.000000 0.000000 0.306520 0.000000 0.000000
17189.69 0.306311 0.001764 0.000000 0.000000 0.306311 0.000000 0.000000
17194.70 0.305757 0.001494 0.000000 0.000000 0.305757 0.000000 0.000000
17199.70 0.304790 0.001232 0.000000 0.000000 0.304790 0.000000 0.000000
17204.70 0.303467 0.001068 0.000000 0.000000 0.303467 0.000000 0.000000
17209.70 0.302058 0.001015 0.000000 0.000000 0.302058 0.000000 0.000000
17214.70 0.300762 0.001130 0.000000 0.000000 0.300762 0.000000 0.000000
17219.70 0.299179 0.001372 0.000000 0.000000 0.299179 0.000000 0.000000
17224.70 0.297443 0.001681 0.000000 0.000000 0.297443 0.000000 0.000000
17229.70 0.296054 0.001991 0.000000 0.000000 0.296054 0.000000 0.000000
17234.71 0.295267 0.002230 0.000000 0.000000 0.295267 0.000000 0.000000
17239.71 0.295185 0.002342 0.000000 0.000000 0.295185 0.000000 0.000000
17244.71 0.295817 0.002298 0.000000 0.000000 0.295817 0.000000 0.000000
17249.71 0.297001 0.002118 0.000000 0.000000 0.297001 0.000000 0.000000
17254.71 0.298601 0.001828 0.000000 0.000000 0.298601 0.000000 0.000000
17259.71 0.300337 0.001477 0.000000 0.000000 0.300337 0.000000 0.000000
17264.71 0.301830 0.001134 0.000000 0.000000 0.301830 0.000000 0.000000
17269.72 0.302841 0.000863 0.000000 0.000000 0.302841 0.000000 0.000000
17274.72 0.303180 0.000702 0.000000 0.000000 0.303180 0.000000 0.000000
17279.72 0.302764 0.000642 0.000000 0.000000 0.302764 0.000000 0.000000
17284.72 0.301623 0.000678 0.000000 0.000000 0.301623 0.000000 0.000000
17289.72 0.299893 0.000794 0.000000 0.000000 0.299893 0.000000 0.000000
17294.72 0.297791 0.000965 0.000000 0.000000 0.297791 0.000000 0.000000
17299.72 0.295575 0.001181 0.000000 0.000000 0.295575 0.000000 0.000000
17304.73 0.293492 0.001421 0.000000 0.000000 0.293492 0.000000 0.000000
17309.73 0.291736 0.001646 0.000000 0.000000 0.291736 0.000000 0.000000
17314.73 0.290438 0.001869 0.000000 0.000000 0.290438 0.000000 0.000000
17319.73 0.289638 0.002093 0.000000 0.000000 0.289638 0.000000 0.000000
17324.73 0.289161 0.002283 0.000000 0.000000 0.289161 0.000000 0.000000
17329.73 0.288704 0.002404 0.000000 0.000000 0.288704 0.000000 0.000000
17334.73 0.288215 0.002465 0.000000 0.000000 0.288215 0.000000 0.000000
17339.73 0.287952 0.002483 0.000000 0.000000 0.287952 0.000000 0.000000
17344.74 0.288018 0.002470 0.000000 0.000000 0.288018 0.000000 0.000000
17349.74 0.288488 0.002452 0.000000 0.000000 0.288488 0.000000 0.000000
17354.74 0.289443 0.002456 0.000000 0.000000 0.289443 0.000000 0.000000
17359.74 0.290848 0.002495 0.000000 0.000000 0.290848 0.000000 0.000000
17364.74 0.292513 0.002580 0.000000 0.000000 0.292513 0.000000 0.000000
17369.74 0.294122 0.002692 0.000000 0.000000 0.294122 0.000000 0.000000
17374.74 0.295351 0.002800 0.000000 0.000000 0.295351 0.000000 0.000000
17379.75 0.296067 0.002886 0.000000 0.000000 0.296067 0.000000 0.000000
17384.75 0.296216 0.002922 0.000000 0.000000 0.296216 0.000000 0.000000
17389.75 0.295742 0.002857 0.000000 0.000000 0.295742 0.000000 0.000000
17394.75 0.294780 0.002656 0.000000 0.000000 0.294780 0.000000 0.000000
17399.75 0.293484 0.002320 0.000000 0.000000 0.293484 0.000000 0.000000
17404.75 0.292090 0.001847 0.000000 0.000000 0.292090 0.000000 0.000000
17409.75 0.290821 0.001292 0.000000 0.000000 0.290821 0.000000 0.000000
17414.76 0.289999 0.000694 0.000000 0.000000 0.289999 0.000000 0.000000
17419.76 0.289970 0.000151 0.000000 0.000000 0.289970 0.000000 0.000000
17424.76 0.290508 0.000110 0.000000 0.000000 0.290508 0.000000 0.000000
17429.76 0.291528 0.000051 0.000000 0.000000 0.291528 0.000000 0.000000
17434.76 0.292825 0.000038 0.000000 0.000000 0.292825 0.000000 0.000000
17439.76 0.294074 0.000392 0.000000 0.000000 0.294074 0.000000 0.000000
17444.76 0.294959 0.000999 0.000000 0.000000 0.294959 0.000000 0.000000
17449.76 0.295194 0.001670 0.000000 0.000000 0.295194 0.000000 0.000000
17454.77 0.294593 0.002324 0.000000 0.000000 0.294593 0.000000 0.000000
17459.77 0.293102 0.002836 0.000000 0.000000 0.293102 0.000000 0.000000
17464.77 0.290835 0.003097 0.000000 0.000000 0.290835 0.000000 0.000000
17469.77 0.288051 0.003052 0.000000 0.000000 0.288051 0.000000 0.000000
17474.77 0.285108 0.002711 0.000000 0.000000 0.285108 0.000000 0.000000
17479.77 0.282387 0.002154 0.000000 0.000000 0.282387 0.000000 0.000000
17484.77 0.280198 0.001485 0.000000 0.000000 0.280198 0.000000 0.000000
17489.78 0.278712 0.000851 0.000000 0.000000 0.278712 0.000000 0.000000
17494.78 0.277942 0.000321 0.000000 0.000000 0.277942 0.000000 0.000000
17499.78 0.277765 -0.000006 0.000000 0.000000 0.277765 0.000000 0.000000
17504.78 0.277960 0.000079 0.000000 0.000000 0.277960 0.000000 0.000000
17509.78 0.278266 0.000385 0.000000 0.000000 0.278266 0.000000 0.000000
17514.78 0.278455 0.000886 0.000000 0.000000 0.278455 0.000000 0.000000
17519.78 0.278374 0.001523 0.000000 0.000000 0.278374 0.000000 0.000000
17524.79 0.277988 0.002161 0.000000 0.000000 0.277988 0.000000 0.000000
17529.79 0.277393 0.002710 0.000000 0.000000 0.277393 0.000000 0.000000
17534.79 0.276769 0.003080 0.000000 0.000000 0.276769 0.000000 0.000000
17539.79 0.276242 0.003226 0.000000 0.000000 0.276242 0.000000 0.000000
17544.79 0.275953 0.003150 0.000000 0.000000 0.275953 0.000000 0.000000
17549.79 0.276025 0.002891 0.000000 0.000000 0.276025 0.000000 0.000000
17554.79 0.276475 0.002530 0.000000 0.000000 0.276475 0.000000 0.000000
17559.79 0.277209 0.002159 0.000000 0.000000 0.277209 0.000000 0.000000
17564.80 0.278106 0.001851 0.000000 0.000000 0.278106 0.000000 0.000000
17569.80 0.278967 0.001658 0.000000 0.000000 0.278967 0.000000 0.000000
17574.80 0.279650 0.001595 0.000000 0.000000 0.279650 0.000000 0.000000
17579.80 0.279969 0.001654 0.000000 0.000000 0.279969 0.000000 0.000000
17584.80 0.279651 0.001810 0.000000 0.000000 0.279651 0.000000 0.000000
17589.80 0.278883 0.001960 0.000000 0.000000 0.278883 0.000000 0.000000
17594.80 0.277743 0.002065 0.000000 0.000000 0.277743 0.000000 0.000000
17599.81 0.276355 0.002088 0.000000 0.000000 0.276355 0.000000 0.000000
17604.81 0.274929 0.001999 0.000000 0.000000 0.274929 0.000000 0.000000
17609.81 0.273637 0.001822 0.000000 0.000000 0.273637 0.000000 0.000000
17614.81 0.272614 0.001578 0.000000 0.000000 0.272614 0.000000 0.000000
17619.81 0.271930 0.001336 0.000000 0.000000 0.271930 0.000000 0.000000
17624.81 0.271592 0.001136 0.000000 0.000000 0.271592 0.000000 0.000000
17629.81 0.271554 0.001009 0.000000 0.000000 0.271554 0.000000 0.000000
17634.82 0.271734 0.000994 0.000000 0.000000 0.271734 0.000000 0.000000
17639.82 0.272038 0.001094 0.000000 0.000000 0.272038 0.000000 0.000000
17644.82 0.272382 0.001260 0.000000 0.000000 0.272382 0.000000 0.000000
17649.82 0.272706 0.001437 0.000000 0.000000 0.272706 0.000000 0.000000
17654.82 0.272985 0.001572 0.000000 0.000000 0.272985 0.000000 0.000000
17659.82 0.273216 0.001613 0.000000 0.000000 0.273216 0.000000 0.000000
17664.82 0.273411 0.001509 0.000000 0.000000 0.273411 0.000000 0.000000
17669.82 0.273571 0.001263 0.000000 0.000000 0.273571 0.000000 0.000000
17674.83 0.273679 0.000905 0.000000 0.000000 0.273679 0.000000 0.000000
17679.83 0.273686 0.000460 0.000000 0.000000 0.273686 0.000000 0.000000
17684.83 0.273520 0.000126 0.000000 0.000000 0.273520 0.000000 0.000000
17689.83 0.273096 0.000312 0.000000 0.000000 0.273096 0.000000 0.000000
17694.83 0.272339 0.000512 0.000000 0.000000 0.272339 0.000000 0.000000
17699.83 0.271206 0.000486 0.000000 0.000000 0.271206 0.000000 0.000000
17704.83 0.269703 0.000302 0.000000 0.000000 0.269703 0.000000 0.000000
17709.84 0.267892 0.000195 0.000000 0.000000 0.267892 0.000000 0.000000
17714.84 0.265889 0.000734 0.000000 0.000000 0.265889 0.000000 0.000000
17719.84 0.263848 0.001453 0.000000 0.000000 0.263848 0.000000 0.000000
17724.84 0.261936 0.002088 0.000000 0.000000 0.261936 0.000000 0.000000
17729.84 0.260306 0.002632 0.000000 0.000000 0.260306 0.000000 0.000000
17734.84 0.259068 0.002975 0.000000 0.000000 0.259068 0.000000 0.000000
17739.84 0.258279 0.003064 0.000000 0.000000 0.258279 0.000000 0.000000
17744.85 0.257869 0.002923 0.000000 0.000000 0.257869 0.000000 0.000000
17749.85 0.257829 0.002508 0.000000 0.000000 0.257829 0.000000 0.000000
17754.85 0.258079 0.001865 0.000000 0.000000 0.258079 0.000000 0.000000
17759.85 0.258389 0.001154 0.000000 0.000000 0.258389 0.000000 0.000000
17764.85 0.258684 0.000421 0.000000 0.000000 0.258684 0.000000 0.000000
17769.85 0.258893 0.000210 0.000000 0.000000 0.258893 0.000000 0.000000
17774.85 0.258994 0.000417 0.000000 0.000000 0.258994 0.000000 0.000000
17779.85 0.259019 0.000483 0.000000 0.000000 0.259019 0.000000 0.000000
17784.86 0.259027 0.000306 0.000000 0.000000 0.259027 0.000000 0.000000
17789.86 0.259091 0.000240 0.000000 0.000000 0.259091 0.000000 0.000000
17794.86 0.259263 0.000618 0.000000 0.000000 0.259263 0.000000 0.000000
17799.86 0.259562 0.001258 0.000000 0.000000 0.259562 0.000000 0.000000
17804.86 0.259960 0.001771 0.000000 0.000000 0.259960 0.000000 0.000000
17809.86 0.260383 0.002135 0.000000 0.000000 0.260383 0.000000 0.000000
17814.86 0.260728 0.002294 0.000000 0.000000 0.260728 0.000000 0.000000
17819.87 0.260881 0.002219 0.000000 0.000000 0.260881 0.000000 0.000000
17824.87 0.260745 0.001936 0.000000 0.000000 0.260745 0.000000 0.000000
17829.87 0.260260 0.001510 0.000000 0.000000 0.260260 0.000000 0.000000
17834.87 0.259414 0.001022 0.000000 0.000000 0.259414 0.000000 0.000000
17839.87 0.258261 0.000574 0.000000 0.000000 0.258261 0.000000 0.000000
17844.87 0.256919 0.000270 0.000000 0.000000 0.256919 0.000000 0.000000
17849.87 0.255554 0.000172 0.000000 0.000000 0.255554 0.000000 0.000000
17854.87 0.254349 0.000270 0.000000 0.000000 0.254349 0.000000 0.000000
17859.88 0.253462 0.000517 0.000000 0.000000 0.253462 0.000000 0.000000
17864.88 0.253011 0.000864 0.000000 0.000000 0.253011 0.000000 0.000000
17869.88 0.253039 0.001188 0.000000 0.000000 0.253039 0.000000 0.000000
17874.88 0.253515 0.001344 0.000000 0.000000 0.253515 0.000000 0.000000
17879.88 0.254326 0.001275 0.000000 0.000000 0.254326 0.000000 0.000000
17884.88 0.255301 0.000975 0.000000 0.000000 0.255301 0.000000 0.000000
17889.88 0.256234 0.000384 0.000000 0.000000 0.256234 0.000000 0.000000
17894.89 0.256920 0.000180 0.000000 0.000000 0.256920 0.000000 0.000000
17899.89 0.257189 0.001010 0.000000 0.000000 0.257189 0.000000 0.000000
17904.89 0.256930 0.001712 0.000000 0.000000 0.256930 0.000000 0.000000
17909.89 0.256093 0.002144 0.000000 0.000000 0.256093 0.000000 0.000000
17914.89 0.254772 0.002361 0.000000 0.000000 0.254772 0.000000 0.000000
17919.89 0.253044 0.002255 0.000000 0.000000 0.253044 0.000000 0.000000
17924.89 0.250949 0.001705 0.000000 0.000000 0.250949 0.000000 0.000000
17929.90 0.248936 0.000634 0.000000 0.000000 0.248936 0.000000 0.000000
17934.90 0.247228 0.000394 0.000000 0.000000 0.247228 0.000000 0.000000
17939.90 0.245926 0.001286 0.000000 0.000000 0.245926 0.000000 0.000000
17944.90 0.245132 0.002148 0.000000 0.000000 0.245132 0.000000 0.000000
17949.90 0.244873 0.002644 0.000000 0.000000 0.244873 0.000000 0.000000
17954.90 0.245091 0.002655 0.000000 0.000000 0.245091 0.000000 0.000000
17959.90 0.245636 0.002261 0.000000 0.000000 0.245636 0.000000 0.000000
17964.90 0.246275 0.001451 0.000000 0.000000 0.246275 0.000000 0.000000
17969.91 0.246732 0.000363 0.000000 0.000000 0.246732 0.000000 0.000000
17974.91 0.246740 0.000502 0.000000 0.000000 0.246740 0.000000 0.000000
17979.91 0.246101 0.001339 0.000000 0.000000 0.246101 0.000000 0.000000
17984.91 0.244714 0.001917 0.000000 0.000000 0.244714 0.000000 0.000000
17989.91 0.242594 0.002158 0.000000 0.000000 0.242594 0.000000 0.000000
17994.91 0.239875 0.002021 0.000000 0.000000 0.239875 0.000000 0.000000
17999.91 0.236792 0.001428 0.000000 0.000000 0.236792 0.000000 0.000000
18004.92 0.233634 0.000675 0.000000 0.000000 0.233634 0.000000 0.000000
18009.92 0.230705 0.000541 0.000000 0.000000 0.230705 0.000000 0.000000
18014.92 0.228300 0.001636 0.000000 0.000000 0.228300 0.000000 0.000000
18019.92 0.226661 0.002737 0.000000 0.000000 0.226661 0.000000 0.000000
18024.92 0.225917 0.003346 0.000000 0.000000 0.225917 0.000000 0.000000
18029.92 0.226057 0.003551 0.000000 0.000000 0.226057 0.000000 0.000000
18034.92 0.226924 0.003301 0.000000 0.000000 0.226924 0.000000 0.000000
18039.93 0.228249 0.002705 0.000000 0.000000 0.228249 0.000000 0.000000
18044.93 0.229721 0.001940 0.000000 0.000000 0.229721 0.000000 0.000000
18049.93 0.231055 0.001095 0.000000 0.000000 0.231055 0.000000 0.000000
18054.93 0.232048 0.000358 0.000000 0.000000 0.232048 0.000000 0.000000
18059.93 0.232599 0.000231 0.000000 0.000000 0.232599 0.000000 0.000000
18064.93 0.232702 0.000403 0.000000 0.000000 0.232702 0.000000 0.000000
18069.93 0.232423 0.000388 0.000000 0.000000 0.232423 0.000000 0.000000
18074.93 0.231877 0.000175 0.000000 0.000000 0.231877 0.000000 0.000000
18079.94 0.231203 0.000283 0.000000 0.000000 0.231203 0.000000 0.000000
18084.94 0.230543 0.000702 0.000000 0.000000 0.230543 0.000000 0.000000
18089.94 0.229978 0.001197 0.000000 0.000000 0.229978 0.000000 0.000000
18094.94 0.229547 0.001559 0.000000 0.000000 0.229547 0.000000 0.000000
18099.94 0.229246 0.001712 0.000000 0.000000 0.229246 0.000000 0.000000
18104.94 0.228934 0.001716 0.000000 0.000000 0.228934 0.000000 0.000000
18109.94 0.228519 0.001587 0.000000 0.000000 0.228519 0.000000 0.000000
18114.95 0.227978 0.001337 0.000000 0.000000 0.227978 0.000000 0.000000
18119.95 0.227360 0.001008 0.000000 0.000000 0.227360 0.000000 0.000000
18124.95 0.226810 0.000617 0.000000 0.000000 0.226810 0.000000 0.000000
18129.95 0.226498 0.000255 0.000000 0.000000 0.226498 0.000000 0.000000
18134.95 0.226531 0.000130 0.000000 0.000000 0.226531 0.000000 0.000000
18139.95 0.226916 0.000302 0.000000 0.000000 0.226916 0.000000 0.000000
18144.95 0.227586 0.000345 0.000000 0.000000 0.227586 0.000000 0.000000
18149.96 0.228513 0.000123 0.000000 0.000000 0.228513 0.000000 0.000000
18154.96 0.229705 0.000025 0.000000 0.000000 0.229705 0.000000 0.000000
18159.96 0.231128 0.000355 0.000000 0.000000 0.231128 0.000000 0.000000
18164.96 0.232612 0.000670 0.000000 0.000000 0.232612 0.000000 0.000000
18169.96 0.233854 0.000961 0.000000 0.000000 0.233854 0.000000 0.000000
18174.96 0.234548 0.001303 0.000000 0.000000 0.234548 0.000000 0.000000
18179.96 0.234497 0.001709 0.000000 0.000000 0.234497 0.000000 0.000000
18184.96 0.233768 0.002199 0.000000 0.000000 0.233768 0.000000 0.000000
18189.97 0.232978 0.002664 0.000000 0.000000 0.232978 0.000000 0.000000
18194.97 0.232934 0.002743 0.000000 0.000000 0.232934 0.000000 0.000000
18199.97 0.233831 0.002020 0.000000 0.000000 0.233831 0.000000 0.000000
18204.97 0.234849 0.000656 0.000000 0.000000 0.234849 0.000000 0.000000
18209.97 0.235290 0.000299 0.000000 0.000000 0.235290 0.000000 0.000000
18214.97 0.235204 0.000694 0.000000 0.000000 0.235204 0.000000 0.000000
18219.97 0.234601 0.000709 0.000000 0.000000 0.234601 0.000000 0.000000
18224.98 0.232897 0.000317 0.000000 0.000000 0.232897 0.000000 0.000000
18229.98 0.230277 0.000138 0.000000 0.000000 0.230277 0.000000 0.000000
18234.98 0.228802 0.000241 0.000000 0.000000 0.228802 0.000000 0.000000
18239.98 0.229754 0.000400 0.000000 0.000000 0.229754 0.000000 0.000000
18244.98 0.231759 0.000572 0.000000 0.000000 0.231759 0.000000 0.000000
18249.98 0.233323 0.000684 0.000000 0.000000 0.233323 0.000000 0.000000
18254.98 0.233566 0.000641 0.000000 0.000000 0.233566 0.000000 0.000000
18259.99 0.232198 0.000441 0.000000 0.000000 0.232198 0.000000 0.000000
18264.99 0.229317 0.000198 0.000000 0.000000 0.229317 0.000000 0.000000
18269.99 0.225297 -0.000024 0.000000 0.000000 0.225297 0.000000 0.000000
18274.99 0.221364 0.000135 0.000000 0.000000 0.221364 0.000000 0.000000
18279.99 0.219025 0.001061 0.000000 0.000000 0.219025 0.000000 0.000000
18284.99 0.219270 0.002827 0.000000 0.000000 0.219270 0.000000 0.000000
18289.99 0.221977 0.005094 0.000000 0.000000 0.221977 0.000000 0.000000
18294.99 0.224664 0.006919 0.000000 0.000000 0.224664 0.000000 0.000000
18300.00 0.224958 0.007439 0.000000 0.000000 0.224958 0.000000 0.000000
18305.00 0.223080 0.006580 0.000000 0.000000 0.223080 0.000000 0.000000
18310.00 0.221314 0.005053 0.000000 0.000000 0.221314 0.000000 0.000000
18315.00 0.220955 0.003526 0.000000 0.000000 0.220955 0.000000 0.000000
18320.00 0.221965 0.002268 0.000000 0.000000 0.221965 0.000000 0.000000
18325.00 0.223660 0.001234 0.000000 0.000000 0.223660 0.000000 0.000000
18330.00 0.225287 0.000698 0.000000 0.000000 0.225287 0.000000 0.000000
18335.01 0.225846 0.001326 0.000000 0.000000 0.225846 0.000000 0.000000
18340.01 0.225107 0.002955 0.000000 0.000000 0.225107 0.000000 0.000000
18345.01 0.224221 0.004035 0.000000 0.000000 0.224221 0.000000 0.000000
18350.01 0.223710 0.004277 0.000000 0.000000 0.223710 0.000000 0.000000
18355.01 0.223474 0.004114 0.000000 0.000000 0.223474 0.000000 0.000000
18360.01 0.223248 0.003969 0.000000 0.000000 0.223248 0.000000 0.000000
18365.01 0.223014 0.003830 0.000000 0.000000 0.223014 0.000000 0.000000
18370.02 0.222778 0.003691 0.000000 0.000000 0.222778 0.000000 0.000000
18375.02 0.222543 0.003553 0.000000 0.000000 0.222543 0.000000 0.000000
18380.02 0.222309 0.003416 0.000000 0.000000 0.222309 0.000000 0.000000
18385.02 0.222075 0.003279 0.000000 0.000000 0.222075 0.000000 0.000000
18390.02 0.221842 0.003145 0.000000 0.000000 0.221842 0.000000 0.000000
18395.02 0.221609 0.003009 0.000000 0.000000 0.221609 0.000000 0.000000
18400.02 0.221377 0.002871 0.000000 0.000000 0.221377 0.000000 0.000000
18405.02 0.221144 0.002737 0.000000 0.000000 0.221144 0.000000 0.000000
18410.03 0.220912 0.002603 0.000000 0.000000 0.220912 0.000000 0.000000
18415.03 0.220680 0.002468 0.000000 0.000000 0.220680 0.000000 0.000000
18420.03 0.220449 0.002334 0.000000 0.000000 0.220449 0.000000 0.000000
18425.03 0.220218 0.002202 0.000000 0.000000 0.220218 0.000000 0.000000
18430.03 0.219987 0.002066 0.000000 0.000000 0.219987 0.000000 0.000000
18435.03 0.219756 0.001928 0.000000 0.000000 0.219756 0.000000 0.000000
18440.03 0.219526 0.001798 0.000000 0.000000 0.219526 0.000000 0.000000
18445.04 0.219296 0.001664 0.000000 0.000000 0.219296 0.000000 0.000000
18450.04 0.219066 0.001529 0.000000 0.000000 0.219066 0.000000 0.000000
18455.04 0.218836 0.001397 0.000000 0.000000 0.218836 0.000000 0.000000
18460.04 0.218606 0.001264 0.000000 0.000000 0.218606 0.000000 0.000000
18465.04 0.218376 0.001132 0.000000 0.000000 0.218376 0.000000 0.000000
18470.04 0.218147 0.000996 0.000000 0.000000 0.218147 0.000000 0.000000
18475.04 0.217918 0.000858 0.000000 0.000000 0.217918 0.000000 0.000000
18480.05 0.217690 0.000728 0.000000 0.000000 0.217690 0.000000 0.000000
18485.05 0.217462 0.000594 0.000000 0.000000 0.217462 0.000000 0.000000
18490.05 0.217234 0.000463 0.000000 0.000000 0.217234 0.000000 0.000000
18495.05 0.217007 0.000342 0.000000 0.000000 0.217007 0.000000 0.000000
18500.05 0.216780 0.000196 0.000000 0.000000 0.216780 0.000000 0.000000
18505.05 0.216552 0.000092 0.000000 0.000000 0.216552 0.000000 0.000000
18510.05 0.216320 0.000088 0.000000 0.000000 0.216320 0.000000 0.000000
18515.05 0.216131 0.000129 0.000000 0.000000 0.216131 0.000000 0.000000
18520.06 0.216168 0.000082 0.000000 0.000000 0.216168 0.000000 0.000000
18525.06 0.216433 0.000380 0.000000 0.000000 0.216433 0.000000 0.000000
18530.06 0.216725 0.001196 0.000000 0.000000 0.216725 0.000000 0.000000
18535.06 0.216856 0.001809 0.000000 0.000000 0.216856 0.000000 0.000000
18540.06 0.217149 0.002415 0.000000 0.000000 0.217149 0.000000 0.000000
18545.06 0.217660 0.003241 0.000000 0.000000 0.217660 0.000000 0.000000
18550.06 0.218103 0.004081 0.000000 0.000000 0.218103 0.000000 0.000000
18555.07 0.218307 0.004410 0.000000 0.000000 0.218307 0.000000 0.000000
18560.07 0.218316 0.004413 0.000000 0.000000 0.218316 0.000000 0.000000
18565.07 0.218230 0.004435 0.000000 0.000000 0.218230 0.000000 0.000000
18570.07 0.218109 0.004554 0.000000 0.000000 0.218109 0.000000 0.000000
18575.07 0.217990 0.004682 0.000000 0.000000 0.217990 0.000000 0.000000
18580.07 0.217893 0.004819 0.000000 0.000000 0.217893 0.000000 0.000000
18585.07 0.217690 0.004805 0.000000 0.000000 0.217690 0.000000 0.000000
18590.08 0.217004 0.004125 0.000000 0.000000 0.217004 0.000000 0.000000
18595.08 0.215511 0.002544 0.000000 0.000000 0.215511 0.000000 0.000000
18600.08 0.213976 0.001378 0.000000 0.000000 0.213976 0.000000 0.000000
18605.08 0.213798 0.002270 0.000000 0.000000 0.213798 0.000000 0.000000
18610.08 0.215350 0.004258 0.000000 0.000000 0.215350 0.000000 0.000000
18615.08 0.218236 0.006468 0.000000 0.000000 0.218236 0.000000 0.000000
18620.08 0.221439 0.008373 0.000000 0.000000 0.221439 0.000000 0.000000
18625.08 0.223629 0.009572 0.000000 0.000000 0.223629 0.000000 0.000000
18630.09 0.224045 0.009711 0.000000 0.000000 0.224045 0.000000 0.000000
18635.09 0.222983 0.008821 0.000000 0.000000 0.222983 0.000000 0.000000
18640.09 0.221533 0.007226 0.000000 0.000000 0.221533 0.000000 0.000000
18645.09 0.220806 0.005275 0.000000 0.000000 0.220806 0.000000 0.000000
18650.09 0.220607 0.003371 0.000000 0.000000 0.220607 0.000000 0.000000
18655.09 0.220324 0.001807 0.000000 0.000000 0.220324 0.000000 0.000000
18660.09 0.219669 0.000872 0.000000 0.000000 0.219669 0.000000 0.000000
18665.10 0.218942 0.001273 0.000000 0.000000 0.218942 0.000000 0.000000
18670.10 0.218554 0.002540 0.000000 0.000000 0.218554 0.000000 0.000000
18675.10 0.218600 0.003601 0.000000 0.000000 0.218600 0.000000 0.000000
18680.10 0.218662 0.003957 0.000000 0.000000 0.218662 0.000000 0.000000
18685.10 0.218659 0.003923 0.000000 0.000000 0.218659 0.000000 0.000000
18690.10 0.218637 0.003843 0.000000 0.000000 0.218637 0.000000 0.000000
18695.10 0.218619 0.003780 0.000000 0.000000 0.218619 0.000000 0.000000
18700.10 0.218603 0.003722 0.000000 0.000000 0.218603 0.000000 0.000000
18705.11 0.218585 0.003661 0.000000 0.000000 0.218585 0.000000 0.000000
18710.11 0.218567 0.003602 0.000000 0.000000 0.218567 0.000000 0.000000
18715.11 0.218550 0.003542 0.000000 0.000000 0.218550 0.000000 0.000000
18720.11 0.218532 0.003483 0.000000 0.000000 0.218532 0.000000 0.000000
18725.11 0.218515 0.003424 0.000000 0.000000 0.218515 0.000000 0.000000
18730.11 0.218497 0.003364 0.000000 0.000000 0.218497 0.000000 0.000000
18735.11 0.218479 0.003305 0.000000 0.000000 0.218479 0.000000 0.000000
18740.12 0.218462 0.003245 0.000000 0.000000 0.218462 0.000000 0.000000
18745.12 0.218445 0.003186 0.000000 0.000000 0.218445 0.000000 0.000000
18750.12 0.218427 0.003126 0.000000 0.000000 0.218427 0.000000 0.000000
18755.12 0.218409 0.003066 0.000000 0.000000 0.218409 0.000000 0.000000
18760.12 0.218391 0.003008 0.000000 0.000000 0.218391 0.000000 0.000000
18765.12 0.218373 0.002949 0.000000 0.000000 0.218373 0.000000 0.000000
18770.12 0.218354 0.002890 0.000000 0.000000 0.218354 0.000000 0.000000
18775.13 0.218337 0.002834 0.000000 0.000000 0.218337 0.000000 0.000000
18780.13 0.218318 0.002773 0.000000 0.000000 0.218318 0.000000 0.000000
18785.13 0.218284 0.002690 0.000000 0.000000 0.218284 0.000000 0.000000
18790.13 0.218269 0.002656 0.000000 0.000000 0.218269 0.000000 0.000000
18795.13 0.218559 0.003034 0.000000 0.000000 0.218559 0.000000 0.000000
18800.13 0.219589 0.004219 0.000000 0.000000 0.219589 0.000000 0.000000
18805.13 0.221185 0.005532 0.000000 0.000000 0.221185 0.000000 0.000000
18810.13 0.221629 0.006159 0.000000 0.000000 0.221629 0.000000 0.000000
18815.14 0.219521 0.005960 0.000000 0.000000 0.219521 0.000000 0.000000
18820.14 0.216548 0.005998 0.000000 0.000000 0.216548 0.000000 0.000000
18825.14 0.213622 0.006484 0.000000 0.000000 0.213622 0.000000 0.000000
18830.14 0.212664 0.007267 0.000000 0.000000 0.212664 0.000000 0.000000
18835.14 0.216708 0.008349 0.000000 0.000000 0.216708 0.000000 0.000000
18840.14 0.222956 0.009492 0.000000 0.000000 0.222956 0.000000 0.000000
18845.14 0.226142 0.010271 0.000000 0.000000 0.226142 0.000000 0.000000
18850.15 0.222668 0.010308 0.000000 0.000000 0.222668 0.000000 0.000000
18855.15 0.215725 0.009676 0.000000 0.000000 0.215725 0.000000 0.000000
18860.15 0.209815 0.008681 0.000000 0.000000 0.209815 0.000000 0.000000
18865.15 0.207524 0.007636 0.000000 0.000000 0.207524 0.000000 0.000000
18870.15 0.207706 0.006694 0.000000 0.000000 0.207706 0.000000 0.000000
18875.15 0.208630 0.006074 0.000000 0.000000 0.208630 0.000000 0.000000
18880.15 0.208975 0.005765 0.000000 0.000000 0.208975 0.000000 0.000000
18885.16 0.208357 0.005385 0.000000 0.000000 0.208357 0.000000 0.000000
18890.16 0.207804 0.004451 0.000000 0.000000 0.207804 0.000000 0.000000
18895.16 0.208406 0.004097 0.000000 0.000000 0.208406 0.000000 0.000000
18900.16 0.210303 0.005648 0.000000 0.000000 0.210303 0.000000 0.000000
18905.16 0.211881 0.007382 0.000000 0.000000 0.211881 0.000000 0.000000
18910.16 0.212533 0.008245 0.000000 0.000000 0.212533 0.000000 0.000000
18915.16 0.212566 0.008284 0.000000 0.000000 0.212566 0.000000 0.000000
18920.16 0.212515 0.008194 0.000000 0.000000 0.212515 0.000000 0.000000
18925.17 0.212507 0.008125 0.000000 0.000000 0.212507 0.000000 0.000000
18930.17 0.212484 0.008078 0.000000 0.000000 0.212484 0.000000 0.000000
18935.17 0.212419 0.008091 0.000000 0.000000 0.212419 0.000000 0.000000
18940.17 0.212490 0.007913 0.000000 0.000000 0.212490 0.000000 0.000000
18945.17 0.212909 0.007240 0.000000 0.000000 0.212909 0.000000 0.000000
18950.17 0.213626 0.006147 0.000000 0.000000 0.213626 0.000000 0.000000
18955.17 0.213935 0.005632 0.000000 0.000000 0.213935 0.000000 0.000000
18960.18 0.213654 0.005949 0.000000 0.000000 0.213654 0.000000 0.000000
18965.18 0.213114 0.006632 0.000000 0.000000 0.213114 0.000000 0.000000
18970.18 0.212798 0.006999 0.000000 0.000000 0.212798 0.000000 0.000000
18975.18 0.212687 0.007077 0.000000 0.000000 0.212687 0.000000 0.000000
18980.18 0.212615 0.007101 0.000000 0.000000 0.212615 0.000000 0.000000
18985.18 0.212535 0.007134 0.000000 0.000000 0.212535 0.000000 0.000000
18990.18 0.212452 0.007172 0.000000 0.000000 0.212452 0.000000 0.000000
18995.19 0.212371 0.007208 0.000000 0.000000 0.212371 0.000000 0.000000
19000.19 0.212289 0.007244 0.000000 0.000000 0.212289 0.000000 0.000000
19005.19 0.212208 0.007280 0.000000 0.000000 0.212208 0.000000 0.000000
19010.19 0.212126 0.007315 0.000000 0.000000 0.212126 0.000000 0.000000
19015.19 0.212045 0.007351 0.000000 0.000000 0.212045 0.000000 0.000000
19020.19 0.211963 0.007387 0.000000 0.000000 0.211963 0.000000 0.000000
19025.19 0.211882 0.007423 0.000000 0.000000 0.211882 0.000000 0.000000
19030.19 0.211801 0.007459 0.000000 0.000000 0.211801 0.000000 0.000000
19035.20 0.211719 0.007495 0.000000 0.000000 0.211719 0.000000 0.000000
19040.20 0.211638 0.007530 0.000000 0.000000 0.211638 0.000000 0.000000
19045.20 0.211557 0.007566 0.000000 0.000000 0.211557 0.000000 0.000000
19050.20 0.211476 0.007602 0.000000 0.000000 0.211476 0.000000 0.000000
19055.20 0.211394 0.007637 0.000000 0.000000 0.211394 0.000000 0.000000
19060.20 0.211313 0.007672 0.000000 0.000000 0.211313 0.000000 0.000000
19065.20 0.211233 0.007707 0.000000 0.000000 0.211233 0.000000 0.000000
19070.21 0.211149 0.007745 0.000000 0.000000 0.211149 0.000000 0.000000
19075.21 0.211068 0.007782 0.000000 0.000000 0.211068 0.000000 0.000000
19080.21 0.211014 0.007785 0.000000 0.000000 0.211014 0.000000 0.000000
19085.21 0.211047 0.007646 0.000000 0.000000 0.211047 0.000000 0.000000
19090.21 0.211164 0.007200 0.000000 0.000000 0.211164 0.000000 0.000000
19095.21 0.211276 0.006451 0.000000 0.000000 0.211276 0.000000 0.000000
19100.21 0.211216 0.005842 0.000000 0.000000 0.211216 0.000000 0.000000
19105.22 0.210884 0.005894 0.000000 0.000000 0.210884 0.000000 0.000000
19110.22 0.210345 0.006633 0.000000 0.000000 0.210345 0.000000 0.000000
19115.22 0.209851 0.007294 0.000000 0.000000 0.209851 0.000000 0.000000
19120.22 0.209478 0.007615 0.000000 0.000000 0.209478 0.000000 0.000000
19125.22 0.209184 0.007701 0.000000 0.000000 0.209184 0.000000 0.000000
19130.22 0.208895 0.007791 0.000000 0.000000 0.208895 0.000000 0.000000
19135.22 0.208601 0.007900 0.000000 0.000000 0.208601 0.000000 0.000000
19140.22 0.208310 0.008001 0.000000 0.000000 0.208310 0.000000 0.000000
19145.23 0.208019 0.008102 0.000000 0.000000 0.208019 0.000000 0.000000
19150.23 0.207729 0.008203 0.000000 0.000000 0.207729 0.000000 0.000000
19155.23 0.207439 0.008306 0.000000 0.000000 0.207439 0.000000 0.000000
19160.23 0.207153 0.008413 0.000000 0.000000 0.207153 0.000000 0.000000
19165.23 0.206868 0.008511 0.000000 0.000000 0.206868 0.000000 0.000000
19170.23 0.206518 0.008511 0.000000 0.000000 0.206518 0.000000 0.000000
19175.23 0.205959 0.008310 0.000000 0.000000 0.205959 0.000000 0.000000
19180.24 0.205001 0.007954 0.000000 0.000000 0.205001 0.000000 0.000000
19185.24 0.203705 0.007846 0.000000 0.000000 0.203705 0.000000 0.000000
19190.24 0.202299 0.008425 0.000000 0.000000 0.202299 0.000000 0.000000
19195.24 0.201008 0.009676 0.000000 0.000000 0.201008 0.000000 0.000000
19200.24 0.200313 0.011548 0.000000 0.000000 0.200313 0.000000 0.000000
19205.24 0.200694 0.013911 0.000000 0.000000 0.200694 0.000000 0.000000
19210.24 0.202247 0.016440 0.000000 0.000000 0.202247 0.000000 0.000000
19215.25 0.204466 0.018824 0.000000 0.000000 0.204466 0.000000 0.000000
19220.25 0.205708 0.020315 0.000000 0.000000 0.205708 0.000000 0.000000
19225.25 0.203400 0.019625 0.000000 0.000000 0.203400 0.000000 0.000000
19230.25 0.199319 0.017459 0.000000 0.000000 0.199319 0.000000 0.000000
19235.25 0.196129 0.014953 0.000000 0.000000 0.196129 0.000000 0.000000
19240.25 0.194594 0.012463 0.000000 0.000000 0.194594 0.000000 0.000000
19245.25 0.194592 0.010293 0.000000 0.000000 0.194592 0.000000 0.000000
19250.25 0.195524 0.008624 0.000000 0.000000 0.195524 0.000000 0.000000
19255.26 0.196565 0.007452 0.000000 0.000000 0.196565 0.000000 0.000000
19260.26 0.197178 0.006769 0.000000 0.000000 0.197178 0.000000 0.000000
19265.26 0.197177 0.006559 0.000000 0.000000 0.197177 0.000000 0.000000
19270.26 0.196728 0.006790 0.000000 0.000000 0.196728 0.000000 0.000000
19275.26 0.196194 0.007418 0.000000 0.000000 0.196194 0.000000 0.000000
19280.26 0.196127 0.008380 0.000000 0.000000 0.196127 0.000000 0.000000
19285.26 0.197152 0.009591 0.000000 0.000000 0.197152 0.000000 0.000000
19290.27 0.199526 0.010895 0.000000 0.000000 0.199526 0.000000 0.000000
19295.27 0.202518 0.012021 0.000000 0.000000 0.202518 0.000000 0.000000
19300.27 0.204485 0.012618 0.000000 0.000000 0.204485 0.000000 0.000000
19305.27 0.204063 0.012460 0.000000 0.000000 0.204063 0.000000 0.000000
19310.27 0.201394 0.011590 0.000000 0.000000 0.201394 0.000000 0.000000
19315.27 0.198109 0.010312 0.000000 0.000000 0.198109 0.000000 0.000000
19320.27 0.195868 0.008950 0.000000 0.000000 0.195868 0.000000 0.000000
19325.28 0.195378 0.007721 0.000000 0.000000 0.195378 0.000000 0.000000
19330.28 0.196307 0.006707 0.000000 0.000000 0.196307 0.000000 0.000000
19335.28 0.197943 0.005934 0.000000 0.000000 0.197943 0.000000 0.000000
19340.28 0.199672 0.005407 0.000000 0.000000 0.199672 0.000000 0.000000
19345.28 0.201104 0.005119 0.000000 0.000000 0.201104 0.000000 0.000000
19350.28 0.202058 0.005046 0.000000 0.000000 0.202058 0.000000 0.000000
19355.28 0.202482 0.005153 0.000000 0.000000 0.202482 0.000000 0.000000
19360.28 0.202417 0.005393 0.000000 0.000000 0.202417 0.000000 0.000000
19365.29 0.201964 0.005702 0.000000 0.000000 0.201964 0.000000 0.000000
19370.29 0.201224 0.006015 0.000000 0.000000 0.201224 0.000000 0.000000
19375.29 0.200277 0.006274 0.000000 0.000000 0.200277 0.000000 0.000000
19380.29 0.199153 0.006438 0.000000 0.000000 0.199153 0.000000 0.000000
19385.29 0.197865 0.006490 0.000000 0.000000 0.197865 0.000000 0.000000
19390.29 0.196447 0.006450 0.000000 0.000000 0.196447 0.000000 0.000000
19395.29 0.195019 0.006361 0.000000 0.000000 0.195019 0.000000 0.000000
19400.30 0.193755 0.006270 0.000000 0.000000 0.193755 0.000000 0.000000
19405.30 0.192844 0.006214 0.000000 0.000000 0.192844 0.000000 0.000000
19410.30 0.192407 0.006213 0.000000 0.000000 0.192407 0.000000 0.000000
19415.30 0.192434 0.006266 0.000000 0.000000 0.192434 0.000000 0.000000
19420.30 0.192821 0.006361 0.000000 0.000000 0.192821 0.000000 0.000000
19425.30 0.193527 0.006491 0.000000 0.000000 0.193527 0.000000 0.000000
19430.30 0.194422 0.006641 0.000000 0.000000 0.194422 0.000000 0.000000
19435.31 0.195246 0.006777 0.000000 0.000000 0.195246 0.000000 0.000000
19440.31 0.195617 0.006843 0.000000 0.000000 0.195617 0.000000 0.000000
19445.31 0.194888 0.006751 0.000000 0.000000 0.194888 0.000000 0.000000
19450.31 0.192447 0.006419 0.000000 0.000000 0.192447 0.000000 0.000000
19455.31 0.188889 0.005924 0.000000 0.000000 0.188889 0.000000 0.000000
19460.31 0.185019 0.005374 0.000000 0.000000 0.185019 0.000000 0.000000
19465.31 0.181476 0.004857 0.000000 0.000000 0.181476 0.000000 0.000000
19470.31 0.178717 0.004442 0.000000 0.000000 0.178717 0.000000 0.000000
19475.32 0.177052 0.004175 0.000000 0.000000 0.177052 0.000000 0.000000
19480.32 0.176631 0.004076 0.000000 0.000000 0.176631 0.000000 0.000000
19485.32 0.177393 0.004135 0.000000 0.000000 0.177393 0.000000 0.000000
19490.32 0.179108 0.004316 0.000000 0.000000 0.179108 0.000000 0.000000
19495.32 0.181383 0.004563 0.000000 0.000000 0.181383 0.000000 0.000000
19500.32 0.183649 0.004795 0.000000 0.000000 0.183649 0.000000 0.000000
19505.32 0.185258 0.004930 0.000000 0.000000 0.185258 0.000000 0.000000
19510.33 0.185633 0.004899 0.000000 0.000000 0.185633 0.000000 0.000000
19515.33 0.184819 0.004713 0.000000 0.000000 0.184819 0.000000 0.000000
19520.33 0.183295 0.004435 0.000000 0.000000 0.183295 0.000000 0.000000
19525.33 0.181785 0.004161 0.000000 0.000000 0.181785 0.000000 0.000000
19530.33 0.180648 0.003934 0.000000 0.000000 0.180648 0.000000 0.000000
19535.33 0.180079 0.003779 0.000000 0.000000 0.180079 0.000000 0.000000
19540.33 0.180307 0.003723 0.000000 0.000000 0.180307 0.000000 0.000000
19545.33 0.181703 0.003813 0.000000 0.000000 0.181703 0.000000 0.000000
19550.34 0.184636 0.004116 0.000000 0.000000 0.184636 0.000000 0.000000
19555.34 0.189259 0.004706 0.000000 0.000000 0.189259 0.000000 0.000000
19560.34 0.195129 0.005604 0.000000 0.000000 0.195129 0.000000 0.000000
19565.34 0.201202 0.006746 0.000000 0.000000 0.201202 0.000000 0.000000
19570.34 0.205840 0.007926 0.000000 0.000000 0.205840 0.000000 0.000000
19575.34 0.207841 0.008887 0.000000 0.000000 0.207841 0.000000 0.000000
19580.34 0.206808 0.009408 0.000000 0.000000 0.206808 0.000000 0.000000
19585.35 0.203635 0.009447 0.000000 0.000000 0.203635 0.000000 0.000000
19590.35 0.199527 0.009086 0.000000 0.000000 0.199527 0.000000 0.000000
19595.35 0.195583 0.008481 0.000000 0.000000 0.195583 0.000000 0.000000
19600.35 0.192284 0.007771 0.000000 0.000000 0.192284 0.000000 0.000000
19605.35 0.189752 0.007062 0.000000 0.000000 0.189752 0.000000 0.000000
19610.35 0.187884 0.006432 0.000000 0.000000 0.187884 0.000000 0.000000
19615.35 0.186568 0.005940 0.000000 0.000000 0.186568 0.000000 0.000000
19620.36 0.185675 0.005607 0.000000 0.000000 0.185675 0.000000 0.000000
19625.36 0.185097 0.005427 0.000000 0.000000 0.185097 0.000000 0.000000
19630.36 0.184937 0.005471 0.000000 0.000000 0.184937 0.000000 0.000000
19635.36 0.185208 0.005752 0.000000 0.000000 0.185208 0.000000 0.000000
19640.36 0.185693 0.006155 0.000000 0.000000 0.185693 0.000000 0.000000
19645.36 0.186252 0.006617 0.000000 0.000000 0.186252 0.000000 0.000000
19650.36 0.186743 0.007076 0.000000 0.000000 0.186743 0.000000 0.000000
19655.36 0.186946 0.007426 0.000000 0.000000 0.186946 0.000000 0.000000
19660.37 0.186760 0.007584 0.000000 0.000000 0.186760 0.000000 0.000000
19665.37 0.186198 0.007507 0.000000 0.000000 0.186198 0.000000 0.000000
19670.37 0.185395 0.007203 0.000000 0.000000 0.185395 0.000000 0.000000
19675.37 0.184512 0.006715 0.000000 0.000000 0.184512 0.000000 0.000000
19680.37 0.183693 0.006115 0.000000 0.000000 0.183693 0.000000 0.000000
19685.37 0.183026 0.005480 0.000000 0.000000 0.183026 0.000000 0.000000
19690.37 0.182552 0.004877 0.000000 0.000000 0.182552 0.000000 0.000000
19695.38 0.182281 0.004368 0.000000 0.000000 0.182281 0.000000 0.000000
19700.38 0.182204 0.003998 0.000000 0.000000 0.182204 0.000000 0.000000
19705.38 0.182306 0.003797 0.000000 0.000000 0.182306 0.000000 0.000000
19710.38 0.182560 0.003777 0.000000 0.000000 0.182560 0.000000 0.000000
19715.38 0.182916 0.003931 0.000000 0.000000 0.182916 0.000000 0.000000
19720.38 0.183302 0.004232 0.000000 0.000000 0.183302 0.000000 0.000000
19725.38 0.183623 0.004629 0.000000 0.000000 0.183623 0.000000 0.000000
19730.39 0.183779 0.005057 0.000000 0.000000 0.183779 0.000000 0.000000
19735.39 0.183686 0.005445 0.000000 0.000000 0.183686 0.000000 0.000000
19740.39 0.183307 0.005727 0.000000 0.000000 0.183307 0.000000 0.000000
19745.39 0.182663 0.005864 0.000000 0.000000 0.182663 0.000000 0.000000
19750.39 0.181822 0.005840 0.000000 0.000000 0.181822 0.000000 0.000000
19755.39 0.180875 0.005674 0.000000 0.000000 0.180875 0.000000 0.000000
19760.39 0.179902 0.005397 0.000000 0.000000 0.179902 0.000000 0.000000
19765.39 0.178971 0.005051 0.000000 0.000000 0.178971 0.000000 0.000000
19770.40 0.178132 0.004680 0.000000 0.000000 0.178132 0.000000 0.000000
19775.40 0.177438 0.004325 0.000000 0.000000 0.177438 0.000000 0.000000
19780.40 0.176943 0.004015 0.000000 0.000000 0.176943 0.000000 0.000000
19785.40 0.176700 0.003771 0.000000 0.000000 0.176700 0.000000 0.000000
19790.40 0.176751 0.003608 0.000000 0.000000 0.176751 0.000000 0.000000
19795.40 0.177111 0.003528 0.000000 0.000000 0.177111 0.000000 0.000000
19800.40 0.177753 0.003518 0.000000 0.000000 0.177753 0.000000 0.000000
19805.41 0.178610 0.003557 0.000000 0.000000 0.178610 0.000000 0.000000
19810.41 0.179565 0.003615 0.000000 0.000000 0.179565 0.000000 0.000000
19815.41 0.180489 0.003658 0.000000 0.000000 0.180489 0.000000 0.000000
19820.41 0.181254 0.003652 0.000000 0.000000 0.181254 0.000000 0.000000
19825.41 0.181749 0.003570 0.000000 0.000000 0.181749 0.000000 0.000000
19830.41 0.181941 0.003407 0.000000 0.000000 0.181941 0.000000 0.000000
19835.41 0.181863 0.003178 0.000000 0.000000 0.181863 0.000000 0.000000
19840.42 0.181449 0.002888 0.000000 0.000000 0.181449 0.000000 0.000000
19845.42 0.180716 0.002552 0.000000 0.000000 0.180716 0.000000 0.000000
19850.42 0.179850 0.002220 0.000000 0.000000 0.179850 0.000000 0.000000
19855.42 0.178937 0.001920 0.000000 0.000000 0.178937 0.000000 0.000000
19860.42 0.178027 0.001673 0.000000 0.000000 0.178027 0.000000 0.000000
19865.42 0.177231 0.001494 0.000000 0.000000 0.177231 0.000000 0.000000
19870.42 0.176647 0.001395 0.000000 0.000000 0.176647 0.000000 0.000000
19875.42 0.176347 0.001386 0.000000 0.000000 0.176347 0.000000 0.000000
19880.43 0.176365 0.001474 0.000000 0.000000 0.176365 0.000000 0.000000
19885.43 0.176688 0.001650 0.000000 0.000000 0.176688 0.000000 0.000000
19890.43 0.177254 0.001886 0.000000 0.000000 0.177254 0.000000 0.000000
19895.43 0.177956 0.002158 0.000000 0.000000 0.177956 0.000000 0.000000
19900.43 0.178668 0.002438 0.000000 0.000000 0.178668 0.000000 0.000000
19905.43 0.179263 0.002687 0.000000 0.000000 0.179263 0.000000 0.000000
19910.43 0.179641 0.002879 0.000000 0.000000 0.179641 0.000000 0.000000
19915.44 0.179735 0.002995 0.000000 0.000000 0.179735 0.000000 0.000000
19920.44 0.179522 0.003030 0.000000 0.000000 0.179522 0.000000 0.000000
19925.44 0.179010 0.002986 0.000000 0.000000 0.179010 0.000000 0.000000
19930.44 0.178236 0.002867 0.000000 0.000000 0.178236 0.000000 0.000000
19935.44 0.177258 0.002688 0.000000 0.000000 0.177258 0.000000 0.000000
19940.44 0.176142 0.002460 0.000000 0.000000 0.176142 0.000000 0.000000
19945.44 0.174964 0.002194 0.000000 0.000000 0.174964 0.000000 0.000000
19950.45 0.173800 0.001901 0.000000 0.000000 0.173800 0.000000 0.000000
19955.45 0.172722 0.001591 0.000000 0.000000 0.172722 0.000000 0.000000
19960.45 0.171784 0.001279 0.000000 0.000000 0.171784 0.000000 0.000000
19965.45 0.171004 0.000977 0.000000 0.000000 0.171004 0.000000 0.000000
19970.45 0.170362 0.000699 0.000000 0.000000 0.170362 0.000000 0.000000
19975.45 0.169803 0.000473 0.000000 0.000000 0.169803 0.000000 0.000000
19980.45 0.169251 0.000316 0.000000 0.000000 0.169251 0.000000 0.000000
19985.45 0.168612 0.000229 0.000000 0.000000 0.168612 0.000000 0.000000
19990.46 0.167796 0.000214 0.000000 0.000000 0.167796 0.000000 0.000000
19995.46 0.166731 0.000276 0.000000 0.000000 0.166731 0.000000 0.000000
20000.46 0.165389 0.000417 0.000000 0.000000 0.165389 0.000000 0.000000
20005.46 0.163811 0.000625 0.000000 0.000000 0.163811 0.000000 0.000000
20010.46 0.162123 0.000874 0.000000 0.000000 0.162123 0.000000 0.000000
20015.46 0.160581 0.001134 0.000000 0.000000 0.160581 0.000000 0.000000
20020.46 0.159581 0.001383 0.000000 0.000000 0.159581 0.000000 0.000000
20025.47 0.159669 0.001614 0.000000 0.000000 0.159669 0.000000 0.000000
20030.47 0.161541 0.001857 0.000000 0.000000 0.161541 0.000000 0.000000
20035.47 0.165616 0.002177 0.000000 0.000000 0.165616 0.000000 0.000000
20040.47 0.171515 0.002685 0.000000 0.000000 0.171515 0.000000 0.000000
20045.47 0.178240 0.003444 0.000000 0.000000 0.178240 0.000000 0.000000
20050.47 0.184093 0.004419 0.000000 0.000000 0.184093 0.000000 0.000000
20055.47 0.186187 0.005338 0.000000 0.000000 0.186187 0.000000 0.000000
20060.48 0.184106 0.005997 0.000000 0.000000 0.184106 0.000000 0.000000
20065.48 0.181033 0.006376 0.000000 0.000000 0.181033 0.000000 0.000000
20070.48 0.178306 0.006502 0.000000 0.000000 0.178306 0.000000 0.000000
20075.48 0.176189 0.006431 0.000000 0.000000 0.176189 0.000000 0.000000
20080.48 0.174842 0.006246 0.000000 0.000000 0.174842 0.000000 0.000000
20085.48 0.174140 0.006009 0.000000 0.000000 0.174140 0.000000 0.000000
20090.48 0.173746 0.005760 0.000000 0.000000 0.173746 0.000000 0.000000
20095.48 0.173465 0.005523 0.000000 0.000000 0.173465 0.000000 0.000000
20100.49 0.173191 0.005306 0.000000 0.000000 0.173191 0.000000 0.000000
20105.49 0.172901 0.005106 0.000000 0.000000 0.172901 0.000000 0.000000
20110.49 0.172643 0.004913 0.000000 0.000000 0.172643 0.000000 0.000000
20115.49 0.172507 0.004712 0.000000 0.000000 0.172507 0.000000 0.000000
20120.49 0.172594 0.004488 0.000000 0.000000 0.172594 0.000000 0.000000
20125.49 0.172961 0.004242 0.000000 0.000000 0.172961 0.000000 0.000000
20130.49 0.173590 0.003985 0.000000 0.000000 0.173590 0.000000 0.000000
20135.50 0.169345 0.005574 0.000000 0.000000 0.174331 0.164360 0.000000
20140.50 0.172610 0.002633 0.000000 0.000000 0.174965 0.170255 0.000000
20145.50 0.176318 0.001199 0.000000 0.000000 0.175246 0.177390 0.000000
20150.50 0.175634 0.000665 0.000000 0.000000 0.175042 0.176225 0.000000
20155.50 0.176637 0.002561 0.000000 0.000000 0.174346 0.178928 0.000000
20160.50 0.173544 0.000251 0.000000 0.000000 0.173319 0.173768 0.000000
20165.50 0.173347 0.001321 0.000000 0.000000 0.172165 0.174529 0.000000
20170.51 0.175085 0.004478 0.000000 0.000000 0.171079 0.179090 0.000000
20175.51 0.172187 0.002259 0.000000 0.000000 0.170167 0.174207 0.000000
20180.51 0.171812 0.002628 0.000000 0.000000 0.169460 0.174163 0.000000
20185.51 0.171999 0.003437 0.000000 0.000000 0.168925 0.175072 0.000000
20190.51 0.170705 0.002449 0.000000 0.000000 0.168514 0.172895 0.000000
20195.51 0.171240 0.003420 0.000000 0.000000 0.168181 0.174300 0.000000
20200.51 0.170221 0.002600 0.000000 0.000000 0.167895 0.172548 0.000000
20205.51 0.169592 0.002186 0.000000 0.000000 0.167636 0.171548 0.000000
20210.52 0.171450 0.004523 0.000000 0.000000 0.167404 0.175495 0.000000
20215.52 0.169343 0.002385 0.000000 0.000000 0.167209 0.171477 0.000000
20220.52 0.167776 0.000794 0.000000 0.000000 0.167068 0.168484 0.000000
20225.52 0.169733 0.003057 0.000000 0.000000 0.166999 0.172468 0.000000
20230.52 0.168691 0.001874 0.000000 0.000000 0.167015 0.170367 0.000000
20235.52 0.171306 0.004683 0.000000 0.000000 0.167117 0.175494 0.000000
20240.52 0.171153 0.004315 0.000000 0.000000 0.167294 0.175013 0.000000
20245.53 0.169990 0.002759 0.000000 0.000000 0.167523 0.172457 0.000000
20250.53 0.168647 0.000966 0.000000 0.000000 0.167781 0.169513 0.000000
20255.53 0.170352 0.002585 0.000000 0.000000 0.168040 0.172663 0.000000
20260.53 0.169384 0.001234 0.000000 0.000000 0.168280 0.170488 0.000000
20265.53 0.171856 0.003765 0.000000 0.000000 0.168489 0.175224 0.000000
20270.53 0.170435 0.001982 0.000000 0.000000 0.168661 0.172208 0.000000
20275.53 0.169873 0.001216 0.000000 0.000000 0.168787 0.170959 0.000000
20280.54 0.171249 0.002652 0.000000 0.000000 0.168877 0.173621 0.000000
20285.54 0.170641 0.001876 0.000000 0.000000 0.168963 0.172319 0.000000
20290.54 0.168173 0.000988 0.000000 0.000000 0.169058 0.167288 0.000000
20295.54 0.167484 0.001891 0.000000 0.000000 0.169174 0.165793 0.000000
20300.54 0.168888 0.000483 0.000000 0.000000 0.169323 0.168453 0.000000
20305.54 0.168234 0.001422 0.000000 0.000000 0.169506 0.166962 0.000000
20310.54 0.167826 0.002116 0.000000 0.000000 0.169718 0.165934 0.000000
20315.54 0.170124 0.000199 0.000000 0.000000 0.169949 0.170299 0.000000
20320.55 0.172076 0.002121 0.000000 0.000000 0.170179 0.173973 0.000000
20325.55 0.170286 0.000108 0.000000 0.000000 0.170387 0.170185 0.000000
20330.55 0.170088 0.000522 0.000000 0.000000 0.170551 0.169624 0.000000
20335.55 0.171141 0.000550 0.000000 0.000000 0.170651 0.171631 0.000000
20340.55 0.170104 0.000635 0.000000 0.000000 0.170668 0.169539 0.000000
20345.55 0.170478 0.000128 0.000000 0.000000 0.170594 0.170362 0.000000
20350.55 0.170876 0.000490 0.000000 0.000000 0.170435 0.171316 0.000000
20355.56 0.168278 0.002161 0.000000 0.000000 0.170210 0.166345 0.000000
20360.56 0.168817 0.001256 0.000000 0.000000 0.169942 0.167692 0.000000
20365.56 0.169952 0.000348 0.000000 0.000000 0.169638 0.170266 0.000000
20370.56 0.169728 0.000475 0.000000 0.000000 0.169301 0.170154 0.000000
20375.56 0.168282 0.000740 0.000000 0.000000 0.168943 0.167620 0.000000
20380.56 0.168710 0.000145 0.000000 0.000000 0.168579 0.168841 0.000000
20385.56 0.167003 0.001370 0.000000 0.000000 0.168227 0.165779 0.000000
20390.57 0.166358 0.001724 0.000000 0.000000 0.167901 0.164815 0.000000
20395.57 0.168159 0.000614 0.000000 0.000000 0.167608 0.168710 0.000000
20400.57 0.167929 0.000651 0.000000 0.000000 0.167346 0.168512 0.000000
20405.57 0.168511 0.001567 0.000000 0.000000 0.167110 0.169913 0.000000
20410.57 0.168622 0.001940 0.000000 0.000000 0.166887 0.170357 0.000000
20415.57 0.166065 0.000665 0.000000 0.000000 0.166661 0.165468 0.000000
20420.57 0.166787 0.000409 0.000000 0.000000 0.166421 0.167154 0.000000
20425.57 0.166534 0.000423 0.000000 0.000000 0.166153 0.166914 0.000000
20430.58 0.167459 0.001796 0.000000 0.000000 0.165852 0.169066 0.000000
20435.58 0.167321 0.002017 0.000000 0.000000 0.165517 0.169125 0.000000
20440.58 0.166566 0.001578 0.000000 0.000000 0.165155 0.167978 0.000000
20445.58 0.166431 0.001853 0.000000 0.000000 0.164773 0.168089 0.000000
20450.58 0.164611 0.000246 0.000000 0.000000 0.164384 0.164839 0.000000
20455.58 0.163759 0.000255 0.000000 0.000000 0.163990 0.163529 0.000000
20460.58 0.164344 0.000834 0.000000 0.000000 0.163599 0.165090 0.000000
20465.59 0.164160 0.001036 0.000000 0.000000 0.163232 0.165089 0.000000
20470.59 0.164518 0.001801 0.000000 0.000000 0.162908 0.166127 0.000000
20475.59 0.164192 0.001742 0.000000 0.000000 0.162634 0.165750 0.000000
20480.59 0.163071 0.000746 0.000000 0.000000 0.162401 0.163740 0.000000
20485.59 0.164303 0.002361 0.000000 0.000000 0.162190 0.166415 0.000000
20490.59 0.164455 0.002755 0.000000 0.000000 0.161990 0.166919 0.000000
20495.59 0.164114 0.002619 0.000000 0.000000 0.161772 0.166456 0.000000
20500.59 0.163409 0.002156 0.000000 0.000000 0.161481 0.165336 0.000000
20505.60 0.160844 0.000290 0.000000 0.000000 0.161101 0.160587 0.000000
20510.60 0.161159 0.000581 0.000000 0.000000 0.160639 0.161678 0.000000
20515.60 0.163312 0.003613 0.000000 0.000000 0.160080 0.166543 0.000000
20520.60 0.162204 0.003117 0.000000 0.000000 0.159417 0.164992 0.000000
20525.60 0.161975 0.003704 0.000000 0.000000 0.158662 0.165289 0.000000
20530.60 0.161976 0.004626 0.000000 0.000000 0.157838 0.166114 0.000000
20535.60 0.161575 0.005143 0.000000 0.000000 0.156975 0.166175 0.000000
20540.61 0.160617 0.005038 0.000000 0.000000 0.156110 0.165123 0.000000
20545.61 0.160062 0.005336 0.000000 0.000000 0.155290 0.164835 0.000000
20550.61 0.159331 0.005333 0.000000 0.000000 0.154561 0.164100 0.000000
20555.61 0.158674 0.005259 0.000000 0.000000 0.153970 0.163378 0.000000
20560.61 0.158829 0.005896 0.000000 0.000000 0.153555 0.164103 0.000000
20565.61 0.158379 0.005628 0.000000 0.000000 0.153345 0.163412 0.000000
20570.61 0.156234 0.003224 0.000000 0.000000 0.153351 0.159117 0.000000
20575.62 0.156282 0.003045 0.000000 0.000000 0.153558 0.159005 0.000000
20580.62 0.157933 0.004479 0.000000 0.000000 0.153927 0.161938 0.000000
20585.62 0.158086 0.004115 0.000000 0.000000 0.154405 0.161766 0.000000
20590.62 0.157603 0.002992 0.000000 0.000000 0.154926 0.160279 0.000000
20595.62 0.156552 0.001260 0.000000 0.000000 0.155425 0.157679 0.000000
20600.62 0.158483 0.002952 0.000000 0.000000 0.155843 0.161124 0.000000
20605.62 0.156801 0.000748 0.000000 0.000000 0.156131 0.157471 0.000000
20610.62 0.155326 0.001042 0.000000 0.000000 0.156256 0.154396 0.000000
20615.63 0.157240 0.001158 0.000000 0.000000 0.156204 0.158276 0.000000
20620.63 0.159073 0.003463 0.000000 0.000000 0.155977 0.162170 0.000000
20625.63 0.157850 0.002519 0.000000 0.000000 0.155597 0.160102 0.000000
20630.63 0.158976 0.004334 0.000000 0.000000 0.155099 0.162852 0.000000
20635.63 0.158555 0.004500 0.000000 0.000000 0.154530 0.162580 0.000000
20640.63 0.155702 0.001972 0.000000 0.000000 0.153937 0.157466 0.000000
20645.63 0.155724 0.002632 0.000000 0.000000 0.153370 0.158078 0.000000
20650.64 0.156709 0.004283 0.000000 0.000000 0.152878 0.160540 0.000000
20655.64 0.155072 0.002876 0.000000 0.000000 0.152500 0.157644 0.000000
20660.64 0.156203 0.004407 0.000000 0.000000 0.152261 0.160144 0.000000
20665.64 0.157091 0.005509 0.000000 0.000000 0.152163 0.162018 0.000000
20670.64 0.157134 0.005528 0.000000 0.000000 0.152190 0.162078 0.000000
20675.64 0.156931 0.005162 0.000000 0.000000 0.152314 0.161548 0.000000
20680.64 0.155667 0.003534 0.000000 0.000000 0.152507 0.158828 0.000000
20685.65 0.155125 0.002670 0.000000 0.000000 0.152737 0.157513 0.000000
20690.65 0.155170 0.002454 0.000000 0.000000 0.152975 0.157365 0.000000
20695.65 0.155602 0.002689 0.000000 0.000000 0.153197 0.158007 0.000000
20700.65 0.156160 0.003103 0.000000 0.000000 0.153384 0.158936 0.000000
20705.65 0.153031 0.000556 0.000000 0.000000 0.153528 0.152534 0.000000
20710.65 0.151295 0.002613 0.000000 0.000000 0.153633 0.148958 0.000000
20715.65 0.155435 0.001936 0.000000 0.000000 0.153705 0.157166 0.000000
20720.65 0.154989 0.001378 0.000000 0.000000 0.153756 0.156222 0.000000
20725.66 0.153392 0.000468 0.000000 0.000000 0.153811 0.152973 0.000000
20730.66 0.154040 0.000160 0.000000 0.000000 0.153903 0.154176 0.000000
20735.66 0.154472 0.000473 0.000000 0.000000 0.154046 0.154899 0.000000
20740.66 0.155354 0.001246 0.000000 0.000000 0.154239 0.156469 0.000000
20745.66 0.153220 0.001421 0.000000 0.000000 0.154489 0.151951 0.000000
20750.66 0.154088 0.000793 0.000000 0.000000 0.154795 0.153381 0.000000
20755.66 0.155651 0.000573 0.000000 0.000000 0.155138 0.156164 0.000000
20760.67 0.157187 0.001889 0.000000 0.000000 0.155497 0.158876 0.000000
20765.67 0.157141 0.001448 0.000000 0.000000 0.155846 0.158435 0.000000
20770.67 0.156113 0.000000 0.000000 0.000000 0.156161 0.156064 0.000000
20775.67 0.156819 0.000447 0.000000 0.000000 0.156417 0.157221 0.000000
20780.67 0.157195 0.000670 0.000000 0.000000 0.156596 0.157794 0.000000
20785.67 0.157578 0.001002 0.000000 0.000000 0.156683 0.158474 0.000000
20790.67 0.157968 0.001451 0.000000 0.000000 0.156670 0.159266 0.000000
20795.68 0.156917 0.000398 0.000000 0.000000 0.156558 0.157276 0.000000
20800.68 0.155524 0.000927 0.000000 0.000000 0.156355 0.154694 0.000000
20805.68 0.154973 0.001231 0.000000 0.000000 0.156074 0.153872 0.000000
20810.68 0.153272 0.002753 0.000000 0.000000 0.155734 0.150811 0.000000
20815.68 0.152200 0.003530 0.000000 0.000000 0.155358 0.149043 0.000000
20820.68 0.155167 0.000210 0.000000 0.000000 0.154968 0.155366 0.000000
20825.68 0.153822 0.000855 0.000000 0.000000 0.154587 0.153058 0.000000
20830.68 0.154838 0.000676 0.000000 0.000000 0.154234 0.155442 0.000000
20835.69 0.155604 0.001877 0.000000 0.000000 0.153926 0.157283 0.000000
20840.69 0.154134 0.000515 0.000000 0.000000 0.153671 0.154597 0.000000
20845.69 0.154437 0.001079 0.000000 0.000000 0.153472 0.155402 0.000000
20850.69 0.152068 0.001406 0.000000 0.000000 0.153325 0.150811 0.000000
20855.69 0.151376 0.002061 0.000000 0.000000 0.153219 0.149533 0.000000
20860.69 0.152744 0.000442 0.000000 0.000000 0.153140 0.152348 0.000000
20865.69 0.153641 0.000631 0.000000 0.000000 0.153079 0.154204 0.000000
20870.70 0.154024 0.001113 0.000000 0.000000 0.153028 0.155019 0.000000
20875.70 0.154621 0.001834 0.000000 0.000000 0.152981 0.156260 0.000000
20880.70 0.154267 0.001492 0.000000 0.000000 0.152931 0.155602 0.000000
20885.70 0.152567 0.000345 0.000000 0.000000 0.152873 0.152260 0.000000
20890.70 0.153736 0.001044 0.000000 0.000000 0.152802 0.154671 0.000000
20895.70 0.153952 0.001382 0.000000 0.000000 0.152716 0.155188 0.000000
20900.70 0.152719 0.000128 0.000000 0.000000 0.152613 0.152824 0.000000
20905.71 0.153170 0.000758 0.000000 0.000000 0.152490 0.153850 0.000000
20910.71 0.152603 0.000294 0.000000 0.000000 0.152344 0.152862 0.000000
20915.71 0.151033 0.001274 0.000000 0.000000 0.152173 0.149893 0.000000
20920.71 0.152781 0.000904 0.000000 0.000000 0.151972 0.153589 0.000000
20925.71 0.150960 0.000870 0.000000 0.000000 0.151739 0.150181 0.000000
20930.71 0.150050 0.001587 0.000000 0.000000 0.151469 0.148632 0.000000
20935.71 0.151840 0.000758 0.000000 0.000000 0.151161 0.152519 0.000000
20940.71 0.151992 0.001315 0.000000 0.000000 0.150817 0.153168 0.000000
20945.72 0.151750 0.001461 0.000000 0.000000 0.150443 0.153057 0.000000
20950.72 0.151524 0.001644 0.000000 0.000000 0.150053 0.152994 0.000000
20955.72 0.151425 0.001971 0.000000 0.000000 0.149663 0.153187 0.000000
20960.72 0.149595 0.000327 0.000000 0.000000 0.149299 0.149891 0.000000
20965.72 0.148795 0.000221 0.000000 0.000000 0.148989 0.148600 0.000000
20970.72 0.149395 0.000738 0.000000 0.000000 0.148735 0.150054 0.000000
20975.72 0.149274 0.000825 0.000000 0.000000 0.148535 0.150013 0.000000
20980.73 0.149488 0.001213 0.000000 0.000000 0.148404 0.150573 0.000000
20985.73 0.149856 0.001683 0.000000 0.000000 0.148351 0.151361 0.000000
20990.73 0.150863 0.002782 0.000000 0.000000 0.148376 0.153350 0.000000
20995.73 0.150112 0.001837 0.000000 0.000000 0.148470 0.151754 0.000000
21000.73 0.149782 0.001299 0.000000 0.000000 0.148620 0.150944 0.000000
21005.73 0.150601 0.002005 0.000000 0.000000 0.148808 0.152394 0.000000
21010.73 0.151250 0.002507 0.000000 0.000000 0.149008 0.153493 0.000000
21015.74 0.150130 0.001047 0.000000 0.000000 0.149192 0.151067 0.000000
21020.74 0.148785 0.000610 0.000000 0.000000 0.149333 0.148238 0.000000
21025.74 0.149206 0.000226 0.000000 0.000000 0.149405 0.149007 0.000000
21030.74 0.149809 0.000470 0.000000 0.000000 0.149388 0.150229 0.000000
21035.74 0.149402 0.000136 0.000000 0.000000 0.149268 0.149536 0.000000
21040.74 0.150403 0.001521 0.000000 0.000000 0.149043 0.151764 0.000000
21045.74 0.150369 0.001850 0.000000 0.000000 0.148714 0.152023 0.000000
21050.74 0.149222 0.001039 0.000000 0.000000 0.148294 0.150151 0.000000
21055.75 0.147303 0.000554 0.000000 0.000000 0.147799 0.146806 0.000000
21060.75 0.147658 0.000453 0.000000 0.000000 0.147256 0.148060 0.000000
21065.75 0.145970 0.000810 0.000000 0.000000 0.146696 0.145244 0.000000
21070.75 0.139111 0.007874 0.000000 0.000000 0.146155 0.132068 0.000000
21075.75 0.143343 0.002592 0.000000 0.000000 0.145661 0.141025 0.000000
21080.75 0.146438 0.001342 0.000000 0.000000 0.145239 0.147637 0.000000
21085.75 0.146763 0.002083 0.000000 0.000000 0.144900 0.148627 0.000000
21090.76 0.145409 0.000848 0.000000 0.000000 0.144648 0.146169 0.000000
21095.76 0.144742 0.000297 0.000000 0.000000 0.144477 0.145007 0.000000
21100.76 0.144065 0.000345 0.000000 0.000000 0.144373 0.143757 0.000000
21105.76 0.142161 0.002403 0.000000 0.000000 0.144311 0.140011 0.000000
21110.76 0.145941 0.001870 0.000000 0.000000 0.144267 0.147614 0.000000
21115.76 0.145380 0.001302 0.000000 0.000000 0.144215 0.146545 0.000000
21120.76 0.144424 0.000327 0.000000 0.000000 0.144133 0.144716 0.000000
21125.77 0.144766 0.000851 0.000000 0.000000 0.144003 0.145529 0.000000
21130.77 0.144474 0.000738 0.000000 0.000000 0.143814 0.145135 0.000000
21135.77 0.143196 0.000409 0.000000 0.000000 0.143562 0.142829 0.000000
21140.77 0.144075 0.000918 0.000000 0.000000 0.143253 0.144897 0.000000
21145.77 0.143133 0.000269 0.000000 0.000000 0.142899 0.143366 0.000000
21150.77 0.141808 0.000797 0.000000 0.000000 0.142520 0.141096 0.000000
21155.77 0.142631 0.000548 0.000000 0.000000 0.142139 0.143123 0.000000
21160.77 0.141875 0.000097 0.000000 0.000000 0.141782 0.141967 0.000000
21165.78 0.142150 0.000761 0.000000 0.000000 0.141469 0.142831 0.000000
21170.78 0.140481 0.000825 0.000000 0.000000 0.141217 0.139745 0.000000
21175.78 0.137041 0.004469 0.000000 0.000000 0.141038 0.133044 0.000000
21180.78 0.141479 0.000607 0.000000 0.000000 0.140940 0.142019 0.000000
21185.78 0.142904 0.002215 0.000000 0.000000 0.140923 0.144885 0.000000
21190.78 0.142430 0.001624 0.000000 0.000000 0.140977 0.143882 0.000000
21195.78 0.143442 0.002636 0.000000 0.000000 0.141085 0.145800 0.000000
21200.79 0.142695 0.001630 0.000000 0.000000 0.141236 0.144154 0.000000
21205.79 0.141217 0.000221 0.000000 0.000000 0.141422 0.141012 0.000000
21210.79 0.141447 0.000181 0.000000 0.000000 0.141616 0.141278 0.000000
21215.79 0.140168 0.001820 0.000000 0.000000 0.141795 0.138540 0.000000
21220.79 0.139890 0.002307 0.000000 0.000000 0.141953 0.137826 0.000000
21225.79 0.142280 0.000216 0.000000 0.000000 0.142089 0.142471 0.000000
21230.79 0.144388 0.002442 0.000000 0.000000 0.142205 0.146572 0.000000
21235.80 0.142369 0.000048 0.000000 0.000000 0.142306 0.142432 0.000000
21240.80 0.143501 0.001228 0.000000 0.000000 0.142403 0.144600 0.000000
21245.80 0.143811 0.001458 0.000000 0.000000 0.142507 0.145116 0.000000
21250.80 0.141331 0.001452 0.000000 0.000000 0.142629 0.140033 0.000000
21255.80 0.142104 0.000760 0.000000 0.000000 0.142782 0.141425 0.000000
21260.80 0.143290 0.000355 0.000000 0.000000 0.142972 0.143607 0.000000
21265.80 0.143373 0.000205 0.000000 0.000000 0.143196 0.143551 0.000000
21270.80 0.142800 0.000716 0.000000 0.000000 0.143443 0.142156 0.000000
21275.81 0.144491 0.000884 0.000000 0.000000 0.143700 0.145282 0.000000
21280.81 0.144130 0.000210 0.000000 0.000000 0.143947 0.144313 0.000000
21285.81 0.143554 0.000682 0.000000 0.000000 0.144164 0.142944 0.000000
21290.81 0.144889 0.000624 0.000000 0.000000 0.144330 0.145448 0.000000
21295.81 0.143990 0.000487 0.000000 0.000000 0.144423 0.143557 0.000000
21300.81 0.143307 0.001254 0.000000 0.000000 0.144429 0.142185 0.000000
21305.81 0.144192 0.000167 0.000000 0.000000 0.144338 0.144045 0.000000
21310.82 0.143999 0.000181 0.000000 0.000000 0.144149 0.143849 0.000000
21315.82 0.143631 0.000269 0.000000 0.000000 0.143866 0.143397 0.000000
21320.82 0.144040 0.000603 0.000000 0.000000 0.143502 0.144578 0.000000
21325.82 0.143337 0.000294 0.000000 0.000000 0.143077 0.143597 0.000000
21330.82 0.141654 0.001077 0.000000 0.000000 0.142619 0.140690 0.000000
21335.82 0.141976 0.000205 0.000000 0.000000 0.142156 0.141796 0.000000
21340.82 0.141676 0.000000 0.000000 0.000000 0.141720 0.141633 0.000000
21345.83 0.140852 0.000542 0.000000 0.000000 0.141336 0.140369 0.000000
21350.83 0.141171 0.000160 0.000000 0.000000 0.141027 0.141315 0.000000
21355.83 0.141109 0.000338 0.000000 0.000000 0.140808 0.141411 0.000000
21360.83 0.139764 0.001032 0.000000 0.000000 0.140687 0.138842 0.000000
21365.83 0.137943 0.003040 0.000000 0.000000 0.140662 0.135224 0.000000
21370.83 0.141263 0.000601 0.000000 0.000000 0.140727 0.141800 0.000000
21375.83 0.141285 0.000470 0.000000 0.000000 0.140863 0.141707 0.000000
21380.83 0.141009 0.000048 0.000000 0.000000 0.141049 0.140969 0.000000
21385.84 0.141378 0.000145 0.000000 0.000000 0.141256 0.141501 0.000000
21390.84 0.141130 0.000364 0.000000 0.000000 0.141455 0.140804 0.000000
21395.84 0.140755 0.000965 0.000000 0.000000 0.141618 0.139892 0.000000
21400.84 0.140952 0.000859 0.000000 0.000000 0.141720 0.140184 0.000000
21405.84 0.141070 0.000751 0.000000 0.000000 0.141741 0.140399 0.000000
21410.84 0.141331 0.000377 0.000000 0.000000 0.141666 0.140995 0.000000
21415.84 0.142104 0.000687 0.000000 0.000000 0.141488 0.142720 0.000000
21420.85 0.141103 0.000118 0.000000 0.000000 0.141207 0.141000 0.000000
21425.85 0.140543 0.000320 0.000000 0.000000 0.140829 0.140258 0.000000
21430.85 0.140616 0.000273 0.000000 0.000000 0.140365 0.140866 0.000000
21435.85 0.138461 0.001533 0.000000 0.000000 0.139833 0.137090 0.000000
21440.85 0.137720 0.001716 0.000000 0.000000 0.139254 0.136185 0.000000
21445.85 0.138898 0.000277 0.000000 0.000000 0.138648 0.139148 0.000000
21450.85 0.136940 0.001222 0.000000 0.000000 0.138032 0.135848 0.000000
21455.85 0.136025 0.001572 0.000000 0.000000 0.137432 0.134618 0.000000
21460.86 0.135633 0.001386 0.000000 0.000000 0.136872 0.134393 0.000000
21465.86 0.134748 0.001815 0.000000 0.000000 0.136372 0.133124 0.000000
21470.86 0.136458 0.000575 0.000000 0.000000 0.135945 0.136971 0.000000
21475.86 0.137621 0.002251 0.000000 0.000000 0.135608 0.139633 0.000000
21480.86 0.136445 0.001201 0.000000 0.000000 0.135370 0.137520 0.000000
21485.86 0.136573 0.001490 0.000000 0.000000 0.135241 0.137904 0.000000
21490.86 0.136770 0.001745 0.000000 0.000000 0.135209 0.138330 0.000000
21495.87 0.134231 0.001132 0.000000 0.000000 0.135244 0.133218 0.000000
21500.87 0.133017 0.002588 0.000000 0.000000 0.135332 0.130703 0.000000
21505.87 0.135678 0.000226 0.000000 0.000000 0.135470 0.135885 0.000000
21510.87 0.136993 0.001504 0.000000 0.000000 0.135648 0.138338 0.000000
21515.87 0.136577 0.000810 0.000000 0.000000 0.135853 0.137301 0.000000
21520.87 0.137267 0.001341 0.000000 0.000000 0.136068 0.138466 0.000000
21525.87 0.137353 0.001204 0.000000 0.000000 0.136276 0.138431 0.000000
21530.88 0.136626 0.000187 0.000000 0.000000 0.136459 0.136792 0.000000
21535.88 0.135926 0.000758 0.000000 0.000000 0.136604 0.135248 0.000000
21540.88 0.136932 0.000255 0.000000 0.000000 0.136703 0.137162 0.000000
21545.88 0.136499 0.000277 0.000000 0.000000 0.136741 0.136257 0.000000
21550.88 0.135952 0.000830 0.000000 0.000000 0.136695 0.135209 0.000000
21555.88 0.136809 0.000285 0.000000 0.000000 0.136560 0.137058 0.000000
21560.88 0.136716 0.000407 0.000000 0.000000 0.136353 0.137079 0.000000
21565.88 0.136196 0.000068 0.000000 0.000000 0.136145 0.136247 0.000000
21570.89 0.135941 0.000084 0.000000 0.000000 0.136025 0.135858 0.000000
21575.89 0.135171 0.000926 0.000000 0.000000 0.135998 0.134343 0.000000
21580.89 0.135492 0.000601 0.000000 0.000000 0.136028 0.134956 0.000000
21585.89 0.136446 0.000434 0.000000 0.000000 0.136058 0.136834 0.000000
21590.89 0.136686 0.000724 0.000000 0.000000 0.136039 0.137333 0.000000
21595.89 0.136086 0.000160 0.000000 0.000000 0.135949 0.136223 0.000000
21600.89 0.135808 0.000048 0.000000 0.000000 0.135780 0.135836 0.000000
21605.90 0.134637 0.000994 0.000000 0.000000 0.135526 0.133748 0.000000
21610.90 0.135398 0.000241 0.000000 0.000000 0.135181 0.135614 0.000000
21615.90 0.136065 0.001488 0.000000 0.000000 0.134735 0.137396 0.000000
21620.90 0.134875 0.000768 0.000000 0.000000 0.134185 0.135564 0.000000
21625.90 0.133307 0.000273 0.000000 0.000000 0.133547 0.133068 0.000000
21630.90 0.133535 0.000769 0.000000 0.000000 0.132847 0.134224 0.000000
21635.90 0.132388 0.000297 0.000000 0.000000 0.132123 0.132654 0.000000
21640.91 0.132420 0.001118 0.000000 0.000000 0.131419 0.133422 0.000000
21645.91 0.133936 0.003525 0.000000 0.000000 0.130783 0.137089 0.000000
21650.91 0.133550 0.003687 0.000000 0.000000 0.130252 0.136848 0.000000
21655.91 0.132214 0.002635 0.000000 0.000000 0.129858 0.134571 0.000000
21660.91 0.128561 0.001182 0.000000 0.000000 0.129616 0.127505 0.000000
21665.91 0.127322 0.002478 0.000000 0.000000 0.129538 0.125105 0.000000
21670.91 0.131005 0.001540 0.000000 0.000000 0.129628 0.132382 0.000000
21675.91 0.129852 0.000048 0.000000 0.000000 0.129878 0.129826 0.000000
21680.92 0.128454 0.002016 0.000000 0.000000 0.130258 0.126650 0.000000
21685.92 0.130609 0.000160 0.000000 0.000000 0.130745 0.130473 0.000000
21690.92 0.132213 0.000985 0.000000 0.000000 0.131331 0.133095 0.000000
21695.92 0.133682 0.001900 0.000000 0.000000 0.131982 0.135381 0.000000
21700.92 0.133745 0.001241 0.000000 0.000000 0.132636 0.134854 0.000000
21705.92 0.132744 0.000563 0.000000 0.000000 0.133244 0.132244 0.000000
21710.92 0.131941 0.002049 0.000000 0.000000 0.133774 0.130109 0.000000
21715.93 0.132409 0.001994 0.000000 0.000000 0.134192 0.130625 0.000000
21720.93 0.133699 0.000865 0.000000 0.000000 0.134472 0.132925 0.000000
21725.93 0.134267 0.000383 0.000000 0.000000 0.134608 0.133925 0.000000
21730.93 0.133958 0.000725 0.000000 0.000000 0.134607 0.133310 0.000000
21735.93 0.133439 0.001159 0.000000 0.000000 0.134475 0.132403 0.000000
21740.93 0.133158 0.001195 0.000000 0.000000 0.134225 0.132090 0.000000
21745.93 0.132887 0.001107 0.000000 0.000000 0.133876 0.131898 0.000000
21750.94 0.133555 0.000097 0.000000 0.000000 0.133450 0.133661 0.000000
21755.94 0.133273 0.000338 0.000000 0.000000 0.132974 0.133573 0.000000
21760.94 0.132949 0.000531 0.000000 0.000000 0.132475 0.133424 0.000000
21765.94 0.131489 0.000544 0.000000 0.000000 0.131974 0.131004 0.000000
21770.94 0.130354 0.001260 0.000000 0.000000 0.131481 0.129227 0.000000
21775.94 0.130603 0.000445 0.000000 0.000000 0.131001 0.130205 0.000000
21780.94 0.130938 0.000437 0.000000 0.000000 0.130545 0.131331 0.000000
21785.94 0.131247 0.001237 0.000000 0.000000 0.130142 0.132352 0.000000
21790.95 0.127377 0.002724 0.000000 0.000000 0.129815 0.124940 0.000000
21795.95 0.126992 0.002896 0.000000 0.000000 0.129582 0.124403 0.000000
21800.95 0.128838 0.000682 0.000000 0.000000 0.129449 0.128228 0.000000
21805.95 0.129501 0.000084 0.000000 0.000000 0.129413 0.129589 0.000000
21810.95 0.131105 0.001835 0.000000 0.000000 0.129464 0.132747 0.000000
21815.95 0.131747 0.002419 0.000000 0.000000 0.129583 0.133911 0.000000
21820.95 0.131506 0.001963 0.000000 0.000000 0.129751 0.133261 0.000000
21825.96 0.130041 0.000108 0.000000 0.000000 0.129944 0.130139 0.000000
21830.96 0.127508 0.002936 0.000000 0.000000 0.130134 0.124881 0.000000
21835.96 0.128330 0.002194 0.000000 0.000000 0.130292 0.126367 0.000000
21840.96 0.129892 0.000554 0.000000 0.000000 0.130388 0.129396 0.000000
21845.96 0.130906 0.000573 0.000000 0.000000 0.130397 0.131415 0.000000
21850.96 0.130425 0.000118 0.000000 0.000000 0.130305 0.130546 0.000000
21855.96 0.130286 0.000205 0.000000 0.000000 0.130109 0.130463 0.000000
21860.97 0.129954 0.000145 0.000000 0.000000 0.129818 0.130090 0.000000
21865.97 0.129667 0.000246 0.000000 0.000000 0.129446 0.129888 0.000000
21870.97 0.129302 0.000316 0.000000 0.000000 0.129017 0.129588 0.000000
21875.97 0.129362 0.000901 0.000000 0.000000 0.128556 0.130168 0.000000
21880.97 0.128488 0.000440 0.000000 0.000000 0.128098 0.128879 0.000000
21885.97 0.126423 0.001396 0.000000 0.000000 0.127672 0.125174 0.000000
21890.97 0.124452 0.003195 0.000000 0.000000 0.127310 0.121594 0.000000
21895.97 0.127296 0.000290 0.000000 0.000000 0.127037 0.127555 0.000000
21900.98 0.128301 0.001601 0.000000 0.000000 0.126869 0.129733 0.000000
21905.98 0.125793 0.001145 0.000000 0.000000 0.126816 0.124769 0.000000
21910.98 0.126144 0.000823 0.000000 0.000000 0.126879 0.125409 0.000000
21915.98 0.128337 0.001441 0.000000 0.000000 0.127049 0.129626 0.000000
21920.98 0.128283 0.001086 0.000000 0.000000 0.127312 0.129254 0.000000
21925.98 0.128682 0.001162 0.000000 0.000000 0.127643 0.129721 0.000000
21930.98 0.128615 0.000676 0.000000 0.000000 0.128014 0.129217 0.000000
21935.99 0.128905 0.000559 0.000000 0.000000 0.128407 0.129403 0.000000
21940.99 0.129307 0.000569 0.000000 0.000000 0.128799 0.129814 0.000000
21945.99 0.128837 0.000341 0.000000 0.000000 0.129141 0.128533 0.000000
21950.99 0.128218 0.001313 0.000000 0.000000 0.129392 0.127044 0.000000
21955.99 0.128699 0.000943 0.000000 0.000000 0.129543 0.127854 0.000000
21960.99 0.129137 0.000506 0.000000 0.000000 0.129592 0.128682 0.000000
21965.99 0.129194 0.000386 0.000000 0.000000 0.129535 0.128853 0.000000
21971.00 0.129024 0.000389 0.000000 0.000000 0.129374 0.128674 0.000000
21976.00 0.128745 0.000426 0.000000 0.000000 0.129129 0.128361 0.000000
21981.00 0.128728 0.000097 0.000000 0.000000 0.128819 0.128637 0.000000
21986.00 0.127755 0.000785 0.000000 0.000000 0.128458 0.127052 0.000000
21991.00 0.127627 0.000490 0.000000 0.000000 0.128064 0.127191 0.000000
21996.00 0.126987 0.000744 0.000000 0.000000 0.127652 0.126322 0.000000
22001.00 0.126214 0.001145 0.000000 0.000000 0.127238 0.125190 0.000000
22006.00 0.126794 0.000068 0.000000 0.000000 0.126833 0.126756 0.000000
22011.01 0.126322 0.000128 0.000000 0.000000 0.126443 0.126201 0.000000
22016.01 0.124708 0.001525 0.000000 0.000000 0.126072 0.123343 0.000000
22021.01 0.125445 0.000313 0.000000 0.000000 0.125719 0.125170 0.000000
22026.01 0.125436 0.000084 0.000000 0.000000 0.125380 0.125492 0.000000
22031.01 0.125493 0.000497 0.000000 0.000000 0.125050 0.125937 0.000000
22036.01 0.125790 0.001194 0.000000 0.000000 0.124722 0.126858 0.000000
22041.01 0.125888 0.001672 0.000000 0.000000 0.124392 0.127383 0.000000
22046.02 0.125883 0.002040 0.000000 0.000000 0.124058 0.127708 0.000000
22051.02 0.125716 0.002226 0.000000 0.000000 0.123725 0.127708 0.000000
22056.02 0.125281 0.002103 0.000000 0.000000 0.123401 0.127162 0.000000
22061.02 0.123494 0.000449 0.000000 0.000000 0.123094 0.123895 0.000000
22066.02 0.120188 0.002931 0.000000 0.000000 0.122810 0.117566 0.000000
22071.02 0.119676 0.003218 0.000000 0.000000 0.122554 0.116797 0.000000
22076.02 0.120739 0.001781 0.000000 0.000000 0.122332 0.119146 0.000000
22081.03 0.122474 0.000359 0.000000 0.000000 0.122153 0.122795 0.000000
22086.03 0.122987 0.001072 0.000000 0.000000 0.122028 0.123946 0.000000
22091.03 0.122650 0.000764 0.000000 0.000000 0.121966 0.123334 0.000000
22096.03 0.120689 0.001435 0.000000 0.000000 0.121972 0.119405 0.000000
22101.03 0.122136 0.000090 0.000000 0.000000 0.122050 0.122222 0.000000
22106.03 0.123470 0.001424 0.000000 0.000000 0.122196 0.124744 0.000000
22111.03 0.123678 0.001423 0.000000 0.000000 0.122404 0.124951 0.000000
22116.03 0.124127 0.001636 0.000000 0.000000 0.122663 0.125590 0.000000
22121.04 0.124267 0.001462 0.000000 0.000000 0.122959 0.125575 0.000000
22126.04 0.124407 0.001266 0.000000 0.000000 0.123275 0.125539 0.000000
22131.04 0.124927 0.001491 0.000000 0.000000 0.123593 0.126261 0.000000
22136.04 0.124549 0.000729 0.000000 0.000000 0.123896 0.125202 0.000000
22141.04 0.124211 0.000068 0.000000 0.000000 0.124167 0.124255 0.000000
22146.04 0.124203 0.000205 0.000000 0.000000 0.124390 0.124016 0.000000
22151.04 0.124154 0.000450 0.000000 0.000000 0.124556 0.123751 0.000000
22156.05 0.124140 0.000576 0.000000 0.000000 0.124655 0.123626 0.000000
22161.05 0.124240 0.000501 0.000000 0.000000 0.124686 0.123793 0.000000
22166.05 0.124487 0.000187 0.000000 0.000000 0.124651 0.124322 0.000000
22171.05 0.124196 0.000404 0.000000 0.000000 0.124557 0.123835 0.000000
22176.05 0.124502 0.000090 0.000000 0.000000 0.124414 0.124589 0.000000
22181.05 0.124333 0.000113 0.000000 0.000000 0.124234 0.124432 0.000000
22186.05 0.123932 0.000113 0.000000 0.000000 0.124030 0.123834 0.000000
22191.06 0.124147 0.000374 0.000000 0.000000 0.123814 0.124480 0.000000
22196.06 0.124316 0.000803 0.000000 0.000000 0.123597 0.125035 0.000000
22201.06 0.123614 0.000258 0.000000 0.000000 0.123385 0.123842 0.000000
22206.06 0.123155 0.000048 0.000000 0.000000 0.123186 0.123124 0.000000
22211.06 0.123280 0.000299 0.000000 0.000000 0.123013 0.123547 0.000000
22216.06 0.122754 0.000123 0.000000 0.000000 0.122867 0.122641 0.000000
22221.06 0.121502 0.001383 0.000000 0.000000 0.122738 0.120266 0.000000
22226.06 0.121891 0.000818 0.000000 0.000000 0.122622 0.121159 0.000000
22231.07 0.122854 0.000375 0.000000 0.000000 0.122519 0.123189 0.000000
22236.07 0.122895 0.000529 0.000000 0.000000 0.122423 0.123367 0.000000
22241.07 0.121815 0.000575 0.000000 0.000000 0.122328 0.121301 0.000000
22246.07 0.121225 0.001122 0.000000 0.000000 0.122228 0.120222 0.000000
22251.07 0.122066 0.000076 0.000000 0.000000 0.122120 0.122011 0.000000
22256.07 0.121660 0.000380 0.000000 0.000000 0.122000 0.121320 0.000000
22261.07 0.122081 0.000241 0.000000 0.000000 0.121868 0.122294 0.000000
22266.08 0.120716 0.001131 0.000000 0.000000 0.121727 0.119705 0.000000
22271.08 0.118168 0.003816 0.000000 0.000000 0.121580 0.114755 0.000000
22276.08 0.120341 0.001222 0.000000 0.000000 0.121435 0.119247 0.000000
22281.08 0.120956 0.000380 0.000000 0.000000 0.121296 0.120616 0.000000
22286.08 0.119244 0.002151 0.000000 0.000000 0.121168 0.117320 0.000000
22291.08 0.120187 0.000972 0.000000 0.000000 0.121056 0.119319 0.000000
22296.08 0.121299 0.000377 0.000000 0.000000 0.120963 0.121635 0.000000
22301.09 0.121302 0.000462 0.000000 0.000000 0.120889 0.121714 0.000000
22306.09 0.120592 0.000266 0.000000 0.000000 0.120834 0.120351 0.000000
22311.09 0.120400 0.000442 0.000000 0.000000 0.120794 0.120006 0.000000
22316.09 0.120691 0.000090 0.000000 0.000000 0.120764 0.120618 0.000000
22321.09 0.120054 0.000764 0.000000 0.000000 0.120738 0.119370 0.000000
22326.09 0.120365 0.000381 0.000000 0.000000 0.120706 0.120023 0.000000
22331.09 0.121204 0.000606 0.000000 0.000000 0.120662 0.121745 0.000000
22336.09 0.120967 0.000414 0.000000 0.000000 0.120597 0.121338 0.000000
22341.10 0.120915 0.000462 0.000000 0.000000 0.120502 0.121328 0.000000
22346.10 0.120771 0.000447 0.000000 0.000000 0.120373 0.121170 0.000000
22351.10 0.120312 0.000123 0.000000 0.000000 0.120205 0.120418 0.000000
22356.10 0.119476 0.000587 0.000000 0.000000 0.120000 0.118952 0.000000
22361.10 0.119435 0.000359 0.000000 0.000000 0.119758 0.119111 0.000000
22366.10 0.119457 0.000034 0.000000 0.000000 0.119487 0.119427 0.000000
22371.10 0.119154 0.000000 0.000000 0.000000 0.119193 0.119115 0.000000
22376.11 0.119171 0.000318 0.000000 0.000000 0.118887 0.119455 0.000000
22381.11 0.118990 0.000462 0.000000 0.000000 0.118579 0.119402 0.000000
22386.11 0.118187 0.000108 0.000000 0.000000 0.118282 0.118093 0.000000
22391.11 0.116047 0.002193 0.000000 0.000000 0.118008 0.114085 0.000000
22396.11 0.116211 0.001742 0.000000 0.000000 0.117769 0.114653 0.000000
22401.11 0.117231 0.000383 0.000000 0.000000 0.117574 0.116887 0.000000
22406.11 0.116690 0.000829 0.000000 0.000000 0.117431 0.115950 0.000000
22411.12 0.117949 0.000674 0.000000 0.000000 0.117345 0.118553 0.000000
22416.12 0.118380 0.001188 0.000000 0.000000 0.117317 0.119444 0.000000
22421.12 0.117695 0.000391 0.000000 0.000000 0.117344 0.118046 0.000000
22426.12 0.117023 0.000445 0.000000 0.000000 0.117422 0.116624 0.000000
22431.12 0.116620 0.001031 0.000000 0.000000 0.117542 0.115698 0.000000
22436.12 0.116777 0.001023 0.000000 0.000000 0.117693 0.115862 0.000000
22441.12 0.117589 0.000305 0.000000 0.000000 0.117861 0.117316 0.000000
22446.12 0.118351 0.000353 0.000000 0.000000 0.118035 0.118667 0.000000
22451.13 0.118185 0.000000 0.000000 0.000000 0.118199 0.118170 0.000000
22456.13 0.117489 0.000950 0.000000 0.000000 0.118339 0.116639 0.000000
22461.13 0.118168 0.000303 0.000000 0.000000 0.118438 0.117898 0.000000
22466.13 0.118132 0.000409 0.000000 0.000000 0.118496 0.117768 0.000000
22471.13 0.117905 0.000682 0.000000 0.000000 0.118516 0.117294 0.000000
22476.13 0.117927 0.000631 0.000000 0.000000 0.118490 0.117363 0.000000
22481.13 0.117650 0.000843 0.000000 0.000000 0.118403 0.116897 0.000000
22486.14 0.116037 0.002485 0.000000 0.000000 0.118260 0.113814 0.000000
22491.14 0.117139 0.001057 0.000000 0.000000 0.118085 0.116194 0.000000
22496.14 0.117792 0.000102 0.000000 0.000000 0.117888 0.117695 0.000000
22501.14 0.117606 0.000076 0.000000 0.000000 0.117673 0.117539 0.000000
22506.14 0.116948 0.000556 0.000000 0.000000 0.117447 0.116450 0.000000
22511.14 0.116728 0.000551 0.000000 0.000000 0.117221 0.116235 0.000000
22516.14 0.116768 0.000262 0.000000 0.000000 0.117004 0.116533 0.000000
22521.14 0.116078 0.000810 0.000000 0.000000 0.116802 0.115353 0.000000
22526.15 0.115884 0.000824 0.000000 0.000000 0.116621 0.115147 0.000000
22531.15 0.115613 0.000947 0.000000 0.000000 0.116460 0.114765 0.000000
22536.15 0.115714 0.000676 0.000000 0.000000 0.116321 0.115108 0.000000
22541.15 0.116154 0.000059 0.000000 0.000000 0.116199 0.116109 0.000000
22546.15 0.115062 0.001150 0.000000 0.000000 0.116091 0.114032 0.000000
22551.15 0.114620 0.001534 0.000000 0.000000 0.115992 0.113248 0.000000
22556.15 0.116104 0.000229 0.000000 0.000000 0.115897 0.116310 0.000000
22561.16 0.115813 0.000000 0.000000 0.000000 0.115799 0.115827 0.000000
22566.16 0.115503 0.000210 0.000000 0.000000 0.115692 0.115315 0.000000
22571.16 0.115648 0.000097 0.000000 0.000000 0.115566 0.115730 0.000000
22576.16 0.115069 0.000389 0.000000 0.000000 0.115416 0.114722 0.000000
22581.16 0.115105 0.000153 0.000000 0.000000 0.115239 0.114972 0.000000
22586.16 0.114760 0.000311 0.000000 0.000000 0.115036 0.114485 0.000000
22591.16 0.114535 0.000309 0.000000 0.000000 0.114812 0.114258 0.000000
22596.17 0.114943 0.000416 0.000000 0.000000 0.114572 0.115315 0.000000
22601.17 0.115104 0.000869 0.000000 0.000000 0.114327 0.115882 0.000000
22606.17 0.114579 0.000554 0.000000 0.000000 0.114084 0.115074 0.000000
22611.17 0.114445 0.000661 0.000000 0.000000 0.113855 0.115035 0.000000
22616.17 0.113966 0.000350 0.000000 0.000000 0.113651 0.114281 0.000000
22621.17 0.112487 0.001111 0.000000 0.000000 0.113481 0.111493 0.000000
22626.17 0.112569 0.000877 0.000000 0.000000 0.113353 0.111785 0.000000
22631.17 0.110273 0.003353 0.000000 0.000000 0.113272 0.107274 0.000000
22636.18 0.109329 0.004372 0.000000 0.000000 0.113240 0.105419 0.000000
22641.18 0.111335 0.002145 0.000000 0.000000 0.113253 0.109416 0.000000
22646.18 0.113055 0.000281 0.000000 0.000000 0.113308 0.112803 0.000000
22651.18 0.113786 0.000440 0.000000 0.000000 0.113395 0.114177 0.000000
22656.18 0.113665 0.000184 0.000000 0.000000 0.113505 0.113825 0.000000
22661.18 0.111590 0.002276 0.000000 0.000000 0.113626 0.109555 0.000000
22666.18 0.110762 0.003337 0.000000 0.000000 0.113747 0.107777 0.000000
22671.19 0.113070 0.000880 0.000000 0.000000 0.113857 0.112284 0.000000
22676.19 0.112740 0.001348 0.000000 0.000000 0.113946 0.111533 0.000000
22681.19 0.113076 0.001043 0.000000 0.000000 0.114008 0.112143 0.000000
22686.19 0.113962 0.000084 0.000000 0.000000 0.114039 0.113885 0.000000
22691.19 0.113944 0.000108 0.000000 0.000000 0.114038 0.113850 0.000000
22696.19 0.113955 0.000068 0.000000 0.000000 0.114009 0.113900 0.000000
22701.19 0.113692 0.000295 0.000000 0.000000 0.113957 0.113428 0.000000
22706.20 0.113317 0.000639 0.000000 0.000000 0.113888 0.112745 0.000000
22711.20 0.113114 0.000782 0.000000 0.000000 0.113812 0.112416 0.000000
22716.20 0.112943 0.000888 0.000000 0.000000 0.113738 0.112148 0.000000
22721.20 0.113072 0.000674 0.000000 0.000000 0.113675 0.112469 0.000000
22726.20 0.113328 0.000336 0.000000 0.000000 0.113629 0.113026 0.000000
22731.20 0.113338 0.000295 0.000000 0.000000 0.113604 0.113072 0.000000
22736.20 0.113546 0.000059 0.000000 0.000000 0.113599 0.113493 0.000000
22741.20 0.113281 0.000371 0.000000 0.000000 0.113613 0.112949 0.000000
22746.21 0.112674 0.001084 0.000000 0.000000 0.113644 0.111704 0.000000
22751.21 0.111751 0.002154 0.000000 0.000000 0.113677 0.109824 0.000000
22756.21 0.112263 0.001591 0.000000 0.000000 0.113686 0.110840 0.000000
22761.21 0.112915 0.000827 0.000000 0.000000 0.113654 0.112176 0.000000
22766.21 0.112556 0.001140 0.000000 0.000000 0.113576 0.111537 0.000000
22771.21 0.112137 0.001463 0.000000 0.000000 0.113445 0.110829 0.000000
22776.21 0.112302 0.001057 0.000000 0.000000 0.113248 0.111357 0.000000
22781.22 0.112320 0.000733 0.000000 0.000000 0.112976 0.111665 0.000000
22786.22 0.112314 0.000353 0.000000 0.000000 0.112630 0.111999 0.000000
22791.22 0.112155 0.000059 0.000000 0.000000 0.112215 0.112096 0.000000
22796.22 0.111175 0.000634 0.000000 0.000000 0.111742 0.110608 0.000000
22801.22 0.110690 0.000602 0.000000 0.000000 0.111229 0.110151 0.000000
22806.22 0.110066 0.000705 0.000000 0.000000 0.110697 0.109436 0.000000
22811.22 0.110221 0.000059 0.000000 0.000000 0.110173 0.110269 0.000000
22816.23 0.108477 0.001352 0.000000 0.000000 0.109687 0.107267 0.000000
22821.23 0.106155 0.003481 0.000000 0.000000 0.109268 0.103041 0.000000
22826.23 0.108343 0.000671 0.000000 0.000000 0.108944 0.107743 0.000000
22831.23 0.108480 0.000292 0.000000 0.000000 0.108740 0.108220 0.000000
22836.23 0.108799 0.000149 0.000000 0.000000 0.108671 0.108927 0.000000
22841.23 0.109065 0.000356 0.000000 0.000000 0.108746 0.109384 0.000000
22846.23 0.109015 0.000048 0.000000 0.000000 0.108964 0.109066 0.000000
22851.23 0.110040 0.000812 0.000000 0.000000 0.109314 0.110767 0.000000
22856.24 0.109453 0.000359 0.000000 0.000000 0.109774 0.109132 0.000000
22861.24 0.109648 0.000741 0.000000 0.000000 0.110312 0.108985 0.000000
22866.24 0.110366 0.000580 0.000000 0.000000 0.110885 0.109847 0.000000
22871.24 0.110623 0.000918 0.000000 0.000000 0.111444 0.109803 0.000000
22876.24 0.111136 0.000895 0.000000 0.000000 0.111936 0.110336 0.000000
22881.24 0.110938 0.001536 0.000000 0.000000 0.112312 0.109564 0.000000
22886.24 0.111173 0.001510 0.000000 0.000000 0.112524 0.109823 0.000000
22891.25 0.111171 0.001524 0.000000 0.000000 0.112534 0.109808 0.000000
22896.25 0.110509 0.002012 0.000000 0.000000 0.112309 0.108710 0.000000
22901.25 0.110018 0.002023 0.000000 0.000000 0.111827 0.108208 0.000000
22906.25 0.110072 0.001126 0.000000 0.000000 0.111079 0.109065 0.000000
22911.25 0.110018 0.000068 0.000000 0.000000 0.110073 0.109963 0.000000
22916.25 0.108992 0.000181 0.000000 0.000000 0.108829 0.109155 0.000000
22921.25 0.108208 0.000919 0.000000 0.000000 0.107385 0.109030 0.000000
22926.26 0.107609 0.002036 0.000000 0.000000 0.105787 0.109431 0.000000
22931.26 0.106492 0.002679 0.000000 0.000000 0.104096 0.108888 0.000000
22936.26 0.103525 0.001286 0.000000 0.000000 0.102375 0.104675 0.000000
22941.26 0.093468 0.008081 0.000000 0.000000 0.100696 0.086240 0.000000
22946.26 0.087628 0.012861 0.000000 0.000000 0.099131 0.076125 0.000000
22951.26 0.090594 0.007997 0.000000 0.000000 0.097747 0.083442 0.000000
22956.26 0.092681 0.004388 0.000000 0.000000 0.096606 0.088756 0.000000
22961.26 0.093536 0.002475 0.000000 0.000000 0.095750 0.091322 0.000000
22966.27 0.094277 0.001047 0.000000 0.000000 0.095213 0.093341 0.000000
22971.27 0.094459 0.000610 0.000000 0.000000 0.095004 0.093913 0.000000
22976.27 0.094200 0.001027 0.000000 0.000000 0.095118 0.093282 0.000000
22981.27 0.095847 0.000358 0.000000 0.000000 0.095529 0.096166 0.000000
22986.27 0.097002 0.000900 0.000000 0.000000 0.096197 0.097807 0.000000
22991.27 0.097680 0.000682 0.000000 0.000000 0.097071 0.098289 0.000000
22996.27 0.097987 0.000118 0.000000 0.000000 0.098093 0.097881 0.000000
23001.28 0.098383 0.000912 0.000000 0.000000 0.099199 0.097567 0.000000
23006.28 0.099606 0.000812 0.000000 0.000000 0.100332 0.098880 0.000000
23011.28 0.100570 0.000963 0.000000 0.000000 0.101432 0.099707 0.000000
23016.28 0.101701 0.000824 0.000000 0.000000 0.102438 0.100965 0.000000
23021.28 0.102597 0.000790 0.000000 0.000000 0.103304 0.101890 0.000000
23026.28 0.103133 0.001003 0.000000 0.000000 0.104030 0.102235 0.000000
23031.28 0.103564 0.001171 0.000000 0.000000 0.104611 0.102516 0.000000
23036.29 0.103101 0.002104 0.000000 0.000000 0.104982 0.101219 0.000000
23041.29 0.103098 0.002216 0.000000 0.000000 0.105080 0.101115 0.000000
23046.29 0.102982 0.002204 0.000000 0.000000 0.104954 0.101011 0.000000
23051.29 0.102452 0.002507 0.000000 0.000000 0.104694 0.100210 0.000000
23056.29 0.101906 0.002719 0.000000 0.000000 0.104338 0.099475 0.000000
23061.29 0.102495 0.001564 0.000000 0.000000 0.103893 0.101096 0.000000
23066.29 0.101158 0.002502 0.000000 0.000000 0.103396 0.098920 0.000000
23071.29 0.101991 0.001023 0.000000 0.000000 0.102906 0.101077 0.000000
23076.30 0.101637 0.000929 0.000000 0.000000 0.102468 0.100805 0.000000
23081.30 0.102004 0.000128 0.000000 0.000000 0.102116 0.101892 0.000000
23086.30 0.100504 0.001531 0.000000 0.000000 0.101874 0.099134 0.000000
23091.30 0.101705 0.000048 0.000000 0.000000 0.101752 0.101658 0.000000
23096.30 0.101016 0.000827 0.000000 0.000000 0.101756 0.100275 0.000000
23101.30 0.102201 0.000364 0.000000 0.000000 0.101877 0.102525 0.000000
23106.30 0.101515 0.000657 0.000000 0.000000 0.102102 0.100927 0.000000
23111.31 0.102252 0.000171 0.000000 0.000000 0.102409 0.102095 0.000000
23116.31 0.102492 0.000316 0.000000 0.000000 0.102776 0.102208 0.000000
23121.31 0.101808 0.001529 0.000000 0.000000 0.103176 0.100441 0.000000
23126.31 0.103018 0.000634 0.000000 0.000000 0.103584 0.102451 0.000000
23131.31 0.102274 0.001903 0.000000 0.000000 0.103977 0.100572 0.000000
23136.31 0.103284 0.001168 0.000000 0.000000 0.104330 0.102239 0.000000
23141.31 0.103191 0.001602 0.000000 0.000000 0.104624 0.101758 0.000000
23146.32 0.102836 0.002239 0.000000 0.000000 0.104839 0.100834 0.000000
23151.32 0.103047 0.002139 0.000000 0.000000 0.104960 0.101134 0.000000
23156.32 0.101224 0.004190 0.000000 0.000000 0.104971 0.097477 0.000000
23161.32 0.102567 0.002565 0.000000 0.000000 0.104861 0.100273 0.000000
23166.32 0.103086 0.001714 0.000000 0.000000 0.104619 0.101552 0.000000
23171.32 0.101782 0.002745 0.000000 0.000000 0.104237 0.099327 0.000000
23176.32 0.101351 0.002642 0.000000 0.000000 0.103714 0.098988 0.000000
23181.32 0.100840 0.002472 0.000000 0.000000 0.103051 0.098630 0.000000
23186.33 0.100531 0.001931 0.000000 0.000000 0.102258 0.098804 0.000000
23191.33 0.101332 0.000000 0.000000 0.000000 0.101350 0.101314 0.000000
23196.33 0.100279 0.000090 0.000000 0.000000 0.100353 0.100205 0.000000
23201.33 0.099944 0.000724 0.000000 0.000000 0.099298 0.100591 0.000000
23206.33 0.100126 0.002139 0.000000 0.000000 0.098213 0.102040 0.000000
23211.33 0.098600 0.001647 0.000000 0.000000 0.097127 0.100073 0.000000
23216.33 0.098553 0.002782 0.000000 0.000000 0.096065 0.101041 0.000000
23221.34 0.098668 0.004048 0.000000 0.000000 0.095046 0.102289 0.000000
23226.34 0.096562 0.002766 0.000000 0.000000 0.094088 0.099036 0.000000
23231.34 0.089030 0.004666 0.000000 0.000000 0.093203 0.084857 0.000000
23236.34 0.081024 0.012720 0.000000 0.000000 0.092402 0.069647 0.000000
23241.34 0.082961 0.009763 0.000000 0.000000 0.091694 0.074229 0.000000
23246.34 0.086071 0.005607 0.000000 0.000000 0.091086 0.081056 0.000000
23251.34 0.087607 0.003331 0.000000 0.000000 0.090586 0.084627 0.000000
23256.35 0.087383 0.003149 0.000000 0.000000 0.090200 0.084567 0.000000
23261.35 0.088122 0.002025 0.000000 0.000000 0.089933 0.086311 0.000000
23266.35 0.089406 0.000433 0.000000 0.000000 0.089792 0.089021 0.000000
23271.35 0.089268 0.000571 0.000000 0.000000 0.089778 0.088759 0.000000
23276.35 0.090258 0.000408 0.000000 0.000000 0.089892 0.090623 0.000000
23281.35 0.091469 0.001497 0.000000 0.000000 0.090131 0.092808 0.000000
23286.35 0.091259 0.000866 0.000000 0.000000 0.090484 0.092034 0.000000
23291.35 0.090290 0.000725 0.000000 0.000000 0.090939 0.089640 0.000000
23296.36 0.091378 0.000113 0.000000 0.000000 0.091477 0.091279 0.000000
23301.36 0.092540 0.000519 0.000000 0.000000 0.092076 0.093005 0.000000
23306.36 0.092384 0.000356 0.000000 0.000000 0.092703 0.092065 0.000000
23311.36 0.093294 0.000000 0.000000 0.000000 0.093331 0.093258 0.000000
23316.36 0.094019 0.000076 0.000000 0.000000 0.093949 0.094089 0.000000
23321.36 0.093619 0.001026 0.000000 0.000000 0.094537 0.092701 0.000000
23326.36 0.093881 0.001305 0.000000 0.000000 0.095047 0.092714 0.000000
23331.37 0.095216 0.000241 0.000000 0.000000 0.095429 0.095003 0.000000
23336.37 0.095115 0.000636 0.000000 0.000000 0.095686 0.094545 0.000000
23341.37 0.094247 0.001782 0.000000 0.000000 0.095841 0.092653 0.000000
23346.37 0.094332 0.001750 0.000000 0.000000 0.095897 0.092767 0.000000
23351.37 0.096652 0.000903 0.000000 0.000000 0.095844 0.097459 0.000000
23356.37 0.095905 0.000244 0.000000 0.000000 0.095686 0.096123 0.000000
23361.37 0.093689 0.001964 0.000000 0.000000 0.095446 0.091933 0.000000
23366.38 0.095161 0.000034 0.000000 0.000000 0.095143 0.095179 0.000000
23371.38 0.096462 0.001860 0.000000 0.000000 0.094799 0.098126 0.000000
23376.38 0.094283 0.000164 0.000000 0.000000 0.094431 0.094135 0.000000
23381.38 0.094063 0.000034 0.000000 0.000000 0.094064 0.094062 0.000000
23386.38 0.093300 0.000472 0.000000 0.000000 0.093721 0.092879 0.000000
23391.38 0.093244 0.000196 0.000000 0.000000 0.093421 0.093067 0.000000
23396.38 0.092017 0.001301 0.000000 0.000000 0.093180 0.090854 0.000000
23401.38 0.093291 0.000315 0.000000 0.000000 0.093011 0.093571 0.000000
23406.39 0.094656 0.001942 0.000000 0.000000 0.092919 0.096393 0.000000
23411.39 0.093580 0.000755 0.000000 0.000000 0.092904 0.094255 0.000000
23416.39 0.093638 0.000755 0.000000 0.000000 0.092961 0.094314 0.000000
23421.39 0.092182 0.001004 0.000000 0.000000 0.093079 0.091284 0.000000
23426.39 0.094742 0.001678 0.000000 0.000000 0.093241 0.096243 0.000000
23431.39 0.095189 0.001968 0.000000 0.000000 0.093429 0.096950 0.000000
23436.39 0.093669 0.000059 0.000000 0.000000 0.093621 0.093717 0.000000
23441.40 0.094795 0.001117 0.000000 0.000000 0.093795 0.095795 0.000000
23446.40 0.094433 0.000563 0.000000 0.000000 0.093929 0.094936 0.000000
23451.40 0.092619 0.001544 0.000000 0.000000 0.094001 0.091238 0.000000
23456.40 0.089601 0.004909 0.000000 0.000000 0.093992 0.085210 0.000000
23461.40 0.089331 0.005095 0.000000 0.000000 0.093888 0.084773 0.000000
23466.40 0.091968 0.001913 0.000000 0.000000 0.093679 0.090257 0.000000
23471.40 0.092243 0.001251 0.000000 0.000000 0.093361 0.091124 0.000000
23476.41 0.091501 0.001601 0.000000 0.000000 0.092934 0.090069 0.000000
23481.41 0.092934 0.000597 0.000000 0.000000 0.092400 0.093468 0.000000
23486.41 0.092177 0.000458 0.000000 0.000000 0.091767 0.092586 0.000000
23491.41 0.091271 0.000248 0.000000 0.000000 0.091049 0.091493 0.000000
23496.41 0.091693 0.001603 0.000000 0.000000 0.090260 0.093127 0.000000
23501.41 0.090439 0.001142 0.000000 0.000000 0.089417 0.091461 0.000000
23506.41 0.090231 0.001890 0.000000 0.000000 0.088541 0.091922 0.000000
23511.41 0.090947 0.003686 0.000000 0.000000 0.087650 0.094244 0.000000
23516.42 0.089773 0.003364 0.000000 0.000000 0.086763 0.092782 0.000000
23521.42 0.088191 0.002563 0.000000 0.000000 0.085899 0.090484 0.000000
23526.42 0.086469 0.001559 0.000000 0.000000 0.085075 0.087863 0.000000
23531.42 0.078441 0.006559 0.000000 0.000000 0.084307 0.072575 0.000000
23536.42 0.074631 0.010040 0.000000 0.000000 0.083611 0.065652 0.000000
23541.42 0.077766 0.005850 0.000000 0.000000 0.082998 0.072533 0.000000
23546.42 0.078467 0.004487 0.000000 0.000000 0.082480 0.074454 0.000000
23551.43 0.079672 0.002677 0.000000 0.000000 0.082066 0.077277 0.000000
23556.43 0.081858 0.000102 0.000000 0.000000 0.081764 0.081953 0.000000
23561.43 0.082278 0.000782 0.000000 0.000000 0.081578 0.082977 0.000000
23566.43 0.080841 0.000750 0.000000 0.000000 0.081511 0.080171 0.000000
23571.43 0.082265 0.000790 0.000000 0.000000 0.081559 0.082971 0.000000
23576.43 0.083122 0.001570 0.000000 0.000000 0.081718 0.084526 0.000000
23581.43 0.082700 0.000803 0.000000 0.000000 0.081981 0.083418 0.000000
23586.44 0.083476 0.001269 0.000000 0.000000 0.082341 0.084611 0.000000
23591.44 0.084673 0.002109 0.000000 0.000000 0.082787 0.086559 0.000000
23596.44 0.085238 0.002160 0.000000 0.000000 0.083306 0.087170 0.000000
23601.44 0.084765 0.000990 0.000000 0.000000 0.083880 0.085651 0.000000
23606.44 0.085696 0.001349 0.000000 0.000000 0.084489 0.086903 0.000000
23611.44 0.086607 0.001661 0.000000 0.000000 0.085121 0.088092 0.000000
23616.44 0.085900 0.000158 0.000000 0.000000 0.085762 0.086038 0.000000
23621.44 0.086555 0.000184 0.000000 0.000000 0.086387 0.086724 0.000000
23626.45 0.088453 0.001672 0.000000 0.000000 0.086957 0.089948 0.000000
23631.45 0.087541 0.000108 0.000000 0.000000 0.087448 0.087633 0.000000
23636.45 0.085971 0.002115 0.000000 0.000000 0.087862 0.084079 0.000000
23641.45 0.086461 0.001939 0.000000 0.000000 0.088196 0.084727 0.000000
23646.45 0.089606 0.001313 0.000000 0.000000 0.088433 0.090780 0.000000
23651.45 0.088279 0.000308 0.000000 0.000000 0.088555 0.088004 0.000000
23656.45 0.086924 0.001831 0.000000 0.000000 0.088561 0.085287 0.000000
23661.46 0.087117 0.001494 0.000000 0.000000 0.088454 0.085781 0.000000
23666.46 0.088707 0.000519 0.000000 0.000000 0.088243 0.089170 0.000000
23671.46 0.087120 0.000917 0.000000 0.000000 0.087940 0.086300 0.000000
23676.46 0.087476 0.000090 0.000000 0.000000 0.087561 0.087392 0.000000
23681.46 0.087863 0.000823 0.000000 0.000000 0.087126 0.088599 0.000000
23686.46 0.087776 0.001252 0.000000 0.000000 0.086657 0.088895 0.000000
23691.46 0.087289 0.001240 0.000000 0.000000 0.086180 0.088398 0.000000
23696.46 0.086751 0.001152 0.000000 0.000000 0.085721 0.087781 0.000000
23701.47 0.088377 0.003435 0.000000 0.000000 0.085305 0.091450 0.000000
23706.47 0.086050 0.001221 0.000000 0.000000 0.084958 0.087143 0.000000
23711.47 0.084454 0.000275 0.000000 0.000000 0.084700 0.084208 0.000000
23716.47 0.084953 0.000455 0.000000 0.000000 0.084547 0.085360 0.000000
23721.47 0.087099 0.002896 0.000000 0.000000 0.084508 0.089689 0.000000
23726.47 0.088124 0.003959 0.000000 0.000000 0.084583 0.091665 0.000000
23731.47 0.084159 0.000680 0.000000 0.000000 0.084767 0.083551 0.000000
23736.48 0.084252 0.000882 0.000000 0.000000 0.085042 0.083463 0.000000
23741.48 0.085869 0.000538 0.000000 0.000000 0.085388 0.086350 0.000000
23746.48 0.082811 0.003318 0.000000 0.000000 0.085779 0.079843 0.000000
23751.48 0.082699 0.003897 0.000000 0.000000 0.086185 0.079214 0.000000
23756.48 0.083840 0.003059 0.000000 0.000000 0.086576 0.081104 0.000000
23761.48 0.084193 0.003051 0.000000 0.000000 0.086921 0.081464 0.000000
23766.48 0.085869 0.001481 0.000000 0.000000 0.087194 0.084544 0.000000
23771.49 0.086864 0.000566 0.000000 0.000000 0.087371 0.086358 0.000000
23776.49 0.087538 0.000125 0.000000 0.000000 0.087431 0.087646 0.000000
23781.49 0.087530 0.000190 0.000000 0.000000 0.087361 0.087699 0.000000
23786.49 0.085161 0.002221 0.000000 0.000000 0.087147 0.083174 0.000000
23791.49 0.084526 0.002529 0.000000 0.000000 0.086788 0.082263 0.000000
23796.49 0.085213 0.001200 0.000000 0.000000 0.086286 0.084139 0.000000
23801.49 0.084987 0.000737 0.000000 0.000000 0.085647 0.084328 0.000000
23806.49 0.086144 0.001406 0.000000 0.000000 0.084886 0.087402 0.000000
23811.50 0.086376 0.002634 0.000000 0.000000 0.084019 0.088732 0.000000
23816.50 0.083428 0.000402 0.000000 0.000000 0.083069 0.083787 0.000000
23821.50 0.083468 0.001574 0.000000 0.000000 0.082060 0.084875 0.000000
23826.50 0.084549 0.003943 0.000000 0.000000 0.081022 0.088076 0.000000
23831.50 0.081396 0.001579 0.000000 0.000000 0.079984 0.082809 0.000000
23836.50 0.074265 0.005270 0.000000 0.000000 0.078978 0.069551 0.000000
23841.50 0.069646 0.009382 0.000000 0.000000 0.078037 0.061255 0.000000
23846.51 0.070793 0.007152 0.000000 0.000000 0.077189 0.064396 0.000000
23851.51 0.073428 0.003393 0.000000 0.000000 0.076463 0.070394 0.000000
23856.51 0.075430 0.000503 0.000000 0.000000 0.075879 0.074980 0.000000
23861.51 0.075060 0.000438 0.000000 0.000000 0.075452 0.074668 0.000000
23866.51 0.074135 0.001180 0.000000 0.000000 0.075191 0.073080 0.000000
23871.51 0.074682 0.000456 0.000000 0.000000 0.075090 0.074274 0.000000
23876.51 0.075393 0.000281 0.000000 0.000000 0.075142 0.075643 0.000000
23881.52 0.076345 0.001131 0.000000 0.000000 0.075333 0.077357 0.000000
23886.52 0.077038 0.001557 0.000000 0.000000 0.075646 0.078431 0.000000
23891.52 0.078731 0.002985 0.000000 0.000000 0.076061 0.081401 0.000000
23896.52 0.077911 0.001517 0.000000 0.000000 0.076555 0.079268 0.000000
23901.52 0.077715 0.000679 0.000000 0.000000 0.077107 0.078324 0.000000
23906.52 0.079783 0.002337 0.000000 0.000000 0.077693 0.081874 0.000000
23911.52 0.079913 0.001813 0.000000 0.000000 0.078291 0.081534 0.000000
23916.52 0.079591 0.000784 0.000000 0.000000 0.078890 0.080292 0.000000
23921.53 0.080388 0.001016 0.000000 0.000000 0.079480 0.081297 0.000000
23926.53 0.081457 0.001582 0.000000 0.000000 0.080042 0.082872 0.000000
23931.53 0.079774 0.000869 0.000000 0.000000 0.080550 0.078997 0.000000
23936.53 0.079484 0.001684 0.000000 0.000000 0.080990 0.077978 0.000000
23941.53 0.082010 0.000713 0.000000 0.000000 0.081371 0.082648 0.000000
23946.53 0.083311 0.001800 0.000000 0.000000 0.081701 0.084922 0.000000
23951.53 0.081886 0.000090 0.000000 0.000000 0.081971 0.081801 0.000000
23956.54 0.080243 0.002156 0.000000 0.000000 0.082171 0.078314 0.000000
23961.54 0.081205 0.001227 0.000000 0.000000 0.082303 0.080107 0.000000
23966.54 0.082585 0.000240 0.000000 0.000000 0.082372 0.082798 0.000000
23971.54 0.082245 0.000158 0.000000 0.000000 0.082387 0.082103 0.000000
23976.54 0.082512 0.000177 0.000000 0.000000 0.082355 0.082669 0.000000
23981.54 0.083194 0.001020 0.000000 0.000000 0.082281 0.084108 0.000000
23986.54 0.080816 0.001519 0.000000 0.000000 0.082174 0.079457 0.000000
23991.55 0.082450 0.000460 0.000000 0.000000 0.082040 0.082860 0.000000
23996.55 0.082643 0.000847 0.000000 0.000000 0.081885 0.083401 0.000000
24001.55 0.083887 0.002427 0.000000 0.000000 0.081717 0.086058 0.000000
24006.55 0.082771 0.001375 0.000000 0.000000 0.081541 0.084001 0.000000
24011.55 0.079568 0.002008 0.000000 0.000000 0.081364 0.077772 0.000000
24016.55 0.081374 0.000208 0.000000 0.000000 0.081190 0.081558 0.000000
24021.55 0.083025 0.002235 0.000000 0.000000 0.081026 0.085024 0.000000
24026.55 0.083151 0.002544 0.000000 0.000000 0.080875 0.085427 0.000000
24031.56 0.082728 0.002221 0.000000 0.000000 0.080742 0.084714 0.000000
24036.56 0.081673 0.001167 0.000000 0.000000 0.080628 0.082717 0.000000
24041.56 0.080741 0.000229 0.000000 0.000000 0.080537 0.080945 0.000000
24046.56 0.076679 0.004238 0.000000 0.000000 0.080469 0.072889 0.000000
24051.56 0.076826 0.004023 0.000000 0.000000 0.080424 0.073229 0.000000
24056.56 0.079440 0.001073 0.000000 0.000000 0.080400 0.078480 0.000000
24061.56 0.078286 0.002355 0.000000 0.000000 0.080393 0.076179 0.000000
24066.57 0.079327 0.001197 0.000000 0.000000 0.080398 0.078257 0.000000
24071.57 0.081670 0.001412 0.000000 0.000000 0.080408 0.082933 0.000000
24076.57 0.079868 0.000610 0.000000 0.000000 0.080414 0.079321 0.000000
24081.57 0.080276 0.000147 0.000000 0.000000 0.080408 0.080145 0.000000
24086.57 0.081526 0.001283 0.000000 0.000000 0.080378 0.082673 0.000000
24091.57 0.080495 0.000200 0.000000 0.000000 0.080315 0.080675 0.000000
24096.57 0.080966 0.000848 0.000000 0.000000 0.080208 0.081724 0.000000
24101.58 0.082845 0.003127 0.000000 0.000000 0.080048 0.085642 0.000000
24106.58 0.079829 0.000000 0.000000 0.000000 0.079829 0.000000 0.000000
24111.58 0.079544 0.000000 0.000000 0.000000 0.079544 0.000000 0.000000
24116.58 0.079192 0.000000 0.000000 0.000000 0.079192 0.000000 0.000000
24121.58 0.078771 0.000000 0.000000 0.000000 0.078771 0.000000 0.000000
24126.58 0.078283 0.000000 0.000000 0.000000 0.078283 0.000000 0.000000
24131.58 0.077733 0.000000 0.000000 0.000000 0.077733 0.000000 0.000000
24136.58 0.077128 0.000000 0.000000 0.000000 0.077128 0.000000 0.000000
24141.59 0.076478 0.000000 0.000000 0.000000 0.076478 0.000000 0.000000
24146.59 0.075794 0.000000 0.000000 0.000000 0.075794 0.000000 0.000000
24151.59 0.075093 0.000000 0.000000 0.000000 0.075093 0.000000 0.000000
24156.59 0.074390 0.000000 0.000000 0.000000 0.074390 0.000000 0.000000
24161.59 0.073704 0.000000 0.000000 0.000000 0.073704 0.000000 0.000000
24166.59 0.073054 0.000000 0.000000 0.000000 0.073054 0.000000 0.000000
24171.59 0.072459 0.000000 0.000000 0.000000 0.072459 0.000000 0.000000
24176.60 0.071938 0.000000 0.000000 0.000000 0.071938 0.000000 0.000000
24181.60 0.071508 0.000000 0.000000 0.000000 0.071508 0.000000 0.000000
24186.60 0.071185 0.000000 0.000000 0.000000 0.071185 0.000000 0.000000
24191.60 0.070982 0.000000 0.000000 0.000000 0.070982 0.000000 0.000000
24196.60 0.070907 0.000000 0.000000 0.000000 0.070907 0.000000 0.000000
24201.60 0.070966 0.000000 0.000000 0.000000 0.070966 0.000000 0.000000
24206.60 0.071156 0.000000 0.000000 0.000000 0.071156 0.000000 0.000000
24211.61 0.071471 0.000000 0.000000 0.000000 0.071471 0.000000 0.000000
24216.61 0.071898 0.000000 0.000000 0.000000 0.071898 0.000000 0.000000
24221.61 0.072418 0.000000 0.000000 0.000000 0.072418 0.000000 0.000000
24226.61 0.073013 0.000000 0.000000 0.000000 0.073013 0.000000 0.000000
24231.61 0.073662 0.000000 0.000000 0.000000 0.073662 0.000000 0.000000
24236.61 0.074345 0.000000 0.000000 0.000000 0.074345 0.000000 0.000000
24241.61 0.075031 0.000000 0.000000 0.000000 0.075031 0.000000 0.000000
24246.61 0.075691 0.000000 0.000000 0.000000 0.075691 0.000000 0.000000
24251.62 0.076304 0.000000 0.000000 0.000000 0.076304 0.000000 0.000000
24256.62 0.076859 0.000000 0.000000 0.000000 0.076859 0.000000 0.000000
24261.62 0.077343 0.000000 0.000000 0.000000 0.077343 0.000000 0.000000
24266.62 0.077743 0.000000 0.000000 0.000000 0.077743 0.000000 0.000000
24271.62 0.078047 0.000000 0.000000 0.000000 0.078047 0.000000 0.000000
24276.62 0.078253 0.000000 0.000000 0.000000 0.078253 0.000000 0.000000
24281.62 0.078362 0.000000 0.000000 0.000000 0.078362 0.000000 0.000000
24286.63 0.078377 0.000000 0.000000 0.000000 0.078377 0.000000 0.000000
24291.63 0.078303 0.000000 0.000000 0.000000 0.078303 0.000000 0.000000
24296.63 0.078147 0.000000 0.000000 0.000000 0.078147 0.000000 0.000000
24301.63 0.077920 0.000000 0.000000 0.000000 0.077920 0.000000 0.000000
24306.63 0.077632 0.000000 0.000000 0.000000 0.077632 0.000000 0.000000
24311.63 0.077298 0.000000 0.000000 0.000000 0.077298 0.000000 0.000000
24316.63 0.076933 0.000000 0.000000 0.000000 0.076933 0.000000 0.000000
24321.64 0.076554 0.000000 0.000000 0.000000 0.076554 0.000000 0.000000
24326.64 0.076177 0.000000 0.000000 0.000000 0.076177 0.000000 0.000000
24331.64 0.075819 0.000000 0.000000 0.000000 0.075819 0.000000 0.000000
24336.64 0.075495 0.000000 0.000000 0.000000 0.075495 0.000000 0.000000
24341.64 0.075220 0.000000 0.000000 0.000000 0.075220 0.000000 0.000000
24346.64 0.075005 0.000000 0.000000 0.000000 0.075005 0.000000 0.000000
24351.64 0.074858 0.000000 0.000000 0.000000 0.074858 0.000000 0.000000
24356.64 0.074784 0.000000 0.000000 0.000000 0.074784 0.000000 0.000000
24361.65 0.074782 0.000000 0.000000 0.000000 0.074782 0.000000 0.000000
24366.65 0.074849 0.000000 0.000000 0.000000 0.074849 0.000000 0.000000
24371.65 0.074975 0.000000 0.000000 0.000000 0.074975 0.000000 0.000000
24376.65 0.075148 0.000000 0.000000 0.000000 0.075148 0.000000 0.000000
24381.65 0.075355 0.000000 0.000000 0.000000 0.075355 0.000000 0.000000
24386.65 0.075580 0.000000 0.000000 0.000000 0.075580 0.000000 0.000000
24391.65 0.075809 0.000000 0.000000 0.000000 0.075809 0.000000 0.000000
24396.66 0.076026 0.000000 0.000000 0.000000 0.076026 0.000000 0.000000
24401.66 0.076215 0.000000 0.000000 0.000000 0.076215 0.000000 0.000000
24406.66 0.076364 0.000000 0.000000 0.000000 0.076364 0.000000 0.000000
24411.66 0.076458 0.000000 0.000000 0.000000 0.076458 0.000000 0.000000
24416.66 0.076486 0.000000 0.000000 0.000000 0.076486 0.000000 0.000000
24421.66 0.076441 0.000000 0.000000 0.000000 0.076441 0.000000 0.000000
24426.66 0.076314 0.000000 0.000000 0.000000 0.076314 0.000000 0.000000
24431.67 0.076102 0.000000 0.000000 0.000000 0.076102 0.000000 0.000000
24436.67 0.075805 0.000000 0.000000 0.000000 0.075805 0.000000 0.000000
24441.67 0.075424 0.000000 0.000000 0.000000 0.075424 0.000000 0.000000
24446.67 0.074962 0.000000 0.000000 0.000000 0.074962 0.000000 0.000000
24451.67 0.074425 0.000000 0.000000 0.000000 0.074425 0.000000 0.000000
24456.67 0.073821 0.000000 0.000000 0.000000 0.073821 0.000000 0.000000
24461.67 0.073163 0.000000 0.000000 0.000000 0.073163 0.000000 0.000000
24466.67 0.072467 0.000000 0.000000 0.000000 0.072467 0.000000 0.000000
24471.68 0.071753 0.000000 0.000000 0.000000 0.071753 0.000000 0.000000
24476.68 0.071041 0.000000 0.000000 0.000000 0.071041 0.000000 0.000000
24481.68 0.070354 0.000000 0.000000 0.000000 0.070354 0.000000 0.000000
24486.68 0.069714 0.000000 0.000000 0.000000 0.069714 0.000000 0.000000
24491.68 0.069141 0.000000 0.000000 0.000000 0.069141 0.000000 0.000000
24496.68 0.068654 0.000000 0.000000 0.000000 0.068654 0.000000 0.000000
24501.68 0.068267 0.000000 0.000000 0.000000 0.068267 0.000000 0.000000
24506.69 0.067993 0.000000 0.000000 0.000000 0.067993 0.000000 0.000000
24511.69 0.073074 0.005853 0.000000 0.000000 0.067839 0.000000 0.078310
24516.69 0.073031 0.005845 0.000000 0.000000 0.067804 0.000000 0.078259
24521.69 0.073047 0.005771 0.000000 0.000000 0.067885 0.000000 0.078209
24526.69 0.073116 0.005638 0.000000 0.000000 0.068073 0.000000 0.078159
24531.69 0.073232 0.005453 0.000000 0.000000 0.068354 0.000000 0.078110
24536.69 0.073386 0.005225 0.000000 0.000000 0.068713 0.000000 0.078060
24541.70 0.073569 0.004966 0.000000 0.000000 0.069128 0.000000 0.078011
24546.70 0.073772 0.004684 0.000000 0.000000 0.069582 0.000000 0.077961
24551.70 0.073989 0.004386 0.000000 0.000000 0.070066 0.000000 0.077912
24556.70 0.074214 0.004079 0.000000 0.000000 0.070565 0.000000 0.077863
24561.70 0.074438 0.003775 0.000000 0.000000 0.071062 0.000000 0.077814
24566.70 0.074648 0.003485 0.000000 0.000000 0.071531 0.000000 0.077766
24571.70 0.074838 0.003219 0.000000 0.000000 0.071958 0.000000 0.077717
24576.70 0.075005 0.002978 0.000000 0.000000 0.072341 0.000000 0.077669
24581.71 0.075148 0.002764 0.000000 0.000000 0.072676 0.000000 0.077621
24586.71 0.075264 0.002581 0.000000 0.000000 0.072955 0.000000 0.077573
24591.71 0.075349 0.002433 0.000000 0.000000 0.073173 0.000000 0.077525
24596.71 0.075403 0.002320 0.000000 0.000000 0.073328 0.000000 0.077477
24601.71 0.075426 0.002240 0.000000 0.000000 0.073423 0.000000 0.077430
24606.71 0.075422 0.002192 0.000000 0.000000 0.073462 0.000000 0.077383
24611.71 0.075393 0.002172 0.000000 0.000000 0.073450 0.000000 0.077336
24616.72 0.075340 0.002179 0.000000 0.000000 0.073391 0.000000 0.077289
24621.72 0.075267 0.002208 0.000000 0.000000 0.073292 0.000000 0.077243
24626.72 0.075177 0.002257 0.000000 0.000000 0.073159 0.000000 0.077196
24631.72 0.075074 0.002321 0.000000 0.000000 0.072998 0.000000 0.077150
24636.72 0.074960 0.002396 0.000000 0.000000 0.072817 0.000000 0.077104
24641.72 0.074840 0.002479 0.000000 0.000000 0.072623 0.000000 0.077058
24646.72 0.074717 0.002567 0.000000 0.000000 0.072421 0.000000 0.077012
24651.73 0.074591 0.002656 0.000000 0.000000 0.072216 0.000000 0.076967
24656.73 0.074467 0.002745 0.000000 0.000000 0.072012 0.000000 0.076921
24661.73 0.074345 0.002830 0.000000 0.000000 0.071814 0.000000 0.076876
24666.73 0.074228 0.002910 0.000000 0.000000 0.071626 0.000000 0.076831
24671.73 0.074119 0.002982 0.000000 0.000000 0.071452 0.000000 0.076786
24676.73 0.074020 0.003042 0.000000 0.000000 0.071298 0.000000 0.076741
24681.73 0.073931 0.003092 0.000000 0.000000 0.071166 0.000000 0.076696
24686.73 0.073854 0.003127 0.000000 0.000000 0.071057 0.000000 0.076651
24691.74 0.073789 0.003150 0.000000 0.000000 0.070971 0.000000 0.076607
24696.74 0.073735 0.003161 0.000000 0.000000 0.070908 0.000000 0.076562
24701.74 0.073693 0.003159 0.000000 0.000000 0.070867 0.000000 0.076518
24706.74 0.073660 0.003146 0.000000 0.000000 0.070846 0.000000 0.076474
24711.74 0.073636 0.003123 0.000000 0.000000 0.070843 0.000000 0.076429
24716.74 0.073620 0.003091 0.000000 0.000000 0.070855 0.000000 0.076385
24721.74 0.073610 0.003053 0.000000 0.000000 0.070880 0.000000 0.076341
24726.75 0.073604 0.003010 0.000000 0.000000 0.070912 0.000000 0.076297
24731.75 0.073600 0.002966 0.000000 0.000000 0.070947 0.000000 0.076253
24736.75 0.073594 0.002923 0.000000 0.000000 0.070979 0.000000 0.076209
24741.75 0.073583 0.002886 0.000000 0.000000 0.071002 0.000000 0.076165
24746.75 0.073564 0.002858 0.000000 0.000000 0.071008 0.000000 0.076121
24751.75 0.073533 0.002843 0.000000 0.000000 0.070990 0.000000 0.076077
24756.75 0.073487 0.002846 0.000000 0.000000 0.070942 0.000000 0.076033
24761.76 0.073423 0.002868 0.000000 0.000000 0.070857 0.000000 0.075989
24766.76 0.073338 0.002914 0.000000 0.000000 0.070732 0.000000 0.075945
24771.76 0.073232 0.002984 0.000000 0.000000 0.070563 0.000000 0.075901
24776.76 0.073103 0.003079 0.000000 0.000000 0.070349 0.000000 0.075857
24781.76 0.072951 0.003200 0.000000 0.000000 0.070089 0.000000 0.075813
24786.76 0.072776 0.003345 0.000000 0.000000 0.069784 0.000000 0.075769
24791.76 0.072581 0.003514 0.000000 0.000000 0.069438 0.000000 0.075725
24796.76 0.072367 0.003705 0.000000 0.000000 0.069053 0.000000 0.075680
24801.77 0.072136 0.003914 0.000000 0.000000 0.068635 0.000000 0.075636
24806.77 0.071891 0.004138 0.000000 0.000000 0.068190 0.000000 0.075592
24811.77 0.071636 0.004374 0.000000 0.000000 0.067724 0.000000 0.075548
24816.77 0.071374 0.004617 0.000000 0.000000 0.067244 0.000000 0.075503
24821.77 0.071109 0.004863 0.000000 0.000000 0.066760 0.000000 0.075459
24826.77 0.070847 0.005107 0.000000 0.000000 0.066279 0.000000 0.075414
24831.77 0.070591 0.005342 0.000000 0.000000 0.065813 0.000000 0.075370
24836.78 0.070348 0.005564 0.000000 0.000000 0.065371 0.000000 0.075325
24841.78 0.070123 0.005767 0.000000 0.000000 0.064965 0.000000 0.075281
24846.78 0.069921 0.005943 0.000000 0.000000 0.064605 0.000000 0.075236
24851.78 0.069747 0.006087 0.000000 0.000000 0.064302 0.000000 0.075192
24856.78 0.069607 0.006194 0.000000 0.000000 0.064067 0.000000 0.075147
24861.78 0.069504 0.006259 0.000000 0.000000 0.063906 0.000000 0.075103
24866.78 0.069442 0.006279 0.000000 0.000000 0.063825 0.000000 0.075058
24871.79 0.069420 0.006254 0.000000 0.000000 0.063826 0.000000 0.075014
24876.79 0.069437 0.006186 0.000000 0.000000 0.063905 0.000000 0.074970
24881.79 0.069488 0.006079 0.000000 0.000000 0.064050 0.000000 0.074925
24886.79 0.069567 0.005942 0.000000 0.000000 0.064252 0.000000 0.074881
24891.79 0.069671 0.005776 0.000000 0.000000 0.064504 0.000000 0.074837
24896.79 0.069798 0.005585 0.000000 0.000000 0.064803 0.000000 0.074793
24901.79 0.069942 0.005375 0.000000 0.000000 0.065134 0.000000 0.074749
24906.79 0.070089 0.005161 0.000000 0.000000 0.065473 0.000000 0.074705
24911.80 0.070229 0.004956 0.000000 0.000000 0.065796 0.000000 0.074662
24916.80 0.070356 0.004765 0.000000 0.000000 0.066094 0.000000 0.074618
24921.80 0.070469 0.004591 0.000000 0.000000 0.066362 0.000000 0.074575
24926.80 0.070562 0.004438 0.000000 0.000000 0.066593 0.000000 0.074532
24931.80 0.070629 0.004316 0.000000 0.000000 0.066769 0.000000 0.074489
24936.80 0.070665 0.004227 0.000000 0.000000 0.066884 0.000000 0.074446
24941.80 0.070687 0.004155 0.000000 0.000000 0.066971 0.000000 0.074404
24946.81 0.070716 0.004075 0.000000 0.000000 0.067072 0.000000 0.074361
24951.81 0.070729 0.004014 0.000000 0.000000 0.067139 0.000000 0.074319
24956.81 0.070652 0.004053 0.000000 0.000000 0.067027 0.000000 0.074277
24961.81 0.070469 0.004211 0.000000 0.000000 0.066703 0.000000 0.074235
24966.81 0.070410 0.004230 0.000000 0.000000 0.066627 0.000000 0.074194
24971.81 0.070745 0.003810 0.000000 0.000000 0.067337 0.000000 0.074152
24976.81 0.071087 0.003381 0.000000 0.000000 0.068062 0.000000 0.074111
24981.81 0.070379 0.004127 0.000000 0.000000 0.066688 0.000000 0.074071
24986.82 0.067708 0.007068 0.000000 0.000000 0.061386 0.000000 0.074030
24991.82 0.062871 0.012432 0.000000 0.000000 0.051751 0.000000 0.073990
24996.82 0.073950 0.000000 0.000000 0.000000 0.000000 0.000000 0.073950
25001.82 0.073911 0.000000 0.000000 0.000000 0.000000 0.000000 0.073911
25006.82 0.073871 0.000000 0.000000 0.000000 0.000000 0.000000 0.073871
