# lk ukf_o5v uks_o5v fh fse fl
# lRMS=0.0004083506647 iRMS=0.0004083506938 0
# 
3000.87 7.216478 1.020066 7.216478 0.000000 0.000000
3005.88 7.201781 0.875095 7.201781 0.000000 0.000000
3010.88 7.376844 1.006738 7.376844 0.000000 0.000000
3015.88 7.414644 1.028219 7.414644 0.000000 0.000000
3020.88 7.274108 0.990214 7.274108 0.000000 0.000000
3025.88 7.047410 0.796423 7.047410 0.000000 0.000000
3030.88 7.111680 0.750333 7.111680 0.000000 0.000000
3035.88 7.205910 0.690327 7.205910 0.000000 0.000000
3040.88 7.335783 0.821312 7.335783 0.000000 0.000000
3045.89 7.237627 0.765641 7.237627 0.000000 0.000000
3050.89 7.180950 0.690108 7.180950 0.000000 0.000000
3055.89 7.271171 0.735286 7.271171 0.000000 0.000000
3060.89 7.012531 0.542726 7.012531 0.000000 0.000000
3065.89 6.912734 0.412530 6.912734 0.000000 0.000000
3070.89 7.079757 0.398164 7.079757 0.000000 0.000000
3075.89 7.049777 0.278084 7.049777 0.000000 0.000000
3080.89 7.367270 0.405594 7.367270 0.000000 0.000000
3085.90 7.669431 0.646472 7.669431 0.000000 0.000000
3090.90 7.642879 0.696330 7.642879 0.000000 0.000000
3095.90 7.518178 0.475324 7.518178 0.000000 0.000000
3100.90 7.707456 0.338800 7.707456 0.000000 0.000000
3105.90 7.807666 0.418296 7.807666 0.000000 0.000000
3110.90 7.708428 0.163947 7.708428 0.000000 0.000000
3115.90 7.709791 0.666416 7.709791 0.000000 0.000000
3120.90 7.734833 0.513608 7.734833 0.000000 0.000000
3125.91 7.950598 0.399707 7.950598 0.000000 0.000000
3130.91 7.960353 0.580373 7.960353 0.000000 0.000000
3135.91 7.871122 0.711457 7.871122 0.000000 0.000000
3140.91 7.914507 0.942511 7.914507 0.000000 0.000000
3145.91 8.231490 0.826147 8.231490 0.000000 0.000000
3150.91 8.361894 0.923019 8.361894 0.000000 0.000000
3155.91 8.316783 0.937988 8.316783 0.000000 0.000000
3160.91 8.103815 0.033117 8.103815 0.000000 0.000000
3165.92 8.254359 0.144155 8.254359 0.000000 0.000000
3170.92 8.392982 0.243241 8.392982 0.000000 0.000000
3175.92 8.489452 0.217535 8.489452 0.000000 0.000000
3180.92 8.378233 0.216678 8.378233 0.000000 0.000000
3185.92 8.139612 0.148200 8.139612 0.000000 0.000000
3190.92 8.220535 0.405197 8.220535 0.000000 0.000000
3195.92 7.948538 0.546360 7.948538 0.000000 0.000000
3200.92 7.355319 0.000000 7.355319 0.000000 0.000000
3205.93 7.697585 0.000000 7.697585 0.000000 0.000000
3210.93 7.992072 0.000000 7.992072 0.000000 0.000000
3215.93 7.793368 0.000000 7.793368 0.000000 0.000000
3220.93 7.500418 0.000000 7.500418 0.000000 0.000000
3225.93 7.558261 0.000000 7.558261 0.000000 0.000000
3230.93 7.751969 0.000000 7.751969 0.000000 0.000000
3235.93 7.780250 0.000000 7.780250 0.000000 0.000000
3240.94 7.656339 0.000000 7.656339 0.000000 0.000000
3245.94 7.484559 0.000000 7.484559 0.000000 0.000000
3250.94 7.419063 0.000000 7.419063 0.000000 0.000000
3255.94 7.546488 0.000000 7.546488 0.000000 0.000000
3260.94 7.633584 0.000000 7.633584 0.000000 0.000000
3265.94 7.468321 0.000000 7.468321 0.000000 0.000000
3270.94 7.243440 0.000000 7.243440 0.000000 0.000000
3275.94 7.172769 0.000000 7.172769 0.000000 0.000000
3280.95 7.149729 0.000000 7.149729 0.000000 0.000000
3285.95 7.038074 0.000000 7.038074 0.000000 0.000000
3290.95 6.903294 0.000000 6.903294 0.000000 0.000000
3295.95 6.826443 0.000000 6.826443 0.000000 0.000000
3300.95 6.749083 0.000000 6.749083 0.000000 0.000000
3305.95 6.615716 0.000000 6.615716 0.000000 0.000000
3310.95 6.522100 0.000000 6.522100 0.000000 0.000000
3315.95 6.559974 0.000000 6.559974 0.000000 0.000000
3320.96 6.653771 0.000000 6.653771 0.000000 0.000000
3325.96 6.698923 0.000000 6.698923 0.000000 0.000000
3330.96 6.642181 0.000000 6.642181 0.000000 0.000000
3335.96 6.482273 0.000000 6.482273 0.000000 0.000000
3340.96 6.374506 0.000000 6.374506 0.000000 0.000000
3345.96 6.440778 0.000000 6.440778 0.000000 0.000000
3350.96 6.512753 0.000000 6.512753 0.000000 0.000000
3355.96 6.422764 0.000000 6.422764 0.000000 0.000000
3360.97 6.296062 0.000000 6.296062 0.000000 0.000000
3365.97 6.273357 0.000000 6.273357 0.000000 0.000000
3370.97 6.264282 0.000000 6.264282 0.000000 0.000000
3375.97 6.166691 0.000000 6.166691 0.000000 0.000000
3380.97 6.062383 0.000000 6.062383 0.000000 0.000000
3385.97 6.042455 0.000000 6.042455 0.000000 0.000000
3390.97 6.051256 0.000000 6.051256 0.000000 0.000000
3395.97 6.017390 0.000000 6.017390 0.000000 0.000000
3400.98 5.953247 0.000000 5.953247 0.000000 0.000000
3405.98 5.891100 0.000000 5.891100 0.000000 0.000000
3410.98 5.858983 0.000000 5.858983 0.000000 0.000000
3415.98 5.872938 0.000000 5.872938 0.000000 0.000000
3420.98 5.905296 0.000000 5.905296 0.000000 0.000000
3425.98 5.922138 0.000000 5.922138 0.000000 0.000000
3430.98 5.908273 0.000000 5.908273 0.000000 0.000000
3435.98 5.863833 0.000000 5.863833 0.000000 0.000000
3440.99 5.831523 0.000000 5.831523 0.000000 0.000000
3445.99 5.845898 0.000000 5.845898 0.000000 0.000000
3450.99 5.866347 0.000000 5.866347 0.000000 0.000000
3455.99 5.846630 0.000000 5.846630 0.000000 0.000000
3460.99 5.793149 0.000000 5.793149 0.000000 0.000000
3465.99 5.720603 0.000000 5.720603 0.000000 0.000000
3470.99 5.624221 0.000000 5.624221 0.000000 0.000000
3475.99 5.507444 0.000000 5.507444 0.000000 0.000000
3481.00 5.426026 0.000000 5.426026 0.000000 0.000000
3486.00 5.429195 0.000000 5.429195 0.000000 0.000000
3491.00 5.487771 0.000000 5.487771 0.000000 0.000000
3496.00 5.550201 0.000000 5.550201 0.000000 0.000000
3501.00 5.553849 0.000000 5.553849 0.000000 0.000000
3506.00 5.465034 0.000000 5.465034 0.000000 0.000000
3511.00 5.506341 0.102702 5.506341 0.000000 0.000000
3516.01 5.528964 0.121904 5.528964 0.000000 0.000000
3521.01 5.525383 0.111943 5.525383 0.000000 0.000000
3526.01 5.492723 0.116668 5.492723 0.000000 0.000000
3531.01 5.432461 0.124975 5.432461 0.000000 0.000000
3536.01 5.408492 0.140901 5.408492 0.000000 0.000000
3541.01 5.383089 0.136063 5.383089 0.000000 0.000000
3546.01 5.350412 0.112411 5.350412 0.000000 0.000000
3551.01 5.315348 0.100662 5.315348 0.000000 0.000000
3556.02 5.268064 0.103338 5.268064 0.000000 0.000000
3561.02 5.215472 0.104474 5.215472 0.000000 0.000000
3566.02 5.181294 0.102190 5.181294 0.000000 0.000000
3571.02 5.151640 0.103315 5.151640 0.000000 0.000000
3576.02 5.064332 0.087931 5.064332 0.000000 0.000000
3581.02 5.000496 0.084121 5.000496 0.000000 0.000000
3586.02 4.956786 0.089517 4.956786 0.000000 0.000000
3591.02 4.938492 0.083652 4.938492 0.000000 0.000000
3596.03 4.931778 0.061376 4.931778 0.000000 0.000000
3601.03 4.914600 0.045544 4.914600 0.000000 0.000000
3606.03 4.898636 0.034939 4.898636 0.000000 0.000000
3611.03 4.937316 0.018139 4.937316 0.000000 0.000000
3616.03 4.910562 0.011027 4.910562 0.000000 0.000000
3621.03 4.873390 0.028471 4.873390 0.000000 0.000000
3626.03 4.879949 0.054438 4.879949 0.000000 0.000000
3631.03 4.896858 0.091727 4.896858 0.000000 0.000000
3636.04 4.908331 0.115631 4.908331 0.000000 0.000000
3641.04 4.906817 0.109281 4.906817 0.000000 0.000000
3646.04 4.897730 0.090167 4.897730 0.000000 0.000000
3651.04 4.896791 0.082446 4.896791 0.000000 0.000000
3656.04 4.954408 0.043151 4.954408 0.000000 0.000000
3661.04 4.963260 0.059221 4.963260 0.000000 0.000000
3666.04 4.921260 0.092722 4.921260 0.000000 0.000000
3671.05 4.859016 0.093885 4.859016 0.000000 0.000000
3676.05 4.789067 0.069552 4.789067 0.000000 0.000000
3681.05 4.730928 0.088458 4.730928 0.000000 0.000000
3686.05 4.730941 0.101229 4.730941 0.000000 0.000000
3691.05 4.705989 0.095559 4.705989 0.000000 0.000000
3696.05 4.676873 0.068080 4.676873 0.000000 0.000000
3701.05 4.639644 0.075502 4.639644 0.000000 0.000000
3706.05 4.590496 0.114990 4.590496 0.000000 0.000000
3711.06 4.602149 0.116104 4.602149 0.000000 0.000000
3716.06 4.638532 0.100211 4.638532 0.000000 0.000000
3721.06 4.603949 0.113214 4.603949 0.000000 0.000000
3726.06 4.533883 0.126596 4.533883 0.000000 0.000000
3731.06 4.507094 0.127459 4.507094 0.000000 0.000000
3736.06 4.544147 0.125802 4.544147 0.000000 0.000000
3741.06 4.599780 0.095496 4.599780 0.000000 0.000000
3746.06 4.536463 0.091610 4.536463 0.000000 0.000000
3751.07 4.390773 0.118854 4.390773 0.000000 0.000000
3756.07 4.322390 0.106217 4.322390 0.000000 0.000000
3761.07 4.326548 0.070336 4.326548 0.000000 0.000000
3766.07 4.309671 0.070472 4.309671 0.000000 0.000000
3771.07 4.257657 0.171323 4.257657 0.000000 0.000000
3776.07 4.445686 0.146931 4.445686 0.000000 0.000000
3781.07 4.638746 0.105677 4.638746 0.000000 0.000000
3786.08 4.617775 0.116616 4.617775 0.000000 0.000000
3791.08 4.486809 0.130097 4.486809 0.000000 0.000000
3796.08 4.310945 0.213776 4.310945 0.000000 0.000000
3801.08 4.340013 0.215906 4.340013 0.000000 0.000000
3806.08 4.535757 0.151863 4.535757 0.000000 0.000000
3811.08 4.635430 0.162569 4.635430 0.000000 0.000000
3816.08 4.648519 0.168461 4.648519 0.000000 0.000000
3821.08 4.598944 0.166073 4.598944 0.000000 0.000000
3826.09 4.505975 0.124363 4.505975 0.000000 0.000000
3831.09 4.280913 0.153595 4.280913 0.000000 0.000000
3836.09 4.118976 0.239347 4.118976 0.000000 0.000000
3841.09 4.288995 0.157102 4.288995 0.000000 0.000000
3846.09 4.447870 0.123449 4.447870 0.000000 0.000000
3851.09 4.471776 0.161192 4.471776 0.000000 0.000000
3856.09 4.429366 0.197455 4.429366 0.000000 0.000000
3861.09 4.410645 0.188049 4.410645 0.000000 0.000000
3866.10 4.371662 0.184406 4.371662 0.000000 0.000000
3871.10 4.344462 0.162452 4.344462 0.000000 0.000000
3876.10 4.299703 0.131764 4.299703 0.000000 0.000000
3881.10 4.121013 0.124947 4.121013 0.000000 0.000000
3886.10 3.834561 0.211486 3.834561 0.000000 0.000000
3891.10 3.808447 0.240232 3.808447 0.000000 0.000000
3896.10 4.071723 0.163191 4.071723 0.000000 0.000000
3901.10 4.249123 0.147635 4.249123 0.000000 0.000000
3906.11 4.270894 0.153820 4.270894 0.000000 0.000000
3911.11 4.220328 0.143250 4.220328 0.000000 0.000000
3916.11 4.143891 0.138253 4.143891 0.000000 0.000000
3921.11 4.077285 0.153106 4.077285 0.000000 0.000000
3926.11 4.038380 0.156029 4.038380 0.000000 0.000000
3931.11 3.976930 0.177657 3.976930 0.000000 0.000000
3936.11 3.979873 0.186914 3.979873 0.000000 0.000000
3941.12 4.065801 0.159168 4.065801 0.000000 0.000000
3946.12 4.082828 0.169694 4.082828 0.000000 0.000000
3951.12 4.060128 0.167595 4.060128 0.000000 0.000000
3956.12 3.982962 0.141871 3.982962 0.000000 0.000000
3961.12 3.787206 0.106290 3.787206 0.000000 0.000000
3966.12 3.475824 0.153082 3.475824 0.000000 0.000000
3971.12 3.350482 0.223033 3.350482 0.000000 0.000000
3976.12 3.614794 0.126568 3.614794 0.000000 0.000000
3981.13 3.806394 0.115239 3.806394 0.000000 0.000000
3986.13 3.834706 0.129081 3.834706 0.000000 0.000000
3991.13 3.793397 0.125911 3.793397 0.000000 0.000000
3996.13 3.764283 0.117487 3.764283 0.000000 0.000000
4001.13 3.740660 0.128089 3.740660 0.000000 0.000000
4006.13 3.715607 0.132467 3.715607 0.000000 0.000000
4011.13 3.685520 0.123459 3.685520 0.000000 0.000000
4016.13 3.641503 0.106290 3.641503 0.000000 0.000000
4021.14 3.555322 0.120898 3.555322 0.000000 0.000000
4026.14 3.470134 0.159302 3.470134 0.000000 0.000000
4031.14 3.488447 0.126285 3.488447 0.000000 0.000000
4036.14 3.526244 0.111815 3.526244 0.000000 0.000000
4041.14 3.567580 0.119484 3.567580 0.000000 0.000000
4046.14 3.588054 0.134756 3.588054 0.000000 0.000000
4051.14 3.595747 0.129657 3.595747 0.000000 0.000000
4056.15 3.563520 0.144596 3.563520 0.000000 0.000000
4061.15 3.546625 0.140986 3.546625 0.000000 0.000000
4066.15 3.523078 0.134046 3.523078 0.000000 0.000000
4071.15 3.473087 0.145283 3.473087 0.000000 0.000000
4076.15 3.459444 0.142621 3.459444 0.000000 0.000000
4081.15 3.439579 0.143865 3.439579 0.000000 0.000000
4086.15 3.382276 0.136915 3.382276 0.000000 0.000000
4091.15 3.294374 0.097803 3.294374 0.000000 0.000000
4096.16 3.091724 0.116923 3.091724 0.000000 0.000000
4101.16 2.896920 0.206890 2.896920 0.000000 0.000000
4106.16 3.031221 0.161672 3.031221 0.000000 0.000000
4111.16 3.244087 0.121434 3.244087 0.000000 0.000000
4116.16 3.309517 0.141967 3.309517 0.000000 0.000000
4121.16 3.318604 0.135901 3.318604 0.000000 0.000000
4126.16 3.311059 0.135734 3.311059 0.000000 0.000000
4131.17 3.304340 0.131147 3.304340 0.000000 0.000000
4136.17 3.282842 0.130568 3.282842 0.000000 0.000000
4141.17 3.258918 0.129330 3.258918 0.000000 0.000000
4146.17 3.244801 0.121777 3.244801 0.000000 0.000000
4151.17 3.231102 0.124200 3.231102 0.000000 0.000000
4156.17 3.229472 0.124913 3.229472 0.000000 0.000000
4161.17 3.213803 0.130052 3.213803 0.000000 0.000000
4166.17 3.192666 0.128173 3.192666 0.000000 0.000000
4171.18 3.175755 0.130116 3.175755 0.000000 0.000000
4176.18 3.165456 0.136884 3.165456 0.000000 0.000000
4181.18 3.154830 0.136958 3.154830 0.000000 0.000000
4186.18 3.125080 0.131908 3.125080 0.000000 0.000000
4191.18 3.061807 0.134756 3.061807 0.000000 0.000000
4196.18 2.976036 0.149046 2.976036 0.000000 0.000000
4201.18 2.925914 0.158571 2.925914 0.000000 0.000000
4206.18 2.978519 0.117796 2.978519 0.000000 0.000000
4211.19 3.013246 0.107511 3.013246 0.000000 0.000000
4216.19 3.008003 0.108168 3.008003 0.000000 0.000000
4221.19 3.002639 0.099973 3.002639 0.000000 0.000000
4226.19 2.995408 0.101921 2.995408 0.000000 0.000000
4231.19 2.984229 0.093235 2.984229 0.000000 0.000000
4236.19 2.954819 0.089617 2.954819 0.000000 0.000000
4241.19 2.932537 0.088862 2.932537 0.000000 0.000000
4246.20 2.930752 0.084854 2.930752 0.000000 0.000000
4251.20 2.928275 0.077988 2.928275 0.000000 0.000000
4256.20 2.903358 0.073087 2.903358 0.000000 0.000000
4261.20 2.871778 0.077003 2.871778 0.000000 0.000000
4266.20 2.847426 0.084910 2.847426 0.000000 0.000000
4271.20 2.840531 0.079396 2.840531 0.000000 0.000000
4276.20 2.832905 0.077758 2.832905 0.000000 0.000000
4281.20 2.820014 0.075754 2.820014 0.000000 0.000000
4286.21 2.807442 0.066651 2.807442 0.000000 0.000000
4291.21 2.791812 0.069058 2.791812 0.000000 0.000000
4296.21 2.789046 0.068612 2.789046 0.000000 0.000000
4301.21 2.784508 0.066713 2.784508 0.000000 0.000000
4306.21 2.775176 0.067407 2.775176 0.000000 0.000000
4311.21 2.778084 0.066315 2.778084 0.000000 0.000000
4316.21 2.768073 0.078498 2.768073 0.000000 0.000000
4321.21 2.745305 0.078346 2.745305 0.000000 0.000000
4326.22 2.714263 0.048084 2.714263 0.000000 0.000000
4331.22 2.609965 0.026744 2.609965 0.000000 0.000000
4336.22 2.417091 0.062664 2.417091 0.000000 0.000000
4341.22 2.304199 0.121826 2.304199 0.000000 0.000000
4346.22 2.442607 0.071421 2.442607 0.000000 0.000000
4351.22 2.589814 0.051761 2.589814 0.000000 0.000000
4356.22 2.653373 0.053063 2.653373 0.000000 0.000000
4361.23 2.662863 0.053047 2.662863 0.000000 0.000000
4366.23 2.652761 0.051985 2.652761 0.000000 0.000000
4371.23 2.638364 0.054777 2.638364 0.000000 0.000000
4376.23 2.623167 0.056174 2.623167 0.000000 0.000000
4381.23 2.597995 0.060486 2.597995 0.000000 0.000000
4386.23 2.577212 0.067446 2.577212 0.000000 0.000000
4391.23 2.584989 0.055194 2.584989 0.000000 0.000000
4396.23 2.582220 0.044444 2.582220 0.000000 0.000000
4401.24 2.561121 0.040998 2.561121 0.000000 0.000000
4406.24 2.538024 0.044013 2.538024 0.000000 0.000000
4411.24 2.510464 0.044938 2.510464 0.000000 0.000000
4416.24 2.463937 0.048895 2.463937 0.000000 0.000000
4421.24 2.417243 0.046592 2.417243 0.000000 0.000000
4426.24 2.375760 0.045248 2.375760 0.000000 0.000000
4431.24 2.340586 0.057422 2.340586 0.000000 0.000000
4436.25 2.350785 0.050301 2.350785 0.000000 0.000000
4441.25 2.384998 0.032130 2.384998 0.000000 0.000000
4446.25 2.410148 0.027197 2.410148 0.000000 0.000000
4451.25 2.432351 0.029981 2.432351 0.000000 0.000000
4456.25 2.438818 0.033359 2.438818 0.000000 0.000000
4461.25 2.413490 0.036711 2.413490 0.000000 0.000000
4466.25 2.376311 0.032991 2.376311 0.000000 0.000000
4471.25 2.324116 0.051478 2.324116 0.000000 0.000000
4476.26 2.333668 0.028866 2.333668 0.000000 0.000000
4481.26 2.348763 0.018139 2.348763 0.000000 0.000000
4486.26 2.346370 0.019316 2.346370 0.000000 0.000000
4491.26 2.340014 0.016755 2.340014 0.000000 0.000000
4496.26 2.334521 0.013659 2.334521 0.000000 0.000000
4501.26 2.328965 0.016158 2.328965 0.000000 0.000000
4506.26 2.309363 0.025791 2.309363 0.000000 0.000000
4511.27 2.297810 0.021617 2.297810 0.000000 0.000000
4516.27 2.285011 0.022548 2.285011 0.000000 0.000000
4521.27 2.280267 0.022189 2.280267 0.000000 0.000000
4526.27 2.261416 0.010529 2.261416 0.000000 0.000000
4531.27 2.233078 0.004367 2.233078 0.000000 0.000000
4536.27 2.172098 0.008279 2.172098 0.000000 0.000000
4541.27 2.108621 0.025124 2.108621 0.000000 0.000000
4546.27 2.151205 0.020088 2.151205 0.000000 0.000000
4551.28 2.194848 0.012207 2.194848 0.000000 0.000000
4556.28 2.207146 0.005063 2.207146 0.000000 0.000000
4561.28 2.209116 0.003538 2.209116 0.000000 0.000000
4566.28 2.196997 0.005349 2.196997 0.000000 0.000000
4571.28 2.181215 0.006641 2.181215 0.000000 0.000000
4576.28 2.169757 0.011215 2.169757 0.000000 0.000000
4581.28 2.171879 0.020630 2.171879 0.000000 0.000000
4586.28 2.158612 0.016612 2.158612 0.000000 0.000000
4591.29 2.134382 0.006905 2.134382 0.000000 0.000000
4596.29 2.123401 0.010836 2.123401 0.000000 0.000000
4601.29 2.116204 0.010973 2.116204 0.000000 0.000000
4606.29 2.108387 0.010529 2.108387 0.000000 0.000000
4611.29 2.113212 0.019301 2.113212 0.000000 0.000000
4616.29 2.113685 0.020412 2.113685 0.000000 0.000000
4621.29 2.102574 0.025547 2.102574 0.000000 0.000000
4626.30 2.084434 0.018927 2.084434 0.000000 0.000000
4631.30 2.083315 0.010836 2.083315 0.000000 0.000000
4636.30 2.082672 0.016504 2.082672 0.000000 0.000000
4641.30 2.088073 0.021409 2.088073 0.000000 0.000000
4646.30 2.073948 0.034127 2.073948 0.000000 0.000000
4651.30 2.051712 0.037506 2.051712 0.000000 0.000000
4656.30 2.037895 0.046064 2.037895 0.000000 0.000000
4661.30 2.044002 0.055054 2.044002 0.000000 0.000000
4666.31 2.040011 0.063814 2.040011 0.000000 0.000000
4671.31 2.018997 0.063256 2.018997 0.000000 0.000000
4676.31 1.993647 0.061140 1.993647 0.000000 0.000000
4681.31 1.916061 0.053819 1.916061 0.000000 0.000000
4686.31 1.859749 0.044384 1.859749 0.000000 0.000000
4691.31 1.915028 0.045961 1.915028 0.000000 0.000000
4696.31 1.963758 0.061398 1.963758 0.000000 0.000000
4701.32 1.958291 0.061349 1.958291 0.000000 0.000000
4706.32 1.949402 0.065746 1.949402 0.000000 0.000000
4711.32 1.917382 0.057430 1.917382 0.000000 0.000000
4716.32 1.899787 0.046406 1.899787 0.000000 0.000000
4721.32 1.889676 0.045606 1.889676 0.000000 0.000000
4726.32 1.871239 0.053237 1.871239 0.000000 0.000000
4731.32 1.874872 0.065580 1.874872 0.000000 0.000000
4736.32 1.869085 0.053441 1.869085 0.000000 0.000000
4741.33 1.864865 0.061463 1.864865 0.000000 0.000000
4746.33 1.862967 0.073605 1.862967 0.000000 0.000000
4751.33 1.848031 0.070708 1.848031 0.000000 0.000000
4756.33 1.824786 0.068239 1.824786 0.000000 0.000000
4761.33 1.803741 0.058711 1.803741 0.000000 0.000000
4766.33 1.800319 0.063512 1.800319 0.000000 0.000000
4771.33 1.808924 0.067788 1.808924 0.000000 0.000000
4776.34 1.798452 0.066827 1.798452 0.000000 0.000000
4781.34 1.784757 0.062818 1.784757 0.000000 0.000000
4786.34 1.784232 0.066180 1.784232 0.000000 0.000000
4791.34 1.780136 0.057965 1.780136 0.000000 0.000000
4796.34 1.766839 0.056517 1.766839 0.000000 0.000000
4801.34 1.754507 0.056012 1.754507 0.000000 0.000000
4806.34 1.750172 0.046592 1.750172 0.000000 0.000000
4811.34 1.745331 0.053700 1.745331 0.000000 0.000000
4816.35 1.737823 0.058234 1.737823 0.000000 0.000000
4821.35 1.733929 0.055598 1.733929 0.000000 0.000000
4826.35 1.728627 0.057733 1.728627 0.000000 0.000000
4831.35 1.727700 0.067621 1.727700 0.000000 0.000000
4836.35 1.723498 0.072131 1.723498 0.000000 0.000000
4841.35 1.719507 0.077057 1.719507 0.000000 0.000000
4846.35 1.694735 0.076051 1.694735 0.000000 0.000000
4851.36 1.634978 0.078026 1.634978 0.000000 0.000000
4856.36 1.501500 0.070714 1.501500 0.000000 0.000000
4861.36 1.382087 0.045314 1.382087 0.000000 0.000000
4866.36 1.457954 0.035015 1.457954 0.000000 0.000000
4871.36 1.571613 0.043272 1.571613 0.000000 0.000000
4876.36 1.605421 0.052433 1.605421 0.000000 0.000000
4881.36 1.610805 0.061531 1.610805 0.000000 0.000000
4886.36 1.616123 0.064582 1.616123 0.000000 0.000000
4891.37 1.619858 0.065129 1.619858 0.000000 0.000000
4896.37 1.618274 0.061558 1.618274 0.000000 0.000000
4901.37 1.615890 0.066776 1.615890 0.000000 0.000000
4906.37 1.621166 0.074772 1.621166 0.000000 0.000000
4911.37 1.619439 0.076741 1.619439 0.000000 0.000000
4916.37 1.611475 0.078026 1.611475 0.000000 0.000000
4921.37 1.587395 0.068826 1.587395 0.000000 0.000000
4926.37 1.594559 0.074317 1.594559 0.000000 0.000000
4931.38 1.608176 0.082783 1.608176 0.000000 0.000000
4936.38 1.600916 0.075247 1.600916 0.000000 0.000000
4941.38 1.587463 0.068043 1.587463 0.000000 0.000000
4946.38 1.582775 0.070317 1.582775 0.000000 0.000000
4951.38 1.580435 0.073965 1.580435 0.000000 0.000000
4956.38 1.575225 0.074591 1.575225 0.000000 0.000000
4961.38 1.573141 0.082314 1.573141 0.000000 0.000000
4966.39 1.561011 0.079177 1.561011 0.000000 0.000000
4971.39 1.544183 0.065873 1.544183 0.000000 0.000000
4976.39 1.535783 0.063182 1.535783 0.000000 0.000000
4981.39 1.522823 0.056303 1.522823 0.000000 0.000000
4986.39 1.530253 0.067797 1.530253 0.000000 0.000000
4991.39 1.529029 0.070544 1.529029 0.000000 0.000000
4996.39 1.524927 0.073419 1.524927 0.000000 0.000000
5001.39 1.521316 0.071794 1.521316 0.000000 0.000000
5006.40 1.507041 0.064600 1.507041 0.000000 0.000000
5011.40 1.488407 0.055337 1.488407 0.000000 0.000000
5016.40 1.470268 0.049986 1.470268 0.000000 0.000000
5021.40 1.470656 0.057378 1.470656 0.000000 0.000000
5026.40 1.468634 0.054703 1.468634 0.000000 0.000000
5031.40 1.460164 0.050079 1.460164 0.000000 0.000000
5036.40 1.458620 0.051412 1.458620 0.000000 0.000000
5041.41 1.455726 0.057272 1.455726 0.000000 0.000000
5046.41 1.449439 0.056662 1.449439 0.000000 0.000000
5051.41 1.443154 0.055769 1.443154 0.000000 0.000000
5056.41 1.440408 0.051672 1.440408 0.000000 0.000000
5061.41 1.435246 0.053452 1.435246 0.000000 0.000000
5066.41 1.432580 0.054956 1.432580 0.000000 0.000000
5071.41 1.432368 0.055587 1.432368 0.000000 0.000000
5076.41 1.431692 0.062894 1.431692 0.000000 0.000000
5081.42 1.428548 0.062956 1.428548 0.000000 0.000000
5086.42 1.422792 0.058226 1.422792 0.000000 0.000000
5091.42 1.417030 0.059130 1.417030 0.000000 0.000000
5096.42 1.406642 0.055532 1.406642 0.000000 0.000000
5101.42 1.405829 0.059046 1.405829 0.000000 0.000000
5106.42 1.394181 0.055029 1.394181 0.000000 0.000000
5111.42 1.383517 0.049819 1.383517 0.000000 0.000000
5116.43 1.379383 0.044712 1.379383 0.000000 0.000000
5121.43 1.373877 0.044652 1.373877 0.000000 0.000000
5126.43 1.371288 0.045105 1.371288 0.000000 0.000000
5131.43 1.370308 0.049022 1.370308 0.000000 0.000000
5136.43 1.365723 0.050169 1.365723 0.000000 0.000000
5141.43 1.361532 0.051951 1.361532 0.000000 0.000000
5146.43 1.356145 0.051925 1.356145 0.000000 0.000000
5151.43 1.349294 0.048878 1.349294 0.000000 0.000000
5156.44 1.344162 0.049774 1.344162 0.000000 0.000000
5161.44 1.340673 0.052207 1.340673 0.000000 0.000000
5166.44 1.333722 0.047235 1.333722 0.000000 0.000000
5171.44 1.328486 0.047821 1.328486 0.000000 0.000000
5176.44 1.328736 0.050239 1.328736 0.000000 0.000000
5181.44 1.323181 0.048910 1.323181 0.000000 0.000000
5186.44 1.315930 0.044835 1.315930 0.000000 0.000000
5191.45 1.307836 0.041687 1.307836 0.000000 0.000000
5196.45 1.308233 0.048988 1.308233 0.000000 0.000000
5201.45 1.298663 0.045493 1.298663 0.000000 0.000000
5206.45 1.287448 0.039954 1.287448 0.000000 0.000000
5211.45 1.290102 0.042242 1.290102 0.000000 0.000000
5216.45 1.288460 0.045258 1.288460 0.000000 0.000000
5221.45 1.280389 0.041245 1.280389 0.000000 0.000000
5226.45 1.273036 0.037722 1.273036 0.000000 0.000000
5231.46 1.265580 0.032598 1.265580 0.000000 0.000000
5236.46 1.260703 0.032764 1.260703 0.000000 0.000000
5241.46 1.255359 0.033535 1.255359 0.000000 0.000000
5246.46 1.255282 0.038005 1.255282 0.000000 0.000000
5251.46 1.245590 0.034568 1.245590 0.000000 0.000000
5256.46 1.249312 0.040620 1.249312 0.000000 0.000000
5261.46 1.248238 0.040688 1.248238 0.000000 0.000000
5266.47 1.235956 0.032410 1.235956 0.000000 0.000000
5271.47 1.227798 0.026388 1.227798 0.000000 0.000000
5276.47 1.227248 0.027290 1.227248 0.000000 0.000000
5281.47 1.221089 0.029034 1.221089 0.000000 0.000000
5286.47 1.219573 0.032757 1.219573 0.000000 0.000000
5291.47 1.212409 0.029113 1.212409 0.000000 0.000000
5296.47 1.203874 0.023353 1.203874 0.000000 0.000000
5301.47 1.197500 0.020956 1.197500 0.000000 0.000000
5306.48 1.197945 0.025284 1.197945 0.000000 0.000000
5311.48 1.194252 0.023977 1.194252 0.000000 0.000000
5316.48 1.194883 0.025673 1.194883 0.000000 0.000000
5321.48 1.192047 0.026908 1.192047 0.000000 0.000000
5326.48 1.184911 0.024116 1.184911 0.000000 0.000000
5331.48 1.175465 0.018376 1.175465 0.000000 0.000000
5336.48 1.171941 0.017439 1.171941 0.000000 0.000000
5341.49 1.165313 0.017159 1.165313 0.000000 0.000000
5346.49 1.164120 0.019747 1.164120 0.000000 0.000000
5351.49 1.164800 0.023360 1.164800 0.000000 0.000000
5356.49 1.163259 0.027860 1.163259 0.000000 0.000000
5361.49 1.151912 0.020415 1.151912 0.000000 0.000000
5366.49 1.146598 0.019645 1.146598 0.000000 0.000000
5371.49 1.143518 0.018032 1.143518 0.000000 0.000000
5376.49 1.140256 0.017068 1.140256 0.000000 0.000000
5381.50 1.138326 0.017456 1.138326 0.000000 0.000000
5386.50 1.132392 0.012907 1.132392 0.000000 0.000000
5391.50 1.134609 0.019932 1.134609 0.000000 0.000000
5396.50 1.128119 0.020481 1.128119 0.000000 0.000000
5401.50 1.108495 0.017567 1.108495 0.000000 0.000000
5406.50 1.066491 0.016513 1.066491 0.000000 0.000000
5411.50 1.021042 0.002990 1.021042 0.000000 0.000000
5416.51 1.044040 0.008588 1.044040 0.000000 0.000000
5421.51 1.086016 0.014241 1.086016 0.000000 0.000000
5426.51 1.095270 0.014194 1.095270 0.000000 0.000000
5431.51 1.095123 0.014709 1.095123 0.000000 0.000000
5436.51 1.089796 0.013621 1.089796 0.000000 0.000000
5441.51 1.086566 0.015551 1.086566 0.000000 0.000000
5446.51 1.077528 0.011998 1.077528 0.000000 0.000000
5451.51 1.072877 0.010795 1.072877 0.000000 0.000000
5456.52 1.067716 0.006390 1.067716 0.000000 0.000000
5461.52 1.068057 0.008769 1.068057 0.000000 0.000000
5466.52 1.063363 0.005222 1.063363 0.000000 0.000000
5471.52 1.066066 0.009028 1.066066 0.000000 0.000000
5476.52 1.063575 0.010815 1.063575 0.000000 0.000000
5481.52 1.052402 0.006366 1.052402 0.000000 0.000000
5486.52 1.040744 0.002674 1.040744 0.000000 0.000000
5491.53 1.037943 0.001495 1.037943 0.000000 0.000000
5496.53 1.048260 0.010228 1.048260 0.000000 0.000000
5501.53 1.047725 0.014314 1.047725 0.000000 0.000000
5506.53 1.036965 0.009376 1.036965 0.000000 0.000000
5511.53 1.031918 0.005594 1.031918 0.000000 0.000000
5516.53 1.032413 0.007180 1.032413 0.000000 0.000000
5521.53 1.027665 0.001495 1.027665 0.000000 0.000000
5526.53 1.019546 0.000546 1.019546 0.000000 0.000000
5531.54 1.015922 0.001158 1.015922 0.000000 0.000000
5536.54 1.008126 0.002730 1.008126 0.000000 0.000000
5541.54 1.006934 0.001021 1.006934 0.000000 0.000000
5546.54 1.006305 0.000386 1.006305 0.000000 0.000000
5551.54 1.005341 0.002472 1.005341 0.000000 0.000000
5556.54 1.002277 0.002914 1.002277 0.000000 0.000000
5561.54 1.001319 0.002411 1.001319 0.000000 0.000000
5566.55 0.998932 0.000819 0.998932 0.000000 0.000000
5571.55 0.993667 0.004672 0.993667 0.000000 0.000000
5576.55 0.993699 0.006372 0.993699 0.000000 0.000000
5581.55 0.988919 0.004012 0.988919 0.000000 0.000000
5586.55 0.977233 0.001930 0.977233 0.000000 0.000000
5591.55 0.966262 0.000273 0.966262 0.000000 0.000000
5596.55 0.964858 0.001683 0.964858 0.000000 0.000000
5601.55 0.970053 0.003015 0.970053 0.000000 0.000000
5606.56 0.967947 0.003601 0.967947 0.000000 0.000000
5611.56 0.963008 0.006719 0.963008 0.000000 0.000000
5616.56 0.957674 0.010529 0.957674 0.000000 0.000000
5621.56 0.956647 0.008448 0.956647 0.000000 0.000000
5626.56 0.953920 0.008999 0.953920 0.000000 0.000000
5631.56 0.950771 0.007440 0.950771 0.000000 0.000000
5636.56 0.948347 0.007840 0.948347 0.000000 0.000000
5641.57 0.945012 0.007638 0.945012 0.000000 0.000000
5646.57 0.941731 0.005300 0.941731 0.000000 0.000000
5651.57 0.939804 0.004845 0.939804 0.000000 0.000000
5656.57 0.935990 0.004237 0.935990 0.000000 0.000000
5661.57 0.931658 0.002823 0.931658 0.000000 0.000000
5666.57 0.927520 0.002823 0.927520 0.000000 0.000000
5671.57 0.921833 0.005070 0.921833 0.000000 0.000000
5676.57 0.916046 0.009662 0.916046 0.000000 0.000000
5681.58 0.915521 0.006884 0.915521 0.000000 0.000000
5686.58 0.917493 0.005342 0.917493 0.000000 0.000000
5691.58 0.917845 0.008700 0.917845 0.000000 0.000000
5696.58 0.921021 0.006284 0.921021 0.000000 0.000000
5701.58 0.910517 0.001726 0.910517 0.000000 0.000000
5706.58 0.892511 0.006916 0.892511 0.000000 0.000000
5711.58 0.897787 0.002770 0.897787 0.000000 0.000000
5716.59 0.898082 0.001092 0.898082 0.000000 0.000000
5721.59 0.889743 0.007594 0.889743 0.000000 0.000000
5726.59 0.884772 0.008549 0.884772 0.000000 0.000000
5731.59 0.882481 0.006454 0.882481 0.000000 0.000000
5736.59 0.877837 0.007897 0.877837 0.000000 0.000000
5741.59 0.873134 0.006964 0.873134 0.000000 0.000000
5746.59 0.870006 0.007599 0.870006 0.000000 0.000000
5751.59 0.868411 0.007869 0.868411 0.000000 0.000000
5756.60 0.865849 0.009747 0.865849 0.000000 0.000000
5761.60 0.865101 0.006224 0.865101 0.000000 0.000000
5766.60 0.858722 0.006073 0.858722 0.000000 0.000000
5771.60 0.849837 0.007237 0.849837 0.000000 0.000000
5776.60 0.835218 0.001851 0.835218 0.000000 0.000000
5781.60 0.814963 0.012350 0.814963 0.000000 0.000000
5786.60 0.826499 0.012742 0.826499 0.000000 0.000000
5791.61 0.835066 0.009212 0.835066 0.000000 0.000000
5796.61 0.816090 0.009416 0.816090 0.000000 0.000000
5801.61 0.803287 0.010691 0.803287 0.000000 0.000000
5806.61 0.809841 0.012338 0.809841 0.000000 0.000000
5811.61 0.809366 0.015385 0.809366 0.000000 0.000000
5816.61 0.816633 0.017580 0.816633 0.000000 0.000000
5821.61 0.829489 0.013843 0.829489 0.000000 0.000000
5826.62 0.832000 0.008221 0.832000 0.000000 0.000000
5831.62 0.829654 0.008382 0.829654 0.000000 0.000000
5836.62 0.825649 0.008764 0.825649 0.000000 0.000000
5841.62 0.823412 0.006152 0.823412 0.000000 0.000000
5846.62 0.817082 0.005974 0.817082 0.000000 0.000000
5851.62 0.812878 0.007574 0.812878 0.000000 0.000000
5856.62 0.809519 0.011168 0.809519 0.000000 0.000000
5861.62 0.810100 0.009720 0.810100 0.000000 0.000000
5866.63 0.808375 0.002348 0.808375 0.000000 0.000000
5871.63 0.783770 0.001660 0.783770 0.000000 0.000000
5876.63 0.756876 0.007028 0.756876 0.000000 0.000000
5881.63 0.776266 0.005018 0.776266 0.000000 0.000000
5886.63 0.753364 0.006200 0.753364 0.000000 0.000000
5891.63 0.695083 0.003548 0.695083 0.000000 0.000000
5896.63 0.705948 0.002971 0.705948 0.000000 0.000000
5901.64 0.755212 0.007744 0.755212 0.000000 0.000000
5906.64 0.785667 0.005328 0.785667 0.000000 0.000000
5911.64 0.783037 0.001638 0.783037 0.000000 0.000000
5916.64 0.781893 0.006465 0.781893 0.000000 0.000000
5921.64 0.773510 0.002604 0.773510 0.000000 0.000000
5926.64 0.770671 0.005026 0.770671 0.000000 0.000000
5931.64 0.771364 0.005601 0.771364 0.000000 0.000000
5936.64 0.768383 0.005092 0.768383 0.000000 0.000000
5941.65 0.763973 0.003927 0.763973 0.000000 0.000000
5946.65 0.757592 0.007123 0.757592 0.000000 0.000000
5951.65 0.753331 0.010798 0.753331 0.000000 0.000000
5956.65 0.754244 0.011772 0.754244 0.000000 0.000000
5961.65 0.750452 0.007711 0.750452 0.000000 0.000000
5966.65 0.750108 0.004039 0.750108 0.000000 0.000000
5971.65 0.743496 0.007375 0.743496 0.000000 0.000000
5976.66 0.744142 0.005513 0.744142 0.000000 0.000000
5981.66 0.742761 0.003762 0.742761 0.000000 0.000000
5986.66 0.738033 0.008042 0.738033 0.000000 0.000000
5991.66 0.739908 0.003870 0.739908 0.000000 0.000000
5996.66 0.741654 0.004664 0.741654 0.000000 0.000000
6001.66 0.735786 0.003453 0.735786 0.000000 0.000000
6006.66 0.730656 0.004510 0.730656 0.000000 0.000000
6011.66 0.726057 0.006708 0.726057 0.000000 0.000000
6016.67 0.725243 0.008139 0.725243 0.000000 0.000000
6021.67 0.725720 0.007227 0.725720 0.000000 0.000000
6026.67 0.726374 0.008597 0.726374 0.000000 0.000000
6031.67 0.726515 0.011513 0.726515 0.000000 0.000000
6036.67 0.715903 0.015392 0.715903 0.000000 0.000000
6041.67 0.711509 0.012479 0.711509 0.000000 0.000000
6046.67 0.715883 0.012724 0.715883 0.000000 0.000000
6051.68 0.711402 0.008658 0.711402 0.000000 0.000000
6056.68 0.711858 0.008166 0.711858 0.000000 0.000000
6061.68 0.708347 0.007972 0.708347 0.000000 0.000000
6066.68 0.703055 0.010501 0.703055 0.000000 0.000000
6071.68 0.700589 0.011223 0.700589 0.000000 0.000000
6076.68 0.698870 0.008943 0.698870 0.000000 0.000000
6081.68 0.698184 0.009127 0.698184 0.000000 0.000000
6086.68 0.697365 0.010367 0.697365 0.000000 0.000000
6091.69 0.697777 0.006664 0.697777 0.000000 0.000000
6096.69 0.695689 0.006511 0.695689 0.000000 0.000000
6101.69 0.692154 0.009536 0.692154 0.000000 0.000000
6106.69 0.688173 0.010795 0.688173 0.000000 0.000000
6111.69 0.686146 0.008764 0.686146 0.000000 0.000000
6116.69 0.686333 0.011273 0.686333 0.000000 0.000000
6121.69 0.677671 0.007458 0.677671 0.000000 0.000000
6126.70 0.681732 0.007147 0.681732 0.000000 0.000000
6131.70 0.680589 0.005877 0.680589 0.000000 0.000000
6136.70 0.677642 0.006119 0.677642 0.000000 0.000000
6141.70 0.677710 0.004708 0.677710 0.000000 0.000000
6146.70 0.673670 0.005765 0.673670 0.000000 0.000000
6151.70 0.673081 0.005201 0.673081 0.000000 0.000000
6156.70 0.669480 0.003797 0.669480 0.000000 0.000000
6161.70 0.665481 0.001580 0.665481 0.000000 0.000000
6166.71 0.655783 0.006829 0.655783 0.000000 0.000000
6171.71 0.649435 0.008601 0.649435 0.000000 0.000000
6176.71 0.650337 0.004620 0.650337 0.000000 0.000000
6181.71 0.651746 0.009806 0.651746 0.000000 0.000000
6186.71 0.653777 0.009094 0.653777 0.000000 0.000000
6191.71 0.653094 0.005781 0.653094 0.000000 0.000000
6196.71 0.652608 0.006033 0.652608 0.000000 0.000000
6201.72 0.647681 0.005965 0.647681 0.000000 0.000000
6206.72 0.643435 0.005597 0.643435 0.000000 0.000000
6211.72 0.647592 0.002524 0.647592 0.000000 0.000000
6216.72 0.646917 0.003951 0.646917 0.000000 0.000000
6221.72 0.646520 0.005121 0.646520 0.000000 0.000000
6226.72 0.641329 0.005150 0.641329 0.000000 0.000000
6231.72 0.635599 0.003337 0.635599 0.000000 0.000000
6236.72 0.634695 0.001660 0.634695 0.000000 0.000000
6241.73 0.635969 0.000546 0.635969 0.000000 0.000000
6246.73 0.639498 0.004620 0.639498 0.000000 0.000000
6251.73 0.640067 0.005591 0.640067 0.000000 0.000000
6256.73 0.636969 0.003647 0.636969 0.000000 0.000000
6261.73 0.636878 0.010358 0.636878 0.000000 0.000000
6266.73 0.627287 0.004592 0.627287 0.000000 0.000000
6271.73 0.621502 0.007510 0.621502 0.000000 0.000000
6276.74 0.606036 0.013662 0.606036 0.000000 0.000000
6281.74 0.580205 0.017385 0.580205 0.000000 0.000000
6286.74 0.587204 0.021758 0.587204 0.000000 0.000000
6291.74 0.606890 0.008881 0.606890 0.000000 0.000000
6296.74 0.611236 0.002494 0.611236 0.000000 0.000000
6301.74 0.609379 0.002006 0.609379 0.000000 0.000000
6306.74 0.601864 0.004974 0.601864 0.000000 0.000000
6311.75 0.593986 0.005513 0.593986 0.000000 0.000000
6316.75 0.594474 0.003748 0.594474 0.000000 0.000000
6321.75 0.601604 0.002494 0.601604 0.000000 0.000000
6326.75 0.607403 0.003533 0.607403 0.000000 0.000000
6331.75 0.605091 0.000984 0.605091 0.000000 0.000000
6336.75 0.605344 0.002259 0.605344 0.000000 0.000000
6341.75 0.603081 0.003965 0.603081 0.000000 0.000000
6346.75 0.600088 0.005040 0.600088 0.000000 0.000000
6351.76 0.597714 0.004224 0.597714 0.000000 0.000000
6356.76 0.594037 0.005690 0.594037 0.000000 0.000000
6361.76 0.592365 0.010046 0.592365 0.000000 0.000000
6366.76 0.589960 0.006848 0.589960 0.000000 0.000000
6371.76 0.588574 0.008512 0.588574 0.000000 0.000000
6376.76 0.584644 0.009145 0.584644 0.000000 0.000000
6381.76 0.581084 0.006497 0.581084 0.000000 0.000000
6386.77 0.582496 0.005096 0.582496 0.000000 0.000000
6391.77 0.582448 0.004175 0.582448 0.000000 0.000000
6396.77 0.579250 0.004940 0.579250 0.000000 0.000000
6401.77 0.571250 0.004833 0.571250 0.000000 0.000000
6406.77 0.568194 0.003738 0.568194 0.000000 0.000000
6411.77 0.567774 0.004081 0.567774 0.000000 0.000000
6416.77 0.570366 0.005307 0.570366 0.000000 0.000000
6421.77 0.573342 0.003183 0.573342 0.000000 0.000000
6426.78 0.574612 0.000984 0.574612 0.000000 0.000000
6431.78 0.573255 0.000722 0.573255 0.000000 0.000000
6436.78 0.570730 0.001392 0.570730 0.000000 0.000000
6441.78 0.567817 0.003321 0.567817 0.000000 0.000000
6446.78 0.564982 0.003637 0.564982 0.000000 0.000000
6451.78 0.562314 0.002251 0.562314 0.000000 0.000000
6456.78 0.559573 0.006372 0.559573 0.000000 0.000000
6461.79 0.558710 0.007002 0.558710 0.000000 0.000000
6466.79 0.558142 0.003713 0.558142 0.000000 0.000000
6471.79 0.556381 0.001158 0.556381 0.000000 0.000000
6476.79 0.555453 0.001821 0.555453 0.000000 0.000000
6481.79 0.556333 0.005338 0.556333 0.000000 0.000000
6486.79 0.552112 0.005254 0.552112 0.000000 0.000000
6491.79 0.549874 0.002201 0.549874 0.000000 0.000000
6496.79 0.550986 0.004067 0.550986 0.000000 0.000000
6501.80 0.552667 0.005902 0.552667 0.000000 0.000000
6506.80 0.552303 0.003349 0.552303 0.000000 0.000000
6511.80 0.550978 0.006061 0.550978 0.000000 0.000000
6516.80 0.544322 0.006514 0.544322 0.000000 0.000000
6521.80 0.537988 0.006619 0.537988 0.000000 0.000000
6526.80 0.529896 0.004700 0.529896 0.000000 0.000000
6531.80 0.528945 0.006551 0.528945 0.000000 0.000000
6536.81 0.535450 0.007720 0.535450 0.000000 0.000000
6541.81 0.538616 0.008362 0.538616 0.000000 0.000000
6546.81 0.534851 0.007253 0.534851 0.000000 0.000000
6551.81 0.522171 0.007235 0.522171 0.000000 0.000000
6556.81 0.489121 0.014100 0.489121 0.000000 0.000000
6561.81 0.446247 0.006836 0.446247 0.000000 0.000000
6566.81 0.449426 0.021218 0.449426 0.000000 0.000000
6571.81 0.498242 0.016627 0.498242 0.000000 0.000000
6576.82 0.524353 0.010105 0.524353 0.000000 0.000000
6581.82 0.531931 0.008492 0.531931 0.000000 0.000000
6586.82 0.529738 0.006835 0.529738 0.000000 0.000000
6591.82 0.529597 0.008754 0.529597 0.000000 0.000000
6596.82 0.528352 0.007883 0.528352 0.000000 0.000000
6601.82 0.527850 0.007902 0.527850 0.000000 0.000000
6606.82 0.527306 0.009131 0.527306 0.000000 0.000000
6611.83 0.522098 0.008364 0.522098 0.000000 0.000000
6616.83 0.519816 0.007956 0.519816 0.000000 0.000000
6621.83 0.517831 0.007245 0.517831 0.000000 0.000000
6626.83 0.520186 0.007076 0.520186 0.000000 0.000000
6631.83 0.515914 0.006892 0.515914 0.000000 0.000000
6636.83 0.515612 0.008490 0.515612 0.000000 0.000000
6641.83 0.514102 0.007440 0.514102 0.000000 0.000000
6646.84 0.511314 0.006212 0.511314 0.000000 0.000000
6651.84 0.508787 0.005261 0.508787 0.000000 0.000000
6656.84 0.504585 0.003052 0.504585 0.000000 0.000000
6661.84 0.501759 0.004224 0.501759 0.000000 0.000000
6666.84 0.498610 0.002876 0.498610 0.000000 0.000000
6671.84 0.495889 0.002653 0.495889 0.000000 0.000000
6676.84 0.486066 0.003667 0.486066 0.000000 0.000000
6681.84 0.476114 0.003376 0.476114 0.000000 0.000000
6686.85 0.478700 0.007791 0.478700 0.000000 0.000000
6691.85 0.487284 0.007000 0.487284 0.000000 0.000000
6696.85 0.492773 0.003879 0.492773 0.000000 0.000000
6701.85 0.491704 0.002571 0.491704 0.000000 0.000000
6706.85 0.490808 0.002918 0.490808 0.000000 0.000000
6711.85 0.491346 0.003562 0.491346 0.000000 0.000000
6716.85 0.489686 0.001790 0.489686 0.000000 0.000000
6721.86 0.488660 0.002629 0.488660 0.000000 0.000000
6726.86 0.489522 0.004487 0.489522 0.000000 0.000000
6731.86 0.487166 0.003870 0.487166 0.000000 0.000000
6736.86 0.485128 0.005254 0.485128 0.000000 0.000000
6741.86 0.481536 0.004686 0.481536 0.000000 0.000000
6746.86 0.480794 0.004648 0.480794 0.000000 0.000000
6751.86 0.479177 0.004702 0.479177 0.000000 0.000000
6756.86 0.477054 0.005785 0.477054 0.000000 0.000000
6761.87 0.477540 0.007447 0.477540 0.000000 0.000000
6766.87 0.475540 0.007483 0.475540 0.000000 0.000000
6771.87 0.473415 0.006117 0.473415 0.000000 0.000000
6776.87 0.471062 0.004936 0.471062 0.000000 0.000000
6781.87 0.469223 0.005784 0.469223 0.000000 0.000000
6786.87 0.467267 0.004670 0.467267 0.000000 0.000000
6791.87 0.464838 0.002990 0.464838 0.000000 0.000000
6796.88 0.465979 0.005192 0.465979 0.000000 0.000000
6801.88 0.467827 0.006068 0.467827 0.000000 0.000000
6806.88 0.465559 0.005569 0.465559 0.000000 0.000000
6811.88 0.461679 0.003501 0.461679 0.000000 0.000000
6816.88 0.461650 0.002856 0.461650 0.000000 0.000000
6821.88 0.461801 0.003710 0.461801 0.000000 0.000000
6826.88 0.460385 0.004222 0.460385 0.000000 0.000000
6831.88 0.460259 0.005862 0.460259 0.000000 0.000000
6836.89 0.458034 0.007880 0.458034 0.000000 0.000000
6841.89 0.452001 0.001174 0.452001 0.000000 0.000000
6846.89 0.450917 0.001205 0.450917 0.000000 0.000000
6851.89 0.449833 0.001228 0.449833 0.000000 0.000000
6856.89 0.448749 0.001251 0.448749 0.000000 0.000000
6861.89 0.447665 0.001288 0.447665 0.000000 0.000000
6866.89 0.446581 0.001323 0.446581 0.000000 0.000000
6871.90 0.445497 0.001351 0.445497 0.000000 0.000000
6876.90 0.444413 0.001378 0.444413 0.000000 0.000000
6881.90 0.443329 0.001412 0.443329 0.000000 0.000000
6886.90 0.442245 0.001431 0.442245 0.000000 0.000000
6891.90 0.441161 0.001464 0.441161 0.000000 0.000000
6896.90 0.440077 0.001495 0.440077 0.000000 0.000000
6901.90 0.438993 0.001526 0.438993 0.000000 0.000000
6906.91 0.437909 0.001556 0.437909 0.000000 0.000000
6911.91 0.436825 0.001574 0.436825 0.000000 0.000000
6916.91 0.435741 0.001603 0.435741 0.000000 0.000000
6921.91 0.434657 0.001638 0.434657 0.000000 0.000000
6926.91 0.433573 0.001672 0.433573 0.000000 0.000000
6931.91 0.432489 0.001699 0.432489 0.000000 0.000000
6936.91 0.431405 0.001726 0.431405 0.000000 0.000000
6941.91 0.430321 0.001753 0.430321 0.000000 0.000000
6946.92 0.429237 0.001785 0.429237 0.000000 0.000000
6951.92 0.428153 0.001816 0.428153 0.000000 0.000000
6956.92 0.427069 0.001846 0.427069 0.000000 0.000000
6961.92 0.425986 0.001876 0.425986 0.000000 0.000000
6966.92 0.424902 0.001901 0.424902 0.000000 0.000000
6971.92 0.423818 0.001930 0.423818 0.000000 0.000000
6976.92 0.430262 0.012012 0.430262 0.000000 0.000000
6981.93 0.427752 0.011883 0.427752 0.000000 0.000000
6986.93 0.424017 0.008851 0.424017 0.000000 0.000000
6991.93 0.417992 0.005337 0.417992 0.000000 0.000000
6996.93 0.417981 0.005869 0.417981 0.000000 0.000000
7001.93 0.417153 0.005776 0.417153 0.000000 0.000000
7006.93 0.416619 0.004357 0.416619 0.000000 0.000000
7011.93 0.416979 0.007051 0.416979 0.000000 0.000000
7016.93 0.413611 0.003720 0.413611 0.000000 0.000000
7021.94 0.414764 0.006786 0.414764 0.000000 0.000000
7026.94 0.413817 0.007171 0.413817 0.000000 0.000000
7031.94 0.413743 0.009835 0.413743 0.000000 0.000000
7036.94 0.413965 0.006284 0.413965 0.000000 0.000000
7041.94 0.411701 0.006161 0.411701 0.000000 0.000000
7046.94 0.407351 0.003398 0.407351 0.000000 0.000000
7051.94 0.405887 0.003485 0.405887 0.000000 0.000000
7056.95 0.407669 0.007974 0.407669 0.000000 0.000000
7061.95 0.400735 0.006651 0.400735 0.000000 0.000000
7066.95 0.394219 0.007873 0.394219 0.000000 0.000000
7071.95 0.398218 0.011717 0.398218 0.000000 0.000000
7076.95 0.403403 0.007454 0.403403 0.000000 0.000000
7081.95 0.402212 0.007420 0.402212 0.000000 0.000000
7086.95 0.402509 0.007928 0.402509 0.000000 0.000000
7091.95 0.403025 0.010785 0.403025 0.000000 0.000000
7096.96 0.402777 0.011852 0.402777 0.000000 0.000000
7101.96 0.398624 0.008030 0.398624 0.000000 0.000000
7106.96 0.398757 0.007273 0.398757 0.000000 0.000000
7111.96 0.397959 0.008014 0.397959 0.000000 0.000000
7116.96 0.396981 0.010884 0.396981 0.000000 0.000000
7121.96 0.399811 0.013190 0.399811 0.000000 0.000000
7126.96 0.399281 0.015351 0.399281 0.000000 0.000000
7131.97 0.399893 0.016846 0.399893 0.000000 0.000000
7136.97 0.400882 0.018898 0.400882 0.000000 0.000000
7141.97 0.399617 0.018300 0.399617 0.000000 0.000000
7146.97 0.397686 0.016312 0.397686 0.000000 0.000000
7151.97 0.396064 0.016291 0.396064 0.000000 0.000000
7156.97 0.394626 0.015338 0.394626 0.000000 0.000000
7161.97 0.390738 0.013198 0.390738 0.000000 0.000000
7166.98 0.386157 0.009402 0.386157 0.000000 0.000000
7171.98 0.372420 0.002643 0.372420 0.000000 0.000000
7176.98 0.363136 0.007093 0.363136 0.000000 0.000000
7181.98 0.361233 0.009928 0.361233 0.000000 0.000000
7186.98 0.359411 0.011041 0.359411 0.000000 0.000000
7191.98 0.365866 0.003988 0.365866 0.000000 0.000000
7196.98 0.370019 0.003390 0.370019 0.000000 0.000000
7201.98 0.369296 0.004103 0.369296 0.000000 0.000000
7206.99 0.372001 0.008776 0.372001 0.000000 0.000000
7211.99 0.381519 0.017305 0.381519 0.000000 0.000000
7216.99 0.383277 0.017602 0.383277 0.000000 0.000000
7221.99 0.382119 0.017054 0.382119 0.000000 0.000000
7226.99 0.380817 0.018173 0.380817 0.000000 0.000000
7231.99 0.376708 0.015594 0.376708 0.000000 0.000000
7236.99 0.369263 0.012137 0.369263 0.000000 0.000000
7242.00 0.365790 0.008912 0.365790 0.000000 0.000000
7247.00 0.364249 0.009037 0.364249 0.000000 0.000000
7252.00 0.365700 0.010377 0.365700 0.000000 0.000000
7257.00 0.363726 0.010134 0.363726 0.000000 0.000000
7262.00 0.364879 0.011392 0.364879 0.000000 0.000000
7267.00 0.360753 0.009247 0.360753 0.000000 0.000000
7272.00 0.359734 0.009359 0.359734 0.000000 0.000000
7277.00 0.354739 0.006558 0.354739 0.000000 0.000000
7282.01 0.358906 0.013460 0.358906 0.000000 0.000000
7287.01 0.359909 0.013307 0.359909 0.000000 0.000000
7292.01 0.353713 0.008063 0.353713 0.000000 0.000000
7297.01 0.357960 0.015677 0.357960 0.000000 0.000000
7302.01 0.357475 0.014205 0.357475 0.000000 0.000000
7307.01 0.352430 0.011941 0.352430 0.000000 0.000000
7312.01 0.353631 0.013463 0.353631 0.000000 0.000000
7317.02 0.351289 0.011743 0.351289 0.000000 0.000000
7322.02 0.350849 0.011074 0.350849 0.000000 0.000000
7327.02 0.351648 0.013195 0.351648 0.000000 0.000000
7332.02 0.349579 0.012263 0.349579 0.000000 0.000000
7337.02 0.350570 0.015290 0.350570 0.000000 0.000000
7342.02 0.349845 0.015839 0.349845 0.000000 0.000000
7347.02 0.348531 0.015347 0.348531 0.000000 0.000000
7352.02 0.346355 0.015019 0.346355 0.000000 0.000000
7357.03 0.347050 0.016961 0.347050 0.000000 0.000000
7362.03 0.344469 0.014572 0.344469 0.000000 0.000000
7367.03 0.341514 0.013221 0.341514 0.000000 0.000000
7372.03 0.342076 0.012146 0.342076 0.000000 0.000000
7377.03 0.342577 0.013928 0.342577 0.000000 0.000000
7382.03 0.341096 0.013132 0.341096 0.000000 0.000000
7387.03 0.336444 0.009303 0.336444 0.000000 0.000000
7392.04 0.336349 0.009142 0.336349 0.000000 0.000000
7397.04 0.337995 0.011923 0.337995 0.000000 0.000000
7402.04 0.334411 0.010261 0.334411 0.000000 0.000000
7407.04 0.331268 0.007131 0.331268 0.000000 0.000000
7412.04 0.328531 0.006459 0.328531 0.000000 0.000000
7417.04 0.330955 0.009220 0.330955 0.000000 0.000000
7422.04 0.332923 0.012498 0.332923 0.000000 0.000000
7427.05 0.323753 0.007612 0.323753 0.000000 0.000000
7432.05 0.323534 0.009288 0.323534 0.000000 0.000000
7437.05 0.322430 0.007374 0.322430 0.000000 0.000000
7442.05 0.323027 0.008733 0.323027 0.000000 0.000000
7447.05 0.322448 0.008491 0.322448 0.000000 0.000000
7452.05 0.321699 0.007093 0.321699 0.000000 0.000000
7457.05 0.322997 0.007769 0.322997 0.000000 0.000000
7462.05 0.319360 0.005670 0.319360 0.000000 0.000000
7467.06 0.320017 0.007407 0.320017 0.000000 0.000000
7472.06 0.316073 0.004498 0.316073 0.000000 0.000000
7477.06 0.317172 0.006649 0.317172 0.000000 0.000000
7482.06 0.316454 0.007563 0.316454 0.000000 0.000000
7487.06 0.314990 0.007273 0.314990 0.000000 0.000000
7492.06 0.313728 0.006303 0.313728 0.000000 0.000000
7497.06 0.313354 0.006374 0.313354 0.000000 0.000000
7502.07 0.313290 0.007032 0.313290 0.000000 0.000000
7507.07 0.311540 0.005753 0.311540 0.000000 0.000000
7512.07 0.311390 0.006385 0.311390 0.000000 0.000000
7517.07 0.311546 0.006905 0.311546 0.000000 0.000000
7522.07 0.309484 0.004610 0.309484 0.000000 0.000000
7527.07 0.309898 0.006613 0.309898 0.000000 0.000000
7532.07 0.307433 0.005695 0.307433 0.000000 0.000000
7537.07 0.306397 0.006014 0.306397 0.000000 0.000000
7542.08 0.305547 0.007152 0.305547 0.000000 0.000000
7547.08 0.305379 0.007549 0.305379 0.000000 0.000000
7552.08 0.305224 0.007542 0.305224 0.000000 0.000000
7557.08 0.304342 0.007604 0.304342 0.000000 0.000000
7562.08 0.303459 0.007665 0.303459 0.000000 0.000000
7567.08 0.302577 0.007728 0.302577 0.000000 0.000000
7572.08 0.301695 0.007790 0.301695 0.000000 0.000000
7577.09 0.300813 0.007851 0.300813 0.000000 0.000000
7582.09 0.299931 0.007913 0.299931 0.000000 0.000000
7587.09 0.299048 0.007975 0.299048 0.000000 0.000000
7592.09 0.298166 0.008038 0.298166 0.000000 0.000000
7597.09 0.297284 0.008100 0.297284 0.000000 0.000000
7602.09 0.296402 0.008162 0.296402 0.000000 0.000000
7607.09 0.295520 0.008223 0.295520 0.000000 0.000000
7612.10 0.294638 0.008286 0.294638 0.000000 0.000000
7617.10 0.293755 0.008346 0.293755 0.000000 0.000000
7622.10 0.292873 0.008409 0.292873 0.000000 0.000000
7627.10 0.291991 0.008471 0.291991 0.000000 0.000000
7632.10 0.291109 0.008533 0.291109 0.000000 0.000000
7637.10 0.290227 0.008594 0.290227 0.000000 0.000000
7642.10 0.289344 0.008658 0.289344 0.000000 0.000000
7647.10 0.288462 0.008719 0.288462 0.000000 0.000000
7652.11 0.287580 0.008782 0.287580 0.000000 0.000000
7657.11 0.286698 0.008842 0.286698 0.000000 0.000000
7662.11 0.285816 0.008905 0.285816 0.000000 0.000000
7667.11 0.284934 0.008966 0.284934 0.000000 0.000000
7672.11 0.284051 0.009029 0.284051 0.000000 0.000000
7677.11 0.283169 0.009091 0.283169 0.000000 0.000000
7682.11 0.282287 0.009153 0.282287 0.000000 0.000000
7687.12 0.281405 0.009215 0.281405 0.000000 0.000000
7692.12 0.280523 0.009277 0.280523 0.000000 0.000000
7697.12 0.279641 0.009338 0.279641 0.000000 0.000000
7702.12 0.278758 0.009400 0.278758 0.000000 0.000000
7707.12 0.277876 0.009462 0.277876 0.000000 0.000000
7712.12 0.276994 0.009525 0.276994 0.000000 0.000000
7717.12 0.276112 0.009586 0.276112 0.000000 0.000000
7722.12 0.275230 0.009649 0.275230 0.000000 0.000000
7727.13 0.274347 0.009710 0.274347 0.000000 0.000000
7732.13 0.273465 0.009772 0.273465 0.000000 0.000000
7737.13 0.272181 0.009125 0.272181 0.000000 0.000000
7742.13 0.272959 0.010650 0.272959 0.000000 0.000000
7747.13 0.271578 0.009426 0.271578 0.000000 0.000000
7752.13 0.271809 0.009649 0.271809 0.000000 0.000000
7757.13 0.270888 0.009562 0.270888 0.000000 0.000000
7762.14 0.270185 0.010243 0.270185 0.000000 0.000000
7767.14 0.268911 0.010668 0.268911 0.000000 0.000000
7772.14 0.269078 0.011320 0.269078 0.000000 0.000000
7777.14 0.268858 0.011360 0.268858 0.000000 0.000000
7782.14 0.266375 0.009025 0.266375 0.000000 0.000000
7787.14 0.267075 0.010213 0.267075 0.000000 0.000000
7792.14 0.266096 0.008595 0.266096 0.000000 0.000000
7797.15 0.265302 0.007886 0.265302 0.000000 0.000000
7802.15 0.265220 0.009153 0.265220 0.000000 0.000000
7807.15 0.264219 0.008892 0.264219 0.000000 0.000000
7812.15 0.264443 0.009477 0.264443 0.000000 0.000000
7817.15 0.263114 0.008468 0.263114 0.000000 0.000000
7822.15 0.263755 0.008159 0.263755 0.000000 0.000000
7827.15 0.262594 0.008650 0.262594 0.000000 0.000000
7832.15 0.260397 0.008400 0.260397 0.000000 0.000000
7837.16 0.260995 0.010440 0.260995 0.000000 0.000000
7842.16 0.259578 0.008427 0.259578 0.000000 0.000000
7847.16 0.259895 0.009569 0.259895 0.000000 0.000000
7852.16 0.259273 0.008122 0.259273 0.000000 0.000000
7857.16 0.259581 0.008049 0.259581 0.000000 0.000000
7862.16 0.255743 0.005439 0.255743 0.000000 0.000000
7867.16 0.255601 0.007750 0.255601 0.000000 0.000000
7872.17 0.256031 0.008767 0.256031 0.000000 0.000000
7877.17 0.255135 0.009434 0.255135 0.000000 0.000000
7882.17 0.255578 0.010312 0.255578 0.000000 0.000000
7887.17 0.253327 0.008451 0.253327 0.000000 0.000000
7892.17 0.253870 0.009906 0.253870 0.000000 0.000000
7897.17 0.251718 0.009337 0.251718 0.000000 0.000000
7902.17 0.251173 0.008905 0.251173 0.000000 0.000000
7907.17 0.251794 0.010435 0.251794 0.000000 0.000000
7912.18 0.250875 0.008549 0.250875 0.000000 0.000000
7917.18 0.251042 0.007602 0.251042 0.000000 0.000000
7922.18 0.249965 0.010155 0.249965 0.000000 0.000000
7927.18 0.247702 0.010345 0.247702 0.000000 0.000000
7932.18 0.246801 0.010398 0.246801 0.000000 0.000000
7937.18 0.247876 0.011875 0.247876 0.000000 0.000000
7942.18 0.248405 0.012847 0.248405 0.000000 0.000000
7947.19 0.246258 0.010066 0.246258 0.000000 0.000000
7952.19 0.245561 0.009144 0.245561 0.000000 0.000000
7957.19 0.244195 0.009024 0.244195 0.000000 0.000000
7962.19 0.243798 0.008365 0.243798 0.000000 0.000000
7967.19 0.243944 0.008397 0.243944 0.000000 0.000000
7972.19 0.242287 0.007915 0.242287 0.000000 0.000000
7977.19 0.242953 0.009913 0.242953 0.000000 0.000000
7982.19 0.241731 0.008726 0.241731 0.000000 0.000000
7987.20 0.241785 0.010324 0.241785 0.000000 0.000000
7992.20 0.241750 0.009653 0.241750 0.000000 0.000000
7997.20 0.240342 0.007388 0.240342 0.000000 0.000000
8002.20 0.241027 0.010766 0.241027 0.000000 0.000000
8007.20 0.241871 0.010033 0.241871 0.000000 0.000000
8012.20 0.241900 0.010180 0.241900 0.000000 0.000000
8017.20 0.240962 0.009618 0.240962 0.000000 0.000000
8022.21 0.240642 0.009469 0.240642 0.000000 0.000000
8027.21 0.240320 0.009776 0.240320 0.000000 0.000000
8032.21 0.240593 0.011040 0.240593 0.000000 0.000000
8037.21 0.240312 0.011674 0.240312 0.000000 0.000000
8042.21 0.239552 0.012045 0.239552 0.000000 0.000000
8047.21 0.239511 0.012160 0.239511 0.000000 0.000000
8052.21 0.239947 0.011901 0.239947 0.000000 0.000000
8057.22 0.240919 0.010053 0.240919 0.000000 0.000000
8062.22 0.239463 0.011187 0.239463 0.000000 0.000000
8067.22 0.237723 0.011449 0.237723 0.000000 0.000000
8072.22 0.237402 0.011899 0.237402 0.000000 0.000000
8077.22 0.236708 0.011472 0.236708 0.000000 0.000000
8082.22 0.234768 0.010375 0.234768 0.000000 0.000000
8087.22 0.233695 0.010065 0.233695 0.000000 0.000000
8092.22 0.232279 0.009586 0.232279 0.000000 0.000000
8097.23 0.231395 0.009534 0.231395 0.000000 0.000000
8102.23 0.230269 0.009152 0.230269 0.000000 0.000000
8107.23 0.230517 0.009940 0.230517 0.000000 0.000000
8112.23 0.229565 0.009168 0.229565 0.000000 0.000000
8117.23 0.231601 0.011425 0.231601 0.000000 0.000000
8122.23 0.231277 0.011347 0.231277 0.000000 0.000000
8127.23 0.230447 0.011139 0.230447 0.000000 0.000000
8132.24 0.229942 0.011258 0.229942 0.000000 0.000000
8137.24 0.228734 0.010934 0.228734 0.000000 0.000000
8142.24 0.228566 0.010983 0.228566 0.000000 0.000000
8147.24 0.226896 0.010106 0.226896 0.000000 0.000000
8152.24 0.224411 0.008752 0.224411 0.000000 0.000000
8157.24 0.222395 0.007664 0.222395 0.000000 0.000000
8162.24 0.220686 0.006824 0.220686 0.000000 0.000000
8167.24 0.219779 0.006455 0.219779 0.000000 0.000000
8172.25 0.220098 0.006809 0.220098 0.000000 0.000000
8177.25 0.221577 0.008508 0.221577 0.000000 0.000000
8182.25 0.219163 0.007026 0.219163 0.000000 0.000000
8187.25 0.222950 0.010998 0.222950 0.000000 0.000000
8192.25 0.222762 0.011313 0.222762 0.000000 0.000000
8197.25 0.218269 0.007539 0.218269 0.000000 0.000000
8202.25 0.221286 0.011283 0.221286 0.000000 0.000000
8207.26 0.220235 0.011529 0.220235 0.000000 0.000000
8212.26 0.219565 0.012848 0.219565 0.000000 0.000000
8217.26 0.217241 0.011923 0.217241 0.000000 0.000000
8222.26 0.213787 0.008965 0.213787 0.000000 0.000000
8227.26 0.209685 0.004326 0.209685 0.000000 0.000000
8232.26 0.205844 0.001749 0.205844 0.000000 0.000000
8237.26 0.207665 0.002504 0.207665 0.000000 0.000000
8242.27 0.206825 0.003494 0.206825 0.000000 0.000000
8247.27 0.210995 0.005970 0.210995 0.000000 0.000000
8252.27 0.215449 0.010224 0.215449 0.000000 0.000000
8257.27 0.215159 0.010142 0.215159 0.000000 0.000000
8262.27 0.215591 0.010949 0.215591 0.000000 0.000000
8267.27 0.215324 0.011102 0.215324 0.000000 0.000000
8272.27 0.215239 0.011761 0.215239 0.000000 0.000000
8277.27 0.212327 0.009739 0.212327 0.000000 0.000000
8282.28 0.210988 0.009125 0.210988 0.000000 0.000000
8287.28 0.210217 0.008784 0.210217 0.000000 0.000000
8292.28 0.210845 0.009705 0.210845 0.000000 0.000000
8297.28 0.211434 0.010712 0.211434 0.000000 0.000000
8302.28 0.213217 0.012434 0.213217 0.000000 0.000000
8307.28 0.210894 0.011496 0.210894 0.000000 0.000000
8312.28 0.210584 0.011437 0.210584 0.000000 0.000000
8317.29 0.209950 0.011230 0.209950 0.000000 0.000000
8322.29 0.207969 0.010464 0.207969 0.000000 0.000000
8327.29 0.207987 0.010863 0.207987 0.000000 0.000000
8332.29 0.208178 0.011441 0.208178 0.000000 0.000000
8337.29 0.207687 0.011617 0.207687 0.000000 0.000000
8342.29 0.207829 0.011711 0.207829 0.000000 0.000000
8347.29 0.205305 0.010117 0.205305 0.000000 0.000000
8352.29 0.203659 0.009216 0.203659 0.000000 0.000000
8357.30 0.202000 0.008919 0.202000 0.000000 0.000000
8362.30 0.199765 0.007579 0.199765 0.000000 0.000000
8367.30 0.200374 0.008808 0.200374 0.000000 0.000000
8372.30 0.201048 0.009293 0.201048 0.000000 0.000000
8377.30 0.201847 0.009917 0.201847 0.000000 0.000000
8382.30 0.201460 0.010237 0.201460 0.000000 0.000000
8387.30 0.202817 0.011753 0.202817 0.000000 0.000000
8392.31 0.202737 0.012462 0.202737 0.000000 0.000000
8397.31 0.202338 0.012953 0.202338 0.000000 0.000000
8402.31 0.203185 0.013616 0.203185 0.000000 0.000000
8407.31 0.202719 0.013782 0.202719 0.000000 0.000000
8412.31 0.201952 0.013540 0.201952 0.000000 0.000000
8417.31 0.201639 0.012894 0.201639 0.000000 0.000000
8422.31 0.200843 0.012778 0.200843 0.000000 0.000000
8427.32 0.200921 0.012606 0.200921 0.000000 0.000000
8432.32 0.199773 0.012043 0.199773 0.000000 0.000000
8437.32 0.199466 0.012461 0.199466 0.000000 0.000000
8442.32 0.197601 0.013448 0.197601 0.000000 0.000000
8447.32 0.198129 0.012834 0.198129 0.000000 0.000000
8452.32 0.197388 0.012193 0.197388 0.000000 0.000000
8457.32 0.197881 0.012470 0.197881 0.000000 0.000000
8462.32 0.197064 0.012222 0.197064 0.000000 0.000000
8467.33 0.196437 0.011075 0.196437 0.000000 0.000000
8472.33 0.195395 0.011013 0.195395 0.000000 0.000000
8477.33 0.196480 0.012264 0.196480 0.000000 0.000000
8482.33 0.192602 0.010424 0.192602 0.000000 0.000000
8487.33 0.192566 0.010983 0.192566 0.000000 0.000000
8492.33 0.193141 0.011107 0.193141 0.000000 0.000000
8497.33 0.193749 0.012454 0.193749 0.000000 0.000000
8502.34 0.192096 0.013295 0.192096 0.000000 0.000000
8507.34 0.193033 0.013407 0.193033 0.000000 0.000000
8512.34 0.193527 0.013499 0.193527 0.000000 0.000000
8517.34 0.192745 0.013599 0.192745 0.000000 0.000000
8522.34 0.192177 0.013168 0.192177 0.000000 0.000000
8527.34 0.190905 0.012104 0.190905 0.000000 0.000000
8532.34 0.189662 0.011624 0.189662 0.000000 0.000000
8537.34 0.188396 0.009684 0.188396 0.000000 0.000000
8542.35 0.189944 0.008656 0.189944 0.000000 0.000000
8547.35 0.186328 0.009741 0.186328 0.000000 0.000000
8552.35 0.186661 0.011474 0.186661 0.000000 0.000000
8557.35 0.186961 0.011832 0.186961 0.000000 0.000000
8562.35 0.188735 0.012839 0.188735 0.000000 0.000000
8567.35 0.188059 0.012276 0.188059 0.000000 0.000000
8572.35 0.186405 0.011841 0.186405 0.000000 0.000000
8577.36 0.185071 0.010923 0.185071 0.000000 0.000000
8582.36 0.183937 0.009906 0.183937 0.000000 0.000000
8587.36 0.182835 0.009357 0.182835 0.000000 0.000000
8592.36 0.181178 0.008996 0.181178 0.000000 0.000000
8597.36 0.179652 0.009110 0.179652 0.000000 0.000000
8602.36 0.180297 0.009991 0.180297 0.000000 0.000000
8607.36 0.179407 0.009444 0.179407 0.000000 0.000000
8612.37 0.180900 0.010037 0.180900 0.000000 0.000000
8617.37 0.181318 0.010394 0.181318 0.000000 0.000000
8622.37 0.180580 0.010818 0.180580 0.000000 0.000000
8627.37 0.180669 0.010737 0.180669 0.000000 0.000000
8632.37 0.181887 0.010596 0.181887 0.000000 0.000000
8637.37 0.181324 0.010102 0.181324 0.000000 0.000000
8642.37 0.179290 0.010537 0.179290 0.000000 0.000000
8647.37 0.179985 0.011771 0.179985 0.000000 0.000000
8652.38 0.180397 0.012290 0.180397 0.000000 0.000000
8657.38 0.180075 0.013129 0.180075 0.000000 0.000000
8662.38 0.178981 0.014256 0.178981 0.000000 0.000000
8667.38 0.178442 0.015467 0.178442 0.000000 0.000000
8672.38 0.179302 0.015671 0.179302 0.000000 0.000000
8677.38 0.179921 0.015123 0.179921 0.000000 0.000000
8682.38 0.180724 0.014475 0.180724 0.000000 0.000000
8687.39 0.180926 0.013682 0.180926 0.000000 0.000000
8692.39 0.180888 0.013908 0.180888 0.000000 0.000000
8697.39 0.181117 0.013535 0.181117 0.000000 0.000000
8702.39 0.181236 0.014020 0.181236 0.000000 0.000000
8707.39 0.179983 0.013028 0.179983 0.000000 0.000000
8712.39 0.179369 0.013277 0.179369 0.000000 0.000000
8717.39 0.179049 0.013570 0.179049 0.000000 0.000000
8722.40 0.178692 0.013636 0.178692 0.000000 0.000000
8727.40 0.178569 0.014207 0.178569 0.000000 0.000000
8732.40 0.177131 0.014049 0.177131 0.000000 0.000000
8737.40 0.176025 0.013943 0.176025 0.000000 0.000000
8742.40 0.177849 0.015869 0.177849 0.000000 0.000000
8747.40 0.172060 0.015602 0.172060 0.000000 0.000000
8752.40 0.172573 0.015933 0.172573 0.000000 0.000000
8757.40 0.173268 0.015256 0.173268 0.000000 0.000000
8762.41 0.174235 0.013457 0.174235 0.000000 0.000000
8767.41 0.176183 0.012672 0.176183 0.000000 0.000000
8772.41 0.173303 0.012959 0.173303 0.000000 0.000000
8777.41 0.175029 0.013379 0.175029 0.000000 0.000000
8782.41 0.174098 0.013663 0.174098 0.000000 0.000000
8787.41 0.175342 0.015358 0.175342 0.000000 0.000000
8792.41 0.175539 0.015476 0.175539 0.000000 0.000000
8797.42 0.175036 0.015587 0.175036 0.000000 0.000000
8802.42 0.175539 0.016356 0.175539 0.000000 0.000000
8807.42 0.174575 0.016301 0.174575 0.000000 0.000000
8812.42 0.175044 0.016056 0.175044 0.000000 0.000000
8817.42 0.171914 0.015350 0.171914 0.000000 0.000000
8822.42 0.173638 0.014501 0.173638 0.000000 0.000000
8827.42 0.174389 0.013257 0.174389 0.000000 0.000000
8832.42 0.173454 0.013391 0.173454 0.000000 0.000000
8837.43 0.172716 0.014618 0.172716 0.000000 0.000000
8842.43 0.170355 0.014986 0.170355 0.000000 0.000000
8847.43 0.169421 0.014909 0.169421 0.000000 0.000000
8852.43 0.167373 0.014677 0.167373 0.000000 0.000000
8857.43 0.164249 0.014499 0.164249 0.000000 0.000000
8862.43 0.161692 0.014460 0.161692 0.000000 0.000000
8867.43 0.160584 0.013243 0.160584 0.000000 0.000000
8872.44 0.161624 0.011795 0.161624 0.000000 0.000000
8877.44 0.163316 0.011911 0.163316 0.000000 0.000000
8882.44 0.164262 0.010283 0.164262 0.000000 0.000000
8887.44 0.164287 0.008704 0.164287 0.000000 0.000000
8892.44 0.165059 0.009861 0.165059 0.000000 0.000000
8897.44 0.166174 0.012229 0.166174 0.000000 0.000000
8902.44 0.164810 0.010731 0.164810 0.000000 0.000000
8907.45 0.165830 0.011644 0.165830 0.000000 0.000000
8912.45 0.164695 0.011146 0.164695 0.000000 0.000000
8917.45 0.164141 0.010463 0.164141 0.000000 0.000000
8922.45 0.164516 0.009160 0.164516 0.000000 0.000000
8927.45 0.163699 0.011845 0.163699 0.000000 0.000000
8932.45 0.170744 0.002266 0.170744 0.000000 0.000000
8937.45 0.170748 0.003035 0.170748 0.000000 0.000000
8942.45 0.172784 0.000367 0.172784 0.000000 0.000000
8947.46 0.169521 0.001905 0.169521 0.000000 0.000000
8952.46 0.166886 0.001552 0.166886 0.000000 0.000000
8957.46 0.164368 0.000706 0.164368 0.000000 0.000000
8962.46 0.162916 0.000871 0.162916 0.000000 0.000000
8967.46 0.161392 0.001298 0.161392 0.000000 0.000000
8972.46 0.158567 0.000526 0.158567 0.000000 0.000000
8977.46 0.158966 0.000927 0.158966 0.000000 0.000000
8982.47 0.157639 0.000607 0.157639 0.000000 0.000000
8987.47 0.157217 0.001781 0.157217 0.000000 0.000000
8992.47 0.151537 0.002785 0.151537 0.000000 0.000000
8997.47 0.153548 0.000886 0.153548 0.000000 0.000000
9002.47 0.153846 0.001785 0.153846 0.000000 0.000000
9007.47 0.151076 0.001992 0.151076 0.000000 0.000000
9012.47 0.152675 0.002052 0.152675 0.000000 0.000000
9017.47 0.153207 0.004281 0.153207 0.000000 0.000000
9022.48 0.153095 0.008009 0.153095 0.000000 0.000000
9027.48 0.160205 0.004127 0.160205 0.000000 0.000000
9032.48 0.163353 0.004335 0.163353 0.000000 0.000000
9037.48 0.166849 0.002882 0.166849 0.000000 0.000000
9042.48 0.163837 0.006504 0.163837 0.000000 0.000000
9047.48 0.166058 0.001502 0.166058 0.000000 0.000000
9052.48 0.164380 0.001052 0.164380 0.000000 0.000000
9057.49 0.159692 0.000929 0.159692 0.000000 0.000000
9062.49 0.158024 0.003656 0.158024 0.000000 0.000000
9067.49 0.156377 0.004880 0.156377 0.000000 0.000000
9072.49 0.153138 0.002683 0.153138 0.000000 0.000000
9077.49 0.154081 0.003630 0.154081 0.000000 0.000000
9082.49 0.154049 0.002059 0.154049 0.000000 0.000000
9087.49 0.154110 0.000593 0.154110 0.000000 0.000000
9092.50 0.155491 0.002177 0.155491 0.000000 0.000000
9097.50 0.157237 0.002862 0.157237 0.000000 0.000000
9102.50 0.156499 0.004923 0.156499 0.000000 0.000000
9107.50 0.153257 0.007785 0.153257 0.000000 0.000000
9112.50 0.156032 0.002540 0.156032 0.000000 0.000000
9117.50 0.157460 0.001653 0.157460 0.000000 0.000000
9122.50 0.156597 0.002811 0.156597 0.000000 0.000000
9127.50 0.154987 0.001998 0.154987 0.000000 0.000000
9132.51 0.153201 0.000241 0.153201 0.000000 0.000000
9137.51 0.151501 0.001521 0.151501 0.000000 0.000000
9142.51 0.152843 0.000667 0.152843 0.000000 0.000000
9147.51 0.152430 0.001847 0.152430 0.000000 0.000000
9152.51 0.150413 0.001579 0.150413 0.000000 0.000000
9157.51 0.142405 0.005883 0.142405 0.000000 0.000000
9162.51 0.149919 0.002660 0.149919 0.000000 0.000000
9167.52 0.151111 0.002247 0.151111 0.000000 0.000000
9172.52 0.150183 0.001746 0.150183 0.000000 0.000000
9177.52 0.150280 0.004811 0.150280 0.000000 0.000000
9182.52 0.154520 0.002473 0.154520 0.000000 0.000000
9187.52 0.156525 0.001134 0.156525 0.000000 0.000000
9192.52 0.155050 0.002486 0.155050 0.000000 0.000000
9197.52 0.151963 0.005004 0.151963 0.000000 0.000000
9202.52 0.151803 0.004169 0.151803 0.000000 0.000000
9207.53 0.157339 0.002688 0.157339 0.000000 0.000000
9212.53 0.153034 0.001686 0.153034 0.000000 0.000000
9217.53 0.150143 0.004452 0.150143 0.000000 0.000000
9222.53 0.149059 0.004915 0.149059 0.000000 0.000000
9227.53 0.146587 0.006482 0.146587 0.000000 0.000000
9232.53 0.148371 0.003028 0.148371 0.000000 0.000000
9237.53 0.145322 0.004990 0.145322 0.000000 0.000000
9242.54 0.145492 0.003638 0.145492 0.000000 0.000000
9247.54 0.143807 0.004875 0.143807 0.000000 0.000000
9252.54 0.145978 0.002370 0.145978 0.000000 0.000000
9257.54 0.150806 0.002522 0.150806 0.000000 0.000000
9262.54 0.146229 0.003694 0.146229 0.000000 0.000000
9267.54 0.152681 0.001791 0.152681 0.000000 0.000000
9272.54 0.154578 0.001408 0.154578 0.000000 0.000000
9277.55 0.158911 0.002804 0.158911 0.000000 0.000000
9282.55 0.155954 0.005062 0.155954 0.000000 0.000000
9287.55 0.152147 0.014832 0.152147 0.000000 0.000000
9292.55 0.162481 0.008265 0.162481 0.000000 0.000000
9297.55 0.161985 0.011467 0.161985 0.000000 0.000000
9302.55 0.158865 0.013455 0.158865 0.000000 0.000000
9307.55 0.155643 0.010450 0.155643 0.000000 0.000000
9312.55 0.146786 0.011077 0.146786 0.000000 0.000000
9317.56 0.144053 0.005482 0.144053 0.000000 0.000000
9322.56 0.135605 0.010193 0.135605 0.000000 0.000000
9327.56 0.139732 0.006917 0.139732 0.000000 0.000000
9332.56 0.138776 0.013012 0.138776 0.000000 0.000000
9337.56 0.138055 0.019009 0.138055 0.000000 0.000000
9342.56 0.139325 0.019425 0.139325 0.000000 0.000000
9347.56 0.129382 0.026634 0.129382 0.000000 0.000000
9352.57 0.133546 0.014481 0.133546 0.000000 0.000000
9357.57 0.125537 0.015633 0.125537 0.000000 0.000000
9362.57 0.133166 0.002284 0.133166 0.000000 0.000000
9367.57 0.134508 0.001335 0.134508 0.000000 0.000000
9372.57 0.130966 0.010003 0.130966 0.000000 0.000000
9377.57 0.137493 0.009461 0.137493 0.000000 0.000000
9382.57 0.138133 0.015437 0.138133 0.000000 0.000000
9387.58 0.149437 0.007656 0.149437 0.000000 0.000000
9392.58 0.156787 0.002057 0.156787 0.000000 0.000000
9397.58 0.158040 0.000976 0.158040 0.000000 0.000000
9402.58 0.157648 0.000629 0.157648 0.000000 0.000000
9407.58 0.155486 0.002509 0.155486 0.000000 0.000000
9412.58 0.153452 0.005972 0.153452 0.000000 0.000000
9417.58 0.141510 0.001181 0.141510 0.000000 0.000000
9422.58 0.142109 0.005163 0.142109 0.000000 0.000000
9427.59 0.136779 0.003515 0.136779 0.000000 0.000000
9432.59 0.130490 0.000841 0.130490 0.000000 0.000000
9437.59 0.133261 0.003167 0.133261 0.000000 0.000000
9442.59 0.122364 0.009998 0.122364 0.000000 0.000000
9447.59 0.129898 0.004361 0.129898 0.000000 0.000000
9452.59 0.135814 0.001379 0.135814 0.000000 0.000000
9457.59 0.136588 0.003825 0.136588 0.000000 0.000000
9462.60 0.133131 0.009499 0.133131 0.000000 0.000000
9467.60 0.134634 0.007333 0.134634 0.000000 0.000000
9472.60 0.133638 0.006375 0.133638 0.000000 0.000000
9477.60 0.135530 0.001687 0.135530 0.000000 0.000000
9482.60 0.132814 0.002742 0.132814 0.000000 0.000000
9487.60 0.128335 0.007172 0.128335 0.000000 0.000000
9492.60 0.133954 0.001452 0.133954 0.000000 0.000000
9497.60 0.134717 0.001779 0.134717 0.000000 0.000000
9502.61 0.130549 0.007701 0.130549 0.000000 0.000000
9507.61 0.137317 0.001082 0.137317 0.000000 0.000000
9512.61 0.135824 0.003544 0.135824 0.000000 0.000000
9517.61 0.142490 0.002978 0.142490 0.000000 0.000000
9522.61 0.132487 0.009568 0.132487 0.000000 0.000000
9527.61 0.134534 0.009168 0.134534 0.000000 0.000000
9532.61 0.135944 0.009295 0.135944 0.000000 0.000000
9537.62 0.133391 0.012761 0.133391 0.000000 0.000000
9542.62 0.132554 0.012307 0.132554 0.000000 0.000000
9547.62 0.129896 0.011381 0.129896 0.000000 0.000000
9552.62 0.127868 0.008345 0.127868 0.000000 0.000000
9557.62 0.125606 0.005674 0.125606 0.000000 0.000000
9562.62 0.126842 0.000696 0.126842 0.000000 0.000000
9567.62 0.127225 0.000658 0.127225 0.000000 0.000000
9572.63 0.127142 0.000442 0.127142 0.000000 0.000000
9577.63 0.129306 0.000210 0.129306 0.000000 0.000000
9582.63 0.130570 0.000285 0.130570 0.000000 0.000000
9587.63 0.130259 0.000108 0.130259 0.000000 0.000000
9592.63 0.127378 0.002460 0.127378 0.000000 0.000000
9597.63 0.126884 0.001920 0.126884 0.000000 0.000000
9602.63 0.130390 0.002623 0.130390 0.000000 0.000000
9607.63 0.127749 0.000625 0.127749 0.000000 0.000000
9612.64 0.130430 0.001640 0.130430 0.000000 0.000000
9617.64 0.127319 0.002277 0.127319 0.000000 0.000000
9622.64 0.125917 0.003262 0.125917 0.000000 0.000000
9627.64 0.124712 0.002548 0.124712 0.000000 0.000000
9632.64 0.128442 0.004555 0.128442 0.000000 0.000000
9637.64 0.119889 0.002074 0.119889 0.000000 0.000000
9642.64 0.120039 0.000160 0.120039 0.000000 0.000000
9647.65 0.116627 0.003110 0.116627 0.000000 0.000000
9652.65 0.123353 0.003709 0.123353 0.000000 0.000000
9657.65 0.125512 0.004672 0.125512 0.000000 0.000000
9662.65 0.121497 0.001522 0.121497 0.000000 0.000000
9667.65 0.123762 0.000512 0.123762 0.000000 0.000000
9672.65 0.125609 0.000423 0.125609 0.000000 0.000000
9677.65 0.125228 0.000605 0.125228 0.000000 0.000000
9682.65 0.123830 0.002086 0.123830 0.000000 0.000000
9687.66 0.126057 0.001223 0.126057 0.000000 0.000000
9692.66 0.127975 0.004630 0.127975 0.000000 0.000000
9697.66 0.126356 0.004144 0.126356 0.000000 0.000000
9702.66 0.127930 0.006903 0.127930 0.000000 0.000000
9707.66 0.119464 0.002153 0.119464 0.000000 0.000000
9712.66 0.118589 0.003134 0.118589 0.000000 0.000000
9717.66 0.120682 0.000914 0.120682 0.000000 0.000000
9722.67 0.122784 0.001495 0.122784 0.000000 0.000000
9727.67 0.118097 0.003312 0.118097 0.000000 0.000000
9732.67 0.116706 0.004253 0.116706 0.000000 0.000000
9737.67 0.120789 0.000816 0.120789 0.000000 0.000000
9742.67 0.120816 0.000947 0.120816 0.000000 0.000000
9747.67 0.123249 0.003207 0.123249 0.000000 0.000000
9752.67 0.115191 0.006474 0.115191 0.000000 0.000000
9757.68 0.123822 0.002781 0.123822 0.000000 0.000000
9762.68 0.123445 0.002726 0.123445 0.000000 0.000000
9767.68 0.113378 0.007113 0.113378 0.000000 0.000000
9772.68 0.117836 0.000149 0.117836 0.000000 0.000000
9777.68 0.115103 0.001359 0.115103 0.000000 0.000000
9782.68 0.114605 0.000878 0.114605 0.000000 0.000000
9787.68 0.122121 0.007294 0.122121 0.000000 0.000000
9792.68 0.120029 0.003920 0.120029 0.000000 0.000000
9797.69 0.117535 0.000000 0.117535 0.000000 0.000000
9802.69 0.111204 0.007641 0.111204 0.000000 0.000000
9807.69 0.124660 0.007914 0.124660 0.000000 0.000000
9812.69 0.117866 0.001490 0.117866 0.000000 0.000000
9817.69 0.114331 0.001252 0.114331 0.000000 0.000000
9822.69 0.115233 0.000383 0.115233 0.000000 0.000000
9827.69 0.117246 0.002253 0.117246 0.000000 0.000000
9832.70 0.121383 0.005859 0.121383 0.000000 0.000000
9837.70 0.112666 0.004972 0.112666 0.000000 0.000000
9842.70 0.120166 0.002828 0.120166 0.000000 0.000000
9847.70 0.116572 0.000859 0.116572 0.000000 0.000000
9852.70 0.115039 0.001537 0.115039 0.000000 0.000000
9857.70 0.121421 0.006971 0.121421 0.000000 0.000000
9862.70 0.106002 0.008926 0.106002 0.000000 0.000000
9867.71 0.113945 0.000954 0.113945 0.000000 0.000000
9872.71 0.110036 0.002860 0.110036 0.000000 0.000000
9877.71 0.115981 0.003856 0.115981 0.000000 0.000000
9882.71 0.113961 0.001136 0.113961 0.000000 0.000000
9887.71 0.105816 0.008953 0.105816 0.000000 0.000000
9892.71 0.113409 0.001732 0.113409 0.000000 0.000000
9897.71 0.116386 0.000331 0.116386 0.000000 0.000000
9902.71 0.115584 0.001532 0.115584 0.000000 0.000000
9907.72 0.109543 0.008709 0.109543 0.000000 0.000000
9912.72 0.112280 0.005450 0.112280 0.000000 0.000000
9917.72 0.116639 0.000279 0.116639 0.000000 0.000000
9922.72 0.111713 0.003676 0.111713 0.000000 0.000000
9927.72 0.117233 0.004677 0.117233 0.000000 0.000000
9932.72 0.106728 0.004710 0.106728 0.000000 0.000000
9937.72 0.106886 0.002554 0.106886 0.000000 0.000000
9942.73 0.115119 0.007698 0.115119 0.000000 0.000000
9947.73 0.111738 0.003664 0.111738 0.000000 0.000000
9952.73 0.110431 0.001005 0.110431 0.000000 0.000000
9957.73 0.111192 0.000251 0.111192 0.000000 0.000000
9962.73 0.116340 0.004537 0.116340 0.000000 0.000000
9967.73 0.113457 0.000425 0.113457 0.000000 0.000000
9972.73 0.107011 0.007001 0.107011 0.000000 0.000000
9977.73 0.107764 0.005717 0.107764 0.000000 0.000000
9982.74 0.109147 0.003070 0.109147 0.000000 0.000000
9987.74 0.116317 0.006605 0.116317 0.000000 0.000000
9992.74 0.105530 0.003704 0.105530 0.000000 0.000000
9997.74 0.109625 0.002159 0.109625 0.000000 0.000000
10002.74 0.100833 0.007413 0.100833 0.000000 0.000000
10007.74 0.110216 0.002013 0.110216 0.000000 0.000000
10012.74 0.114714 0.005397 0.114714 0.000000 0.000000
10017.75 0.108846 0.002378 0.108846 0.000000 0.000000
10022.75 0.096866 0.015550 0.096866 0.000000 0.000000
10027.75 0.108580 0.000108 0.108580 0.000000 0.000000
10032.75 0.112759 0.008448 0.112759 0.000000 0.000000
10037.75 0.108607 0.008315 0.108607 0.000000 0.000000
10042.75 0.094086 0.003691 0.094086 0.000000 0.000000
10047.75 0.094736 0.000167 0.094736 0.000000 0.000000
10052.76 0.103921 0.012010 0.103921 0.000000 0.000000
10057.76 0.100110 0.007403 0.100110 0.000000 0.000000
10062.76 0.095151 0.000776 0.095151 0.000000 0.000000
10067.76 0.098813 0.001609 0.098813 0.000000 0.000000
10072.76 0.104314 0.001234 0.104314 0.000000 0.000000
10077.76 0.109975 0.000273 0.109975 0.000000 0.000000
10082.76 0.110275 0.001448 0.110275 0.000000 0.000000
10087.76 0.110192 0.000336 0.110192 0.000000 0.000000
10092.77 0.101196 0.005266 0.101196 0.000000 0.000000
10097.77 0.105043 0.004085 0.105043 0.000000 0.000000
10102.77 0.104358 0.006977 0.104358 0.000000 0.000000
10107.77 0.097210 0.000190 0.097210 0.000000 0.000000
10112.77 0.090956 0.008461 0.090956 0.000000 0.000000
10117.77 0.102539 0.002395 0.102539 0.000000 0.000000
10122.77 0.099726 0.002380 0.099726 0.000000 0.000000
10127.78 0.098282 0.004222 0.098282 0.000000 0.000000
10132.78 0.091382 0.011187 0.091382 0.000000 0.000000
10137.78 0.101177 0.000725 0.101177 0.000000 0.000000
10142.78 0.100169 0.000000 0.100169 0.000000 0.000000
10147.78 0.100773 0.000000 0.100773 0.000000 0.000000
10152.78 0.101922 0.000000 0.101922 0.000000 0.000000
10157.78 0.102974 0.000000 0.102974 0.000000 0.000000
10162.79 0.103291 0.000000 0.103291 0.000000 0.000000
10167.79 0.102456 0.000000 0.102456 0.000000 0.000000
10172.79 0.100947 0.000000 0.100947 0.000000 0.000000
10177.79 0.099469 0.000000 0.099469 0.000000 0.000000
10182.79 0.098723 0.000000 0.098723 0.000000 0.000000
10187.79 0.099195 0.000000 0.099195 0.000000 0.000000
10192.79 0.100505 0.000000 0.100505 0.000000 0.000000
10197.79 0.102054 0.000000 0.102054 0.000000 0.000000
10202.80 0.103243 0.000000 0.103243 0.000000 0.000000
10207.80 0.103641 0.000000 0.103641 0.000000 0.000000
10212.80 0.103488 0.000000 0.103488 0.000000 0.000000
10217.80 0.103189 0.000000 0.103189 0.000000 0.000000
10222.80 0.103152 0.000000 0.103152 0.000000 0.000000
10227.80 0.103662 0.000000 0.103662 0.000000 0.000000
10232.80 0.104533 0.000000 0.104533 0.000000 0.000000
10237.81 0.105459 0.000000 0.105459 0.000000 0.000000
10242.81 0.106134 0.000000 0.106134 0.000000 0.000000
10247.81 0.106311 0.000000 0.106311 0.000000 0.000000
10252.81 0.105992 0.000000 0.105992 0.000000 0.000000
10257.81 0.105239 0.000000 0.105239 0.000000 0.000000
10262.81 0.104113 0.000000 0.104113 0.000000 0.000000
10267.81 0.102706 0.000000 0.102706 0.000000 0.000000
10272.81 0.101235 0.000000 0.101235 0.000000 0.000000
10277.82 0.099948 0.000000 0.099948 0.000000 0.000000
10282.82 0.099093 0.000000 0.099093 0.000000 0.000000
10287.82 0.098822 0.000000 0.098822 0.000000 0.000000
10292.82 0.098910 0.000000 0.098910 0.000000 0.000000
10297.82 0.099036 0.000000 0.099036 0.000000 0.000000
10302.82 0.098879 0.000000 0.098879 0.000000 0.000000
10307.82 0.097938 0.000351 0.098226 0.097650 0.000000
10312.83 0.097390 0.000129 0.097287 0.097492 0.000000
10317.83 0.096857 0.000584 0.096379 0.097335 0.000000
10322.83 0.096497 0.000834 0.095817 0.097178 0.000000
10327.83 0.096429 0.000724 0.095838 0.097021 0.000000
10332.83 0.096607 0.000315 0.096351 0.096864 0.000000
10337.83 0.096947 0.000297 0.097187 0.096707 0.000000
10342.83 0.097362 0.000995 0.098173 0.096551 0.000000
10347.84 0.097753 0.001664 0.099111 0.096394 0.000000
10352.84 0.097968 0.002118 0.099697 0.096238 0.000000
10357.84 0.097839 0.002152 0.099596 0.096082 0.000000
10362.84 0.097201 0.001562 0.098476 0.095926 0.000000
10367.84 0.095980 0.000253 0.096189 0.095770 0.000000
10372.84 0.094473 0.001399 0.093331 0.095615 0.000000
10377.84 0.093072 0.002924 0.090684 0.095460 0.000000
10382.84 0.092167 0.003842 0.089030 0.095304 0.000000
10387.85 0.092042 0.003806 0.088934 0.095149 0.000000
10392.85 0.092543 0.003002 0.090092 0.094994 0.000000
10397.85 0.093411 0.001750 0.091983 0.094839 0.000000
10402.85 0.094385 0.000368 0.094085 0.094685 0.000000
10407.85 0.095229 0.000856 0.095928 0.094530 0.000000
10412.85 0.095811 0.001758 0.097246 0.094376 0.000000
10417.85 0.096022 0.002205 0.097823 0.094221 0.000000
10422.86 0.095755 0.002067 0.097442 0.094067 0.000000
10427.86 0.094982 0.001309 0.096050 0.093913 0.000000
10432.86 0.094003 0.000297 0.094247 0.093759 0.000000
10437.86 0.093199 0.000496 0.092793 0.093606 0.000000
10442.86 0.092951 0.000613 0.092450 0.093452 0.000000
10447.86 0.093488 0.000230 0.093677 0.093299 0.000000
10452.86 0.094438 0.001583 0.095730 0.093145 0.000000
10457.87 0.095276 0.002798 0.097561 0.092992 0.000000
10462.87 0.095480 0.003236 0.098122 0.092839 0.000000
10467.87 0.094698 0.002465 0.096711 0.092686 0.000000
10472.87 0.093268 0.000900 0.094002 0.092533 0.000000
10477.87 0.091696 0.000838 0.091012 0.092380 0.000000
10482.87 0.090494 0.002124 0.088760 0.092228 0.000000
10487.87 0.090040 0.002493 0.088005 0.092075 0.000000
10492.87 0.090202 0.002108 0.088481 0.091923 0.000000
10497.88 0.090717 0.001291 0.089663 0.091771 0.000000
10502.88 0.091323 0.000364 0.091026 0.091619 0.000000
10507.88 0.091798 0.000404 0.092128 0.091467 0.000000
10512.88 0.092081 0.000937 0.092846 0.091315 0.000000
10517.88 0.092153 0.001212 0.093142 0.091164 0.000000
10522.88 0.091994 0.001202 0.092976 0.091012 0.000000
10527.88 0.091611 0.000918 0.092360 0.090861 0.000000
10532.89 0.091113 0.000493 0.091516 0.090710 0.000000
10537.89 0.090638 0.000099 0.090717 0.090559 0.000000
10542.89 0.090321 0.000112 0.090234 0.090408 0.000000
10547.89 0.090252 0.000037 0.090247 0.090257 0.000000
10552.89 0.090327 0.000267 0.090548 0.090106 0.000000
10557.89 0.090396 0.000539 0.090836 0.089956 0.000000
10562.89 0.090307 0.000614 0.090808 0.089806 0.000000
10567.89 0.089965 0.000377 0.090274 0.089655 0.000000
10572.90 0.089494 0.000000 0.089483 0.089505 0.000000
10577.90 0.089077 0.000341 0.088798 0.089355 0.000000
10582.90 0.088893 0.000381 0.088581 0.089206 0.000000
10587.90 0.089062 0.000000 0.089068 0.089056 0.000000
10592.90 0.089455 0.000673 0.090004 0.088906 0.000000
10597.90 0.089882 0.001378 0.091008 0.088757 0.000000
10602.90 0.090153 0.001893 0.091699 0.088608 0.000000
10607.91 0.090124 0.002040 0.091789 0.088459 0.000000
10612.91 0.089835 0.001868 0.091360 0.088310 0.000000
10617.91 0.089372 0.001484 0.090584 0.088161 0.000000
10622.91 0.088823 0.000995 0.089634 0.088012 0.000000
10627.91 0.087863 0.000000 0.000000 0.087863 0.000000
10632.91 0.087715 0.000000 0.000000 0.087715 0.000000
10637.91 0.087567 0.000000 0.000000 0.087567 0.000000
10642.92 0.087419 0.000000 0.000000 0.087419 0.000000
10647.92 0.087271 0.000000 0.000000 0.087271 0.000000
10652.92 0.087123 0.000000 0.000000 0.087123 0.000000
10657.92 0.086975 0.000000 0.000000 0.086975 0.000000
10662.92 0.086827 0.000000 0.000000 0.086827 0.000000
10667.92 0.086680 0.000000 0.000000 0.086680 0.000000
10672.92 0.086533 0.000000 0.000000 0.086533 0.000000
10677.92 0.086386 0.000000 0.000000 0.086386 0.000000
10682.93 0.086239 0.000000 0.000000 0.086239 0.000000
10687.93 0.086092 0.000000 0.000000 0.086092 0.000000
10692.93 0.085945 0.000000 0.000000 0.085945 0.000000
10697.93 0.085798 0.000000 0.000000 0.085798 0.000000
10702.93 0.085652 0.000000 0.000000 0.085652 0.000000
10707.93 0.085506 0.000000 0.000000 0.085506 0.000000
10712.93 0.085360 0.000000 0.000000 0.085360 0.000000
10717.94 0.085214 0.000000 0.000000 0.085214 0.000000
10722.94 0.085068 0.000000 0.000000 0.085068 0.000000
10727.94 0.084922 0.000000 0.000000 0.084922 0.000000
10732.94 0.084776 0.000000 0.000000 0.084776 0.000000
10737.94 0.084631 0.000000 0.000000 0.084631 0.000000
10742.94 0.084486 0.000000 0.000000 0.084486 0.000000
10747.94 0.084341 0.000000 0.000000 0.084341 0.000000
10752.95 0.084196 0.000000 0.000000 0.084196 0.000000
10757.95 0.084051 0.000000 0.000000 0.084051 0.000000
10762.95 0.083906 0.000000 0.000000 0.083906 0.000000
10767.95 0.083761 0.000000 0.000000 0.083761 0.000000
10772.95 0.083617 0.000000 0.000000 0.083617 0.000000
10777.95 0.083473 0.000000 0.000000 0.083473 0.000000
10782.95 0.083329 0.000000 0.000000 0.083329 0.000000
10787.95 0.083185 0.000000 0.000000 0.083185 0.000000
10792.96 0.083041 0.000000 0.000000 0.083041 0.000000
10797.96 0.082897 0.000000 0.000000 0.082897 0.000000
10802.96 0.082753 0.000000 0.000000 0.082753 0.000000
10807.96 0.082610 0.000000 0.000000 0.082610 0.000000
10812.96 0.082467 0.000000 0.000000 0.082467 0.000000
10817.96 0.082324 0.000000 0.000000 0.082324 0.000000
10822.96 0.082181 0.000000 0.000000 0.082181 0.000000
10827.97 0.082038 0.000000 0.000000 0.082038 0.000000
10832.97 0.081895 0.000000 0.000000 0.081895 0.000000
10837.97 0.081753 0.000000 0.000000 0.081753 0.000000
10842.97 0.081610 0.000000 0.000000 0.081610 0.000000
10847.97 0.081468 0.000000 0.000000 0.081468 0.000000
10852.97 0.081326 0.000000 0.000000 0.081326 0.000000
10857.97 0.081184 0.000000 0.000000 0.081184 0.000000
10862.97 0.081042 0.000000 0.000000 0.081042 0.000000
10867.98 0.080901 0.000000 0.000000 0.080901 0.000000
10872.98 0.080759 0.000000 0.000000 0.080759 0.000000
10877.98 0.080618 0.000000 0.000000 0.080618 0.000000
10882.98 0.080477 0.000000 0.000000 0.080477 0.000000
10887.98 0.080336 0.000000 0.000000 0.080336 0.000000
10892.98 0.080195 0.000000 0.000000 0.080195 0.000000
10897.98 0.080054 0.000000 0.000000 0.080054 0.000000
10902.99 0.079913 0.000000 0.000000 0.079913 0.000000
10907.99 0.079773 0.000000 0.000000 0.079773 0.000000
10912.99 0.079633 0.000000 0.000000 0.079633 0.000000
10917.99 0.079493 0.000000 0.000000 0.079493 0.000000
10922.99 0.079353 0.000000 0.000000 0.079353 0.000000
10927.99 0.079213 0.000000 0.000000 0.079213 0.000000
10932.99 0.079073 0.000000 0.000000 0.079073 0.000000
10938.00 0.078934 0.000000 0.000000 0.078934 0.000000
10943.00 0.078794 0.000000 0.000000 0.078794 0.000000
10948.00 0.078655 0.000000 0.000000 0.078655 0.000000
10953.00 0.078516 0.000000 0.000000 0.078516 0.000000
10958.00 0.078377 0.000000 0.000000 0.078377 0.000000
10963.00 0.078238 0.000000 0.000000 0.078238 0.000000
10968.00 0.078100 0.000000 0.000000 0.078100 0.000000
10973.00 0.077961 0.000000 0.000000 0.077961 0.000000
10978.01 0.077823 0.000000 0.000000 0.077823 0.000000
10983.01 0.077685 0.000000 0.000000 0.077685 0.000000
10988.01 0.077547 0.000000 0.000000 0.077547 0.000000
10993.01 0.077409 0.000000 0.000000 0.077409 0.000000
10998.01 0.077271 0.000000 0.000000 0.077271 0.000000
11003.01 0.077133 0.000000 0.000000 0.077133 0.000000
11008.01 0.076996 0.000000 0.000000 0.076996 0.000000
11013.02 0.076859 0.000000 0.000000 0.076859 0.000000
11018.02 0.076722 0.000000 0.000000 0.076722 0.000000
11023.02 0.076585 0.000000 0.000000 0.076585 0.000000
11028.02 0.076448 0.000000 0.000000 0.076448 0.000000
11033.02 0.076311 0.000000 0.000000 0.076311 0.000000
11038.02 0.076175 0.000000 0.000000 0.076175 0.000000
11043.02 0.076038 0.000000 0.000000 0.076038 0.000000
11048.03 0.075902 0.000000 0.000000 0.075902 0.000000
11053.03 0.075766 0.000000 0.000000 0.075766 0.000000
11058.03 0.075630 0.000000 0.000000 0.075630 0.000000
11063.03 0.075495 0.000000 0.000000 0.075495 0.000000
11068.03 0.075359 0.000000 0.000000 0.075359 0.000000
11073.03 0.075224 0.000000 0.000000 0.075224 0.000000
11078.03 0.075088 0.000000 0.000000 0.075088 0.000000
11083.03 0.074953 0.000000 0.000000 0.074953 0.000000
11088.04 0.074818 0.000000 0.000000 0.074818 0.000000
11093.04 0.074684 0.000000 0.000000 0.074684 0.000000
11098.04 0.074549 0.000000 0.000000 0.074549 0.000000
11103.04 0.074415 0.000000 0.000000 0.074415 0.000000
11108.04 0.074280 0.000000 0.000000 0.074280 0.000000
11113.04 0.074146 0.000000 0.000000 0.074146 0.000000
11118.04 0.074012 0.000000 0.000000 0.074012 0.000000
11123.05 0.073878 0.000000 0.000000 0.073878 0.000000
11128.05 0.073745 0.000000 0.000000 0.073745 0.000000
11133.05 0.073611 0.000000 0.000000 0.073611 0.000000
11138.05 0.073478 0.000000 0.000000 0.073478 0.000000
11143.05 0.073344 0.000000 0.000000 0.073344 0.000000
11148.05 0.073211 0.000000 0.000000 0.073211 0.000000
11153.05 0.073079 0.000000 0.000000 0.073079 0.000000
11158.05 0.072946 0.000000 0.000000 0.072946 0.000000
11163.06 0.072813 0.000000 0.000000 0.072813 0.000000
11168.06 0.072681 0.000000 0.000000 0.072681 0.000000
11173.06 0.072549 0.000000 0.000000 0.072549 0.000000
11178.06 0.072416 0.000000 0.000000 0.072416 0.000000
11183.06 0.072285 0.000000 0.000000 0.072285 0.000000
11188.06 0.072153 0.000000 0.000000 0.072153 0.000000
11193.06 0.072021 0.000000 0.000000 0.072021 0.000000
11198.07 0.071890 0.000000 0.000000 0.071890 0.000000
11203.07 0.071758 0.000000 0.000000 0.071758 0.000000
11208.07 0.071627 0.000000 0.000000 0.071627 0.000000
11213.07 0.071496 0.000000 0.000000 0.071496 0.000000
11218.07 0.071365 0.000000 0.000000 0.071365 0.000000
11223.07 0.071235 0.000000 0.000000 0.071235 0.000000
11228.07 0.071104 0.000000 0.000000 0.071104 0.000000
11233.08 0.070974 0.000000 0.000000 0.070974 0.000000
11238.08 0.070844 0.000000 0.000000 0.070844 0.000000
11243.08 0.070714 0.000000 0.000000 0.070714 0.000000
11248.08 0.070584 0.000000 0.000000 0.070584 0.000000
11253.08 0.070454 0.000000 0.000000 0.070454 0.000000
11258.08 0.070325 0.000000 0.000000 0.070325 0.000000
11263.08 0.070195 0.000000 0.000000 0.070195 0.000000
11268.08 0.070066 0.000000 0.000000 0.070066 0.000000
11273.09 0.069937 0.000000 0.000000 0.069937 0.000000
11278.09 0.069808 0.000000 0.000000 0.069808 0.000000
11283.09 0.069680 0.000000 0.000000 0.069680 0.000000
11288.09 0.069551 0.000000 0.000000 0.069551 0.000000
11293.09 0.069423 0.000000 0.000000 0.069423 0.000000
11298.09 0.069294 0.000000 0.000000 0.069294 0.000000
11303.09 0.069166 0.000000 0.000000 0.069166 0.000000
11308.10 0.069038 0.000000 0.000000 0.069038 0.000000
11313.10 0.068911 0.000000 0.000000 0.068911 0.000000
11318.10 0.068783 0.000000 0.000000 0.068783 0.000000
11323.10 0.068656 0.000000 0.000000 0.068656 0.000000
11328.10 0.068528 0.000000 0.000000 0.068528 0.000000
11333.10 0.068401 0.000000 0.000000 0.068401 0.000000
11338.10 0.068275 0.000000 0.000000 0.068275 0.000000
11343.11 0.068148 0.000000 0.000000 0.068148 0.000000
11348.11 0.068021 0.000000 0.000000 0.068021 0.000000
11353.11 0.067895 0.000000 0.000000 0.067895 0.000000
11358.11 0.067769 0.000000 0.000000 0.067769 0.000000
11363.11 0.067642 0.000000 0.000000 0.067642 0.000000
11368.11 0.067517 0.000000 0.000000 0.067517 0.000000
11373.11 0.067391 0.000000 0.000000 0.067391 0.000000
11378.11 0.067265 0.000000 0.000000 0.067265 0.000000
11383.12 0.067140 0.000000 0.000000 0.067140 0.000000
11388.12 0.067014 0.000000 0.000000 0.067014 0.000000
11393.12 0.066889 0.000000 0.000000 0.066889 0.000000
11398.12 0.066764 0.000000 0.000000 0.066764 0.000000
11403.12 0.066640 0.000000 0.000000 0.066640 0.000000
11408.12 0.066515 0.000000 0.000000 0.066515 0.000000
11413.12 0.066391 0.000000 0.000000 0.066391 0.000000
11418.13 0.066266 0.000000 0.000000 0.066266 0.000000
11423.13 0.066142 0.000000 0.000000 0.066142 0.000000
11428.13 0.066018 0.000000 0.000000 0.066018 0.000000
11433.13 0.065895 0.000000 0.000000 0.065895 0.000000
11438.13 0.065771 0.000000 0.000000 0.065771 0.000000
11443.13 0.065648 0.000000 0.000000 0.065648 0.000000
11448.13 0.065524 0.000000 0.000000 0.065524 0.000000
11453.14 0.065401 0.000000 0.000000 0.065401 0.000000
11458.14 0.065278 0.000000 0.000000 0.065278 0.000000
11463.14 0.065156 0.000000 0.000000 0.065156 0.000000
11468.14 0.065033 0.000000 0.000000 0.065033 0.000000
11473.14 0.064911 0.000000 0.000000 0.064911 0.000000
11478.14 0.064789 0.000000 0.000000 0.064789 0.000000
11483.14 0.064666 0.000000 0.000000 0.064666 0.000000
11488.14 0.064545 0.000000 0.000000 0.064545 0.000000
11493.15 0.064423 0.000000 0.000000 0.064423 0.000000
11498.15 0.064301 0.000000 0.000000 0.064301 0.000000
11503.15 0.064180 0.000000 0.000000 0.064180 0.000000
11508.15 0.064059 0.000000 0.000000 0.064059 0.000000
11513.15 0.063938 0.000000 0.000000 0.063938 0.000000
11518.15 0.063817 0.000000 0.000000 0.063817 0.000000
11523.15 0.063696 0.000000 0.000000 0.063696 0.000000
11528.16 0.063576 0.000000 0.000000 0.063576 0.000000
11533.16 0.063455 0.000000 0.000000 0.063455 0.000000
11538.16 0.063335 0.000000 0.000000 0.063335 0.000000
11543.16 0.063215 0.000000 0.000000 0.063215 0.000000
11548.16 0.063095 0.000000 0.000000 0.063095 0.000000
11553.16 0.062976 0.000000 0.000000 0.062976 0.000000
11558.16 0.062856 0.000000 0.000000 0.062856 0.000000
11563.16 0.062737 0.000000 0.000000 0.062737 0.000000
11568.17 0.062618 0.000000 0.000000 0.062618 0.000000
11573.17 0.062499 0.000000 0.000000 0.062499 0.000000
11578.17 0.062380 0.000000 0.000000 0.062380 0.000000
11583.17 0.062261 0.000000 0.000000 0.062261 0.000000
11588.17 0.062143 0.000000 0.000000 0.062143 0.000000
11593.17 0.062024 0.000000 0.000000 0.062024 0.000000
11598.17 0.061906 0.000000 0.000000 0.061906 0.000000
11603.18 0.061788 0.000000 0.000000 0.061788 0.000000
11608.18 0.061671 0.000000 0.000000 0.061671 0.000000
11613.18 0.061553 0.000000 0.000000 0.061553 0.000000
11618.18 0.061436 0.000000 0.000000 0.061436 0.000000
11623.18 0.061318 0.000000 0.000000 0.061318 0.000000
11628.18 0.061201 0.000000 0.000000 0.061201 0.000000
11633.18 0.061084 0.000000 0.000000 0.061084 0.000000
11638.19 0.060968 0.000000 0.000000 0.060968 0.000000
11643.19 0.060851 0.000000 0.000000 0.060851 0.000000
11648.19 0.060735 0.000000 0.000000 0.060735 0.000000
11653.19 0.060619 0.000000 0.000000 0.060619 0.000000
11658.19 0.060503 0.000000 0.000000 0.060503 0.000000
11663.19 0.060387 0.000000 0.000000 0.060387 0.000000
11668.19 0.060271 0.000000 0.000000 0.060271 0.000000
11673.19 0.060156 0.000000 0.000000 0.060156 0.000000
11678.20 0.060040 0.000000 0.000000 0.060040 0.000000
11683.20 0.059925 0.000000 0.000000 0.059925 0.000000
11688.20 0.059810 0.000000 0.000000 0.059810 0.000000
11693.20 0.059696 0.000000 0.000000 0.059696 0.000000
11698.20 0.059581 0.000000 0.000000 0.059581 0.000000
11703.20 0.059467 0.000000 0.000000 0.059467 0.000000
11708.20 0.059352 0.000000 0.000000 0.059352 0.000000
11713.21 0.059238 0.000000 0.000000 0.059238 0.000000
11718.21 0.059124 0.000000 0.000000 0.059124 0.000000
11723.21 0.059011 0.000000 0.000000 0.059011 0.000000
11728.21 0.058897 0.000000 0.000000 0.058897 0.000000
11733.21 0.058784 0.000000 0.000000 0.058784 0.000000
11738.21 0.058671 0.000000 0.000000 0.058671 0.000000
11743.21 0.058558 0.000000 0.000000 0.058558 0.000000
11748.22 0.058445 0.000000 0.000000 0.058445 0.000000
11753.22 0.058332 0.000000 0.000000 0.058332 0.000000
11758.22 0.058220 0.000000 0.000000 0.058220 0.000000
11763.22 0.058107 0.000000 0.000000 0.058107 0.000000
11768.22 0.057995 0.000000 0.000000 0.057995 0.000000
11773.22 0.057883 0.000000 0.000000 0.057883 0.000000
11778.22 0.057772 0.000000 0.000000 0.057772 0.000000
11783.22 0.057660 0.000000 0.000000 0.057660 0.000000
11788.23 0.057549 0.000000 0.000000 0.057549 0.000000
11793.23 0.057437 0.000000 0.000000 0.057437 0.000000
11798.23 0.057326 0.000000 0.000000 0.057326 0.000000
11803.23 0.057216 0.000000 0.000000 0.057216 0.000000
11808.23 0.057105 0.000000 0.000000 0.057105 0.000000
11813.23 0.056995 0.000000 0.000000 0.056995 0.000000
11818.23 0.056884 0.000000 0.000000 0.056884 0.000000
11823.24 0.056774 0.000000 0.000000 0.056774 0.000000
11828.24 0.056664 0.000000 0.000000 0.056664 0.000000
11833.24 0.056554 0.000000 0.000000 0.056554 0.000000
11838.24 0.056445 0.000000 0.000000 0.056445 0.000000
11843.24 0.056335 0.000000 0.000000 0.056335 0.000000
11848.24 0.056226 0.000000 0.000000 0.056226 0.000000
11853.24 0.056117 0.000000 0.000000 0.056117 0.000000
11858.24 0.056008 0.000000 0.000000 0.056008 0.000000
11863.25 0.055900 0.000000 0.000000 0.055900 0.000000
11868.25 0.055791 0.000000 0.000000 0.055791 0.000000
11873.25 0.055683 0.000000 0.000000 0.055683 0.000000
11878.25 0.055575 0.000000 0.000000 0.055575 0.000000
11883.25 0.055467 0.000000 0.000000 0.055467 0.000000
11888.25 0.055359 0.000000 0.000000 0.055359 0.000000
11893.25 0.055252 0.000000 0.000000 0.055252 0.000000
11898.26 0.055144 0.000000 0.000000 0.055144 0.000000
11903.26 0.055037 0.000000 0.000000 0.055037 0.000000
11908.26 0.054930 0.000000 0.000000 0.054930 0.000000
11913.26 0.054823 0.000000 0.000000 0.054823 0.000000
11918.26 0.054717 0.000000 0.000000 0.054717 0.000000
11923.26 0.054610 0.000000 0.000000 0.054610 0.000000
11928.26 0.054504 0.000000 0.000000 0.054504 0.000000
11933.27 0.054398 0.000000 0.000000 0.054398 0.000000
11938.27 0.054292 0.000000 0.000000 0.054292 0.000000
11943.27 0.054186 0.000000 0.000000 0.054186 0.000000
11948.27 0.054081 0.000000 0.000000 0.054081 0.000000
11953.27 0.053976 0.000000 0.000000 0.053976 0.000000
11958.27 0.053870 0.000000 0.000000 0.053870 0.000000
11963.27 0.053765 0.000000 0.000000 0.053765 0.000000
11968.27 0.053661 0.000000 0.000000 0.053661 0.000000
11973.28 0.053556 0.000000 0.000000 0.053556 0.000000
11978.28 0.053452 0.000000 0.000000 0.053452 0.000000
11983.28 0.053347 0.000000 0.000000 0.053347 0.000000
11988.28 0.053243 0.000000 0.000000 0.053243 0.000000
11993.28 0.053140 0.000000 0.000000 0.053140 0.000000
11998.28 0.053036 0.000000 0.000000 0.053036 0.000000
12003.28 0.052932 0.000000 0.000000 0.052932 0.000000
12008.29 0.052829 0.000000 0.000000 0.052829 0.000000
12013.29 0.052726 0.000000 0.000000 0.052726 0.000000
12018.29 0.052623 0.000000 0.000000 0.052623 0.000000
12023.29 0.052521 0.000000 0.000000 0.052521 0.000000
12028.29 0.052418 0.000000 0.000000 0.052418 0.000000
12033.29 0.052316 0.000000 0.000000 0.052316 0.000000
12038.29 0.052214 0.000000 0.000000 0.052214 0.000000
12043.30 0.052112 0.000000 0.000000 0.052112 0.000000
12048.30 0.052010 0.000000 0.000000 0.052010 0.000000
12053.30 0.051908 0.000000 0.000000 0.051908 0.000000
12058.30 0.051807 0.000000 0.000000 0.051807 0.000000
12063.30 0.051706 0.000000 0.000000 0.051706 0.000000
12068.30 0.051605 0.000000 0.000000 0.051605 0.000000
12073.30 0.051504 0.000000 0.000000 0.051504 0.000000
12078.30 0.051403 0.000000 0.000000 0.051403 0.000000
12083.31 0.051303 0.000000 0.000000 0.051303 0.000000
12088.31 0.051203 0.000000 0.000000 0.051203 0.000000
12093.31 0.051103 0.000000 0.000000 0.051103 0.000000
12098.31 0.051003 0.000000 0.000000 0.051003 0.000000
12103.31 0.050903 0.000000 0.000000 0.050903 0.000000
12108.31 0.050804 0.000000 0.000000 0.050804 0.000000
12113.31 0.050704 0.000000 0.000000 0.050704 0.000000
12118.32 0.050605 0.000000 0.000000 0.050605 0.000000
12123.32 0.050506 0.000000 0.000000 0.050506 0.000000
12128.32 0.050408 0.000000 0.000000 0.050408 0.000000
12133.32 0.050309 0.000000 0.000000 0.050309 0.000000
12138.32 0.050211 0.000000 0.000000 0.050211 0.000000
12143.32 0.050113 0.000000 0.000000 0.050113 0.000000
12148.32 0.050015 0.000000 0.000000 0.050015 0.000000
12153.33 0.049917 0.000000 0.000000 0.049917 0.000000
12158.33 0.049819 0.000000 0.000000 0.049819 0.000000
12163.33 0.049722 0.000000 0.000000 0.049722 0.000000
12168.33 0.049625 0.000000 0.000000 0.049625 0.000000
12173.33 0.049528 0.000000 0.000000 0.049528 0.000000
12178.33 0.049431 0.000000 0.000000 0.049431 0.000000
12183.33 0.049334 0.000000 0.000000 0.049334 0.000000
12188.33 0.049238 0.000000 0.000000 0.049238 0.000000
12193.34 0.049142 0.000000 0.000000 0.049142 0.000000
12198.34 0.049046 0.000000 0.000000 0.049046 0.000000
12203.34 0.048950 0.000000 0.000000 0.048950 0.000000
12208.34 0.048854 0.000000 0.000000 0.048854 0.000000
12213.34 0.048759 0.000000 0.000000 0.048759 0.000000
12218.34 0.048664 0.000000 0.000000 0.048664 0.000000
12223.34 0.048569 0.000000 0.000000 0.048569 0.000000
12228.35 0.048474 0.000000 0.000000 0.048474 0.000000
12233.35 0.048379 0.000000 0.000000 0.048379 0.000000
12238.35 0.048285 0.000000 0.000000 0.048285 0.000000
12243.35 0.048191 0.000000 0.000000 0.048191 0.000000
12248.35 0.048097 0.000000 0.000000 0.048097 0.000000
12253.35 0.048003 0.000000 0.000000 0.048003 0.000000
12258.35 0.047909 0.000000 0.000000 0.047909 0.000000
12263.35 0.047816 0.000000 0.000000 0.047816 0.000000
12268.36 0.047722 0.000000 0.000000 0.047722 0.000000
12273.36 0.047629 0.000000 0.000000 0.047629 0.000000
12278.36 0.047536 0.000000 0.000000 0.047536 0.000000
12283.36 0.047444 0.000000 0.000000 0.047444 0.000000
12288.36 0.047351 0.000000 0.000000 0.047351 0.000000
12293.36 0.047259 0.000000 0.000000 0.047259 0.000000
12298.36 0.047167 0.000000 0.000000 0.047167 0.000000
12303.37 0.047075 0.000000 0.000000 0.047075 0.000000
12308.37 0.046983 0.000000 0.000000 0.046983 0.000000
12313.37 0.046891 0.000000 0.000000 0.046891 0.000000
12318.37 0.046800 0.000000 0.000000 0.046800 0.000000
12323.37 0.046709 0.000000 0.000000 0.046709 0.000000
12328.37 0.046618 0.000000 0.000000 0.046618 0.000000
12333.37 0.046527 0.000000 0.000000 0.046527 0.000000
12338.38 0.046437 0.000000 0.000000 0.046437 0.000000
12343.38 0.046346 0.000000 0.000000 0.046346 0.000000
12348.38 0.046256 0.000000 0.000000 0.046256 0.000000
12353.38 0.046166 0.000000 0.000000 0.046166 0.000000
12358.38 0.046076 0.000000 0.000000 0.046076 0.000000
12363.38 0.045986 0.000000 0.000000 0.045986 0.000000
12368.38 0.045897 0.000000 0.000000 0.045897 0.000000
12373.38 0.045808 0.000000 0.000000 0.045808 0.000000
12378.39 0.045718 0.000000 0.000000 0.045718 0.000000
12383.39 0.045630 0.000000 0.000000 0.045630 0.000000
12388.39 0.045541 0.000000 0.000000 0.045541 0.000000
12393.39 0.045452 0.000000 0.000000 0.045452 0.000000
12398.39 0.045364 0.000000 0.000000 0.045364 0.000000
12403.39 0.045276 0.000000 0.000000 0.045276 0.000000
12408.39 0.045188 0.000000 0.000000 0.045188 0.000000
12413.40 0.045100 0.000000 0.000000 0.045100 0.000000
12418.40 0.045012 0.000000 0.000000 0.045012 0.000000
12423.40 0.044925 0.000000 0.000000 0.044925 0.000000
12428.40 0.044838 0.000000 0.000000 0.044838 0.000000
12433.40 0.044751 0.000000 0.000000 0.044751 0.000000
12438.40 0.044664 0.000000 0.000000 0.044664 0.000000
12443.40 0.044577 0.000000 0.000000 0.044577 0.000000
12448.41 0.044491 0.000000 0.000000 0.044491 0.000000
12453.41 0.044404 0.000000 0.000000 0.044404 0.000000
12458.41 0.044318 0.000000 0.000000 0.044318 0.000000
12463.41 0.044232 0.000000 0.000000 0.044232 0.000000
12468.41 0.044147 0.000000 0.000000 0.044147 0.000000
12473.41 0.044061 0.000000 0.000000 0.044061 0.000000
12478.41 0.043976 0.000000 0.000000 0.043976 0.000000
12483.41 0.043891 0.000000 0.000000 0.043891 0.000000
12488.42 0.043806 0.000000 0.000000 0.043806 0.000000
12493.42 0.043721 0.000000 0.000000 0.043721 0.000000
12498.42 0.043636 0.000000 0.000000 0.043636 0.000000
12503.42 0.043552 0.000000 0.000000 0.043552 0.000000
12508.42 0.043467 0.000000 0.000000 0.043467 0.000000
12513.42 0.043383 0.000000 0.000000 0.043383 0.000000
12518.42 0.043299 0.000000 0.000000 0.043299 0.000000
12523.43 0.043215 0.000000 0.000000 0.043215 0.000000
12528.43 0.043132 0.000000 0.000000 0.043132 0.000000
12533.43 0.043049 0.000000 0.000000 0.043049 0.000000
12538.43 0.042965 0.000000 0.000000 0.042965 0.000000
12543.43 0.042882 0.000000 0.000000 0.042882 0.000000
12548.43 0.042799 0.000000 0.000000 0.042799 0.000000
12553.43 0.042717 0.000000 0.000000 0.042717 0.000000
12558.44 0.042634 0.000000 0.000000 0.042634 0.000000
12563.44 0.042552 0.000000 0.000000 0.042552 0.000000
12568.44 0.042470 0.000000 0.000000 0.042470 0.000000
12573.44 0.042388 0.000000 0.000000 0.042388 0.000000
12578.44 0.042306 0.000000 0.000000 0.042306 0.000000
12583.44 0.042225 0.000000 0.000000 0.042225 0.000000
12588.44 0.042143 0.000000 0.000000 0.042143 0.000000
12593.44 0.042062 0.000000 0.000000 0.042062 0.000000
12598.45 0.041981 0.000000 0.000000 0.041981 0.000000
12603.45 0.041900 0.000000 0.000000 0.041900 0.000000
12608.45 0.041819 0.000000 0.000000 0.041819 0.000000
12613.45 0.041739 0.000000 0.000000 0.041739 0.000000
12618.45 0.041658 0.000000 0.000000 0.041658 0.000000
12623.45 0.041578 0.000000 0.000000 0.041578 0.000000
12628.45 0.041498 0.000000 0.000000 0.041498 0.000000
12633.46 0.041419 0.000000 0.000000 0.041419 0.000000
12638.46 0.041339 0.000000 0.000000 0.041339 0.000000
12643.46 0.041259 0.000000 0.000000 0.041259 0.000000
12648.46 0.041180 0.000000 0.000000 0.041180 0.000000
12653.46 0.041101 0.000000 0.000000 0.041101 0.000000
12658.46 0.041022 0.000000 0.000000 0.041022 0.000000
12663.46 0.040943 0.000000 0.000000 0.040943 0.000000
12668.46 0.040865 0.000000 0.000000 0.040865 0.000000
12673.47 0.040786 0.000000 0.000000 0.040786 0.000000
12678.47 0.040708 0.000000 0.000000 0.040708 0.000000
12683.47 0.040630 0.000000 0.000000 0.040630 0.000000
12688.47 0.040552 0.000000 0.000000 0.040552 0.000000
12693.47 0.040474 0.000000 0.000000 0.040474 0.000000
12698.47 0.040397 0.000000 0.000000 0.040397 0.000000
12703.47 0.040319 0.000000 0.000000 0.040319 0.000000
12708.48 0.040242 0.000000 0.000000 0.040242 0.000000
12713.48 0.040165 0.000000 0.000000 0.040165 0.000000
12718.48 0.040088 0.000000 0.000000 0.040088 0.000000
12723.48 0.040012 0.000000 0.000000 0.040012 0.000000
12728.48 0.039935 0.000000 0.000000 0.039935 0.000000
12733.48 0.039859 0.000000 0.000000 0.039859 0.000000
12738.48 0.039783 0.000000 0.000000 0.039783 0.000000
12743.49 0.039707 0.000000 0.000000 0.039707 0.000000
12748.49 0.039631 0.000000 0.000000 0.039631 0.000000
12753.49 0.039555 0.000000 0.000000 0.039555 0.000000
12758.49 0.039480 0.000000 0.000000 0.039480 0.000000
12763.49 0.039404 0.000000 0.000000 0.039404 0.000000
12768.49 0.039329 0.000000 0.000000 0.039329 0.000000
12773.49 0.039254 0.000000 0.000000 0.039254 0.000000
12778.49 0.039180 0.000000 0.000000 0.039180 0.000000
12783.50 0.039105 0.000000 0.000000 0.039105 0.000000
12788.50 0.039030 0.000000 0.000000 0.039030 0.000000
12793.50 0.038956 0.000000 0.000000 0.038956 0.000000
12798.50 0.038882 0.000000 0.000000 0.038882 0.000000
12803.50 0.038808 0.000000 0.000000 0.038808 0.000000
12808.50 0.038734 0.000000 0.000000 0.038734 0.000000
12813.50 0.038661 0.000000 0.000000 0.038661 0.000000
12818.51 0.038587 0.000000 0.000000 0.038587 0.000000
12823.51 0.038514 0.000000 0.000000 0.038514 0.000000
12828.51 0.038441 0.000000 0.000000 0.038441 0.000000
12833.51 0.038368 0.000000 0.000000 0.038368 0.000000
12838.51 0.038295 0.000000 0.000000 0.038295 0.000000
12843.51 0.038222 0.000000 0.000000 0.038222 0.000000
12848.51 0.038150 0.000000 0.000000 0.038150 0.000000
12853.52 0.038078 0.000000 0.000000 0.038078 0.000000
12858.52 0.038006 0.000000 0.000000 0.038006 0.000000
12863.52 0.037934 0.000000 0.000000 0.037934 0.000000
12868.52 0.037862 0.000000 0.000000 0.037862 0.000000
12873.52 0.037790 0.000000 0.000000 0.037790 0.000000
12878.52 0.037719 0.000000 0.000000 0.037719 0.000000
12883.52 0.037647 0.000000 0.000000 0.037647 0.000000
12888.52 0.037576 0.000000 0.000000 0.037576 0.000000
12893.53 0.037505 0.000000 0.000000 0.037505 0.000000
12898.53 0.037434 0.000000 0.000000 0.037434 0.000000
12903.53 0.037364 0.000000 0.000000 0.037364 0.000000
12908.53 0.037293 0.000000 0.000000 0.037293 0.000000
12913.53 0.037223 0.000000 0.000000 0.037223 0.000000
12918.53 0.037153 0.000000 0.000000 0.037153 0.000000
12923.53 0.037083 0.000000 0.000000 0.037083 0.000000
12928.54 0.037013 0.000000 0.000000 0.037013 0.000000
12933.54 0.036943 0.000000 0.000000 0.036943 0.000000
12938.54 0.036874 0.000000 0.000000 0.036874 0.000000
12943.54 0.036805 0.000000 0.000000 0.036805 0.000000
12948.54 0.036735 0.000000 0.000000 0.036735 0.000000
12953.54 0.036666 0.000000 0.000000 0.036666 0.000000
12958.54 0.036598 0.000000 0.000000 0.036598 0.000000
12963.55 0.036529 0.000000 0.000000 0.036529 0.000000
12968.55 0.036460 0.000000 0.000000 0.036460 0.000000
12973.55 0.036392 0.000000 0.000000 0.036392 0.000000
12978.55 0.036324 0.000000 0.000000 0.036324 0.000000
12983.55 0.036256 0.000000 0.000000 0.036256 0.000000
12988.55 0.036188 0.000000 0.000000 0.036188 0.000000
12993.55 0.036120 0.000000 0.000000 0.036120 0.000000
12998.55 0.036052 0.000000 0.000000 0.036052 0.000000
13003.56 0.035985 0.000000 0.000000 0.035985 0.000000
13008.56 0.035918 0.000000 0.000000 0.035918 0.000000
13013.56 0.035851 0.000000 0.000000 0.035851 0.000000
13018.56 0.035784 0.000000 0.000000 0.035784 0.000000
13023.56 0.035717 0.000000 0.000000 0.035717 0.000000
13028.56 0.035650 0.000000 0.000000 0.035650 0.000000
13033.56 0.035584 0.000000 0.000000 0.035584 0.000000
13038.57 0.035518 0.000000 0.000000 0.035518 0.000000
13043.57 0.035451 0.000000 0.000000 0.035451 0.000000
13048.57 0.035386 0.000000 0.000000 0.035386 0.000000
13053.57 0.035320 0.000000 0.000000 0.035320 0.000000
13058.57 0.035254 0.000000 0.000000 0.035254 0.000000
13063.57 0.035188 0.000000 0.000000 0.035188 0.000000
13068.57 0.035123 0.000000 0.000000 0.035123 0.000000
13073.57 0.035058 0.000000 0.000000 0.035058 0.000000
13078.58 0.034993 0.000000 0.000000 0.034993 0.000000
13083.58 0.034928 0.000000 0.000000 0.034928 0.000000
13088.58 0.034863 0.000000 0.000000 0.034863 0.000000
13093.58 0.034799 0.000000 0.000000 0.034799 0.000000
13098.58 0.034734 0.000000 0.000000 0.034734 0.000000
13103.58 0.034670 0.000000 0.000000 0.034670 0.000000
13108.58 0.034606 0.000000 0.000000 0.034606 0.000000
13113.59 0.034542 0.000000 0.000000 0.034542 0.000000
13118.59 0.034478 0.000000 0.000000 0.034478 0.000000
13123.59 0.034414 0.000000 0.000000 0.034414 0.000000
13128.59 0.034351 0.000000 0.000000 0.034351 0.000000
13133.59 0.034288 0.000000 0.000000 0.034288 0.000000
13138.59 0.034224 0.000000 0.000000 0.034224 0.000000
13143.59 0.034161 0.000000 0.000000 0.034161 0.000000
13148.60 0.034098 0.000000 0.000000 0.034098 0.000000
13153.60 0.034036 0.000000 0.000000 0.034036 0.000000
13158.60 0.033973 0.000000 0.000000 0.033973 0.000000
13163.60 0.033911 0.000000 0.000000 0.033911 0.000000
13168.60 0.033848 0.000000 0.000000 0.033848 0.000000
13173.60 0.033786 0.000000 0.000000 0.033786 0.000000
13178.60 0.033724 0.000000 0.000000 0.033724 0.000000
13183.60 0.033662 0.000000 0.000000 0.033662 0.000000
13188.61 0.033601 0.000000 0.000000 0.033601 0.000000
13193.61 0.033539 0.000000 0.000000 0.033539 0.000000
13198.61 0.033478 0.000000 0.000000 0.033478 0.000000
13203.61 0.033417 0.000000 0.000000 0.033417 0.000000
13208.61 0.033355 0.000000 0.000000 0.033355 0.000000
13213.61 0.033295 0.000000 0.000000 0.033295 0.000000
13218.61 0.033234 0.000000 0.000000 0.033234 0.000000
13223.62 0.033173 0.000000 0.000000 0.033173 0.000000
13228.62 0.033113 0.000000 0.000000 0.033113 0.000000
13233.62 0.033052 0.000000 0.000000 0.033052 0.000000
13238.62 0.032992 0.000000 0.000000 0.032992 0.000000
13243.62 0.032932 0.000000 0.000000 0.032932 0.000000
13248.62 0.032872 0.000000 0.000000 0.032872 0.000000
13253.62 0.032812 0.000000 0.000000 0.032812 0.000000
13258.63 0.032753 0.000000 0.000000 0.032753 0.000000
13263.63 0.032693 0.000000 0.000000 0.032693 0.000000
13268.63 0.032634 0.000000 0.000000 0.032634 0.000000
13273.63 0.032575 0.000000 0.000000 0.032575 0.000000
13278.63 0.032516 0.000000 0.000000 0.032516 0.000000
13283.63 0.032457 0.000000 0.000000 0.032457 0.000000
13288.63 0.032398 0.000000 0.000000 0.032398 0.000000
13293.63 0.032340 0.000000 0.000000 0.032340 0.000000
13298.64 0.032281 0.000000 0.000000 0.032281 0.000000
13303.64 0.032223 0.000000 0.000000 0.032223 0.000000
13308.64 0.032165 0.000000 0.000000 0.032165 0.000000
13313.64 0.032107 0.000000 0.000000 0.032107 0.000000
13318.64 0.032049 0.000000 0.000000 0.032049 0.000000
13323.64 0.031991 0.000000 0.000000 0.031991 0.000000
13328.64 0.031934 0.000000 0.000000 0.031934 0.000000
13333.65 0.031876 0.000000 0.000000 0.031876 0.000000
13338.65 0.031819 0.000000 0.000000 0.031819 0.000000
13343.65 0.031762 0.000000 0.000000 0.031762 0.000000
13348.65 0.031705 0.000000 0.000000 0.031705 0.000000
13353.65 0.031648 0.000000 0.000000 0.031648 0.000000
13358.65 0.031592 0.000000 0.000000 0.031592 0.000000
13363.65 0.031535 0.000000 0.000000 0.031535 0.000000
13368.66 0.031479 0.000000 0.000000 0.031479 0.000000
13373.66 0.031422 0.000000 0.000000 0.031422 0.000000
13378.66 0.031366 0.000000 0.000000 0.031366 0.000000
13383.66 0.031310 0.000000 0.000000 0.031310 0.000000
13388.66 0.031254 0.000000 0.000000 0.031254 0.000000
13393.66 0.031199 0.000000 0.000000 0.031199 0.000000
13398.66 0.031143 0.000000 0.000000 0.031143 0.000000
13403.66 0.031088 0.000000 0.000000 0.031088 0.000000
13408.67 0.031032 0.000000 0.000000 0.031032 0.000000
13413.67 0.030977 0.000000 0.000000 0.030977 0.000000
13418.67 0.030922 0.000000 0.000000 0.030922 0.000000
13423.67 0.030867 0.000000 0.000000 0.030867 0.000000
13428.67 0.030813 0.000000 0.000000 0.030813 0.000000
13433.67 0.030758 0.000000 0.000000 0.030758 0.000000
13438.67 0.030704 0.000000 0.000000 0.030704 0.000000
13443.68 0.030649 0.000000 0.000000 0.030649 0.000000
13448.68 0.030595 0.000000 0.000000 0.030595 0.000000
13453.68 0.030541 0.000000 0.000000 0.030541 0.000000
13458.68 0.030487 0.000000 0.000000 0.030487 0.000000
13463.68 0.030434 0.000000 0.000000 0.030434 0.000000
13468.68 0.030380 0.000000 0.000000 0.030380 0.000000
13473.68 0.030326 0.000000 0.000000 0.030326 0.000000
13478.69 0.030273 0.000000 0.000000 0.030273 0.000000
13483.69 0.030220 0.000000 0.000000 0.030220 0.000000
13488.69 0.030167 0.000000 0.000000 0.030167 0.000000
13493.69 0.030114 0.000000 0.000000 0.030114 0.000000
13498.69 0.030061 0.000000 0.000000 0.030061 0.000000
13503.69 0.030009 0.000000 0.000000 0.030009 0.000000
13508.69 0.029956 0.000000 0.000000 0.029956 0.000000
13513.69 0.029904 0.000000 0.000000 0.029904 0.000000
13518.70 0.029851 0.000000 0.000000 0.029851 0.000000
13523.70 0.029799 0.000000 0.000000 0.029799 0.000000
13528.70 0.029747 0.000000 0.000000 0.029747 0.000000
13533.70 0.029695 0.000000 0.000000 0.029695 0.000000
13538.70 0.029644 0.000000 0.000000 0.029644 0.000000
13543.70 0.029592 0.000000 0.000000 0.029592 0.000000
13548.70 0.029541 0.000000 0.000000 0.029541 0.000000
13553.71 0.029489 0.000000 0.000000 0.029489 0.000000
13558.71 0.029438 0.000000 0.000000 0.029438 0.000000
13563.71 0.029387 0.000000 0.000000 0.029387 0.000000
13568.71 0.029336 0.000000 0.000000 0.029336 0.000000
13573.71 0.029286 0.000000 0.000000 0.029286 0.000000
13578.71 0.029235 0.000000 0.000000 0.029235 0.000000
13583.71 0.029184 0.000000 0.000000 0.029184 0.000000
13588.71 0.029134 0.000000 0.000000 0.029134 0.000000
13593.72 0.029084 0.000000 0.000000 0.029084 0.000000
13598.72 0.029034 0.000000 0.000000 0.029034 0.000000
13603.72 0.028984 0.000000 0.000000 0.028984 0.000000
13608.72 0.028934 0.000000 0.000000 0.028934 0.000000
13613.72 0.028884 0.000000 0.000000 0.028884 0.000000
13618.72 0.028835 0.000000 0.000000 0.028835 0.000000
13623.72 0.028785 0.000000 0.000000 0.028785 0.000000
13628.73 0.028736 0.000000 0.000000 0.028736 0.000000
13633.73 0.028687 0.000000 0.000000 0.028687 0.000000
13638.73 0.028638 0.000000 0.000000 0.028638 0.000000
13643.73 0.028589 0.000000 0.000000 0.028589 0.000000
13648.73 0.028540 0.000000 0.000000 0.028540 0.000000
13653.73 0.028491 0.000000 0.000000 0.028491 0.000000
13658.73 0.028443 0.000000 0.000000 0.028443 0.000000
13663.74 0.028394 0.000000 0.000000 0.028394 0.000000
13668.74 0.028346 0.000000 0.000000 0.028346 0.000000
13673.74 0.028298 0.000000 0.000000 0.028298 0.000000
13678.74 0.028250 0.000000 0.000000 0.028250 0.000000
13683.74 0.028202 0.000000 0.000000 0.028202 0.000000
13688.74 0.028154 0.000000 0.000000 0.028154 0.000000
13693.74 0.028107 0.000000 0.000000 0.028107 0.000000
13698.74 0.028059 0.000000 0.000000 0.028059 0.000000
13703.75 0.028012 0.000000 0.000000 0.028012 0.000000
13708.75 0.027964 0.000000 0.000000 0.027964 0.000000
13713.75 0.027917 0.000000 0.000000 0.027917 0.000000
13718.75 0.027870 0.000000 0.000000 0.027870 0.000000
13723.75 0.027823 0.000000 0.000000 0.027823 0.000000
13728.75 0.027777 0.000000 0.000000 0.027777 0.000000
13733.75 0.027730 0.000000 0.000000 0.027730 0.000000
13738.76 0.027683 0.000000 0.000000 0.027683 0.000000
13743.76 0.027637 0.000000 0.000000 0.027637 0.000000
13748.76 0.027591 0.000000 0.000000 0.027591 0.000000
13753.76 0.027545 0.000000 0.000000 0.027545 0.000000
13758.76 0.027499 0.000000 0.000000 0.027499 0.000000
13763.76 0.027453 0.000000 0.000000 0.027453 0.000000
13768.76 0.027407 0.000000 0.000000 0.027407 0.000000
13773.77 0.027361 0.000000 0.000000 0.027361 0.000000
13778.77 0.027316 0.000000 0.000000 0.027316 0.000000
13783.77 0.027271 0.000000 0.000000 0.027271 0.000000
13788.77 0.027225 0.000000 0.000000 0.027225 0.000000
13793.77 0.027180 0.000000 0.000000 0.027180 0.000000
13798.77 0.027135 0.000000 0.000000 0.027135 0.000000
13803.77 0.027090 0.000000 0.000000 0.027090 0.000000
13808.77 0.027045 0.000000 0.000000 0.027045 0.000000
13813.78 0.027001 0.000000 0.000000 0.027001 0.000000
13818.78 0.026956 0.000000 0.000000 0.026956 0.000000
13823.78 0.026912 0.000000 0.000000 0.026912 0.000000
13828.78 0.026868 0.000000 0.000000 0.026868 0.000000
13833.78 0.026823 0.000000 0.000000 0.026823 0.000000
13838.78 0.026779 0.000000 0.000000 0.026779 0.000000
13843.78 0.026735 0.000000 0.000000 0.026735 0.000000
13848.79 0.026692 0.000000 0.000000 0.026692 0.000000
13853.79 0.026648 0.000000 0.000000 0.026648 0.000000
13858.79 0.026604 0.000000 0.000000 0.026604 0.000000
13863.79 0.026561 0.000000 0.000000 0.026561 0.000000
13868.79 0.026518 0.000000 0.000000 0.026518 0.000000
13873.79 0.026474 0.000000 0.000000 0.026474 0.000000
13878.79 0.026431 0.000000 0.000000 0.026431 0.000000
13883.80 0.026388 0.000000 0.000000 0.026388 0.000000
13888.80 0.026346 0.000000 0.000000 0.026346 0.000000
13893.80 0.026303 0.000000 0.000000 0.026303 0.000000
13898.80 0.026260 0.000000 0.000000 0.026260 0.000000
13903.80 0.026218 0.000000 0.000000 0.026218 0.000000
13908.80 0.026175 0.000000 0.000000 0.026175 0.000000
13913.80 0.026133 0.000000 0.000000 0.026133 0.000000
13918.80 0.026091 0.000000 0.000000 0.026091 0.000000
13923.81 0.026049 0.000000 0.000000 0.026049 0.000000
13928.81 0.026007 0.000000 0.000000 0.026007 0.000000
13933.81 0.025965 0.000000 0.000000 0.025965 0.000000
13938.81 0.025924 0.000000 0.000000 0.025924 0.000000
13943.81 0.025882 0.000000 0.000000 0.025882 0.000000
13948.81 0.025841 0.000000 0.000000 0.025841 0.000000
13953.81 0.025799 0.000000 0.000000 0.025799 0.000000
13958.82 0.025758 0.000000 0.000000 0.025758 0.000000
13963.82 0.025717 0.000000 0.000000 0.025717 0.000000
13968.82 0.025676 0.000000 0.000000 0.025676 0.000000
13973.82 0.025635 0.000000 0.000000 0.025635 0.000000
13978.82 0.025594 0.000000 0.000000 0.025594 0.000000
13983.82 0.025554 0.000000 0.000000 0.025554 0.000000
13988.82 0.025513 0.000000 0.000000 0.025513 0.000000
13993.83 0.025473 0.000000 0.000000 0.025473 0.000000
13998.83 0.025432 0.000000 0.000000 0.025432 0.000000
14003.83 0.025392 0.000000 0.000000 0.025392 0.000000
14008.83 0.025352 0.000000 0.000000 0.025352 0.000000
14013.83 0.025312 0.000000 0.000000 0.025312 0.000000
14018.83 0.025272 0.000000 0.000000 0.025272 0.000000
14023.83 0.025233 0.000000 0.000000 0.025233 0.000000
14028.83 0.025193 0.000000 0.000000 0.025193 0.000000
14033.84 0.025153 0.000000 0.000000 0.025153 0.000000
14038.84 0.025114 0.000000 0.000000 0.025114 0.000000
14043.84 0.025075 0.000000 0.000000 0.025075 0.000000
14048.84 0.025036 0.000000 0.000000 0.025036 0.000000
14053.84 0.024997 0.000000 0.000000 0.024997 0.000000
14058.84 0.024958 0.000000 0.000000 0.024958 0.000000
14063.84 0.024919 0.000000 0.000000 0.024919 0.000000
14068.85 0.024880 0.000000 0.000000 0.024880 0.000000
14073.85 0.024841 0.000000 0.000000 0.024841 0.000000
14078.85 0.024803 0.000000 0.000000 0.024803 0.000000
14083.85 0.024765 0.000000 0.000000 0.024765 0.000000
14088.85 0.024726 0.000000 0.000000 0.024726 0.000000
14093.85 0.024688 0.000000 0.000000 0.024688 0.000000
14098.85 0.024650 0.000000 0.000000 0.024650 0.000000
14103.85 0.024612 0.000000 0.000000 0.024612 0.000000
14108.86 0.024574 0.000000 0.000000 0.024574 0.000000
14113.86 0.024536 0.000000 0.000000 0.024536 0.000000
14118.86 0.024499 0.000000 0.000000 0.024499 0.000000
14123.86 0.024461 0.000000 0.000000 0.024461 0.000000
14128.86 0.024424 0.000000 0.000000 0.024424 0.000000
14133.86 0.024386 0.000000 0.000000 0.024386 0.000000
14138.86 0.024349 0.000000 0.000000 0.024349 0.000000
14143.87 0.024312 0.000000 0.000000 0.024312 0.000000
14148.87 0.024275 0.000000 0.000000 0.024275 0.000000
14153.87 0.024238 0.000000 0.000000 0.024238 0.000000
14158.87 0.024201 0.000000 0.000000 0.024201 0.000000
14163.87 0.024165 0.000000 0.000000 0.024165 0.000000
14168.87 0.024128 0.000000 0.000000 0.024128 0.000000
14173.87 0.024092 0.000000 0.000000 0.024092 0.000000
14178.88 0.024055 0.000000 0.000000 0.024055 0.000000
14183.88 0.024019 0.000000 0.000000 0.024019 0.000000
14188.88 0.023983 0.000000 0.000000 0.023983 0.000000
14193.88 0.023947 0.000000 0.000000 0.023947 0.000000
14198.88 0.023911 0.000000 0.000000 0.023911 0.000000
14203.88 0.023875 0.000000 0.000000 0.023875 0.000000
14208.88 0.023839 0.000000 0.000000 0.023839 0.000000
14213.88 0.023804 0.000000 0.000000 0.023804 0.000000
14218.89 0.023768 0.000000 0.000000 0.023768 0.000000
14223.89 0.023733 0.000000 0.000000 0.023733 0.000000
14228.89 0.023698 0.000000 0.000000 0.023698 0.000000
14233.89 0.023662 0.000000 0.000000 0.023662 0.000000
14238.89 0.023627 0.000000 0.000000 0.023627 0.000000
14243.89 0.023592 0.000000 0.000000 0.023592 0.000000
14248.89 0.023557 0.000000 0.000000 0.023557 0.000000
14253.90 0.023522 0.000000 0.000000 0.023522 0.000000
14258.90 0.023488 0.000000 0.000000 0.023488 0.000000
14263.90 0.023453 0.000000 0.000000 0.023453 0.000000
14268.90 0.023419 0.000000 0.000000 0.023419 0.000000
14273.90 0.023384 0.000000 0.000000 0.023384 0.000000
14278.90 0.023350 0.000000 0.000000 0.023350 0.000000
14283.90 0.023316 0.000000 0.000000 0.023316 0.000000
14288.91 0.023282 0.000000 0.000000 0.023282 0.000000
14293.91 0.023248 0.000000 0.000000 0.023248 0.000000
14298.91 0.023214 0.000000 0.000000 0.023214 0.000000
14303.91 0.023180 0.000000 0.000000 0.023180 0.000000
14308.91 0.023036 0.000135 0.000000 0.023146 0.022926
14313.91 0.022837 0.000337 0.000000 0.023113 0.022562
14318.91 0.022694 0.000472 0.000000 0.023079 0.022308
14323.91 0.022658 0.000475 0.000000 0.023046 0.022270
14328.92 0.022758 0.000312 0.000000 0.023012 0.022503
14333.92 0.022998 0.000023 0.000000 0.022979 0.023016
14338.92 0.023303 0.000437 0.000000 0.022946 0.023660
14343.92 0.023538 0.000766 0.000000 0.022913 0.024164
14348.92 0.023620 0.000906 0.000000 0.022880 0.024360
14353.92 0.023533 0.000840 0.000000 0.022847 0.024219
14358.92 0.023299 0.000593 0.000000 0.022815 0.023783
14363.93 0.022979 0.000242 0.000000 0.022782 0.023177
14368.93 0.022666 0.000103 0.000000 0.022749 0.022582
14373.93 0.022459 0.000315 0.000000 0.022717 0.022202
14378.93 0.022427 0.000315 0.000000 0.022685 0.022170
14383.93 0.022554 0.000121 0.000000 0.022652 0.022455
14388.93 0.022751 0.000160 0.000000 0.022620 0.022882
14393.93 0.022918 0.000404 0.000000 0.022588 0.023248
14398.94 0.022985 0.000525 0.000000 0.022556 0.023413
14403.94 0.022925 0.000491 0.000000 0.022524 0.023326
14408.94 0.022755 0.000321 0.000000 0.022493 0.023017
14413.94 0.022522 0.000074 0.000000 0.022461 0.022583
14418.94 0.022303 0.000155 0.000000 0.022429 0.022176
14423.94 0.022168 0.000282 0.000000 0.022398 0.021937
14428.94 0.022144 0.000272 0.000000 0.022366 0.021922
14433.94 0.022206 0.000159 0.000000 0.022335 0.022076
14438.95 0.022291 0.000016 0.000000 0.022304 0.022278
14443.95 0.022340 0.000081 0.000000 0.022273 0.022406
14448.95 0.022325 0.000102 0.000000 0.022242 0.022409
14453.95 0.022245 0.000043 0.000000 0.022211 0.022280
14458.95 0.022121 0.000073 0.000000 0.022180 0.022061
14463.95 0.021994 0.000190 0.000000 0.022149 0.021839
14468.95 0.021915 0.000249 0.000000 0.022119 0.021712
14473.96 0.021901 0.000229 0.000000 0.022088 0.021714
14478.96 0.021919 0.000170 0.000000 0.022058 0.021780
14483.96 0.021918 0.000134 0.000000 0.022027 0.021809
14488.96 0.021873 0.000152 0.000000 0.021997 0.021749
14493.96 0.021794 0.000211 0.000000 0.021967 0.021622
14498.96 0.021727 0.000257 0.000000 0.021937 0.021518
14503.96 0.021548 0.000779 0.000000 0.000000 0.021548
14508.97 0.021735 0.001095 0.000000 0.000000 0.021735
14513.97 0.021954 0.001493 0.000000 0.000000 0.021954
14518.97 0.022083 0.001494 0.000000 0.000000 0.022083
14523.97 0.022121 0.001121 0.000000 0.000000 0.022121
14528.97 0.022121 0.000700 0.000000 0.000000 0.022121
14533.97 0.022105 0.000693 0.000000 0.000000 0.022105
14538.97 0.022067 0.000916 0.000000 0.000000 0.022067
14543.97 0.022018 0.000953 0.000000 0.000000 0.022018
14548.98 0.021985 0.000724 0.000000 0.000000 0.021985
14553.98 0.021975 0.000135 0.000000 0.000000 0.021975
14558.98 0.021937 0.000300 0.000000 0.000000 0.021937
14563.98 0.021823 0.000734 0.000000 0.000000 0.021823
14568.98 0.021636 0.000869 0.000000 0.000000 0.021636
14573.98 0.021440 0.000739 0.000000 0.000000 0.021440
14578.98 0.021302 0.000440 0.000000 0.000000 0.021302
14583.99 0.021256 0.000242 0.000000 0.000000 0.021256
14588.99 0.021286 0.000387 0.000000 0.000000 0.021286
14593.99 0.021333 0.000570 0.000000 0.000000 0.021333
14598.99 0.021323 0.000683 0.000000 0.000000 0.021323
14603.99 0.021201 0.000770 0.000000 0.000000 0.021201
14608.99 0.020967 0.000810 0.000000 0.000000 0.020967
14613.99 0.020699 0.000708 0.000000 0.000000 0.020699
14618.99 0.020524 0.000424 0.000000 0.000000 0.020524
14624.00 0.020550 0.000041 0.000000 0.000000 0.020550
14629.00 0.020799 0.000591 0.000000 0.000000 0.020799
14634.00 0.021188 0.000992 0.000000 0.000000 0.021188
14639.00 0.021563 0.001147 0.000000 0.000000 0.021563
14644.00 0.021757 0.000954 0.000000 0.000000 0.021757
14649.00 0.021653 0.000449 0.000000 0.000000 0.021653
14654.00 0.021239 0.000547 0.000000 0.000000 0.021239
14659.01 0.020636 0.001209 0.000000 0.000000 0.020636
14664.01 0.020074 0.001586 0.000000 0.000000 0.020074
14669.01 0.019812 0.001425 0.000000 0.000000 0.019812
14674.01 0.019884 0.000971 0.000000 0.000000 0.019884
14679.01 0.020216 0.000845 0.000000 0.000000 0.020216
14684.01 0.020610 0.001210 0.000000 0.000000 0.020610
14689.01 0.020891 0.001440 0.000000 0.000000 0.020891
14694.02 0.020951 0.001331 0.000000 0.000000 0.020951
14699.02 0.020651 0.000767 0.000000 0.000000 0.020651
14704.02 0.020052 0.000731 0.000000 0.000000 0.020052
14709.02 0.019431 0.001563 0.000000 0.000000 0.019431
14714.02 0.019072 0.002116 0.000000 0.000000 0.019072
14719.02 0.019131 0.002095 0.000000 0.000000 0.019131
14724.02 0.019535 0.001619 0.000000 0.000000 0.019535
14729.02 0.020056 0.000997 0.000000 0.000000 0.020056
14734.03 0.020387 0.000603 0.000000 0.000000 0.020387
14739.03 0.020424 0.000460 0.000000 0.000000 0.020424
14744.03 0.020248 0.000454 0.000000 0.000000 0.020248
14749.03 0.019936 0.000523 0.000000 0.000000 0.019936
14754.03 0.019608 0.000587 0.000000 0.000000 0.019608
14759.03 0.019395 0.000744 0.000000 0.000000 0.019395
14764.03 0.019375 0.001090 0.000000 0.000000 0.019375
14769.04 0.019545 0.001451 0.000000 0.000000 0.019545
14774.04 0.019815 0.001569 0.000000 0.000000 0.019815
14779.04 0.020082 0.001349 0.000000 0.000000 0.020082
14784.04 0.020213 0.000714 0.000000 0.000000 0.020213
14789.04 0.020207 0.000455 0.000000 0.000000 0.020207
14794.04 0.020092 0.001242 0.000000 0.000000 0.020092
14799.04 0.019958 0.001835 0.000000 0.000000 0.019958
14804.05 0.019886 0.002040 0.000000 0.000000 0.019886
14809.05 0.019902 0.001829 0.000000 0.000000 0.019902
14814.05 0.019974 0.001351 0.000000 0.000000 0.019974
14819.05 0.020033 0.000817 0.000000 0.000000 0.020033
14824.05 0.020015 0.000415 0.000000 0.000000 0.020015
14829.05 0.019894 0.000249 0.000000 0.000000 0.019894
14834.05 0.019692 0.000329 0.000000 0.000000 0.019692
14839.05 0.019475 0.000511 0.000000 0.000000 0.019475
14844.06 0.019320 0.000638 0.000000 0.000000 0.019320
14849.06 0.019269 0.000641 0.000000 0.000000 0.019269
14854.06 0.019340 0.000506 0.000000 0.000000 0.019340
14859.06 0.019510 0.000322 0.000000 0.000000 0.019510
14864.06 0.019705 0.000311 0.000000 0.000000 0.019705
14869.06 0.019837 0.000440 0.000000 0.000000 0.019837
14874.06 0.019844 0.000545 0.000000 0.000000 0.019844
14879.07 0.019713 0.000684 0.000000 0.000000 0.019713
14884.07 0.019487 0.000903 0.000000 0.000000 0.019487
14889.07 0.019238 0.001115 0.000000 0.000000 0.019238
14894.07 0.019059 0.001169 0.000000 0.000000 0.019059
14899.07 0.019006 0.001006 0.000000 0.000000 0.019006
14904.07 0.019152 0.000542 0.000000 0.000000 0.019152
14909.07 0.019424 0.000170 0.000000 0.000000 0.019424
14914.08 0.019747 0.000459 0.000000 0.000000 0.019747
14919.08 0.020005 0.000779 0.000000 0.000000 0.020005
14924.08 0.020118 0.000768 0.000000 0.000000 0.020118
14929.08 0.020059 0.000512 0.000000 0.000000 0.020059
14934.08 0.019860 0.000152 0.000000 0.000000 0.019860
14939.08 0.019601 0.000284 0.000000 0.000000 0.019601
14944.08 0.019403 0.000435 0.000000 0.000000 0.019403
14949.08 0.019323 0.000315 0.000000 0.000000 0.019323
14954.09 0.019349 0.000164 0.000000 0.000000 0.019349
14959.09 0.019476 0.000368 0.000000 0.000000 0.019476
14964.09 0.019656 0.000694 0.000000 0.000000 0.019656
14969.09 0.019821 0.000894 0.000000 0.000000 0.019821
14974.09 0.019949 0.000974 0.000000 0.000000 0.019949
14979.09 0.020052 0.000977 0.000000 0.000000 0.020052
14984.09 0.020118 0.000976 0.000000 0.000000 0.020118
14989.10 0.020127 0.000992 0.000000 0.000000 0.020127
14994.10 0.020070 0.001009 0.000000 0.000000 0.020070
14999.10 0.019914 0.000883 0.000000 0.000000 0.019914
15004.10 0.019726 0.000713 0.000000 0.000000 0.019726
15009.10 0.019540 0.000594 0.000000 0.000000 0.019540
15014.10 0.019321 0.000415 0.000000 0.000000 0.019321
15019.10 0.019094 0.000282 0.000000 0.000000 0.019094
15024.11 0.018910 0.000455 0.000000 0.000000 0.018910
15029.11 0.018792 0.000698 0.000000 0.000000 0.018792
15034.11 0.018758 0.000807 0.000000 0.000000 0.018758
15039.11 0.018795 0.000714 0.000000 0.000000 0.018795
15044.11 0.018876 0.000418 0.000000 0.000000 0.018876
15049.11 0.018999 0.000312 0.000000 0.000000 0.018999
15054.11 0.019087 0.000576 0.000000 0.000000 0.019087
15059.11 0.019090 0.000796 0.000000 0.000000 0.019090
15064.12 0.019012 0.000819 0.000000 0.000000 0.019012
15069.12 0.018861 0.000647 0.000000 0.000000 0.018861
15074.12 0.018656 0.000322 0.000000 0.000000 0.018656
15079.12 0.018397 0.000124 0.000000 0.000000 0.018397
15084.12 0.018152 0.000555 0.000000 0.000000 0.018152
15089.12 0.017998 0.000920 0.000000 0.000000 0.017998
15094.12 0.017956 0.001193 0.000000 0.000000 0.017956
15099.13 0.018030 0.001312 0.000000 0.000000 0.018030
15104.13 0.018196 0.001247 0.000000 0.000000 0.018196
15109.13 0.018410 0.000978 0.000000 0.000000 0.018410
15114.13 0.018615 0.000563 0.000000 0.000000 0.018615
15119.13 0.018745 0.000113 0.000000 0.000000 0.018745
15124.13 0.018757 0.000297 0.000000 0.000000 0.018757
15129.13 0.018646 0.000479 0.000000 0.000000 0.018646
15134.13 0.018460 0.000433 0.000000 0.000000 0.018460
15139.14 0.018273 0.000289 0.000000 0.000000 0.018273
15144.14 0.018177 0.000324 0.000000 0.000000 0.018177
15149.14 0.018224 0.000469 0.000000 0.000000 0.018224
15154.14 0.018388 0.000460 0.000000 0.000000 0.018388
15159.14 0.018623 0.000259 0.000000 0.000000 0.018623
15164.14 0.018812 0.000296 0.000000 0.000000 0.018812
15169.14 0.018847 0.000526 0.000000 0.000000 0.018847
15174.15 0.018717 0.000651 0.000000 0.000000 0.018717
15179.15 0.018438 0.000544 0.000000 0.000000 0.018438
15184.15 0.018077 0.000235 0.000000 0.000000 0.018077
15189.15 0.017743 0.000282 0.000000 0.000000 0.017743
15194.15 0.017542 0.000784 0.000000 0.000000 0.017542
15199.15 0.017529 0.001047 0.000000 0.000000 0.017529
15204.15 0.017687 0.001055 0.000000 0.000000 0.017687
15209.16 0.017936 0.000814 0.000000 0.000000 0.017936
15214.16 0.018182 0.000423 0.000000 0.000000 0.018182
15219.16 0.018329 0.000090 0.000000 0.000000 0.018329
15224.16 0.018323 0.000194 0.000000 0.000000 0.018323
15229.16 0.018173 0.000214 0.000000 0.000000 0.018173
15234.16 0.017942 0.000053 0.000000 0.000000 0.017942
15239.16 0.017680 0.000322 0.000000 0.000000 0.017680
15244.16 0.017462 0.000636 0.000000 0.000000 0.017462
15249.17 0.017333 0.000811 0.000000 0.000000 0.017333
15254.17 0.017294 0.000784 0.000000 0.000000 0.017294
15259.17 0.017316 0.000588 0.000000 0.000000 0.017316
15264.17 0.017361 0.000304 0.000000 0.000000 0.017361
15269.17 0.017413 0.000128 0.000000 0.000000 0.017413
15274.17 0.017472 0.000174 0.000000 0.000000 0.017472
15279.17 0.017554 0.000201 0.000000 0.000000 0.017554
15284.18 0.017675 0.000137 0.000000 0.000000 0.017675
15289.18 0.017836 0.000174 0.000000 0.000000 0.017836
15294.18 0.017961 0.000371 0.000000 0.000000 0.017961
15299.18 0.018016 0.000583 0.000000 0.000000 0.018016
15304.18 0.017968 0.000745 0.000000 0.000000 0.017968
15309.18 0.017810 0.000845 0.000000 0.000000 0.017810
15314.18 0.017578 0.000870 0.000000 0.000000 0.017578
15319.19 0.017345 0.000812 0.000000 0.000000 0.017345
15324.19 0.017184 0.000680 0.000000 0.000000 0.017184
15329.19 0.017156 0.000507 0.000000 0.000000 0.017156
15334.19 0.017267 0.000401 0.000000 0.000000 0.017267
15339.19 0.017462 0.000474 0.000000 0.000000 0.017462
15344.19 0.017645 0.000647 0.000000 0.000000 0.017645
15349.19 0.017706 0.000768 0.000000 0.000000 0.017706
15354.19 0.017581 0.000797 0.000000 0.000000 0.017581
15359.20 0.017286 0.000787 0.000000 0.000000 0.017286
15364.20 0.016897 0.000800 0.000000 0.000000 0.016897
15369.20 0.016521 0.000869 0.000000 0.000000 0.016521
15374.20 0.016268 0.000968 0.000000 0.000000 0.016268
15379.20 0.016188 0.001045 0.000000 0.000000 0.016188
15384.20 0.016332 0.001065 0.000000 0.000000 0.016332
15389.20 0.016637 0.000998 0.000000 0.000000 0.016637
15394.21 0.017004 0.000840 0.000000 0.000000 0.017004
15399.21 0.017317 0.000579 0.000000 0.000000 0.017317
15404.21 0.017513 0.000270 0.000000 0.000000 0.017513
15409.21 0.017564 0.000085 0.000000 0.000000 0.017564
15414.21 0.017495 0.000240 0.000000 0.000000 0.017495
15419.21 0.017355 0.000348 0.000000 0.000000 0.017355
15424.21 0.017198 0.000343 0.000000 0.000000 0.017198
15429.22 0.017058 0.000239 0.000000 0.000000 0.017058
15434.22 0.016944 0.000073 0.000000 0.000000 0.016944
15439.22 0.016842 0.000219 0.000000 0.000000 0.016842
15444.22 0.016727 0.000594 0.000000 0.000000 0.016727
15449.22 0.016589 0.000952 0.000000 0.000000 0.016589
15454.22 0.016442 0.001239 0.000000 0.000000 0.016442
15459.22 0.016315 0.001363 0.000000 0.000000 0.016315
15464.22 0.016247 0.001281 0.000000 0.000000 0.016247
15469.23 0.016272 0.000994 0.000000 0.000000 0.016272
15474.23 0.016388 0.000587 0.000000 0.000000 0.016388
15479.23 0.016561 0.000171 0.000000 0.000000 0.016561
15484.23 0.016739 0.000139 0.000000 0.000000 0.016739
15489.23 0.016872 0.000294 0.000000 0.000000 0.016872
15494.23 0.016928 0.000331 0.000000 0.000000 0.016928
15499.23 0.016897 0.000375 0.000000 0.000000 0.016897
15504.24 0.016794 0.000466 0.000000 0.000000 0.016794
15509.24 0.016649 0.000527 0.000000 0.000000 0.016649
15514.24 0.016497 0.000506 0.000000 0.000000 0.016497
15519.24 0.016360 0.000430 0.000000 0.000000 0.016360
15524.24 0.016257 0.000361 0.000000 0.000000 0.016257
15529.24 0.016181 0.000317 0.000000 0.000000 0.016181
15534.24 0.016109 0.000290 0.000000 0.000000 0.016109
15539.25 0.016080 0.000344 0.000000 0.000000 0.016080
15544.25 0.016104 0.000503 0.000000 0.000000 0.016104
15549.25 0.016186 0.000628 0.000000 0.000000 0.016186
15554.25 0.016319 0.000609 0.000000 0.000000 0.016319
15559.25 0.016471 0.000417 0.000000 0.000000 0.016471
15564.25 0.016600 0.000168 0.000000 0.000000 0.016600
15569.25 0.016660 0.000294 0.000000 0.000000 0.016660
15574.25 0.016617 0.000525 0.000000 0.000000 0.016617
15579.26 0.016481 0.000547 0.000000 0.000000 0.016481
15584.26 0.016294 0.000344 0.000000 0.000000 0.016294
15589.26 0.016115 0.000102 0.000000 0.000000 0.016115
15594.26 0.016002 0.000455 0.000000 0.000000 0.016002
15599.26 0.015995 0.000858 0.000000 0.000000 0.015995
15604.26 0.016104 0.001062 0.000000 0.000000 0.016104
15609.26 0.016294 0.001039 0.000000 0.000000 0.016294
15614.27 0.016505 0.000795 0.000000 0.000000 0.016505
15619.27 0.016676 0.000408 0.000000 0.000000 0.016676
15624.27 0.016756 0.000065 0.000000 0.000000 0.016756
15629.27 0.016722 0.000434 0.000000 0.000000 0.016722
15634.27 0.016582 0.000706 0.000000 0.000000 0.016582
15639.27 0.016382 0.000818 0.000000 0.000000 0.016382
15644.27 0.016182 0.000774 0.000000 0.000000 0.016182
15649.28 0.016034 0.000619 0.000000 0.000000 0.016034
15654.28 0.015956 0.000406 0.000000 0.000000 0.015956
15659.28 0.015962 0.000194 0.000000 0.000000 0.015962
15664.28 0.015997 0.000121 0.000000 0.000000 0.015997
15669.28 0.016034 0.000246 0.000000 0.000000 0.016034
15674.28 0.016061 0.000326 0.000000 0.000000 0.016061
15679.28 0.016052 0.000342 0.000000 0.000000 0.016052
15684.28 0.015954 0.000327 0.000000 0.000000 0.015954
15689.29 0.015856 0.000257 0.000000 0.000000 0.015856
15694.29 0.015765 0.000122 0.000000 0.000000 0.015765
15699.29 0.015718 0.000094 0.000000 0.000000 0.015718
15704.29 0.015708 0.000387 0.000000 0.000000 0.015708
15709.29 0.015701 0.000618 0.000000 0.000000 0.015701
15714.29 0.015650 0.000752 0.000000 0.000000 0.015650
15719.29 0.015538 0.000753 0.000000 0.000000 0.015538
15724.30 0.015382 0.000682 0.000000 0.000000 0.015382
15729.30 0.015218 0.000660 0.000000 0.000000 0.015218
15734.30 0.015113 0.000751 0.000000 0.000000 0.015113
15739.30 0.015123 0.000830 0.000000 0.000000 0.015123
15744.30 0.015240 0.000787 0.000000 0.000000 0.015240
15749.30 0.015426 0.000628 0.000000 0.000000 0.015426
15754.30 0.015672 0.000374 0.000000 0.000000 0.015672
15759.30 0.015923 0.000170 0.000000 0.000000 0.015923
15764.31 0.016107 0.000242 0.000000 0.000000 0.016107
15769.31 0.016182 0.000426 0.000000 0.000000 0.016182
15774.31 0.016136 0.000492 0.000000 0.000000 0.016136
15779.31 0.015999 0.000458 0.000000 0.000000 0.015999
15784.31 0.015820 0.000349 0.000000 0.000000 0.015820
15789.31 0.015662 0.000188 0.000000 0.000000 0.015662
15794.31 0.015571 0.000100 0.000000 0.000000 0.015571
15799.32 0.015555 0.000222 0.000000 0.000000 0.015555
15804.32 0.015607 0.000435 0.000000 0.000000 0.015607
15809.32 0.015690 0.000635 0.000000 0.000000 0.015690
15814.32 0.015760 0.000798 0.000000 0.000000 0.015760
15819.32 0.015780 0.000885 0.000000 0.000000 0.015780
15824.32 0.015735 0.000872 0.000000 0.000000 0.015735
15829.32 0.015627 0.000745 0.000000 0.000000 0.015627
15834.33 0.015474 0.000522 0.000000 0.000000 0.015474
15839.33 0.015339 0.000292 0.000000 0.000000 0.015339
15844.33 0.015252 0.000198 0.000000 0.000000 0.015252
15849.33 0.015205 0.000282 0.000000 0.000000 0.015205
15854.33 0.015204 0.000407 0.000000 0.000000 0.015204
15859.33 0.015236 0.000475 0.000000 0.000000 0.015236
15864.33 0.015295 0.000481 0.000000 0.000000 0.015295
15869.33 0.015370 0.000414 0.000000 0.000000 0.015370
15874.34 0.015444 0.000272 0.000000 0.000000 0.015444
15879.34 0.015510 0.000178 0.000000 0.000000 0.015510
15884.34 0.015568 0.000280 0.000000 0.000000 0.015568
15889.34 0.015611 0.000468 0.000000 0.000000 0.015611
15894.34 0.015629 0.000605 0.000000 0.000000 0.015629
15899.34 0.015614 0.000668 0.000000 0.000000 0.015614
15904.34 0.015568 0.000655 0.000000 0.000000 0.015568
15909.35 0.015496 0.000592 0.000000 0.000000 0.015496
15914.35 0.015419 0.000521 0.000000 0.000000 0.015419
15919.35 0.015362 0.000461 0.000000 0.000000 0.015362
15924.35 0.015336 0.000423 0.000000 0.000000 0.015336
15929.35 0.015353 0.000449 0.000000 0.000000 0.015353
15934.35 0.015399 0.000495 0.000000 0.000000 0.015399
15939.35 0.015441 0.000453 0.000000 0.000000 0.015441
15944.36 0.015501 0.000404 0.000000 0.000000 0.015501
15949.36 0.015536 0.000342 0.000000 0.000000 0.015536
15954.36 0.015520 0.000276 0.000000 0.000000 0.015520
15959.36 0.015439 0.000229 0.000000 0.000000 0.015439
15964.36 0.015307 0.000238 0.000000 0.000000 0.015307
15969.36 0.015161 0.000324 0.000000 0.000000 0.015161
15974.36 0.015063 0.000476 0.000000 0.000000 0.015063
15979.36 0.015056 0.000662 0.000000 0.000000 0.015056
15984.37 0.015118 0.000848 0.000000 0.000000 0.015118
15989.37 0.015238 0.001006 0.000000 0.000000 0.015238
15994.37 0.015386 0.001109 0.000000 0.000000 0.015386
15999.37 0.015520 0.001134 0.000000 0.000000 0.015520
16004.37 0.015589 0.001068 0.000000 0.000000 0.015589
16009.37 0.015533 0.000938 0.000000 0.000000 0.015533
16014.37 0.015367 0.000745 0.000000 0.000000 0.015367
16019.38 0.015142 0.000504 0.000000 0.000000 0.015142
16024.38 0.014915 0.000287 0.000000 0.000000 0.014915
16029.38 0.014745 0.000215 0.000000 0.000000 0.014745
16034.38 0.014666 0.000249 0.000000 0.000000 0.014666
16039.38 0.014680 0.000248 0.000000 0.000000 0.014680
16044.38 0.014754 0.000174 0.000000 0.000000 0.014754
16049.38 0.014842 0.000158 0.000000 0.000000 0.014842
16054.39 0.014921 0.000286 0.000000 0.000000 0.014921
16059.39 0.014949 0.000437 0.000000 0.000000 0.014949
16064.39 0.014892 0.000527 0.000000 0.000000 0.014892
16069.39 0.014778 0.000550 0.000000 0.000000 0.014778
16074.39 0.014642 0.000502 0.000000 0.000000 0.014642
16079.39 0.014523 0.000422 0.000000 0.000000 0.014523
16084.39 0.014438 0.000399 0.000000 0.000000 0.014438
16089.39 0.014402 0.000422 0.000000 0.000000 0.014402
16094.40 0.014420 0.000416 0.000000 0.000000 0.014420
16099.40 0.014466 0.000354 0.000000 0.000000 0.014466
16104.40 0.014513 0.000241 0.000000 0.000000 0.014513
16109.40 0.014537 0.000128 0.000000 0.000000 0.014537
16114.40 0.014530 0.000139 0.000000 0.000000 0.014530
16119.40 0.014497 0.000302 0.000000 0.000000 0.014497
16124.40 0.014454 0.000510 0.000000 0.000000 0.014454
16129.41 0.014423 0.000759 0.000000 0.000000 0.014423
16134.41 0.014418 0.001004 0.000000 0.000000 0.014418
16139.41 0.014445 0.001173 0.000000 0.000000 0.014445
16144.41 0.014503 0.001218 0.000000 0.000000 0.014503
16149.41 0.014565 0.001112 0.000000 0.000000 0.014565
16154.41 0.014598 0.000861 0.000000 0.000000 0.014598
16159.41 0.014605 0.000541 0.000000 0.000000 0.014605
16164.42 0.014552 0.000242 0.000000 0.000000 0.014552
16169.42 0.014439 0.000421 0.000000 0.000000 0.014439
16174.42 0.014301 0.000737 0.000000 0.000000 0.014301
16179.42 0.014175 0.000949 0.000000 0.000000 0.014175
16184.42 0.014092 0.001017 0.000000 0.000000 0.014092
16189.42 0.014070 0.000948 0.000000 0.000000 0.014070
16194.42 0.014107 0.000770 0.000000 0.000000 0.014107
16199.42 0.014185 0.000533 0.000000 0.000000 0.014185
16204.43 0.014269 0.000256 0.000000 0.000000 0.014269
16209.43 0.014322 0.000084 0.000000 0.000000 0.014322
16214.43 0.014320 0.000169 0.000000 0.000000 0.014320
16219.43 0.014253 0.000332 0.000000 0.000000 0.014253
16224.43 0.014134 0.000393 0.000000 0.000000 0.014134
16229.43 0.013997 0.000400 0.000000 0.000000 0.013997
16234.43 0.013877 0.000353 0.000000 0.000000 0.013877
16239.44 0.013806 0.000274 0.000000 0.000000 0.013806
16244.44 0.013804 0.000184 0.000000 0.000000 0.013804
16249.44 0.013863 0.000102 0.000000 0.000000 0.013863
16254.44 0.013957 0.000092 0.000000 0.000000 0.013957
16259.44 0.014049 0.000186 0.000000 0.000000 0.014049
16264.44 0.014108 0.000288 0.000000 0.000000 0.014108
16269.44 0.014114 0.000354 0.000000 0.000000 0.014114
16274.45 0.014067 0.000351 0.000000 0.000000 0.014067
16279.45 0.013982 0.000270 0.000000 0.000000 0.013982
16284.45 0.013892 0.000132 0.000000 0.000000 0.013892
16289.45 0.013828 0.000204 0.000000 0.000000 0.013828
16294.45 0.013815 0.000421 0.000000 0.000000 0.013815
16299.45 0.013860 0.000611 0.000000 0.000000 0.013860
16304.45 0.013952 0.000720 0.000000 0.000000 0.013952
16309.45 0.014060 0.000723 0.000000 0.000000 0.014060
16314.46 0.014149 0.000623 0.000000 0.000000 0.014149
16319.46 0.014185 0.000451 0.000000 0.000000 0.014185
16324.46 0.014145 0.000231 0.000000 0.000000 0.014145
16329.46 0.014028 0.000066 0.000000 0.000000 0.014028
16334.46 0.013853 0.000116 0.000000 0.000000 0.013853
16339.46 0.013656 0.000208 0.000000 0.000000 0.013656
16344.46 0.013477 0.000223 0.000000 0.000000 0.013477
16349.47 0.013379 0.000156 0.000000 0.000000 0.013379
16354.47 0.013349 0.000100 0.000000 0.000000 0.013349
16359.47 0.013399 0.000234 0.000000 0.000000 0.013399
16364.47 0.013521 0.000436 0.000000 0.000000 0.013521
16369.47 0.013686 0.000631 0.000000 0.000000 0.013686
16374.47 0.013868 0.000808 0.000000 0.000000 0.013868
16379.47 0.014027 0.000941 0.000000 0.000000 0.014027
16384.47 0.014090 0.000919 0.000000 0.000000 0.014090
16389.48 0.014037 0.000750 0.000000 0.000000 0.014037
16394.48 0.013901 0.000530 0.000000 0.000000 0.013901
16399.48 0.013704 0.000348 0.000000 0.000000 0.013704
16404.48 0.013484 0.000352 0.000000 0.000000 0.013484
16409.48 0.013276 0.000522 0.000000 0.000000 0.013276
16414.48 0.013098 0.000686 0.000000 0.000000 0.013098
16419.48 0.012955 0.000787 0.000000 0.000000 0.012955
16424.49 0.012860 0.000824 0.000000 0.000000 0.012860
16429.49 0.012825 0.000798 0.000000 0.000000 0.012825
16434.49 0.012845 0.000697 0.000000 0.000000 0.012845
16439.49 0.012906 0.000536 0.000000 0.000000 0.012906
16444.49 0.013011 0.000323 0.000000 0.000000 0.013011
16449.49 0.013160 0.000089 0.000000 0.000000 0.013160
16454.49 0.013332 0.000128 0.000000 0.000000 0.013332
16459.50 0.013505 0.000324 0.000000 0.000000 0.013505
16464.50 0.013654 0.000376 0.000000 0.000000 0.013654
16469.50 0.013755 0.000344 0.000000 0.000000 0.013755
16474.50 0.013793 0.000230 0.000000 0.000000 0.013793
16479.50 0.013761 0.000110 0.000000 0.000000 0.013761
16484.50 0.013665 0.000124 0.000000 0.000000 0.013665
16489.50 0.013520 0.000212 0.000000 0.000000 0.013520
16494.50 0.013339 0.000228 0.000000 0.000000 0.013339
16499.51 0.013163 0.000179 0.000000 0.000000 0.013163
16504.51 0.013021 0.000139 0.000000 0.000000 0.013021
16509.51 0.012930 0.000216 0.000000 0.000000 0.012930
16514.51 0.012901 0.000354 0.000000 0.000000 0.012901
16519.51 0.012930 0.000453 0.000000 0.000000 0.012930
16524.51 0.013003 0.000485 0.000000 0.000000 0.013003
16529.51 0.013096 0.000440 0.000000 0.000000 0.013096
16534.52 0.013185 0.000331 0.000000 0.000000 0.013185
16539.52 0.013245 0.000174 0.000000 0.000000 0.013245
16544.52 0.013261 0.000051 0.000000 0.000000 0.013261
16549.52 0.013229 0.000171 0.000000 0.000000 0.013229
16554.52 0.013157 0.000294 0.000000 0.000000 0.013157
16559.52 0.013062 0.000369 0.000000 0.000000 0.013062
16564.52 0.012963 0.000403 0.000000 0.000000 0.012963
16569.53 0.012881 0.000402 0.000000 0.000000 0.012881
16574.53 0.012825 0.000381 0.000000 0.000000 0.012825
16579.53 0.012799 0.000345 0.000000 0.000000 0.012799
16584.53 0.012793 0.000300 0.000000 0.000000 0.012793
16589.53 0.012789 0.000258 0.000000 0.000000 0.012789
16594.53 0.012775 0.000246 0.000000 0.000000 0.012775
16599.53 0.012740 0.000304 0.000000 0.000000 0.012740
16604.53 0.012673 0.000427 0.000000 0.000000 0.012673
16609.54 0.012578 0.000568 0.000000 0.000000 0.012578
16614.54 0.012467 0.000681 0.000000 0.000000 0.012467
16619.54 0.012361 0.000739 0.000000 0.000000 0.012361
16624.54 0.012282 0.000725 0.000000 0.000000 0.012282
16629.54 0.012253 0.000634 0.000000 0.000000 0.012253
16634.54 0.012279 0.000483 0.000000 0.000000 0.012279
16639.54 0.012374 0.000327 0.000000 0.000000 0.012374
16644.55 0.012546 0.000320 0.000000 0.000000 0.012546
16649.55 0.012758 0.000551 0.000000 0.000000 0.012758
16654.55 0.012990 0.000817 0.000000 0.000000 0.012990
16659.55 0.013203 0.001029 0.000000 0.000000 0.013203
16664.55 0.013352 0.001130 0.000000 0.000000 0.013352
16669.55 0.013405 0.001095 0.000000 0.000000 0.013405
16674.55 0.013352 0.000932 0.000000 0.000000 0.013352
16679.56 0.013204 0.000685 0.000000 0.000000 0.013204
16684.56 0.012991 0.000393 0.000000 0.000000 0.012991
16689.56 0.012748 0.000208 0.000000 0.000000 0.012748
16694.56 0.012512 0.000271 0.000000 0.000000 0.012512
16699.56 0.012315 0.000443 0.000000 0.000000 0.012315
16704.56 0.012181 0.000554 0.000000 0.000000 0.012181
16709.56 0.012128 0.000598 0.000000 0.000000 0.012128
16714.56 0.012147 0.000571 0.000000 0.000000 0.012147
16719.57 0.012224 0.000502 0.000000 0.000000 0.012224
16724.57 0.012340 0.000458 0.000000 0.000000 0.012340
16729.57 0.012466 0.000461 0.000000 0.000000 0.012466
16734.57 0.012574 0.000476 0.000000 0.000000 0.012574
16739.57 0.012631 0.000444 0.000000 0.000000 0.012631
16744.57 0.012628 0.000355 0.000000 0.000000 0.012628
16749.57 0.012605 0.000265 0.000000 0.000000 0.012605
16754.58 0.012564 0.000182 0.000000 0.000000 0.012564
16759.58 0.012510 0.000181 0.000000 0.000000 0.012510
16764.58 0.012464 0.000220 0.000000 0.000000 0.012464
16769.58 0.012450 0.000231 0.000000 0.000000 0.012450
16774.58 0.012479 0.000243 0.000000 0.000000 0.012479
16779.58 0.012546 0.000330 0.000000 0.000000 0.012546
16784.58 0.012623 0.000494 0.000000 0.000000 0.012623
16789.59 0.012681 0.000658 0.000000 0.000000 0.012681
16794.59 0.012695 0.000754 0.000000 0.000000 0.012695
16799.59 0.012655 0.000770 0.000000 0.000000 0.012655
16804.59 0.012546 0.000692 0.000000 0.000000 0.012546
16809.59 0.012379 0.000539 0.000000 0.000000 0.012379
16814.59 0.012183 0.000352 0.000000 0.000000 0.012183
16819.59 0.011994 0.000214 0.000000 0.000000 0.011994
16824.59 0.011847 0.000191 0.000000 0.000000 0.011847
16829.60 0.011770 0.000229 0.000000 0.000000 0.011770
16834.60 0.011775 0.000225 0.000000 0.000000 0.011775
16839.60 0.011852 0.000200 0.000000 0.000000 0.011852
16844.60 0.011979 0.000227 0.000000 0.000000 0.011979
16849.60 0.012117 0.000311 0.000000 0.000000 0.012117
16854.60 0.012226 0.000403 0.000000 0.000000 0.012226
16859.60 0.012283 0.000453 0.000000 0.000000 0.012283
16864.61 0.012283 0.000441 0.000000 0.000000 0.012283
16869.61 0.012236 0.000395 0.000000 0.000000 0.012236
16874.61 0.012164 0.000371 0.000000 0.000000 0.012164
16879.61 0.012089 0.000388 0.000000 0.000000 0.012089
16884.61 0.012029 0.000421 0.000000 0.000000 0.012029
16889.61 0.012015 0.000442 0.000000 0.000000 0.012015
16894.61 0.012051 0.000449 0.000000 0.000000 0.012051
16899.62 0.012113 0.000480 0.000000 0.000000 0.012113
16904.62 0.012179 0.000564 0.000000 0.000000 0.012179
16909.62 0.012229 0.000679 0.000000 0.000000 0.012229
16914.62 0.012240 0.000766 0.000000 0.000000 0.012240
16919.62 0.012204 0.000787 0.000000 0.000000 0.012204
16924.62 0.012127 0.000733 0.000000 0.000000 0.012127
16929.62 0.012028 0.000624 0.000000 0.000000 0.012028
16934.62 0.011926 0.000505 0.000000 0.000000 0.011926
16939.63 0.011858 0.000427 0.000000 0.000000 0.011858
16944.63 0.011827 0.000377 0.000000 0.000000 0.011827
16949.63 0.011828 0.000317 0.000000 0.000000 0.011828
16954.63 0.011867 0.000221 0.000000 0.000000 0.011867
16959.63 0.011921 0.000114 0.000000 0.000000 0.011921
16964.63 0.011975 0.000131 0.000000 0.000000 0.011975
16969.63 0.012009 0.000250 0.000000 0.000000 0.012009
16974.64 0.012005 0.000360 0.000000 0.000000 0.012005
16979.64 0.011958 0.000411 0.000000 0.000000 0.011958
16984.64 0.011888 0.000385 0.000000 0.000000 0.011888
16989.64 0.011816 0.000283 0.000000 0.000000 0.011816
16994.64 0.011753 0.000163 0.000000 0.000000 0.011753
16999.64 0.011711 0.000123 0.000000 0.000000 0.011711
17004.64 0.011702 0.000196 0.000000 0.000000 0.011702
17009.65 0.011725 0.000259 0.000000 0.000000 0.011725
17014.65 0.011763 0.000255 0.000000 0.000000 0.011763
17019.65 0.011796 0.000192 0.000000 0.000000 0.011796
17024.65 0.011808 0.000081 0.000000 0.000000 0.011808
17029.65 0.011782 0.000029 0.000000 0.000000 0.011782
17034.65 0.011716 0.000158 0.000000 0.000000 0.011716
17039.65 0.011617 0.000241 0.000000 0.000000 0.011617
17044.65 0.011493 0.000286 0.000000 0.000000 0.011493
17049.66 0.011370 0.000287 0.000000 0.000000 0.011370
17054.66 0.011278 0.000236 0.000000 0.000000 0.011278
17059.66 0.011232 0.000175 0.000000 0.000000 0.011232
17064.66 0.011239 0.000169 0.000000 0.000000 0.011239
17069.66 0.011294 0.000225 0.000000 0.000000 0.011294
17074.66 0.011385 0.000275 0.000000 0.000000 0.011385
17079.66 0.011495 0.000284 0.000000 0.000000 0.011495
17084.67 0.011599 0.000248 0.000000 0.000000 0.011599
17089.67 0.011686 0.000184 0.000000 0.000000 0.011686
17094.67 0.011738 0.000158 0.000000 0.000000 0.011738
17099.67 0.011744 0.000217 0.000000 0.000000 0.011744
17104.67 0.011722 0.000320 0.000000 0.000000 0.011722
17109.67 0.011672 0.000400 0.000000 0.000000 0.011672
17114.67 0.011606 0.000428 0.000000 0.000000 0.011606
17119.67 0.011534 0.000389 0.000000 0.000000 0.011534
17124.68 0.011462 0.000292 0.000000 0.000000 0.011462
17129.68 0.011399 0.000136 0.000000 0.000000 0.011399
17134.68 0.011347 0.000052 0.000000 0.000000 0.011347
17139.68 0.011310 0.000198 0.000000 0.000000 0.011310
17144.68 0.011288 0.000316 0.000000 0.000000 0.011288
17149.68 0.011280 0.000370 0.000000 0.000000 0.011280
17154.68 0.011285 0.000355 0.000000 0.000000 0.011285
17159.69 0.011299 0.000272 0.000000 0.000000 0.011299
17164.69 0.011318 0.000131 0.000000 0.000000 0.011318
17169.69 0.011340 0.000054 0.000000 0.000000 0.011340
17174.69 0.011357 0.000214 0.000000 0.000000 0.011357
17179.69 0.011363 0.000357 0.000000 0.000000 0.011363
17184.69 0.011352 0.000440 0.000000 0.000000 0.011352
17189.69 0.011322 0.000468 0.000000 0.000000 0.011322
17194.70 0.011274 0.000436 0.000000 0.000000 0.011274
17199.70 0.011214 0.000364 0.000000 0.000000 0.011214
17204.70 0.011151 0.000282 0.000000 0.000000 0.011151
17209.70 0.011097 0.000221 0.000000 0.000000 0.011097
17214.70 0.011064 0.000203 0.000000 0.000000 0.011064
17219.70 0.011054 0.000217 0.000000 0.000000 0.011054
17224.70 0.011067 0.000234 0.000000 0.000000 0.011067
17229.70 0.011106 0.000237 0.000000 0.000000 0.011106
17234.71 0.011166 0.000236 0.000000 0.000000 0.011166
17239.71 0.011235 0.000239 0.000000 0.000000 0.011235
17244.71 0.011298 0.000248 0.000000 0.000000 0.011298
17249.71 0.011350 0.000260 0.000000 0.000000 0.011350
17254.71 0.011375 0.000262 0.000000 0.000000 0.011375
17259.71 0.011377 0.000260 0.000000 0.000000 0.011377
17264.71 0.011367 0.000262 0.000000 0.000000 0.011367
17269.72 0.011333 0.000250 0.000000 0.000000 0.011333
17274.72 0.011283 0.000232 0.000000 0.000000 0.011283
17279.72 0.011227 0.000215 0.000000 0.000000 0.011227
17284.72 0.011174 0.000205 0.000000 0.000000 0.011174
17289.72 0.011132 0.000203 0.000000 0.000000 0.011132
17294.72 0.011107 0.000206 0.000000 0.000000 0.011107
17299.72 0.011101 0.000212 0.000000 0.000000 0.011101
17304.73 0.011113 0.000226 0.000000 0.000000 0.011113
17309.73 0.011141 0.000253 0.000000 0.000000 0.011141
17314.73 0.011180 0.000292 0.000000 0.000000 0.011180
17319.73 0.011218 0.000334 0.000000 0.000000 0.011218
17324.73 0.011243 0.000365 0.000000 0.000000 0.011243
17329.73 0.011242 0.000370 0.000000 0.000000 0.011242
17334.73 0.011215 0.000343 0.000000 0.000000 0.011215
17339.73 0.011169 0.000290 0.000000 0.000000 0.011169
17344.74 0.011107 0.000217 0.000000 0.000000 0.011107
17349.74 0.011031 0.000122 0.000000 0.000000 0.011031
17354.74 0.010951 0.000073 0.000000 0.000000 0.010951
17359.74 0.010870 0.000154 0.000000 0.000000 0.010870
17364.74 0.010793 0.000275 0.000000 0.000000 0.010793
17369.74 0.010723 0.000393 0.000000 0.000000 0.010723
17374.74 0.010663 0.000489 0.000000 0.000000 0.010663
17379.75 0.010624 0.000552 0.000000 0.000000 0.010624
17384.75 0.010611 0.000574 0.000000 0.000000 0.010611
17389.75 0.010615 0.000541 0.000000 0.000000 0.010615
17394.75 0.010636 0.000463 0.000000 0.000000 0.010636
17399.75 0.010674 0.000358 0.000000 0.000000 0.010674
17404.75 0.010721 0.000253 0.000000 0.000000 0.010721
17409.75 0.010768 0.000192 0.000000 0.000000 0.010768
17414.76 0.010807 0.000195 0.000000 0.000000 0.010807
17419.76 0.010835 0.000216 0.000000 0.000000 0.010835
17424.76 0.010844 0.000221 0.000000 0.000000 0.010844
17429.76 0.010840 0.000165 0.000000 0.000000 0.010840
17434.76 0.010821 0.000083 0.000000 0.000000 0.010821
17439.76 0.010803 0.000071 0.000000 0.000000 0.010803
17444.76 0.010812 0.000144 0.000000 0.000000 0.010812
17449.76 0.010821 0.000179 0.000000 0.000000 0.010821
17454.77 0.010819 0.000184 0.000000 0.000000 0.010819
17459.77 0.010797 0.000168 0.000000 0.000000 0.010797
17464.77 0.010752 0.000136 0.000000 0.000000 0.010752
17469.77 0.010685 0.000104 0.000000 0.000000 0.010685
17474.77 0.010603 0.000089 0.000000 0.000000 0.010603
17479.77 0.010514 0.000097 0.000000 0.000000 0.010514
17484.77 0.010432 0.000116 0.000000 0.000000 0.010432
17489.78 0.010367 0.000133 0.000000 0.000000 0.010367
17494.78 0.010327 0.000146 0.000000 0.000000 0.010327
17499.78 0.010315 0.000154 0.000000 0.000000 0.010315
17504.78 0.010328 0.000158 0.000000 0.000000 0.010328
17509.78 0.010357 0.000155 0.000000 0.000000 0.010357
17514.78 0.010391 0.000142 0.000000 0.000000 0.010391
17519.78 0.010419 0.000121 0.000000 0.000000 0.010419
17524.79 0.010432 0.000094 0.000000 0.000000 0.010432
17529.79 0.010428 0.000068 0.000000 0.000000 0.010428
17534.79 0.010408 0.000048 0.000000 0.000000 0.010408
17539.79 0.010381 0.000039 0.000000 0.000000 0.010381
17544.79 0.010359 0.000054 0.000000 0.000000 0.010359
17549.79 0.010352 0.000103 0.000000 0.000000 0.010352
17554.79 0.010370 0.000182 0.000000 0.000000 0.010370
17559.79 0.010418 0.000282 0.000000 0.000000 0.010418
17564.80 0.010495 0.000388 0.000000 0.000000 0.010495
17569.80 0.010587 0.000481 0.000000 0.000000 0.010587
17574.80 0.010684 0.000548 0.000000 0.000000 0.010684
17579.80 0.010764 0.000576 0.000000 0.000000 0.010764
17584.80 0.010799 0.000539 0.000000 0.000000 0.010799
17589.80 0.010789 0.000461 0.000000 0.000000 0.010789
17594.80 0.010731 0.000355 0.000000 0.000000 0.010731
17599.81 0.010625 0.000240 0.000000 0.000000 0.010625
17604.81 0.010486 0.000170 0.000000 0.000000 0.010486
17609.81 0.010330 0.000188 0.000000 0.000000 0.010330
17614.81 0.010177 0.000246 0.000000 0.000000 0.010177
17619.81 0.010044 0.000291 0.000000 0.000000 0.010044
17624.81 0.009944 0.000303 0.000000 0.000000 0.009944
17629.81 0.009885 0.000282 0.000000 0.000000 0.009885
17634.82 0.009868 0.000234 0.000000 0.000000 0.009868
17639.82 0.009885 0.000170 0.000000 0.000000 0.009885
17644.82 0.009925 0.000111 0.000000 0.000000 0.009925
17649.82 0.009975 0.000094 0.000000 0.000000 0.009975
17654.82 0.010020 0.000117 0.000000 0.000000 0.010020
17659.82 0.010050 0.000137 0.000000 0.000000 0.010050
17664.82 0.010059 0.000130 0.000000 0.000000 0.010059
17669.82 0.010048 0.000091 0.000000 0.000000 0.010048
17674.83 0.010022 0.000042 0.000000 0.000000 0.010022
17679.83 0.009987 0.000038 0.000000 0.000000 0.009987
17684.83 0.009952 0.000103 0.000000 0.000000 0.009952
17689.83 0.009923 0.000142 0.000000 0.000000 0.009923
17694.83 0.009907 0.000147 0.000000 0.000000 0.009907
17699.83 0.009904 0.000101 0.000000 0.000000 0.009904
17704.83 0.009914 0.000044 0.000000 0.000000 0.009914
17709.84 0.009933 0.000069 0.000000 0.000000 0.009933
17714.84 0.009955 0.000170 0.000000 0.000000 0.009955
17719.84 0.009973 0.000267 0.000000 0.000000 0.009973
17724.84 0.009983 0.000323 0.000000 0.000000 0.009983
17729.84 0.009982 0.000332 0.000000 0.000000 0.009982
17734.84 0.009968 0.000284 0.000000 0.000000 0.009968
17739.84 0.009945 0.000180 0.000000 0.000000 0.009945
17744.85 0.009917 0.000066 0.000000 0.000000 0.009917
17749.85 0.009890 0.000097 0.000000 0.000000 0.009890
17754.85 0.009871 0.000279 0.000000 0.000000 0.009871
17759.85 0.009864 0.000411 0.000000 0.000000 0.009864
17764.85 0.009877 0.000506 0.000000 0.000000 0.009877
17769.85 0.009910 0.000566 0.000000 0.000000 0.009910
17774.85 0.009962 0.000590 0.000000 0.000000 0.009962
17779.85 0.010027 0.000593 0.000000 0.000000 0.010027
17784.86 0.010096 0.000583 0.000000 0.000000 0.010096
17789.86 0.010161 0.000566 0.000000 0.000000 0.010161
17794.86 0.010210 0.000540 0.000000 0.000000 0.010210
17799.86 0.010236 0.000505 0.000000 0.000000 0.010236
17804.86 0.010233 0.000465 0.000000 0.000000 0.010233
17809.86 0.010204 0.000427 0.000000 0.000000 0.010204
17814.86 0.010151 0.000406 0.000000 0.000000 0.010151
17819.87 0.010083 0.000407 0.000000 0.000000 0.010083
17824.87 0.010010 0.000427 0.000000 0.000000 0.010010
17829.87 0.009940 0.000456 0.000000 0.000000 0.009940
17834.87 0.009882 0.000482 0.000000 0.000000 0.009882
17839.87 0.009840 0.000505 0.000000 0.000000 0.009840
17844.87 0.009813 0.000526 0.000000 0.000000 0.009813
17849.87 0.009800 0.000545 0.000000 0.000000 0.009800
17854.87 0.009791 0.000560 0.000000 0.000000 0.009791
17859.88 0.009778 0.000559 0.000000 0.000000 0.009778
17864.88 0.009752 0.000527 0.000000 0.000000 0.009752
17869.88 0.009708 0.000456 0.000000 0.000000 0.009708
17874.88 0.009647 0.000342 0.000000 0.000000 0.009647
17879.88 0.009577 0.000189 0.000000 0.000000 0.009577
17884.88 0.009505 0.000075 0.000000 0.000000 0.009505
17889.88 0.009441 0.000129 0.000000 0.000000 0.009441
17894.89 0.009393 0.000303 0.000000 0.000000 0.009393
17899.89 0.009365 0.000410 0.000000 0.000000 0.009365
17904.89 0.009362 0.000461 0.000000 0.000000 0.009362
17909.89 0.009383 0.000445 0.000000 0.000000 0.009383
17914.89 0.009425 0.000355 0.000000 0.000000 0.009425
17919.89 0.009485 0.000208 0.000000 0.000000 0.009485
17924.89 0.009557 0.000097 0.000000 0.000000 0.009557
17929.90 0.009630 0.000245 0.000000 0.000000 0.009630
17934.90 0.009691 0.000484 0.000000 0.000000 0.009691
17939.90 0.009736 0.000640 0.000000 0.000000 0.009736
17944.90 0.009759 0.000734 0.000000 0.000000 0.009759
17949.90 0.009762 0.000747 0.000000 0.000000 0.009762
17954.90 0.009750 0.000683 0.000000 0.000000 0.009750
17959.90 0.009728 0.000561 0.000000 0.000000 0.009728
17964.90 0.009702 0.000406 0.000000 0.000000 0.009702
17969.91 0.009672 0.000246 0.000000 0.000000 0.009672
17974.91 0.009639 0.000109 0.000000 0.000000 0.009639
17979.91 0.009600 0.000069 0.000000 0.000000 0.009600
17984.91 0.009552 0.000108 0.000000 0.000000 0.009552
17989.91 0.009493 0.000122 0.000000 0.000000 0.009493
17994.91 0.009423 0.000105 0.000000 0.000000 0.009423
17999.91 0.009345 0.000085 0.000000 0.000000 0.009345
18004.92 0.009263 0.000090 0.000000 0.000000 0.009263
18009.92 0.009185 0.000122 0.000000 0.000000 0.009185
18014.92 0.009117 0.000146 0.000000 0.000000 0.009117
18019.92 0.009068 0.000149 0.000000 0.000000 0.009068
18024.92 0.009042 0.000131 0.000000 0.000000 0.009042
18029.92 0.009043 0.000110 0.000000 0.000000 0.009043
18034.92 0.009067 0.000116 0.000000 0.000000 0.009067
18039.93 0.009108 0.000159 0.000000 0.000000 0.009108
18044.93 0.009156 0.000218 0.000000 0.000000 0.009156
18049.93 0.009202 0.000275 0.000000 0.000000 0.009202
18054.93 0.009238 0.000323 0.000000 0.000000 0.009238
18059.93 0.009260 0.000358 0.000000 0.000000 0.009260
18064.93 0.009268 0.000379 0.000000 0.000000 0.009268
18069.93 0.009266 0.000384 0.000000 0.000000 0.009266
18074.93 0.009263 0.000371 0.000000 0.000000 0.009263
18079.94 0.009262 0.000342 0.000000 0.000000 0.009262
18084.94 0.009250 0.000327 0.000000 0.000000 0.009250
18089.94 0.009227 0.000323 0.000000 0.000000 0.009227
18094.94 0.009212 0.000313 0.000000 0.000000 0.009212
18099.94 0.009218 0.000299 0.000000 0.000000 0.009218
18104.94 0.009237 0.000296 0.000000 0.000000 0.009237
18109.94 0.009268 0.000314 0.000000 0.000000 0.009268
18114.95 0.009309 0.000352 0.000000 0.000000 0.009309
18119.95 0.009354 0.000411 0.000000 0.000000 0.009354
18124.95 0.009401 0.000493 0.000000 0.000000 0.009401
18129.95 0.009446 0.000601 0.000000 0.000000 0.009446
18134.95 0.009488 0.000734 0.000000 0.000000 0.009488
18139.95 0.009519 0.000874 0.000000 0.000000 0.009519
18144.95 0.009533 0.000998 0.000000 0.000000 0.009533
18149.96 0.009524 0.001082 0.000000 0.000000 0.009524
18154.96 0.009494 0.001113 0.000000 0.000000 0.009494
18159.96 0.009450 0.001089 0.000000 0.000000 0.009450
18164.96 0.009401 0.001021 0.000000 0.000000 0.009401
18169.96 0.009353 0.000923 0.000000 0.000000 0.009353
18174.96 0.009308 0.000814 0.000000 0.000000 0.009308
18179.96 0.009267 0.000711 0.000000 0.000000 0.009267
18184.96 0.009231 0.000629 0.000000 0.000000 0.009231
18189.97 0.009204 0.000583 0.000000 0.000000 0.009204
18194.97 0.009196 0.000587 0.000000 0.000000 0.009196
18199.97 0.009224 0.000661 0.000000 0.000000 0.009224
18204.97 0.009296 0.000812 0.000000 0.000000 0.009296
18209.97 0.009397 0.001006 0.000000 0.000000 0.009397
18214.97 0.009484 0.001156 0.000000 0.000000 0.009484
18219.97 0.009513 0.001188 0.000000 0.000000 0.009513
18224.98 0.009484 0.001096 0.000000 0.000000 0.009484
18229.98 0.009426 0.000934 0.000000 0.000000 0.009426
18234.98 0.009364 0.000756 0.000000 0.000000 0.009364
18239.98 0.009303 0.000598 0.000000 0.000000 0.009303
18244.98 0.009237 0.000478 0.000000 0.000000 0.009237
18249.98 0.009155 0.000398 0.000000 0.000000 0.009155
18254.98 0.009051 0.000346 0.000000 0.000000 0.009051
18259.99 0.008918 0.000314 0.000000 0.000000 0.008918
18264.99 0.008760 0.000309 0.000000 0.000000 0.008760
18269.99 0.008585 0.000353 0.000000 0.000000 0.008585
18274.99 0.008418 0.000423 0.000000 0.000000 0.008418
18279.99 0.008293 0.000470 0.000000 0.000000 0.008293
18284.99 0.008232 0.000458 0.000000 0.000000 0.008232
18289.99 0.008257 0.000368 0.000000 0.000000 0.008257
18294.99 0.008359 0.000226 0.000000 0.000000 0.008359
18300.00 0.008509 0.000123 0.000000 0.000000 0.008509
18305.00 0.008680 0.000166 0.000000 0.000000 0.008680
18310.00 0.008858 0.000281 0.000000 0.000000 0.008858
18315.00 0.009031 0.000411 0.000000 0.000000 0.009031
18320.00 0.009187 0.000541 0.000000 0.000000 0.009187
18325.00 0.009317 0.000658 0.000000 0.000000 0.009317
18330.00 0.009412 0.000758 0.000000 0.000000 0.009412
18335.01 0.009473 0.000853 0.000000 0.000000 0.009473
18340.01 0.009499 0.000963 0.000000 0.000000 0.009499
18345.01 0.009489 0.001094 0.000000 0.000000 0.009489
18350.01 0.009427 0.001199 0.000000 0.000000 0.009427
18355.01 0.009291 0.001206 0.000000 0.000000 0.009291
18360.01 0.009079 0.001071 0.000000 0.000000 0.009079
18365.01 0.008821 0.000819 0.000000 0.000000 0.008821
18370.02 0.008575 0.000499 0.000000 0.000000 0.008575
18375.02 0.008378 0.000249 0.000000 0.000000 0.008378
18380.02 0.008241 0.000221 0.000000 0.000000 0.008241
18385.02 0.008153 0.000415 0.000000 0.000000 0.008153
18390.02 0.008101 0.000632 0.000000 0.000000 0.008101
18395.02 0.008085 0.000749 0.000000 0.000000 0.008085
18400.02 0.008131 0.000730 0.000000 0.000000 0.008131
18405.02 0.008270 0.000485 0.000000 0.000000 0.008270
18410.03 0.008466 0.000239 0.000000 0.000000 0.008466
18415.03 0.008639 0.000229 0.000000 0.000000 0.008639
18420.03 0.008724 0.000440 0.000000 0.000000 0.008724
18425.03 0.008739 0.000566 0.000000 0.000000 0.008739
18430.03 0.008727 0.000589 0.000000 0.000000 0.008727
18435.03 0.008722 0.000594 0.000000 0.000000 0.008722
18440.03 0.008736 0.000584 0.000000 0.000000 0.008736
18445.04 0.008773 0.000581 0.000000 0.000000 0.008773
18450.04 0.008829 0.000598 0.000000 0.000000 0.008829
18455.04 0.008899 0.000650 0.000000 0.000000 0.008899
18460.04 0.008984 0.000767 0.000000 0.000000 0.008984
18465.04 0.009082 0.000952 0.000000 0.000000 0.009082
18470.04 0.009201 0.001228 0.000000 0.000000 0.009201
18475.04 0.009316 0.001539 0.000000 0.000000 0.009316
18480.05 0.009320 0.001669 0.000000 0.000000 0.009320
18485.05 0.009194 0.001587 0.000000 0.000000 0.009194
18490.05 0.008897 0.001157 0.000000 0.000000 0.008897
18495.05 0.008439 0.000426 0.000000 0.000000 0.008439
18500.05 0.008068 0.000258 0.000000 0.000000 0.008068
18505.05 0.007874 0.000470 0.000000 0.000000 0.007874
18510.05 0.007828 0.000610 0.000000 0.000000 0.007828
18515.05 0.007875 0.000646 0.000000 0.000000 0.007875
18520.06 0.007982 0.000623 0.000000 0.000000 0.007982
18525.06 0.008126 0.000558 0.000000 0.000000 0.008126
18530.06 0.008294 0.000449 0.000000 0.000000 0.008294
18535.06 0.008477 0.000341 0.000000 0.000000 0.008477
18540.06 0.008668 0.000403 0.000000 0.000000 0.008668
18545.06 0.008846 0.000649 0.000000 0.000000 0.008846
18550.06 0.008974 0.000921 0.000000 0.000000 0.008974
18555.07 0.009003 0.001073 0.000000 0.000000 0.009003
18560.07 0.008907 0.001035 0.000000 0.000000 0.008907
18565.07 0.008698 0.000801 0.000000 0.000000 0.008698
18570.07 0.008430 0.000444 0.000000 0.000000 0.008430
18575.07 0.008166 0.000176 0.000000 0.000000 0.008166
18580.07 0.007954 0.000197 0.000000 0.000000 0.007954
18585.07 0.007823 0.000455 0.000000 0.000000 0.007823
18590.08 0.007785 0.000583 0.000000 0.000000 0.007785
18595.08 0.007844 0.000564 0.000000 0.000000 0.007844
18600.08 0.007997 0.000405 0.000000 0.000000 0.007997
18605.08 0.008229 0.000191 0.000000 0.000000 0.008229
18610.08 0.008502 0.000373 0.000000 0.000000 0.008502
18615.08 0.008756 0.000769 0.000000 0.000000 0.008756
18620.08 0.008938 0.001054 0.000000 0.000000 0.008938
18625.08 0.009017 0.001196 0.000000 0.000000 0.009017
18630.09 0.008999 0.001199 0.000000 0.000000 0.008999
18635.09 0.008911 0.001097 0.000000 0.000000 0.008911
18640.09 0.008786 0.000939 0.000000 0.000000 0.008786
18645.09 0.008646 0.000756 0.000000 0.000000 0.008646
18650.09 0.008510 0.000573 0.000000 0.000000 0.008510
18655.09 0.008388 0.000411 0.000000 0.000000 0.008388
18660.09 0.008280 0.000274 0.000000 0.000000 0.008280
18665.10 0.008184 0.000168 0.000000 0.000000 0.008184
18670.10 0.008090 0.000088 0.000000 0.000000 0.008090
18675.10 0.007997 0.000055 0.000000 0.000000 0.007997
18680.10 0.007915 0.000122 0.000000 0.000000 0.007915
18685.10 0.007868 0.000199 0.000000 0.000000 0.007868
18690.10 0.007886 0.000262 0.000000 0.000000 0.007886
18695.10 0.007986 0.000397 0.000000 0.000000 0.007986
18700.10 0.008144 0.000619 0.000000 0.000000 0.008144
18705.11 0.008249 0.000752 0.000000 0.000000 0.008249
18710.11 0.008253 0.000701 0.000000 0.000000 0.008253
18715.11 0.008278 0.000668 0.000000 0.000000 0.008278
18720.11 0.008359 0.000707 0.000000 0.000000 0.008359
18725.11 0.008478 0.000808 0.000000 0.000000 0.008478
18730.11 0.008601 0.000965 0.000000 0.000000 0.008601
18735.11 0.008705 0.001169 0.000000 0.000000 0.008705
18740.12 0.008793 0.001397 0.000000 0.000000 0.008793
18745.12 0.008875 0.001619 0.000000 0.000000 0.008875
18750.12 0.008943 0.001797 0.000000 0.000000 0.008943
18755.12 0.008977 0.001895 0.000000 0.000000 0.008977
18760.12 0.008965 0.001895 0.000000 0.000000 0.008965
18765.12 0.008911 0.001801 0.000000 0.000000 0.008911
18770.12 0.008808 0.001619 0.000000 0.000000 0.008808
18775.13 0.008577 0.001148 0.000000 0.000000 0.008577
18780.13 0.008215 0.000457 0.000000 0.000000 0.008215
18785.13 0.007941 0.000262 0.000000 0.000000 0.007941
18790.13 0.007806 0.000392 0.000000 0.000000 0.007806
18795.13 0.007764 0.000481 0.000000 0.000000 0.007764
18800.13 0.007767 0.000448 0.000000 0.000000 0.007767
18805.13 0.007794 0.000347 0.000000 0.000000 0.007794
18810.13 0.007837 0.000223 0.000000 0.000000 0.007837
18815.14 0.007886 0.000125 0.000000 0.000000 0.007886
18820.14 0.007932 0.000153 0.000000 0.000000 0.007932
18825.14 0.007972 0.000254 0.000000 0.000000 0.007972
18830.14 0.007994 0.000328 0.000000 0.000000 0.007994
18835.14 0.007972 0.000324 0.000000 0.000000 0.007972
18840.14 0.007908 0.000212 0.000000 0.000000 0.007908
18845.14 0.007812 0.000096 0.000000 0.000000 0.007812
18850.15 0.007703 0.000131 0.000000 0.000000 0.007703
18855.15 0.007618 0.000243 0.000000 0.000000 0.007618
18860.15 0.007580 0.000318 0.000000 0.000000 0.007580
18865.15 0.007592 0.000289 0.000000 0.000000 0.007592
18870.15 0.007640 0.000179 0.000000 0.000000 0.007640
18875.15 0.007704 0.000092 0.000000 0.000000 0.007704
18880.15 0.007774 0.000121 0.000000 0.000000 0.007774
18885.16 0.007840 0.000271 0.000000 0.000000 0.007840
18890.16 0.007898 0.000436 0.000000 0.000000 0.007898
18895.16 0.007948 0.000564 0.000000 0.000000 0.007948
18900.16 0.007984 0.000663 0.000000 0.000000 0.007984
18905.16 0.008000 0.000710 0.000000 0.000000 0.008000
18910.16 0.007982 0.000692 0.000000 0.000000 0.007982
18915.16 0.007918 0.000580 0.000000 0.000000 0.007918
18920.16 0.007799 0.000333 0.000000 0.000000 0.007799
18925.17 0.007654 0.000149 0.000000 0.000000 0.007654
18930.17 0.007536 0.000152 0.000000 0.000000 0.007536
18935.17 0.007493 0.000252 0.000000 0.000000 0.007493
18940.17 0.007522 0.000276 0.000000 0.000000 0.007522
18945.17 0.007596 0.000207 0.000000 0.000000 0.007596
18950.17 0.007684 0.000161 0.000000 0.000000 0.007684
18955.17 0.007769 0.000184 0.000000 0.000000 0.007769
18960.18 0.007842 0.000248 0.000000 0.000000 0.007842
18965.18 0.007893 0.000301 0.000000 0.000000 0.007893
18970.18 0.007911 0.000326 0.000000 0.000000 0.007911
18975.18 0.007884 0.000300 0.000000 0.000000 0.007884
18980.18 0.007800 0.000245 0.000000 0.000000 0.007800
18985.18 0.007648 0.000260 0.000000 0.000000 0.007648
18990.18 0.007429 0.000450 0.000000 0.000000 0.007429
18995.19 0.007171 0.000777 0.000000 0.000000 0.007171
19000.19 0.006936 0.001057 0.000000 0.000000 0.006936
19005.19 0.006817 0.001130 0.000000 0.000000 0.006817
19010.19 0.006838 0.000959 0.000000 0.000000 0.006838
19015.19 0.006957 0.000633 0.000000 0.000000 0.006957
19020.19 0.007114 0.000337 0.000000 0.000000 0.007114
19025.19 0.007274 0.000276 0.000000 0.000000 0.007274
19030.19 0.007429 0.000477 0.000000 0.000000 0.007429
19035.20 0.007578 0.000675 0.000000 0.000000 0.007578
19040.20 0.007719 0.000808 0.000000 0.000000 0.007719
19045.20 0.007842 0.000891 0.000000 0.000000 0.007842
19050.20 0.007931 0.000908 0.000000 0.000000 0.007931
19055.20 0.007963 0.000842 0.000000 0.000000 0.007963
19060.20 0.007914 0.000647 0.000000 0.000000 0.007914
19065.20 0.007780 0.000342 0.000000 0.000000 0.007780
19070.21 0.007616 0.000283 0.000000 0.000000 0.007616
19075.21 0.007488 0.000448 0.000000 0.000000 0.007488
19080.21 0.007439 0.000533 0.000000 0.000000 0.007439
19085.21 0.007442 0.000499 0.000000 0.000000 0.007442
19090.21 0.007461 0.000384 0.000000 0.000000 0.007461
19095.21 0.007475 0.000246 0.000000 0.000000 0.007475
19100.21 0.007478 0.000135 0.000000 0.000000 0.007478
19105.22 0.007467 0.000118 0.000000 0.000000 0.007467
19110.22 0.007443 0.000197 0.000000 0.000000 0.007443
19115.22 0.007408 0.000259 0.000000 0.000000 0.007408
19120.22 0.007364 0.000272 0.000000 0.000000 0.007364
19125.22 0.007314 0.000237 0.000000 0.000000 0.007314
19130.22 0.007263 0.000157 0.000000 0.000000 0.007263
19135.22 0.007210 0.000108 0.000000 0.000000 0.007210
19140.22 0.007165 0.000135 0.000000 0.000000 0.007165
19145.23 0.007153 0.000197 0.000000 0.000000 0.007153
19150.23 0.007200 0.000176 0.000000 0.000000 0.007200
19155.23 0.007303 0.000110 0.000000 0.000000 0.007303
19160.23 0.007425 0.000144 0.000000 0.000000 0.007425
19165.23 0.007532 0.000243 0.000000 0.000000 0.007532
19170.23 0.007604 0.000342 0.000000 0.000000 0.007604
19175.23 0.007635 0.000403 0.000000 0.000000 0.007635
19180.24 0.007623 0.000419 0.000000 0.000000 0.007623
19185.24 0.007568 0.000402 0.000000 0.000000 0.007568
19190.24 0.007469 0.000333 0.000000 0.000000 0.007469
19195.24 0.007325 0.000128 0.000000 0.000000 0.007325
19200.24 0.007134 0.000062 0.000000 0.000000 0.007134
19205.24 0.006906 0.000356 0.000000 0.000000 0.006906
19210.24 0.006677 0.000706 0.000000 0.000000 0.006677
19215.25 0.006480 0.000996 0.000000 0.000000 0.006480
19220.25 0.006367 0.001180 0.000000 0.000000 0.006367
19225.25 0.006406 0.001140 0.000000 0.000000 0.006406
19230.25 0.006541 0.000965 0.000000 0.000000 0.006541
19235.25 0.006697 0.000775 0.000000 0.000000 0.006697
19240.25 0.006859 0.000598 0.000000 0.000000 0.006859
19245.25 0.007005 0.000465 0.000000 0.000000 0.007005
19250.25 0.007117 0.000395 0.000000 0.000000 0.007117
19255.26 0.007191 0.000372 0.000000 0.000000 0.007191
19260.26 0.007221 0.000375 0.000000 0.000000 0.007221
19265.26 0.007205 0.000386 0.000000 0.000000 0.007205
19270.26 0.007145 0.000405 0.000000 0.000000 0.007145
19275.26 0.007047 0.000444 0.000000 0.000000 0.007047
19280.26 0.006924 0.000504 0.000000 0.000000 0.006924
19285.26 0.006793 0.000575 0.000000 0.000000 0.006793
19290.27 0.006677 0.000628 0.000000 0.000000 0.006677
19295.27 0.006594 0.000642 0.000000 0.000000 0.006594
19300.27 0.006553 0.000610 0.000000 0.000000 0.006553
19305.27 0.006550 0.000547 0.000000 0.000000 0.006550
19310.27 0.006574 0.000475 0.000000 0.000000 0.006574
19315.27 0.006613 0.000411 0.000000 0.000000 0.006613
19320.27 0.006657 0.000359 0.000000 0.000000 0.006657
19325.28 0.006701 0.000322 0.000000 0.000000 0.006701
19330.28 0.006743 0.000307 0.000000 0.000000 0.006743
19335.28 0.006782 0.000321 0.000000 0.000000 0.006782
19340.28 0.006817 0.000358 0.000000 0.000000 0.006817
19345.28 0.006851 0.000400 0.000000 0.000000 0.006851
19350.28 0.006886 0.000426 0.000000 0.000000 0.006886
19355.28 0.006925 0.000424 0.000000 0.000000 0.006925
19360.28 0.006970 0.000387 0.000000 0.000000 0.006970
19365.29 0.007021 0.000313 0.000000 0.000000 0.007021
19370.29 0.007075 0.000222 0.000000 0.000000 0.007075
19375.29 0.007127 0.000157 0.000000 0.000000 0.007127
19380.29 0.007169 0.000175 0.000000 0.000000 0.007169
19385.29 0.007194 0.000253 0.000000 0.000000 0.007194
19390.29 0.007194 0.000307 0.000000 0.000000 0.007194
19395.29 0.007165 0.000318 0.000000 0.000000 0.007165
19400.30 0.007108 0.000265 0.000000 0.000000 0.007108
19405.30 0.007028 0.000146 0.000000 0.000000 0.007028
19410.30 0.006937 0.000079 0.000000 0.000000 0.006937
19415.30 0.006845 0.000132 0.000000 0.000000 0.006845
19420.30 0.006762 0.000279 0.000000 0.000000 0.006762
19425.30 0.006707 0.000405 0.000000 0.000000 0.006707
19430.30 0.006688 0.000461 0.000000 0.000000 0.006688
19435.31 0.006693 0.000474 0.000000 0.000000 0.006693
19440.31 0.006722 0.000439 0.000000 0.000000 0.006722
19445.31 0.006772 0.000357 0.000000 0.000000 0.006772
19450.31 0.006832 0.000244 0.000000 0.000000 0.006832
19455.31 0.006894 0.000129 0.000000 0.000000 0.006894
19460.31 0.006947 0.000073 0.000000 0.000000 0.006947
19465.31 0.006985 0.000138 0.000000 0.000000 0.006985
19470.31 0.006998 0.000220 0.000000 0.000000 0.006998
19475.32 0.006985 0.000244 0.000000 0.000000 0.006985
19480.32 0.006947 0.000227 0.000000 0.000000 0.006947
19485.32 0.006890 0.000166 0.000000 0.000000 0.006890
19490.32 0.006824 0.000091 0.000000 0.000000 0.006824
19495.32 0.006763 0.000067 0.000000 0.000000 0.006763
19500.32 0.006714 0.000100 0.000000 0.000000 0.006714
19505.32 0.006683 0.000160 0.000000 0.000000 0.006683
19510.33 0.006671 0.000200 0.000000 0.000000 0.006671
19515.33 0.006676 0.000214 0.000000 0.000000 0.006676
19520.33 0.006693 0.000214 0.000000 0.000000 0.006693
19525.33 0.006716 0.000200 0.000000 0.000000 0.006716
19530.33 0.006738 0.000179 0.000000 0.000000 0.006738
19535.33 0.006755 0.000155 0.000000 0.000000 0.006755
19540.33 0.006760 0.000130 0.000000 0.000000 0.006760
19545.33 0.006750 0.000110 0.000000 0.000000 0.006750
19550.34 0.006724 0.000099 0.000000 0.000000 0.006724
19555.34 0.006680 0.000111 0.000000 0.000000 0.006680
19560.34 0.006626 0.000144 0.000000 0.000000 0.006626
19565.34 0.006569 0.000184 0.000000 0.000000 0.006569
19570.34 0.006521 0.000214 0.000000 0.000000 0.006521
19575.34 0.006493 0.000222 0.000000 0.000000 0.006493
19580.34 0.006488 0.000207 0.000000 0.000000 0.006488
19585.35 0.006503 0.000177 0.000000 0.000000 0.006503
19590.35 0.006532 0.000147 0.000000 0.000000 0.006532
19595.35 0.006566 0.000121 0.000000 0.000000 0.006566
19600.35 0.006600 0.000094 0.000000 0.000000 0.006600
19605.35 0.006627 0.000062 0.000000 0.000000 0.006627
19610.35 0.006643 0.000036 0.000000 0.000000 0.006643
19615.35 0.006646 0.000063 0.000000 0.000000 0.006646
19620.36 0.006633 0.000148 0.000000 0.000000 0.006633
19625.36 0.006608 0.000244 0.000000 0.000000 0.006608
19630.36 0.006571 0.000334 0.000000 0.000000 0.006571
19635.36 0.006527 0.000413 0.000000 0.000000 0.006527
19640.36 0.006490 0.000465 0.000000 0.000000 0.006490
19645.36 0.006466 0.000477 0.000000 0.000000 0.006466
19650.36 0.006463 0.000441 0.000000 0.000000 0.006463
19655.36 0.006482 0.000367 0.000000 0.000000 0.006482
19660.37 0.006521 0.000229 0.000000 0.000000 0.006521
19665.37 0.006574 0.000061 0.000000 0.000000 0.006574
19670.37 0.006632 0.000063 0.000000 0.000000 0.006632
19675.37 0.006687 0.000200 0.000000 0.000000 0.006687
19680.37 0.006732 0.000310 0.000000 0.000000 0.006732
19685.37 0.006764 0.000379 0.000000 0.000000 0.006764
19690.37 0.006779 0.000415 0.000000 0.000000 0.006779
19695.38 0.006780 0.000416 0.000000 0.000000 0.006780
19700.38 0.006768 0.000392 0.000000 0.000000 0.006768
19705.38 0.006745 0.000352 0.000000 0.000000 0.006745
19710.38 0.006715 0.000307 0.000000 0.000000 0.006715
19715.38 0.006680 0.000263 0.000000 0.000000 0.006680
19720.38 0.006645 0.000228 0.000000 0.000000 0.006645
19725.38 0.006610 0.000204 0.000000 0.000000 0.006610
19730.39 0.006576 0.000190 0.000000 0.000000 0.006576
19735.39 0.006544 0.000185 0.000000 0.000000 0.006544
19740.39 0.006510 0.000180 0.000000 0.000000 0.006510
19745.39 0.006476 0.000170 0.000000 0.000000 0.006476
19750.39 0.006438 0.000152 0.000000 0.000000 0.006438
19755.39 0.006396 0.000129 0.000000 0.000000 0.006396
19760.39 0.006353 0.000123 0.000000 0.000000 0.006353
19765.39 0.006308 0.000162 0.000000 0.000000 0.006308
19770.40 0.006265 0.000236 0.000000 0.000000 0.006265
19775.40 0.006228 0.000324 0.000000 0.000000 0.006228
19780.40 0.006199 0.000408 0.000000 0.000000 0.006199
19785.40 0.006182 0.000475 0.000000 0.000000 0.006182
19790.40 0.006179 0.000516 0.000000 0.000000 0.006179
19795.40 0.006190 0.000524 0.000000 0.000000 0.006190
19800.40 0.006215 0.000497 0.000000 0.000000 0.006215
19805.41 0.006251 0.000436 0.000000 0.000000 0.006251
19810.41 0.006291 0.000345 0.000000 0.000000 0.006291
19815.41 0.006333 0.000235 0.000000 0.000000 0.006333
19820.41 0.006376 0.000132 0.000000 0.000000 0.006376
19825.41 0.006417 0.000109 0.000000 0.000000 0.006417
19830.41 0.006456 0.000169 0.000000 0.000000 0.006456
19835.41 0.006491 0.000236 0.000000 0.000000 0.006491
19840.42 0.006515 0.000268 0.000000 0.000000 0.006515
19845.42 0.006523 0.000257 0.000000 0.000000 0.006523
19850.42 0.006520 0.000221 0.000000 0.000000 0.006520
19855.42 0.006505 0.000159 0.000000 0.000000 0.006505
19860.42 0.006476 0.000084 0.000000 0.000000 0.006476
19865.42 0.006435 0.000070 0.000000 0.000000 0.006435
19870.42 0.006385 0.000123 0.000000 0.000000 0.006385
19875.42 0.006328 0.000191 0.000000 0.000000 0.006328
19880.43 0.006268 0.000247 0.000000 0.000000 0.006268
19885.43 0.006209 0.000280 0.000000 0.000000 0.006209
19890.43 0.006155 0.000289 0.000000 0.000000 0.006155
19895.43 0.006109 0.000274 0.000000 0.000000 0.006109
19900.43 0.006076 0.000238 0.000000 0.000000 0.006076
19905.43 0.006057 0.000188 0.000000 0.000000 0.006057
19910.43 0.006052 0.000131 0.000000 0.000000 0.006052
19915.44 0.006063 0.000075 0.000000 0.000000 0.006063
19920.44 0.006085 0.000046 0.000000 0.000000 0.006085
19925.44 0.006118 0.000048 0.000000 0.000000 0.006118
19930.44 0.006156 0.000060 0.000000 0.000000 0.006156
19935.44 0.006197 0.000066 0.000000 0.000000 0.006197
19940.44 0.006236 0.000054 0.000000 0.000000 0.006236
19945.44 0.006268 0.000034 0.000000 0.000000 0.006268
19950.45 0.006290 0.000030 0.000000 0.000000 0.006290
19955.45 0.006300 0.000062 0.000000 0.000000 0.006300
19960.45 0.006294 0.000106 0.000000 0.000000 0.006294
19965.45 0.006273 0.000147 0.000000 0.000000 0.006273
19970.45 0.006235 0.000184 0.000000 0.000000 0.006235
19975.45 0.006185 0.000214 0.000000 0.000000 0.006185
19980.45 0.006124 0.000234 0.000000 0.000000 0.006124
19985.45 0.006057 0.000245 0.000000 0.000000 0.006057
19990.46 0.005990 0.000246 0.000000 0.000000 0.005990
19995.46 0.005929 0.000237 0.000000 0.000000 0.005929
20000.46 0.005880 0.000219 0.000000 0.000000 0.005880
20005.46 0.005850 0.000195 0.000000 0.000000 0.005850
20010.46 0.005845 0.000164 0.000000 0.000000 0.005845
20015.46 0.005867 0.000109 0.000000 0.000000 0.005867
20020.46 0.005919 0.000050 0.000000 0.000000 0.005919
20025.47 0.006001 0.000056 0.000000 0.000000 0.006001
20030.47 0.006109 0.000135 0.000000 0.000000 0.006109
20035.47 0.006230 0.000262 0.000000 0.000000 0.006230
20040.47 0.006337 0.000389 0.000000 0.000000 0.006337
20045.47 0.006401 0.000477 0.000000 0.000000 0.006401
20050.47 0.006397 0.000492 0.000000 0.000000 0.006397
20055.47 0.006310 0.000420 0.000000 0.000000 0.006310
20060.48 0.006166 0.000306 0.000000 0.000000 0.006166
20065.48 0.006040 0.000250 0.000000 0.000000 0.006040
20070.48 0.005956 0.000246 0.000000 0.000000 0.005956
20075.48 0.005913 0.000245 0.000000 0.000000 0.005913
20080.48 0.005909 0.000237 0.000000 0.000000 0.005909
20085.48 0.005937 0.000234 0.000000 0.000000 0.005937
20090.48 0.005990 0.000257 0.000000 0.000000 0.005990
20095.48 0.006062 0.000313 0.000000 0.000000 0.006062
20100.49 0.006146 0.000399 0.000000 0.000000 0.006146
20105.49 0.006237 0.000508 0.000000 0.000000 0.006237
20110.49 0.006327 0.000629 0.000000 0.000000 0.006327
20115.49 0.006407 0.000752 0.000000 0.000000 0.006407
20120.49 0.006466 0.000859 0.000000 0.000000 0.006466
20125.49 0.006488 0.000923 0.000000 0.000000 0.006488
20130.49 0.006452 0.000913 0.000000 0.000000 0.006452
20135.50 0.006346 0.000786 0.000000 0.000000 0.006346
20140.50 0.006167 0.000539 0.000000 0.000000 0.006167
20145.50 0.005937 0.000256 0.000000 0.000000 0.005937
20150.50 0.005692 0.000162 0.000000 0.000000 0.005692
20155.50 0.005476 0.000451 0.000000 0.000000 0.005476
20160.50 0.005313 0.000805 0.000000 0.000000 0.005313
20165.50 0.005215 0.000995 0.000000 0.000000 0.005215
20170.51 0.005178 0.001109 0.000000 0.000000 0.005178
20175.51 0.005193 0.001170 0.000000 0.000000 0.005193
20180.51 0.005247 0.001170 0.000000 0.000000 0.005247
20185.51 0.005329 0.001119 0.000000 0.000000 0.005329
20190.51 0.005428 0.001029 0.000000 0.000000 0.005428
20195.51 0.005533 0.000908 0.000000 0.000000 0.005533
20200.51 0.005635 0.000768 0.000000 0.000000 0.005635
20205.51 0.005726 0.000622 0.000000 0.000000 0.005726
20210.52 0.005798 0.000487 0.000000 0.000000 0.005798
20215.52 0.005847 0.000377 0.000000 0.000000 0.005847
20220.52 0.005872 0.000304 0.000000 0.000000 0.005872
20225.52 0.005874 0.000262 0.000000 0.000000 0.005874
20230.52 0.005858 0.000238 0.000000 0.000000 0.005858
20235.52 0.005831 0.000215 0.000000 0.000000 0.005831
20240.52 0.005799 0.000185 0.000000 0.000000 0.005799
20245.53 0.005767 0.000152 0.000000 0.000000 0.005767
20250.53 0.005743 0.000125 0.000000 0.000000 0.005743
20255.53 0.005728 0.000115 0.000000 0.000000 0.005728
20260.53 0.005725 0.000124 0.000000 0.000000 0.005725
20265.53 0.005734 0.000145 0.000000 0.000000 0.005734
20270.53 0.005754 0.000164 0.000000 0.000000 0.005754
20275.53 0.005785 0.000168 0.000000 0.000000 0.005785
20280.54 0.005826 0.000156 0.000000 0.000000 0.005826
20285.54 0.005869 0.000133 0.000000 0.000000 0.005869
20290.54 0.005912 0.000107 0.000000 0.000000 0.005912
20295.54 0.005952 0.000088 0.000000 0.000000 0.005952
20300.54 0.005986 0.000092 0.000000 0.000000 0.005986
20305.54 0.006010 0.000116 0.000000 0.000000 0.006010
20310.54 0.006023 0.000142 0.000000 0.000000 0.006023
20315.54 0.006025 0.000160 0.000000 0.000000 0.006025
20320.55 0.006015 0.000167 0.000000 0.000000 0.006015
20325.55 0.005996 0.000162 0.000000 0.000000 0.005996
20330.55 0.005969 0.000150 0.000000 0.000000 0.005969
20335.55 0.005936 0.000137 0.000000 0.000000 0.005936
20340.55 0.005900 0.000136 0.000000 0.000000 0.005900
20345.55 0.005862 0.000151 0.000000 0.000000 0.005862
20350.55 0.005824 0.000178 0.000000 0.000000 0.005824
20355.56 0.005787 0.000208 0.000000 0.000000 0.005787
20360.56 0.005753 0.000234 0.000000 0.000000 0.005753
20365.56 0.005723 0.000250 0.000000 0.000000 0.005723
20370.56 0.005696 0.000255 0.000000 0.000000 0.005696
20375.56 0.005673 0.000247 0.000000 0.000000 0.005673
20380.56 0.005652 0.000230 0.000000 0.000000 0.005652
20385.56 0.005633 0.000208 0.000000 0.000000 0.005633
20390.57 0.005616 0.000185 0.000000 0.000000 0.005616
20395.57 0.005599 0.000166 0.000000 0.000000 0.005599
20400.57 0.005584 0.000155 0.000000 0.000000 0.005584
20405.57 0.005569 0.000154 0.000000 0.000000 0.005569
20410.57 0.005556 0.000165 0.000000 0.000000 0.005556
20415.57 0.005546 0.000187 0.000000 0.000000 0.005546
20420.57 0.005539 0.000217 0.000000 0.000000 0.005539
20425.57 0.005539 0.000249 0.000000 0.000000 0.005539
20430.58 0.005545 0.000279 0.000000 0.000000 0.005545
20435.58 0.005558 0.000301 0.000000 0.000000 0.005558
20440.58 0.005578 0.000310 0.000000 0.000000 0.005578
20445.58 0.005606 0.000305 0.000000 0.000000 0.005606
20450.58 0.005639 0.000284 0.000000 0.000000 0.005639
20455.58 0.005674 0.000251 0.000000 0.000000 0.005674
20460.58 0.005711 0.000211 0.000000 0.000000 0.005711
20465.59 0.005745 0.000172 0.000000 0.000000 0.005745
20470.59 0.005774 0.000147 0.000000 0.000000 0.005774
20475.59 0.005798 0.000141 0.000000 0.000000 0.005798
20480.59 0.005813 0.000150 0.000000 0.000000 0.005813
20485.59 0.005819 0.000161 0.000000 0.000000 0.005819
20490.59 0.005817 0.000168 0.000000 0.000000 0.005817
20495.59 0.005808 0.000166 0.000000 0.000000 0.005808
20500.59 0.005789 0.000149 0.000000 0.000000 0.005789
20505.60 0.005764 0.000123 0.000000 0.000000 0.005764
20510.60 0.005737 0.000098 0.000000 0.000000 0.005737
20515.60 0.005710 0.000079 0.000000 0.000000 0.005710
20520.60 0.005684 0.000068 0.000000 0.000000 0.005684
20525.60 0.005663 0.000059 0.000000 0.000000 0.005663
20530.60 0.005647 0.000056 0.000000 0.000000 0.005647
20535.60 0.005636 0.000069 0.000000 0.000000 0.005636
20540.61 0.005631 0.000103 0.000000 0.000000 0.005631
20545.61 0.005628 0.000156 0.000000 0.000000 0.005628
20550.61 0.005624 0.000214 0.000000 0.000000 0.005624
20555.61 0.005617 0.000263 0.000000 0.000000 0.005617
20560.61 0.005604 0.000295 0.000000 0.000000 0.005604
20565.61 0.005586 0.000303 0.000000 0.000000 0.005586
20570.61 0.005562 0.000284 0.000000 0.000000 0.005562
20575.62 0.005537 0.000244 0.000000 0.000000 0.005537
20580.62 0.005512 0.000182 0.000000 0.000000 0.005512
20585.62 0.005492 0.000099 0.000000 0.000000 0.005492
20590.62 0.005479 0.000046 0.000000 0.000000 0.005479
20595.62 0.005476 0.000068 0.000000 0.000000 0.005476
20600.62 0.005484 0.000119 0.000000 0.000000 0.005484
20605.62 0.005505 0.000157 0.000000 0.000000 0.005505
20610.62 0.005536 0.000174 0.000000 0.000000 0.005536
20615.63 0.005576 0.000167 0.000000 0.000000 0.005576
20620.63 0.005622 0.000144 0.000000 0.000000 0.005622
20625.63 0.005671 0.000131 0.000000 0.000000 0.005671
20630.63 0.005719 0.000152 0.000000 0.000000 0.005719
20635.63 0.005762 0.000209 0.000000 0.000000 0.005762
20640.63 0.005795 0.000288 0.000000 0.000000 0.005795
20645.63 0.005817 0.000365 0.000000 0.000000 0.005817
20650.64 0.005823 0.000426 0.000000 0.000000 0.005823
20655.64 0.005812 0.000463 0.000000 0.000000 0.005812
20660.64 0.005784 0.000471 0.000000 0.000000 0.005784
20665.64 0.005740 0.000448 0.000000 0.000000 0.005740
20670.64 0.005683 0.000395 0.000000 0.000000 0.005683
20675.64 0.005620 0.000321 0.000000 0.000000 0.005620
20680.64 0.005554 0.000237 0.000000 0.000000 0.005554
20685.65 0.005493 0.000143 0.000000 0.000000 0.005493
20690.65 0.005441 0.000060 0.000000 0.000000 0.005441
20695.65 0.005399 0.000029 0.000000 0.000000 0.005399
20700.65 0.005369 0.000043 0.000000 0.000000 0.005369
20705.65 0.005349 0.000064 0.000000 0.000000 0.005349
20710.65 0.005336 0.000075 0.000000 0.000000 0.005336
20715.65 0.005328 0.000069 0.000000 0.000000 0.005328
20720.65 0.005322 0.000058 0.000000 0.000000 0.005322
20725.66 0.005317 0.000050 0.000000 0.000000 0.005317
20730.66 0.005309 0.000052 0.000000 0.000000 0.005309
20735.66 0.005299 0.000060 0.000000 0.000000 0.005299
20740.66 0.005288 0.000067 0.000000 0.000000 0.005288
20745.66 0.005278 0.000070 0.000000 0.000000 0.005278
20750.66 0.005269 0.000068 0.000000 0.000000 0.005269
20755.66 0.005265 0.000061 0.000000 0.000000 0.005265
20760.67 0.005268 0.000052 0.000000 0.000000 0.005268
20765.67 0.005277 0.000044 0.000000 0.000000 0.005277
20770.67 0.005294 0.000041 0.000000 0.000000 0.005294
20775.67 0.005317 0.000047 0.000000 0.000000 0.005317
20780.67 0.005344 0.000062 0.000000 0.000000 0.005344
20785.67 0.005373 0.000082 0.000000 0.000000 0.005373
20790.67 0.005401 0.000104 0.000000 0.000000 0.005401
20795.68 0.005424 0.000124 0.000000 0.000000 0.005424
20800.68 0.005439 0.000141 0.000000 0.000000 0.005439
20805.68 0.005445 0.000152 0.000000 0.000000 0.005445
20810.68 0.005440 0.000154 0.000000 0.000000 0.005440
20815.68 0.005423 0.000147 0.000000 0.000000 0.005423
20820.68 0.005396 0.000130 0.000000 0.000000 0.005396
20825.68 0.005360 0.000105 0.000000 0.000000 0.005360
20830.68 0.005319 0.000072 0.000000 0.000000 0.005319
20835.69 0.005275 0.000038 0.000000 0.000000 0.005275
20840.69 0.005235 0.000026 0.000000 0.000000 0.005235
20845.69 0.005200 0.000042 0.000000 0.000000 0.005200
20850.69 0.005174 0.000061 0.000000 0.000000 0.005174
20855.69 0.005159 0.000071 0.000000 0.000000 0.005159
20860.69 0.005155 0.000069 0.000000 0.000000 0.005155
20865.69 0.005161 0.000057 0.000000 0.000000 0.005161
20870.70 0.005174 0.000038 0.000000 0.000000 0.005174
20875.70 0.005190 0.000022 0.000000 0.000000 0.005190
20880.70 0.005207 0.000019 0.000000 0.000000 0.005207
20885.70 0.005221 0.000028 0.000000 0.000000 0.005221
20890.70 0.005230 0.000040 0.000000 0.000000 0.005230
20895.70 0.005230 0.000043 0.000000 0.000000 0.005230
20900.70 0.005222 0.000035 0.000000 0.000000 0.005222
20905.71 0.005206 0.000022 0.000000 0.000000 0.005206
20910.71 0.005181 0.000027 0.000000 0.000000 0.005181
20915.71 0.005151 0.000056 0.000000 0.000000 0.005151
20920.71 0.005117 0.000094 0.000000 0.000000 0.005117
20925.71 0.005083 0.000132 0.000000 0.000000 0.005083
20930.71 0.005052 0.000167 0.000000 0.000000 0.005052
20935.71 0.005025 0.000195 0.000000 0.000000 0.005025
20940.71 0.005005 0.000215 0.000000 0.000000 0.005005
20945.72 0.004992 0.000225 0.000000 0.000000 0.004992
20950.72 0.004986 0.000226 0.000000 0.000000 0.004986
20955.72 0.004985 0.000220 0.000000 0.000000 0.004985
20960.72 0.004990 0.000208 0.000000 0.000000 0.004990
20965.72 0.004999 0.000192 0.000000 0.000000 0.004999
20970.72 0.005009 0.000174 0.000000 0.000000 0.005009
20975.72 0.005019 0.000156 0.000000 0.000000 0.005019
20980.73 0.005027 0.000140 0.000000 0.000000 0.005027
20985.73 0.005033 0.000125 0.000000 0.000000 0.005033
20990.73 0.005038 0.000111 0.000000 0.000000 0.005038
20995.73 0.005040 0.000096 0.000000 0.000000 0.005040
21000.73 0.005042 0.000080 0.000000 0.000000 0.005042
21005.73 0.005044 0.000065 0.000000 0.000000 0.005044
21010.73 0.005046 0.000054 0.000000 0.000000 0.005046
21015.74 0.005049 0.000055 0.000000 0.000000 0.005049
21020.74 0.005052 0.000071 0.000000 0.000000 0.005052
21025.74 0.005056 0.000095 0.000000 0.000000 0.005056
21030.74 0.005060 0.000121 0.000000 0.000000 0.005060
21035.74 0.005062 0.000146 0.000000 0.000000 0.005062
21040.74 0.005062 0.000168 0.000000 0.000000 0.005062
21045.74 0.005058 0.000186 0.000000 0.000000 0.005058
21050.74 0.005051 0.000199 0.000000 0.000000 0.005051
21055.75 0.005039 0.000209 0.000000 0.000000 0.005039
21060.75 0.005024 0.000214 0.000000 0.000000 0.005024
21065.75 0.005006 0.000217 0.000000 0.000000 0.005006
21070.75 0.004987 0.000215 0.000000 0.000000 0.004987
21075.75 0.004969 0.000209 0.000000 0.000000 0.004969
21080.75 0.004954 0.000197 0.000000 0.000000 0.004954
21085.75 0.004944 0.000177 0.000000 0.000000 0.004944
21090.76 0.004941 0.000150 0.000000 0.000000 0.004941
21095.76 0.004945 0.000120 0.000000 0.000000 0.004945
21100.76 0.004956 0.000097 0.000000 0.000000 0.004956
21105.76 0.004974 0.000097 0.000000 0.000000 0.004974
21110.76 0.004996 0.000121 0.000000 0.000000 0.004996
21115.76 0.005021 0.000155 0.000000 0.000000 0.005021
21120.76 0.005046 0.000185 0.000000 0.000000 0.005046
21125.77 0.005067 0.000203 0.000000 0.000000 0.005067
21130.77 0.005084 0.000205 0.000000 0.000000 0.005084
21135.77 0.005094 0.000189 0.000000 0.000000 0.005094
21140.77 0.005096 0.000151 0.000000 0.000000 0.005096
21145.77 0.005090 0.000100 0.000000 0.000000 0.005090
21150.77 0.005078 0.000054 0.000000 0.000000 0.005078
21155.77 0.005061 0.000044 0.000000 0.000000 0.005061
21160.77 0.005041 0.000093 0.000000 0.000000 0.005041
21165.78 0.005021 0.000165 0.000000 0.000000 0.005021
21170.78 0.005001 0.000215 0.000000 0.000000 0.005001
21175.78 0.004985 0.000243 0.000000 0.000000 0.004985
21180.78 0.004972 0.000255 0.000000 0.000000 0.004972
21185.78 0.004963 0.000247 0.000000 0.000000 0.004963
21190.78 0.004957 0.000221 0.000000 0.000000 0.004957
21195.78 0.004953 0.000183 0.000000 0.000000 0.004953
21200.79 0.004949 0.000141 0.000000 0.000000 0.004949
21205.79 0.004943 0.000105 0.000000 0.000000 0.004943
21210.79 0.004933 0.000087 0.000000 0.000000 0.004933
21215.79 0.004919 0.000091 0.000000 0.000000 0.004919
21220.79 0.004901 0.000101 0.000000 0.000000 0.004901
21225.79 0.004877 0.000102 0.000000 0.000000 0.004877
21230.79 0.004851 0.000089 0.000000 0.000000 0.004851
21235.80 0.004823 0.000065 0.000000 0.000000 0.004823
21240.80 0.004798 0.000041 0.000000 0.000000 0.004798
21245.80 0.004777 0.000031 0.000000 0.000000 0.004777
21250.80 0.004764 0.000052 0.000000 0.000000 0.004764
21255.80 0.004761 0.000082 0.000000 0.000000 0.004761
21260.80 0.004769 0.000097 0.000000 0.000000 0.004769
21265.80 0.004788 0.000093 0.000000 0.000000 0.004788
21270.80 0.004817 0.000072 0.000000 0.000000 0.004817
21275.81 0.004853 0.000046 0.000000 0.000000 0.004853
21280.81 0.004891 0.000034 0.000000 0.000000 0.004891
21285.81 0.004925 0.000059 0.000000 0.000000 0.004925
21290.81 0.004951 0.000111 0.000000 0.000000 0.004951
21295.81 0.004970 0.000159 0.000000 0.000000 0.004970
21300.81 0.004979 0.000196 0.000000 0.000000 0.004979
21305.81 0.004975 0.000222 0.000000 0.000000 0.004975
21310.82 0.004959 0.000235 0.000000 0.000000 0.004959
21315.82 0.004931 0.000231 0.000000 0.000000 0.004931
21320.82 0.004894 0.000212 0.000000 0.000000 0.004894
21325.82 0.004850 0.000180 0.000000 0.000000 0.004850
21330.82 0.004804 0.000136 0.000000 0.000000 0.004804
21335.82 0.004760 0.000090 0.000000 0.000000 0.004760
21340.82 0.004723 0.000056 0.000000 0.000000 0.004723
21345.83 0.004695 0.000046 0.000000 0.000000 0.004695
21350.83 0.004677 0.000066 0.000000 0.000000 0.004677
21355.83 0.004670 0.000095 0.000000 0.000000 0.004670
21360.83 0.004678 0.000111 0.000000 0.000000 0.004678
21365.83 0.004700 0.000110 0.000000 0.000000 0.004700
21370.83 0.004736 0.000100 0.000000 0.000000 0.004736
21375.83 0.004781 0.000099 0.000000 0.000000 0.004781
21380.83 0.004832 0.000118 0.000000 0.000000 0.004832
21385.84 0.004883 0.000160 0.000000 0.000000 0.004883
21390.84 0.004931 0.000215 0.000000 0.000000 0.004931
21395.84 0.004970 0.000270 0.000000 0.000000 0.004970
21400.84 0.004998 0.000318 0.000000 0.000000 0.004998
21405.84 0.005012 0.000353 0.000000 0.000000 0.005012
21410.84 0.005011 0.000372 0.000000 0.000000 0.005011
21415.84 0.004997 0.000376 0.000000 0.000000 0.004997
21420.85 0.004971 0.000365 0.000000 0.000000 0.004971
21425.85 0.004936 0.000342 0.000000 0.000000 0.004936
21430.85 0.004897 0.000310 0.000000 0.000000 0.004897
21435.85 0.004855 0.000273 0.000000 0.000000 0.004855
21440.85 0.004814 0.000235 0.000000 0.000000 0.004814
21445.85 0.004777 0.000198 0.000000 0.000000 0.004777
21450.85 0.004747 0.000164 0.000000 0.000000 0.004747
21455.85 0.004723 0.000133 0.000000 0.000000 0.004723
21460.86 0.004704 0.000106 0.000000 0.000000 0.004704
21465.86 0.004689 0.000082 0.000000 0.000000 0.004689
21470.86 0.004679 0.000063 0.000000 0.000000 0.004679
21475.86 0.004672 0.000056 0.000000 0.000000 0.004672
21480.86 0.004667 0.000065 0.000000 0.000000 0.004667
21485.86 0.004662 0.000086 0.000000 0.000000 0.004662
21490.86 0.004656 0.000114 0.000000 0.000000 0.004656
21495.87 0.004650 0.000142 0.000000 0.000000 0.004650
21500.87 0.004644 0.000165 0.000000 0.000000 0.004644
21505.87 0.004636 0.000181 0.000000 0.000000 0.004636
21510.87 0.004629 0.000188 0.000000 0.000000 0.004629
21515.87 0.004623 0.000184 0.000000 0.000000 0.004623
21520.87 0.004618 0.000168 0.000000 0.000000 0.004618
21525.87 0.004614 0.000141 0.000000 0.000000 0.004614
21530.88 0.004611 0.000106 0.000000 0.000000 0.004611
21535.88 0.004607 0.000069 0.000000 0.000000 0.004607
21540.88 0.004603 0.000050 0.000000 0.000000 0.004603
21545.88 0.004599 0.000058 0.000000 0.000000 0.004599
21550.88 0.004595 0.000085 0.000000 0.000000 0.004595
21555.88 0.004591 0.000118 0.000000 0.000000 0.004591
21560.88 0.004585 0.000141 0.000000 0.000000 0.004585
21565.88 0.004576 0.000148 0.000000 0.000000 0.004576
21570.89 0.004564 0.000143 0.000000 0.000000 0.004564
21575.89 0.004551 0.000129 0.000000 0.000000 0.004551
21580.89 0.004537 0.000114 0.000000 0.000000 0.004537
21585.89 0.004522 0.000105 0.000000 0.000000 0.004522
21590.89 0.004509 0.000107 0.000000 0.000000 0.004509
21595.89 0.004498 0.000115 0.000000 0.000000 0.004498
21600.89 0.004491 0.000123 0.000000 0.000000 0.004491
21605.90 0.004487 0.000126 0.000000 0.000000 0.004487
21610.90 0.004487 0.000121 0.000000 0.000000 0.004487
21615.90 0.004490 0.000110 0.000000 0.000000 0.004490
21620.90 0.004493 0.000093 0.000000 0.000000 0.004493
21625.90 0.004496 0.000068 0.000000 0.000000 0.004496
21630.90 0.004497 0.000040 0.000000 0.000000 0.004497
21635.90 0.004495 0.000019 0.000000 0.000000 0.004495
21640.91 0.004489 0.000013 0.000000 0.000000 0.004489
21645.91 0.004480 0.000024 0.000000 0.000000 0.004480
21650.91 0.004466 0.000038 0.000000 0.000000 0.004466
21655.91 0.004449 0.000043 0.000000 0.000000 0.004449
21660.91 0.004430 0.000045 0.000000 0.000000 0.004430
21665.91 0.004409 0.000054 0.000000 0.000000 0.004409
21670.91 0.004389 0.000071 0.000000 0.000000 0.004389
21675.91 0.004370 0.000094 0.000000 0.000000 0.004370
21680.92 0.004355 0.000120 0.000000 0.000000 0.004355
21685.92 0.004345 0.000144 0.000000 0.000000 0.004345
21690.92 0.004344 0.000159 0.000000 0.000000 0.004344
21695.92 0.004352 0.000162 0.000000 0.000000 0.004352
21700.92 0.004367 0.000160 0.000000 0.000000 0.004367
21705.92 0.004388 0.000154 0.000000 0.000000 0.004388
21710.92 0.004413 0.000144 0.000000 0.000000 0.004413
21715.93 0.004440 0.000135 0.000000 0.000000 0.004440
21720.93 0.004467 0.000129 0.000000 0.000000 0.004467
21725.93 0.004491 0.000125 0.000000 0.000000 0.004491
21730.93 0.004507 0.000122 0.000000 0.000000 0.004507
21735.93 0.004515 0.000115 0.000000 0.000000 0.004515
21740.93 0.004512 0.000103 0.000000 0.000000 0.004512
21745.93 0.004499 0.000083 0.000000 0.000000 0.004499
21750.94 0.004477 0.000057 0.000000 0.000000 0.004477
21755.94 0.004448 0.000037 0.000000 0.000000 0.004448
21760.94 0.004414 0.000033 0.000000 0.000000 0.004414
21765.94 0.004373 0.000054 0.000000 0.000000 0.004373
21770.94 0.004327 0.000095 0.000000 0.000000 0.004327
21775.94 0.004284 0.000133 0.000000 0.000000 0.004284
21780.94 0.004250 0.000157 0.000000 0.000000 0.004250
21785.94 0.004227 0.000168 0.000000 0.000000 0.004227
21790.95 0.004218 0.000164 0.000000 0.000000 0.004218
21795.95 0.004223 0.000145 0.000000 0.000000 0.004223
21800.95 0.004244 0.000117 0.000000 0.000000 0.004244
21805.95 0.004278 0.000092 0.000000 0.000000 0.004278
21810.95 0.004322 0.000089 0.000000 0.000000 0.004322
21815.95 0.004375 0.000120 0.000000 0.000000 0.004375
21820.95 0.004431 0.000170 0.000000 0.000000 0.004431
21825.96 0.004484 0.000215 0.000000 0.000000 0.004484
21830.96 0.004532 0.000249 0.000000 0.000000 0.004532
21835.96 0.004570 0.000269 0.000000 0.000000 0.004570
21840.96 0.004596 0.000272 0.000000 0.000000 0.004596
21845.96 0.004608 0.000257 0.000000 0.000000 0.004608
21850.96 0.004604 0.000227 0.000000 0.000000 0.004604
21855.96 0.004587 0.000184 0.000000 0.000000 0.004587
21860.97 0.004558 0.000130 0.000000 0.000000 0.004558
21865.97 0.004520 0.000074 0.000000 0.000000 0.004520
21870.97 0.004477 0.000045 0.000000 0.000000 0.004477
21875.97 0.004434 0.000048 0.000000 0.000000 0.004434
21880.97 0.004393 0.000069 0.000000 0.000000 0.004393
21885.97 0.004357 0.000091 0.000000 0.000000 0.004357
21890.97 0.004330 0.000102 0.000000 0.000000 0.004330
21895.97 0.004311 0.000103 0.000000 0.000000 0.004311
21900.98 0.004303 0.000101 0.000000 0.000000 0.004303
21905.98 0.004302 0.000104 0.000000 0.000000 0.004302
21910.98 0.004309 0.000118 0.000000 0.000000 0.004309
21915.98 0.004321 0.000139 0.000000 0.000000 0.004321
21920.98 0.004335 0.000160 0.000000 0.000000 0.004335
21925.98 0.004347 0.000177 0.000000 0.000000 0.004347
21930.98 0.004357 0.000184 0.000000 0.000000 0.004357
21935.99 0.004361 0.000182 0.000000 0.000000 0.004361
21940.99 0.004361 0.000172 0.000000 0.000000 0.004361
21945.99 0.004354 0.000158 0.000000 0.000000 0.004354
21950.99 0.004340 0.000145 0.000000 0.000000 0.004340
21955.99 0.004321 0.000141 0.000000 0.000000 0.004321
21960.99 0.004301 0.000149 0.000000 0.000000 0.004301
21965.99 0.004281 0.000163 0.000000 0.000000 0.004281
21971.00 0.004263 0.000175 0.000000 0.000000 0.004263
21976.00 0.004249 0.000179 0.000000 0.000000 0.004249
21981.00 0.004241 0.000172 0.000000 0.000000 0.004241
21986.00 0.004240 0.000151 0.000000 0.000000 0.004240
21991.00 0.004246 0.000118 0.000000 0.000000 0.004246
21996.00 0.004259 0.000081 0.000000 0.000000 0.004259
22001.00 0.004278 0.000058 0.000000 0.000000 0.004278
22006.00 0.004301 0.000074 0.000000 0.000000 0.004301
22011.01 0.004325 0.000123 0.000000 0.000000 0.004325
22016.01 0.004349 0.000173 0.000000 0.000000 0.004349
22021.01 0.004369 0.000210 0.000000 0.000000 0.004369
22026.01 0.004383 0.000233 0.000000 0.000000 0.004383
22031.01 0.004389 0.000242 0.000000 0.000000 0.004389
22036.01 0.004387 0.000236 0.000000 0.000000 0.004387
22041.01 0.004378 0.000217 0.000000 0.000000 0.004378
22046.02 0.004361 0.000189 0.000000 0.000000 0.004361
22051.02 0.004340 0.000160 0.000000 0.000000 0.004340
22056.02 0.004317 0.000135 0.000000 0.000000 0.004317
22061.02 0.004293 0.000116 0.000000 0.000000 0.004293
22066.02 0.004272 0.000106 0.000000 0.000000 0.004272
22071.02 0.004254 0.000097 0.000000 0.000000 0.004254
22076.02 0.004242 0.000082 0.000000 0.000000 0.004242
22081.03 0.004237 0.000058 0.000000 0.000000 0.004237
22086.03 0.004238 0.000032 0.000000 0.000000 0.004238
22091.03 0.004246 0.000030 0.000000 0.000000 0.004246
22096.03 0.004259 0.000075 0.000000 0.000000 0.004259
22101.03 0.004276 0.000141 0.000000 0.000000 0.004276
22106.03 0.004296 0.000201 0.000000 0.000000 0.004296
22111.03 0.004315 0.000251 0.000000 0.000000 0.004315
22116.03 0.004331 0.000293 0.000000 0.000000 0.004331
22121.04 0.004343 0.000323 0.000000 0.000000 0.004343
22126.04 0.004349 0.000336 0.000000 0.000000 0.004349
22131.04 0.004348 0.000331 0.000000 0.000000 0.004348
22136.04 0.004340 0.000309 0.000000 0.000000 0.004340
22141.04 0.004326 0.000274 0.000000 0.000000 0.004326
22146.04 0.004306 0.000228 0.000000 0.000000 0.004306
22151.04 0.004281 0.000171 0.000000 0.000000 0.004281
22156.05 0.004254 0.000113 0.000000 0.000000 0.004254
22161.05 0.004226 0.000073 0.000000 0.000000 0.004226
22166.05 0.004198 0.000063 0.000000 0.000000 0.004198
22171.05 0.004173 0.000080 0.000000 0.000000 0.004173
22176.05 0.004150 0.000112 0.000000 0.000000 0.004150
22181.05 0.004131 0.000139 0.000000 0.000000 0.004131
22186.05 0.004116 0.000152 0.000000 0.000000 0.004116
22191.06 0.004105 0.000154 0.000000 0.000000 0.004105
22196.06 0.004098 0.000147 0.000000 0.000000 0.004098
22201.06 0.004093 0.000133 0.000000 0.000000 0.004093
22206.06 0.004089 0.000117 0.000000 0.000000 0.004089
22211.06 0.004086 0.000105 0.000000 0.000000 0.004086
22216.06 0.004083 0.000103 0.000000 0.000000 0.004083
22221.06 0.004079 0.000113 0.000000 0.000000 0.004079
22226.06 0.004073 0.000133 0.000000 0.000000 0.004073
22231.07 0.004065 0.000156 0.000000 0.000000 0.004065
22236.07 0.004056 0.000178 0.000000 0.000000 0.004056
22241.07 0.004046 0.000197 0.000000 0.000000 0.004046
22246.07 0.004036 0.000210 0.000000 0.000000 0.004036
22251.07 0.004028 0.000217 0.000000 0.000000 0.004028
22256.07 0.004022 0.000216 0.000000 0.000000 0.004022
22261.07 0.004019 0.000208 0.000000 0.000000 0.004019
22266.08 0.004021 0.000192 0.000000 0.000000 0.004021
22271.08 0.004027 0.000170 0.000000 0.000000 0.004027
22276.08 0.004037 0.000144 0.000000 0.000000 0.004037
22281.08 0.004051 0.000117 0.000000 0.000000 0.004051
22286.08 0.004068 0.000097 0.000000 0.000000 0.004068
22291.08 0.004087 0.000090 0.000000 0.000000 0.004087
22296.08 0.004105 0.000095 0.000000 0.000000 0.004105
22301.09 0.004121 0.000105 0.000000 0.000000 0.004121
22306.09 0.004132 0.000113 0.000000 0.000000 0.004132
22311.09 0.004139 0.000113 0.000000 0.000000 0.004139
22316.09 0.004138 0.000103 0.000000 0.000000 0.004138
22321.09 0.004130 0.000079 0.000000 0.000000 0.004130
22326.09 0.004114 0.000056 0.000000 0.000000 0.004114
22331.09 0.004092 0.000059 0.000000 0.000000 0.004092
22336.09 0.004064 0.000088 0.000000 0.000000 0.004064
22341.10 0.004031 0.000133 0.000000 0.000000 0.004031
22346.10 0.003996 0.000184 0.000000 0.000000 0.003996
22351.10 0.003962 0.000230 0.000000 0.000000 0.003962
22356.10 0.003930 0.000266 0.000000 0.000000 0.003930
22361.10 0.003902 0.000289 0.000000 0.000000 0.003902
22366.10 0.003882 0.000296 0.000000 0.000000 0.003882
22371.10 0.003870 0.000285 0.000000 0.000000 0.003870
22376.11 0.003869 0.000257 0.000000 0.000000 0.003869
22381.11 0.003877 0.000210 0.000000 0.000000 0.003877
22386.11 0.003896 0.000151 0.000000 0.000000 0.003896
22391.11 0.003923 0.000088 0.000000 0.000000 0.003923
22396.11 0.003957 0.000056 0.000000 0.000000 0.003957
22401.11 0.003997 0.000093 0.000000 0.000000 0.003997
22406.11 0.004038 0.000177 0.000000 0.000000 0.004038
22411.12 0.004078 0.000255 0.000000 0.000000 0.004078
22416.12 0.004115 0.000311 0.000000 0.000000 0.004115
22421.12 0.004145 0.000351 0.000000 0.000000 0.004145
22426.12 0.004167 0.000376 0.000000 0.000000 0.004167
22431.12 0.004179 0.000382 0.000000 0.000000 0.004179
22436.12 0.004181 0.000368 0.000000 0.000000 0.004181
22441.12 0.004172 0.000339 0.000000 0.000000 0.004172
22446.12 0.004153 0.000297 0.000000 0.000000 0.004153
22451.13 0.004126 0.000248 0.000000 0.000000 0.004126
22456.13 0.004092 0.000203 0.000000 0.000000 0.004092
22461.13 0.004054 0.000176 0.000000 0.000000 0.004054
22466.13 0.004014 0.000171 0.000000 0.000000 0.004014
22471.13 0.003974 0.000188 0.000000 0.000000 0.003974
22476.13 0.003936 0.000215 0.000000 0.000000 0.003936
22481.13 0.003905 0.000235 0.000000 0.000000 0.003905
22486.14 0.003883 0.000240 0.000000 0.000000 0.003883
22491.14 0.003867 0.000232 0.000000 0.000000 0.003867
22496.14 0.003858 0.000214 0.000000 0.000000 0.003858
22501.14 0.003857 0.000184 0.000000 0.000000 0.003857
22506.14 0.003863 0.000147 0.000000 0.000000 0.003863
22511.14 0.003874 0.000108 0.000000 0.000000 0.003874
22516.14 0.003889 0.000081 0.000000 0.000000 0.003889
22521.14 0.003904 0.000079 0.000000 0.000000 0.003904
22526.15 0.003919 0.000099 0.000000 0.000000 0.003919
22531.15 0.003932 0.000123 0.000000 0.000000 0.003932
22536.15 0.003940 0.000140 0.000000 0.000000 0.003940
22541.15 0.003944 0.000146 0.000000 0.000000 0.003944
22546.15 0.003942 0.000140 0.000000 0.000000 0.003942
22551.15 0.003934 0.000121 0.000000 0.000000 0.003934
22556.15 0.003922 0.000093 0.000000 0.000000 0.003922
22561.16 0.003905 0.000062 0.000000 0.000000 0.003905
22566.16 0.003886 0.000042 0.000000 0.000000 0.003886
22571.16 0.003866 0.000050 0.000000 0.000000 0.003866
22576.16 0.003847 0.000086 0.000000 0.000000 0.003847
22581.16 0.003830 0.000126 0.000000 0.000000 0.003830
22586.16 0.003817 0.000155 0.000000 0.000000 0.003817
22591.16 0.003808 0.000173 0.000000 0.000000 0.003808
22596.17 0.003804 0.000184 0.000000 0.000000 0.003804
22601.17 0.003806 0.000186 0.000000 0.000000 0.003806
22606.17 0.003813 0.000181 0.000000 0.000000 0.003813
22611.17 0.003823 0.000172 0.000000 0.000000 0.003823
22616.17 0.003837 0.000164 0.000000 0.000000 0.003837
22621.17 0.003851 0.000160 0.000000 0.000000 0.003851
22626.17 0.003866 0.000161 0.000000 0.000000 0.003866
22631.17 0.003879 0.000167 0.000000 0.000000 0.003879
22636.18 0.003889 0.000175 0.000000 0.000000 0.003889
22641.18 0.003895 0.000181 0.000000 0.000000 0.003895
22646.18 0.003896 0.000182 0.000000 0.000000 0.003896
22651.18 0.003892 0.000178 0.000000 0.000000 0.003892
22656.18 0.003882 0.000169 0.000000 0.000000 0.003882
22661.18 0.003868 0.000156 0.000000 0.000000 0.003868
22666.18 0.003850 0.000142 0.000000 0.000000 0.003850
22671.19 0.003830 0.000130 0.000000 0.000000 0.003830
22676.19 0.003808 0.000123 0.000000 0.000000 0.003808
22681.19 0.003788 0.000120 0.000000 0.000000 0.003788
22686.19 0.003769 0.000119 0.000000 0.000000 0.003769
22691.19 0.003753 0.000118 0.000000 0.000000 0.003753
22696.19 0.003742 0.000113 0.000000 0.000000 0.003742
22701.19 0.003736 0.000100 0.000000 0.000000 0.003736
22706.20 0.003735 0.000078 0.000000 0.000000 0.003735
22711.20 0.003738 0.000055 0.000000 0.000000 0.003738
22716.20 0.003746 0.000042 0.000000 0.000000 0.003746
22721.20 0.003758 0.000048 0.000000 0.000000 0.003758
22726.20 0.003772 0.000074 0.000000 0.000000 0.003772
22731.20 0.003787 0.000112 0.000000 0.000000 0.003787
22736.20 0.003803 0.000149 0.000000 0.000000 0.003803
22741.20 0.003817 0.000178 0.000000 0.000000 0.003817
22746.21 0.003830 0.000201 0.000000 0.000000 0.003830
22751.21 0.003839 0.000216 0.000000 0.000000 0.003839
22756.21 0.003844 0.000218 0.000000 0.000000 0.003844
22761.21 0.003842 0.000206 0.000000 0.000000 0.003842
22766.21 0.003836 0.000184 0.000000 0.000000 0.003836
22771.21 0.003826 0.000157 0.000000 0.000000 0.003826
22776.21 0.003813 0.000126 0.000000 0.000000 0.003813
22781.22 0.003797 0.000095 0.000000 0.000000 0.003797
22786.22 0.003778 0.000080 0.000000 0.000000 0.003778
22791.22 0.003758 0.000088 0.000000 0.000000 0.003758
22796.22 0.003738 0.000109 0.000000 0.000000 0.003738
22801.22 0.003718 0.000135 0.000000 0.000000 0.003718
22806.22 0.003700 0.000159 0.000000 0.000000 0.003700
22811.22 0.003684 0.000174 0.000000 0.000000 0.003684
22816.23 0.003670 0.000181 0.000000 0.000000 0.003670
22821.23 0.003659 0.000177 0.000000 0.000000 0.003659
22826.23 0.003651 0.000165 0.000000 0.000000 0.003651
22831.23 0.003646 0.000145 0.000000 0.000000 0.003646
22836.23 0.003644 0.000116 0.000000 0.000000 0.003644
22841.23 0.003644 0.000075 0.000000 0.000000 0.003644
22846.23 0.003647 0.000039 0.000000 0.000000 0.003647
22851.23 0.003652 0.000029 0.000000 0.000000 0.003652
22856.24 0.003657 0.000043 0.000000 0.000000 0.003657
22861.24 0.003664 0.000070 0.000000 0.000000 0.003664
22866.24 0.003670 0.000098 0.000000 0.000000 0.003670
22871.24 0.003676 0.000119 0.000000 0.000000 0.003676
22876.24 0.003680 0.000129 0.000000 0.000000 0.003680
22881.24 0.003683 0.000129 0.000000 0.000000 0.003683
22886.24 0.003684 0.000122 0.000000 0.000000 0.003684
22891.25 0.003683 0.000106 0.000000 0.000000 0.003683
22896.25 0.003680 0.000088 0.000000 0.000000 0.003680
22901.25 0.003676 0.000080 0.000000 0.000000 0.003676
22906.25 0.003669 0.000089 0.000000 0.000000 0.003669
22911.25 0.003662 0.000114 0.000000 0.000000 0.003662
22916.25 0.003653 0.000150 0.000000 0.000000 0.003653
22921.25 0.003644 0.000191 0.000000 0.000000 0.003644
22926.26 0.003635 0.000230 0.000000 0.000000 0.003635
22931.26 0.003626 0.000265 0.000000 0.000000 0.003626
22936.26 0.003618 0.000294 0.000000 0.000000 0.003618
22941.26 0.003612 0.000315 0.000000 0.000000 0.003612
22946.26 0.003608 0.000328 0.000000 0.000000 0.003608
22951.26 0.003606 0.000331 0.000000 0.000000 0.003606
22956.26 0.003607 0.000324 0.000000 0.000000 0.003607
22961.26 0.003612 0.000308 0.000000 0.000000 0.003612
22966.27 0.003621 0.000284 0.000000 0.000000 0.003621
22971.27 0.003633 0.000254 0.000000 0.000000 0.003633
22976.27 0.003649 0.000220 0.000000 0.000000 0.003649
22981.27 0.003667 0.000186 0.000000 0.000000 0.003667
22986.27 0.003687 0.000158 0.000000 0.000000 0.003687
22991.27 0.003709 0.000141 0.000000 0.000000 0.003709
22996.27 0.003730 0.000139 0.000000 0.000000 0.003730
23001.28 0.003751 0.000150 0.000000 0.000000 0.003751
23006.28 0.003770 0.000168 0.000000 0.000000 0.003770
23011.28 0.003786 0.000188 0.000000 0.000000 0.003786
23016.28 0.003798 0.000206 0.000000 0.000000 0.003798
23021.28 0.003805 0.000219 0.000000 0.000000 0.003805
23026.28 0.003808 0.000228 0.000000 0.000000 0.003808
23031.28 0.003808 0.000233 0.000000 0.000000 0.003808
23036.29 0.003802 0.000233 0.000000 0.000000 0.003802
23041.29 0.003790 0.000227 0.000000 0.000000 0.003790
23046.29 0.003773 0.000219 0.000000 0.000000 0.003773
23051.29 0.003754 0.000210 0.000000 0.000000 0.003754
23056.29 0.003733 0.000201 0.000000 0.000000 0.003733
23061.29 0.003711 0.000193 0.000000 0.000000 0.003711
23066.29 0.003689 0.000186 0.000000 0.000000 0.003689
23071.29 0.003667 0.000180 0.000000 0.000000 0.003667
23076.30 0.003648 0.000176 0.000000 0.000000 0.003648
23081.30 0.003632 0.000173 0.000000 0.000000 0.003632
23086.30 0.003619 0.000170 0.000000 0.000000 0.003619
23091.30 0.003609 0.000167 0.000000 0.000000 0.003609
23096.30 0.003603 0.000164 0.000000 0.000000 0.003603
23101.30 0.003600 0.000161 0.000000 0.000000 0.003600
23106.30 0.003600 0.000158 0.000000 0.000000 0.003600
23111.31 0.003602 0.000155 0.000000 0.000000 0.003602
23116.31 0.003604 0.000152 0.000000 0.000000 0.003604
23121.31 0.003607 0.000150 0.000000 0.000000 0.003607
23126.31 0.003610 0.000149 0.000000 0.000000 0.003610
23131.31 0.003611 0.000148 0.000000 0.000000 0.003611
23136.31 0.003610 0.000148 0.000000 0.000000 0.003610
23141.31 0.003607 0.000149 0.000000 0.000000 0.003607
23146.32 0.003601 0.000151 0.000000 0.000000 0.003601
23151.32 0.003593 0.000154 0.000000 0.000000 0.003593
23156.32 0.003583 0.000157 0.000000 0.000000 0.003583
23161.32 0.003571 0.000160 0.000000 0.000000 0.003571
23166.32 0.003557 0.000163 0.000000 0.000000 0.003557
23171.32 0.003543 0.000166 0.000000 0.000000 0.003543
23176.32 0.003528 0.000168 0.000000 0.000000 0.003528
23181.32 0.003515 0.000170 0.000000 0.000000 0.003515
23186.33 0.003503 0.000171 0.000000 0.000000 0.003503
23191.33 0.003494 0.000171 0.000000 0.000000 0.003494
23196.33 0.003488 0.000170 0.000000 0.000000 0.003488
23201.33 0.003486 0.000168 0.000000 0.000000 0.003486
23206.33 0.003487 0.000166 0.000000 0.000000 0.003487
23211.33 0.003493 0.000164 0.000000 0.000000 0.003493
23216.33 0.003501 0.000161 0.000000 0.000000 0.003501
23221.34 0.003513 0.000158 0.000000 0.000000 0.003513
23226.34 0.003526 0.000154 0.000000 0.000000 0.003526
23231.34 0.003541 0.000150 0.000000 0.000000 0.003541
23236.34 0.003555 0.000145 0.000000 0.000000 0.003555
23241.34 0.003570 0.000140 0.000000 0.000000 0.003570
23246.34 0.003583 0.000135 0.000000 0.000000 0.003583
23251.34 0.003593 0.000128 0.000000 0.000000 0.003593
23256.35 0.003601 0.000121 0.000000 0.000000 0.003601
23261.35 0.003606 0.000113 0.000000 0.000000 0.003606
23266.35 0.003607 0.000104 0.000000 0.000000 0.003607
23271.35 0.003604 0.000095 0.000000 0.000000 0.003604
23276.35 0.003597 0.000083 0.000000 0.000000 0.003597
23281.35 0.003586 0.000071 0.000000 0.000000 0.003586
23286.35 0.003572 0.000057 0.000000 0.000000 0.003572
23291.35 0.003555 0.000042 0.000000 0.000000 0.003555
23296.36 0.003537 0.000025 0.000000 0.000000 0.003537
23301.36 0.003517 0.000011 0.000000 0.000000 0.003517
23306.36 0.003497 0.000009 0.000000 0.000000 0.003497
23311.36 0.003478 0.000024 0.000000 0.000000 0.003478
23316.36 0.003461 0.000045 0.000000 0.000000 0.003461
23321.36 0.003445 0.000062 0.000000 0.000000 0.003445
23326.36 0.003433 0.000073 0.000000 0.000000 0.003433
23331.37 0.003427 0.000078 0.000000 0.000000 0.003427
23336.37 0.003425 0.000078 0.000000 0.000000 0.003425
23341.37 0.003426 0.000075 0.000000 0.000000 0.003426
23346.37 0.003431 0.000065 0.000000 0.000000 0.003431
23351.37 0.003438 0.000044 0.000000 0.000000 0.003438
23356.37 0.003450 0.000019 0.000000 0.000000 0.003450
23361.37 0.003463 0.000012 0.000000 0.000000 0.003463
23366.38 0.003478 0.000032 0.000000 0.000000 0.003478
23371.38 0.003494 0.000065 0.000000 0.000000 0.003494
23376.38 0.003509 0.000099 0.000000 0.000000 0.003509
23381.38 0.003524 0.000133 0.000000 0.000000 0.003524
23386.38 0.003537 0.000164 0.000000 0.000000 0.003537
23391.38 0.003546 0.000193 0.000000 0.000000 0.003546
23396.38 0.003553 0.000217 0.000000 0.000000 0.003553
23401.38 0.003555 0.000235 0.000000 0.000000 0.003555
23406.39 0.003554 0.000248 0.000000 0.000000 0.003554
23411.39 0.003548 0.000257 0.000000 0.000000 0.003548
23416.39 0.003538 0.000263 0.000000 0.000000 0.003538
23421.39 0.003526 0.000268 0.000000 0.000000 0.003526
23426.39 0.003510 0.000274 0.000000 0.000000 0.003510
23431.39 0.003494 0.000282 0.000000 0.000000 0.003494
23436.39 0.003477 0.000293 0.000000 0.000000 0.003477
23441.40 0.003460 0.000306 0.000000 0.000000 0.003460
23446.40 0.003444 0.000319 0.000000 0.000000 0.003444
23451.40 0.003430 0.000330 0.000000 0.000000 0.003430
23456.40 0.003418 0.000338 0.000000 0.000000 0.003418
23461.40 0.003407 0.000341 0.000000 0.000000 0.003407
23466.40 0.003399 0.000337 0.000000 0.000000 0.003399
23471.40 0.003393 0.000327 0.000000 0.000000 0.003393
23476.41 0.003388 0.000310 0.000000 0.000000 0.003388
23481.41 0.003385 0.000288 0.000000 0.000000 0.003385
23486.41 0.003383 0.000260 0.000000 0.000000 0.003383
23491.41 0.003381 0.000230 0.000000 0.000000 0.003381
23496.41 0.003379 0.000197 0.000000 0.000000 0.003379
23501.41 0.003376 0.000165 0.000000 0.000000 0.003376
23506.41 0.003373 0.000135 0.000000 0.000000 0.003373
23511.41 0.003368 0.000108 0.000000 0.000000 0.003368
23516.42 0.003362 0.000087 0.000000 0.000000 0.003362
23521.42 0.003355 0.000074 0.000000 0.000000 0.003355
23526.42 0.003347 0.000071 0.000000 0.000000 0.003347
23531.42 0.003337 0.000078 0.000000 0.000000 0.003337
23536.42 0.003327 0.000091 0.000000 0.000000 0.003327
23541.42 0.003317 0.000108 0.000000 0.000000 0.003317
23546.42 0.003308 0.000125 0.000000 0.000000 0.003308
23551.43 0.003299 0.000141 0.000000 0.000000 0.003299
23556.43 0.003291 0.000156 0.000000 0.000000 0.003291
23561.43 0.003284 0.000168 0.000000 0.000000 0.003284
23566.43 0.003279 0.000177 0.000000 0.000000 0.003279
23571.43 0.003276 0.000183 0.000000 0.000000 0.003276
23576.43 0.003274 0.000185 0.000000 0.000000 0.003274
23581.43 0.003274 0.000185 0.000000 0.000000 0.003274
23586.44 0.003276 0.000185 0.000000 0.000000 0.003276
23591.44 0.003278 0.000184 0.000000 0.000000 0.003278
23596.44 0.003282 0.000186 0.000000 0.000000 0.003282
23601.44 0.003286 0.000190 0.000000 0.000000 0.003286
23606.44 0.003290 0.000197 0.000000 0.000000 0.003290
23611.44 0.003294 0.000205 0.000000 0.000000 0.003294
23616.44 0.003299 0.000213 0.000000 0.000000 0.003299
23621.44 0.003303 0.000220 0.000000 0.000000 0.003303
23626.45 0.003307 0.000223 0.000000 0.000000 0.003307
23631.45 0.003312 0.000221 0.000000 0.000000 0.003312
23636.45 0.003317 0.000214 0.000000 0.000000 0.003317
23641.45 0.003324 0.000205 0.000000 0.000000 0.003324
23646.45 0.003331 0.000193 0.000000 0.000000 0.003331
23651.45 0.003339 0.000180 0.000000 0.000000 0.003339
23656.45 0.003348 0.000167 0.000000 0.000000 0.003348
23661.46 0.003359 0.000154 0.000000 0.000000 0.003359
23666.46 0.003370 0.000144 0.000000 0.000000 0.003370
23671.46 0.003381 0.000135 0.000000 0.000000 0.003381
23676.46 0.003393 0.000130 0.000000 0.000000 0.003393
23681.46 0.003404 0.000126 0.000000 0.000000 0.003404
23686.46 0.003415 0.000124 0.000000 0.000000 0.003415
23691.46 0.003424 0.000126 0.000000 0.000000 0.003424
23696.46 0.003430 0.000131 0.000000 0.000000 0.003430
23701.47 0.003434 0.000141 0.000000 0.000000 0.003434
23706.47 0.003435 0.000155 0.000000 0.000000 0.003435
23711.47 0.003432 0.000173 0.000000 0.000000 0.003432
23716.47 0.003424 0.000193 0.000000 0.000000 0.003424
23721.47 0.003412 0.000212 0.000000 0.000000 0.003412
23726.47 0.003395 0.000229 0.000000 0.000000 0.003395
23731.47 0.003373 0.000243 0.000000 0.000000 0.003373
23736.48 0.003349 0.000252 0.000000 0.000000 0.003349
23741.48 0.003322 0.000257 0.000000 0.000000 0.003322
23746.48 0.003294 0.000258 0.000000 0.000000 0.003294
23751.48 0.003267 0.000257 0.000000 0.000000 0.003267
23756.48 0.003242 0.000253 0.000000 0.000000 0.003242
23761.48 0.003221 0.000249 0.000000 0.000000 0.003221
23766.48 0.003202 0.000244 0.000000 0.000000 0.003202
23771.49 0.003188 0.000240 0.000000 0.000000 0.003188
23776.49 0.003179 0.000235 0.000000 0.000000 0.003179
23781.49 0.003173 0.000231 0.000000 0.000000 0.003173
23786.49 0.003172 0.000227 0.000000 0.000000 0.003172
23791.49 0.003173 0.000223 0.000000 0.000000 0.003173
23796.49 0.003176 0.000218 0.000000 0.000000 0.003176
23801.49 0.003181 0.000213 0.000000 0.000000 0.003181
23806.49 0.003186 0.000207 0.000000 0.000000 0.003186
23811.50 0.003191 0.000201 0.000000 0.000000 0.003191
23816.50 0.003195 0.000194 0.000000 0.000000 0.003195
23821.50 0.003198 0.000188 0.000000 0.000000 0.003198
23826.50 0.003199 0.000182 0.000000 0.000000 0.003199
23831.50 0.003199 0.000176 0.000000 0.000000 0.003199
23836.50 0.003196 0.000171 0.000000 0.000000 0.003196
23841.50 0.003192 0.000167 0.000000 0.000000 0.003192
23846.51 0.003187 0.000165 0.000000 0.000000 0.003187
23851.51 0.003181 0.000163 0.000000 0.000000 0.003181
23856.51 0.003175 0.000163 0.000000 0.000000 0.003175
23861.51 0.003169 0.000163 0.000000 0.000000 0.003169
23866.51 0.003164 0.000166 0.000000 0.000000 0.003164
23871.51 0.003160 0.000169 0.000000 0.000000 0.003160
23876.51 0.003158 0.000172 0.000000 0.000000 0.003158
23881.52 0.003157 0.000177 0.000000 0.000000 0.003157
23886.52 0.003158 0.000180 0.000000 0.000000 0.003158
23891.52 0.003160 0.000184 0.000000 0.000000 0.003160
23896.52 0.003163 0.000186 0.000000 0.000000 0.003163
23901.52 0.003166 0.000187 0.000000 0.000000 0.003166
23906.52 0.003170 0.000186 0.000000 0.000000 0.003170
23911.52 0.003173 0.000185 0.000000 0.000000 0.003173
23916.52 0.003174 0.000182 0.000000 0.000000 0.003174
23921.53 0.003175 0.000178 0.000000 0.000000 0.003175
23926.53 0.003174 0.000174 0.000000 0.000000 0.003174
23931.53 0.003170 0.000169 0.000000 0.000000 0.003170
23936.53 0.003163 0.000164 0.000000 0.000000 0.003163
23941.53 0.003155 0.000159 0.000000 0.000000 0.003155
23946.53 0.003146 0.000154 0.000000 0.000000 0.003146
23951.53 0.003137 0.000151 0.000000 0.000000 0.003137
23956.54 0.003128 0.000149 0.000000 0.000000 0.003128
23961.54 0.003121 0.000148 0.000000 0.000000 0.003121
23966.54 0.003116 0.000150 0.000000 0.000000 0.003116
23971.54 0.003114 0.000153 0.000000 0.000000 0.003114
23976.54 0.003116 0.000157 0.000000 0.000000 0.003116
23981.54 0.003121 0.000163 0.000000 0.000000 0.003121
23986.54 0.003131 0.000170 0.000000 0.000000 0.003131
23991.55 0.003144 0.000177 0.000000 0.000000 0.003144
23996.55 0.003160 0.000184 0.000000 0.000000 0.003160
24001.55 0.003178 0.000191 0.000000 0.000000 0.003178
24006.55 0.003198 0.000196 0.000000 0.000000 0.003198
24011.55 0.003218 0.000201 0.000000 0.000000 0.003218
24016.55 0.003237 0.000205 0.000000 0.000000 0.003237
24021.55 0.003254 0.000207 0.000000 0.000000 0.003254
24026.55 0.003267 0.000208 0.000000 0.000000 0.003267
24031.56 0.003276 0.000207 0.000000 0.000000 0.003276
24036.56 0.003280 0.000205 0.000000 0.000000 0.003280
24041.56 0.003278 0.000202 0.000000 0.000000 0.003278
24046.56 0.003271 0.000197 0.000000 0.000000 0.003271
24051.56 0.003258 0.000192 0.000000 0.000000 0.003258
24056.56 0.003240 0.000187 0.000000 0.000000 0.003240
24061.56 0.003218 0.000184 0.000000 0.000000 0.003218
24066.57 0.003194 0.000183 0.000000 0.000000 0.003194
24071.57 0.003170 0.000186 0.000000 0.000000 0.003170
24076.57 0.003145 0.000192 0.000000 0.000000 0.003145
24081.57 0.003123 0.000201 0.000000 0.000000 0.003123
24086.57 0.003105 0.000212 0.000000 0.000000 0.003105
24091.57 0.003091 0.000224 0.000000 0.000000 0.003091
24096.57 0.003083 0.000236 0.000000 0.000000 0.003083
24101.58 0.003081 0.000247 0.000000 0.000000 0.003081
24106.58 0.003084 0.000257 0.000000 0.000000 0.003084
24111.58 0.003092 0.000264 0.000000 0.000000 0.003092
24116.58 0.003105 0.000270 0.000000 0.000000 0.003105
24121.58 0.003121 0.000273 0.000000 0.000000 0.003121
24126.58 0.003139 0.000273 0.000000 0.000000 0.003139
24131.58 0.003158 0.000270 0.000000 0.000000 0.003158
24136.58 0.003176 0.000264 0.000000 0.000000 0.003176
24141.59 0.003191 0.000255 0.000000 0.000000 0.003191
24146.59 0.003202 0.000243 0.000000 0.000000 0.003202
24151.59 0.003208 0.000228 0.000000 0.000000 0.003208
24156.59 0.003208 0.000212 0.000000 0.000000 0.003208
24161.59 0.003202 0.000195 0.000000 0.000000 0.003202
24166.59 0.003189 0.000180 0.000000 0.000000 0.003189
24171.59 0.003171 0.000169 0.000000 0.000000 0.003171
24176.60 0.003149 0.000163 0.000000 0.000000 0.003149
24181.60 0.003123 0.000164 0.000000 0.000000 0.003123
24186.60 0.003095 0.000171 0.000000 0.000000 0.003095
24191.60 0.003067 0.000181 0.000000 0.000000 0.003067
24196.60 0.003040 0.000193 0.000000 0.000000 0.003040
24201.60 0.003017 0.000204 0.000000 0.000000 0.003017
24206.60 0.002998 0.000213 0.000000 0.000000 0.002998
24211.61 0.002984 0.000220 0.000000 0.000000 0.002984
24216.61 0.002977 0.000225 0.000000 0.000000 0.002977
24221.61 0.002976 0.000230 0.000000 0.000000 0.002976
24226.61 0.002982 0.000236 0.000000 0.000000 0.002982
24231.61 0.002993 0.000246 0.000000 0.000000 0.002993
24236.61 0.003008 0.000259 0.000000 0.000000 0.003008
24241.61 0.003027 0.000275 0.000000 0.000000 0.003027
24246.61 0.003049 0.000291 0.000000 0.000000 0.003049
24251.62 0.003071 0.000305 0.000000 0.000000 0.003071
24256.62 0.003093 0.000317 0.000000 0.000000 0.003093
24261.62 0.003112 0.000326 0.000000 0.000000 0.003112
24266.62 0.003127 0.000329 0.000000 0.000000 0.003127
24271.62 0.003137 0.000326 0.000000 0.000000 0.003137
24276.62 0.003143 0.000316 0.000000 0.000000 0.003143
24281.62 0.003144 0.000300 0.000000 0.000000 0.003144
24286.63 0.003139 0.000278 0.000000 0.000000 0.003139
24291.63 0.003130 0.000252 0.000000 0.000000 0.003130
24296.63 0.003116 0.000223 0.000000 0.000000 0.003116
24301.63 0.003100 0.000192 0.000000 0.000000 0.003100
24306.63 0.003081 0.000161 0.000000 0.000000 0.003081
24311.63 0.003062 0.000133 0.000000 0.000000 0.003062
24316.63 0.003043 0.000109 0.000000 0.000000 0.003043
24321.64 0.003025 0.000090 0.000000 0.000000 0.003025
24326.64 0.003010 0.000079 0.000000 0.000000 0.003010
24331.64 0.002998 0.000075 0.000000 0.000000 0.002998
24336.64 0.002991 0.000076 0.000000 0.000000 0.002991
24341.64 0.002988 0.000082 0.000000 0.000000 0.002988
24346.64 0.002991 0.000091 0.000000 0.000000 0.002991
24351.64 0.002998 0.000104 0.000000 0.000000 0.002998
24356.64 0.003009 0.000119 0.000000 0.000000 0.003009
24361.65 0.003022 0.000137 0.000000 0.000000 0.003022
24366.65 0.003038 0.000156 0.000000 0.000000 0.003038
24371.65 0.003053 0.000175 0.000000 0.000000 0.003053
24376.65 0.003068 0.000193 0.000000 0.000000 0.003068
24381.65 0.003080 0.000207 0.000000 0.000000 0.003080
24386.65 0.003089 0.000219 0.000000 0.000000 0.003089
24391.65 0.003094 0.000227 0.000000 0.000000 0.003094
24396.66 0.003095 0.000231 0.000000 0.000000 0.003095
24401.66 0.003092 0.000232 0.000000 0.000000 0.003092
24406.66 0.003084 0.000231 0.000000 0.000000 0.003084
24411.66 0.003074 0.000228 0.000000 0.000000 0.003074
24416.66 0.003060 0.000226 0.000000 0.000000 0.003060
24421.66 0.003044 0.000224 0.000000 0.000000 0.003044
24426.66 0.003026 0.000224 0.000000 0.000000 0.003026
24431.67 0.003007 0.000225 0.000000 0.000000 0.003007
24436.67 0.002989 0.000228 0.000000 0.000000 0.002989
24441.67 0.002970 0.000232 0.000000 0.000000 0.002970
24446.67 0.002953 0.000238 0.000000 0.000000 0.002953
24451.67 0.002938 0.000245 0.000000 0.000000 0.002938
24456.67 0.002925 0.000252 0.000000 0.000000 0.002925
24461.67 0.002915 0.000260 0.000000 0.000000 0.002915
24466.67 0.002908 0.000268 0.000000 0.000000 0.002908
24471.68 0.002904 0.000276 0.000000 0.000000 0.002904
24476.68 0.002904 0.000283 0.000000 0.000000 0.002904
24481.68 0.002907 0.000289 0.000000 0.000000 0.002907
24486.68 0.002913 0.000294 0.000000 0.000000 0.002913
24491.68 0.002922 0.000296 0.000000 0.000000 0.002922
24496.68 0.002932 0.000295 0.000000 0.000000 0.002932
24501.68 0.002943 0.000291 0.000000 0.000000 0.002943
24506.69 0.002955 0.000284 0.000000 0.000000 0.002955
24511.69 0.002966 0.000273 0.000000 0.000000 0.002966
24516.69 0.002977 0.000259 0.000000 0.000000 0.002977
24521.69 0.002988 0.000241 0.000000 0.000000 0.002988
24526.69 0.002997 0.000222 0.000000 0.000000 0.002997
24531.69 0.003006 0.000201 0.000000 0.000000 0.003006
24536.69 0.003013 0.000181 0.000000 0.000000 0.003013
24541.70 0.003020 0.000161 0.000000 0.000000 0.003020
24546.70 0.003026 0.000143 0.000000 0.000000 0.003026
24551.70 0.003031 0.000128 0.000000 0.000000 0.003031
24556.70 0.003036 0.000115 0.000000 0.000000 0.003036
24561.70 0.003040 0.000107 0.000000 0.000000 0.003040
24566.70 0.003044 0.000106 0.000000 0.000000 0.003044
24571.70 0.003046 0.000111 0.000000 0.000000 0.003046
24576.70 0.003048 0.000121 0.000000 0.000000 0.003048
24581.71 0.003049 0.000133 0.000000 0.000000 0.003049
24586.71 0.003050 0.000148 0.000000 0.000000 0.003050
24591.71 0.003050 0.000166 0.000000 0.000000 0.003050
24596.71 0.003049 0.000185 0.000000 0.000000 0.003049
24601.71 0.003047 0.000205 0.000000 0.000000 0.003047
24606.71 0.003045 0.000225 0.000000 0.000000 0.003045
24611.71 0.003043 0.000244 0.000000 0.000000 0.003043
24616.72 0.003040 0.000262 0.000000 0.000000 0.003040
24621.72 0.003037 0.000278 0.000000 0.000000 0.003037
24626.72 0.003034 0.000291 0.000000 0.000000 0.003034
24631.72 0.003031 0.000302 0.000000 0.000000 0.003031
24636.72 0.003029 0.000309 0.000000 0.000000 0.003029
24641.72 0.003027 0.000314 0.000000 0.000000 0.003027
24646.72 0.003025 0.000315 0.000000 0.000000 0.003025
24651.73 0.003024 0.000314 0.000000 0.000000 0.003024
24656.73 0.003023 0.000310 0.000000 0.000000 0.003023
24661.73 0.003022 0.000304 0.000000 0.000000 0.003022
24666.73 0.003022 0.000297 0.000000 0.000000 0.003022
24671.73 0.003021 0.000289 0.000000 0.000000 0.003021
24676.73 0.003020 0.000281 0.000000 0.000000 0.003020
24681.73 0.003018 0.000273 0.000000 0.000000 0.003018
24686.73 0.003015 0.000265 0.000000 0.000000 0.003015
24691.74 0.003010 0.000258 0.000000 0.000000 0.003010
24696.74 0.003005 0.000252 0.000000 0.000000 0.003005
24701.74 0.002998 0.000247 0.000000 0.000000 0.002998
24706.74 0.002989 0.000244 0.000000 0.000000 0.002989
24711.74 0.002979 0.000242 0.000000 0.000000 0.002979
24716.74 0.002968 0.000242 0.000000 0.000000 0.002968
24721.74 0.002956 0.000244 0.000000 0.000000 0.002956
24726.75 0.002944 0.000248 0.000000 0.000000 0.002944
24731.75 0.002932 0.000255 0.000000 0.000000 0.002932
24736.75 0.002921 0.000265 0.000000 0.000000 0.002921
24741.75 0.002911 0.000277 0.000000 0.000000 0.002911
24746.75 0.002903 0.000290 0.000000 0.000000 0.002903
24751.75 0.002897 0.000304 0.000000 0.000000 0.002897
24756.75 0.002894 0.000318 0.000000 0.000000 0.002894
24761.76 0.002893 0.000331 0.000000 0.000000 0.002893
24766.76 0.002895 0.000343 0.000000 0.000000 0.002895
24771.76 0.002899 0.000354 0.000000 0.000000 0.002899
24776.76 0.002906 0.000363 0.000000 0.000000 0.002906
24781.76 0.002913 0.000370 0.000000 0.000000 0.002913
24786.76 0.002922 0.000375 0.000000 0.000000 0.002922
24791.76 0.002932 0.000379 0.000000 0.000000 0.002932
24796.76 0.002941 0.000380 0.000000 0.000000 0.002941
24801.77 0.002949 0.000378 0.000000 0.000000 0.002949
24806.77 0.002956 0.000374 0.000000 0.000000 0.002956
24811.77 0.002961 0.000367 0.000000 0.000000 0.002961
24816.77 0.002963 0.000357 0.000000 0.000000 0.002963
24821.77 0.002961 0.000343 0.000000 0.000000 0.002961
24826.77 0.002957 0.000327 0.000000 0.000000 0.002957
24831.77 0.002949 0.000308 0.000000 0.000000 0.002949
24836.78 0.002938 0.000287 0.000000 0.000000 0.002938
24841.78 0.002924 0.000265 0.000000 0.000000 0.002924
24846.78 0.002908 0.000246 0.000000 0.000000 0.002908
24851.78 0.002891 0.000229 0.000000 0.000000 0.002891
24856.78 0.002873 0.000217 0.000000 0.000000 0.002873
24861.78 0.002856 0.000211 0.000000 0.000000 0.002856
24866.78 0.002841 0.000210 0.000000 0.000000 0.002841
24871.79 0.002828 0.000213 0.000000 0.000000 0.002828
24876.79 0.002818 0.000217 0.000000 0.000000 0.002818
24881.79 0.002811 0.000222 0.000000 0.000000 0.002811
24886.79 0.002808 0.000226 0.000000 0.000000 0.002808
24891.79 0.002808 0.000228 0.000000 0.000000 0.002808
24896.79 0.002813 0.000227 0.000000 0.000000 0.002813
24901.79 0.002822 0.000223 0.000000 0.000000 0.002822
24906.79 0.002834 0.000219 0.000000 0.000000 0.002834
24911.80 0.002847 0.000218 0.000000 0.000000 0.002847
24916.80 0.002860 0.000218 0.000000 0.000000 0.002860
24921.80 0.002873 0.000222 0.000000 0.000000 0.002873
24926.80 0.002886 0.000229 0.000000 0.000000 0.002886
24931.80 0.002896 0.000237 0.000000 0.000000 0.002896
24936.80 0.002904 0.000246 0.000000 0.000000 0.002904
24941.80 0.002908 0.000255 0.000000 0.000000 0.002908
24946.81 0.002910 0.000263 0.000000 0.000000 0.002910
24951.81 0.002908 0.000268 0.000000 0.000000 0.002908
24956.81 0.002900 0.000271 0.000000 0.000000 0.002900
24961.81 0.002887 0.000271 0.000000 0.000000 0.002887
24966.81 0.002875 0.000271 0.000000 0.000000 0.002875
24971.81 0.002874 0.000272 0.000000 0.000000 0.002874
24976.81 0.002872 0.000274 0.000000 0.000000 0.002872
24981.81 0.002840 0.000271 0.000000 0.000000 0.002840
24986.82 0.002750 0.000277 0.000000 0.000000 0.002750
24991.82 0.002598 0.000364 0.000000 0.000000 0.002598
24996.82 0.000000 0.000620 0.000000 0.000000 0.000000
25001.82 0.000000 0.001047 0.000000 0.000000 0.000000
25006.82 0.000000 0.001561 0.000000 0.000000 0.000000
