# lk ukf_rk1iii uks_rk1iii fh fse fl
# iRMS=4.930442083e-05 0
# 
3000.87 0.039578 0.000000 0.039578 0.000000 0.000000
3005.88 0.039410 0.000000 0.039410 0.000000 0.000000
3010.88 0.039600 0.000000 0.039600 0.000000 0.000000
3015.88 0.040110 0.000000 0.040110 0.000000 0.000000
3020.88 0.040902 0.000000 0.040902 0.000000 0.000000
3025.88 0.041939 0.000000 0.041939 0.000000 0.000000
3030.88 0.043182 0.000000 0.043182 0.000000 0.000000
3035.88 0.044595 0.000000 0.044595 0.000000 0.000000
3040.88 0.046140 0.000000 0.046140 0.000000 0.000000
3045.89 0.047778 0.000000 0.047778 0.000000 0.000000
3050.89 0.049472 0.000000 0.049472 0.000000 0.000000
3055.89 0.051191 0.000000 0.051191 0.000000 0.000000
3060.89 0.052928 0.000000 0.052928 0.000000 0.000000
3065.89 0.054680 0.000000 0.054680 0.000000 0.000000
3070.89 0.056446 0.000000 0.056446 0.000000 0.000000
3075.89 0.058227 0.000000 0.058227 0.000000 0.000000
3080.89 0.060019 0.000000 0.060019 0.000000 0.000000
3085.90 0.061822 0.000000 0.061822 0.000000 0.000000
3090.90 0.063634 0.000000 0.063634 0.000000 0.000000
3095.90 0.065455 0.000000 0.065455 0.000000 0.000000
3100.90 0.067282 0.000000 0.067282 0.000000 0.000000
3105.90 0.069117 0.000000 0.069117 0.000000 0.000000
3110.90 0.070964 0.000000 0.070964 0.000000 0.000000
3115.90 0.072832 0.000000 0.072832 0.000000 0.000000
3120.90 0.074726 0.000000 0.074726 0.000000 0.000000
3125.91 0.076655 0.000000 0.076655 0.000000 0.000000
3130.91 0.078626 0.000000 0.078626 0.000000 0.000000
3135.91 0.080646 0.000000 0.080646 0.000000 0.000000
3140.91 0.082722 0.000000 0.082722 0.000000 0.000000
3145.91 0.084861 0.000000 0.084861 0.000000 0.000000
3150.91 0.087071 0.000000 0.087071 0.000000 0.000000
3155.91 0.089349 0.000000 0.089349 0.000000 0.000000
3160.91 0.088197 0.003787 0.088197 0.000000 0.000000
3165.92 0.094181 0.000272 0.094181 0.000000 0.000000
3170.92 0.097763 0.001781 0.097763 0.000000 0.000000
3175.92 0.096809 0.001538 0.096809 0.000000 0.000000
3180.92 0.090227 0.010826 0.090227 0.000000 0.000000
3185.92 0.079419 0.024491 0.079419 0.000000 0.000000
3190.92 0.074735 0.031140 0.074735 0.000000 0.000000
3195.92 0.083813 0.022347 0.083813 0.000000 0.000000
3200.92 0.084117 0.000000 0.084117 0.000000 0.000000
3205.93 0.078849 0.004755 0.078849 0.000000 0.000000
3210.93 0.075195 0.004486 0.075195 0.000000 0.000000
3215.93 0.068314 0.005693 0.068314 0.000000 0.000000
3220.93 0.061534 0.003847 0.061534 0.000000 0.000000
3225.93 0.057390 0.005314 0.057390 0.000000 0.000000
3230.93 0.057640 0.006555 0.057640 0.000000 0.000000
3235.93 0.062493 0.003454 0.062493 0.000000 0.000000
3240.94 0.066724 0.000515 0.066724 0.000000 0.000000
3245.94 0.066473 0.001161 0.066473 0.000000 0.000000
3250.94 0.068758 0.000958 0.068758 0.000000 0.000000
3255.94 0.079629 0.004259 0.079629 0.000000 0.000000
3260.94 0.090369 0.007766 0.090369 0.000000 0.000000
3265.94 0.091904 0.010521 0.091904 0.000000 0.000000
3270.94 0.088490 0.011010 0.088490 0.000000 0.000000
3275.94 0.086514 0.008212 0.086514 0.000000 0.000000
3280.95 0.087551 0.003635 0.087551 0.000000 0.000000
3285.95 0.091917 0.000206 0.091917 0.000000 0.000000
3290.95 0.099710 0.000726 0.099710 0.000000 0.000000
3295.95 0.109639 0.008272 0.109639 0.000000 0.000000
3300.95 0.115077 0.014030 0.115077 0.000000 0.000000
3305.95 0.110521 0.010495 0.110521 0.000000 0.000000
3310.95 0.100306 0.003990 0.100306 0.000000 0.000000
3315.95 0.091112 0.002335 0.091112 0.000000 0.000000
3320.96 0.089165 0.005507 0.089165 0.000000 0.000000
3325.96 0.096981 0.010857 0.096981 0.000000 0.000000
3330.96 0.102680 0.013067 0.102680 0.000000 0.000000
3335.96 0.096203 0.008407 0.096203 0.000000 0.000000
3340.96 0.089154 0.002154 0.089154 0.000000 0.000000
3345.96 0.093337 0.000174 0.093337 0.000000 0.000000
3350.96 0.099686 0.001669 0.099686 0.000000 0.000000
3355.96 0.097455 0.004142 0.097455 0.000000 0.000000
3360.97 0.090055 0.004914 0.090055 0.000000 0.000000
3365.97 0.083800 0.002730 0.083800 0.000000 0.000000
3370.97 0.082477 0.002208 0.082477 0.000000 0.000000
3375.97 0.087406 0.006984 0.087406 0.000000 0.000000
3380.97 0.092569 0.010903 0.092569 0.000000 0.000000
3385.97 0.092979 0.008099 0.092979 0.000000 0.000000
3390.97 0.095120 0.003648 0.095120 0.000000 0.000000
3395.97 0.104723 0.003255 0.104723 0.000000 0.000000
3400.98 0.113016 0.004196 0.113016 0.000000 0.000000
3405.98 0.111295 0.003035 0.111295 0.000000 0.000000
3410.98 0.105601 0.001920 0.105601 0.000000 0.000000
3415.98 0.103893 0.003242 0.103893 0.000000 0.000000
3420.98 0.107025 0.004773 0.107025 0.000000 0.000000
3425.98 0.112672 0.004237 0.112672 0.000000 0.000000
3430.98 0.112865 0.003774 0.112865 0.000000 0.000000
3435.98 0.101947 0.005342 0.101947 0.000000 0.000000
3440.99 0.089136 0.005730 0.089136 0.000000 0.000000
3445.99 0.084408 0.001921 0.084408 0.000000 0.000000
3450.99 0.085911 0.003160 0.085911 0.000000 0.000000
3455.99 0.089694 0.005355 0.089694 0.000000 0.000000
3460.99 0.095232 0.001517 0.095232 0.000000 0.000000
3465.99 0.101863 0.008544 0.101863 0.000000 0.000000
3470.99 0.104958 0.014208 0.104958 0.000000 0.000000
3475.99 0.101203 0.007057 0.101203 0.000000 0.000000
3481.00 0.096543 0.001716 0.096543 0.000000 0.000000
3486.00 0.097172 0.000526 0.097172 0.000000 0.000000
3491.00 0.101035 0.004140 0.101035 0.000000 0.000000
3496.00 0.105055 0.003899 0.105055 0.000000 0.000000
3501.00 0.110309 0.000841 0.110309 0.000000 0.000000
3506.00 0.117262 0.001029 0.117262 0.000000 0.000000
3511.00 0.119796 0.000491 0.119796 0.000000 0.000000
3516.01 0.112868 0.002084 0.112868 0.000000 0.000000
3521.01 0.102322 0.002729 0.102322 0.000000 0.000000
3526.01 0.096161 0.001338 0.096161 0.000000 0.000000
3531.01 0.100144 0.004601 0.100144 0.000000 0.000000
3536.01 0.115602 0.001752 0.115602 0.000000 0.000000
3541.01 0.128384 0.003377 0.128384 0.000000 0.000000
3546.01 0.125597 0.005888 0.125597 0.000000 0.000000
3551.01 0.114861 0.005762 0.114861 0.000000 0.000000
3556.02 0.106064 0.004031 0.106064 0.000000 0.000000
3561.02 0.097664 0.001059 0.097664 0.000000 0.000000
3566.02 0.086969 0.002083 0.086969 0.000000 0.000000
3571.02 0.078115 0.000846 0.078115 0.000000 0.000000
3576.02 0.074655 0.006822 0.074655 0.000000 0.000000
3581.02 0.070973 0.009512 0.070973 0.000000 0.000000
3586.02 0.063901 0.001175 0.063901 0.000000 0.000000
3591.02 0.069237 0.008111 0.069237 0.000000 0.000000
3596.03 0.098219 0.003864 0.098219 0.000000 0.000000
3601.03 0.124882 0.016522 0.124882 0.000000 0.000000
3606.03 0.124299 0.010924 0.124299 0.000000 0.000000
3611.03 0.111691 0.000000 0.111691 0.000000 0.000000
3616.03 0.107491 0.000000 0.107491 0.000000 0.000000
3621.03 0.120675 0.000000 0.120675 0.000000 0.000000
3626.03 0.141849 0.000000 0.141849 0.000000 0.000000
3631.03 0.164292 0.000000 0.164292 0.000000 0.000000
3636.04 0.180731 0.000000 0.180731 0.000000 0.000000
3641.04 0.178985 0.000000 0.178985 0.000000 0.000000
3646.04 0.156104 0.000000 0.156104 0.000000 0.000000
3651.04 0.150945 0.000000 0.150945 0.000000 0.000000
3656.04 0.193730 0.000000 0.193730 0.000000 0.000000
3661.04 0.238351 0.000000 0.238351 0.000000 0.000000
3666.04 0.237595 0.000000 0.237595 0.000000 0.000000
3671.05 0.216181 0.000000 0.216181 0.000000 0.000000
3676.05 0.206802 0.000000 0.206802 0.000000 0.000000
3681.05 0.202124 0.000000 0.202124 0.000000 0.000000
3686.05 0.191701 0.000000 0.191701 0.000000 0.000000
3691.05 0.192672 0.000000 0.192672 0.000000 0.000000
3696.05 0.217142 0.000000 0.217142 0.000000 0.000000
3701.05 0.229518 0.000000 0.229518 0.000000 0.000000
3706.05 0.199048 0.000000 0.199048 0.000000 0.000000
3711.06 0.162038 0.000000 0.162038 0.000000 0.000000
3716.06 0.157087 0.000000 0.157087 0.000000 0.000000
3721.06 0.164899 0.000000 0.164899 0.000000 0.000000
3726.06 0.158912 0.000000 0.158912 0.000000 0.000000
3731.06 0.141390 0.000000 0.141390 0.000000 0.000000
3736.06 0.120928 0.000000 0.120928 0.000000 0.000000
3741.06 0.102617 0.000000 0.102617 0.000000 0.000000
3746.06 0.091369 0.000000 0.091369 0.000000 0.000000
3751.07 0.094889 0.000000 0.094889 0.000000 0.000000
3756.07 0.116644 0.000000 0.116644 0.000000 0.000000
3761.07 0.140352 0.000000 0.140352 0.000000 0.000000
3766.07 0.151288 0.000000 0.151288 0.000000 0.000000
3771.07 0.160701 0.000000 0.160701 0.000000 0.000000
3776.07 0.179233 0.000000 0.179233 0.000000 0.000000
3781.07 0.189155 0.000000 0.189155 0.000000 0.000000
3786.08 0.173326 0.000000 0.173326 0.000000 0.000000
3791.08 0.145351 0.000000 0.145351 0.000000 0.000000
3796.08 0.124536 0.000000 0.124536 0.000000 0.000000
3801.08 0.122241 0.000000 0.122241 0.000000 0.000000
3806.08 0.139939 0.000000 0.139939 0.000000 0.000000
3811.08 0.147509 0.000000 0.147509 0.000000 0.000000
3816.08 0.119890 0.000000 0.119890 0.000000 0.000000
3821.08 0.083872 0.000000 0.083872 0.000000 0.000000
3826.09 0.096078 0.028750 0.096078 0.000000 0.000000
3831.09 0.085895 0.016681 0.085895 0.000000 0.000000
3836.09 0.092570 0.020890 0.092570 0.000000 0.000000
3841.09 0.110425 0.033465 0.110425 0.000000 0.000000
3846.09 0.137745 0.050428 0.137745 0.000000 0.000000
3851.09 0.141743 0.047920 0.141743 0.000000 0.000000
3856.09 0.134860 0.049402 0.134860 0.000000 0.000000
3861.09 0.123506 0.048677 0.123506 0.000000 0.000000
3866.10 0.119242 0.044428 0.119242 0.000000 0.000000
3871.10 0.138159 0.060311 0.138159 0.000000 0.000000
3876.10 0.141849 0.060722 0.141849 0.000000 0.000000
3881.10 0.157842 0.064062 0.157842 0.000000 0.000000
3886.10 0.180903 0.054902 0.180903 0.000000 0.000000
3891.10 0.203213 0.041471 0.203213 0.000000 0.000000
3896.10 0.221831 0.038636 0.221831 0.000000 0.000000
3901.10 0.231891 0.037848 0.231891 0.000000 0.000000
3906.11 0.248176 0.042934 0.248176 0.000000 0.000000
3911.11 0.259653 0.051530 0.259653 0.000000 0.000000
3916.11 0.238183 0.024449 0.238183 0.000000 0.000000
3921.11 0.206440 0.017403 0.206440 0.000000 0.000000
3926.11 0.184560 0.025889 0.184560 0.000000 0.000000
3931.11 0.151578 0.035264 0.151578 0.000000 0.000000
3936.11 0.123038 0.026528 0.123038 0.000000 0.000000
3941.12 0.140741 0.034458 0.140741 0.000000 0.000000
3946.12 0.188271 0.039766 0.188271 0.000000 0.000000
3951.12 0.226101 0.018206 0.226101 0.000000 0.000000
3956.12 0.237852 0.012669 0.237852 0.000000 0.000000
3961.12 0.221401 0.017867 0.221401 0.000000 0.000000
3966.12 0.179092 0.034008 0.179092 0.000000 0.000000
3971.12 0.162374 0.060041 0.162374 0.000000 0.000000
3976.12 0.203099 0.045060 0.203099 0.000000 0.000000
3981.13 0.275560 0.027770 0.275560 0.000000 0.000000
3986.13 0.331432 0.018176 0.331432 0.000000 0.000000
3991.13 0.359782 0.023802 0.359782 0.000000 0.000000
3996.13 0.398149 0.030670 0.398149 0.000000 0.000000
4001.13 0.401045 0.026000 0.401045 0.000000 0.000000
4006.13 0.403756 0.027458 0.403756 0.000000 0.000000
4011.13 0.419844 0.028274 0.419844 0.000000 0.000000
4016.13 0.438997 0.023251 0.438997 0.000000 0.000000
4021.14 0.462678 0.017454 0.462678 0.000000 0.000000
4026.14 0.454707 0.025560 0.454707 0.000000 0.000000
4031.14 0.430266 0.031984 0.430266 0.000000 0.000000
4036.14 0.413713 0.025572 0.413713 0.000000 0.000000
4041.14 0.404446 0.018943 0.404446 0.000000 0.000000
4046.14 0.391967 0.024051 0.391967 0.000000 0.000000
4051.14 0.382896 0.031051 0.382896 0.000000 0.000000
4056.15 0.392063 0.030887 0.392063 0.000000 0.000000
4061.15 0.381330 0.025211 0.381330 0.000000 0.000000
4066.15 0.370167 0.023462 0.370167 0.000000 0.000000
4071.15 0.375739 0.028401 0.375739 0.000000 0.000000
4076.15 0.394443 0.028786 0.394443 0.000000 0.000000
4081.15 0.426328 0.025769 0.426328 0.000000 0.000000
4086.15 0.457853 0.018394 0.457853 0.000000 0.000000
4091.15 0.470522 0.016565 0.470522 0.000000 0.000000
4096.16 0.450508 0.025764 0.450508 0.000000 0.000000
4101.16 0.426291 0.034433 0.426291 0.000000 0.000000
4106.16 0.422219 0.032276 0.422219 0.000000 0.000000
4111.16 0.422677 0.023388 0.422677 0.000000 0.000000
4116.16 0.424108 0.026219 0.424108 0.000000 0.000000
4121.16 0.422080 0.035845 0.422080 0.000000 0.000000
4126.16 0.411664 0.040465 0.411664 0.000000 0.000000
4131.17 0.400149 0.037866 0.400149 0.000000 0.000000
4136.17 0.390987 0.028796 0.390987 0.000000 0.000000
4141.17 0.374072 0.023309 0.374072 0.000000 0.000000
4146.17 0.357159 0.040481 0.357159 0.000000 0.000000
4151.17 0.344030 0.051529 0.344030 0.000000 0.000000
4156.17 0.349190 0.046568 0.349190 0.000000 0.000000
4161.17 0.366535 0.043338 0.366535 0.000000 0.000000
4166.17 0.371858 0.039100 0.371858 0.000000 0.000000
4171.18 0.359315 0.029890 0.359315 0.000000 0.000000
4176.18 0.358541 0.050194 0.358541 0.000000 0.000000
4181.18 0.361544 0.054225 0.361544 0.000000 0.000000
4186.18 0.376559 0.031242 0.376559 0.000000 0.000000
4191.18 0.393903 0.019177 0.393903 0.000000 0.000000
4196.18 0.394301 0.031587 0.394301 0.000000 0.000000
4201.18 0.386200 0.044585 0.386200 0.000000 0.000000
4206.18 0.391908 0.036939 0.391908 0.000000 0.000000
4211.19 0.427598 0.026139 0.427598 0.000000 0.000000
4216.19 0.455719 0.003472 0.455719 0.000000 0.000000
4221.19 0.459347 0.012905 0.459347 0.000000 0.000000
4226.19 0.444685 0.024463 0.444685 0.000000 0.000000
4231.19 0.428296 0.048312 0.428296 0.000000 0.000000
4236.19 0.440593 0.037104 0.440593 0.000000 0.000000
4241.19 0.479116 0.016394 0.479116 0.000000 0.000000
4246.20 0.507540 0.009696 0.507540 0.000000 0.000000
4251.20 0.512606 0.023805 0.512606 0.000000 0.000000
4256.20 0.502059 0.040724 0.502059 0.000000 0.000000
4261.20 0.490263 0.047106 0.490263 0.000000 0.000000
4266.20 0.486098 0.035445 0.486098 0.000000 0.000000
4271.20 0.479634 0.026962 0.479634 0.000000 0.000000
4276.20 0.480256 0.021879 0.480256 0.000000 0.000000
4281.20 0.485800 0.020313 0.485800 0.000000 0.000000
4286.21 0.482180 0.028044 0.482180 0.000000 0.000000
4291.21 0.466838 0.035695 0.466838 0.000000 0.000000
4296.21 0.439348 0.043723 0.439348 0.000000 0.000000
4301.21 0.408732 0.036501 0.408732 0.000000 0.000000
4306.21 0.383917 0.047445 0.383917 0.000000 0.000000
4311.21 0.401963 0.055933 0.401963 0.000000 0.000000
4316.21 0.485183 0.018915 0.485183 0.000000 0.000000
4321.21 0.570711 0.056519 0.570711 0.000000 0.000000
4326.22 0.593761 0.017351 0.593761 0.000000 0.000000
4331.22 0.585042 0.046880 0.585042 0.000000 0.000000
4336.22 0.598352 0.053442 0.598352 0.000000 0.000000
4341.22 0.617774 0.032414 0.617774 0.000000 0.000000
4346.22 0.625904 0.022162 0.625904 0.000000 0.000000
4351.22 0.637319 0.013530 0.637319 0.000000 0.000000
4356.22 0.642894 0.024049 0.642894 0.000000 0.000000
4361.23 0.655182 0.034632 0.655182 0.000000 0.000000
4366.23 0.667862 0.039875 0.667862 0.000000 0.000000
4371.23 0.659278 0.049504 0.659278 0.000000 0.000000
4376.23 0.623711 0.049960 0.623711 0.000000 0.000000
4381.23 0.578416 0.038214 0.578416 0.000000 0.000000
4386.23 0.539359 0.046768 0.539359 0.000000 0.000000
4391.23 0.532826 0.050035 0.532826 0.000000 0.000000
4396.23 0.569066 0.014401 0.569066 0.000000 0.000000
4401.24 0.605963 0.023703 0.605963 0.000000 0.000000
4406.24 0.608991 0.025804 0.608991 0.000000 0.000000
4411.24 0.605967 0.048428 0.605967 0.000000 0.000000
4416.24 0.620400 0.039632 0.620400 0.000000 0.000000
4421.24 0.641339 0.017448 0.641339 0.000000 0.000000
4426.24 0.650623 0.022505 0.650623 0.000000 0.000000
4431.24 0.653079 0.027223 0.653079 0.000000 0.000000
4436.25 0.658025 0.036522 0.658025 0.000000 0.000000
4441.25 0.675211 0.042621 0.675211 0.000000 0.000000
4446.25 0.706813 0.029116 0.706813 0.000000 0.000000
4451.25 0.721588 0.023204 0.721588 0.000000 0.000000
4456.25 0.680079 0.025326 0.680079 0.000000 0.000000
4461.25 0.641851 0.053823 0.641851 0.000000 0.000000
4466.25 0.669298 0.045978 0.669298 0.000000 0.000000
4471.25 0.720900 0.023817 0.720900 0.000000 0.000000
4476.26 0.748651 0.015015 0.748651 0.000000 0.000000
4481.26 0.767196 0.022836 0.767196 0.000000 0.000000
4486.26 0.779988 0.019411 0.779988 0.000000 0.000000
4491.26 0.777861 0.013319 0.777861 0.000000 0.000000
4496.26 0.765461 0.025152 0.765461 0.000000 0.000000
4501.26 0.771437 0.036932 0.771437 0.000000 0.000000
4506.26 0.813969 0.017108 0.813969 0.000000 0.000000
4511.27 0.860149 0.004888 0.860149 0.000000 0.000000
4516.27 0.855107 0.021641 0.855107 0.000000 0.000000
4521.27 0.809464 0.039233 0.809464 0.000000 0.000000
4526.27 0.757658 0.049767 0.757658 0.000000 0.000000
4531.27 0.722572 0.051440 0.722572 0.000000 0.000000
4536.27 0.729428 0.029456 0.729428 0.000000 0.000000
4541.27 0.754766 0.012558 0.754766 0.000000 0.000000
4546.27 0.770845 0.023627 0.770845 0.000000 0.000000
4551.28 0.785884 0.036608 0.785884 0.000000 0.000000
4556.28 0.814438 0.026114 0.814438 0.000000 0.000000
4561.28 0.840710 0.012174 0.840710 0.000000 0.000000
4566.28 0.839891 0.017738 0.839891 0.000000 0.000000
4571.28 0.826178 0.031993 0.826178 0.000000 0.000000
4576.28 0.819580 0.038197 0.819580 0.000000 0.000000
4581.28 0.820418 0.034754 0.820418 0.000000 0.000000
4586.28 0.823532 0.025693 0.823532 0.000000 0.000000
4591.29 0.822376 0.019713 0.822376 0.000000 0.000000
4596.29 0.811485 0.030188 0.811485 0.000000 0.000000
4601.29 0.811152 0.040181 0.811152 0.000000 0.000000
4606.29 0.839390 0.030842 0.839390 0.000000 0.000000
4611.29 0.878037 0.015809 0.878037 0.000000 0.000000
4616.29 0.902824 0.012865 0.902824 0.000000 0.000000
4621.29 0.914831 0.023340 0.914831 0.000000 0.000000
4626.30 0.921512 0.022907 0.921512 0.000000 0.000000
4631.30 0.905434 0.021570 0.905434 0.000000 0.000000
4636.30 0.870474 0.023214 0.870474 0.000000 0.000000
4641.30 0.831211 0.030933 0.831211 0.000000 0.000000
4646.30 0.800856 0.042907 0.800856 0.000000 0.000000
4651.30 0.798491 0.041111 0.798491 0.000000 0.000000
4656.30 0.827435 0.013165 0.827435 0.000000 0.000000
4661.30 0.845071 0.007870 0.845071 0.000000 0.000000
4666.31 0.824903 0.011891 0.824903 0.000000 0.000000
4671.31 0.803392 0.038470 0.803392 0.000000 0.000000
4676.31 0.812192 0.032462 0.812192 0.000000 0.000000
4681.31 0.827631 0.012979 0.827631 0.000000 0.000000
4686.31 0.827984 0.010923 0.827984 0.000000 0.000000
4691.31 0.816294 0.018225 0.816294 0.000000 0.000000
4696.31 0.805746 0.019753 0.805746 0.000000 0.000000
4701.32 0.804568 0.026649 0.804568 0.000000 0.000000
4706.32 0.805182 0.034861 0.805182 0.000000 0.000000
4711.32 0.810957 0.020713 0.810957 0.000000 0.000000
4716.32 0.855604 0.021832 0.855604 0.000000 0.000000
4721.32 0.882542 0.017091 0.882542 0.000000 0.000000
4726.32 0.870413 0.012473 0.870413 0.000000 0.000000
4731.32 0.852443 0.030951 0.852443 0.000000 0.000000
4736.32 0.857474 0.027158 0.857474 0.000000 0.000000
4741.33 0.878987 0.016811 0.878987 0.000000 0.000000
4746.33 0.897912 0.013200 0.897912 0.000000 0.000000
4751.33 0.903912 0.005369 0.903912 0.000000 0.000000
4756.33 0.893767 0.013653 0.893767 0.000000 0.000000
4761.33 0.877459 0.027183 0.877459 0.000000 0.000000
4766.33 0.867908 0.038261 0.867908 0.000000 0.000000
4771.33 0.875380 0.037454 0.875380 0.000000 0.000000
4776.34 0.900776 0.008650 0.900776 0.000000 0.000000
4781.34 0.920432 0.012815 0.920432 0.000000 0.000000
4786.34 0.914875 0.011882 0.914875 0.000000 0.000000
4791.34 0.906806 0.033108 0.906806 0.000000 0.000000
4796.34 0.919067 0.019194 0.919067 0.000000 0.000000
4801.34 0.935712 0.007096 0.935712 0.000000 0.000000
4806.34 0.940707 0.011079 0.940707 0.000000 0.000000
4811.34 0.938029 0.024100 0.938029 0.000000 0.000000
4816.35 0.944285 0.013653 0.944285 0.000000 0.000000
4821.35 0.947851 0.010423 0.947851 0.000000 0.000000
4826.35 0.931652 0.010738 0.931652 0.000000 0.000000
4831.35 0.907766 0.022077 0.907766 0.000000 0.000000
4836.35 0.896672 0.019829 0.896672 0.000000 0.000000
4841.35 0.899206 0.014474 0.899206 0.000000 0.000000
4846.35 0.904316 0.021781 0.904316 0.000000 0.000000
4851.36 0.896084 0.020380 0.896084 0.000000 0.000000
4856.36 0.861883 0.021937 0.861883 0.000000 0.000000
4861.36 0.820657 0.042517 0.820657 0.000000 0.000000
4866.36 0.809802 0.042439 0.809802 0.000000 0.000000
4871.36 0.823086 0.023936 0.823086 0.000000 0.000000
4876.36 0.848435 0.007460 0.848435 0.000000 0.000000
4881.36 0.864181 0.009360 0.864181 0.000000 0.000000
4886.36 0.854806 0.029908 0.854806 0.000000 0.000000
4891.37 0.854593 0.052769 0.854593 0.000000 0.000000
4896.37 0.897950 0.023135 0.897950 0.000000 0.000000
4901.37 0.933721 0.024274 0.933721 0.000000 0.000000
4906.37 0.932189 0.029482 0.932189 0.000000 0.000000
4911.37 0.905324 0.025024 0.905324 0.000000 0.000000
4916.37 0.873634 0.038229 0.873634 0.000000 0.000000
4921.37 0.864852 0.034091 0.864852 0.000000 0.000000
4926.37 0.886240 0.008658 0.886240 0.000000 0.000000
4931.38 0.908079 0.017478 0.908079 0.000000 0.000000
4936.38 0.908454 0.013042 0.908454 0.000000 0.000000
4941.38 0.911393 0.030932 0.911393 0.000000 0.000000
4946.38 0.938904 0.018265 0.938904 0.000000 0.000000
4951.38 0.964736 0.022886 0.964736 0.000000 0.000000
4956.38 0.960489 0.022227 0.960489 0.000000 0.000000
4961.38 0.946283 0.022073 0.946283 0.000000 0.000000
4966.39 0.941249 0.025387 0.941249 0.000000 0.000000
4971.39 0.935693 0.026411 0.935693 0.000000 0.000000
4976.39 0.920813 0.027182 0.920813 0.000000 0.000000
4981.39 0.907132 0.024145 0.907132 0.000000 0.000000
4986.39 0.903619 0.018654 0.903619 0.000000 0.000000
4991.39 0.902494 0.019753 0.902494 0.000000 0.000000
4996.39 0.895091 0.028539 0.895091 0.000000 0.000000
5001.39 0.878835 0.035269 0.878835 0.000000 0.000000
5006.40 0.854839 0.033506 0.854839 0.000000 0.000000
5011.40 0.829758 0.026874 0.829758 0.000000 0.000000
5016.40 0.792424 0.047560 0.792424 0.000000 0.000000
5021.40 0.803305 0.040856 0.803305 0.000000 0.000000
5026.40 0.837613 0.038820 0.837613 0.000000 0.000000
5031.40 0.863622 0.041767 0.863622 0.000000 0.000000
5036.40 0.848119 0.048614 0.848119 0.000000 0.000000
5041.41 0.831188 0.053665 0.831188 0.000000 0.000000
5046.41 0.841777 0.038903 0.841777 0.000000 0.000000
5051.41 0.867678 0.036499 0.867678 0.000000 0.000000
5056.41 0.905157 0.043887 0.905157 0.000000 0.000000
5061.41 0.918476 0.052055 0.918476 0.000000 0.000000
5066.41 0.894188 0.051810 0.894188 0.000000 0.000000
5071.41 0.864094 0.047712 0.864094 0.000000 0.000000
5076.41 0.838662 0.050157 0.838662 0.000000 0.000000
5081.42 0.829349 0.044805 0.829349 0.000000 0.000000
5086.42 0.847363 0.034294 0.847363 0.000000 0.000000
5091.42 0.872524 0.027475 0.872524 0.000000 0.000000
5096.42 0.868011 0.030144 0.868011 0.000000 0.000000
5101.42 0.846110 0.038065 0.846110 0.000000 0.000000
5106.42 0.836659 0.039949 0.836659 0.000000 0.000000
5111.42 0.844236 0.034118 0.844236 0.000000 0.000000
5116.43 0.860095 0.023799 0.860095 0.000000 0.000000
5121.43 0.854291 0.040390 0.854291 0.000000 0.000000
5126.43 0.831421 0.045709 0.831421 0.000000 0.000000
5131.43 0.818781 0.034713 0.818781 0.000000 0.000000
5136.43 0.817127 0.023981 0.817127 0.000000 0.000000
5141.43 0.813517 0.025950 0.813517 0.000000 0.000000
5146.43 0.800810 0.031931 0.800810 0.000000 0.000000
5151.43 0.800101 0.030452 0.800101 0.000000 0.000000
5156.44 0.819188 0.030937 0.819188 0.000000 0.000000
5161.44 0.799180 0.046922 0.799180 0.000000 0.000000
5166.44 0.719405 0.043033 0.719405 0.000000 0.000000
5171.44 0.657174 0.068298 0.657174 0.000000 0.000000
5176.44 0.679808 0.024745 0.679808 0.000000 0.000000
5181.44 0.720579 0.030797 0.720579 0.000000 0.000000
5186.44 0.754053 0.034319 0.754053 0.000000 0.000000
5191.45 0.795065 0.006485 0.795065 0.000000 0.000000
5196.45 0.836525 0.013603 0.836525 0.000000 0.000000
5201.45 0.848096 0.028055 0.848096 0.000000 0.000000
5206.45 0.820899 0.031602 0.820899 0.000000 0.000000
5211.45 0.809879 0.040457 0.809879 0.000000 0.000000
5216.45 0.854726 0.009576 0.854726 0.000000 0.000000
5221.45 0.886502 0.023101 0.886502 0.000000 0.000000
5226.45 0.871661 0.034147 0.871661 0.000000 0.000000
5231.46 0.865308 0.047484 0.865308 0.000000 0.000000
5236.46 0.902283 0.021992 0.902283 0.000000 0.000000
5241.46 0.938309 0.010355 0.938309 0.000000 0.000000
5246.46 0.932277 0.013946 0.932277 0.000000 0.000000
5251.46 0.913933 0.030035 0.913933 0.000000 0.000000
5256.46 0.916008 0.024166 0.916008 0.000000 0.000000
5261.46 0.894359 0.030505 0.894359 0.000000 0.000000
5266.47 0.825208 0.043865 0.825208 0.000000 0.000000
5271.47 0.789119 0.062410 0.789119 0.000000 0.000000
5276.47 0.845048 0.040356 0.845048 0.000000 0.000000
5281.47 0.917204 0.019870 0.917204 0.000000 0.000000
5286.47 0.976220 0.031866 0.976220 0.000000 0.000000
5291.47 1.000399 0.023047 1.000399 0.000000 0.000000
5296.47 0.978521 0.024268 0.978521 0.000000 0.000000
5301.47 0.968375 0.045160 0.968375 0.000000 0.000000
5306.48 1.005813 0.017704 1.005813 0.000000 0.000000
5311.48 1.039361 0.029552 1.039361 0.000000 0.000000
5316.48 1.033590 0.035897 1.033590 0.000000 0.000000
5321.48 0.995428 0.025797 0.995428 0.000000 0.000000
5326.48 0.937162 0.045237 0.937162 0.000000 0.000000
5331.48 0.909316 0.045004 0.909316 0.000000 0.000000
5336.48 0.936682 0.015804 0.936682 0.000000 0.000000
5341.49 0.965886 0.019196 0.965886 0.000000 0.000000
5346.49 0.973955 0.008256 0.973955 0.000000 0.000000
5351.49 1.001074 0.012355 1.001074 0.000000 0.000000
5356.49 1.047646 0.012987 1.047646 0.000000 0.000000
5361.49 1.058935 0.031159 1.058935 0.000000 0.000000
5366.49 1.012652 0.013938 1.012652 0.000000 0.000000
5371.49 0.971249 0.035500 0.971249 0.000000 0.000000
5376.49 0.984325 0.018956 0.984325 0.000000 0.000000
5381.50 1.015153 0.017062 1.015153 0.000000 0.000000
5386.50 1.007738 0.014939 1.007738 0.000000 0.000000
5391.50 0.971135 0.013731 0.971135 0.000000 0.000000
5396.50 0.939606 0.013154 0.939606 0.000000 0.000000
5401.50 0.921424 0.006128 0.921424 0.000000 0.000000
5406.50 0.906933 0.018753 0.906933 0.000000 0.000000
5411.50 0.923936 0.028081 0.923936 0.000000 0.000000
5416.51 0.972530 0.020081 0.972530 0.000000 0.000000
5421.51 1.002416 0.019704 1.002416 0.000000 0.000000
5426.51 0.993102 0.013391 0.993102 0.000000 0.000000
5431.51 0.971583 0.014109 0.971583 0.000000 0.000000
5436.51 0.978102 0.010774 0.978102 0.000000 0.000000
5441.51 1.004058 0.022981 1.004058 0.000000 0.000000
5446.51 1.002616 0.020427 1.002616 0.000000 0.000000
5451.51 0.991549 0.009989 0.991549 0.000000 0.000000
5456.52 0.990835 0.011891 0.990835 0.000000 0.000000
5461.52 0.999789 0.009276 0.999789 0.000000 0.000000
5466.52 1.004620 0.010021 1.004620 0.000000 0.000000
5471.52 0.992646 0.009399 0.992646 0.000000 0.000000
5476.52 0.968109 0.005616 0.968109 0.000000 0.000000
5481.52 0.954428 0.014743 0.954428 0.000000 0.000000
5486.52 0.967653 0.009459 0.967653 0.000000 0.000000
5491.53 0.987407 0.014597 0.987407 0.000000 0.000000
5496.53 1.001310 0.016906 1.001310 0.000000 0.000000
5501.53 1.003266 0.011233 1.003266 0.000000 0.000000
5506.53 0.987380 0.009661 0.987380 0.000000 0.000000
5511.53 0.974064 0.011447 0.974064 0.000000 0.000000
5516.53 0.985304 0.004769 0.985304 0.000000 0.000000
5521.53 1.001900 0.021559 1.001900 0.000000 0.000000
5526.53 0.998966 0.020031 0.998966 0.000000 0.000000
5531.54 0.992157 0.010212 0.992157 0.000000 0.000000
5536.54 0.993711 0.007020 0.993711 0.000000 0.000000
5541.54 1.009144 0.006871 1.009144 0.000000 0.000000
5546.54 1.030752 0.009463 1.030752 0.000000 0.000000
5551.54 1.040705 0.013809 1.040705 0.000000 0.000000
5556.54 1.039094 0.010310 1.039094 0.000000 0.000000
5561.54 1.028132 0.005944 1.028132 0.000000 0.000000
5566.55 1.013266 0.017521 1.013266 0.000000 0.000000
5571.55 1.006683 0.020006 1.006683 0.000000 0.000000
5576.55 1.016330 0.008032 1.016330 0.000000 0.000000
5581.55 1.013096 0.013227 1.013096 0.000000 0.000000
5586.55 0.975650 0.008169 0.975650 0.000000 0.000000
5591.55 0.945655 0.024408 0.945655 0.000000 0.000000
5596.55 0.952708 0.025123 0.952708 0.000000 0.000000
5601.55 0.984219 0.011413 0.984219 0.000000 0.000000
5606.56 1.020700 0.024318 1.020700 0.000000 0.000000
5611.56 1.046020 0.030959 1.046020 0.000000 0.000000
5616.56 1.024983 0.011359 1.024983 0.000000 0.000000
5621.56 0.997007 0.015218 0.997007 0.000000 0.000000
5626.56 0.999027 0.013167 0.999027 0.000000 0.000000
5631.56 1.013721 0.013463 1.013721 0.000000 0.000000
5636.56 1.012874 0.011645 1.012874 0.000000 0.000000
5641.57 1.007153 0.012156 1.007153 0.000000 0.000000
5646.57 1.015543 0.008707 1.015543 0.000000 0.000000
5651.57 1.021280 0.004694 1.021280 0.000000 0.000000
5656.57 0.999177 0.008645 0.999177 0.000000 0.000000
5661.57 0.980556 0.019944 0.980556 0.000000 0.000000
5666.57 0.995528 0.019140 0.995528 0.000000 0.000000
5671.57 1.022207 0.012156 1.022207 0.000000 0.000000
5676.57 1.040420 0.013091 1.040420 0.000000 0.000000
5681.58 1.041788 0.012073 1.041788 0.000000 0.000000
5686.58 1.034555 0.010461 1.034555 0.000000 0.000000
5691.58 1.032828 0.003801 1.032828 0.000000 0.000000
5696.58 1.026577 0.009226 1.026577 0.000000 0.000000
5701.58 1.005930 0.010014 1.005930 0.000000 0.000000
5706.58 0.974927 0.013754 0.974927 0.000000 0.000000
5711.58 0.964100 0.024708 0.964100 0.000000 0.000000
5716.59 0.999165 0.007005 0.999165 0.000000 0.000000
5721.59 1.046044 0.025392 1.046044 0.000000 0.000000
5726.59 1.063174 0.016508 1.063174 0.000000 0.000000
5731.59 1.054723 0.006912 1.054723 0.000000 0.000000
5736.59 1.053677 0.010392 1.053677 0.000000 0.000000
5741.59 1.054538 0.007979 1.054538 0.000000 0.000000
5746.59 1.048258 0.011066 1.048258 0.000000 0.000000
5751.59 1.038051 0.009448 1.038051 0.000000 0.000000
5756.60 1.032374 0.003820 1.032374 0.000000 0.000000
5761.60 1.037554 0.009093 1.037554 0.000000 0.000000
5766.60 1.055654 0.013003 1.055654 0.000000 0.000000
5771.60 1.067554 0.024608 1.067554 0.000000 0.000000
5776.60 1.049979 0.021885 1.049979 0.000000 0.000000
5781.60 1.009774 0.008974 1.009774 0.000000 0.000000
5786.60 0.988774 0.014895 0.988774 0.000000 0.000000
5791.61 1.010099 0.003119 1.010099 0.000000 0.000000
5796.61 1.039327 0.017972 1.039327 0.000000 0.000000
5801.61 1.062069 0.024289 1.062069 0.000000 0.000000
5806.61 1.067909 0.016577 1.067909 0.000000 0.000000
5811.61 1.067503 0.009635 1.067503 0.000000 0.000000
5816.61 1.077143 0.008156 1.077143 0.000000 0.000000
5821.61 1.092885 0.012186 1.092885 0.000000 0.000000
5826.62 1.104419 0.014910 1.104419 0.000000 0.000000
5831.62 1.108593 0.011540 1.108593 0.000000 0.000000
5836.62 1.104664 0.011194 1.104664 0.000000 0.000000
5841.62 1.101039 0.012395 1.101039 0.000000 0.000000
5846.62 1.093675 0.008347 1.093675 0.000000 0.000000
5851.62 1.075325 0.003686 1.075325 0.000000 0.000000
5856.62 1.056112 0.004829 1.056112 0.000000 0.000000
5861.62 1.051141 0.005698 1.051141 0.000000 0.000000
5866.63 1.064891 0.001733 1.064891 0.000000 0.000000
5871.63 1.082250 0.015813 1.082250 0.000000 0.000000
5876.63 1.080882 0.031237 1.080882 0.000000 0.000000
5881.63 1.044091 0.040657 1.044091 0.000000 0.000000
5886.63 0.957682 0.037335 0.957682 0.000000 0.000000
5891.63 0.863184 0.030570 0.863184 0.000000 0.000000
5896.63 0.830148 0.035858 0.830148 0.000000 0.000000
5901.64 0.902491 0.040778 0.902491 0.000000 0.000000
5906.64 1.006516 0.041096 1.006516 0.000000 0.000000
5911.64 1.052217 0.027906 1.052217 0.000000 0.000000
5916.64 1.066236 0.010516 1.066236 0.000000 0.000000
5921.64 1.070868 0.002620 1.070868 0.000000 0.000000
5926.64 1.072579 0.012343 1.072579 0.000000 0.000000
5931.64 1.069230 0.020188 1.069230 0.000000 0.000000
5936.64 1.063119 0.019956 1.063119 0.000000 0.000000
5941.65 1.061926 0.013579 1.061926 0.000000 0.000000
5946.65 1.062867 0.008112 1.062867 0.000000 0.000000
5951.65 1.063278 0.004459 1.063278 0.000000 0.000000
5956.65 1.066041 0.004829 1.066041 0.000000 0.000000
5961.65 1.077653 0.008870 1.077653 0.000000 0.000000
5966.65 1.090453 0.015899 1.090453 0.000000 0.000000
5971.65 1.089889 0.021362 1.089889 0.000000 0.000000
5976.66 1.073714 0.015091 1.073714 0.000000 0.000000
5981.66 1.054020 0.006540 1.054020 0.000000 0.000000
5986.66 1.047841 0.010454 1.047841 0.000000 0.000000
5991.66 1.051821 0.015181 1.051821 0.000000 0.000000
5996.66 1.052268 0.012168 1.052268 0.000000 0.000000
6001.66 1.044290 0.006702 1.044290 0.000000 0.000000
6006.66 1.038891 0.006797 1.038891 0.000000 0.000000
6011.66 1.029871 0.005376 1.029871 0.000000 0.000000
6016.67 1.020313 0.006584 1.020313 0.000000 0.000000
6021.67 1.021836 0.015636 1.021836 0.000000 0.000000
6026.67 1.044068 0.016127 1.044068 0.000000 0.000000
6031.67 1.072286 0.013741 1.072286 0.000000 0.000000
6036.67 1.086911 0.008182 1.086911 0.000000 0.000000
6041.67 1.089301 0.008974 1.089301 0.000000 0.000000
6046.67 1.093583 0.010604 1.093583 0.000000 0.000000
6051.68 1.091685 0.015072 1.091685 0.000000 0.000000
6056.68 1.079528 0.006954 1.079528 0.000000 0.000000
6061.68 1.071103 0.007879 1.071103 0.000000 0.000000
6066.68 1.076485 0.010837 1.076485 0.000000 0.000000
6071.68 1.092890 0.008208 1.092890 0.000000 0.000000
6076.68 1.092019 0.007961 1.092019 0.000000 0.000000
6081.68 1.068424 0.005724 1.068424 0.000000 0.000000
6086.68 1.052449 0.008683 1.052449 0.000000 0.000000
6091.69 1.043107 0.006529 1.043107 0.000000 0.000000
6096.69 1.038400 0.005282 1.038400 0.000000 0.000000
6101.69 1.041079 0.003647 1.041079 0.000000 0.000000
6106.69 1.050307 0.011283 1.050307 0.000000 0.000000
6111.69 1.062111 0.006923 1.062111 0.000000 0.000000
6116.69 1.056911 0.005835 1.056911 0.000000 0.000000
6121.69 1.038394 0.010282 1.038394 0.000000 0.000000
6126.70 1.035220 0.011852 1.035220 0.000000 0.000000
6131.70 1.034057 0.013189 1.034057 0.000000 0.000000
6136.70 1.018720 0.007852 1.018720 0.000000 0.000000
6141.70 1.011683 0.027376 1.011683 0.000000 0.000000
6146.70 1.034788 0.016881 1.034788 0.000000 0.000000
6151.70 1.042263 0.012073 1.042263 0.000000 0.000000
6156.70 1.017122 0.012748 1.017122 0.000000 0.000000
6161.70 0.987809 0.023272 0.987809 0.000000 0.000000
6166.71 0.981689 0.020797 0.981689 0.000000 0.000000
6171.71 1.001370 0.007952 1.001370 0.000000 0.000000
6176.71 1.031614 0.012652 1.031614 0.000000 0.000000
6181.71 1.048422 0.017158 1.048422 0.000000 0.000000
6186.71 1.038636 0.020269 1.038636 0.000000 0.000000
6191.71 1.027988 0.025841 1.027988 0.000000 0.000000
6196.71 1.038030 0.019054 1.038030 0.000000 0.000000
6201.72 1.056629 0.015096 1.056629 0.000000 0.000000
6206.72 1.059127 0.021349 1.059127 0.000000 0.000000
6211.72 1.038294 0.018953 1.038294 0.000000 0.000000
6216.72 1.011459 0.015484 1.011459 0.000000 0.000000
6221.72 1.001934 0.013118 1.001934 0.000000 0.000000
6226.72 1.007270 0.020106 1.007270 0.000000 0.000000
6231.72 1.006703 0.017865 1.006703 0.000000 0.000000
6236.72 1.009813 0.018610 1.009813 0.000000 0.000000
6241.73 1.011291 0.021628 1.011291 0.000000 0.000000
6246.73 0.999224 0.017206 0.999224 0.000000 0.000000
6251.73 0.987801 0.017776 0.987801 0.000000 0.000000
6256.73 0.974470 0.010968 0.974470 0.000000 0.000000
6261.73 0.974987 0.015401 0.974987 0.000000 0.000000
6266.73 1.000437 0.021214 1.000437 0.000000 0.000000
6271.73 1.018153 0.021822 1.018153 0.000000 0.000000
6276.74 1.019263 0.022586 1.019263 0.000000 0.000000
6281.74 1.013221 0.033131 1.013221 0.000000 0.000000
6286.74 1.022075 0.032866 1.022075 0.000000 0.000000
6291.74 1.031680 0.036455 1.031680 0.000000 0.000000
6296.74 1.018397 0.031014 1.018397 0.000000 0.000000
6301.74 1.006457 0.025372 1.006457 0.000000 0.000000
6306.74 1.012539 0.022064 1.012539 0.000000 0.000000
6311.75 1.016437 0.027420 1.016437 0.000000 0.000000
6316.75 1.000932 0.018008 1.000932 0.000000 0.000000
6321.75 0.994401 0.016062 0.994401 0.000000 0.000000
6326.75 1.012870 0.019576 1.012870 0.000000 0.000000
6331.75 1.023315 0.027747 1.023315 0.000000 0.000000
6336.75 1.010949 0.016530 1.010949 0.000000 0.000000
6341.75 1.000206 0.018598 1.000206 0.000000 0.000000
6346.75 1.009589 0.015138 1.009589 0.000000 0.000000
6351.76 1.020522 0.020747 1.020522 0.000000 0.000000
6356.76 0.999630 0.012218 0.999630 0.000000 0.000000
6361.76 0.969758 0.027002 0.969758 0.000000 0.000000
6366.76 0.982621 0.012259 0.982621 0.000000 0.000000
6371.76 1.019559 0.010536 1.019559 0.000000 0.000000
6376.76 1.034252 0.014237 1.034252 0.000000 0.000000
6381.76 1.033944 0.017833 1.033944 0.000000 0.000000
6386.77 1.034221 0.023214 1.034221 0.000000 0.000000
6391.77 1.030219 0.027158 1.030219 0.000000 0.000000
6396.77 1.022440 0.020410 1.022440 0.000000 0.000000
6401.77 1.015106 0.013431 1.015106 0.000000 0.000000
6406.77 1.009656 0.014217 1.009656 0.000000 0.000000
6411.77 1.006404 0.015115 1.006404 0.000000 0.000000
6416.77 1.010528 0.013399 1.010528 0.000000 0.000000
6421.77 1.017633 0.013345 1.017633 0.000000 0.000000
6426.78 1.019347 0.019193 1.019347 0.000000 0.000000
6431.78 1.019061 0.025185 1.019061 0.000000 0.000000
6436.78 1.018791 0.031408 1.018791 0.000000 0.000000
6441.78 1.018727 0.033249 1.018727 0.000000 0.000000
6446.78 1.011013 0.026386 1.011013 0.000000 0.000000
6451.78 1.000181 0.021449 1.000181 0.000000 0.000000
6456.78 1.004717 0.019189 1.004717 0.000000 0.000000
6461.79 1.012581 0.024013 1.012581 0.000000 0.000000
6466.79 1.015922 0.028032 1.015922 0.000000 0.000000
6471.79 1.016603 0.025943 1.016603 0.000000 0.000000
6476.79 1.015469 0.020792 1.015469 0.000000 0.000000
6481.79 1.009771 0.022331 1.009771 0.000000 0.000000
6486.79 1.001706 0.034866 1.001706 0.000000 0.000000
6491.79 0.982213 0.037699 0.982213 0.000000 0.000000
6496.79 0.949858 0.019928 0.949858 0.000000 0.000000
6501.80 0.948226 0.020845 0.948226 0.000000 0.000000
6506.80 0.981499 0.008247 0.981499 0.000000 0.000000
6511.80 1.011843 0.019330 1.011843 0.000000 0.000000
6516.80 1.016460 0.025279 1.016460 0.000000 0.000000
6521.80 1.009076 0.018763 1.009076 0.000000 0.000000
6526.80 1.005259 0.016556 1.005259 0.000000 0.000000
6531.80 1.006150 0.020441 1.006150 0.000000 0.000000
6536.81 1.009530 0.026502 1.009530 0.000000 0.000000
6541.81 1.009874 0.032545 1.009874 0.000000 0.000000
6546.81 1.000438 0.034468 1.000438 0.000000 0.000000
6551.81 0.974647 0.028066 0.974647 0.000000 0.000000
6556.81 0.940974 0.013316 0.940974 0.000000 0.000000
6561.81 0.913636 0.011710 0.913636 0.000000 0.000000
6566.81 0.928741 0.023621 0.928741 0.000000 0.000000
6571.81 0.969230 0.031432 0.969230 0.000000 0.000000
6576.82 0.993715 0.034378 0.993715 0.000000 0.000000
6581.82 0.998645 0.025257 0.998645 0.000000 0.000000
6586.82 0.989360 0.019514 0.989360 0.000000 0.000000
6591.82 0.979186 0.024703 0.979186 0.000000 0.000000
6596.82 0.981265 0.037921 0.981265 0.000000 0.000000
6601.82 0.991302 0.036749 0.991302 0.000000 0.000000
6606.82 0.989777 0.021104 0.989777 0.000000 0.000000
6611.83 0.999008 0.025480 0.999008 0.000000 0.000000
6616.83 1.015058 0.023765 1.015058 0.000000 0.000000
6621.83 1.018725 0.031449 1.018725 0.000000 0.000000
6626.83 1.008240 0.025836 1.008240 0.000000 0.000000
6631.83 0.993026 0.019736 0.993026 0.000000 0.000000
6636.83 0.988707 0.022878 0.988707 0.000000 0.000000
6641.83 0.988869 0.023264 0.988869 0.000000 0.000000
6646.84 0.997793 0.025957 0.997793 0.000000 0.000000
6651.84 1.006760 0.022157 1.006760 0.000000 0.000000
6656.84 1.002014 0.013616 1.002014 0.000000 0.000000
6661.84 0.991356 0.013428 0.991356 0.000000 0.000000
6666.84 0.987022 0.019915 0.987022 0.000000 0.000000
6671.84 0.991821 0.021429 0.991821 0.000000 0.000000
6676.84 0.995148 0.017404 0.995148 0.000000 0.000000
6681.84 0.998014 0.019024 0.998014 0.000000 0.000000
6686.85 1.010930 0.020709 1.010930 0.000000 0.000000
6691.85 1.018663 0.024191 1.018663 0.000000 0.000000
6696.85 1.009831 0.019895 1.009831 0.000000 0.000000
6701.85 0.997232 0.017831 0.997232 0.000000 0.000000
6706.85 0.990750 0.015277 0.990750 0.000000 0.000000
6711.85 0.988517 0.018602 0.988517 0.000000 0.000000
6716.85 0.989561 0.022228 0.989561 0.000000 0.000000
6721.86 0.997057 0.023479 0.997057 0.000000 0.000000
6726.86 1.010302 0.018941 1.010302 0.000000 0.000000
6731.86 1.015142 0.016732 1.015142 0.000000 0.000000
6736.86 1.008531 0.014197 1.008531 0.000000 0.000000
6741.86 0.996593 0.012896 0.996593 0.000000 0.000000
6746.86 0.987810 0.016080 0.987810 0.000000 0.000000
6751.86 0.992149 0.018658 0.992149 0.000000 0.000000
6756.86 1.006917 0.018354 1.006917 0.000000 0.000000
6761.87 1.015071 0.020511 1.015071 0.000000 0.000000
6766.87 1.009138 0.016342 1.009138 0.000000 0.000000
6771.87 0.999894 0.017066 0.999894 0.000000 0.000000
6776.87 0.997570 0.011101 0.997570 0.000000 0.000000
6781.87 1.003627 0.011220 1.003627 0.000000 0.000000
6786.87 1.004829 0.015516 1.004829 0.000000 0.000000
6791.87 1.004108 0.015594 1.004108 0.000000 0.000000
6796.88 1.001447 0.013232 1.001447 0.000000 0.000000
6801.88 0.998108 0.012898 0.998108 0.000000 0.000000
6806.88 0.998705 0.013058 0.998705 0.000000 0.000000
6811.88 0.999652 0.013118 0.999652 0.000000 0.000000
6816.88 1.004142 0.013479 1.004142 0.000000 0.000000
6821.88 1.011799 0.015096 1.011799 0.000000 0.000000
6826.88 1.011691 0.016264 1.011691 0.000000 0.000000
6831.88 1.003305 0.009761 1.003305 0.000000 0.000000
6836.89 0.989729 0.008462 0.989729 0.000000 0.000000
6841.89 0.980293 0.017231 0.980293 0.000000 0.000000
6846.89 0.977498 0.017470 0.977498 0.000000 0.000000
6851.89 0.979371 0.014350 0.979371 0.000000 0.000000
6856.89 0.974501 0.018074 0.974501 0.000000 0.000000
6861.89 0.968893 0.021002 0.968893 0.000000 0.000000
6866.89 0.978265 0.019587 0.978265 0.000000 0.000000
6871.90 0.988210 0.013481 0.988210 0.000000 0.000000
6876.90 0.990548 0.006507 0.990548 0.000000 0.000000
6881.90 0.990133 0.025708 0.990133 0.000000 0.000000
6886.90 0.995295 0.026752 0.995295 0.000000 0.000000
6891.90 1.002308 0.017237 1.002308 0.000000 0.000000
6896.90 1.002074 0.013473 1.002074 0.000000 0.000000
6901.90 0.998699 0.013540 0.998699 0.000000 0.000000
6906.91 0.999842 0.016849 0.999842 0.000000 0.000000
6911.91 0.998402 0.022078 0.998402 0.000000 0.000000
6916.91 0.996544 0.023127 0.996544 0.000000 0.000000
6921.91 0.992730 0.017404 0.992730 0.000000 0.000000
6926.91 0.984075 0.009456 0.984075 0.000000 0.000000
6931.91 0.975176 0.003061 0.975176 0.000000 0.000000
6936.91 0.971091 0.005847 0.971091 0.000000 0.000000
6941.91 0.968463 0.008732 0.968463 0.000000 0.000000
6946.92 0.963667 0.009272 0.963667 0.000000 0.000000
6951.92 0.960830 0.010403 0.960830 0.000000 0.000000
6956.92 0.960666 0.009038 0.960666 0.000000 0.000000
6961.92 0.964121 0.007760 0.964121 0.000000 0.000000
6966.92 0.970302 0.008195 0.970302 0.000000 0.000000
6971.92 0.969067 0.005088 0.969067 0.000000 0.000000
6976.92 0.948924 0.019365 0.948924 0.000000 0.000000
6981.93 0.934909 0.028788 0.934909 0.000000 0.000000
6986.93 0.946436 0.016078 0.946436 0.000000 0.000000
6991.93 0.961130 0.003706 0.961130 0.000000 0.000000
6996.93 0.961694 0.008525 0.961694 0.000000 0.000000
7001.93 0.953343 0.005878 0.953343 0.000000 0.000000
7006.93 0.946231 0.005692 0.946231 0.000000 0.000000
7011.93 0.941724 0.003568 0.941724 0.000000 0.000000
7016.93 0.934211 0.004195 0.934211 0.000000 0.000000
7021.94 0.928621 0.004056 0.928621 0.000000 0.000000
7026.94 0.931086 0.003176 0.931086 0.000000 0.000000
7031.94 0.941277 0.010103 0.941277 0.000000 0.000000
7036.94 0.956629 0.018627 0.956629 0.000000 0.000000
7041.94 0.972818 0.022246 0.972818 0.000000 0.000000
7046.94 0.982016 0.017572 0.982016 0.000000 0.000000
7051.94 0.982408 0.015706 0.982408 0.000000 0.000000
7056.95 0.978929 0.020905 0.978929 0.000000 0.000000
7061.95 0.971047 0.024735 0.971047 0.000000 0.000000
7066.95 0.958567 0.019332 0.958567 0.000000 0.000000
7071.95 0.953523 0.014121 0.953523 0.000000 0.000000
7076.95 0.966134 0.018771 0.966134 0.000000 0.000000
7081.95 0.971788 0.022560 0.971788 0.000000 0.000000
7086.95 0.957202 0.016388 0.957202 0.000000 0.000000
7091.95 0.942670 0.010641 0.942670 0.000000 0.000000
7096.96 0.945344 0.016290 0.945344 0.000000 0.000000
7101.96 0.951695 0.021253 0.951695 0.000000 0.000000
7106.96 0.945256 0.010883 0.945256 0.000000 0.000000
7111.96 0.932579 0.001774 0.932579 0.000000 0.000000
7116.96 0.927194 0.004515 0.927194 0.000000 0.000000
7121.96 0.922833 0.010949 0.922833 0.000000 0.000000
7126.96 0.914498 0.012297 0.914498 0.000000 0.000000
7131.97 0.912942 0.013455 0.912942 0.000000 0.000000
7136.97 0.926770 0.020787 0.926770 0.000000 0.000000
7141.97 0.937597 0.027965 0.937597 0.000000 0.000000
7146.97 0.929722 0.026090 0.929722 0.000000 0.000000
7151.97 0.916369 0.024303 0.916369 0.000000 0.000000
7156.97 0.917455 0.029830 0.917455 0.000000 0.000000
7161.97 0.922141 0.030795 0.922141 0.000000 0.000000
7166.98 0.925564 0.019983 0.925564 0.000000 0.000000
7171.98 0.929266 0.007176 0.929266 0.000000 0.000000
7176.98 0.927316 0.008411 0.927316 0.000000 0.000000
7181.98 0.910183 0.013917 0.910183 0.000000 0.000000
7186.98 0.880098 0.028847 0.880098 0.000000 0.000000
7191.98 0.863861 0.040302 0.863861 0.000000 0.000000
7196.98 0.881620 0.033668 0.881620 0.000000 0.000000
7201.98 0.908251 0.024958 0.908251 0.000000 0.000000
7206.99 0.915241 0.030791 0.915241 0.000000 0.000000
7211.99 0.913716 0.034832 0.913716 0.000000 0.000000
7216.99 0.924108 0.021995 0.924108 0.000000 0.000000
7221.99 0.934740 0.016401 0.934740 0.000000 0.000000
7226.99 0.944930 0.019317 0.944930 0.000000 0.000000
7231.99 0.951423 0.013999 0.951423 0.000000 0.000000
7236.99 0.946024 0.010614 0.946024 0.000000 0.000000
7242.00 0.934388 0.018752 0.934388 0.000000 0.000000
7247.00 0.928683 0.017245 0.928683 0.000000 0.000000
7252.00 0.927523 0.010910 0.927523 0.000000 0.000000
7257.00 0.925521 0.009888 0.925521 0.000000 0.000000
7262.00 0.925236 0.013457 0.925236 0.000000 0.000000
7267.00 0.927804 0.014479 0.927804 0.000000 0.000000
7272.00 0.927471 0.009046 0.927471 0.000000 0.000000
7277.00 0.916783 0.001872 0.916783 0.000000 0.000000
7282.01 0.896047 0.005088 0.896047 0.000000 0.000000
7287.01 0.880987 0.011233 0.880987 0.000000 0.000000
7292.01 0.879956 0.016672 0.879956 0.000000 0.000000
7297.01 0.894735 0.022983 0.894735 0.000000 0.000000
7302.01 0.914549 0.020135 0.914549 0.000000 0.000000
7307.01 0.911880 0.016224 0.911880 0.000000 0.000000
7312.01 0.899392 0.010837 0.899392 0.000000 0.000000
7317.02 0.897087 0.006886 0.897087 0.000000 0.000000
7322.02 0.897047 0.017680 0.897047 0.000000 0.000000
7327.02 0.891670 0.013294 0.891670 0.000000 0.000000
7332.02 0.894625 0.008930 0.894625 0.000000 0.000000
7337.02 0.913806 0.018454 0.913806 0.000000 0.000000
7342.02 0.928819 0.027096 0.928819 0.000000 0.000000
7347.02 0.921785 0.018809 0.921785 0.000000 0.000000
7352.02 0.904422 0.006871 0.904422 0.000000 0.000000
7357.03 0.894939 0.011375 0.894939 0.000000 0.000000
7362.03 0.897801 0.013369 0.897801 0.000000 0.000000
7367.03 0.907227 0.012458 0.907227 0.000000 0.000000
7372.03 0.918449 0.013616 0.918449 0.000000 0.000000
7377.03 0.927398 0.017121 0.927398 0.000000 0.000000
7382.03 0.926785 0.016164 0.926785 0.000000 0.000000
7387.03 0.911266 0.025826 0.911266 0.000000 0.000000
7392.04 0.904068 0.037654 0.904068 0.000000 0.000000
7397.04 0.915050 0.034068 0.915050 0.000000 0.000000
7402.04 0.926492 0.026093 0.926492 0.000000 0.000000
7407.04 0.928383 0.021322 0.928383 0.000000 0.000000
7412.04 0.918283 0.023110 0.918283 0.000000 0.000000
7417.04 0.904904 0.029949 0.904904 0.000000 0.000000
7422.04 0.905234 0.035993 0.905234 0.000000 0.000000
7427.05 0.922771 0.032366 0.922771 0.000000 0.000000
7432.05 0.935438 0.028032 0.935438 0.000000 0.000000
7437.05 0.929344 0.023997 0.929344 0.000000 0.000000
7442.05 0.914889 0.019282 0.914889 0.000000 0.000000
7447.05 0.904447 0.017631 0.904447 0.000000 0.000000
7452.05 0.905621 0.010358 0.905621 0.000000 0.000000
7457.05 0.907639 0.003949 0.907639 0.000000 0.000000
7462.05 0.907807 0.013561 0.907807 0.000000 0.000000
7467.06 0.918105 0.024019 0.918105 0.000000 0.000000
7472.06 0.929951 0.031820 0.929951 0.000000 0.000000
7477.06 0.930309 0.040309 0.930309 0.000000 0.000000
7482.06 0.923376 0.044057 0.923376 0.000000 0.000000
7487.06 0.919877 0.033350 0.919877 0.000000 0.000000
7492.06 0.911787 0.023234 0.911787 0.000000 0.000000
7497.06 0.903487 0.021275 0.903487 0.000000 0.000000
7502.07 0.903805 0.020058 0.903805 0.000000 0.000000
7507.07 0.910556 0.029296 0.910556 0.000000 0.000000
7512.07 0.917369 0.042981 0.917369 0.000000 0.000000
7517.07 0.929361 0.043023 0.929361 0.000000 0.000000
7522.07 0.936311 0.033348 0.936311 0.000000 0.000000
7527.07 0.925798 0.029305 0.925798 0.000000 0.000000
7532.07 0.918262 0.023326 0.918262 0.000000 0.000000
7537.07 0.922345 0.018270 0.922345 0.000000 0.000000
7542.08 0.928332 0.018514 0.928332 0.000000 0.000000
7547.08 0.926813 0.021799 0.926813 0.000000 0.000000
7552.08 0.920748 0.019843 0.920748 0.000000 0.000000
7557.08 0.913550 0.013415 0.913550 0.000000 0.000000
7562.08 0.908537 0.008499 0.908537 0.000000 0.000000
7567.08 0.907623 0.006441 0.907623 0.000000 0.000000
7572.08 0.908192 0.007866 0.908192 0.000000 0.000000
7577.09 0.911945 0.007319 0.911945 0.000000 0.000000
7582.09 0.912576 0.009706 0.912576 0.000000 0.000000
7587.09 0.908606 0.017655 0.908606 0.000000 0.000000
7592.09 0.915027 0.016815 0.915027 0.000000 0.000000
7597.09 0.926155 0.019477 0.926155 0.000000 0.000000
7602.09 0.929955 0.028011 0.929955 0.000000 0.000000
7607.09 0.923583 0.037568 0.923583 0.000000 0.000000
7612.10 0.916068 0.036015 0.916068 0.000000 0.000000
7617.10 0.906030 0.029381 0.906030 0.000000 0.000000
7622.10 0.903030 0.017891 0.903030 0.000000 0.000000
7627.10 0.910644 0.006638 0.910644 0.000000 0.000000
7632.10 0.915803 0.014268 0.915803 0.000000 0.000000
7637.10 0.922078 0.024352 0.922078 0.000000 0.000000
7642.10 0.927968 0.026107 0.927968 0.000000 0.000000
7647.10 0.925369 0.019793 0.925369 0.000000 0.000000
7652.11 0.910143 0.012369 0.910143 0.000000 0.000000
7657.11 0.895080 0.015046 0.895080 0.000000 0.000000
7662.11 0.885943 0.023410 0.885943 0.000000 0.000000
7667.11 0.888295 0.026564 0.888295 0.000000 0.000000
7672.11 0.906051 0.017214 0.906051 0.000000 0.000000
7677.11 0.921791 0.018492 0.921791 0.000000 0.000000
7682.11 0.927633 0.021948 0.927633 0.000000 0.000000
7687.12 0.925500 0.021515 0.925500 0.000000 0.000000
7692.12 0.920044 0.019617 0.920044 0.000000 0.000000
7697.12 0.914572 0.018681 0.914572 0.000000 0.000000
7702.12 0.915206 0.014585 0.915206 0.000000 0.000000
7707.12 0.916378 0.011903 0.916378 0.000000 0.000000
7712.12 0.908527 0.014797 0.908527 0.000000 0.000000
7717.12 0.900243 0.025098 0.900243 0.000000 0.000000
7722.12 0.901528 0.025040 0.901528 0.000000 0.000000
7727.13 0.907170 0.021472 0.907170 0.000000 0.000000
7732.13 0.911478 0.021030 0.911478 0.000000 0.000000
7737.13 0.922487 0.012011 0.922487 0.000000 0.000000
7742.13 0.922838 0.007938 0.922838 0.000000 0.000000
7747.13 0.901984 0.009421 0.901984 0.000000 0.000000
7752.13 0.884417 0.018824 0.884417 0.000000 0.000000
7757.13 0.898652 0.013270 0.898652 0.000000 0.000000
7762.14 0.920583 0.006122 0.920583 0.000000 0.000000
7767.14 0.930321 0.010890 0.930321 0.000000 0.000000
7772.14 0.930663 0.018541 0.930663 0.000000 0.000000
7777.14 0.926270 0.024443 0.926270 0.000000 0.000000
7782.14 0.921402 0.027405 0.921402 0.000000 0.000000
7787.14 0.919313 0.027012 0.919313 0.000000 0.000000
7792.14 0.919990 0.025606 0.919990 0.000000 0.000000
7797.15 0.922335 0.024498 0.922335 0.000000 0.000000
7802.15 0.920845 0.026820 0.920845 0.000000 0.000000
7807.15 0.918555 0.030776 0.918555 0.000000 0.000000
7812.15 0.921883 0.032533 0.921883 0.000000 0.000000
7817.15 0.931647 0.029851 0.931647 0.000000 0.000000
7822.15 0.940055 0.025628 0.940055 0.000000 0.000000
7827.15 0.940190 0.022505 0.940190 0.000000 0.000000
7832.15 0.929215 0.023524 0.929215 0.000000 0.000000
7837.16 0.912541 0.028094 0.912541 0.000000 0.000000
7842.16 0.911634 0.024503 0.911634 0.000000 0.000000
7847.16 0.919317 0.022813 0.919317 0.000000 0.000000
7852.16 0.921661 0.028141 0.921661 0.000000 0.000000
7857.16 0.920361 0.033578 0.920361 0.000000 0.000000
7862.16 0.920403 0.028379 0.920403 0.000000 0.000000
7867.16 0.918275 0.016742 0.918275 0.000000 0.000000
7872.17 0.905705 0.012868 0.905705 0.000000 0.000000
7877.17 0.884158 0.013094 0.884158 0.000000 0.000000
7882.17 0.870301 0.012848 0.870301 0.000000 0.000000
7887.17 0.873135 0.005804 0.873135 0.000000 0.000000
7892.17 0.871389 0.007191 0.871389 0.000000 0.000000
7897.17 0.849494 0.009203 0.849494 0.000000 0.000000
7902.17 0.833893 0.011840 0.833893 0.000000 0.000000
7907.17 0.834117 0.009557 0.834117 0.000000 0.000000
7912.18 0.835020 0.001754 0.835020 0.000000 0.000000
7917.18 0.827778 0.012378 0.827778 0.000000 0.000000
7922.18 0.826484 0.016891 0.826484 0.000000 0.000000
7927.18 0.830220 0.011664 0.830220 0.000000 0.000000
7932.18 0.830335 0.000655 0.830335 0.000000 0.000000
7937.18 0.823772 0.007498 0.823772 0.000000 0.000000
7942.18 0.814826 0.007658 0.814826 0.000000 0.000000
7947.19 0.810935 0.001965 0.810935 0.000000 0.000000
7952.19 0.818099 0.009953 0.818099 0.000000 0.000000
7957.19 0.832389 0.012575 0.832389 0.000000 0.000000
7962.19 0.840018 0.011108 0.840018 0.000000 0.000000
7967.19 0.845145 0.007884 0.845145 0.000000 0.000000
7972.19 0.849436 0.003096 0.849436 0.000000 0.000000
7977.19 0.852128 0.003782 0.852128 0.000000 0.000000
7982.19 0.856389 0.007030 0.856389 0.000000 0.000000
7987.20 0.864385 0.011525 0.864385 0.000000 0.000000
7992.20 0.866710 0.014262 0.866710 0.000000 0.000000
7997.20 0.855399 0.017166 0.855399 0.000000 0.000000
8002.20 0.840690 0.015713 0.840690 0.000000 0.000000
8007.20 0.840596 0.001929 0.840596 0.000000 0.000000
8012.20 0.850300 0.014126 0.850300 0.000000 0.000000
8017.20 0.861853 0.023343 0.861853 0.000000 0.000000
8022.21 0.866744 0.017482 0.866744 0.000000 0.000000
8027.21 0.851171 0.009975 0.851171 0.000000 0.000000
8032.21 0.847361 0.017724 0.847361 0.000000 0.000000
8037.21 0.870035 0.004716 0.870035 0.000000 0.000000
8042.21 0.880618 0.020927 0.880618 0.000000 0.000000
8047.21 0.858536 0.013700 0.858536 0.000000 0.000000
8052.21 0.841350 0.012896 0.841350 0.000000 0.000000
8057.22 0.856145 0.004829 0.856145 0.000000 0.000000
8062.22 0.875675 0.020405 0.875675 0.000000 0.000000
8067.22 0.870359 0.021305 0.870359 0.000000 0.000000
8072.22 0.852710 0.018170 0.852710 0.000000 0.000000
8077.22 0.843618 0.017676 0.843618 0.000000 0.000000
8082.22 0.844780 0.015347 0.844780 0.000000 0.000000
8087.22 0.843248 0.020158 0.843248 0.000000 0.000000
8092.22 0.832190 0.023859 0.832190 0.000000 0.000000
8097.23 0.817000 0.015197 0.817000 0.000000 0.000000
8102.23 0.810310 0.001649 0.810310 0.000000 0.000000
8107.23 0.811418 0.006407 0.811418 0.000000 0.000000
8112.23 0.815057 0.012496 0.815057 0.000000 0.000000
8117.23 0.813222 0.007106 0.813222 0.000000 0.000000
8122.23 0.813212 0.006255 0.813212 0.000000 0.000000
8127.23 0.824299 0.003265 0.824299 0.000000 0.000000
8132.24 0.830833 0.010173 0.830833 0.000000 0.000000
8137.24 0.829298 0.011599 0.829298 0.000000 0.000000
8142.24 0.826201 0.007096 0.826201 0.000000 0.000000
8147.24 0.821919 0.013286 0.821919 0.000000 0.000000
8152.24 0.824719 0.017897 0.824719 0.000000 0.000000
8157.24 0.831813 0.017895 0.831813 0.000000 0.000000
8162.24 0.832324 0.017635 0.832324 0.000000 0.000000
8167.24 0.822951 0.020475 0.822951 0.000000 0.000000
8172.25 0.813507 0.023744 0.813507 0.000000 0.000000
8177.25 0.811654 0.013640 0.811654 0.000000 0.000000
8182.25 0.810917 0.003164 0.810917 0.000000 0.000000
8187.25 0.806361 0.009429 0.806361 0.000000 0.000000
8192.25 0.803548 0.017726 0.803548 0.000000 0.000000
8197.25 0.801563 0.026719 0.801563 0.000000 0.000000
8202.25 0.803970 0.025286 0.803970 0.000000 0.000000
8207.26 0.816566 0.010850 0.816566 0.000000 0.000000
8212.26 0.828686 0.012109 0.828686 0.000000 0.000000
8217.26 0.835920 0.022773 0.835920 0.000000 0.000000
8222.26 0.832261 0.027773 0.832261 0.000000 0.000000
8227.26 0.819502 0.035793 0.819502 0.000000 0.000000
8232.26 0.826225 0.042257 0.826225 0.000000 0.000000
8237.26 0.836354 0.034639 0.836354 0.000000 0.000000
8242.27 0.842663 0.010621 0.842663 0.000000 0.000000
8247.27 0.851333 0.010688 0.851333 0.000000 0.000000
8252.27 0.847913 0.017690 0.847913 0.000000 0.000000
8257.27 0.840204 0.006140 0.840204 0.000000 0.000000
8262.27 0.837860 0.007045 0.837860 0.000000 0.000000
8267.27 0.841852 0.011605 0.841852 0.000000 0.000000
8272.27 0.841152 0.029891 0.841152 0.000000 0.000000
8277.27 0.833390 0.013907 0.833390 0.000000 0.000000
8282.28 0.823451 0.012973 0.823451 0.000000 0.000000
8287.28 0.817844 0.013356 0.817844 0.000000 0.000000
8292.28 0.818753 0.006301 0.818753 0.000000 0.000000
8297.28 0.812311 0.005389 0.812311 0.000000 0.000000
8302.28 0.802397 0.008789 0.802397 0.000000 0.000000
8307.28 0.797690 0.010704 0.797690 0.000000 0.000000
8312.28 0.799497 0.010734 0.799497 0.000000 0.000000
8317.29 0.805051 0.009874 0.805051 0.000000 0.000000
8322.29 0.807892 0.012493 0.807892 0.000000 0.000000
8327.29 0.803393 0.016242 0.803393 0.000000 0.000000
8332.29 0.794077 0.016702 0.794077 0.000000 0.000000
8337.29 0.788064 0.009874 0.788064 0.000000 0.000000
8342.29 0.785595 0.011264 0.785595 0.000000 0.000000
8347.29 0.787426 0.011359 0.787426 0.000000 0.000000
8352.29 0.793732 0.010854 0.793732 0.000000 0.000000
8357.30 0.799993 0.011369 0.799993 0.000000 0.000000
8362.30 0.803687 0.011740 0.803687 0.000000 0.000000
8367.30 0.805493 0.009978 0.805493 0.000000 0.000000
8372.30 0.807703 0.008182 0.807703 0.000000 0.000000
8377.30 0.806978 0.013853 0.806978 0.000000 0.000000
8382.30 0.797705 0.021019 0.797705 0.000000 0.000000
8387.30 0.784871 0.022296 0.784871 0.000000 0.000000
8392.31 0.786891 0.023223 0.786891 0.000000 0.000000
8397.31 0.804337 0.011713 0.804337 0.000000 0.000000
8402.31 0.820711 0.021170 0.820711 0.000000 0.000000
8407.31 0.822129 0.027063 0.822129 0.000000 0.000000
8412.31 0.815430 0.024188 0.815430 0.000000 0.000000
8417.31 0.809631 0.021595 0.809631 0.000000 0.000000
8422.31 0.803355 0.019987 0.803355 0.000000 0.000000
8427.32 0.796747 0.015235 0.796747 0.000000 0.000000
8432.32 0.793230 0.011571 0.793230 0.000000 0.000000
8437.32 0.792706 0.017592 0.792706 0.000000 0.000000
8442.32 0.798469 0.022033 0.798469 0.000000 0.000000
8447.32 0.808548 0.021092 0.808548 0.000000 0.000000
8452.32 0.819420 0.019881 0.819420 0.000000 0.000000
8457.32 0.827334 0.023506 0.827334 0.000000 0.000000
8462.32 0.828022 0.029964 0.828022 0.000000 0.000000
8467.33 0.821394 0.030144 0.821394 0.000000 0.000000
8472.33 0.818116 0.026687 0.818116 0.000000 0.000000
8477.33 0.824128 0.023346 0.824128 0.000000 0.000000
8482.33 0.826621 0.026529 0.826621 0.000000 0.000000
8487.33 0.820986 0.024097 0.820986 0.000000 0.000000
8492.33 0.797530 0.025751 0.797530 0.000000 0.000000
8497.33 0.752680 0.047005 0.752680 0.000000 0.000000
8502.34 0.743206 0.032520 0.743206 0.000000 0.000000
8507.34 0.765634 0.013316 0.765634 0.000000 0.000000
8512.34 0.783886 0.015535 0.783886 0.000000 0.000000
8517.34 0.784447 0.033805 0.784447 0.000000 0.000000
8522.34 0.782799 0.037563 0.782799 0.000000 0.000000
8527.34 0.777022 0.020396 0.777022 0.000000 0.000000
8532.34 0.756227 0.014474 0.756227 0.000000 0.000000
8537.34 0.717396 0.062297 0.717396 0.000000 0.000000
8542.35 0.662731 0.076191 0.662731 0.000000 0.000000
8547.35 0.628214 0.036728 0.628214 0.000000 0.000000
8552.35 0.647567 0.116405 0.647567 0.000000 0.000000
8557.35 0.712666 0.084848 0.712666 0.000000 0.000000
8562.35 0.780407 0.022467 0.780407 0.000000 0.000000
8567.35 0.796378 0.020313 0.796378 0.000000 0.000000
8572.35 0.784390 0.026489 0.784390 0.000000 0.000000
8577.36 0.779951 0.026428 0.779951 0.000000 0.000000
8582.36 0.779922 0.021539 0.779922 0.000000 0.000000
8587.36 0.781095 0.019949 0.781095 0.000000 0.000000
8592.36 0.782047 0.017613 0.782047 0.000000 0.000000
8597.36 0.780369 0.013170 0.780369 0.000000 0.000000
8602.36 0.777167 0.005986 0.777167 0.000000 0.000000
8607.36 0.773674 0.003903 0.773674 0.000000 0.000000
8612.37 0.771288 0.009687 0.771288 0.000000 0.000000
8617.37 0.770212 0.007626 0.770212 0.000000 0.000000
8622.37 0.772398 0.006419 0.772398 0.000000 0.000000
8627.37 0.781799 0.006010 0.781799 0.000000 0.000000
8632.37 0.794964 0.009819 0.794964 0.000000 0.000000
8637.37 0.805672 0.014979 0.805672 0.000000 0.000000
8642.37 0.809547 0.019343 0.809547 0.000000 0.000000
8647.37 0.803503 0.023347 0.803503 0.000000 0.000000
8652.38 0.788512 0.040573 0.788512 0.000000 0.000000
8657.38 0.760563 0.075284 0.760563 0.000000 0.000000
8662.38 0.709716 0.085024 0.709716 0.000000 0.000000
8667.38 0.673233 0.020750 0.673233 0.000000 0.000000
8672.38 0.673190 0.080472 0.673190 0.000000 0.000000
8677.38 0.721141 0.054706 0.721141 0.000000 0.000000
8682.38 0.773268 0.025987 0.773268 0.000000 0.000000
8687.39 0.776843 0.034857 0.776843 0.000000 0.000000
8692.39 0.774760 0.029152 0.774760 0.000000 0.000000
8697.39 0.798908 0.032903 0.798908 0.000000 0.000000
8702.39 0.779402 0.016592 0.779402 0.000000 0.000000
8707.39 0.781371 0.022587 0.781371 0.000000 0.000000
8712.39 0.789406 0.027909 0.789406 0.000000 0.000000
8717.39 0.799582 0.027502 0.799582 0.000000 0.000000
8722.40 0.804088 0.024305 0.804088 0.000000 0.000000
8727.40 0.797570 0.025338 0.797570 0.000000 0.000000
8732.40 0.788752 0.026501 0.788752 0.000000 0.000000
8737.40 0.784005 0.025493 0.784005 0.000000 0.000000
8742.40 0.783051 0.023143 0.783051 0.000000 0.000000
8747.40 0.783230 0.018919 0.783230 0.000000 0.000000
8752.40 0.779496 0.013886 0.779496 0.000000 0.000000
8757.40 0.773615 0.004459 0.773615 0.000000 0.000000
8762.41 0.767380 0.007793 0.767380 0.000000 0.000000
8767.41 0.757233 0.011804 0.757233 0.000000 0.000000
8772.41 0.753410 0.012355 0.753410 0.000000 0.000000
8777.41 0.760445 0.013436 0.760445 0.000000 0.000000
8782.41 0.771113 0.012725 0.771113 0.000000 0.000000
8787.41 0.773475 0.005956 0.773475 0.000000 0.000000
8792.41 0.767495 0.001254 0.767495 0.000000 0.000000
8797.42 0.760832 0.002607 0.760832 0.000000 0.000000
8802.42 0.752955 0.006529 0.752955 0.000000 0.000000
8807.42 0.742037 0.022632 0.742037 0.000000 0.000000
8812.42 0.761320 0.015957 0.761320 0.000000 0.000000
8817.42 0.783316 0.010661 0.783316 0.000000 0.000000
8822.42 0.786141 0.022225 0.786141 0.000000 0.000000
8827.42 0.789370 0.024790 0.789370 0.000000 0.000000
8832.42 0.792320 0.021216 0.792320 0.000000 0.000000
8837.43 0.790306 0.022135 0.790306 0.000000 0.000000
8842.43 0.789581 0.024312 0.789581 0.000000 0.000000
8847.43 0.798156 0.017492 0.798156 0.000000 0.000000
8852.43 0.801434 0.012641 0.801434 0.000000 0.000000
8857.43 0.793512 0.012435 0.793512 0.000000 0.000000
8862.43 0.778963 0.012547 0.778963 0.000000 0.000000
8867.43 0.767653 0.006866 0.767653 0.000000 0.000000
8872.44 0.766628 0.006665 0.766628 0.000000 0.000000
8877.44 0.764752 0.012343 0.764752 0.000000 0.000000
8882.44 0.763572 0.011645 0.763572 0.000000 0.000000
8887.44 0.770281 0.014202 0.770281 0.000000 0.000000
8892.44 0.773012 0.009222 0.773012 0.000000 0.000000
8897.44 0.776518 0.003754 0.776518 0.000000 0.000000
8902.44 0.781428 0.000267 0.781428 0.000000 0.000000
8907.45 0.783896 0.005428 0.783896 0.000000 0.000000
8912.45 0.785814 0.009164 0.785814 0.000000 0.000000
8917.45 0.785223 0.012795 0.785223 0.000000 0.000000
8922.45 0.781613 0.016556 0.781613 0.000000 0.000000
8927.45 0.778121 0.017274 0.778121 0.000000 0.000000
8932.45 0.778475 0.012065 0.778475 0.000000 0.000000
8937.45 0.777850 0.008398 0.777850 0.000000 0.000000
8942.45 0.769979 0.015752 0.769979 0.000000 0.000000
8947.46 0.762937 0.026812 0.762937 0.000000 0.000000
8952.46 0.774025 0.022062 0.774025 0.000000 0.000000
8957.46 0.783689 0.020534 0.783689 0.000000 0.000000
8962.46 0.786052 0.025838 0.786052 0.000000 0.000000
8967.46 0.786474 0.030392 0.786474 0.000000 0.000000
8972.46 0.788034 0.030776 0.788034 0.000000 0.000000
8977.46 0.791611 0.027020 0.791611 0.000000 0.000000
8982.47 0.783531 0.035106 0.783531 0.000000 0.000000
8987.47 0.777265 0.041048 0.777265 0.000000 0.000000
8992.47 0.798026 0.017811 0.798026 0.000000 0.000000
8997.47 0.798854 0.017074 0.798854 0.000000 0.000000
9002.47 0.771465 0.000000 0.771465 0.000000 0.000000
9007.47 0.772274 0.000000 0.772274 0.000000 0.000000
9012.47 0.761981 0.000000 0.761981 0.000000 0.000000
9017.47 0.769072 0.000000 0.769072 0.000000 0.000000
9022.48 0.768540 0.000000 0.768540 0.000000 0.000000
9027.48 0.767031 0.000000 0.767031 0.000000 0.000000
9032.48 0.788694 0.000000 0.788694 0.000000 0.000000
9037.48 0.786057 0.000000 0.786057 0.000000 0.000000
9042.48 0.780532 0.000000 0.780532 0.000000 0.000000
9047.48 0.783183 0.000000 0.783183 0.000000 0.000000
9052.48 0.779945 0.000000 0.779945 0.000000 0.000000
9057.49 0.774522 0.000000 0.774522 0.000000 0.000000
9062.49 0.767353 0.000000 0.767353 0.000000 0.000000
9067.49 0.764758 0.000000 0.764758 0.000000 0.000000
9072.49 0.769088 0.000000 0.769088 0.000000 0.000000
9077.49 0.766814 0.000000 0.766814 0.000000 0.000000
9082.49 0.754542 0.000000 0.754542 0.000000 0.000000
9087.49 0.743402 0.000000 0.743402 0.000000 0.000000
9092.50 0.744363 0.000000 0.744363 0.000000 0.000000
9097.50 0.751937 0.000000 0.751937 0.000000 0.000000
9102.50 0.748972 0.000000 0.748972 0.000000 0.000000
9107.50 0.747314 0.000000 0.747314 0.000000 0.000000
9112.50 0.747239 0.000000 0.747239 0.000000 0.000000
9117.50 0.727615 0.000000 0.727615 0.000000 0.000000
9122.50 0.743572 0.000000 0.743572 0.000000 0.000000
9127.50 0.752301 0.000000 0.752301 0.000000 0.000000
9132.51 0.735896 0.000000 0.735896 0.000000 0.000000
9137.51 0.751593 0.000000 0.751593 0.000000 0.000000
9142.51 0.728307 0.000000 0.728307 0.000000 0.000000
9147.51 0.682088 0.000000 0.682088 0.000000 0.000000
9152.51 0.675662 0.000000 0.675662 0.000000 0.000000
9157.51 0.720841 0.000000 0.720841 0.000000 0.000000
9162.51 0.734813 0.000000 0.734813 0.000000 0.000000
9167.52 0.684245 0.000000 0.684245 0.000000 0.000000
9172.52 0.641634 0.000000 0.641634 0.000000 0.000000
9177.52 0.683796 0.000000 0.683796 0.000000 0.000000
9182.52 0.710751 0.000000 0.710751 0.000000 0.000000
9187.52 0.698344 0.000000 0.698344 0.000000 0.000000
9192.52 0.678895 0.000000 0.678895 0.000000 0.000000
9197.52 0.680146 0.000000 0.680146 0.000000 0.000000
9202.52 0.688942 0.000000 0.688942 0.000000 0.000000
9207.53 0.700844 0.021255 0.700844 0.000000 0.000000
9212.53 0.694422 0.028185 0.694422 0.000000 0.000000
9217.53 0.699790 0.021168 0.699790 0.000000 0.000000
9222.53 0.716279 0.002407 0.716279 0.000000 0.000000
9227.53 0.728064 0.009724 0.728064 0.000000 0.000000
9232.53 0.726798 0.007061 0.726798 0.000000 0.000000
9237.53 0.716257 0.004880 0.716257 0.000000 0.000000
9242.54 0.704930 0.015399 0.704930 0.000000 0.000000
9247.54 0.701731 0.013890 0.701731 0.000000 0.000000
9252.54 0.698474 0.010837 0.698474 0.000000 0.000000
9257.54 0.691123 0.012748 0.691123 0.000000 0.000000
9262.54 0.695668 0.004203 0.695668 0.000000 0.000000
9267.54 0.701090 0.001364 0.701090 0.000000 0.000000
9272.54 0.697616 0.005342 0.697616 0.000000 0.000000
9277.55 0.690800 0.016052 0.690800 0.000000 0.000000
9282.55 0.692889 0.015202 0.692889 0.000000 0.000000
9287.55 0.692893 0.013001 0.692893 0.000000 0.000000
9292.55 0.684726 0.015575 0.684726 0.000000 0.000000
9297.55 0.678653 0.011452 0.678653 0.000000 0.000000
9302.55 0.684388 0.010226 0.684388 0.000000 0.000000
9307.55 0.671514 0.015430 0.671514 0.000000 0.000000
9312.55 0.647621 0.008057 0.647621 0.000000 0.000000
9317.56 0.637777 0.010200 0.637777 0.000000 0.000000
9322.56 0.650656 0.026017 0.650656 0.000000 0.000000
9327.56 0.668024 0.032462 0.668024 0.000000 0.000000
9332.56 0.669104 0.012834 0.669104 0.000000 0.000000
9337.56 0.656951 0.021168 0.656951 0.000000 0.000000
9342.56 0.660943 0.029017 0.660943 0.000000 0.000000
9347.56 0.700026 0.015848 0.700026 0.000000 0.000000
9352.57 0.682790 0.008948 0.682790 0.000000 0.000000
9357.57 0.642089 0.020607 0.642089 0.000000 0.000000
9362.57 0.669262 0.020355 0.669262 0.000000 0.000000
9367.57 0.652350 0.003962 0.652350 0.000000 0.000000
9372.57 0.647076 0.007312 0.647076 0.000000 0.000000
9377.57 0.665436 0.002753 0.665436 0.000000 0.000000
9382.57 0.666693 0.007380 0.666693 0.000000 0.000000
9387.58 0.690488 0.008689 0.690488 0.000000 0.000000
9392.58 0.694849 0.007574 0.694849 0.000000 0.000000
9397.58 0.677580 0.010656 0.677580 0.000000 0.000000
9402.58 0.666986 0.012507 0.666986 0.000000 0.000000
9407.58 0.651346 0.009785 0.651346 0.000000 0.000000
9412.58 0.634802 0.002614 0.634802 0.000000 0.000000
9417.58 0.620871 0.006742 0.620871 0.000000 0.000000
9422.58 0.611064 0.013822 0.611064 0.000000 0.000000
9427.59 0.610502 0.019760 0.610502 0.000000 0.000000
9432.59 0.620131 0.027601 0.620131 0.000000 0.000000
9437.59 0.617572 0.016469 0.617572 0.000000 0.000000
9442.59 0.612806 0.000946 0.612806 0.000000 0.000000
9447.59 0.645118 0.026979 0.645118 0.000000 0.000000
9452.59 0.633268 0.005776 0.633268 0.000000 0.000000
9457.59 0.622574 0.013582 0.622574 0.000000 0.000000
9462.60 0.651406 0.010422 0.651406 0.000000 0.000000
9467.60 0.657435 0.009311 0.657435 0.000000 0.000000
9472.60 0.654495 0.000535 0.654495 0.000000 0.000000
9477.60 0.653282 0.005980 0.653282 0.000000 0.000000
9482.60 0.662023 0.003618 0.662023 0.000000 0.000000
9487.60 0.675485 0.023152 0.675485 0.000000 0.000000
9492.60 0.641872 0.006863 0.641872 0.000000 0.000000
9497.60 0.627725 0.017161 0.627725 0.000000 0.000000
9502.61 0.663932 0.022484 0.663932 0.000000 0.000000
9507.61 0.687194 0.040352 0.687194 0.000000 0.000000
9512.61 0.663181 0.001390 0.663181 0.000000 0.000000
9517.61 0.648575 0.028443 0.648575 0.000000 0.000000
9522.61 0.668370 0.018002 0.668370 0.000000 0.000000
9527.61 0.688787 0.001390 0.688787 0.000000 0.000000
9532.61 0.693615 0.002936 0.693615 0.000000 0.000000
9537.62 0.688149 0.000964 0.688149 0.000000 0.000000
9542.62 0.688852 0.003340 0.688852 0.000000 0.000000
9547.62 0.695331 0.014004 0.695331 0.000000 0.000000
9552.62 0.679032 0.000567 0.679032 0.000000 0.000000
9557.62 0.674590 0.002385 0.674590 0.000000 0.000000
9562.62 0.678470 0.004558 0.678470 0.000000 0.000000
9567.62 0.671366 0.000824 0.671366 0.000000 0.000000
9572.63 0.677903 0.008184 0.677903 0.000000 0.000000
9577.63 0.670638 0.001415 0.670638 0.000000 0.000000
9582.63 0.657721 0.012347 0.657721 0.000000 0.000000
9587.63 0.662026 0.008180 0.662026 0.000000 0.000000
9592.63 0.671186 0.000598 0.671186 0.000000 0.000000
9597.63 0.675632 0.003894 0.675632 0.000000 0.000000
9602.63 0.669881 0.004034 0.669881 0.000000 0.000000
9607.63 0.664370 0.011402 0.664370 0.000000 0.000000
9612.64 0.674423 0.000964 0.674423 0.000000 0.000000
9617.64 0.665520 0.010112 0.665520 0.000000 0.000000
9622.64 0.659431 0.014501 0.659431 0.000000 0.000000
9627.64 0.669644 0.000824 0.669644 0.000000 0.000000
9632.64 0.662215 0.002392 0.662215 0.000000 0.000000
9637.64 0.647774 0.013709 0.647774 0.000000 0.000000
9642.64 0.644113 0.014976 0.644113 0.000000 0.000000
9647.65 0.654207 0.003940 0.654207 0.000000 0.000000
9652.65 0.662386 0.002277 0.662386 0.000000 0.000000
9657.65 0.652203 0.013983 0.652203 0.000000 0.000000
9662.65 0.650971 0.022490 0.650971 0.000000 0.000000
9667.65 0.667331 0.013162 0.667331 0.000000 0.000000
9672.65 0.674838 0.013276 0.674838 0.000000 0.000000
9677.65 0.668290 0.026541 0.668290 0.000000 0.000000
9682.65 0.671132 0.025302 0.671132 0.000000 0.000000
9687.66 0.676140 0.016265 0.676140 0.000000 0.000000
9692.66 0.662079 0.024568 0.662079 0.000000 0.000000
9697.66 0.656568 0.022601 0.656568 0.000000 0.000000
9702.66 0.655385 0.017637 0.655385 0.000000 0.000000
9707.66 0.656766 0.013526 0.656766 0.000000 0.000000
9712.66 0.664351 0.005278 0.664351 0.000000 0.000000
9717.66 0.666890 0.003502 0.666890 0.000000 0.000000
9722.67 0.662046 0.009008 0.662046 0.000000 0.000000
9727.67 0.655452 0.014417 0.655452 0.000000 0.000000
9732.67 0.650454 0.016879 0.650454 0.000000 0.000000
9737.67 0.642100 0.023145 0.642100 0.000000 0.000000
9742.67 0.638996 0.025115 0.638996 0.000000 0.000000
9747.67 0.644470 0.020055 0.644470 0.000000 0.000000
9752.67 0.651265 0.015141 0.651265 0.000000 0.000000
9757.68 0.650591 0.018815 0.650591 0.000000 0.000000
9762.68 0.648633 0.023109 0.648633 0.000000 0.000000
9767.68 0.649295 0.022993 0.649295 0.000000 0.000000
9772.68 0.650813 0.021359 0.650813 0.000000 0.000000
9777.68 0.649828 0.023278 0.649828 0.000000 0.000000
9782.68 0.673859 0.000000 0.673859 0.000000 0.000000
9787.68 0.679422 0.000000 0.679422 0.000000 0.000000
9792.68 0.686534 0.000000 0.686534 0.000000 0.000000
9797.69 0.693460 0.000000 0.693460 0.000000 0.000000
9802.69 0.698465 0.000000 0.698465 0.000000 0.000000
9807.69 0.700309 0.000000 0.700309 0.000000 0.000000
9812.69 0.699734 0.000000 0.699734 0.000000 0.000000
9817.69 0.697980 0.000000 0.697980 0.000000 0.000000
9822.69 0.696283 0.000000 0.696283 0.000000 0.000000
9827.69 0.695632 0.000000 0.695632 0.000000 0.000000
9832.70 0.696011 0.000000 0.696011 0.000000 0.000000
9837.70 0.697153 0.000000 0.697153 0.000000 0.000000
9842.70 0.698792 0.000000 0.698792 0.000000 0.000000
9847.70 0.700621 0.000000 0.700621 0.000000 0.000000
9852.70 0.702170 0.000000 0.702170 0.000000 0.000000
9857.70 0.702929 0.000000 0.702929 0.000000 0.000000
9862.70 0.702387 0.000000 0.702387 0.000000 0.000000
9867.71 0.700216 0.000000 0.700216 0.000000 0.000000
9872.71 0.696817 0.000000 0.696817 0.000000 0.000000
9877.71 0.692773 0.000000 0.692773 0.000000 0.000000
9882.71 0.688668 0.000000 0.688668 0.000000 0.000000
9887.71 0.685039 0.000000 0.685039 0.000000 0.000000
9892.71 0.682235 0.000000 0.682235 0.000000 0.000000
9897.71 0.680560 0.000000 0.680560 0.000000 0.000000
9902.71 0.680319 0.000000 0.680319 0.000000 0.000000
9907.72 0.681593 0.000000 0.681593 0.000000 0.000000
9912.72 0.683582 0.000000 0.683582 0.000000 0.000000
9917.72 0.685263 0.000000 0.685263 0.000000 0.000000
9922.72 0.685612 0.000000 0.685612 0.000000 0.000000
9927.72 0.683973 0.000000 0.683973 0.000000 0.000000
9932.72 0.681156 0.000000 0.681156 0.000000 0.000000
9937.72 0.678334 0.000000 0.678334 0.000000 0.000000
9942.73 0.676685 0.000000 0.676685 0.000000 0.000000
9947.73 0.677058 0.000000 0.677058 0.000000 0.000000
9952.73 0.679010 0.000000 0.679010 0.000000 0.000000
9957.73 0.681771 0.000000 0.681771 0.000000 0.000000
9962.73 0.684574 0.000000 0.684574 0.000000 0.000000
9967.73 0.686808 0.000000 0.686808 0.000000 0.000000
9972.73 0.688502 0.000000 0.688502 0.000000 0.000000
9977.73 0.689845 0.000000 0.689845 0.000000 0.000000
9982.74 0.691024 0.000000 0.691024 0.000000 0.000000
9987.74 0.692194 0.000000 0.692194 0.000000 0.000000
9992.74 0.693375 0.000000 0.693375 0.000000 0.000000
9997.74 0.694553 0.000000 0.694553 0.000000 0.000000
10002.74 0.695716 0.000000 0.695716 0.000000 0.000000
10007.74 0.696783 0.000000 0.696783 0.000000 0.000000
10012.74 0.697407 0.000000 0.697407 0.000000 0.000000
10017.75 0.697175 0.000000 0.697175 0.000000 0.000000
10022.75 0.695674 0.000000 0.695674 0.000000 0.000000
10027.75 0.692685 0.000000 0.692685 0.000000 0.000000
10032.75 0.688776 0.000000 0.688776 0.000000 0.000000
10037.75 0.684712 0.000000 0.684712 0.000000 0.000000
10042.75 0.681257 0.000000 0.681257 0.000000 0.000000
10047.75 0.678998 0.000000 0.678998 0.000000 0.000000
10052.76 0.677826 0.000000 0.677826 0.000000 0.000000
10057.76 0.677454 0.000000 0.677454 0.000000 0.000000
10062.76 0.677594 0.000000 0.677594 0.000000 0.000000
10067.76 0.677985 0.000000 0.677985 0.000000 0.000000
10072.76 0.678458 0.000000 0.678458 0.000000 0.000000
10077.76 0.678869 0.000000 0.678869 0.000000 0.000000
10082.76 0.679073 0.000000 0.679073 0.000000 0.000000
10087.76 0.678923 0.000000 0.678923 0.000000 0.000000
10092.77 0.678254 0.000000 0.678254 0.000000 0.000000
10097.77 0.676899 0.000000 0.676899 0.000000 0.000000
10102.77 0.674690 0.000000 0.674690 0.000000 0.000000
10107.77 0.671602 0.000000 0.671602 0.000000 0.000000
10112.77 0.668184 0.000000 0.668184 0.000000 0.000000
10117.77 0.665125 0.000000 0.665125 0.000000 0.000000
10122.77 0.663118 0.000000 0.663118 0.000000 0.000000
10127.78 0.662664 0.000000 0.662664 0.000000 0.000000
10132.78 0.663511 0.000000 0.663511 0.000000 0.000000
10137.78 0.665216 0.000000 0.665216 0.000000 0.000000
10142.78 0.667338 0.000000 0.667338 0.000000 0.000000
10147.78 0.669458 0.000000 0.669458 0.000000 0.000000
10152.78 0.671251 0.000000 0.671251 0.000000 0.000000
10157.78 0.672414 0.000000 0.672414 0.000000 0.000000
10162.79 0.672645 0.000000 0.672645 0.000000 0.000000
10167.79 0.671743 0.000000 0.671743 0.000000 0.000000
10172.79 0.669921 0.000000 0.669921 0.000000 0.000000
10177.79 0.667495 0.000000 0.667495 0.000000 0.000000
10182.79 0.664779 0.000000 0.664779 0.000000 0.000000
10187.79 0.662107 0.000000 0.662107 0.000000 0.000000
10192.79 0.659886 0.000000 0.659886 0.000000 0.000000
10197.79 0.658542 0.000000 0.658542 0.000000 0.000000
10202.80 0.658499 0.000000 0.658499 0.000000 0.000000
10207.80 0.659959 0.000000 0.659959 0.000000 0.000000
10212.80 0.662217 0.000000 0.662217 0.000000 0.000000
10217.80 0.664345 0.000000 0.664345 0.000000 0.000000
10222.80 0.665414 0.000000 0.665414 0.000000 0.000000
10227.80 0.664799 0.000000 0.664799 0.000000 0.000000
10232.80 0.663095 0.000000 0.663095 0.000000 0.000000
10237.81 0.661200 0.000000 0.661200 0.000000 0.000000
10242.81 0.660011 0.000000 0.660011 0.000000 0.000000
10247.81 0.660137 0.000000 0.660137 0.000000 0.000000
10252.81 0.661018 0.000000 0.661018 0.000000 0.000000
10257.81 0.661807 0.000000 0.661807 0.000000 0.000000
10262.81 0.661653 0.000000 0.661653 0.000000 0.000000
10267.81 0.659976 0.000000 0.659976 0.000000 0.000000
10272.81 0.657261 0.000000 0.657261 0.000000 0.000000
10277.82 0.654263 0.000000 0.654263 0.000000 0.000000
10282.82 0.651735 0.000000 0.651735 0.000000 0.000000
10287.82 0.650199 0.000000 0.650199 0.000000 0.000000
10292.82 0.649245 0.000000 0.649245 0.000000 0.000000
10297.82 0.648233 0.000000 0.648233 0.000000 0.000000
10302.82 0.646522 0.000000 0.646522 0.000000 0.000000
10307.82 0.647632 0.005486 0.643758 0.651507 0.000000
10312.83 0.645908 0.007320 0.640732 0.651085 0.000000
10317.83 0.644592 0.008580 0.638522 0.650662 0.000000
10322.83 0.644224 0.008506 0.638207 0.650240 0.000000
10327.83 0.645142 0.006614 0.640465 0.649818 0.000000
10332.83 0.646886 0.003538 0.644375 0.649396 0.000000
10337.83 0.648793 0.000244 0.648612 0.648974 0.000000
10342.83 0.650204 0.002329 0.651856 0.648552 0.000000
10347.84 0.650625 0.003529 0.653120 0.648130 0.000000
10352.84 0.650241 0.003571 0.652773 0.647708 0.000000
10357.84 0.649403 0.002970 0.651519 0.647287 0.000000
10362.84 0.648464 0.002238 0.650063 0.646865 0.000000
10367.84 0.647696 0.001777 0.648949 0.646443 0.000000
10372.84 0.647052 0.001424 0.648083 0.646022 0.000000
10377.84 0.646405 0.001145 0.647210 0.645600 0.000000
10382.84 0.645628 0.000598 0.646078 0.645178 0.000000
10387.85 0.644652 0.000244 0.644548 0.644757 0.000000
10392.85 0.643643 0.000913 0.642950 0.644335 0.000000
10397.85 0.642822 0.001563 0.641731 0.643914 0.000000
10402.85 0.642415 0.001505 0.641338 0.643492 0.000000
10407.85 0.642576 0.000732 0.642081 0.643071 0.000000
10412.85 0.643193 0.000772 0.643736 0.642650 0.000000
10417.85 0.644085 0.002652 0.645941 0.642228 0.000000
10422.86 0.645071 0.004619 0.648336 0.641807 0.000000
10427.86 0.645959 0.006459 0.650532 0.641386 0.000000
10432.86 0.646500 0.007828 0.652036 0.640965 0.000000
10437.86 0.646435 0.008333 0.652326 0.640543 0.000000
10442.86 0.645502 0.007604 0.650881 0.640122 0.000000
10447.86 0.643578 0.005476 0.647455 0.639701 0.000000
10452.86 0.641092 0.002549 0.642904 0.639280 0.000000
10457.87 0.638609 0.000244 0.638358 0.638859 0.000000
10462.87 0.636694 0.002454 0.634949 0.638438 0.000000
10467.87 0.635756 0.003202 0.633495 0.638017 0.000000
10472.87 0.635578 0.002847 0.633559 0.637596 0.000000
10477.87 0.635783 0.001938 0.634391 0.637176 0.000000
10482.87 0.635998 0.001092 0.635241 0.636755 0.000000
10487.87 0.635906 0.000598 0.635478 0.636334 0.000000
10492.87 0.635433 0.000732 0.634952 0.635913 0.000000
10497.88 0.634563 0.001269 0.633633 0.635493 0.000000
10502.88 0.633281 0.002537 0.631489 0.635072 0.000000
10507.88 0.631650 0.004236 0.628649 0.634652 0.000000
10512.88 0.630057 0.005895 0.625883 0.634231 0.000000
10517.88 0.628963 0.006862 0.624116 0.633811 0.000000
10522.88 0.628834 0.006441 0.624278 0.633391 0.000000
10527.88 0.629908 0.004319 0.626845 0.632970 0.000000
10532.89 0.631523 0.001424 0.630495 0.632550 0.000000
10537.89 0.632793 0.000946 0.633456 0.632130 0.000000
10542.89 0.632833 0.001601 0.633955 0.631710 0.000000
10547.89 0.631072 0.000345 0.630854 0.631290 0.000000
10552.89 0.628213 0.003758 0.625556 0.630870 0.000000
10557.89 0.625273 0.007316 0.620096 0.630450 0.000000
10562.89 0.623271 0.009556 0.616512 0.630030 0.000000
10567.89 0.622935 0.009440 0.616259 0.629611 0.000000
10572.90 0.623833 0.007580 0.618474 0.629191 0.000000
10577.90 0.625242 0.004991 0.621713 0.628771 0.000000
10582.90 0.626442 0.002719 0.624533 0.628352 0.000000
10587.90 0.626867 0.001505 0.625801 0.627932 0.000000
10592.90 0.626576 0.001292 0.625638 0.627513 0.000000
10597.90 0.625785 0.001827 0.624476 0.627094 0.000000
10602.90 0.624711 0.002773 0.622748 0.626675 0.000000
10607.91 0.623538 0.003845 0.620820 0.626255 0.000000
10612.91 0.622314 0.004980 0.618791 0.625836 0.000000
10617.91 0.621057 0.006171 0.616696 0.625417 0.000000
10622.91 0.619783 0.007377 0.614567 0.624999 0.000000
10627.91 0.624580 0.000000 0.000000 0.624580 0.000000
10632.91 0.624161 0.000000 0.000000 0.624161 0.000000
10637.91 0.623742 0.000000 0.000000 0.623742 0.000000
10642.92 0.623324 0.000000 0.000000 0.623324 0.000000
10647.92 0.622905 0.000000 0.000000 0.622905 0.000000
10652.92 0.622487 0.000000 0.000000 0.622487 0.000000
10657.92 0.622068 0.000000 0.000000 0.622068 0.000000
10662.92 0.621650 0.000000 0.000000 0.621650 0.000000
10667.92 0.621232 0.000000 0.000000 0.621232 0.000000
10672.92 0.620814 0.000000 0.000000 0.620814 0.000000
10677.92 0.620396 0.000000 0.000000 0.620396 0.000000
10682.93 0.619978 0.000000 0.000000 0.619978 0.000000
10687.93 0.619560 0.000000 0.000000 0.619560 0.000000
10692.93 0.619143 0.000000 0.000000 0.619143 0.000000
10697.93 0.618725 0.000000 0.000000 0.618725 0.000000
10702.93 0.618308 0.000000 0.000000 0.618308 0.000000
10707.93 0.617890 0.000000 0.000000 0.617890 0.000000
10712.93 0.617473 0.000000 0.000000 0.617473 0.000000
10717.94 0.617056 0.000000 0.000000 0.617056 0.000000
10722.94 0.616639 0.000000 0.000000 0.616639 0.000000
10727.94 0.616222 0.000000 0.000000 0.616222 0.000000
10732.94 0.615805 0.000000 0.000000 0.615805 0.000000
10737.94 0.615388 0.000000 0.000000 0.615388 0.000000
10742.94 0.614972 0.000000 0.000000 0.614972 0.000000
10747.94 0.614555 0.000000 0.000000 0.614555 0.000000
10752.95 0.614139 0.000000 0.000000 0.614139 0.000000
10757.95 0.613722 0.000000 0.000000 0.613722 0.000000
10762.95 0.613306 0.000000 0.000000 0.613306 0.000000
10767.95 0.612890 0.000000 0.000000 0.612890 0.000000
10772.95 0.612474 0.000000 0.000000 0.612474 0.000000
10777.95 0.612058 0.000000 0.000000 0.612058 0.000000
10782.95 0.611642 0.000000 0.000000 0.611642 0.000000
10787.95 0.611226 0.000000 0.000000 0.611226 0.000000
10792.96 0.610811 0.000000 0.000000 0.610811 0.000000
10797.96 0.610395 0.000000 0.000000 0.610395 0.000000
10802.96 0.609980 0.000000 0.000000 0.609980 0.000000
10807.96 0.609565 0.000000 0.000000 0.609565 0.000000
10812.96 0.609150 0.000000 0.000000 0.609150 0.000000
10817.96 0.608735 0.000000 0.000000 0.608735 0.000000
10822.96 0.608320 0.000000 0.000000 0.608320 0.000000
10827.97 0.607906 0.000000 0.000000 0.607906 0.000000
10832.97 0.607491 0.000000 0.000000 0.607491 0.000000
10837.97 0.607077 0.000000 0.000000 0.607077 0.000000
10842.97 0.606662 0.000000 0.000000 0.606662 0.000000
10847.97 0.606248 0.000000 0.000000 0.606248 0.000000
10852.97 0.605834 0.000000 0.000000 0.605834 0.000000
10857.97 0.605420 0.000000 0.000000 0.605420 0.000000
10862.97 0.605006 0.000000 0.000000 0.605006 0.000000
10867.98 0.604593 0.000000 0.000000 0.604593 0.000000
10872.98 0.604179 0.000000 0.000000 0.604179 0.000000
10877.98 0.603766 0.000000 0.000000 0.603766 0.000000
10882.98 0.603352 0.000000 0.000000 0.603352 0.000000
10887.98 0.602939 0.000000 0.000000 0.602939 0.000000
10892.98 0.602526 0.000000 0.000000 0.602526 0.000000
10897.98 0.602113 0.000000 0.000000 0.602113 0.000000
10902.99 0.601701 0.000000 0.000000 0.601701 0.000000
10907.99 0.601288 0.000000 0.000000 0.601288 0.000000
10912.99 0.600876 0.000000 0.000000 0.600876 0.000000
10917.99 0.600463 0.000000 0.000000 0.600463 0.000000
10922.99 0.600051 0.000000 0.000000 0.600051 0.000000
10927.99 0.599639 0.000000 0.000000 0.599639 0.000000
10932.99 0.599227 0.000000 0.000000 0.599227 0.000000
10938.00 0.598816 0.000000 0.000000 0.598816 0.000000
10943.00 0.598404 0.000000 0.000000 0.598404 0.000000
10948.00 0.597993 0.000000 0.000000 0.597993 0.000000
10953.00 0.597581 0.000000 0.000000 0.597581 0.000000
10958.00 0.597170 0.000000 0.000000 0.597170 0.000000
10963.00 0.596759 0.000000 0.000000 0.596759 0.000000
10968.00 0.596349 0.000000 0.000000 0.596349 0.000000
10973.00 0.595938 0.000000 0.000000 0.595938 0.000000
10978.01 0.595528 0.000000 0.000000 0.595528 0.000000
10983.01 0.595117 0.000000 0.000000 0.595117 0.000000
10988.01 0.594707 0.000000 0.000000 0.594707 0.000000
10993.01 0.594297 0.000000 0.000000 0.594297 0.000000
10998.01 0.593887 0.000000 0.000000 0.593887 0.000000
11003.01 0.593477 0.000000 0.000000 0.593477 0.000000
11008.01 0.593068 0.000000 0.000000 0.593068 0.000000
11013.02 0.592659 0.000000 0.000000 0.592659 0.000000
11018.02 0.592249 0.000000 0.000000 0.592249 0.000000
11023.02 0.591840 0.000000 0.000000 0.591840 0.000000
11028.02 0.591431 0.000000 0.000000 0.591431 0.000000
11033.02 0.591023 0.000000 0.000000 0.591023 0.000000
11038.02 0.590614 0.000000 0.000000 0.590614 0.000000
11043.02 0.590206 0.000000 0.000000 0.590206 0.000000
11048.03 0.589798 0.000000 0.000000 0.589798 0.000000
11053.03 0.589390 0.000000 0.000000 0.589390 0.000000
11058.03 0.588982 0.000000 0.000000 0.588982 0.000000
11063.03 0.588574 0.000000 0.000000 0.588574 0.000000
11068.03 0.588167 0.000000 0.000000 0.588167 0.000000
11073.03 0.587759 0.000000 0.000000 0.587759 0.000000
11078.03 0.587352 0.000000 0.000000 0.587352 0.000000
11083.03 0.586945 0.000000 0.000000 0.586945 0.000000
11088.04 0.586538 0.000000 0.000000 0.586538 0.000000
11093.04 0.586132 0.000000 0.000000 0.586132 0.000000
11098.04 0.585725 0.000000 0.000000 0.585725 0.000000
11103.04 0.585319 0.000000 0.000000 0.585319 0.000000
11108.04 0.584913 0.000000 0.000000 0.584913 0.000000
11113.04 0.584507 0.000000 0.000000 0.584507 0.000000
11118.04 0.584102 0.000000 0.000000 0.584102 0.000000
11123.05 0.583696 0.000000 0.000000 0.583696 0.000000
11128.05 0.583291 0.000000 0.000000 0.583291 0.000000
11133.05 0.582886 0.000000 0.000000 0.582886 0.000000
11138.05 0.582481 0.000000 0.000000 0.582481 0.000000
11143.05 0.582076 0.000000 0.000000 0.582076 0.000000
11148.05 0.581671 0.000000 0.000000 0.581671 0.000000
11153.05 0.581267 0.000000 0.000000 0.581267 0.000000
11158.05 0.580863 0.000000 0.000000 0.580863 0.000000
11163.06 0.580459 0.000000 0.000000 0.580459 0.000000
11168.06 0.580055 0.000000 0.000000 0.580055 0.000000
11173.06 0.579652 0.000000 0.000000 0.579652 0.000000
11178.06 0.579248 0.000000 0.000000 0.579248 0.000000
11183.06 0.578845 0.000000 0.000000 0.578845 0.000000
11188.06 0.578442 0.000000 0.000000 0.578442 0.000000
11193.06 0.578039 0.000000 0.000000 0.578039 0.000000
11198.07 0.577637 0.000000 0.000000 0.577637 0.000000
11203.07 0.577234 0.000000 0.000000 0.577234 0.000000
11208.07 0.576832 0.000000 0.000000 0.576832 0.000000
11213.07 0.576430 0.000000 0.000000 0.576430 0.000000
11218.07 0.576028 0.000000 0.000000 0.576028 0.000000
11223.07 0.575627 0.000000 0.000000 0.575627 0.000000
11228.07 0.575226 0.000000 0.000000 0.575226 0.000000
11233.08 0.574824 0.000000 0.000000 0.574824 0.000000
11238.08 0.574424 0.000000 0.000000 0.574424 0.000000
11243.08 0.574023 0.000000 0.000000 0.574023 0.000000
11248.08 0.573622 0.000000 0.000000 0.573622 0.000000
11253.08 0.573222 0.000000 0.000000 0.573222 0.000000
11258.08 0.572822 0.000000 0.000000 0.572822 0.000000
11263.08 0.572422 0.000000 0.000000 0.572422 0.000000
11268.08 0.572023 0.000000 0.000000 0.572023 0.000000
11273.09 0.571623 0.000000 0.000000 0.571623 0.000000
11278.09 0.571224 0.000000 0.000000 0.571224 0.000000
11283.09 0.570825 0.000000 0.000000 0.570825 0.000000
11288.09 0.570426 0.000000 0.000000 0.570426 0.000000
11293.09 0.570028 0.000000 0.000000 0.570028 0.000000
11298.09 0.569630 0.000000 0.000000 0.569630 0.000000
11303.09 0.569232 0.000000 0.000000 0.569232 0.000000
11308.10 0.568834 0.000000 0.000000 0.568834 0.000000
11313.10 0.568436 0.000000 0.000000 0.568436 0.000000
11318.10 0.568039 0.000000 0.000000 0.568039 0.000000
11323.10 0.567641 0.000000 0.000000 0.567641 0.000000
11328.10 0.567245 0.000000 0.000000 0.567245 0.000000
11333.10 0.566848 0.000000 0.000000 0.566848 0.000000
11338.10 0.566451 0.000000 0.000000 0.566451 0.000000
11343.11 0.566055 0.000000 0.000000 0.566055 0.000000
11348.11 0.565659 0.000000 0.000000 0.565659 0.000000
11353.11 0.565264 0.000000 0.000000 0.565264 0.000000
11358.11 0.564868 0.000000 0.000000 0.564868 0.000000
11363.11 0.564473 0.000000 0.000000 0.564473 0.000000
11368.11 0.564078 0.000000 0.000000 0.564078 0.000000
11373.11 0.563683 0.000000 0.000000 0.563683 0.000000
11378.11 0.563288 0.000000 0.000000 0.563288 0.000000
11383.12 0.562894 0.000000 0.000000 0.562894 0.000000
11388.12 0.562500 0.000000 0.000000 0.562500 0.000000
11393.12 0.562106 0.000000 0.000000 0.562106 0.000000
11398.12 0.561713 0.000000 0.000000 0.561713 0.000000
11403.12 0.561319 0.000000 0.000000 0.561319 0.000000
11408.12 0.560926 0.000000 0.000000 0.560926 0.000000
11413.12 0.560533 0.000000 0.000000 0.560533 0.000000
11418.13 0.560141 0.000000 0.000000 0.560141 0.000000
11423.13 0.559748 0.000000 0.000000 0.559748 0.000000
11428.13 0.559356 0.000000 0.000000 0.559356 0.000000
11433.13 0.558964 0.000000 0.000000 0.558964 0.000000
11438.13 0.558573 0.000000 0.000000 0.558573 0.000000
11443.13 0.558182 0.000000 0.000000 0.558182 0.000000
11448.13 0.557790 0.000000 0.000000 0.557790 0.000000
11453.14 0.557400 0.000000 0.000000 0.557400 0.000000
11458.14 0.557009 0.000000 0.000000 0.557009 0.000000
11463.14 0.556619 0.000000 0.000000 0.556619 0.000000
11468.14 0.556229 0.000000 0.000000 0.556229 0.000000
11473.14 0.555839 0.000000 0.000000 0.555839 0.000000
11478.14 0.555449 0.000000 0.000000 0.555449 0.000000
11483.14 0.555060 0.000000 0.000000 0.555060 0.000000
11488.14 0.554671 0.000000 0.000000 0.554671 0.000000
11493.15 0.554282 0.000000 0.000000 0.554282 0.000000
11498.15 0.553894 0.000000 0.000000 0.553894 0.000000
11503.15 0.553506 0.000000 0.000000 0.553506 0.000000
11508.15 0.553118 0.000000 0.000000 0.553118 0.000000
11513.15 0.552730 0.000000 0.000000 0.552730 0.000000
11518.15 0.552343 0.000000 0.000000 0.552343 0.000000
11523.15 0.551956 0.000000 0.000000 0.551956 0.000000
11528.16 0.551569 0.000000 0.000000 0.551569 0.000000
11533.16 0.551182 0.000000 0.000000 0.551182 0.000000
11538.16 0.550796 0.000000 0.000000 0.550796 0.000000
11543.16 0.550410 0.000000 0.000000 0.550410 0.000000
11548.16 0.550024 0.000000 0.000000 0.550024 0.000000
11553.16 0.549639 0.000000 0.000000 0.549639 0.000000
11558.16 0.549254 0.000000 0.000000 0.549254 0.000000
11563.16 0.548869 0.000000 0.000000 0.548869 0.000000
11568.17 0.548484 0.000000 0.000000 0.548484 0.000000
11573.17 0.548100 0.000000 0.000000 0.548100 0.000000
11578.17 0.547716 0.000000 0.000000 0.547716 0.000000
11583.17 0.547332 0.000000 0.000000 0.547332 0.000000
11588.17 0.546949 0.000000 0.000000 0.546949 0.000000
11593.17 0.546566 0.000000 0.000000 0.546566 0.000000
11598.17 0.546183 0.000000 0.000000 0.546183 0.000000
11603.18 0.545800 0.000000 0.000000 0.545800 0.000000
11608.18 0.545418 0.000000 0.000000 0.545418 0.000000
11613.18 0.545036 0.000000 0.000000 0.545036 0.000000
11618.18 0.544654 0.000000 0.000000 0.544654 0.000000
11623.18 0.544273 0.000000 0.000000 0.544273 0.000000
11628.18 0.543891 0.000000 0.000000 0.543891 0.000000
11633.18 0.543511 0.000000 0.000000 0.543511 0.000000
11638.19 0.543130 0.000000 0.000000 0.543130 0.000000
11643.19 0.542750 0.000000 0.000000 0.542750 0.000000
11648.19 0.542370 0.000000 0.000000 0.542370 0.000000
11653.19 0.541990 0.000000 0.000000 0.541990 0.000000
11658.19 0.541611 0.000000 0.000000 0.541611 0.000000
11663.19 0.541232 0.000000 0.000000 0.541232 0.000000
11668.19 0.540853 0.000000 0.000000 0.540853 0.000000
11673.19 0.540475 0.000000 0.000000 0.540475 0.000000
11678.20 0.540096 0.000000 0.000000 0.540096 0.000000
11683.20 0.539719 0.000000 0.000000 0.539719 0.000000
11688.20 0.539341 0.000000 0.000000 0.539341 0.000000
11693.20 0.538964 0.000000 0.000000 0.538964 0.000000
11698.20 0.538587 0.000000 0.000000 0.538587 0.000000
11703.20 0.538210 0.000000 0.000000 0.538210 0.000000
11708.20 0.537834 0.000000 0.000000 0.537834 0.000000
11713.21 0.537458 0.000000 0.000000 0.537458 0.000000
11718.21 0.537082 0.000000 0.000000 0.537082 0.000000
11723.21 0.536707 0.000000 0.000000 0.536707 0.000000
11728.21 0.536332 0.000000 0.000000 0.536332 0.000000
11733.21 0.535957 0.000000 0.000000 0.535957 0.000000
11738.21 0.535583 0.000000 0.000000 0.535583 0.000000
11743.21 0.535209 0.000000 0.000000 0.535209 0.000000
11748.22 0.534835 0.000000 0.000000 0.534835 0.000000
11753.22 0.534462 0.000000 0.000000 0.534462 0.000000
11758.22 0.534088 0.000000 0.000000 0.534088 0.000000
11763.22 0.533716 0.000000 0.000000 0.533716 0.000000
11768.22 0.533343 0.000000 0.000000 0.533343 0.000000
11773.22 0.532971 0.000000 0.000000 0.532971 0.000000
11778.22 0.532599 0.000000 0.000000 0.532599 0.000000
11783.22 0.532228 0.000000 0.000000 0.532228 0.000000
11788.23 0.531857 0.000000 0.000000 0.531857 0.000000
11793.23 0.531486 0.000000 0.000000 0.531486 0.000000
11798.23 0.531115 0.000000 0.000000 0.531115 0.000000
11803.23 0.530745 0.000000 0.000000 0.530745 0.000000
11808.23 0.530375 0.000000 0.000000 0.530375 0.000000
11813.23 0.530006 0.000000 0.000000 0.530006 0.000000
11818.23 0.529637 0.000000 0.000000 0.529637 0.000000
11823.24 0.529268 0.000000 0.000000 0.529268 0.000000
11828.24 0.528899 0.000000 0.000000 0.528899 0.000000
11833.24 0.528531 0.000000 0.000000 0.528531 0.000000
11838.24 0.528163 0.000000 0.000000 0.528163 0.000000
11843.24 0.527796 0.000000 0.000000 0.527796 0.000000
11848.24 0.527429 0.000000 0.000000 0.527429 0.000000
11853.24 0.527062 0.000000 0.000000 0.527062 0.000000
11858.24 0.526695 0.000000 0.000000 0.526695 0.000000
11863.25 0.526329 0.000000 0.000000 0.526329 0.000000
11868.25 0.525964 0.000000 0.000000 0.525964 0.000000
11873.25 0.525598 0.000000 0.000000 0.525598 0.000000
11878.25 0.525233 0.000000 0.000000 0.525233 0.000000
11883.25 0.524868 0.000000 0.000000 0.524868 0.000000
11888.25 0.524504 0.000000 0.000000 0.524504 0.000000
11893.25 0.524140 0.000000 0.000000 0.524140 0.000000
11898.26 0.523776 0.000000 0.000000 0.523776 0.000000
11903.26 0.523413 0.000000 0.000000 0.523413 0.000000
11908.26 0.523050 0.000000 0.000000 0.523050 0.000000
11913.26 0.522687 0.000000 0.000000 0.522687 0.000000
11918.26 0.522325 0.000000 0.000000 0.522325 0.000000
11923.26 0.521963 0.000000 0.000000 0.521963 0.000000
11928.26 0.521602 0.000000 0.000000 0.521602 0.000000
11933.27 0.521241 0.000000 0.000000 0.521241 0.000000
11938.27 0.520880 0.000000 0.000000 0.520880 0.000000
11943.27 0.520519 0.000000 0.000000 0.520519 0.000000
11948.27 0.520159 0.000000 0.000000 0.520159 0.000000
11953.27 0.519800 0.000000 0.000000 0.519800 0.000000
11958.27 0.519440 0.000000 0.000000 0.519440 0.000000
11963.27 0.519081 0.000000 0.000000 0.519081 0.000000
11968.27 0.518723 0.000000 0.000000 0.518723 0.000000
11973.28 0.518364 0.000000 0.000000 0.518364 0.000000
11978.28 0.518006 0.000000 0.000000 0.518006 0.000000
11983.28 0.517649 0.000000 0.000000 0.517649 0.000000
11988.28 0.517292 0.000000 0.000000 0.517292 0.000000
11993.28 0.516935 0.000000 0.000000 0.516935 0.000000
11998.28 0.516579 0.000000 0.000000 0.516579 0.000000
12003.28 0.516223 0.000000 0.000000 0.516223 0.000000
12008.29 0.515867 0.000000 0.000000 0.515867 0.000000
12013.29 0.515512 0.000000 0.000000 0.515512 0.000000
12018.29 0.515157 0.000000 0.000000 0.515157 0.000000
12023.29 0.514802 0.000000 0.000000 0.514802 0.000000
12028.29 0.514448 0.000000 0.000000 0.514448 0.000000
12033.29 0.514094 0.000000 0.000000 0.514094 0.000000
12038.29 0.513741 0.000000 0.000000 0.513741 0.000000
12043.30 0.513388 0.000000 0.000000 0.513388 0.000000
12048.30 0.513035 0.000000 0.000000 0.513035 0.000000
12053.30 0.512683 0.000000 0.000000 0.512683 0.000000
12058.30 0.512331 0.000000 0.000000 0.512331 0.000000
12063.30 0.511980 0.000000 0.000000 0.511980 0.000000
12068.30 0.511629 0.000000 0.000000 0.511629 0.000000
12073.30 0.511278 0.000000 0.000000 0.511278 0.000000
12078.30 0.510928 0.000000 0.000000 0.510928 0.000000
12083.31 0.510578 0.000000 0.000000 0.510578 0.000000
12088.31 0.510228 0.000000 0.000000 0.510228 0.000000
12093.31 0.509879 0.000000 0.000000 0.509879 0.000000
12098.31 0.509530 0.000000 0.000000 0.509530 0.000000
12103.31 0.509182 0.000000 0.000000 0.509182 0.000000
12108.31 0.508834 0.000000 0.000000 0.508834 0.000000
12113.31 0.508487 0.000000 0.000000 0.508487 0.000000
12118.32 0.508140 0.000000 0.000000 0.508140 0.000000
12123.32 0.507793 0.000000 0.000000 0.507793 0.000000
12128.32 0.507447 0.000000 0.000000 0.507447 0.000000
12133.32 0.507101 0.000000 0.000000 0.507101 0.000000
12138.32 0.506755 0.000000 0.000000 0.506755 0.000000
12143.32 0.506410 0.000000 0.000000 0.506410 0.000000
12148.32 0.506065 0.000000 0.000000 0.506065 0.000000
12153.33 0.505721 0.000000 0.000000 0.505721 0.000000
12158.33 0.505377 0.000000 0.000000 0.505377 0.000000
12163.33 0.505034 0.000000 0.000000 0.505034 0.000000
12168.33 0.504690 0.000000 0.000000 0.504690 0.000000
12173.33 0.504348 0.000000 0.000000 0.504348 0.000000
12178.33 0.504006 0.000000 0.000000 0.504006 0.000000
12183.33 0.503664 0.000000 0.000000 0.503664 0.000000
12188.33 0.503322 0.000000 0.000000 0.503322 0.000000
12193.34 0.502981 0.000000 0.000000 0.502981 0.000000
12198.34 0.502641 0.000000 0.000000 0.502641 0.000000
12203.34 0.502300 0.000000 0.000000 0.502300 0.000000
12208.34 0.501961 0.000000 0.000000 0.501961 0.000000
12213.34 0.501621 0.000000 0.000000 0.501621 0.000000
12218.34 0.501283 0.000000 0.000000 0.501283 0.000000
12223.34 0.500944 0.000000 0.000000 0.500944 0.000000
12228.35 0.500606 0.000000 0.000000 0.500606 0.000000
12233.35 0.500268 0.000000 0.000000 0.500268 0.000000
12238.35 0.499931 0.000000 0.000000 0.499931 0.000000
12243.35 0.499594 0.000000 0.000000 0.499594 0.000000
12248.35 0.499258 0.000000 0.000000 0.499258 0.000000
12253.35 0.498922 0.000000 0.000000 0.498922 0.000000
12258.35 0.498586 0.000000 0.000000 0.498586 0.000000
12263.35 0.498251 0.000000 0.000000 0.498251 0.000000
12268.36 0.497916 0.000000 0.000000 0.497916 0.000000
12273.36 0.497582 0.000000 0.000000 0.497582 0.000000
12278.36 0.497248 0.000000 0.000000 0.497248 0.000000
12283.36 0.496914 0.000000 0.000000 0.496914 0.000000
12288.36 0.496581 0.000000 0.000000 0.496581 0.000000
12293.36 0.496249 0.000000 0.000000 0.496249 0.000000
12298.36 0.495916 0.000000 0.000000 0.495916 0.000000
12303.37 0.495584 0.000000 0.000000 0.495584 0.000000
12308.37 0.495253 0.000000 0.000000 0.495253 0.000000
12313.37 0.494922 0.000000 0.000000 0.494922 0.000000
12318.37 0.494591 0.000000 0.000000 0.494591 0.000000
12323.37 0.494261 0.000000 0.000000 0.494261 0.000000
12328.37 0.493931 0.000000 0.000000 0.493931 0.000000
12333.37 0.493602 0.000000 0.000000 0.493602 0.000000
12338.38 0.493273 0.000000 0.000000 0.493273 0.000000
12343.38 0.492944 0.000000 0.000000 0.492944 0.000000
12348.38 0.492616 0.000000 0.000000 0.492616 0.000000
12353.38 0.492288 0.000000 0.000000 0.492288 0.000000
12358.38 0.491961 0.000000 0.000000 0.491961 0.000000
12363.38 0.491634 0.000000 0.000000 0.491634 0.000000
12368.38 0.491307 0.000000 0.000000 0.491307 0.000000
12373.38 0.490981 0.000000 0.000000 0.490981 0.000000
12378.39 0.490655 0.000000 0.000000 0.490655 0.000000
12383.39 0.490330 0.000000 0.000000 0.490330 0.000000
12388.39 0.490005 0.000000 0.000000 0.490005 0.000000
12393.39 0.489680 0.000000 0.000000 0.489680 0.000000
12398.39 0.489356 0.000000 0.000000 0.489356 0.000000
12403.39 0.489032 0.000000 0.000000 0.489032 0.000000
12408.39 0.488709 0.000000 0.000000 0.488709 0.000000
12413.40 0.488386 0.000000 0.000000 0.488386 0.000000
12418.40 0.488063 0.000000 0.000000 0.488063 0.000000
12423.40 0.487741 0.000000 0.000000 0.487741 0.000000
12428.40 0.487419 0.000000 0.000000 0.487419 0.000000
12433.40 0.487098 0.000000 0.000000 0.487098 0.000000
12438.40 0.486777 0.000000 0.000000 0.486777 0.000000
12443.40 0.486456 0.000000 0.000000 0.486456 0.000000
12448.41 0.486136 0.000000 0.000000 0.486136 0.000000
12453.41 0.485816 0.000000 0.000000 0.485816 0.000000
12458.41 0.485497 0.000000 0.000000 0.485497 0.000000
12463.41 0.485178 0.000000 0.000000 0.485178 0.000000
12468.41 0.484859 0.000000 0.000000 0.484859 0.000000
12473.41 0.484541 0.000000 0.000000 0.484541 0.000000
12478.41 0.484223 0.000000 0.000000 0.484223 0.000000
12483.41 0.483906 0.000000 0.000000 0.483906 0.000000
12488.42 0.483589 0.000000 0.000000 0.483589 0.000000
12493.42 0.483272 0.000000 0.000000 0.483272 0.000000
12498.42 0.482956 0.000000 0.000000 0.482956 0.000000
12503.42 0.482640 0.000000 0.000000 0.482640 0.000000
12508.42 0.482324 0.000000 0.000000 0.482324 0.000000
12513.42 0.482009 0.000000 0.000000 0.482009 0.000000
12518.42 0.481694 0.000000 0.000000 0.481694 0.000000
12523.43 0.481380 0.000000 0.000000 0.481380 0.000000
12528.43 0.481066 0.000000 0.000000 0.481066 0.000000
12533.43 0.480752 0.000000 0.000000 0.480752 0.000000
12538.43 0.480439 0.000000 0.000000 0.480439 0.000000
12543.43 0.480127 0.000000 0.000000 0.480127 0.000000
12548.43 0.479814 0.000000 0.000000 0.479814 0.000000
12553.43 0.479502 0.000000 0.000000 0.479502 0.000000
12558.44 0.479190 0.000000 0.000000 0.479190 0.000000
12563.44 0.478879 0.000000 0.000000 0.478879 0.000000
12568.44 0.478568 0.000000 0.000000 0.478568 0.000000
12573.44 0.478258 0.000000 0.000000 0.478258 0.000000
12578.44 0.477947 0.000000 0.000000 0.477947 0.000000
12583.44 0.477638 0.000000 0.000000 0.477638 0.000000
12588.44 0.477328 0.000000 0.000000 0.477328 0.000000
12593.44 0.477019 0.000000 0.000000 0.477019 0.000000
12598.45 0.476711 0.000000 0.000000 0.476711 0.000000
12603.45 0.476402 0.000000 0.000000 0.476402 0.000000
12608.45 0.476095 0.000000 0.000000 0.476095 0.000000
12613.45 0.475787 0.000000 0.000000 0.475787 0.000000
12618.45 0.475480 0.000000 0.000000 0.475480 0.000000
12623.45 0.475173 0.000000 0.000000 0.475173 0.000000
12628.45 0.474867 0.000000 0.000000 0.474867 0.000000
12633.46 0.474561 0.000000 0.000000 0.474561 0.000000
12638.46 0.474255 0.000000 0.000000 0.474255 0.000000
12643.46 0.473950 0.000000 0.000000 0.473950 0.000000
12648.46 0.473645 0.000000 0.000000 0.473645 0.000000
12653.46 0.473341 0.000000 0.000000 0.473341 0.000000
12658.46 0.473036 0.000000 0.000000 0.473036 0.000000
12663.46 0.472733 0.000000 0.000000 0.472733 0.000000
12668.46 0.472429 0.000000 0.000000 0.472429 0.000000
12673.47 0.472126 0.000000 0.000000 0.472126 0.000000
12678.47 0.471824 0.000000 0.000000 0.471824 0.000000
12683.47 0.471521 0.000000 0.000000 0.471521 0.000000
12688.47 0.471219 0.000000 0.000000 0.471219 0.000000
12693.47 0.470918 0.000000 0.000000 0.470918 0.000000
12698.47 0.470617 0.000000 0.000000 0.470617 0.000000
12703.47 0.470316 0.000000 0.000000 0.470316 0.000000
12708.48 0.470015 0.000000 0.000000 0.470015 0.000000
12713.48 0.469715 0.000000 0.000000 0.469715 0.000000
12718.48 0.469415 0.000000 0.000000 0.469415 0.000000
12723.48 0.469116 0.000000 0.000000 0.469116 0.000000
12728.48 0.468817 0.000000 0.000000 0.468817 0.000000
12733.48 0.468518 0.000000 0.000000 0.468518 0.000000
12738.48 0.468220 0.000000 0.000000 0.468220 0.000000
12743.49 0.467922 0.000000 0.000000 0.467922 0.000000
12748.49 0.467625 0.000000 0.000000 0.467625 0.000000
12753.49 0.467327 0.000000 0.000000 0.467327 0.000000
12758.49 0.467031 0.000000 0.000000 0.467031 0.000000
12763.49 0.466734 0.000000 0.000000 0.466734 0.000000
12768.49 0.466438 0.000000 0.000000 0.466438 0.000000
12773.49 0.466142 0.000000 0.000000 0.466142 0.000000
12778.49 0.465847 0.000000 0.000000 0.465847 0.000000
12783.50 0.465552 0.000000 0.000000 0.465552 0.000000
12788.50 0.465257 0.000000 0.000000 0.465257 0.000000
12793.50 0.464963 0.000000 0.000000 0.464963 0.000000
12798.50 0.464669 0.000000 0.000000 0.464669 0.000000
12803.50 0.464375 0.000000 0.000000 0.464375 0.000000
12808.50 0.464082 0.000000 0.000000 0.464082 0.000000
12813.50 0.463789 0.000000 0.000000 0.463789 0.000000
12818.51 0.463497 0.000000 0.000000 0.463497 0.000000
12823.51 0.463204 0.000000 0.000000 0.463204 0.000000
12828.51 0.462912 0.000000 0.000000 0.462912 0.000000
12833.51 0.462621 0.000000 0.000000 0.462621 0.000000
12838.51 0.462330 0.000000 0.000000 0.462330 0.000000
12843.51 0.462039 0.000000 0.000000 0.462039 0.000000
12848.51 0.461749 0.000000 0.000000 0.461749 0.000000
12853.52 0.461458 0.000000 0.000000 0.461458 0.000000
12858.52 0.461169 0.000000 0.000000 0.461169 0.000000
12863.52 0.460879 0.000000 0.000000 0.460879 0.000000
12868.52 0.460590 0.000000 0.000000 0.460590 0.000000
12873.52 0.460302 0.000000 0.000000 0.460302 0.000000
12878.52 0.460013 0.000000 0.000000 0.460013 0.000000
12883.52 0.459725 0.000000 0.000000 0.459725 0.000000
12888.52 0.459437 0.000000 0.000000 0.459437 0.000000
12893.53 0.459150 0.000000 0.000000 0.459150 0.000000
12898.53 0.458863 0.000000 0.000000 0.458863 0.000000
12903.53 0.458577 0.000000 0.000000 0.458577 0.000000
12908.53 0.458290 0.000000 0.000000 0.458290 0.000000
12913.53 0.458004 0.000000 0.000000 0.458004 0.000000
12918.53 0.457719 0.000000 0.000000 0.457719 0.000000
12923.53 0.457433 0.000000 0.000000 0.457433 0.000000
12928.54 0.457149 0.000000 0.000000 0.457149 0.000000
12933.54 0.456864 0.000000 0.000000 0.456864 0.000000
12938.54 0.456580 0.000000 0.000000 0.456580 0.000000
12943.54 0.456296 0.000000 0.000000 0.456296 0.000000
12948.54 0.456012 0.000000 0.000000 0.456012 0.000000
12953.54 0.455729 0.000000 0.000000 0.455729 0.000000
12958.54 0.455446 0.000000 0.000000 0.455446 0.000000
12963.55 0.455164 0.000000 0.000000 0.455164 0.000000
12968.55 0.454881 0.000000 0.000000 0.454881 0.000000
12973.55 0.454599 0.000000 0.000000 0.454599 0.000000
12978.55 0.454318 0.000000 0.000000 0.454318 0.000000
12983.55 0.454037 0.000000 0.000000 0.454037 0.000000
12988.55 0.453756 0.000000 0.000000 0.453756 0.000000
12993.55 0.453475 0.000000 0.000000 0.453475 0.000000
12998.55 0.453195 0.000000 0.000000 0.453195 0.000000
13003.56 0.452915 0.000000 0.000000 0.452915 0.000000
13008.56 0.452636 0.000000 0.000000 0.452636 0.000000
13013.56 0.452356 0.000000 0.000000 0.452356 0.000000
13018.56 0.452078 0.000000 0.000000 0.452078 0.000000
13023.56 0.451799 0.000000 0.000000 0.451799 0.000000
13028.56 0.451521 0.000000 0.000000 0.451521 0.000000
13033.56 0.451243 0.000000 0.000000 0.451243 0.000000
13038.57 0.450965 0.000000 0.000000 0.450965 0.000000
13043.57 0.450688 0.000000 0.000000 0.450688 0.000000
13048.57 0.450411 0.000000 0.000000 0.450411 0.000000
13053.57 0.450135 0.000000 0.000000 0.450135 0.000000
13058.57 0.449858 0.000000 0.000000 0.449858 0.000000
13063.57 0.449583 0.000000 0.000000 0.449583 0.000000
13068.57 0.449307 0.000000 0.000000 0.449307 0.000000
13073.57 0.449032 0.000000 0.000000 0.449032 0.000000
13078.58 0.448757 0.000000 0.000000 0.448757 0.000000
13083.58 0.448482 0.000000 0.000000 0.448482 0.000000
13088.58 0.448208 0.000000 0.000000 0.448208 0.000000
13093.58 0.447934 0.000000 0.000000 0.447934 0.000000
13098.58 0.447660 0.000000 0.000000 0.447660 0.000000
13103.58 0.447387 0.000000 0.000000 0.447387 0.000000
13108.58 0.447114 0.000000 0.000000 0.447114 0.000000
13113.59 0.446841 0.000000 0.000000 0.446841 0.000000
13118.59 0.446569 0.000000 0.000000 0.446569 0.000000
13123.59 0.446297 0.000000 0.000000 0.446297 0.000000
13128.59 0.446025 0.000000 0.000000 0.446025 0.000000
13133.59 0.445753 0.000000 0.000000 0.445753 0.000000
13138.59 0.445482 0.000000 0.000000 0.445482 0.000000
13143.59 0.445212 0.000000 0.000000 0.445212 0.000000
13148.60 0.444941 0.000000 0.000000 0.444941 0.000000
13153.60 0.444671 0.000000 0.000000 0.444671 0.000000
13158.60 0.444401 0.000000 0.000000 0.444401 0.000000
13163.60 0.444132 0.000000 0.000000 0.444132 0.000000
13168.60 0.443862 0.000000 0.000000 0.443862 0.000000
13173.60 0.443594 0.000000 0.000000 0.443594 0.000000
13178.60 0.443325 0.000000 0.000000 0.443325 0.000000
13183.60 0.443057 0.000000 0.000000 0.443057 0.000000
13188.61 0.442789 0.000000 0.000000 0.442789 0.000000
13193.61 0.442521 0.000000 0.000000 0.442521 0.000000
13198.61 0.442254 0.000000 0.000000 0.442254 0.000000
13203.61 0.441987 0.000000 0.000000 0.441987 0.000000
13208.61 0.441720 0.000000 0.000000 0.441720 0.000000
13213.61 0.441454 0.000000 0.000000 0.441454 0.000000
13218.61 0.441188 0.000000 0.000000 0.441188 0.000000
13223.62 0.440922 0.000000 0.000000 0.440922 0.000000
13228.62 0.440656 0.000000 0.000000 0.440656 0.000000
13233.62 0.440391 0.000000 0.000000 0.440391 0.000000
13238.62 0.440126 0.000000 0.000000 0.440126 0.000000
13243.62 0.439862 0.000000 0.000000 0.439862 0.000000
13248.62 0.439597 0.000000 0.000000 0.439597 0.000000
13253.62 0.439334 0.000000 0.000000 0.439334 0.000000
13258.63 0.439070 0.000000 0.000000 0.439070 0.000000
13263.63 0.438807 0.000000 0.000000 0.438807 0.000000
13268.63 0.438544 0.000000 0.000000 0.438544 0.000000
13273.63 0.438281 0.000000 0.000000 0.438281 0.000000
13278.63 0.438018 0.000000 0.000000 0.438018 0.000000
13283.63 0.437756 0.000000 0.000000 0.437756 0.000000
13288.63 0.437494 0.000000 0.000000 0.437494 0.000000
13293.63 0.437233 0.000000 0.000000 0.437233 0.000000
13298.64 0.436972 0.000000 0.000000 0.436972 0.000000
13303.64 0.436711 0.000000 0.000000 0.436711 0.000000
13308.64 0.436450 0.000000 0.000000 0.436450 0.000000
13313.64 0.436190 0.000000 0.000000 0.436190 0.000000
13318.64 0.435930 0.000000 0.000000 0.435930 0.000000
13323.64 0.435670 0.000000 0.000000 0.435670 0.000000
13328.64 0.435411 0.000000 0.000000 0.435411 0.000000
13333.65 0.435151 0.000000 0.000000 0.435151 0.000000
13338.65 0.434893 0.000000 0.000000 0.434893 0.000000
13343.65 0.434634 0.000000 0.000000 0.434634 0.000000
13348.65 0.434376 0.000000 0.000000 0.434376 0.000000
13353.65 0.434118 0.000000 0.000000 0.434118 0.000000
13358.65 0.433860 0.000000 0.000000 0.433860 0.000000
13363.65 0.433603 0.000000 0.000000 0.433603 0.000000
13368.66 0.433346 0.000000 0.000000 0.433346 0.000000
13373.66 0.433089 0.000000 0.000000 0.433089 0.000000
13378.66 0.432832 0.000000 0.000000 0.432832 0.000000
13383.66 0.432576 0.000000 0.000000 0.432576 0.000000
13388.66 0.432320 0.000000 0.000000 0.432320 0.000000
13393.66 0.432065 0.000000 0.000000 0.432065 0.000000
13398.66 0.431809 0.000000 0.000000 0.431809 0.000000
13403.66 0.431554 0.000000 0.000000 0.431554 0.000000
13408.67 0.431300 0.000000 0.000000 0.431300 0.000000
13413.67 0.431045 0.000000 0.000000 0.431045 0.000000
13418.67 0.430791 0.000000 0.000000 0.430791 0.000000
13423.67 0.430537 0.000000 0.000000 0.430537 0.000000
13428.67 0.430283 0.000000 0.000000 0.430283 0.000000
13433.67 0.430030 0.000000 0.000000 0.430030 0.000000
13438.67 0.429777 0.000000 0.000000 0.429777 0.000000
13443.68 0.429524 0.000000 0.000000 0.429524 0.000000
13448.68 0.429272 0.000000 0.000000 0.429272 0.000000
13453.68 0.429020 0.000000 0.000000 0.429020 0.000000
13458.68 0.428768 0.000000 0.000000 0.428768 0.000000
13463.68 0.428516 0.000000 0.000000 0.428516 0.000000
13468.68 0.428265 0.000000 0.000000 0.428265 0.000000
13473.68 0.428014 0.000000 0.000000 0.428014 0.000000
13478.69 0.427763 0.000000 0.000000 0.427763 0.000000
13483.69 0.427512 0.000000 0.000000 0.427512 0.000000
13488.69 0.427262 0.000000 0.000000 0.427262 0.000000
13493.69 0.427012 0.000000 0.000000 0.427012 0.000000
13498.69 0.426762 0.000000 0.000000 0.426762 0.000000
13503.69 0.426513 0.000000 0.000000 0.426513 0.000000
13508.69 0.426264 0.000000 0.000000 0.426264 0.000000
13513.69 0.426015 0.000000 0.000000 0.426015 0.000000
13518.70 0.425766 0.000000 0.000000 0.425766 0.000000
13523.70 0.425518 0.000000 0.000000 0.425518 0.000000
13528.70 0.425270 0.000000 0.000000 0.425270 0.000000
13533.70 0.425022 0.000000 0.000000 0.425022 0.000000
13538.70 0.424775 0.000000 0.000000 0.424775 0.000000
13543.70 0.424528 0.000000 0.000000 0.424528 0.000000
13548.70 0.424281 0.000000 0.000000 0.424281 0.000000
13553.71 0.424034 0.000000 0.000000 0.424034 0.000000
13558.71 0.423788 0.000000 0.000000 0.423788 0.000000
13563.71 0.423542 0.000000 0.000000 0.423542 0.000000
13568.71 0.423296 0.000000 0.000000 0.423296 0.000000
13573.71 0.423050 0.000000 0.000000 0.423050 0.000000
13578.71 0.422805 0.000000 0.000000 0.422805 0.000000
13583.71 0.422560 0.000000 0.000000 0.422560 0.000000
13588.71 0.422315 0.000000 0.000000 0.422315 0.000000
13593.72 0.422070 0.000000 0.000000 0.422070 0.000000
13598.72 0.421826 0.000000 0.000000 0.421826 0.000000
13603.72 0.421582 0.000000 0.000000 0.421582 0.000000
13608.72 0.421339 0.000000 0.000000 0.421339 0.000000
13613.72 0.421095 0.000000 0.000000 0.421095 0.000000
13618.72 0.420852 0.000000 0.000000 0.420852 0.000000
13623.72 0.420609 0.000000 0.000000 0.420609 0.000000
13628.73 0.420366 0.000000 0.000000 0.420366 0.000000
13633.73 0.420124 0.000000 0.000000 0.420124 0.000000
13638.73 0.419882 0.000000 0.000000 0.419882 0.000000
13643.73 0.419640 0.000000 0.000000 0.419640 0.000000
13648.73 0.419398 0.000000 0.000000 0.419398 0.000000
13653.73 0.419157 0.000000 0.000000 0.419157 0.000000
13658.73 0.418916 0.000000 0.000000 0.418916 0.000000
13663.74 0.418675 0.000000 0.000000 0.418675 0.000000
13668.74 0.418435 0.000000 0.000000 0.418435 0.000000
13673.74 0.418194 0.000000 0.000000 0.418194 0.000000
13678.74 0.417954 0.000000 0.000000 0.417954 0.000000
13683.74 0.417714 0.000000 0.000000 0.417714 0.000000
13688.74 0.417475 0.000000 0.000000 0.417475 0.000000
13693.74 0.417236 0.000000 0.000000 0.417236 0.000000
13698.74 0.416997 0.000000 0.000000 0.416997 0.000000
13703.75 0.416758 0.000000 0.000000 0.416758 0.000000
13708.75 0.416519 0.000000 0.000000 0.416519 0.000000
13713.75 0.416281 0.000000 0.000000 0.416281 0.000000
13718.75 0.416043 0.000000 0.000000 0.416043 0.000000
13723.75 0.415805 0.000000 0.000000 0.415805 0.000000
13728.75 0.415568 0.000000 0.000000 0.415568 0.000000
13733.75 0.415330 0.000000 0.000000 0.415330 0.000000
13738.76 0.415093 0.000000 0.000000 0.415093 0.000000
13743.76 0.414857 0.000000 0.000000 0.414857 0.000000
13748.76 0.414620 0.000000 0.000000 0.414620 0.000000
13753.76 0.414384 0.000000 0.000000 0.414384 0.000000
13758.76 0.414148 0.000000 0.000000 0.414148 0.000000
13763.76 0.413912 0.000000 0.000000 0.413912 0.000000
13768.76 0.413677 0.000000 0.000000 0.413677 0.000000
13773.77 0.413441 0.000000 0.000000 0.413441 0.000000
13778.77 0.413206 0.000000 0.000000 0.413206 0.000000
13783.77 0.412972 0.000000 0.000000 0.412972 0.000000
13788.77 0.412737 0.000000 0.000000 0.412737 0.000000
13793.77 0.412503 0.000000 0.000000 0.412503 0.000000
13798.77 0.412269 0.000000 0.000000 0.412269 0.000000
13803.77 0.412035 0.000000 0.000000 0.412035 0.000000
13808.77 0.411802 0.000000 0.000000 0.411802 0.000000
13813.78 0.411568 0.000000 0.000000 0.411568 0.000000
13818.78 0.411335 0.000000 0.000000 0.411335 0.000000
13823.78 0.411102 0.000000 0.000000 0.411102 0.000000
13828.78 0.410870 0.000000 0.000000 0.410870 0.000000
13833.78 0.410637 0.000000 0.000000 0.410637 0.000000
13838.78 0.410405 0.000000 0.000000 0.410405 0.000000
13843.78 0.410173 0.000000 0.000000 0.410173 0.000000
13848.79 0.409942 0.000000 0.000000 0.409942 0.000000
13853.79 0.409710 0.000000 0.000000 0.409710 0.000000
13858.79 0.409479 0.000000 0.000000 0.409479 0.000000
13863.79 0.409248 0.000000 0.000000 0.409248 0.000000
13868.79 0.409018 0.000000 0.000000 0.409018 0.000000
13873.79 0.408787 0.000000 0.000000 0.408787 0.000000
13878.79 0.408557 0.000000 0.000000 0.408557 0.000000
13883.80 0.408327 0.000000 0.000000 0.408327 0.000000
13888.80 0.408097 0.000000 0.000000 0.408097 0.000000
13893.80 0.407868 0.000000 0.000000 0.407868 0.000000
13898.80 0.407639 0.000000 0.000000 0.407639 0.000000
13903.80 0.407410 0.000000 0.000000 0.407410 0.000000
13908.80 0.407181 0.000000 0.000000 0.407181 0.000000
13913.80 0.406952 0.000000 0.000000 0.406952 0.000000
13918.80 0.406724 0.000000 0.000000 0.406724 0.000000
13923.81 0.406496 0.000000 0.000000 0.406496 0.000000
13928.81 0.406268 0.000000 0.000000 0.406268 0.000000
13933.81 0.406040 0.000000 0.000000 0.406040 0.000000
13938.81 0.405813 0.000000 0.000000 0.405813 0.000000
13943.81 0.405586 0.000000 0.000000 0.405586 0.000000
13948.81 0.405359 0.000000 0.000000 0.405359 0.000000
13953.81 0.405132 0.000000 0.000000 0.405132 0.000000
13958.82 0.404905 0.000000 0.000000 0.404905 0.000000
13963.82 0.404679 0.000000 0.000000 0.404679 0.000000
13968.82 0.404453 0.000000 0.000000 0.404453 0.000000
13973.82 0.404227 0.000000 0.000000 0.404227 0.000000
13978.82 0.404002 0.000000 0.000000 0.404002 0.000000
13983.82 0.403776 0.000000 0.000000 0.403776 0.000000
13988.82 0.403551 0.000000 0.000000 0.403551 0.000000
13993.83 0.403326 0.000000 0.000000 0.403326 0.000000
13998.83 0.403102 0.000000 0.000000 0.403102 0.000000
14003.83 0.402877 0.000000 0.000000 0.402877 0.000000
14008.83 0.402653 0.000000 0.000000 0.402653 0.000000
14013.83 0.402429 0.000000 0.000000 0.402429 0.000000
14018.83 0.402205 0.000000 0.000000 0.402205 0.000000
14023.83 0.401981 0.000000 0.000000 0.401981 0.000000
14028.83 0.401758 0.000000 0.000000 0.401758 0.000000
14033.84 0.401535 0.000000 0.000000 0.401535 0.000000
14038.84 0.401312 0.000000 0.000000 0.401312 0.000000
14043.84 0.401089 0.000000 0.000000 0.401089 0.000000
14048.84 0.400867 0.000000 0.000000 0.400867 0.000000
14053.84 0.400644 0.000000 0.000000 0.400644 0.000000
14058.84 0.400422 0.000000 0.000000 0.400422 0.000000
14063.84 0.400200 0.000000 0.000000 0.400200 0.000000
14068.85 0.399979 0.000000 0.000000 0.399979 0.000000
14073.85 0.399757 0.000000 0.000000 0.399757 0.000000
14078.85 0.399536 0.000000 0.000000 0.399536 0.000000
14083.85 0.399315 0.000000 0.000000 0.399315 0.000000
14088.85 0.399094 0.000000 0.000000 0.399094 0.000000
14093.85 0.398873 0.000000 0.000000 0.398873 0.000000
14098.85 0.398653 0.000000 0.000000 0.398653 0.000000
14103.85 0.398433 0.000000 0.000000 0.398433 0.000000
14108.86 0.398213 0.000000 0.000000 0.398213 0.000000
14113.86 0.397993 0.000000 0.000000 0.397993 0.000000
14118.86 0.397774 0.000000 0.000000 0.397774 0.000000
14123.86 0.397554 0.000000 0.000000 0.397554 0.000000
14128.86 0.397335 0.000000 0.000000 0.397335 0.000000
14133.86 0.397116 0.000000 0.000000 0.397116 0.000000
14138.86 0.396898 0.000000 0.000000 0.396898 0.000000
14143.87 0.396679 0.000000 0.000000 0.396679 0.000000
14148.87 0.396461 0.000000 0.000000 0.396461 0.000000
14153.87 0.396243 0.000000 0.000000 0.396243 0.000000
14158.87 0.396025 0.000000 0.000000 0.396025 0.000000
14163.87 0.395807 0.000000 0.000000 0.395807 0.000000
14168.87 0.395590 0.000000 0.000000 0.395590 0.000000
14173.87 0.395372 0.000000 0.000000 0.395372 0.000000
14178.88 0.395155 0.000000 0.000000 0.395155 0.000000
14183.88 0.394938 0.000000 0.000000 0.394938 0.000000
14188.88 0.394722 0.000000 0.000000 0.394722 0.000000
14193.88 0.394505 0.000000 0.000000 0.394505 0.000000
14198.88 0.394289 0.000000 0.000000 0.394289 0.000000
14203.88 0.394073 0.000000 0.000000 0.394073 0.000000
14208.88 0.393857 0.000000 0.000000 0.393857 0.000000
14213.88 0.393641 0.000000 0.000000 0.393641 0.000000
14218.89 0.393426 0.000000 0.000000 0.393426 0.000000
14223.89 0.393210 0.000000 0.000000 0.393210 0.000000
14228.89 0.392995 0.000000 0.000000 0.392995 0.000000
14233.89 0.392780 0.000000 0.000000 0.392780 0.000000
14238.89 0.392566 0.000000 0.000000 0.392566 0.000000
14243.89 0.392351 0.000000 0.000000 0.392351 0.000000
14248.89 0.392137 0.000000 0.000000 0.392137 0.000000
14253.90 0.391923 0.000000 0.000000 0.391923 0.000000
14258.90 0.391709 0.000000 0.000000 0.391709 0.000000
14263.90 0.391495 0.000000 0.000000 0.391495 0.000000
14268.90 0.391282 0.000000 0.000000 0.391282 0.000000
14273.90 0.391068 0.000000 0.000000 0.391068 0.000000
14278.90 0.390855 0.000000 0.000000 0.390855 0.000000
14283.90 0.390642 0.000000 0.000000 0.390642 0.000000
14288.91 0.390429 0.000000 0.000000 0.390429 0.000000
14293.91 0.390217 0.000000 0.000000 0.390217 0.000000
14298.91 0.390004 0.000000 0.000000 0.390004 0.000000
14303.91 0.389792 0.000000 0.000000 0.389792 0.000000
14308.91 0.389580 0.000000 0.000000 0.389580 0.000000
14313.91 0.389368 0.000000 0.000000 0.389368 0.000000
14318.91 0.389157 0.000000 0.000000 0.389157 0.000000
14323.91 0.388945 0.000000 0.000000 0.388945 0.000000
14328.92 0.388734 0.000000 0.000000 0.388734 0.000000
14333.92 0.388523 0.000000 0.000000 0.388523 0.000000
14338.92 0.388312 0.000000 0.000000 0.388312 0.000000
14343.92 0.388101 0.000000 0.000000 0.388101 0.000000
14348.92 0.387891 0.000000 0.000000 0.387891 0.000000
14353.92 0.387680 0.000000 0.000000 0.387680 0.000000
14358.92 0.387470 0.000000 0.000000 0.387470 0.000000
14363.93 0.387260 0.000000 0.000000 0.387260 0.000000
14368.93 0.387050 0.000000 0.000000 0.387050 0.000000
14373.93 0.386841 0.000000 0.000000 0.386841 0.000000
14378.93 0.386631 0.000000 0.000000 0.386631 0.000000
14383.93 0.386422 0.000000 0.000000 0.386422 0.000000
14388.93 0.386213 0.000000 0.000000 0.386213 0.000000
14393.93 0.386004 0.000000 0.000000 0.386004 0.000000
14398.94 0.385795 0.000000 0.000000 0.385795 0.000000
14403.94 0.385587 0.000000 0.000000 0.385587 0.000000
14408.94 0.385378 0.000000 0.000000 0.385378 0.000000
14413.94 0.385170 0.000000 0.000000 0.385170 0.000000
14418.94 0.384962 0.000000 0.000000 0.384962 0.000000
14423.94 0.384754 0.000000 0.000000 0.384754 0.000000
14428.94 0.384546 0.000000 0.000000 0.384546 0.000000
14433.94 0.384339 0.000000 0.000000 0.384339 0.000000
14438.95 0.384132 0.000000 0.000000 0.384132 0.000000
14443.95 0.383924 0.000000 0.000000 0.383924 0.000000
14448.95 0.383717 0.000000 0.000000 0.383717 0.000000
14453.95 0.383511 0.000000 0.000000 0.383511 0.000000
14458.95 0.383304 0.000000 0.000000 0.383304 0.000000
14463.95 0.383097 0.000000 0.000000 0.383097 0.000000
14468.95 0.382891 0.000000 0.000000 0.382891 0.000000
14473.96 0.382685 0.000000 0.000000 0.382685 0.000000
14478.96 0.382479 0.000000 0.000000 0.382479 0.000000
14483.96 0.382273 0.000000 0.000000 0.382273 0.000000
14488.96 0.382068 0.000000 0.000000 0.382068 0.000000
14493.96 0.381862 0.000000 0.000000 0.381862 0.000000
14498.96 0.381657 0.000000 0.000000 0.381657 0.000000
14503.96 0.381452 0.000000 0.000000 0.381452 0.000000
14508.97 0.381247 0.000000 0.000000 0.381247 0.000000
14513.97 0.381042 0.000000 0.000000 0.381042 0.000000
14518.97 0.380837 0.000000 0.000000 0.380837 0.000000
14523.97 0.380633 0.000000 0.000000 0.380633 0.380633
14528.97 0.380428 0.000000 0.000000 0.380428 0.380428
14533.97 0.380224 0.000000 0.000000 0.380224 0.380224
14538.97 0.380020 0.000000 0.000000 0.380020 0.380020
14543.97 0.379816 0.000000 0.000000 0.379816 0.379816
14548.98 0.379613 0.000000 0.000000 0.379613 0.379613
14553.98 0.379409 0.000000 0.000000 0.379409 0.379409
14558.98 0.379206 0.000000 0.000000 0.379206 0.379206
14563.98 0.379003 0.000000 0.000000 0.379003 0.379003
14568.98 0.378800 0.000000 0.000000 0.378800 0.378800
14573.98 0.378597 0.000000 0.000000 0.378597 0.378597
14578.98 0.378394 0.000000 0.000000 0.378394 0.378394
14583.99 0.378192 0.000000 0.000000 0.378192 0.378192
14588.99 0.377989 0.000000 0.000000 0.377989 0.377989
14593.99 0.377787 0.000000 0.000000 0.377787 0.377787
14598.99 0.377585 0.000000 0.000000 0.377585 0.377585
14603.99 0.377383 0.000000 0.000000 0.377383 0.377383
14608.99 0.377181 0.000000 0.000000 0.377181 0.377181
14613.99 0.376980 0.000000 0.000000 0.376980 0.376980
14618.99 0.376778 0.000000 0.000000 0.376778 0.376778
14624.00 0.376577 0.000000 0.000000 0.376577 0.376577
14629.00 0.376376 0.000000 0.000000 0.376376 0.376376
14634.00 0.376175 0.000000 0.000000 0.376175 0.376175
14639.00 0.375974 0.000000 0.000000 0.375974 0.375974
14644.00 0.375773 0.000000 0.000000 0.375773 0.375773
14649.00 0.375572 0.000000 0.000000 0.375572 0.375572
14654.00 0.375372 0.000000 0.000000 0.375372 0.375372
14659.01 0.375172 0.000000 0.000000 0.375172 0.375172
14664.01 0.374972 0.000000 0.000000 0.374972 0.374972
14669.01 0.374772 0.000000 0.000000 0.374772 0.374772
14674.01 0.374572 0.000000 0.000000 0.374572 0.374572
14679.01 0.374372 0.000000 0.000000 0.374372 0.374372
14684.01 0.374173 0.000000 0.000000 0.374173 0.374173
14689.01 0.373973 0.000000 0.000000 0.373973 0.373973
14694.02 0.373774 0.000000 0.000000 0.373774 0.373774
14699.02 0.373575 0.000000 0.000000 0.373575 0.373575
14704.02 0.373376 0.000000 0.000000 0.373376 0.373376
14709.02 0.373177 0.000000 0.000000 0.373177 0.373177
14714.02 0.372207 0.000000 0.000000 0.372978 0.372207
14719.02 0.378258 0.000000 0.000000 0.372780 0.378258
14724.02 0.378258 0.000000 0.000000 0.372582 0.101578
14729.02 0.307122 0.000000 0.000000 0.372383 0.307122
14734.03 0.375839 0.000000 0.000000 0.372185 0.375839
14739.03 0.357938 0.000000 0.000000 0.371987 0.357938
14744.03 0.351482 0.000000 0.000000 0.371789 0.351482
14749.03 0.357795 0.000000 0.000000 0.371592 0.357795
14754.03 0.352529 0.000000 0.000000 0.371394 0.352529
14759.03 0.340800 0.000000 0.000000 0.371197 0.340800
14764.03 0.371390 0.000000 0.000000 0.370999 0.371390
14769.04 0.387431 0.000000 0.000000 0.370802 0.387431
14774.04 0.370937 0.000000 0.000000 0.370605 0.370937
14779.04 0.340240 0.000000 0.000000 0.370409 0.340240
14784.04 0.344561 0.000000 0.000000 0.370212 0.344561
14789.04 0.383359 0.000000 0.000000 0.370015 0.383359
14794.04 0.364519 0.000000 0.000000 0.369819 0.364519
14799.04 0.357250 0.000000 0.000000 0.369622 0.357250
14804.05 0.344925 0.000000 0.000000 0.369426 0.344925
14809.05 0.355240 0.000000 0.000000 0.369230 0.355240
14814.05 0.372277 0.000000 0.000000 0.369034 0.372277
14819.05 0.348788 0.000000 0.000000 0.368838 0.348788
14824.05 0.365276 0.000000 0.000000 0.368643 0.365276
14829.05 0.395234 0.000000 0.000000 0.368447 0.395234
14834.05 0.373786 0.000000 0.000000 0.368252 0.373786
14839.05 0.364414 0.000000 0.000000 0.368057 0.364414
14844.06 0.359923 0.000000 0.000000 0.367861 0.359923
14849.06 0.361801 0.000000 0.000000 0.367666 0.361801
14854.06 0.376821 0.000000 0.000000 0.367471 0.376821
14859.06 0.371185 0.000000 0.000000 0.367277 0.371185
14864.06 0.371210 0.000000 0.000000 0.367082 0.371210
14869.06 0.350728 0.000000 0.000000 0.366888 0.350728
14874.06 0.336148 0.000000 0.000000 0.366693 0.336148
14879.07 0.343596 0.000000 0.000000 0.366499 0.343596
14884.07 0.338467 0.000000 0.000000 0.366305 0.338467
14889.07 0.347154 0.000000 0.000000 0.366111 0.347154
14894.07 0.363466 0.000000 0.000000 0.365917 0.363466
14899.07 0.363509 0.000000 0.000000 0.365723 0.363509
14904.07 0.366432 0.000000 0.000000 0.365529 0.366432
14909.07 0.354704 0.000000 0.000000 0.365336 0.354704
14914.08 0.340297 0.000000 0.000000 0.365142 0.340297
14919.08 0.348734 0.000000 0.000000 0.364949 0.348734
14924.08 0.361509 0.000000 0.000000 0.364756 0.361509
14929.08 0.377553 0.000000 0.000000 0.364563 0.377553
14934.08 0.387405 0.000000 0.000000 0.364370 0.387405
14939.08 0.383516 0.000000 0.000000 0.364177 0.383516
14944.08 0.368556 0.000000 0.000000 0.363984 0.368556
14949.08 0.368963 0.000000 0.000000 0.363792 0.368963
14954.09 0.373953 0.000000 0.000000 0.363599 0.373953
14959.09 0.366572 0.000000 0.000000 0.363407 0.366572
14964.09 0.348887 0.000000 0.000000 0.363215 0.348887
14969.09 0.350641 0.000000 0.000000 0.363023 0.350641
14974.09 0.368161 0.000000 0.000000 0.362831 0.368161
14979.09 0.364645 0.000000 0.000000 0.362639 0.364645
14984.09 0.361775 0.000000 0.000000 0.362447 0.361775
14989.10 0.352315 0.000000 0.000000 0.362255 0.352315
14994.10 0.352659 0.000000 0.000000 0.362064 0.352659
14999.10 0.370800 0.000000 0.000000 0.361872 0.370800
15004.10 0.379691 0.000000 0.000000 0.361681 0.379691
15009.10 0.372337 0.000000 0.000000 0.361490 0.372337
15014.10 0.364755 0.000000 0.000000 0.361299 0.364755
15019.10 0.368612 0.000000 0.000000 0.361107 0.368612
15024.11 0.367204 0.000000 0.000000 0.360917 0.367204
15029.11 0.345916 0.000000 0.000000 0.360726 0.345916
15034.11 0.324023 0.000000 0.000000 0.360535 0.324023
15039.11 0.336610 0.000000 0.000000 0.360344 0.336610
15044.11 0.343306 0.000000 0.000000 0.360154 0.343306
15049.11 0.333076 0.000000 0.000000 0.359964 0.333076
15054.11 0.334913 0.000000 0.000000 0.359773 0.334913
15059.11 0.334570 0.000000 0.000000 0.359583 0.334570
15064.12 0.351155 0.000000 0.000000 0.359393 0.351155
15069.12 0.362549 0.000000 0.000000 0.359203 0.362549
15074.12 0.367900 0.000000 0.000000 0.359013 0.367900
15079.12 0.368026 0.000000 0.000000 0.358824 0.368026
15084.12 0.356418 0.000000 0.000000 0.358634 0.356418
15089.12 0.350672 0.000000 0.000000 0.358444 0.350672
15094.12 0.363344 0.000000 0.000000 0.358255 0.363344
15099.13 0.372904 0.000000 0.000000 0.358066 0.372904
15104.13 0.359199 0.000000 0.000000 0.357876 0.359199
15109.13 0.350287 0.000000 0.000000 0.357687 0.350287
15114.13 0.357832 0.000000 0.000000 0.357498 0.357832
15119.13 0.363893 0.000000 0.000000 0.357309 0.363893
15124.13 0.355233 0.000000 0.000000 0.357120 0.355233
15129.13 0.357969 0.000000 0.000000 0.356932 0.357969
15134.13 0.361030 0.000000 0.000000 0.356743 0.361030
15139.14 0.355989 0.000000 0.000000 0.356554 0.355989
15144.14 0.346673 0.000000 0.000000 0.356366 0.346673
15149.14 0.349270 0.000000 0.000000 0.356177 0.349270
15154.14 0.357562 0.000000 0.000000 0.355989 0.357562
15159.14 0.362514 0.000000 0.000000 0.355801 0.362514
15164.14 0.351296 0.000000 0.000000 0.355613 0.351296
15169.14 0.335508 0.000000 0.000000 0.355425 0.335508
15174.15 0.339850 0.000000 0.000000 0.355237 0.339850
15179.15 0.354923 0.000000 0.000000 0.355049 0.354923
15184.15 0.355249 0.000000 0.000000 0.354861 0.355249
15189.15 0.350151 0.000000 0.000000 0.354674 0.350151
15194.15 0.353837 0.000000 0.000000 0.354486 0.353837
15199.15 0.352966 0.000000 0.000000 0.354299 0.352966
15204.15 0.345305 0.000000 0.000000 0.354111 0.345305
15209.16 0.346510 0.000000 0.000000 0.353924 0.346510
15214.16 0.350481 0.000000 0.000000 0.353737 0.350481
15219.16 0.350021 0.000000 0.000000 0.353550 0.350021
15224.16 0.346869 0.000000 0.000000 0.353363 0.346869
15229.16 0.339132 0.000000 0.000000 0.353176 0.339132
15234.16 0.342676 0.000000 0.000000 0.352989 0.342676
15239.16 0.353149 0.000000 0.000000 0.352802 0.353149
15244.16 0.360286 0.000000 0.000000 0.352615 0.360286
15249.17 0.355923 0.000000 0.000000 0.352429 0.355923
15254.17 0.352345 0.000000 0.000000 0.352242 0.352345
15259.17 0.352906 0.000000 0.000000 0.352056 0.352906
15264.17 0.356375 0.000000 0.000000 0.351869 0.356375
15269.17 0.353627 0.000000 0.000000 0.351683 0.353627
15274.17 0.350729 0.000000 0.000000 0.351497 0.350729
15279.17 0.362475 0.000000 0.000000 0.351311 0.362475
15284.18 0.363941 0.000000 0.000000 0.351125 0.363941
15289.18 0.354741 0.000000 0.000000 0.350939 0.354741
15294.18 0.344311 0.000000 0.000000 0.350753 0.344311
15299.18 0.335274 0.000000 0.000000 0.350567 0.335274
15304.18 0.332057 0.000000 0.000000 0.350381 0.332057
15309.18 0.344047 0.000000 0.000000 0.350196 0.344047
15314.18 0.356554 0.000000 0.000000 0.350010 0.356554
15319.19 0.357121 0.000000 0.000000 0.349825 0.357121
15324.19 0.349149 0.000000 0.000000 0.349639 0.349149
15329.19 0.346990 0.000000 0.000000 0.349454 0.346990
15334.19 0.350909 0.000000 0.000000 0.349269 0.350909
15339.19 0.349564 0.000000 0.000000 0.349083 0.349564
15344.19 0.348740 0.000000 0.000000 0.348898 0.348740
15349.19 0.348966 0.000000 0.000000 0.348713 0.348966
15354.19 0.351070 0.000000 0.000000 0.348528 0.351070
15359.20 0.356063 0.000000 0.000000 0.348343 0.356063
15364.20 0.353686 0.000000 0.000000 0.348158 0.353686
15369.20 0.350224 0.000000 0.000000 0.347974 0.350224
15374.20 0.353591 0.000000 0.000000 0.347789 0.353591
15379.20 0.353336 0.000000 0.000000 0.347604 0.353336
15384.20 0.341734 0.000000 0.000000 0.347420 0.341734
15389.20 0.340216 0.000000 0.000000 0.347235 0.340216
15394.21 0.340758 0.000000 0.000000 0.347051 0.340758
15399.21 0.337884 0.000000 0.000000 0.346866 0.337884
15404.21 0.330131 0.000000 0.000000 0.346682 0.330131
15409.21 0.333240 0.000000 0.000000 0.346498 0.333240
15414.21 0.343857 0.000000 0.000000 0.346314 0.343857
15419.21 0.345015 0.000000 0.000000 0.346129 0.345015
15424.21 0.340052 0.000000 0.000000 0.345945 0.340052
15429.22 0.339414 0.000000 0.000000 0.345761 0.339414
15434.22 0.342179 0.000000 0.000000 0.345577 0.342179
15439.22 0.349227 0.000000 0.000000 0.345394 0.349227
15444.22 0.348735 0.000000 0.000000 0.345210 0.348735
15449.22 0.348620 0.000000 0.000000 0.345026 0.348620
15454.22 0.347311 0.000000 0.000000 0.344842 0.347311
15459.22 0.348174 0.000000 0.000000 0.344659 0.348174
15464.22 0.346761 0.000000 0.000000 0.344475 0.346761
15469.23 0.344148 0.000000 0.000000 0.344292 0.344148
15474.23 0.351012 0.000000 0.000000 0.344108 0.351012
15479.23 0.354015 0.000000 0.000000 0.343925 0.354015
15484.23 0.346313 0.000000 0.000000 0.343742 0.346313
15489.23 0.347191 0.000000 0.000000 0.343558 0.347191
15494.23 0.352652 0.000000 0.000000 0.343375 0.352652
15499.23 0.345244 0.000000 0.000000 0.343192 0.345244
15504.24 0.330225 0.000000 0.000000 0.343009 0.330225
15509.24 0.327546 0.000000 0.000000 0.342826 0.327546
15514.24 0.336512 0.000000 0.000000 0.342643 0.336512
15519.24 0.337672 0.000000 0.000000 0.342460 0.337672
15524.24 0.338108 0.000000 0.000000 0.342277 0.338108
15529.24 0.345302 0.000000 0.000000 0.342094 0.345302
15534.24 0.345244 0.000000 0.000000 0.341911 0.345244
15539.25 0.330360 0.000000 0.000000 0.341728 0.330360
15544.25 0.321598 0.000000 0.000000 0.341546 0.321598
15549.25 0.323251 0.000000 0.000000 0.341363 0.323251
15554.25 0.331691 0.000000 0.000000 0.341181 0.331691
15559.25 0.332952 0.000000 0.000000 0.340998 0.332952
15564.25 0.331077 0.000000 0.000000 0.340816 0.331077
15569.25 0.335384 0.000000 0.000000 0.340633 0.335384
15574.25 0.347901 0.000000 0.000000 0.340451 0.347901
15579.26 0.351467 0.000000 0.000000 0.340268 0.351467
15584.26 0.341013 0.000000 0.000000 0.340086 0.341013
15589.26 0.336927 0.000000 0.000000 0.339904 0.336927
15594.26 0.334179 0.000000 0.000000 0.339722 0.334179
15599.26 0.327214 0.000000 0.000000 0.339539 0.327214
15604.26 0.333034 0.000000 0.000000 0.339357 0.333034
15609.26 0.338314 0.000000 0.000000 0.339175 0.338314
15614.27 0.336699 0.000000 0.000000 0.338993 0.336699
15619.27 0.337437 0.000000 0.000000 0.338811 0.337437
15624.27 0.342647 0.000000 0.000000 0.338629 0.342647
15629.27 0.342538 0.000000 0.000000 0.338447 0.342538
15634.27 0.341644 0.000000 0.000000 0.338265 0.341644
15639.27 0.336728 0.000000 0.000000 0.338084 0.336728
15644.27 0.333766 0.000000 0.000000 0.337902 0.333766
15649.28 0.339033 0.000000 0.000000 0.337720 0.339033
15654.28 0.340762 0.000000 0.000000 0.337538 0.340762
15659.28 0.340932 0.000000 0.000000 0.337357 0.340932
15664.28 0.342776 0.000000 0.000000 0.337175 0.342776
15669.28 0.329674 0.000000 0.000000 0.336993 0.329674
15674.28 0.328283 0.000000 0.000000 0.336812 0.328283
15679.28 0.333338 0.000000 0.000000 0.336630 0.333338
15684.28 0.328768 0.000000 0.000000 0.336449 0.328768
15689.29 0.326997 0.000000 0.000000 0.336267 0.326997
15694.29 0.323364 0.000000 0.000000 0.336086 0.323364
15699.29 0.322509 0.000000 0.000000 0.335904 0.322509
15704.29 0.329212 0.000000 0.000000 0.335723 0.329212
15709.29 0.336413 0.000000 0.000000 0.335542 0.336413
15714.29 0.341253 0.000000 0.000000 0.335360 0.341253
15719.29 0.345373 0.000000 0.000000 0.335179 0.345373
15724.30 0.345775 0.000000 0.000000 0.334998 0.345775
15729.30 0.347065 0.000000 0.000000 0.334817 0.347065
15734.30 0.350697 0.000000 0.000000 0.334635 0.350697
15739.30 0.350066 0.000000 0.000000 0.334454 0.350066
15744.30 0.343543 0.000000 0.000000 0.334273 0.343543
15749.30 0.333416 0.000000 0.000000 0.334092 0.333416
15754.30 0.329723 0.000000 0.000000 0.333911 0.329723
15759.30 0.326792 0.000000 0.000000 0.333730 0.326792
15764.31 0.328791 0.000000 0.000000 0.333549 0.328791
15769.31 0.321866 0.000000 0.000000 0.333368 0.321866
15774.31 0.304380 0.000000 0.000000 0.333187 0.304380
15779.31 0.301936 0.000000 0.000000 0.333006 0.301936
15784.31 0.319406 0.000000 0.000000 0.332825 0.319406
15789.31 0.333287 0.000000 0.000000 0.332644 0.333287
15794.31 0.329993 0.000000 0.000000 0.332463 0.329993
15799.32 0.328061 0.000000 0.000000 0.332282 0.328061
15804.32 0.333887 0.000000 0.000000 0.332102 0.333887
15809.32 0.335871 0.000000 0.000000 0.331921 0.335871
15814.32 0.332885 0.000000 0.000000 0.331740 0.332885
15819.32 0.337651 0.000000 0.000000 0.331559 0.337651
15824.32 0.332988 0.000000 0.000000 0.331378 0.332988
15829.32 0.323935 0.000000 0.000000 0.331198 0.323935
15834.33 0.323401 0.000000 0.000000 0.331017 0.323401
15839.33 0.320740 0.000000 0.000000 0.330836 0.320740
15844.33 0.318126 0.000000 0.000000 0.330656 0.318126
15849.33 0.328554 0.000000 0.000000 0.330475 0.328554
15854.33 0.336145 0.000000 0.000000 0.330294 0.336145
15859.33 0.341737 0.000000 0.000000 0.330114 0.341737
15864.33 0.338219 0.000000 0.000000 0.329933 0.338219
15869.33 0.329949 0.000000 0.000000 0.329752 0.329949
15874.34 0.326313 0.000000 0.000000 0.329572 0.326313
15879.34 0.340086 0.000000 0.000000 0.329391 0.340086
15884.34 0.337956 0.000000 0.000000 0.329211 0.337956
15889.34 0.322744 0.000000 0.000000 0.329030 0.322744
15894.34 0.305063 0.000000 0.000000 0.328850 0.305063
15899.34 0.294245 0.000000 0.000000 0.328669 0.294245
15904.34 0.305550 0.000000 0.000000 0.328489 0.305550
15909.35 0.313622 0.000000 0.000000 0.328308 0.313622
15914.35 0.314148 0.000000 0.000000 0.328128 0.314148
15919.35 0.316528 0.000000 0.000000 0.327947 0.316528
15924.35 0.323592 0.000000 0.000000 0.327767 0.323592
15929.35 0.327754 0.000000 0.000000 0.327586 0.327754
15934.35 0.334259 0.000000 0.000000 0.327406 0.334259
15939.35 0.341440 0.000000 0.000000 0.327225 0.341440
15944.36 0.335116 0.000000 0.000000 0.327045 0.335116
15949.36 0.321010 0.000000 0.000000 0.326864 0.321010
15954.36 0.329623 0.000000 0.000000 0.326684 0.329623
15959.36 0.331539 0.000000 0.000000 0.326503 0.331539
15964.36 0.316499 0.000000 0.000000 0.326323 0.316499
15969.36 0.305911 0.000000 0.000000 0.326142 0.305911
15974.36 0.310826 0.000000 0.000000 0.325962 0.310826
15979.36 0.320277 0.000000 0.000000 0.325782 0.320277
15984.37 0.322157 0.000000 0.000000 0.325601 0.322157
15989.37 0.316066 0.000000 0.000000 0.325421 0.316066
15994.37 0.319517 0.000000 0.000000 0.325240 0.319517
15999.37 0.324629 0.000000 0.000000 0.325060 0.324629
16004.37 0.324461 0.000000 0.000000 0.324879 0.324461
16009.37 0.324071 0.000000 0.000000 0.324699 0.324071
16014.37 0.314199 0.000000 0.000000 0.324519 0.314199
16019.38 0.311340 0.000000 0.000000 0.324338 0.311340
16024.38 0.319726 0.000000 0.000000 0.324158 0.319726
16029.38 0.324909 0.000000 0.000000 0.323977 0.324909
16034.38 0.333838 0.000000 0.000000 0.323797 0.333838
16039.38 0.335286 0.000000 0.000000 0.323616 0.335286
16044.38 0.325098 0.000000 0.000000 0.323436 0.325098
16049.38 0.313221 0.000000 0.000000 0.323255 0.313221
16054.39 0.315563 0.000000 0.000000 0.323075 0.315563
16059.39 0.326514 0.000000 0.000000 0.322894 0.326514
16064.39 0.327320 0.000000 0.000000 0.322714 0.327320
16069.39 0.319902 0.000000 0.000000 0.322533 0.319902
16074.39 0.321337 0.000000 0.000000 0.322353 0.321337
16079.39 0.317664 0.000000 0.000000 0.322172 0.317664
16084.39 0.315347 0.000000 0.000000 0.321992 0.315347
16089.39 0.325132 0.000000 0.000000 0.321811 0.325132
16094.40 0.328087 0.000000 0.000000 0.321631 0.328087
16099.40 0.326315 0.000000 0.000000 0.321450 0.326315
16104.40 0.317015 0.000000 0.000000 0.321270 0.317015
16109.40 0.311280 0.000000 0.000000 0.321089 0.311280
16114.40 0.320182 0.000000 0.000000 0.320909 0.320182
16119.40 0.327189 0.000000 0.000000 0.320728 0.327189
16124.40 0.319195 0.000000 0.000000 0.320547 0.319195
16129.41 0.314087 0.000000 0.000000 0.320367 0.314087
16134.41 0.311689 0.000000 0.000000 0.320186 0.311689
16139.41 0.310198 0.000000 0.000000 0.320005 0.310198
16144.41 0.311842 0.000000 0.000000 0.319825 0.311842
16149.41 0.322835 0.000000 0.000000 0.319644 0.322835
16154.41 0.323999 0.000000 0.000000 0.319463 0.323999
16159.41 0.315889 0.000000 0.000000 0.319283 0.315889
16164.42 0.308112 0.000000 0.000000 0.319102 0.308112
16169.42 0.318177 0.000000 0.000000 0.318921 0.318177
16174.42 0.317514 0.000000 0.000000 0.318740 0.317514
16179.42 0.322731 0.000000 0.000000 0.318560 0.322731
16184.42 0.320783 0.000000 0.000000 0.318379 0.320783
16189.42 0.313731 0.000000 0.000000 0.318198 0.313731
16194.42 0.318701 0.000000 0.000000 0.318017 0.318701
16199.42 0.319090 0.000000 0.000000 0.317836 0.319090
16204.43 0.311160 0.000000 0.000000 0.317655 0.311160
16209.43 0.315697 0.000000 0.000000 0.317474 0.315697
16214.43 0.318843 0.000000 0.000000 0.317293 0.318843
16219.43 0.320645 0.000000 0.000000 0.317112 0.320645
16224.43 0.325504 0.000000 0.000000 0.316931 0.325504
16229.43 0.327259 0.000000 0.000000 0.316750 0.327259
16234.43 0.322069 0.000000 0.000000 0.316569 0.322069
16239.44 0.327469 0.000000 0.000000 0.316388 0.327469
16244.44 0.325211 0.000000 0.000000 0.316207 0.325211
16249.44 0.320522 0.000000 0.000000 0.316026 0.320522
16254.44 0.317430 0.000000 0.000000 0.315845 0.317430
16259.44 0.323389 0.000000 0.000000 0.315663 0.323389
16264.44 0.329277 0.000000 0.000000 0.315482 0.329277
16269.44 0.322998 0.000000 0.000000 0.315301 0.322998
16274.45 0.321929 0.000000 0.000000 0.315120 0.321929
16279.45 0.322692 0.000000 0.000000 0.314938 0.322692
16284.45 0.320762 0.000000 0.000000 0.314757 0.320762
16289.45 0.314751 0.000000 0.000000 0.314575 0.314751
16294.45 0.312551 0.000000 0.000000 0.314394 0.312551
16299.45 0.313547 0.000000 0.000000 0.314213 0.313547
16304.45 0.312070 0.000000 0.000000 0.314031 0.312070
16309.45 0.313731 0.000000 0.000000 0.313850 0.313731
16314.46 0.313453 0.000000 0.000000 0.313668 0.313453
16319.46 0.313139 0.000000 0.000000 0.313486 0.313139
16324.46 0.305064 0.000000 0.000000 0.313305 0.305064
16329.46 0.300815 0.000000 0.000000 0.313123 0.300815
16334.46 0.308876 0.000000 0.000000 0.312941 0.308876
16339.46 0.310294 0.000000 0.000000 0.312760 0.310294
16344.46 0.308829 0.000000 0.000000 0.312578 0.308829
16349.47 0.312676 0.000000 0.000000 0.312396 0.312676
16354.47 0.315581 0.000000 0.000000 0.312214 0.315581
16359.47 0.311517 0.000000 0.000000 0.312032 0.311517
16364.47 0.310773 0.000000 0.000000 0.311850 0.310773
16369.47 0.311063 0.000000 0.000000 0.311668 0.311063
16374.47 0.304178 0.000000 0.000000 0.311486 0.304178
16379.47 0.312914 0.000000 0.000000 0.311304 0.312914
16384.47 0.309554 0.000000 0.000000 0.311122 0.309554
16389.48 0.282091 0.000000 0.000000 0.310940 0.282091
16394.48 0.282986 0.000000 0.000000 0.310758 0.282986
16399.48 0.304217 0.000000 0.000000 0.310576 0.304217
16404.48 0.298952 0.000000 0.000000 0.310394 0.298952
16409.48 0.287366 0.000000 0.000000 0.310211 0.287366
16414.48 0.284194 0.000000 0.000000 0.310029 0.284194
16419.48 0.288904 0.000000 0.000000 0.309847 0.288904
16424.49 0.293843 0.000000 0.000000 0.309665 0.293843
16429.49 0.300952 0.000000 0.000000 0.309482 0.300952
16434.49 0.299578 0.000000 0.000000 0.309300 0.299578
16439.49 0.294419 0.000000 0.000000 0.309117 0.294419
16444.49 0.290226 0.000000 0.000000 0.308935 0.290226
16449.49 0.288207 0.000000 0.000000 0.308752 0.288207
16454.49 0.287688 0.000000 0.000000 0.308570 0.287688
16459.50 0.291081 0.000000 0.000000 0.308387 0.291081
16464.50 0.293222 0.000000 0.000000 0.308205 0.293222
16469.50 0.301330 0.000000 0.000000 0.308022 0.301330
16474.50 0.299331 0.000000 0.000000 0.307839 0.299331
16479.50 0.300925 0.000000 0.000000 0.307656 0.300925
16484.50 0.292146 0.000000 0.000000 0.307474 0.292146
16489.50 0.299440 0.000000 0.000000 0.307291 0.299440
16494.50 0.302367 0.000000 0.000000 0.307108 0.302367
16499.51 0.296187 0.000000 0.000000 0.306925 0.296187
16504.51 0.294656 0.000000 0.000000 0.306742 0.294656
16509.51 0.305479 0.000000 0.000000 0.306560 0.305479
16514.51 0.316264 0.000000 0.000000 0.306377 0.316264
16519.51 0.310676 0.000000 0.000000 0.306194 0.310676
16524.51 0.302936 0.000000 0.000000 0.306011 0.302936
16529.51 0.293064 0.000000 0.000000 0.305828 0.293064
16534.52 0.290803 0.000000 0.000000 0.305645 0.290803
16539.52 0.302732 0.000000 0.000000 0.305461 0.302732
16544.52 0.304416 0.000000 0.000000 0.305278 0.304416
16549.52 0.296349 0.000000 0.000000 0.305095 0.296349
16554.52 0.300121 0.000000 0.000000 0.304912 0.300121
16559.52 0.308621 0.000000 0.000000 0.304729 0.308621
16564.52 0.310132 0.000000 0.000000 0.304545 0.310132
16569.53 0.297462 0.000000 0.000000 0.304362 0.297462
16574.53 0.301339 0.000000 0.000000 0.304179 0.301339
16579.53 0.309869 0.000000 0.000000 0.303995 0.309869
16584.53 0.311532 0.000000 0.000000 0.303812 0.311532
16589.53 0.311953 0.000000 0.000000 0.303629 0.311953
16594.53 0.311515 0.000000 0.000000 0.303445 0.311515
16599.53 0.309950 0.000000 0.000000 0.303262 0.309950
16604.53 0.311195 0.000000 0.000000 0.303078 0.311195
16609.54 0.310963 0.000000 0.000000 0.302895 0.310963
16614.54 0.309716 0.000000 0.000000 0.302711 0.309716
16619.54 0.305143 0.000000 0.000000 0.302528 0.305143
16624.54 0.300715 0.000000 0.000000 0.302344 0.300715
16629.54 0.296272 0.000000 0.000000 0.302161 0.296272
16634.54 0.297112 0.000000 0.000000 0.301977 0.297112
16639.54 0.304617 0.000000 0.000000 0.301793 0.304617
16644.55 0.303295 0.000000 0.000000 0.301609 0.303295
16649.55 0.305197 0.000000 0.000000 0.301426 0.305197
16654.55 0.307642 0.000000 0.000000 0.301242 0.307642
16659.55 0.306950 0.000000 0.000000 0.301058 0.306950
16664.55 0.300260 0.000000 0.000000 0.300874 0.300260
16669.55 0.293913 0.000000 0.000000 0.300690 0.293913
16674.55 0.291054 0.000000 0.000000 0.300507 0.291054
16679.56 0.297644 0.000000 0.000000 0.300323 0.297644
16684.56 0.299581 0.000000 0.000000 0.300139 0.299581
16689.56 0.292797 0.000000 0.000000 0.299955 0.292797
16694.56 0.289576 0.000000 0.000000 0.299771 0.289576
16699.56 0.294101 0.000000 0.000000 0.299587 0.294101
16704.56 0.300209 0.000000 0.000000 0.299403 0.300209
16709.56 0.304136 0.000000 0.000000 0.299219 0.304136
16714.56 0.304039 0.000000 0.000000 0.299035 0.304039
16719.57 0.302699 0.000000 0.000000 0.298850 0.302699
16724.57 0.302344 0.000000 0.000000 0.298666 0.302344
16729.57 0.292567 0.000000 0.000000 0.298482 0.292567
16734.57 0.288521 0.000000 0.000000 0.298298 0.288521
16739.57 0.297797 0.000000 0.000000 0.298114 0.297797
16744.57 0.300613 0.000000 0.000000 0.297929 0.300613
16749.57 0.298080 0.000000 0.000000 0.297745 0.298080
16754.58 0.295922 0.000000 0.000000 0.297561 0.295922
16759.58 0.278705 0.000000 0.000000 0.297377 0.278705
16764.58 0.272349 0.000000 0.000000 0.297192 0.272349
16769.58 0.279673 0.000000 0.000000 0.297008 0.279673
16774.58 0.286975 0.000000 0.000000 0.296823 0.286975
16779.58 0.300532 0.000000 0.000000 0.296639 0.300532
16784.58 0.305613 0.000000 0.000000 0.296454 0.305613
16789.59 0.299110 0.000000 0.000000 0.296270 0.299110
16794.59 0.294874 0.000000 0.000000 0.296086 0.294874
16799.59 0.296332 0.000000 0.000000 0.295901 0.296332
16804.59 0.295997 0.000000 0.000000 0.295716 0.295997
16809.59 0.298610 0.000000 0.000000 0.295532 0.298610
16814.59 0.299904 0.000000 0.000000 0.295347 0.299904
16819.59 0.301507 0.000000 0.000000 0.295163 0.301507
16824.59 0.296652 0.000000 0.000000 0.294978 0.296652
16829.60 0.293498 0.000000 0.000000 0.294793 0.293498
16834.60 0.297554 0.000000 0.000000 0.294609 0.297554
16839.60 0.297852 0.000000 0.000000 0.294424 0.297852
16844.60 0.292863 0.000000 0.000000 0.294239 0.292863
16849.60 0.295213 0.000000 0.000000 0.294054 0.295213
16854.60 0.298329 0.000000 0.000000 0.293870 0.298329
16859.60 0.299325 0.000000 0.000000 0.293685 0.299325
16864.61 0.298097 0.000000 0.000000 0.293500 0.298097
16869.61 0.295276 0.000000 0.000000 0.293315 0.295276
16874.61 0.288501 0.000000 0.000000 0.293130 0.288501
16879.61 0.288334 0.000000 0.000000 0.292945 0.288334
16884.61 0.293491 0.000000 0.000000 0.292761 0.293491
16889.61 0.294433 0.000000 0.000000 0.292576 0.294433
16894.61 0.294889 0.000000 0.000000 0.292391 0.294889
16899.62 0.292470 0.000000 0.000000 0.292206 0.292470
16904.62 0.287382 0.000000 0.000000 0.292021 0.287382
16909.62 0.288104 0.000000 0.000000 0.291836 0.288104
16914.62 0.291464 0.000000 0.000000 0.291651 0.291464
16919.62 0.290307 0.000000 0.000000 0.291466 0.290307
16924.62 0.285476 0.000000 0.000000 0.291281 0.285476
16929.62 0.284822 0.000000 0.000000 0.291095 0.284822
16934.62 0.280848 0.000000 0.000000 0.290910 0.280848
16939.63 0.274292 0.000000 0.000000 0.290725 0.274292
16944.63 0.275620 0.000000 0.000000 0.290540 0.275620
16949.63 0.274061 0.000000 0.000000 0.290355 0.274061
16954.63 0.278944 0.000000 0.000000 0.290170 0.278944
16959.63 0.285011 0.000000 0.000000 0.289985 0.285011
16964.63 0.285464 0.000000 0.000000 0.289799 0.285464
16969.63 0.273982 0.000000 0.000000 0.289614 0.273982
16974.64 0.268402 0.000000 0.000000 0.289429 0.268402
16979.64 0.271510 0.000000 0.000000 0.289243 0.271510
16984.64 0.279510 0.000000 0.000000 0.289058 0.279510
16989.64 0.283990 0.000000 0.000000 0.288873 0.283990
16994.64 0.282589 0.000000 0.000000 0.288687 0.282589
16999.64 0.271288 0.000000 0.000000 0.288502 0.271288
17004.64 0.262622 0.000000 0.000000 0.288317 0.262622
17009.65 0.261128 0.000000 0.000000 0.288131 0.261128
17014.65 0.267140 0.000000 0.000000 0.287946 0.267140
17019.65 0.270721 0.000000 0.000000 0.287760 0.270721
17024.65 0.276883 0.000000 0.000000 0.287575 0.276883
17029.65 0.276241 0.000000 0.000000 0.287390 0.276241
17034.65 0.278172 0.000000 0.000000 0.287204 0.278172
17039.65 0.284212 0.000000 0.000000 0.287019 0.284212
17044.65 0.283516 0.000000 0.000000 0.286833 0.283516
17049.66 0.282037 0.000000 0.000000 0.286648 0.282037
17054.66 0.290916 0.000000 0.000000 0.286462 0.290916
17059.66 0.293633 0.000000 0.000000 0.286276 0.293633
17064.66 0.290321 0.000000 0.000000 0.286091 0.290321
17069.66 0.287380 0.000000 0.000000 0.285905 0.287380
17074.66 0.278190 0.000000 0.000000 0.285720 0.278190
17079.66 0.278560 0.000000 0.000000 0.285534 0.278560
17084.67 0.282939 0.000000 0.000000 0.285348 0.282939
17089.67 0.290909 0.000000 0.000000 0.285163 0.290909
17094.67 0.287456 0.000000 0.000000 0.284977 0.287456
17099.67 0.282688 0.000000 0.000000 0.284791 0.282688
17104.67 0.287714 0.000000 0.000000 0.284606 0.287714
17109.67 0.282591 0.000000 0.000000 0.284420 0.282591
17114.67 0.265295 0.000000 0.000000 0.284234 0.265295
17119.67 0.251096 0.000000 0.000000 0.284048 0.251096
17124.68 0.265645 0.000000 0.000000 0.283863 0.265645
17129.68 0.282617 0.000000 0.000000 0.283677 0.282617
17134.68 0.289328 0.000000 0.000000 0.283491 0.289328
17139.68 0.292728 0.000000 0.000000 0.283305 0.292728
17144.68 0.288051 0.000000 0.000000 0.283119 0.288051
17149.68 0.283664 0.000000 0.000000 0.282933 0.283664
17154.68 0.289117 0.000000 0.000000 0.282748 0.289117
17159.69 0.293574 0.000000 0.000000 0.282562 0.293574
17164.69 0.288190 0.000000 0.000000 0.282376 0.288190
17169.69 0.281393 0.000000 0.000000 0.282190 0.281393
17174.69 0.278334 0.000000 0.000000 0.282004 0.278334
17179.69 0.278847 0.000000 0.000000 0.281818 0.278847
17184.69 0.285655 0.000000 0.000000 0.281632 0.285655
17189.69 0.290701 0.000000 0.000000 0.281446 0.290701
17194.70 0.284178 0.000000 0.000000 0.281260 0.284178
17199.70 0.279389 0.000000 0.000000 0.281074 0.279389
17204.70 0.280978 0.000000 0.000000 0.280888 0.280978
17209.70 0.281074 0.000000 0.000000 0.280702 0.281074
17214.70 0.277680 0.000000 0.000000 0.280516 0.277680
17219.70 0.271967 0.000000 0.000000 0.280330 0.271967
17224.70 0.275384 0.000000 0.000000 0.280144 0.275384
17229.70 0.271499 0.000000 0.000000 0.279958 0.271499
17234.71 0.270112 0.000000 0.000000 0.279772 0.270112
17239.71 0.273609 0.000000 0.000000 0.279586 0.273609
17244.71 0.277786 0.000000 0.000000 0.279400 0.277786
17249.71 0.282106 0.000000 0.000000 0.279214 0.282106
17254.71 0.280614 0.000000 0.000000 0.279028 0.280614
17259.71 0.284068 0.000000 0.000000 0.278841 0.284068
17264.71 0.282953 0.000000 0.000000 0.278655 0.282953
17269.72 0.287593 0.000000 0.000000 0.278469 0.287593
17274.72 0.290971 0.000000 0.000000 0.278283 0.290971
17279.72 0.285742 0.000000 0.000000 0.278097 0.285742
17284.72 0.275362 0.000000 0.000000 0.277911 0.275362
17289.72 0.268638 0.000000 0.000000 0.277725 0.268638
17294.72 0.277938 0.000000 0.000000 0.277538 0.277938
17299.72 0.280667 0.000000 0.000000 0.277352 0.280667
17304.73 0.270582 0.000000 0.000000 0.277166 0.270582
17309.73 0.267928 0.000000 0.000000 0.276980 0.267928
17314.73 0.269557 0.000000 0.000000 0.276793 0.269557
17319.73 0.277673 0.000000 0.000000 0.276607 0.277673
17324.73 0.286339 0.000000 0.000000 0.276421 0.286339
17329.73 0.272313 0.000000 0.000000 0.276235 0.272313
17334.73 0.248508 0.000000 0.000000 0.276048 0.248508
17339.73 0.255297 0.000000 0.000000 0.275862 0.255297
17344.74 0.266991 0.000000 0.000000 0.275676 0.266991
17349.74 0.267527 0.000000 0.000000 0.275490 0.267527
17354.74 0.272921 0.000000 0.000000 0.275303 0.272921
17359.74 0.280261 0.000000 0.000000 0.275117 0.280261
17364.74 0.279690 0.000000 0.000000 0.274931 0.279690
17369.74 0.280326 0.000000 0.000000 0.274744 0.280326
17374.74 0.272126 0.000000 0.000000 0.274558 0.272126
17379.75 0.263357 0.000000 0.000000 0.274372 0.263357
17384.75 0.265946 0.000000 0.000000 0.274185 0.265946
17389.75 0.269009 0.000000 0.000000 0.273999 0.269009
17394.75 0.273587 0.000000 0.000000 0.273812 0.273587
17399.75 0.275307 0.000000 0.000000 0.273626 0.275307
17404.75 0.267898 0.000000 0.000000 0.273440 0.267898
17409.75 0.264406 0.000000 0.000000 0.273253 0.264406
17414.76 0.274289 0.000000 0.000000 0.273067 0.274289
17419.76 0.272029 0.000000 0.000000 0.272880 0.272029
17424.76 0.270803 0.000000 0.000000 0.272694 0.270803
17429.76 0.272943 0.000000 0.000000 0.272508 0.272943
17434.76 0.263430 0.000000 0.000000 0.272321 0.263430
17439.76 0.265707 0.000000 0.000000 0.272135 0.265707
17444.76 0.276503 0.000000 0.000000 0.271948 0.276503
17449.76 0.273788 0.000000 0.000000 0.271762 0.273788
17454.77 0.270661 0.000000 0.000000 0.271575 0.270661
17459.77 0.268253 0.000000 0.000000 0.271389 0.268253
17464.77 0.273417 0.000000 0.000000 0.271203 0.273417
17469.77 0.275711 0.000000 0.000000 0.271016 0.275711
17474.77 0.275967 0.000000 0.000000 0.270830 0.275967
17479.77 0.270317 0.000000 0.000000 0.270643 0.270317
17484.77 0.272283 0.000000 0.000000 0.270457 0.272283
17489.78 0.269347 0.000000 0.000000 0.270270 0.269347
17494.78 0.269821 0.000000 0.000000 0.270084 0.269821
17499.78 0.273990 0.000000 0.000000 0.269897 0.273990
17504.78 0.273510 0.000000 0.000000 0.269711 0.273510
17509.78 0.269161 0.000000 0.000000 0.269524 0.269161
17514.78 0.272801 0.000000 0.000000 0.269338 0.272801
17519.78 0.270457 0.000000 0.000000 0.269151 0.270457
17524.79 0.260057 0.000000 0.000000 0.268965 0.260057
17529.79 0.262312 0.000000 0.000000 0.268778 0.262312
17534.79 0.265622 0.000000 0.000000 0.268592 0.265622
17539.79 0.273105 0.000000 0.000000 0.268405 0.273105
17544.79 0.271686 0.000000 0.000000 0.268219 0.271686
17549.79 0.274478 0.000000 0.000000 0.268032 0.274478
17554.79 0.272958 0.000000 0.000000 0.267846 0.272958
17559.79 0.262648 0.000000 0.000000 0.267659 0.262648
17564.80 0.263074 0.000000 0.000000 0.267472 0.263074
17569.80 0.262771 0.000000 0.000000 0.267286 0.262771
17574.80 0.266638 0.000000 0.000000 0.267099 0.266638
17579.80 0.260523 0.000000 0.000000 0.266913 0.160523
17584.80 0.263334 0.000000 0.000000 0.266726 0.223334
17589.80 0.265773 0.000000 0.000000 0.266540 0.265773
17594.80 0.266353 0.000000 0.000000 0.266353 0.266353
17599.81 0.266167 0.000000 0.000000 0.266167 0.266167
17604.81 0.265980 0.000000 0.000000 0.265980 0.265980
17609.81 0.265793 0.000000 0.000000 0.265793 0.265793
17614.81 0.265607 0.000000 0.000000 0.265607 0.265607
17619.81 0.265420 0.000000 0.000000 0.265420 0.265420
17624.81 0.265234 0.000000 0.000000 0.265234 0.265234
17629.81 0.265047 0.000000 0.000000 0.265047 0.265047
17634.82 0.264861 0.000000 0.000000 0.264861 0.264861
17639.82 0.264674 0.000000 0.000000 0.264674 0.264674
17644.82 0.264488 0.000000 0.000000 0.264488 0.264488
17649.82 0.264301 0.000000 0.000000 0.264301 0.264301
17654.82 0.264114 0.000000 0.000000 0.264114 0.264114
17659.82 0.263928 0.000000 0.000000 0.263928 0.263928
17664.82 0.263741 0.000000 0.000000 0.263741 0.263741
17669.82 0.263555 0.000000 0.000000 0.263555 0.263555
17674.83 0.263368 0.000000 0.000000 0.263368 0.263368
17679.83 0.263182 0.000000 0.000000 0.263182 0.263182
17684.83 0.262995 0.000000 0.000000 0.262995 0.262995
17689.83 0.262808 0.000000 0.000000 0.262808 0.262808
17694.83 0.262622 0.000000 0.000000 0.262622 0.262622
17699.83 0.262435 0.000000 0.000000 0.262435 0.262435
17704.83 0.262249 0.000000 0.000000 0.262249 0.262249
17709.84 0.262062 0.000000 0.000000 0.262062 0.262062
17714.84 0.261876 0.000000 0.000000 0.261876 0.261876
17719.84 0.261689 0.000000 0.000000 0.261689 0.261689
17724.84 0.261503 0.000000 0.000000 0.261503 0.261503
17729.84 0.261316 0.000000 0.000000 0.261316 0.261316
17734.84 0.261129 0.000000 0.000000 0.261129 0.261129
17739.84 0.260943 0.000000 0.000000 0.260943 0.260943
17744.85 0.260756 0.000000 0.000000 0.260756 0.260756
17749.85 0.260570 0.000000 0.000000 0.260570 0.260570
17754.85 0.260383 0.000000 0.000000 0.260383 0.260383
17759.85 0.260197 0.000000 0.000000 0.260197 0.260197
17764.85 0.260010 0.000000 0.000000 0.260010 0.260010
17769.85 0.259824 0.000000 0.000000 0.259824 0.259824
17774.85 0.259637 0.000000 0.000000 0.259637 0.259637
17779.85 0.259451 0.000000 0.000000 0.259451 0.259451
17784.86 0.259264 0.000000 0.000000 0.259264 0.259264
17789.86 0.259078 0.000000 0.000000 0.259078 0.259078
17794.86 0.258891 0.000000 0.000000 0.258891 0.258891
17799.86 0.258705 0.000000 0.000000 0.258705 0.258705
17804.86 0.258518 0.000000 0.000000 0.258518 0.258518
17809.86 0.258332 0.000000 0.000000 0.258332 0.258332
17814.86 0.258145 0.000000 0.000000 0.258145 0.258145
17819.87 0.257959 0.000000 0.000000 0.257959 0.257959
17824.87 0.257772 0.000000 0.000000 0.257772 0.257772
17829.87 0.257586 0.000000 0.000000 0.257586 0.257586
17834.87 0.257399 0.000000 0.000000 0.257399 0.257399
17839.87 0.257213 0.000000 0.000000 0.257213 0.257213
17844.87 0.257026 0.000000 0.000000 0.257026 0.257026
17849.87 0.256840 0.000000 0.000000 0.256840 0.256840
17854.87 0.256653 0.000000 0.000000 0.256653 0.256653
17859.88 0.256467 0.000000 0.000000 0.256467 0.256467
17864.88 0.256280 0.000000 0.000000 0.256280 0.256280
17869.88 0.256094 0.000000 0.000000 0.256094 0.256094
17874.88 0.255908 0.000000 0.000000 0.255908 0.255908
17879.88 0.255721 0.000000 0.000000 0.255721 0.255721
17884.88 0.255535 0.000000 0.000000 0.255535 0.255535
17889.88 0.255348 0.000000 0.000000 0.255348 0.255348
17894.89 0.255162 0.000000 0.000000 0.255162 0.255162
17899.89 0.254975 0.000000 0.000000 0.254975 0.254975
17904.89 0.254789 0.000000 0.000000 0.254789 0.254789
17909.89 0.254603 0.000000 0.000000 0.254603 0.254603
17914.89 0.254416 0.000000 0.000000 0.254416 0.254416
17919.89 0.254230 0.000000 0.000000 0.254230 0.254230
17924.89 0.254044 0.000000 0.000000 0.254044 0.254044
17929.90 0.253857 0.000000 0.000000 0.253857 0.253857
17934.90 0.253671 0.000000 0.000000 0.253671 0.253671
17939.90 0.253485 0.000000 0.000000 0.253485 0.253485
17944.90 0.253298 0.000000 0.000000 0.253298 0.253298
17949.90 0.253112 0.000000 0.000000 0.253112 0.253112
17954.90 0.252926 0.000000 0.000000 0.252926 0.252926
17959.90 0.252739 0.000000 0.000000 0.252739 0.252739
17964.90 0.252553 0.000000 0.000000 0.252553 0.252553
17969.91 0.252367 0.000000 0.000000 0.252367 0.252367
17974.91 0.252180 0.000000 0.000000 0.252180 0.252180
17979.91 0.251994 0.000000 0.000000 0.251994 0.251994
17984.91 0.251808 0.000000 0.000000 0.251808 0.251808
17989.91 0.251622 0.000000 0.000000 0.251622 0.251622
17994.91 0.251435 0.000000 0.000000 0.251435 0.251435
17999.91 0.251249 0.000000 0.000000 0.251249 0.251249
18004.92 0.251063 0.000000 0.000000 0.251063 0.251063
18009.92 0.250877 0.000000 0.000000 0.250877 0.250877
18014.92 0.250690 0.000000 0.000000 0.250690 0.250690
18019.92 0.250504 0.000000 0.000000 0.250504 0.250504
18024.92 0.250318 0.000000 0.000000 0.250318 0.250318
18029.92 0.250132 0.000000 0.000000 0.250132 0.250132
18034.92 0.249946 0.000000 0.000000 0.249946 0.249946
18039.93 0.249759 0.000000 0.000000 0.249759 0.249759
18044.93 0.249573 0.000000 0.000000 0.249573 0.249573
18049.93 0.249387 0.000000 0.000000 0.249387 0.249387
18054.93 0.249201 0.000000 0.000000 0.249201 0.249201
18059.93 0.249015 0.000000 0.000000 0.249015 0.249015
18064.93 0.248829 0.000000 0.000000 0.248829 0.248829
18069.93 0.248643 0.000000 0.000000 0.248643 0.248643
18074.93 0.248457 0.000000 0.000000 0.248457 0.248457
18079.94 0.248271 0.000000 0.000000 0.248271 0.248271
18084.94 0.248085 0.000000 0.000000 0.248085 0.248085
18089.94 0.247898 0.000000 0.000000 0.247898 0.247898
18094.94 0.247712 0.000000 0.000000 0.247712 0.247712
18099.94 0.247526 0.000000 0.000000 0.247526 0.247526
18104.94 0.247340 0.000000 0.000000 0.247340 0.247340
18109.94 0.247154 0.000000 0.000000 0.247154 0.247154
18114.95 0.246968 0.000000 0.000000 0.246968 0.246968
18119.95 0.246782 0.000000 0.000000 0.246782 0.246782
18124.95 0.246596 0.000000 0.000000 0.246596 0.246596
18129.95 0.246411 0.000000 0.000000 0.246411 0.246411
18134.95 0.246225 0.000000 0.000000 0.246225 0.246225
18139.95 0.246039 0.000000 0.000000 0.246039 0.246039
18144.95 0.245853 0.000000 0.000000 0.245853 0.245853
18149.96 0.245667 0.000000 0.000000 0.245667 0.245667
18154.96 0.245481 0.000000 0.000000 0.245481 0.245481
18159.96 0.245295 0.000000 0.000000 0.245295 0.245295
18164.96 0.245109 0.000000 0.000000 0.245109 0.245109
18169.96 0.244923 0.000000 0.000000 0.244923 0.244923
18174.96 0.244738 0.000000 0.000000 0.244738 0.244738
18179.96 0.244552 0.000000 0.000000 0.244552 0.244552
18184.96 0.244366 0.000000 0.000000 0.244366 0.244366
18189.97 0.244180 0.000000 0.000000 0.244180 0.244180
18194.97 0.243994 0.000000 0.000000 0.243994 0.243994
18199.97 0.243809 0.000000 0.000000 0.243809 0.243809
18204.97 0.243623 0.000000 0.000000 0.243623 0.243623
18209.97 0.243437 0.000000 0.000000 0.243437 0.243437
18214.97 0.243252 0.000000 0.000000 0.243252 0.243252
18219.97 0.243066 0.000000 0.000000 0.243066 0.243066
18224.98 0.242880 0.000000 0.000000 0.242880 0.242880
18229.98 0.242695 0.000000 0.000000 0.242695 0.242695
18234.98 0.242509 0.000000 0.000000 0.242509 0.242509
18239.98 0.242323 0.000000 0.000000 0.242323 0.242323
18244.98 0.242138 0.000000 0.000000 0.242138 0.242138
18249.98 0.241952 0.000000 0.000000 0.241952 0.241952
18254.98 0.241766 0.000000 0.000000 0.241766 0.241766
18259.99 0.241581 0.000000 0.000000 0.241581 0.241581
18264.99 0.241395 0.000000 0.000000 0.241395 0.241395
18269.99 0.241210 0.000000 0.000000 0.241210 0.241210
18274.99 0.241024 0.000000 0.000000 0.241024 0.241024
18279.99 0.240839 0.000000 0.000000 0.240839 0.240839
18284.99 0.240653 0.000000 0.000000 0.240653 0.240653
18289.99 0.240468 0.000000 0.000000 0.240468 0.240468
18294.99 0.240282 0.000000 0.000000 0.240282 0.240282
18300.00 0.240097 0.000000 0.000000 0.240097 0.240097
18305.00 0.239912 0.000000 0.000000 0.239912 0.239912
18310.00 0.239726 0.000000 0.000000 0.239726 0.239726
18315.00 0.239541 0.000000 0.000000 0.239541 0.239541
18320.00 0.239356 0.000000 0.000000 0.239356 0.239356
18325.00 0.239170 0.000000 0.000000 0.239170 0.239170
18330.00 0.238985 0.000000 0.000000 0.238985 0.238985
18335.01 0.238800 0.000000 0.000000 0.238800 0.238800
18340.01 0.238614 0.000000 0.000000 0.238614 0.238614
18345.01 0.238429 0.000000 0.000000 0.238429 0.238429
18350.01 0.238244 0.000000 0.000000 0.238244 0.238244
18355.01 0.238059 0.000000 0.000000 0.238059 0.238059
18360.01 0.237873 0.000000 0.000000 0.237873 0.237873
18365.01 0.237688 0.000000 0.000000 0.237688 0.237688
18370.02 0.237503 0.000000 0.000000 0.237503 0.237503
18375.02 0.237318 0.000000 0.000000 0.237318 0.237318
18380.02 0.237133 0.000000 0.000000 0.237133 0.237133
18385.02 0.236948 0.000000 0.000000 0.236948 0.236948
18390.02 0.236763 0.000000 0.000000 0.236763 0.236763
18395.02 0.236578 0.000000 0.000000 0.236578 0.236578
18400.02 0.236393 0.000000 0.000000 0.236393 0.236393
18405.02 0.236208 0.000000 0.000000 0.236208 0.236208
18410.03 0.236023 0.000000 0.000000 0.236023 0.236023
18415.03 0.235838 0.000000 0.000000 0.235838 0.235838
18420.03 0.235653 0.000000 0.000000 0.235653 0.235653
18425.03 0.235468 0.000000 0.000000 0.235468 0.235468
18430.03 0.235283 0.000000 0.000000 0.235283 0.235283
18435.03 0.235098 0.000000 0.000000 0.235098 0.235098
18440.03 0.234913 0.000000 0.000000 0.234913 0.234913
18445.04 0.234728 0.000000 0.000000 0.234728 0.234728
18450.04 0.234543 0.000000 0.000000 0.234543 0.234543
18455.04 0.234358 0.000000 0.000000 0.234358 0.234358
18460.04 0.234174 0.000000 0.000000 0.234174 0.234174
18465.04 0.233989 0.000000 0.000000 0.233989 0.233989
18470.04 0.233804 0.000000 0.000000 0.233804 0.233804
18475.04 0.233620 0.000000 0.000000 0.233620 0.233620
18480.05 0.233435 0.000000 0.000000 0.233435 0.233435
18485.05 0.233250 0.000000 0.000000 0.233250 0.233250
18490.05 0.233065 0.000000 0.000000 0.233065 0.233065
18495.05 0.232881 0.000000 0.000000 0.232881 0.232881
18500.05 0.232696 0.000000 0.000000 0.232696 0.232696
18505.05 0.232512 0.000000 0.000000 0.232512 0.232512
18510.05 0.232327 0.000000 0.000000 0.232327 0.232327
18515.05 0.232143 0.000000 0.000000 0.232143 0.232143
18520.06 0.231958 0.000000 0.000000 0.231958 0.231958
18525.06 0.231774 0.000000 0.000000 0.231774 0.231774
18530.06 0.231589 0.000000 0.000000 0.231589 0.231589
18535.06 0.231405 0.000000 0.000000 0.231405 0.231405
18540.06 0.231220 0.000000 0.000000 0.231220 0.231220
18545.06 0.231036 0.000000 0.000000 0.231036 0.231036
18550.06 0.230852 0.000000 0.000000 0.230852 0.230852
18555.07 0.230667 0.000000 0.000000 0.230667 0.230667
18560.07 0.230483 0.000000 0.000000 0.230483 0.230483
18565.07 0.230299 0.000000 0.000000 0.230299 0.230299
18570.07 0.230114 0.000000 0.000000 0.230114 0.230114
18575.07 0.229930 0.000000 0.000000 0.229930 0.229930
18580.07 0.229746 0.000000 0.000000 0.229746 0.229746
18585.07 0.229562 0.000000 0.000000 0.229562 0.229562
18590.08 0.229378 0.000000 0.000000 0.229378 0.229378
18595.08 0.229193 0.000000 0.000000 0.229193 0.229193
18600.08 0.229009 0.000000 0.000000 0.229009 0.229009
18605.08 0.228825 0.000000 0.000000 0.228825 0.228825
18610.08 0.228641 0.000000 0.000000 0.228641 0.228641
18615.08 0.228457 0.000000 0.000000 0.228457 0.228457
18620.08 0.228273 0.000000 0.000000 0.228273 0.228273
18625.08 0.228089 0.000000 0.000000 0.228089 0.228089
18630.09 0.227905 0.000000 0.000000 0.227905 0.227905
18635.09 0.227721 0.000000 0.000000 0.227721 0.227721
18640.09 0.227537 0.000000 0.000000 0.227537 0.227537
18645.09 0.227354 0.000000 0.000000 0.227354 0.227354
18650.09 0.227170 0.000000 0.000000 0.227170 0.227170
18655.09 0.226986 0.000000 0.000000 0.226986 0.226986
18660.09 0.226802 0.000000 0.000000 0.226802 0.226802
18665.10 0.226618 0.000000 0.000000 0.226618 0.226618
18670.10 0.226435 0.000000 0.000000 0.226435 0.226435
18675.10 0.226251 0.000000 0.000000 0.226251 0.226251
18680.10 0.226067 0.000000 0.000000 0.226067 0.226067
18685.10 0.225884 0.000000 0.000000 0.225884 0.225884
18690.10 0.225700 0.000000 0.000000 0.225700 0.225700
18695.10 0.225516 0.000000 0.000000 0.225516 0.225516
18700.10 0.225333 0.000000 0.000000 0.225333 0.225333
18705.11 0.225149 0.000000 0.000000 0.225149 0.225149
18710.11 0.224966 0.000000 0.000000 0.224966 0.224966
18715.11 0.224782 0.000000 0.000000 0.224782 0.224782
18720.11 0.224599 0.000000 0.000000 0.224599 0.224599
18725.11 0.224416 0.000000 0.000000 0.224416 0.224416
18730.11 0.224232 0.000000 0.000000 0.224232 0.224232
18735.11 0.224049 0.000000 0.000000 0.224049 0.224049
18740.12 0.223865 0.000000 0.000000 0.223865 0.223865
18745.12 0.223682 0.000000 0.000000 0.223682 0.223682
18750.12 0.223499 0.000000 0.000000 0.223499 0.223499
18755.12 0.223316 0.000000 0.000000 0.223316 0.223316
18760.12 0.223133 0.000000 0.000000 0.223133 0.223133
18765.12 0.222949 0.000000 0.000000 0.222949 0.222949
18770.12 0.222766 0.000000 0.000000 0.222766 0.222766
18775.13 0.222583 0.000000 0.000000 0.222583 0.222583
18780.13 0.222400 0.000000 0.000000 0.222400 0.222400
18785.13 0.222217 0.000000 0.000000 0.222217 0.222217
18790.13 0.222034 0.000000 0.000000 0.222034 0.222034
18795.13 0.221851 0.000000 0.000000 0.221851 0.221851
18800.13 0.221668 0.000000 0.000000 0.221668 0.221668
18805.13 0.221485 0.000000 0.000000 0.221485 0.221485
18810.13 0.221302 0.000000 0.000000 0.221302 0.221302
18815.14 0.221119 0.000000 0.000000 0.221119 0.221119
18820.14 0.220937 0.000000 0.000000 0.220937 0.220937
18825.14 0.220754 0.000000 0.000000 0.220754 0.220754
18830.14 0.220571 0.000000 0.000000 0.220571 0.220571
18835.14 0.220388 0.000000 0.000000 0.220388 0.220388
18840.14 0.220206 0.000000 0.000000 0.220206 0.220206
18845.14 0.220023 0.000000 0.000000 0.220023 0.220023
18850.15 0.219840 0.000000 0.000000 0.219840 0.219840
18855.15 0.219658 0.000000 0.000000 0.219658 0.219658
18860.15 0.219475 0.000000 0.000000 0.219475 0.219475
18865.15 0.219293 0.000000 0.000000 0.219293 0.219293
18870.15 0.219110 0.000000 0.000000 0.219110 0.219110
18875.15 0.218928 0.000000 0.000000 0.218928 0.218928
18880.15 0.218745 0.000000 0.000000 0.218745 0.218745
18885.16 0.218563 0.000000 0.000000 0.218563 0.218563
18890.16 0.218380 0.000000 0.000000 0.218380 0.218380
18895.16 0.218198 0.000000 0.000000 0.218198 0.218198
18900.16 0.218016 0.000000 0.000000 0.218016 0.218016
18905.16 0.217834 0.000000 0.000000 0.217834 0.217834
18910.16 0.217651 0.000000 0.000000 0.217651 0.217651
18915.16 0.217469 0.000000 0.000000 0.217469 0.217469
18920.16 0.217287 0.000000 0.000000 0.217287 0.217287
18925.17 0.217105 0.000000 0.000000 0.217105 0.217105
18930.17 0.216923 0.000000 0.000000 0.216923 0.216923
18935.17 0.216741 0.000000 0.000000 0.216741 0.216741
18940.17 0.216559 0.000000 0.000000 0.216559 0.216559
18945.17 0.216377 0.000000 0.000000 0.216377 0.216377
18950.17 0.216195 0.000000 0.000000 0.216195 0.216195
18955.17 0.216013 0.000000 0.000000 0.216013 0.216013
18960.18 0.215831 0.000000 0.000000 0.215831 0.215831
18965.18 0.215649 0.000000 0.000000 0.215649 0.215649
18970.18 0.215467 0.000000 0.000000 0.215467 0.215467
18975.18 0.215286 0.000000 0.000000 0.215286 0.215286
18980.18 0.215104 0.000000 0.000000 0.215104 0.215104
18985.18 0.214922 0.000000 0.000000 0.214922 0.214922
18990.18 0.214741 0.000000 0.000000 0.214741 0.214741
18995.19 0.214559 0.000000 0.000000 0.214559 0.214559
19000.19 0.214377 0.000000 0.000000 0.214377 0.214377
19005.19 0.214196 0.000000 0.000000 0.214196 0.214196
19010.19 0.214014 0.000000 0.000000 0.214014 0.214014
19015.19 0.213833 0.000000 0.000000 0.213833 0.213833
19020.19 0.213652 0.000000 0.000000 0.213652 0.213652
19025.19 0.213470 0.000000 0.000000 0.213470 0.213470
19030.19 0.213289 0.000000 0.000000 0.213289 0.213289
19035.20 0.213107 0.000000 0.000000 0.213107 0.213107
19040.20 0.212926 0.000000 0.000000 0.212926 0.212926
19045.20 0.212745 0.000000 0.000000 0.212745 0.212745
19050.20 0.212564 0.000000 0.000000 0.212564 0.212564
19055.20 0.212383 0.000000 0.000000 0.212383 0.212383
19060.20 0.212201 0.000000 0.000000 0.212201 0.212201
19065.20 0.212020 0.000000 0.000000 0.212020 0.212020
19070.21 0.211839 0.000000 0.000000 0.211839 0.211839
19075.21 0.211658 0.000000 0.000000 0.211658 0.211658
19080.21 0.211477 0.000000 0.000000 0.211477 0.211477
19085.21 0.211296 0.000000 0.000000 0.211296 0.211296
19090.21 0.211116 0.000000 0.000000 0.211116 0.211116
19095.21 0.210935 0.000000 0.000000 0.210935 0.210935
19100.21 0.210754 0.000000 0.000000 0.210754 0.210754
19105.22 0.210573 0.000000 0.000000 0.210573 0.210573
19110.22 0.210392 0.000000 0.000000 0.210392 0.210392
19115.22 0.210212 0.000000 0.000000 0.210212 0.210212
19120.22 0.210031 0.000000 0.000000 0.210031 0.210031
19125.22 0.209851 0.000000 0.000000 0.209851 0.209851
19130.22 0.209670 0.000000 0.000000 0.209670 0.209670
19135.22 0.209489 0.000000 0.000000 0.209489 0.209489
19140.22 0.209309 0.000000 0.000000 0.209309 0.209309
19145.23 0.209129 0.000000 0.000000 0.209129 0.209129
19150.23 0.208948 0.000000 0.000000 0.208948 0.208948
19155.23 0.208768 0.000000 0.000000 0.208768 0.208768
19160.23 0.208587 0.000000 0.000000 0.208587 0.208587
19165.23 0.208407 0.000000 0.000000 0.208407 0.208407
19170.23 0.208227 0.000000 0.000000 0.208227 0.208227
19175.23 0.208047 0.000000 0.000000 0.208047 0.208047
19180.24 0.207867 0.000000 0.000000 0.207867 0.207867
19185.24 0.207687 0.000000 0.000000 0.207687 0.207687
19190.24 0.207506 0.000000 0.000000 0.207506 0.207506
19195.24 0.207326 0.000000 0.000000 0.207326 0.207326
19200.24 0.207146 0.000000 0.000000 0.207146 0.207146
19205.24 0.206967 0.000000 0.000000 0.206967 0.206967
19210.24 0.206787 0.000000 0.000000 0.206787 0.206787
19215.25 0.206607 0.000000 0.000000 0.206607 0.206607
19220.25 0.206427 0.000000 0.000000 0.206427 0.206427
19225.25 0.206247 0.000000 0.000000 0.206247 0.206247
19230.25 0.206067 0.000000 0.000000 0.206067 0.206067
19235.25 0.205888 0.000000 0.000000 0.205888 0.205888
19240.25 0.205708 0.000000 0.000000 0.205708 0.205708
19245.25 0.205529 0.000000 0.000000 0.205529 0.205529
19250.25 0.205349 0.000000 0.000000 0.205349 0.205349
19255.26 0.205170 0.000000 0.000000 0.205170 0.205170
19260.26 0.204990 0.000000 0.000000 0.204990 0.204990
19265.26 0.204811 0.000000 0.000000 0.204811 0.204811
19270.26 0.204631 0.000000 0.000000 0.204631 0.204631
19275.26 0.204452 0.000000 0.000000 0.204452 0.204452
19280.26 0.204273 0.000000 0.000000 0.204273 0.204273
19285.26 0.204094 0.000000 0.000000 0.204094 0.204094
19290.27 0.203914 0.000000 0.000000 0.203914 0.203914
19295.27 0.203735 0.000000 0.000000 0.203735 0.203735
19300.27 0.203556 0.000000 0.000000 0.203556 0.203556
19305.27 0.203377 0.000000 0.000000 0.203377 0.203377
19310.27 0.203198 0.000000 0.000000 0.203198 0.203198
19315.27 0.203019 0.000000 0.000000 0.203019 0.203019
19320.27 0.202840 0.000000 0.000000 0.202840 0.202840
19325.28 0.202661 0.000000 0.000000 0.202661 0.202661
19330.28 0.202482 0.000000 0.000000 0.202482 0.202482
19335.28 0.202304 0.000000 0.000000 0.202304 0.202304
19340.28 0.202125 0.000000 0.000000 0.202125 0.202125
19345.28 0.201946 0.000000 0.000000 0.201946 0.201946
19350.28 0.201768 0.000000 0.000000 0.201768 0.201768
19355.28 0.201589 0.000000 0.000000 0.201589 0.201589
19360.28 0.201411 0.000000 0.000000 0.201411 0.201411
19365.29 0.201232 0.000000 0.000000 0.201232 0.201232
19370.29 0.201054 0.000000 0.000000 0.201054 0.201054
19375.29 0.200875 0.000000 0.000000 0.200875 0.200875
19380.29 0.200697 0.000000 0.000000 0.200697 0.200697
19385.29 0.200519 0.000000 0.000000 0.200519 0.200519
19390.29 0.200340 0.000000 0.000000 0.200340 0.200340
19395.29 0.200162 0.000000 0.000000 0.200162 0.200162
19400.30 0.199984 0.000000 0.000000 0.199984 0.199984
19405.30 0.199806 0.000000 0.000000 0.199806 0.199806
19410.30 0.199628 0.000000 0.000000 0.199628 0.199628
19415.30 0.199450 0.000000 0.000000 0.199450 0.199450
19420.30 0.199272 0.000000 0.000000 0.199272 0.199272
19425.30 0.199094 0.000000 0.000000 0.199094 0.199094
19430.30 0.198916 0.000000 0.000000 0.198916 0.198916
19435.31 0.198738 0.000000 0.000000 0.198738 0.198738
19440.31 0.198560 0.000000 0.000000 0.198560 0.198560
19445.31 0.198383 0.000000 0.000000 0.198383 0.198383
19450.31 0.198205 0.000000 0.000000 0.198205 0.198205
19455.31 0.198027 0.000000 0.000000 0.198027 0.198027
19460.31 0.197850 0.000000 0.000000 0.197850 0.197850
19465.31 0.197672 0.000000 0.000000 0.197672 0.197672
19470.31 0.197495 0.000000 0.000000 0.197495 0.197495
19475.32 0.197317 0.000000 0.000000 0.197317 0.197317
19480.32 0.197140 0.000000 0.000000 0.197140 0.197140
19485.32 0.196963 0.000000 0.000000 0.196963 0.196963
19490.32 0.196786 0.000000 0.000000 0.196786 0.196786
19495.32 0.196608 0.000000 0.000000 0.196608 0.196608
19500.32 0.196431 0.000000 0.000000 0.196431 0.196431
19505.32 0.196254 0.000000 0.000000 0.196254 0.196254
19510.33 0.196077 0.000000 0.000000 0.196077 0.196077
19515.33 0.195900 0.000000 0.000000 0.195900 0.195900
19520.33 0.195723 0.000000 0.000000 0.195723 0.195723
19525.33 0.195546 0.000000 0.000000 0.195546 0.195546
19530.33 0.195369 0.000000 0.000000 0.195369 0.195369
19535.33 0.195192 0.000000 0.000000 0.195192 0.195192
19540.33 0.195016 0.000000 0.000000 0.195016 0.195016
19545.33 0.194839 0.000000 0.000000 0.194839 0.194839
19550.34 0.194662 0.000000 0.000000 0.194662 0.194662
19555.34 0.194486 0.000000 0.000000 0.194486 0.194486
19560.34 0.194309 0.000000 0.000000 0.194309 0.194309
19565.34 0.194133 0.000000 0.000000 0.194133 0.194133
19570.34 0.193956 0.000000 0.000000 0.193956 0.193956
19575.34 0.193780 0.000000 0.000000 0.193780 0.193780
19580.34 0.193604 0.000000 0.000000 0.193604 0.193604
19585.35 0.193427 0.000000 0.000000 0.193427 0.193427
19590.35 0.193251 0.000000 0.000000 0.193251 0.193251
19595.35 0.193075 0.000000 0.000000 0.193075 0.193075
19600.35 0.192899 0.000000 0.000000 0.192899 0.192899
19605.35 0.192723 0.000000 0.000000 0.192723 0.192723
19610.35 0.192547 0.000000 0.000000 0.192547 0.192547
19615.35 0.192371 0.000000 0.000000 0.192371 0.192371
19620.36 0.192195 0.000000 0.000000 0.192195 0.192195
19625.36 0.192019 0.000000 0.000000 0.192019 0.192019
19630.36 0.191843 0.000000 0.000000 0.191843 0.191843
19635.36 0.191667 0.000000 0.000000 0.191667 0.191667
19640.36 0.191492 0.000000 0.000000 0.191492 0.191492
19645.36 0.191316 0.000000 0.000000 0.191316 0.191316
19650.36 0.191141 0.000000 0.000000 0.191141 0.191141
19655.36 0.190965 0.000000 0.000000 0.190965 0.190965
19660.37 0.190790 0.000000 0.000000 0.190790 0.190790
19665.37 0.190614 0.000000 0.000000 0.190614 0.190614
19670.37 0.190439 0.000000 0.000000 0.190439 0.190439
19675.37 0.190264 0.000000 0.000000 0.190264 0.190264
19680.37 0.190088 0.000000 0.000000 0.190088 0.190088
19685.37 0.189913 0.000000 0.000000 0.189913 0.189913
19690.37 0.189738 0.000000 0.000000 0.189738 0.189738
19695.38 0.189563 0.000000 0.000000 0.189563 0.189563
19700.38 0.189388 0.000000 0.000000 0.189388 0.189388
19705.38 0.189213 0.000000 0.000000 0.189213 0.189213
19710.38 0.189038 0.000000 0.000000 0.189038 0.189038
19715.38 0.188863 0.000000 0.000000 0.188863 0.188863
19720.38 0.188688 0.000000 0.000000 0.188688 0.188688
19725.38 0.188514 0.000000 0.000000 0.188514 0.188514
19730.39 0.188339 0.000000 0.000000 0.188339 0.188339
19735.39 0.188164 0.000000 0.000000 0.188164 0.188164
19740.39 0.187990 0.000000 0.000000 0.187990 0.187990
19745.39 0.187815 0.000000 0.000000 0.187815 0.187815
19750.39 0.187641 0.000000 0.000000 0.187641 0.187641
19755.39 0.187467 0.000000 0.000000 0.187467 0.187467
19760.39 0.187292 0.000000 0.000000 0.187292 0.187292
19765.39 0.187118 0.000000 0.000000 0.187118 0.187118
19770.40 0.186944 0.000000 0.000000 0.186944 0.186944
19775.40 0.186770 0.000000 0.000000 0.186770 0.186770
19780.40 0.186596 0.000000 0.000000 0.186596 0.186596
19785.40 0.186422 0.000000 0.000000 0.186422 0.186422
19790.40 0.186248 0.000000 0.000000 0.186248 0.186248
19795.40 0.186074 0.000000 0.000000 0.186074 0.186074
19800.40 0.185900 0.000000 0.000000 0.185900 0.185900
19805.41 0.185726 0.000000 0.000000 0.185726 0.185726
19810.41 0.185552 0.000000 0.000000 0.185552 0.185552
19815.41 0.185379 0.000000 0.000000 0.185379 0.185379
19820.41 0.185205 0.000000 0.000000 0.185205 0.185205
19825.41 0.185031 0.000000 0.000000 0.185031 0.185031
19830.41 0.184858 0.000000 0.000000 0.184858 0.184858
19835.41 0.184685 0.000000 0.000000 0.184685 0.184685
19840.42 0.184511 0.000000 0.000000 0.184511 0.184511
19845.42 0.184338 0.000000 0.000000 0.184338 0.184338
19850.42 0.184165 0.000000 0.000000 0.184165 0.184165
19855.42 0.183991 0.000000 0.000000 0.183991 0.183991
19860.42 0.183818 0.000000 0.000000 0.183818 0.183818
19865.42 0.183645 0.000000 0.000000 0.183645 0.183645
19870.42 0.183472 0.000000 0.000000 0.183472 0.183472
19875.42 0.183299 0.000000 0.000000 0.183299 0.183299
19880.43 0.183126 0.000000 0.000000 0.183126 0.183126
19885.43 0.182954 0.000000 0.000000 0.182954 0.182954
19890.43 0.182781 0.000000 0.000000 0.182781 0.182781
19895.43 0.182608 0.000000 0.000000 0.182608 0.182608
19900.43 0.182435 0.000000 0.000000 0.182435 0.182435
19905.43 0.182263 0.000000 0.000000 0.182263 0.182263
19910.43 0.182090 0.000000 0.000000 0.182090 0.182090
19915.44 0.181918 0.000000 0.000000 0.181918 0.181918
19920.44 0.181746 0.000000 0.000000 0.181746 0.181746
19925.44 0.181573 0.000000 0.000000 0.181573 0.181573
19930.44 0.181401 0.000000 0.000000 0.181401 0.181401
19935.44 0.181229 0.000000 0.000000 0.181229 0.181229
19940.44 0.181057 0.000000 0.000000 0.181057 0.181057
19945.44 0.180885 0.000000 0.000000 0.180885 0.180885
19950.45 0.180713 0.000000 0.000000 0.180713 0.180713
19955.45 0.180541 0.000000 0.000000 0.180541 0.180541
19960.45 0.180369 0.000000 0.000000 0.180369 0.180369
19965.45 0.180197 0.000000 0.000000 0.180197 0.180197
19970.45 0.180025 0.000000 0.000000 0.180025 0.180025
19975.45 0.179853 0.000000 0.000000 0.179853 0.179853
19980.45 0.179682 0.000000 0.000000 0.179682 0.179682
19985.45 0.179510 0.000000 0.000000 0.179510 0.179510
19990.46 0.179339 0.000000 0.000000 0.179339 0.179339
19995.46 0.179167 0.000000 0.000000 0.179167 0.179167
20000.46 0.178996 0.000000 0.000000 0.178996 0.178996
20005.46 0.178825 0.000000 0.000000 0.178825 0.178825
20010.46 0.178653 0.000000 0.000000 0.178653 0.178653
20015.46 0.178482 0.000000 0.000000 0.178482 0.178482
20020.46 0.178311 0.000000 0.000000 0.178311 0.178311
20025.47 0.178140 0.000000 0.000000 0.178140 0.178140
20030.47 0.177969 0.000000 0.000000 0.177969 0.177969
20035.47 0.177798 0.000000 0.000000 0.177798 0.177798
20040.47 0.177627 0.000000 0.000000 0.177627 0.177627
20045.47 0.177457 0.000000 0.000000 0.177457 0.177457
20050.47 0.177286 0.000000 0.000000 0.177286 0.177286
20055.47 0.176486 0.000000 0.000000 0.177115 0.176486
20060.48 0.150343 0.000000 0.000000 0.176945 0.150343
20065.48 0.175700 0.000000 0.000000 0.176774 0.095700
20070.48 0.180899 0.000000 0.000000 0.176604 0.180899
20075.48 0.175739 0.000000 0.000000 0.176433 0.175739
20080.48 0.177360 0.000000 0.000000 0.176263 0.177360
20085.48 0.171338 0.000000 0.000000 0.176093 0.171338
20090.48 0.173370 0.000000 0.000000 0.175923 0.173370
20095.48 0.177817 0.000000 0.000000 0.175753 0.177817
20100.49 0.177838 0.000000 0.000000 0.175582 0.177838
20105.49 0.175470 0.000000 0.000000 0.175412 0.175470
20110.49 0.176562 0.000000 0.000000 0.175243 0.176562
20115.49 0.178955 0.000000 0.000000 0.175073 0.178955
20120.49 0.178820 0.000000 0.000000 0.174903 0.178820
20125.49 0.173367 0.000000 0.000000 0.174733 0.173367
20130.49 0.170652 0.000000 0.000000 0.174564 0.170652
20135.50 0.171304 0.000000 0.000000 0.174394 0.171304
20140.50 0.173024 0.000000 0.000000 0.174225 0.173024
20145.50 0.171483 0.000000 0.000000 0.174055 0.171483
20150.50 0.170812 0.000000 0.000000 0.173886 0.170812
20155.50 0.177770 0.000000 0.000000 0.173717 0.177770
20160.50 0.178769 0.000000 0.000000 0.173547 0.178769
20165.50 0.173086 0.000000 0.000000 0.173378 0.173086
20170.51 0.170049 0.000000 0.000000 0.173209 0.170049
20175.51 0.171952 0.000000 0.000000 0.173040 0.171952
20180.51 0.171672 0.000000 0.000000 0.172871 0.171672
20185.51 0.176133 0.000000 0.000000 0.172702 0.176133
20190.51 0.173394 0.000000 0.000000 0.172533 0.173394
20195.51 0.171413 0.000000 0.000000 0.172365 0.171413
20200.51 0.171834 0.000000 0.000000 0.172196 0.171834
20205.51 0.172798 0.000000 0.000000 0.172027 0.172798
20210.52 0.169778 0.000000 0.000000 0.171859 0.169778
20215.52 0.165562 0.000000 0.000000 0.171691 0.165562
20220.52 0.161969 0.000000 0.000000 0.171522 0.161969
20225.52 0.165409 0.000000 0.000000 0.171354 0.165409
20230.52 0.170722 0.000000 0.000000 0.171186 0.170722
20235.52 0.171397 0.000000 0.000000 0.171017 0.171397
20240.52 0.172858 0.000000 0.000000 0.170849 0.172858
20245.53 0.173244 0.000000 0.000000 0.170681 0.173244
20250.53 0.167461 0.000000 0.000000 0.170513 0.167461
20255.53 0.167375 0.000000 0.000000 0.170345 0.167375
20260.53 0.172508 0.000000 0.000000 0.170178 0.172508
20265.53 0.170360 0.000000 0.000000 0.170010 0.170360
20270.53 0.163384 0.000000 0.000000 0.169842 0.163384
20275.53 0.165579 0.000000 0.000000 0.169675 0.165579
20280.54 0.164449 0.000000 0.000000 0.169507 0.164449
20285.54 0.165146 0.000000 0.000000 0.169340 0.165146
20290.54 0.165513 0.000000 0.000000 0.169172 0.165513
20295.54 0.166280 0.000000 0.000000 0.169005 0.166280
20300.54 0.167103 0.000000 0.000000 0.168838 0.167103
20305.54 0.168202 0.000000 0.000000 0.168671 0.168202
20310.54 0.170036 0.000000 0.000000 0.168504 0.170036
20315.54 0.172423 0.000000 0.000000 0.168337 0.172423
20320.55 0.174095 0.000000 0.000000 0.168170 0.174095
20325.55 0.169015 0.000000 0.000000 0.168003 0.169015
20330.55 0.169439 0.000000 0.000000 0.167836 0.169439
20335.55 0.172972 0.000000 0.000000 0.167669 0.172972
20340.55 0.172142 0.000000 0.000000 0.167503 0.172142
20345.55 0.169978 0.000000 0.000000 0.167336 0.169978
20350.55 0.171417 0.000000 0.000000 0.167170 0.171417
20355.56 0.169382 0.000000 0.000000 0.167003 0.169382
20360.56 0.163531 0.000000 0.000000 0.166837 0.163531
20365.56 0.162443 0.000000 0.000000 0.166671 0.162443
20370.56 0.165392 0.000000 0.000000 0.166504 0.165392
20375.56 0.164843 0.000000 0.000000 0.166338 0.164843
20380.56 0.164111 0.000000 0.000000 0.166172 0.164111
20385.56 0.162192 0.000000 0.000000 0.166006 0.162192
20390.57 0.161990 0.000000 0.000000 0.165840 0.161990
20395.57 0.169003 0.000000 0.000000 0.165675 0.169003
20400.57 0.170145 0.000000 0.000000 0.165509 0.170145
20405.57 0.165299 0.000000 0.000000 0.165343 0.165299
20410.57 0.162716 0.000000 0.000000 0.165178 0.162716
20415.57 0.164744 0.000000 0.000000 0.165012 0.164744
20420.57 0.163688 0.000000 0.000000 0.164847 0.163688
20425.57 0.162391 0.000000 0.000000 0.164681 0.162391
20430.58 0.165615 0.000000 0.000000 0.164516 0.165615
20435.58 0.167482 0.000000 0.000000 0.164351 0.167482
20440.58 0.163445 0.000000 0.000000 0.164186 0.163445
20445.58 0.165973 0.000000 0.000000 0.164021 0.165973
20450.58 0.167016 0.000000 0.000000 0.163856 0.167016
20455.58 0.160287 0.000000 0.000000 0.163691 0.160287
20460.58 0.159763 0.000000 0.000000 0.163526 0.159763
20465.59 0.161677 0.000000 0.000000 0.163361 0.161677
20470.59 0.157972 0.000000 0.000000 0.163197 0.157972
20475.59 0.161612 0.000000 0.000000 0.163032 0.161612
20480.59 0.164409 0.000000 0.000000 0.162868 0.164409
20485.59 0.165844 0.000000 0.000000 0.162703 0.165844
20490.59 0.166789 0.000000 0.000000 0.162539 0.166789
20495.59 0.163542 0.000000 0.000000 0.162375 0.163542
20500.59 0.162573 0.000000 0.000000 0.162210 0.162573
20505.60 0.155430 0.000000 0.000000 0.162046 0.155430
20510.60 0.154238 0.000000 0.000000 0.161882 0.154238
20515.60 0.161236 0.000000 0.000000 0.161718 0.161236
20520.60 0.161648 0.000000 0.000000 0.161555 0.161648
20525.60 0.160599 0.000000 0.000000 0.161391 0.160599
20530.60 0.162548 0.000000 0.000000 0.161227 0.162548
20535.60 0.163037 0.000000 0.000000 0.161063 0.163037
20540.61 0.163605 0.000000 0.000000 0.160900 0.163605
20545.61 0.158941 0.000000 0.000000 0.160736 0.158941
20550.61 0.155598 0.000000 0.000000 0.160573 0.155598
20555.61 0.156800 0.000000 0.000000 0.160410 0.156800
20560.61 0.156301 0.000000 0.000000 0.160246 0.156301
20565.61 0.154832 0.000000 0.000000 0.160083 0.154832
20570.61 0.152878 0.000000 0.000000 0.159920 0.152878
20575.62 0.156739 0.000000 0.000000 0.159757 0.156739
20580.62 0.160049 0.000000 0.000000 0.159594 0.160049
20585.62 0.159878 0.000000 0.000000 0.159432 0.159878
20590.62 0.155722 0.000000 0.000000 0.159269 0.155722
20595.62 0.151831 0.000000 0.000000 0.159106 0.151831
20600.62 0.155801 0.000000 0.000000 0.158944 0.155801
20605.62 0.155040 0.000000 0.000000 0.158781 0.155040
20610.62 0.153453 0.000000 0.000000 0.158619 0.153453
20615.63 0.154057 0.000000 0.000000 0.158456 0.154057
20620.63 0.156402 0.000000 0.000000 0.158294 0.156402
20625.63 0.158175 0.000000 0.000000 0.158132 0.158175
20630.63 0.159085 0.000000 0.000000 0.157970 0.159085
20635.63 0.158832 0.000000 0.000000 0.157808 0.158832
20640.63 0.152904 0.000000 0.000000 0.157646 0.152904
20645.63 0.151805 0.000000 0.000000 0.157484 0.151805
20650.64 0.154691 0.000000 0.000000 0.157322 0.154691
20655.64 0.157248 0.000000 0.000000 0.157161 0.157248
20660.64 0.158325 0.000000 0.000000 0.156999 0.158325
20665.64 0.157472 0.000000 0.000000 0.156838 0.157472
20670.64 0.158313 0.000000 0.000000 0.156676 0.158313
20675.64 0.156558 0.000000 0.000000 0.156515 0.156558
20680.64 0.154778 0.000000 0.000000 0.156353 0.154778
20685.65 0.154329 0.000000 0.000000 0.156192 0.154329
20690.65 0.155353 0.000000 0.000000 0.156031 0.155353
20695.65 0.158082 0.000000 0.000000 0.155870 0.158082
20700.65 0.157134 0.000000 0.000000 0.155709 0.157134
20705.65 0.153692 0.000000 0.000000 0.155548 0.153692
20710.65 0.152279 0.000000 0.000000 0.155388 0.152279
20715.65 0.155796 0.000000 0.000000 0.155227 0.155796
20720.65 0.156095 0.000000 0.000000 0.155066 0.156095
20725.66 0.155366 0.000000 0.000000 0.154906 0.155366
20730.66 0.154075 0.000000 0.000000 0.154746 0.154075
20735.66 0.153416 0.000000 0.000000 0.154585 0.153416
20740.66 0.154139 0.000000 0.000000 0.154425 0.154139
20745.66 0.152314 0.000000 0.000000 0.154265 0.152314
20750.66 0.150752 0.000000 0.000000 0.154105 0.150752
20755.66 0.153076 0.000000 0.000000 0.153945 0.153076
20760.67 0.154703 0.000000 0.000000 0.153785 0.154703
20765.67 0.154266 0.000000 0.000000 0.153625 0.154266
20770.67 0.154178 0.000000 0.000000 0.153465 0.154178
20775.67 0.153856 0.000000 0.000000 0.153306 0.153856
20780.67 0.152924 0.000000 0.000000 0.153146 0.152924
20785.67 0.153278 0.000000 0.000000 0.152987 0.153278
20790.67 0.153224 0.000000 0.000000 0.152827 0.153224
20795.68 0.153372 0.000000 0.000000 0.152668 0.153372
20800.68 0.153343 0.000000 0.000000 0.152509 0.153343
20805.68 0.152374 0.000000 0.000000 0.152350 0.152374
20810.68 0.150673 0.000000 0.000000 0.152191 0.150673
20815.68 0.150122 0.000000 0.000000 0.152032 0.150122
20820.68 0.151892 0.000000 0.000000 0.151873 0.151892
20825.68 0.151788 0.000000 0.000000 0.151714 0.151788
20830.68 0.151960 0.000000 0.000000 0.151555 0.151960
20835.69 0.153034 0.000000 0.000000 0.151397 0.153034
20840.69 0.150579 0.000000 0.000000 0.151238 0.150579
20845.69 0.150806 0.000000 0.000000 0.151080 0.150806
20850.69 0.150644 0.000000 0.000000 0.150921 0.150644
20855.69 0.149878 0.000000 0.000000 0.150763 0.149878
20860.69 0.151148 0.000000 0.000000 0.150605 0.151148
20865.69 0.149969 0.000000 0.000000 0.150447 0.149969
20870.70 0.150131 0.000000 0.000000 0.150289 0.150131
20875.70 0.151293 0.000000 0.000000 0.150131 0.151293
20880.70 0.151445 0.000000 0.000000 0.149973 0.151445
20885.70 0.150145 0.000000 0.000000 0.149816 0.150145
20890.70 0.150224 0.000000 0.000000 0.149658 0.150224
20895.70 0.151081 0.000000 0.000000 0.149500 0.151081
20900.70 0.149516 0.000000 0.000000 0.149343 0.149516
20905.71 0.150114 0.000000 0.000000 0.149186 0.150114
20910.71 0.151122 0.000000 0.000000 0.149028 0.151122
20915.71 0.148661 0.000000 0.000000 0.148871 0.148661
20920.71 0.148214 0.000000 0.000000 0.148714 0.148214
20925.71 0.146464 0.000000 0.000000 0.148557 0.146464
20930.71 0.145709 0.000000 0.000000 0.148400 0.145709
20935.71 0.147546 0.000000 0.000000 0.148244 0.147546
20940.71 0.148523 0.000000 0.000000 0.148087 0.148523
20945.72 0.148607 0.000000 0.000000 0.147930 0.148607
20950.72 0.147853 0.000000 0.000000 0.147774 0.147853
20955.72 0.147204 0.000000 0.000000 0.147617 0.147204
20960.72 0.148222 0.000000 0.000000 0.147461 0.148222
20965.72 0.148174 0.000000 0.000000 0.147305 0.148174
20970.72 0.147013 0.000000 0.000000 0.147148 0.147013
20975.72 0.145887 0.000000 0.000000 0.146992 0.145887
20980.73 0.145701 0.000000 0.000000 0.146836 0.145701
20985.73 0.145978 0.000000 0.000000 0.146680 0.145978
20990.73 0.146285 0.000000 0.000000 0.146525 0.146285
20995.73 0.147563 0.000000 0.000000 0.146369 0.147563
21000.73 0.146332 0.000000 0.000000 0.146213 0.146332
21005.73 0.146335 0.000000 0.000000 0.146058 0.146335
21010.73 0.145935 0.000000 0.000000 0.145902 0.145935
21015.74 0.145384 0.000000 0.000000 0.145747 0.145384
21020.74 0.143032 0.000000 0.000000 0.145592 0.143032
21025.74 0.144312 0.000000 0.000000 0.145437 0.144312
21030.74 0.145481 0.000000 0.000000 0.145282 0.145481
21035.74 0.144141 0.000000 0.000000 0.145127 0.144141
21040.74 0.145395 0.000000 0.000000 0.144972 0.145395
21045.74 0.146804 0.000000 0.000000 0.144817 0.146804
21050.74 0.145651 0.000000 0.000000 0.144662 0.145651
21055.75 0.144820 0.000000 0.000000 0.144508 0.144820
21060.75 0.144891 0.000000 0.000000 0.144353 0.144891
21065.75 0.141946 0.000000 0.000000 0.144199 0.141946
21070.75 0.135256 0.000000 0.000000 0.144045 0.135256
21075.75 0.136612 0.000000 0.000000 0.143890 0.136612
21080.75 0.142963 0.000000 0.000000 0.143736 0.142963
21085.75 0.144478 0.000000 0.000000 0.143582 0.144478
21090.76 0.141946 0.000000 0.000000 0.143428 0.141946
21095.76 0.142581 0.000000 0.000000 0.143274 0.142581
21100.76 0.142473 0.000000 0.000000 0.143121 0.142473
21105.76 0.139948 0.000000 0.000000 0.142967 0.139948
21110.76 0.141759 0.000000 0.000000 0.142813 0.141759
21115.76 0.142168 0.000000 0.000000 0.142660 0.142168
21120.76 0.141876 0.000000 0.000000 0.142507 0.141876
21125.77 0.143432 0.000000 0.000000 0.142353 0.143432
21130.77 0.143215 0.000000 0.000000 0.142200 0.143215
21135.77 0.141864 0.000000 0.000000 0.142047 0.141864
21140.77 0.142680 0.000000 0.000000 0.141894 0.142680
21145.77 0.142674 0.000000 0.000000 0.141741 0.142674
21150.77 0.141973 0.000000 0.000000 0.141589 0.141973
21155.77 0.141743 0.000000 0.000000 0.141436 0.141743
21160.77 0.140817 0.000000 0.000000 0.141283 0.140817
21165.78 0.140316 0.000000 0.000000 0.141131 0.140316
21170.78 0.137923 0.000000 0.000000 0.140978 0.137923
21175.78 0.133998 0.000000 0.000000 0.140826 0.133998
21180.78 0.138429 0.000000 0.000000 0.140674 0.138429
21185.78 0.138970 0.000000 0.000000 0.140522 0.138970
21190.78 0.137569 0.000000 0.000000 0.140370 0.137569
21195.78 0.139848 0.000000 0.000000 0.140218 0.139848
21200.79 0.140322 0.000000 0.000000 0.140066 0.140322
21205.79 0.139265 0.000000 0.000000 0.139915 0.139265
21210.79 0.137718 0.000000 0.000000 0.139763 0.137718
21215.79 0.136158 0.000000 0.000000 0.139611 0.136158
21220.79 0.137266 0.000000 0.000000 0.139460 0.137266
21225.79 0.139165 0.000000 0.000000 0.139309 0.139165
21230.79 0.139743 0.000000 0.000000 0.139157 0.139743
21235.80 0.139784 0.000000 0.000000 0.139006 0.139784
21240.80 0.140321 0.000000 0.000000 0.138855 0.140321
21245.80 0.140771 0.000000 0.000000 0.138704 0.140771
21250.80 0.138000 0.000000 0.000000 0.138554 0.138000
21255.80 0.136178 0.000000 0.000000 0.138403 0.136178
21260.80 0.137283 0.000000 0.000000 0.138252 0.137283
21265.80 0.139243 0.000000 0.000000 0.138102 0.139243
21270.80 0.139157 0.000000 0.000000 0.137951 0.139157
21275.81 0.136842 0.000000 0.000000 0.137801 0.136842
21280.81 0.135600 0.000000 0.000000 0.137651 0.135600
21285.81 0.135895 0.000000 0.000000 0.137501 0.135895
21290.81 0.136746 0.000000 0.000000 0.137351 0.136746
21295.81 0.137057 0.000000 0.000000 0.137201 0.137057
21300.81 0.136846 0.000000 0.000000 0.137051 0.136846
21305.81 0.136498 0.000000 0.000000 0.136901 0.136498
21310.82 0.136657 0.000000 0.000000 0.136752 0.136657
21315.82 0.138052 0.000000 0.000000 0.136602 0.138052
21320.82 0.138782 0.000000 0.000000 0.136453 0.138782
21325.82 0.138196 0.000000 0.000000 0.136304 0.138196
21330.82 0.136230 0.000000 0.000000 0.136154 0.136230
21335.82 0.134310 0.000000 0.000000 0.136005 0.134310
21340.82 0.132926 0.000000 0.000000 0.135856 0.132926
21345.83 0.134796 0.000000 0.000000 0.135707 0.134796
21350.83 0.134870 0.000000 0.000000 0.135559 0.134870
21355.83 0.134194 0.000000 0.000000 0.135410 0.134194
21360.83 0.134280 0.000000 0.000000 0.135261 0.134280
21365.83 0.131810 0.000000 0.000000 0.135113 0.131810
21370.83 0.132720 0.000000 0.000000 0.134964 0.132720
21375.83 0.135547 0.000000 0.000000 0.134816 0.135547
21380.83 0.135278 0.000000 0.000000 0.134668 0.135278
21385.84 0.135768 0.000000 0.000000 0.134520 0.135768
21390.84 0.135385 0.000000 0.000000 0.134372 0.135385
21395.84 0.132775 0.000000 0.000000 0.134224 0.132775
21400.84 0.132328 0.000000 0.000000 0.134076 0.132328
21405.84 0.134593 0.000000 0.000000 0.133929 0.134593
21410.84 0.132772 0.000000 0.000000 0.133781 0.132772
21415.84 0.133181 0.000000 0.000000 0.133634 0.133181
21420.85 0.133197 0.000000 0.000000 0.133486 0.133197
21425.85 0.132284 0.000000 0.000000 0.133339 0.132284
21430.85 0.133656 0.000000 0.000000 0.133192 0.133656
21435.85 0.133497 0.000000 0.000000 0.133045 0.133497
21440.85 0.129196 0.000000 0.000000 0.132898 0.129196
21445.85 0.131117 0.000000 0.000000 0.132751 0.131117
21450.85 0.132838 0.000000 0.000000 0.132604 0.132838
21455.85 0.132089 0.000000 0.000000 0.132458 0.132089
21460.86 0.130946 0.000000 0.000000 0.132311 0.130946
21465.86 0.131558 0.000000 0.000000 0.132165 0.131558
21470.86 0.132354 0.000000 0.000000 0.132019 0.132354
21475.86 0.132139 0.000000 0.000000 0.131872 0.132139
21480.86 0.132912 0.000000 0.000000 0.131726 0.132912
21485.86 0.131328 0.000000 0.000000 0.131580 0.131328
21490.86 0.131561 0.000000 0.000000 0.131434 0.131561
21495.87 0.131344 0.000000 0.000000 0.131289 0.131344
21500.87 0.131058 0.000000 0.000000 0.131143 0.131058
21505.87 0.131004 0.000000 0.000000 0.130997 0.131004
21510.87 0.130856 0.000000 0.000000 0.130852 0.130856
21515.87 0.130675 0.000000 0.000000 0.130707 0.130675
21520.87 0.131157 0.000000 0.000000 0.130561 0.131157
21525.87 0.132306 0.000000 0.000000 0.130416 0.132306
21530.88 0.130252 0.000000 0.000000 0.130271 0.130252
21535.88 0.131186 0.000000 0.000000 0.130126 0.131186
21540.88 0.130375 0.000000 0.000000 0.129982 0.130375
21545.88 0.130158 0.000000 0.000000 0.129837 0.130158
21550.88 0.128808 0.000000 0.000000 0.129692 0.128808
21555.88 0.127516 0.000000 0.000000 0.129548 0.127516
21560.88 0.128342 0.000000 0.000000 0.129403 0.128342
21565.88 0.129409 0.000000 0.000000 0.129259 0.129409
21570.89 0.130698 0.000000 0.000000 0.129115 0.130698
21575.89 0.127369 0.000000 0.000000 0.128971 0.127369
21580.89 0.125452 0.000000 0.000000 0.128827 0.125452
21585.89 0.128515 0.000000 0.000000 0.128683 0.128515
21590.89 0.129314 0.000000 0.000000 0.128539 0.129314
21595.89 0.127264 0.000000 0.000000 0.128396 0.127264
21600.89 0.126667 0.000000 0.000000 0.128252 0.126667
21605.90 0.126825 0.000000 0.000000 0.128109 0.126825
21610.90 0.127161 0.000000 0.000000 0.127966 0.127161
21615.90 0.126178 0.000000 0.000000 0.127823 0.126178
21620.90 0.125138 0.000000 0.000000 0.127679 0.125138
21625.90 0.124743 0.000000 0.000000 0.127536 0.124743
21630.90 0.123609 0.000000 0.000000 0.127394 0.123609
21635.90 0.124227 0.000000 0.000000 0.127251 0.124227
21640.91 0.126252 0.000000 0.000000 0.127108 0.126252
21645.91 0.127947 0.000000 0.000000 0.126966 0.127947
21650.91 0.126712 0.000000 0.000000 0.126823 0.126712
21655.91 0.126567 0.000000 0.000000 0.126681 0.126567
21660.91 0.125569 0.000000 0.000000 0.126539 0.125569
21665.91 0.125563 0.000000 0.000000 0.126397 0.125563
21670.91 0.127045 0.000000 0.000000 0.126255 0.127045
21675.91 0.125980 0.000000 0.000000 0.126113 0.125980
21680.92 0.124412 0.000000 0.000000 0.125971 0.124412
21685.92 0.125296 0.000000 0.000000 0.125830 0.125296
21690.92 0.125172 0.000000 0.000000 0.125688 0.125172
21695.92 0.125672 0.000000 0.000000 0.125547 0.125672
21700.92 0.124544 0.000000 0.000000 0.125405 0.124544
21705.92 0.122832 0.000000 0.000000 0.125264 0.122832
21710.92 0.122278 0.000000 0.000000 0.125123 0.122278
21715.93 0.119553 0.000000 0.000000 0.124982 0.119553
21720.93 0.121929 0.000000 0.000000 0.124841 0.121929
21725.93 0.124563 0.000000 0.000000 0.124701 0.124563
21730.93 0.124262 0.000000 0.000000 0.124560 0.124262
21735.93 0.125532 0.000000 0.000000 0.124420 0.125532
21740.93 0.125984 0.000000 0.000000 0.124279 0.125984
21745.93 0.125551 0.000000 0.000000 0.124139 0.125551
21750.94 0.124942 0.000000 0.000000 0.123999 0.124942
21755.94 0.123770 0.000000 0.000000 0.123859 0.123770
21760.94 0.122346 0.000000 0.000000 0.123719 0.122346
21765.94 0.121481 0.000000 0.000000 0.123579 0.121481
21770.94 0.121460 0.000000 0.000000 0.123439 0.121460
21775.94 0.121392 0.000000 0.000000 0.123300 0.121392
21780.94 0.121059 0.000000 0.000000 0.123160 0.121059
21785.94 0.122238 0.000000 0.000000 0.123021 0.122238
21790.95 0.121398 0.000000 0.000000 0.122882 0.121398
21795.95 0.118754 0.000000 0.000000 0.122742 0.118754
21800.95 0.119658 0.000000 0.000000 0.122603 0.119658
21805.95 0.123411 0.000000 0.000000 0.122464 0.123411
21810.95 0.123529 0.000000 0.000000 0.122326 0.123529
21815.95 0.121372 0.000000 0.000000 0.122187 0.121372
21820.95 0.122409 0.000000 0.000000 0.122048 0.122409
21825.96 0.123385 0.000000 0.000000 0.121910 0.123385
21830.96 0.119448 0.000000 0.000000 0.121772 0.119448
21835.96 0.117866 0.000000 0.000000 0.121633 0.117866
21840.96 0.119693 0.000000 0.000000 0.121495 0.119693
21845.96 0.120530 0.000000 0.000000 0.121357 0.120530
21850.96 0.121562 0.000000 0.000000 0.121219 0.121562
21855.96 0.120038 0.000000 0.000000 0.121082 0.120038
21860.97 0.119969 0.000000 0.000000 0.120944 0.119969
21865.97 0.121646 0.000000 0.000000 0.120807 0.121646
21870.97 0.121410 0.000000 0.000000 0.120669 0.121410
21875.97 0.120192 0.000000 0.000000 0.120532 0.120192
21880.97 0.120399 0.000000 0.000000 0.120395 0.120399
21885.97 0.117420 0.000000 0.000000 0.120258 0.117420
21890.97 0.111906 0.000000 0.000000 0.120121 0.111906
21895.97 0.112911 0.000000 0.000000 0.119984 0.112911
21900.98 0.116231 0.000000 0.000000 0.119847 0.116231
21905.98 0.111819 0.000000 0.000000 0.119711 0.111819
21910.98 0.109225 0.000000 0.000000 0.119574 0.109225
21915.98 0.115597 0.000000 0.000000 0.119438 0.115597
21920.98 0.119792 0.000000 0.000000 0.119302 0.119792
21925.98 0.119788 0.000000 0.000000 0.119165 0.119788
21930.98 0.119903 0.000000 0.000000 0.119029 0.119903
21935.99 0.119829 0.000000 0.000000 0.118894 0.119829
21940.99 0.120023 0.000000 0.000000 0.118758 0.120023
21945.99 0.119638 0.000000 0.000000 0.118622 0.119638
21950.99 0.117788 0.000000 0.000000 0.118487 0.117788
21955.99 0.116958 0.000000 0.000000 0.118351 0.116958
21960.99 0.118108 0.000000 0.000000 0.118216 0.118108
21965.99 0.117969 0.000000 0.000000 0.118081 0.117969
21971.00 0.117069 0.000000 0.000000 0.117946 0.117069
21976.00 0.117509 0.000000 0.000000 0.117811 0.117509
21981.00 0.117167 0.000000 0.000000 0.117676 0.117167
21986.00 0.116506 0.000000 0.000000 0.117541 0.116506
21991.00 0.119485 0.000000 0.000000 0.117407 0.119485
21996.00 0.117061 0.000000 0.000000 0.117272 0.117061
22001.00 0.114083 0.000000 0.000000 0.117138 0.114083
22006.00 0.115222 0.000000 0.000000 0.117004 0.115222
22011.01 0.112829 0.000000 0.000000 0.116869 0.112829
22016.01 0.112480 0.000000 0.000000 0.116735 0.112480
22021.01 0.115447 0.000000 0.000000 0.116601 0.115447
22026.01 0.117198 0.000000 0.000000 0.116468 0.117198
22031.01 0.115536 0.000000 0.000000 0.116334 0.115536
22036.01 0.116624 0.000000 0.000000 0.116200 0.116624
22041.01 0.118164 0.000000 0.000000 0.116067 0.118164
22046.02 0.117227 0.000000 0.000000 0.115934 0.117227
22051.02 0.117577 0.000000 0.000000 0.115800 0.117577
22056.02 0.116270 0.000000 0.000000 0.115667 0.116270
22061.02 0.114878 0.000000 0.000000 0.115534 0.114878
22066.02 0.109635 0.000000 0.000000 0.115402 0.109635
22071.02 0.105782 0.000000 0.000000 0.115269 0.105782
22076.02 0.108638 0.000000 0.000000 0.115136 0.108638
22081.03 0.112833 0.000000 0.000000 0.115004 0.112833
22086.03 0.114145 0.000000 0.000000 0.114871 0.114145
22091.03 0.113363 0.000000 0.000000 0.114739 0.113363
22096.03 0.110874 0.000000 0.000000 0.114607 0.110874
22101.03 0.109994 0.000000 0.000000 0.114475 0.109994
22106.03 0.111835 0.000000 0.000000 0.114343 0.111835
22111.03 0.113639 0.000000 0.000000 0.114211 0.113639
22116.03 0.114020 0.000000 0.000000 0.114079 0.114020
22121.04 0.113206 0.000000 0.000000 0.113948 0.113206
22126.04 0.113507 0.000000 0.000000 0.113816 0.113507
22131.04 0.114941 0.000000 0.000000 0.113685 0.114941
22136.04 0.113772 0.000000 0.000000 0.113554 0.113772
22141.04 0.112215 0.000000 0.000000 0.113422 0.112215
22146.04 0.111998 0.000000 0.000000 0.113291 0.111998
22151.04 0.112829 0.000000 0.000000 0.113161 0.112829
22156.05 0.113959 0.000000 0.000000 0.113030 0.113959
22161.05 0.112874 0.000000 0.000000 0.112899 0.112874
22166.05 0.113421 0.000000 0.000000 0.112769 0.113421
22171.05 0.112609 0.000000 0.000000 0.112638 0.112609
22176.05 0.112640 0.000000 0.000000 0.112508 0.112640
22181.05 0.112663 0.000000 0.000000 0.112378 0.112663
22186.05 0.111877 0.000000 0.000000 0.112247 0.111877
22191.06 0.112300 0.000000 0.000000 0.112117 0.112300
22196.06 0.111656 0.000000 0.000000 0.111988 0.111656
22201.06 0.110390 0.000000 0.000000 0.111858 0.110390
22206.06 0.110829 0.000000 0.000000 0.111728 0.110829
22211.06 0.112901 0.000000 0.000000 0.111599 0.112901
22216.06 0.112238 0.000000 0.000000 0.111469 0.112238
22221.06 0.110358 0.000000 0.000000 0.111340 0.110358
22226.06 0.110184 0.000000 0.000000 0.111211 0.110184
22231.07 0.110649 0.000000 0.000000 0.111082 0.110649
22236.07 0.112095 0.000000 0.000000 0.110953 0.112095
22241.07 0.111915 0.000000 0.000000 0.110824 0.111915
22246.07 0.110446 0.000000 0.000000 0.110695 0.110446
22251.07 0.111304 0.000000 0.000000 0.110567 0.111304
22256.07 0.110782 0.000000 0.000000 0.110438 0.110782
22261.07 0.111429 0.000000 0.000000 0.110310 0.111429
22266.08 0.110034 0.000000 0.000000 0.110181 0.110034
22271.08 0.106468 0.000000 0.000000 0.110053 0.106468
22276.08 0.107768 0.000000 0.000000 0.109925 0.107768
22281.08 0.108837 0.000000 0.000000 0.109797 0.108837
22286.08 0.106463 0.000000 0.000000 0.109669 0.106463
22291.08 0.106537 0.000000 0.000000 0.109542 0.106537
22296.08 0.108109 0.000000 0.000000 0.109414 0.108109
22301.09 0.109276 0.000000 0.000000 0.109287 0.109276
22306.09 0.110468 0.000000 0.000000 0.109159 0.110468
22311.09 0.109217 0.000000 0.000000 0.109032 0.109217
22316.09 0.110227 0.000000 0.000000 0.108905 0.110227
22321.09 0.109969 0.000000 0.000000 0.108778 0.109969
22326.09 0.108172 0.000000 0.000000 0.108651 0.108172
22331.09 0.108429 0.000000 0.000000 0.108524 0.108429
22336.09 0.109105 0.000000 0.000000 0.108397 0.109105
22341.10 0.109984 0.000000 0.000000 0.108271 0.109984
22346.10 0.109926 0.000000 0.000000 0.108144 0.109926
22351.10 0.107767 0.000000 0.000000 0.108018 0.107767
22356.10 0.106298 0.000000 0.000000 0.107892 0.106298
22361.10 0.105930 0.000000 0.000000 0.107766 0.105930
22366.10 0.105760 0.000000 0.000000 0.107640 0.105760
22371.10 0.105983 0.000000 0.000000 0.107514 0.105983
22376.11 0.106704 0.000000 0.000000 0.107388 0.106704
22381.11 0.107162 0.000000 0.000000 0.107262 0.107162
22386.11 0.107722 0.000000 0.000000 0.107137 0.107722
22391.11 0.105970 0.000000 0.000000 0.107011 0.105970
22396.11 0.104697 0.000000 0.000000 0.106886 0.104697
22401.11 0.105957 0.000000 0.000000 0.106761 0.105957
22406.11 0.105327 0.000000 0.000000 0.106636 0.105327
22411.12 0.106216 0.000000 0.000000 0.106511 0.106216
22416.12 0.108706 0.000000 0.000000 0.106386 0.108706
22421.12 0.108661 0.000000 0.000000 0.106261 0.108661
22426.12 0.106555 0.000000 0.000000 0.106136 0.106555
22431.12 0.105577 0.000000 0.000000 0.106012 0.105577
22436.12 0.104671 0.000000 0.000000 0.105887 0.104671
22441.12 0.106385 0.000000 0.000000 0.105763 0.106385
22446.12 0.107609 0.000000 0.000000 0.105639 0.107609
22451.13 0.104855 0.000000 0.000000 0.105515 0.104855
22456.13 0.098396 0.000000 0.000000 0.105391 0.098396
22461.13 0.101640 0.000000 0.000000 0.105267 0.101640
22466.13 0.103046 0.000000 0.000000 0.105143 0.103046
22471.13 0.101262 0.000000 0.000000 0.105019 0.101262
22476.13 0.099970 0.000000 0.000000 0.104896 0.099970
22481.13 0.103009 0.000000 0.000000 0.104773 0.103009
22486.14 0.103501 0.000000 0.000000 0.104649 0.103501
22491.14 0.103795 0.000000 0.000000 0.104526 0.103795
22496.14 0.105899 0.000000 0.000000 0.104403 0.105899
22501.14 0.103068 0.000000 0.000000 0.104280 0.103068
22506.14 0.106878 0.000000 0.000000 0.104157 0.106878
22511.14 0.107205 0.000000 0.000000 0.104034 0.107205
22516.14 0.097647 0.000000 0.000000 0.103912 0.097647
22521.14 0.093720 0.000000 0.000000 0.103789 0.093720
22526.15 0.098708 0.000000 0.000000 0.103667 0.098708
22531.15 0.102574 0.000000 0.000000 0.103544 0.102574
22536.15 0.101198 0.000000 0.000000 0.103422 0.101198
22541.15 0.105635 0.000000 0.000000 0.103300 0.105635
22546.15 0.104981 0.000000 0.000000 0.103178 0.104981
22551.15 0.097746 0.000000 0.000000 0.103056 0.097746
22556.15 0.102504 0.000000 0.000000 0.102934 0.102504
22561.16 0.103500 0.000000 0.000000 0.102813 0.103500
22566.16 0.099990 0.000000 0.000000 0.102691 0.099990
22571.16 0.101920 0.000000 0.000000 0.102570 0.101920
22576.16 0.100430 0.000000 0.000000 0.102449 0.100430
22581.16 0.100172 0.000000 0.000000 0.102327 0.100172
22586.16 0.100476 0.000000 0.000000 0.102206 0.100476
22591.16 0.100231 0.000000 0.000000 0.102085 0.100231
22596.17 0.105340 0.000000 0.000000 0.101964 0.105340
22601.17 0.102330 0.000000 0.000000 0.101844 0.102330
22606.17 0.102315 0.000000 0.000000 0.101723 0.102315
22611.17 0.103188 0.000000 0.000000 0.101602 0.103188
22616.17 0.100206 0.000000 0.000000 0.101482 0.100206
22621.17 0.099006 0.000000 0.000000 0.101362 0.099006
22626.17 0.097884 0.000000 0.000000 0.101242 0.097884
22631.17 0.093972 0.000000 0.000000 0.101121 0.093972
22636.18 0.094610 0.000000 0.000000 0.101001 0.094610
22641.18 0.097686 0.000000 0.000000 0.100882 0.097686
22646.18 0.099782 0.000000 0.000000 0.100762 0.099782
22651.18 0.101621 0.000000 0.000000 0.100642 0.101621
22656.18 0.101987 0.000000 0.000000 0.100523 0.101987
22661.18 0.100098 0.000000 0.000000 0.100403 0.100098
22666.18 0.098023 0.000000 0.000000 0.100284 0.098023
22671.19 0.098565 0.000000 0.000000 0.100165 0.098565
22676.19 0.098743 0.000000 0.000000 0.100046 0.098743
22681.19 0.099717 0.000000 0.000000 0.099927 0.099717
22686.19 0.101000 0.000000 0.000000 0.099808 0.101000
22691.19 0.101398 0.000000 0.000000 0.099689 0.101398
22696.19 0.101897 0.000000 0.000000 0.099570 0.101897
22701.19 0.101153 0.000000 0.000000 0.099452 0.101153
22706.20 0.099051 0.000000 0.000000 0.099333 0.099051
22711.20 0.098876 0.000000 0.000000 0.099215 0.098876
22716.20 0.099334 0.000000 0.000000 0.099097 0.099334
22721.20 0.099642 0.000000 0.000000 0.098978 0.099642
22726.20 0.098476 0.000000 0.000000 0.098860 0.098476
22731.20 0.098797 0.000000 0.000000 0.098743 0.098797
22736.20 0.099925 0.000000 0.000000 0.098625 0.099925
22741.20 0.099425 0.000000 0.000000 0.098507 0.099425
22746.21 0.098266 0.000000 0.000000 0.098390 0.098266
22751.21 0.096850 0.000000 0.000000 0.098272 0.096850
22756.21 0.096491 0.000000 0.000000 0.098155 0.096491
22761.21 0.097424 0.000000 0.000000 0.098037 0.097424
22766.21 0.096808 0.000000 0.000000 0.097920 0.096808
22771.21 0.096437 0.000000 0.000000 0.097803 0.096437
22776.21 0.097283 0.000000 0.000000 0.097686 0.097283
22781.22 0.098032 0.000000 0.000000 0.097570 0.098032
22786.22 0.099091 0.000000 0.000000 0.097453 0.099091
22791.22 0.099808 0.000000 0.000000 0.097336 0.099808
22796.22 0.097823 0.000000 0.000000 0.097220 0.097823
22801.22 0.096330 0.000000 0.000000 0.097103 0.096330
22806.22 0.096611 0.000000 0.000000 0.096987 0.096611
22811.22 0.096711 0.000000 0.000000 0.096871 0.096711
22816.23 0.093910 0.000000 0.000000 0.096755 0.093910
22821.23 0.090311 0.000000 0.000000 0.096639 0.090311
22826.23 0.091525 0.000000 0.000000 0.096523 0.091525
22831.23 0.094726 0.000000 0.000000 0.096407 0.094726
22836.23 0.094165 0.000000 0.000000 0.096292 0.094165
22841.23 0.093457 0.000000 0.000000 0.096176 0.093457
22846.23 0.095871 0.000000 0.000000 0.096061 0.095871
22851.23 0.097713 0.000000 0.000000 0.095946 0.097713
22856.24 0.096822 0.000000 0.000000 0.095831 0.096822
22861.24 0.094492 0.000000 0.000000 0.095715 0.094492
22866.24 0.093680 0.000000 0.000000 0.095600 0.093680
22871.24 0.092501 0.000000 0.000000 0.095486 0.092501
22876.24 0.093566 0.000000 0.000000 0.095371 0.093566
22881.24 0.095627 0.000000 0.000000 0.095256 0.095627
22886.24 0.095919 0.000000 0.000000 0.095142 0.095919
22891.25 0.094049 0.000000 0.000000 0.095027 0.094049
22896.25 0.091793 0.000000 0.000000 0.094913 0.091793
22901.25 0.091538 0.000000 0.000000 0.094799 0.091538
22906.25 0.092105 0.000000 0.000000 0.094685 0.092105
22911.25 0.094593 0.000000 0.000000 0.094571 0.094593
22916.25 0.095808 0.000000 0.000000 0.094457 0.095808
22921.25 0.095039 0.000000 0.000000 0.094343 0.095039
22926.26 0.093495 0.000000 0.000000 0.094229 0.093495
22931.26 0.095284 0.000000 0.000000 0.094116 0.095284
22936.26 0.093039 0.000000 0.000000 0.094002 0.093039
22941.26 0.076810 0.000000 0.000000 0.093889 0.076810
22946.26 0.067197 0.000000 0.000000 0.093776 0.067197
22951.26 0.070802 0.000000 0.000000 0.093663 0.070802
22956.26 0.074730 0.000000 0.000000 0.093550 0.074730
22961.26 0.077012 0.000000 0.000000 0.093437 0.077012
22966.27 0.081599 0.000000 0.000000 0.093324 0.081599
22971.27 0.084270 0.000000 0.000000 0.093211 0.084270
22976.27 0.085377 0.000000 0.000000 0.093099 0.085377
22981.27 0.085087 0.000000 0.000000 0.092986 0.085087
22986.27 0.084390 0.000000 0.000000 0.092874 0.084390
22991.27 0.086974 0.000000 0.000000 0.092761 0.086974
22996.27 0.089410 0.000000 0.000000 0.092649 0.089410
23001.28 0.088567 0.000000 0.000000 0.092537 0.088567
23006.28 0.088562 0.000000 0.000000 0.092425 0.088562
23011.28 0.089004 0.000000 0.000000 0.092313 0.089004
23016.28 0.089530 0.000000 0.000000 0.092202 0.089530
23021.28 0.091969 0.000000 0.000000 0.092090 0.091969
23026.28 0.092435 0.000000 0.000000 0.091979 0.092435
23031.28 0.093815 0.000000 0.000000 0.091867 0.093815
23036.29 0.089988 0.000000 0.000000 0.091756 0.089988
23041.29 0.088073 0.000000 0.000000 0.091645 0.088073
23046.29 0.088048 0.000000 0.000000 0.091533 0.088048
23051.29 0.087493 0.000000 0.000000 0.091422 0.087493
23056.29 0.089307 0.000000 0.000000 0.091312 0.089307
23061.29 0.089788 0.000000 0.000000 0.091201 0.089788
23066.29 0.088686 0.000000 0.000000 0.091090 0.088686
23071.29 0.089237 0.000000 0.000000 0.090980 0.089237
23076.30 0.091405 0.000000 0.000000 0.090869 0.091405
23081.30 0.092985 0.000000 0.000000 0.090759 0.092985
23086.30 0.091336 0.000000 0.000000 0.090649 0.091336
23091.30 0.088187 0.000000 0.000000 0.090538 0.088187
23096.30 0.083833 0.000000 0.000000 0.090428 0.083833
23101.30 0.090145 0.000000 0.000000 0.090318 0.090145
23106.30 0.091291 0.000000 0.000000 0.090209 0.091291
23111.31 0.090934 0.000000 0.000000 0.090099 0.090934
23116.31 0.089351 0.000000 0.000000 0.089989 0.089351
23121.31 0.087490 0.000000 0.000000 0.089880 0.087490
23126.31 0.090146 0.000000 0.000000 0.089770 0.090146
23131.31 0.091431 0.000000 0.000000 0.089661 0.091431
23136.31 0.090610 0.000000 0.000000 0.089552 0.090610
23141.31 0.087930 0.000000 0.000000 0.089443 0.087930
23146.32 0.085689 0.000000 0.000000 0.089334 0.085689
23151.32 0.086461 0.000000 0.000000 0.089225 0.086461
23156.32 0.082534 0.000000 0.000000 0.089116 0.082534
23161.32 0.081594 0.000000 0.000000 0.089007 0.081594
23166.32 0.081950 0.000000 0.000000 0.088899 0.081950
23171.32 0.081123 0.000000 0.000000 0.088790 0.081123
23176.32 0.083348 0.000000 0.000000 0.088682 0.083348
23181.32 0.082803 0.000000 0.000000 0.088574 0.082803
23186.33 0.081137 0.000000 0.000000 0.088466 0.081137
23191.33 0.081614 0.000000 0.000000 0.088358 0.081614
23196.33 0.082463 0.000000 0.000000 0.088250 0.082463
23201.33 0.084189 0.000000 0.000000 0.088142 0.084189
23206.33 0.086448 0.000000 0.000000 0.088034 0.086448
23211.33 0.084793 0.000000 0.000000 0.087927 0.084793
23216.33 0.085063 0.000000 0.000000 0.087819 0.085063
23221.34 0.085705 0.000000 0.000000 0.087712 0.085705
23226.34 0.083017 0.000000 0.000000 0.087604 0.083017
23231.34 0.073014 0.000000 0.000000 0.087497 0.073014
23236.34 0.060890 0.000000 0.000000 0.087390 0.060890
23241.34 0.062347 0.000000 0.000000 0.087283 0.062347
23246.34 0.067279 0.000000 0.000000 0.087176 0.067279
23251.34 0.069431 0.000000 0.000000 0.087070 0.069431
23256.35 0.069742 0.000000 0.000000 0.086963 0.069742
23261.35 0.071388 0.000000 0.000000 0.086856 0.071388
23266.35 0.074332 0.000000 0.000000 0.086750 0.074332
23271.35 0.075076 0.000000 0.000000 0.086643 0.075076
23276.35 0.076384 0.000000 0.000000 0.086537 0.076384
23281.35 0.078202 0.000000 0.000000 0.086431 0.078202
23286.35 0.078260 0.000000 0.000000 0.086325 0.078260
23291.35 0.076825 0.000000 0.000000 0.086219 0.076825
23296.36 0.078838 0.000000 0.000000 0.086113 0.078838
23301.36 0.079810 0.000000 0.000000 0.086008 0.079810
23306.36 0.079324 0.000000 0.000000 0.085902 0.079324
23311.36 0.079424 0.000000 0.000000 0.085796 0.079424
23316.36 0.079200 0.000000 0.000000 0.085691 0.079200
23321.36 0.077815 0.000000 0.000000 0.085586 0.077815
23326.36 0.078952 0.000000 0.000000 0.085480 0.078952
23331.37 0.081034 0.000000 0.000000 0.085375 0.081034
23336.37 0.081268 0.000000 0.000000 0.085270 0.081268
23341.37 0.079170 0.000000 0.000000 0.085165 0.079170
23346.37 0.079370 0.000000 0.000000 0.085061 0.079370
23351.37 0.083436 0.000000 0.000000 0.084956 0.083436
23356.37 0.083807 0.000000 0.000000 0.084851 0.083807
23361.37 0.079334 0.000000 0.000000 0.084747 0.079334
23366.38 0.082089 0.000000 0.000000 0.084643 0.082089
23371.38 0.086022 0.000000 0.000000 0.084538 0.086022
23376.38 0.083632 0.000000 0.000000 0.084434 0.083632
23381.38 0.083269 0.000000 0.000000 0.084330 0.083269
23386.38 0.081265 0.000000 0.000000 0.084226 0.081265
23391.38 0.081296 0.000000 0.000000 0.084122 0.081296
23396.38 0.080681 0.000000 0.000000 0.084018 0.080681
23401.38 0.081508 0.000000 0.000000 0.083915 0.081508
23406.39 0.084091 0.000000 0.000000 0.083811 0.084091
23411.39 0.085771 0.000000 0.000000 0.083708 0.085771
23416.39 0.084599 0.000000 0.000000 0.083604 0.084599
23421.39 0.082297 0.000000 0.000000 0.083501 0.082297
23426.39 0.085538 0.000000 0.000000 0.083398 0.085538
23431.39 0.086991 0.000000 0.000000 0.083295 0.086991
23436.39 0.085289 0.000000 0.000000 0.083192 0.085289
23441.40 0.086128 0.000000 0.000000 0.083089 0.086128
23446.40 0.082881 0.000000 0.000000 0.082987 0.082881
23451.40 0.077563 0.000000 0.000000 0.082884 0.077563
23456.40 0.076816 0.000000 0.000000 0.082781 0.076816
23461.40 0.079523 0.000000 0.000000 0.082679 0.079523
23466.40 0.083071 0.000000 0.000000 0.082577 0.083071
23471.40 0.084403 0.000000 0.000000 0.082474 0.084403
23476.41 0.082717 0.000000 0.000000 0.082372 0.082717
23481.41 0.081660 0.000000 0.000000 0.082270 0.081660
23486.41 0.081555 0.000000 0.000000 0.082168 0.081555
23491.41 0.083539 0.000000 0.000000 0.082067 0.083539
23496.41 0.085095 0.000000 0.000000 0.081965 0.085095
23501.41 0.082920 0.000000 0.000000 0.081863 0.082920
23506.41 0.080927 0.000000 0.000000 0.081762 0.080927
23511.41 0.083329 0.000000 0.000000 0.081660 0.083329
23516.42 0.082386 0.000000 0.000000 0.081559 0.082386
23521.42 0.080655 0.000000 0.000000 0.081458 0.080655
23526.42 0.077807 0.000000 0.000000 0.081357 0.077807
23531.42 0.064945 0.000000 0.000000 0.081256 0.064945
23536.42 0.059118 0.000000 0.000000 0.081155 0.059118
23541.42 0.063895 0.000000 0.000000 0.081054 0.063895
23546.42 0.065867 0.000000 0.000000 0.080953 0.065867
23551.43 0.067865 0.000000 0.000000 0.080853 0.067865
23556.43 0.071077 0.000000 0.000000 0.080752 0.071077
23561.43 0.070977 0.000000 0.000000 0.080652 0.070977
23566.43 0.072186 0.000000 0.000000 0.080552 0.072186
23571.43 0.075137 0.000000 0.000000 0.080452 0.075137
23576.43 0.073364 0.000000 0.000000 0.080351 0.073364
23581.43 0.072779 0.000000 0.000000 0.080252 0.072779
23586.44 0.072114 0.000000 0.000000 0.080152 0.072114
23591.44 0.072592 0.000000 0.000000 0.080052 0.072592
23596.44 0.079160 0.000000 0.000000 0.079952 0.079160
23601.44 0.079398 0.000000 0.000000 0.079853 0.079398
23606.44 0.078703 0.000000 0.000000 0.079753 0.078703
23611.44 0.078473 0.000000 0.000000 0.079654 0.078473
23616.44 0.077712 0.000000 0.000000 0.079555 0.077712
23621.44 0.078192 0.000000 0.000000 0.079455 0.078192
23626.45 0.079860 0.000000 0.000000 0.079356 0.079860
23631.45 0.076472 0.000000 0.000000 0.079257 0.076472
23636.45 0.073142 0.000000 0.000000 0.079159 0.073142
23641.45 0.073963 0.000000 0.000000 0.079060 0.073963
23646.45 0.077733 0.000000 0.000000 0.078961 0.077733
23651.45 0.076890 0.000000 0.000000 0.078863 0.076890
23656.45 0.075982 0.000000 0.000000 0.078764 0.075982
23661.46 0.076038 0.000000 0.000000 0.078666 0.076038
23666.46 0.076921 0.000000 0.000000 0.078567 0.076921
23671.46 0.076088 0.000000 0.000000 0.078469 0.076088
23676.46 0.076360 0.000000 0.000000 0.078371 0.076360
23681.46 0.076780 0.000000 0.000000 0.078273 0.076780
23686.46 0.079159 0.000000 0.000000 0.078176 0.079159
23691.46 0.076131 0.000000 0.000000 0.078078 0.076131
23696.46 0.078089 0.000000 0.000000 0.077980 0.078089
23701.47 0.079314 0.000000 0.000000 0.077883 0.079314
23706.47 0.072041 0.000000 0.000000 0.077785 0.072041
23711.47 0.070833 0.000000 0.000000 0.077688 0.070833
23716.47 0.073809 0.000000 0.000000 0.077591 0.073809
23721.47 0.077431 0.000000 0.000000 0.077493 0.077431
23726.47 0.077035 0.000000 0.000000 0.077396 0.077035
23731.47 0.073591 0.000000 0.000000 0.077299 0.073591
23736.48 0.074753 0.000000 0.000000 0.077203 0.074753
23741.48 0.074799 0.000000 0.000000 0.077106 0.074799
23746.48 0.071726 0.000000 0.000000 0.077009 0.071726
23751.48 0.072172 0.000000 0.000000 0.076913 0.072172
23756.48 0.072289 0.000000 0.000000 0.076816 0.072289
23761.48 0.073663 0.000000 0.000000 0.076720 0.073663
23766.48 0.074086 0.000000 0.000000 0.076624 0.074086
23771.49 0.075734 0.000000 0.000000 0.076527 0.075734
23776.49 0.077773 0.000000 0.000000 0.076431 0.077773
23781.49 0.075760 0.000000 0.000000 0.076335 0.075760
23786.49 0.072838 0.000000 0.000000 0.076240 0.072838
23791.49 0.077949 0.000000 0.000000 0.076144 0.077949
23796.49 0.076250 0.000000 0.000000 0.076048 0.076250
23801.49 0.073196 0.000000 0.000000 0.075953 0.073196
23806.49 0.076218 0.000000 0.000000 0.075857 0.076218
23811.50 0.075580 0.000000 0.000000 0.075762 0.075580
23816.50 0.073013 0.000000 0.000000 0.075667 0.073013
23821.50 0.075328 0.000000 0.000000 0.075571 0.075328
23826.50 0.074663 0.000000 0.000000 0.075476 0.074663
23831.50 0.065711 0.000000 0.000000 0.075381 0.065711
23836.50 0.052859 0.000000 0.000000 0.075287 0.052859
23841.50 0.049365 0.000000 0.000000 0.075192 0.049365
23846.51 0.054574 0.000000 0.000000 0.075097 0.054574
23851.51 0.061133 0.000000 0.000000 0.075003 0.061133
23856.51 0.060071 0.000000 0.000000 0.074908 0.060071
23861.51 0.058468 0.000000 0.000000 0.074814 0.058468
23866.51 0.060222 0.000000 0.000000 0.074720 0.060222
23871.51 0.060975 0.000000 0.000000 0.074625 0.060975
23876.51 0.061784 0.000000 0.000000 0.074531 0.061784
23881.52 0.063324 0.000000 0.000000 0.074437 0.063324
23886.52 0.066531 0.000000 0.000000 0.074343 0.066531
23891.52 0.066615 0.000000 0.000000 0.074250 0.066615
23896.52 0.063530 0.000000 0.000000 0.074156 0.063530
23901.52 0.062172 0.000000 0.000000 0.074062 0.062172
23906.52 0.063180 0.000000 0.000000 0.073969 0.063180
23911.52 0.060177 0.000000 0.000000 0.073876 0.060177
23916.52 0.058759 0.000000 0.000000 0.073782 0.058759
23921.53 0.063185 0.000000 0.000000 0.073689 0.063185
23926.53 0.061065 0.000000 0.000000 0.073596 0.061065
23931.53 0.058415 0.000000 0.000000 0.073503 0.058415
23936.53 0.060637 0.000000 0.000000 0.073410 0.060637
23941.53 0.062517 0.000000 0.000000 0.073317 0.062517
23946.53 0.062161 0.000000 0.000000 0.073225 0.062161
23951.53 0.059381 0.000000 0.000000 0.073132 0.059381
23956.54 0.058373 0.000000 0.000000 0.073040 0.058373
23961.54 0.061721 0.000000 0.000000 0.072947 0.061721
23966.54 0.065448 0.000000 0.000000 0.072855 0.065448
23971.54 0.065849 0.000000 0.000000 0.072763 0.065849
23976.54 0.065129 0.000000 0.000000 0.072671 0.065129
23981.54 0.060999 0.000000 0.000000 0.072579 0.060999
23986.54 0.064643 0.000000 0.000000 0.072487 0.064643
23991.55 0.067427 0.000000 0.000000 0.072395 0.067427
23996.55 0.070649 0.000000 0.000000 0.072303 0.070649
24001.55 0.073226 0.000000 0.000000 0.072212 0.073226
24006.55 0.068179 0.000000 0.000000 0.072120 0.068179
24011.55 0.066397 0.000000 0.000000 0.072029 0.066397
24016.55 0.069603 0.000000 0.000000 0.071937 0.069603
24021.55 0.071807 0.000000 0.000000 0.071846 0.071807
24026.55 0.072101 0.000000 0.000000 0.071755 0.072101
24031.56 0.068563 0.000000 0.000000 0.071664 0.068563
24036.56 0.067313 0.000000 0.000000 0.071573 0.067313
24041.56 0.063961 0.000000 0.000000 0.071482 0.063961
24046.56 0.065025 0.000000 0.000000 0.071392 0.065025
24051.56 0.068855 0.000000 0.000000 0.071301 0.068855
24056.56 0.065358 0.000000 0.000000 0.071210 0.065358
24061.56 0.066418 0.000000 0.000000 0.071120 0.066418
24066.57 0.069562 0.000000 0.000000 0.071030 0.069562
24071.57 0.068357 0.000000 0.000000 0.070939 0.068357
24076.57 0.068813 0.000000 0.000000 0.070849 0.068813
24081.57 0.070516 0.000000 0.000000 0.070759 0.070516
24086.57 0.069198 0.000000 0.000000 0.070669 0.069198
24091.57 0.069630 0.000000 0.000000 0.070579 0.069630
24096.57 0.069059 0.000000 0.000000 0.070490 0.069059
24101.58 0.066980 0.000000 0.000000 0.070400 0.066980
24106.58 0.068293 0.000000 0.000000 0.070310 0.068293
24111.58 0.071453 0.000000 0.000000 0.070221 0.071453
24116.58 0.068542 0.000000 0.000000 0.070132 0.068542
24121.58 0.069651 0.000000 0.000000 0.070042 0.069651
24126.58 0.073442 0.000000 0.000000 0.069953 0.073442
24131.58 0.072758 0.000000 0.000000 0.069864 0.072758
24136.58 0.066630 0.000000 0.000000 0.069775 0.066630
24141.59 0.059932 0.000000 0.000000 0.069686 0.059932
24146.59 0.055832 0.000000 0.000000 0.069597 0.055832
24151.59 0.054888 0.000000 0.000000 0.069509 0.054888
24156.59 0.056361 0.000000 0.000000 0.069420 0.056361
24161.59 0.055435 0.000000 0.000000 0.069332 0.055435
24166.59 0.058149 0.000000 0.000000 0.069243 0.058149
24171.59 0.059950 0.000000 0.000000 0.069155 0.059950
24176.60 0.063776 0.000000 0.000000 0.069067 0.063776
24181.60 0.063946 0.000000 0.000000 0.068978 0.063946
24186.60 0.062785 0.000000 0.000000 0.068890 0.062785
24191.60 0.063963 0.000000 0.000000 0.068803 0.063963
24196.60 0.063591 0.000000 0.000000 0.068715 0.063591
24201.60 0.061177 0.000000 0.000000 0.068627 0.061177
24206.60 0.064295 0.000000 0.000000 0.068539 0.064295
24211.61 0.068120 0.000000 0.000000 0.068452 0.068120
24216.61 0.067380 0.000000 0.000000 0.068364 0.067380
24221.61 0.065807 0.000000 0.000000 0.068277 0.065807
24226.61 0.066974 0.000000 0.000000 0.068190 0.066974
24231.61 0.067117 0.000000 0.000000 0.068103 0.067117
24236.61 0.064290 0.000000 0.000000 0.068015 0.064290
24241.61 0.062468 0.000000 0.000000 0.067928 0.062468
24246.61 0.065277 0.000000 0.000000 0.067842 0.065277
24251.62 0.067589 0.000000 0.000000 0.067755 0.067589
24256.62 0.066213 0.000000 0.000000 0.067668 0.066213
24261.62 0.062430 0.000000 0.000000 0.067582 0.062430
24266.62 0.064260 0.000000 0.000000 0.067495 0.064260
24271.62 0.063544 0.000000 0.000000 0.067409 0.063544
24276.62 0.065270 0.000000 0.000000 0.067322 0.065270
24281.62 0.066625 0.000000 0.000000 0.067236 0.066625
24286.63 0.065405 0.000000 0.000000 0.067150 0.065405
24291.63 0.064815 0.000000 0.000000 0.067064 0.064815
24296.63 0.066412 0.000000 0.000000 0.066978 0.066412
24301.63 0.068945 0.000000 0.000000 0.066892 0.068945
24306.63 0.068618 0.000000 0.000000 0.066806 0.068618
24311.63 0.066924 0.000000 0.000000 0.066721 0.066924
24316.63 0.064295 0.000000 0.000000 0.066635 0.064295
24321.64 0.063998 0.000000 0.000000 0.066550 0.063998
24326.64 0.065394 0.000000 0.000000 0.066464 0.065394
24331.64 0.062705 0.000000 0.000000 0.066379 0.062705
24336.64 0.060319 0.000000 0.000000 0.066294 0.060319
24341.64 0.059412 0.000000 0.000000 0.066209 0.059412
24346.64 0.057470 0.000000 0.000000 0.066124 0.057470
24351.64 0.051401 0.000000 0.000000 0.066039 0.051401
24356.64 0.050807 0.000000 0.000000 0.065954 0.050807
24361.65 0.060732 0.000000 0.000000 0.065870 0.060732
24366.65 0.060114 0.000000 0.000000 0.065785 0.060114
24371.65 0.065701 0.000000 0.000000 0.065701 0.000000
24376.65 0.065616 0.000000 0.000000 0.065616 0.000000
24381.65 0.065532 0.000000 0.000000 0.065532 0.000000
24386.65 0.065448 0.000000 0.000000 0.065448 0.000000
24391.65 0.065363 0.000000 0.000000 0.065363 0.000000
24396.66 0.065279 0.000000 0.000000 0.065279 0.000000
24401.66 0.065195 0.000000 0.000000 0.065195 0.000000
24406.66 0.065112 0.000000 0.000000 0.065112 0.000000
24411.66 0.065028 0.000000 0.000000 0.065028 0.000000
24416.66 0.064944 0.000000 0.000000 0.064944 0.000000
24421.66 0.064861 0.000000 0.000000 0.064861 0.000000
24426.66 0.064777 0.000000 0.000000 0.064777 0.000000
24431.67 0.064694 0.000000 0.000000 0.064694 0.000000
24436.67 0.064610 0.000000 0.000000 0.064610 0.000000
24441.67 0.064527 0.000000 0.000000 0.064527 0.000000
24446.67 0.064444 0.000000 0.000000 0.064444 0.000000
24451.67 0.064361 0.000000 0.000000 0.064361 0.000000
24456.67 0.064278 0.000000 0.000000 0.064278 0.000000
24461.67 0.064195 0.000000 0.000000 0.064195 0.000000
24466.67 0.064113 0.000000 0.000000 0.064113 0.000000
24471.68 0.064030 0.000000 0.000000 0.064030 0.000000
24476.68 0.063947 0.000000 0.000000 0.063947 0.000000
24481.68 0.063865 0.000000 0.000000 0.063865 0.000000
24486.68 0.063783 0.000000 0.000000 0.063783 0.000000
24491.68 0.063700 0.000000 0.000000 0.063700 0.000000
24496.68 0.063618 0.000000 0.000000 0.063618 0.000000
24501.68 0.063536 0.000000 0.000000 0.063536 0.000000
24506.69 0.063454 0.000000 0.000000 0.063454 0.000000
24511.69 0.063372 0.000000 0.000000 0.063372 0.000000
24516.69 0.063290 0.000000 0.000000 0.063290 0.000000
24521.69 0.063209 0.000000 0.000000 0.063209 0.000000
24526.69 0.063127 0.000000 0.000000 0.063127 0.000000
24531.69 0.063046 0.000000 0.000000 0.063046 0.000000
24536.69 0.062964 0.000000 0.000000 0.062964 0.000000
24541.70 0.062883 0.000000 0.000000 0.062883 0.000000
24546.70 0.062802 0.000000 0.000000 0.062802 0.000000
24551.70 0.062721 0.000000 0.000000 0.062721 0.000000
24556.70 0.062639 0.000000 0.000000 0.062639 0.000000
24561.70 0.062558 0.000000 0.000000 0.062558 0.000000
24566.70 0.062478 0.000000 0.000000 0.062478 0.000000
24571.70 0.062397 0.000000 0.000000 0.062397 0.000000
24576.70 0.062316 0.000000 0.000000 0.062316 0.000000
24581.71 0.062236 0.000000 0.000000 0.062236 0.000000
24586.71 0.062155 0.000000 0.000000 0.062155 0.000000
24591.71 0.062075 0.000000 0.000000 0.062075 0.000000
24596.71 0.061994 0.000000 0.000000 0.061994 0.000000
24601.71 0.061914 0.000000 0.000000 0.061914 0.000000
24606.71 0.061834 0.000000 0.000000 0.061834 0.000000
24611.71 0.061754 0.000000 0.000000 0.061754 0.000000
24616.72 0.061674 0.000000 0.000000 0.061674 0.000000
24621.72 0.061594 0.000000 0.000000 0.061594 0.000000
24626.72 0.061514 0.000000 0.000000 0.061514 0.000000
24631.72 0.061435 0.000000 0.000000 0.061435 0.000000
24636.72 0.061355 0.000000 0.000000 0.061355 0.000000
24641.72 0.061276 0.000000 0.000000 0.061276 0.000000
24646.72 0.061196 0.000000 0.000000 0.061196 0.000000
24651.73 0.061117 0.000000 0.000000 0.061117 0.000000
24656.73 0.061038 0.000000 0.000000 0.061038 0.000000
24661.73 0.060959 0.000000 0.000000 0.060959 0.000000
24666.73 0.060880 0.000000 0.000000 0.060880 0.000000
24671.73 0.060801 0.000000 0.000000 0.060801 0.000000
24676.73 0.060722 0.000000 0.000000 0.060722 0.000000
24681.73 0.060643 0.000000 0.000000 0.060643 0.000000
24686.73 0.060564 0.000000 0.000000 0.060564 0.000000
24691.74 0.060486 0.000000 0.000000 0.060486 0.000000
24696.74 0.060407 0.000000 0.000000 0.060407 0.000000
24701.74 0.060329 0.000000 0.000000 0.060329 0.000000
24706.74 0.060251 0.000000 0.000000 0.060251 0.000000
24711.74 0.060172 0.000000 0.000000 0.060172 0.000000
24716.74 0.060094 0.000000 0.000000 0.060094 0.000000
24721.74 0.060016 0.000000 0.000000 0.060016 0.000000
24726.75 0.059938 0.000000 0.000000 0.059938 0.000000
24731.75 0.059860 0.000000 0.000000 0.059860 0.000000
24736.75 0.059783 0.000000 0.000000 0.059783 0.000000
24741.75 0.059705 0.000000 0.000000 0.059705 0.000000
24746.75 0.059627 0.000000 0.000000 0.059627 0.000000
24751.75 0.059550 0.000000 0.000000 0.059550 0.000000
24756.75 0.059473 0.000000 0.000000 0.059473 0.000000
24761.76 0.059395 0.000000 0.000000 0.059395 0.000000
24766.76 0.059318 0.000000 0.000000 0.059318 0.000000
24771.76 0.059241 0.000000 0.000000 0.059241 0.000000
24776.76 0.059164 0.000000 0.000000 0.059164 0.000000
24781.76 0.059087 0.000000 0.000000 0.059087 0.000000
24786.76 0.059010 0.000000 0.000000 0.059010 0.000000
24791.76 0.058933 0.000000 0.000000 0.058933 0.000000
24796.76 0.058857 0.000000 0.000000 0.058857 0.000000
24801.77 0.058780 0.000000 0.000000 0.058780 0.000000
24806.77 0.058704 0.000000 0.000000 0.058704 0.000000
24811.77 0.058627 0.000000 0.000000 0.058627 0.000000
24816.77 0.058551 0.000000 0.000000 0.058551 0.000000
24821.77 0.058475 0.000000 0.000000 0.058475 0.000000
24826.77 0.058398 0.000000 0.000000 0.058398 0.000000
24831.77 0.058322 0.000000 0.000000 0.058322 0.000000
24836.78 0.058247 0.000000 0.000000 0.058247 0.000000
24841.78 0.058171 0.000000 0.000000 0.058171 0.000000
24846.78 0.058095 0.000000 0.000000 0.058095 0.000000
24851.78 0.058019 0.000000 0.000000 0.058019 0.000000
24856.78 0.057944 0.000000 0.000000 0.057944 0.000000
24861.78 0.057868 0.000000 0.000000 0.057868 0.000000
24866.78 0.057793 0.000000 0.000000 0.057793 0.000000
24871.79 0.057717 0.000000 0.000000 0.057717 0.000000
24876.79 0.057642 0.000000 0.000000 0.057642 0.000000
24881.79 0.057567 0.000000 0.000000 0.057567 0.000000
24886.79 0.057492 0.000000 0.000000 0.057492 0.000000
24891.79 0.057417 0.000000 0.000000 0.057417 0.000000
24896.79 0.057342 0.000000 0.000000 0.057342 0.000000
24901.79 0.057267 0.000000 0.000000 0.057267 0.000000
24906.79 0.057193 0.000000 0.000000 0.057193 0.000000
24911.80 0.057118 0.000000 0.000000 0.057118 0.000000
24916.80 0.057043 0.000000 0.000000 0.057043 0.000000
24921.80 0.056969 0.000000 0.000000 0.056969 0.000000
24926.80 0.056895 0.000000 0.000000 0.056895 0.000000
24931.80 0.056820 0.000000 0.000000 0.056820 0.000000
24936.80 0.056746 0.000000 0.000000 0.056746 0.000000
24941.80 0.056672 0.000000 0.000000 0.056672 0.000000
24946.81 0.056598 0.000000 0.000000 0.056598 0.000000
24951.81 0.056524 0.000000 0.000000 0.056524 0.000000
24956.81 0.056451 0.000000 0.000000 0.056451 0.000000
24961.81 0.056377 0.000000 0.000000 0.056377 0.000000
24966.81 0.056303 0.000000 0.000000 0.056303 0.000000
24971.81 0.056230 0.000000 0.000000 0.056230 0.000000
24976.81 0.056156 0.000000 0.000000 0.056156 0.000000
24981.81 0.056083 0.000000 0.000000 0.056083 0.000000
24986.82 0.056010 0.000000 0.000000 0.056010 0.000000
24991.82 0.055936 0.000000 0.000000 0.055936 0.000000
24996.82 0.055863 0.000000 0.000000 0.055863 0.000000
25001.82 0.055790 0.000000 0.000000 0.055790 0.000000
25006.82 0.000000 0.000000 0.000000 0.000000 0.000000
