# lk ukf_wk2iii uks_wk2iii fh fse fl
# iRMS=4.419448305e-05 0
# 
3000.87 0.039578 0.000000 0.039578 0.000000 0.000000
3005.88 0.039410 0.000000 0.039410 0.000000 0.000000
3010.88 0.039600 0.000000 0.039600 0.000000 0.000000
3015.88 0.040110 0.000000 0.040110 0.000000 0.000000
3020.88 0.040902 0.000000 0.040902 0.000000 0.000000
3025.88 0.041939 0.000000 0.041939 0.000000 0.000000
3030.88 0.043182 0.000000 0.043182 0.000000 0.000000
3035.88 0.044595 0.000000 0.044595 0.000000 0.000000
3040.88 0.046140 0.000000 0.046140 0.000000 0.000000
3045.89 0.047778 0.000000 0.047778 0.000000 0.000000
3050.89 0.049472 0.000000 0.049472 0.000000 0.000000
3055.89 0.051191 0.000000 0.051191 0.000000 0.000000
3060.89 0.052928 0.000000 0.052928 0.000000 0.000000
3065.89 0.054680 0.000000 0.054680 0.000000 0.000000
3070.89 0.056446 0.000000 0.056446 0.000000 0.000000
3075.89 0.058227 0.000000 0.058227 0.000000 0.000000
3080.89 0.060019 0.000000 0.060019 0.000000 0.000000
3085.90 0.061822 0.000000 0.061822 0.000000 0.000000
3090.90 0.063634 0.000000 0.063634 0.000000 0.000000
3095.90 0.065455 0.000000 0.065455 0.000000 0.000000
3100.90 0.067282 0.000000 0.067282 0.000000 0.000000
3105.90 0.069117 0.000000 0.069117 0.000000 0.000000
3110.90 0.070964 0.000000 0.070964 0.000000 0.000000
3115.90 0.072832 0.000000 0.072832 0.000000 0.000000
3120.90 0.074726 0.000000 0.074726 0.000000 0.000000
3125.91 0.076655 0.000000 0.076655 0.000000 0.000000
3130.91 0.078626 0.000000 0.078626 0.000000 0.000000
3135.91 0.080646 0.000000 0.080646 0.000000 0.000000
3140.91 0.082722 0.000000 0.082722 0.000000 0.000000
3145.91 0.084861 0.000000 0.084861 0.000000 0.000000
3150.91 0.087071 0.000000 0.087071 0.000000 0.000000
3155.91 0.089349 0.000000 0.089349 0.000000 0.000000
3160.91 0.111444 0.022852 0.111444 0.000000 0.000000
3165.92 0.120568 0.030755 0.120568 0.000000 0.000000
3170.92 0.122734 0.030712 0.122734 0.000000 0.000000
3175.92 0.114534 0.018845 0.114534 0.000000 0.000000
3180.92 0.106709 0.007620 0.106709 0.000000 0.000000
3185.92 0.108968 0.008304 0.108968 0.000000 0.000000
3190.92 0.112737 0.011057 0.112737 0.000000 0.000000
3195.92 0.108952 0.005472 0.108952 0.000000 0.000000
3200.92 0.104861 0.000000 0.104861 0.000000 0.000000
3205.93 0.110905 0.000000 0.110905 0.000000 0.000000
3210.93 0.116316 0.000000 0.116316 0.000000 0.000000
3215.93 0.105095 0.000000 0.105095 0.000000 0.000000
3220.93 0.089864 0.000000 0.089864 0.000000 0.000000
3225.93 0.085499 0.000000 0.085499 0.000000 0.000000
3230.93 0.087270 0.000000 0.087270 0.000000 0.000000
3235.93 0.088219 0.000000 0.088219 0.000000 0.000000
3240.94 0.092098 0.000000 0.092098 0.000000 0.000000
3245.94 0.102620 0.000000 0.102620 0.000000 0.000000
3250.94 0.112627 0.000000 0.112627 0.000000 0.000000
3255.94 0.115687 0.000000 0.115687 0.000000 0.000000
3260.94 0.119137 0.000000 0.119137 0.000000 0.000000
3265.94 0.129606 0.000000 0.129606 0.000000 0.000000
3270.94 0.137134 0.000000 0.137134 0.000000 0.000000
3275.94 0.132469 0.000000 0.132469 0.000000 0.000000
3280.95 0.125797 0.000000 0.125797 0.000000 0.000000
3285.95 0.128406 0.000000 0.128406 0.000000 0.000000
3290.95 0.136557 0.000000 0.136557 0.000000 0.000000
3295.95 0.143124 0.000000 0.143124 0.000000 0.000000
3300.95 0.142445 0.000000 0.142445 0.000000 0.000000
3305.95 0.132077 0.000000 0.132077 0.000000 0.000000
3310.95 0.120990 0.000000 0.120990 0.000000 0.000000
3315.95 0.117986 0.000000 0.117986 0.000000 0.000000
3320.96 0.119785 0.000000 0.119785 0.000000 0.000000
3325.96 0.121061 0.000000 0.121061 0.000000 0.000000
3330.96 0.120380 0.000000 0.120380 0.000000 0.000000
3335.96 0.118397 0.000000 0.118397 0.000000 0.000000
3340.96 0.120230 0.000000 0.120230 0.000000 0.000000
3345.96 0.128732 0.000000 0.128732 0.000000 0.000000
3350.96 0.133248 0.000000 0.133248 0.000000 0.000000
3355.96 0.123880 0.000000 0.123880 0.000000 0.000000
3360.97 0.107261 0.000000 0.107261 0.000000 0.000000
3365.97 0.093239 0.000000 0.093239 0.000000 0.000000
3370.97 0.087981 0.000000 0.087981 0.000000 0.000000
3375.97 0.094166 0.000000 0.094166 0.000000 0.000000
3380.97 0.104188 0.000000 0.104188 0.000000 0.000000
3385.97 0.110902 0.000000 0.110902 0.000000 0.000000
3390.97 0.119265 0.000000 0.119265 0.000000 0.000000
3395.97 0.133442 0.000000 0.133442 0.000000 0.000000
3400.98 0.142318 0.000000 0.142318 0.000000 0.000000
3405.98 0.136342 0.000000 0.136342 0.000000 0.000000
3410.98 0.127495 0.000000 0.127495 0.000000 0.000000
3415.98 0.128965 0.000000 0.128965 0.000000 0.000000
3420.98 0.137232 0.000000 0.137232 0.000000 0.000000
3425.98 0.144532 0.000000 0.144532 0.000000 0.000000
3430.98 0.142846 0.000000 0.142846 0.000000 0.000000
3435.98 0.128133 0.000000 0.128133 0.000000 0.000000
3440.99 0.112528 0.000000 0.112528 0.000000 0.000000
3445.99 0.108556 0.000000 0.108556 0.000000 0.000000
3450.99 0.114134 0.000000 0.114134 0.000000 0.000000
3455.99 0.123376 0.000000 0.123376 0.000000 0.000000
3460.99 0.129794 0.000000 0.129794 0.000000 0.000000
3465.99 0.129069 0.000000 0.129069 0.000000 0.000000
3470.99 0.126151 0.000000 0.126151 0.000000 0.000000
3475.99 0.126084 0.000000 0.126084 0.000000 0.000000
3481.00 0.125015 0.000000 0.125015 0.000000 0.000000
3486.00 0.119679 0.000000 0.119679 0.000000 0.000000
3491.00 0.118051 0.000000 0.118051 0.000000 0.000000
3496.00 0.127721 0.000000 0.127721 0.000000 0.000000
3501.00 0.143483 0.000000 0.143483 0.000000 0.000000
3506.00 0.156627 0.000000 0.156627 0.000000 0.000000
3511.00 0.157225 0.000000 0.157225 0.000000 0.000000
3516.01 0.140615 0.000000 0.140615 0.000000 0.000000
3521.01 0.124427 0.000000 0.124427 0.000000 0.000000
3526.01 0.125964 0.000000 0.125964 0.000000 0.000000
3531.01 0.138944 0.000000 0.138944 0.000000 0.000000
3536.01 0.152118 0.000000 0.152118 0.000000 0.000000
3541.01 0.157970 0.000000 0.157970 0.000000 0.000000
3546.01 0.152354 0.000000 0.152354 0.000000 0.000000
3551.01 0.140882 0.000000 0.140882 0.000000 0.000000
3556.02 0.130052 0.000000 0.130052 0.000000 0.000000
3561.02 0.120160 0.000000 0.120160 0.000000 0.000000
3566.02 0.110105 0.000000 0.110105 0.000000 0.000000
3571.02 0.099409 0.000000 0.099409 0.000000 0.000000
3576.02 0.088802 0.000000 0.088802 0.000000 0.000000
3581.02 0.083225 0.000000 0.083225 0.000000 0.000000
3586.02 0.087930 0.000000 0.087930 0.000000 0.000000
3591.02 0.105204 0.000000 0.105204 0.000000 0.000000
3596.03 0.132764 0.000000 0.132764 0.000000 0.000000
3601.03 0.153026 0.000000 0.153026 0.000000 0.000000
3606.03 0.151974 0.000000 0.151974 0.000000 0.000000
3611.03 0.145175 0.000000 0.145175 0.000000 0.000000
3616.03 0.150091 0.000000 0.150091 0.000000 0.000000
3621.03 0.162164 0.000000 0.162164 0.000000 0.000000
3626.03 0.172552 0.000000 0.172552 0.000000 0.000000
3631.03 0.177281 0.000000 0.177281 0.000000 0.000000
3636.04 0.175716 0.000000 0.175716 0.000000 0.000000
3641.04 0.175709 0.000000 0.175709 0.000000 0.000000
3646.04 0.184707 0.000000 0.184707 0.000000 0.000000
3651.04 0.200024 0.000000 0.200024 0.000000 0.000000
3656.04 0.216746 0.000000 0.216746 0.000000 0.000000
3661.04 0.231169 0.000000 0.231169 0.000000 0.000000
3666.04 0.239703 0.000000 0.239703 0.000000 0.000000
3671.05 0.238005 0.000000 0.238005 0.000000 0.000000
3676.05 0.224778 0.000000 0.224778 0.000000 0.000000
3681.05 0.211648 0.000000 0.211648 0.000000 0.000000
3686.05 0.209580 0.000000 0.209580 0.000000 0.000000
3691.05 0.213948 0.000000 0.213948 0.000000 0.000000
3696.05 0.217676 0.000000 0.217676 0.000000 0.000000
3701.05 0.219467 0.000000 0.219467 0.000000 0.000000
3706.05 0.218976 0.000000 0.218976 0.000000 0.000000
3711.06 0.213881 0.000000 0.213881 0.000000 0.000000
3716.06 0.201782 0.000000 0.201782 0.000000 0.000000
3721.06 0.181934 0.000000 0.181934 0.000000 0.000000
3726.06 0.155897 0.000000 0.155897 0.000000 0.000000
3731.06 0.132807 0.000000 0.132807 0.000000 0.000000
3736.06 0.121505 0.000000 0.121505 0.000000 0.000000
3741.06 0.122080 0.000000 0.122080 0.000000 0.000000
3746.06 0.131483 0.000000 0.131483 0.000000 0.000000
3751.07 0.142861 0.000000 0.142861 0.000000 0.000000
3756.07 0.150644 0.000000 0.150644 0.000000 0.000000
3761.07 0.158202 0.000000 0.158202 0.000000 0.000000
3766.07 0.170186 0.000000 0.170186 0.000000 0.000000
3771.07 0.187429 0.000000 0.187429 0.000000 0.000000
3776.07 0.207062 0.000000 0.207062 0.000000 0.000000
3781.07 0.215231 0.000000 0.215231 0.000000 0.000000
3786.08 0.201404 0.000000 0.201404 0.000000 0.000000
3791.08 0.179344 0.000000 0.179344 0.000000 0.000000
3796.08 0.165080 0.000000 0.165080 0.000000 0.000000
3801.08 0.159425 0.000000 0.159425 0.000000 0.000000
3806.08 0.158189 0.000000 0.158189 0.000000 0.000000
3811.08 0.152366 0.000000 0.152366 0.000000 0.000000
3816.08 0.135114 0.000000 0.135114 0.000000 0.000000
3821.08 0.157333 0.051150 0.157333 0.000000 0.000000
3826.09 0.133774 0.044309 0.133774 0.000000 0.000000
3831.09 0.150021 0.070817 0.150021 0.000000 0.000000
3836.09 0.167331 0.082748 0.167331 0.000000 0.000000
3841.09 0.185396 0.090530 0.185396 0.000000 0.000000
3846.09 0.181599 0.079497 0.181599 0.000000 0.000000
3851.09 0.182110 0.080012 0.182110 0.000000 0.000000
3856.09 0.204351 0.109316 0.204351 0.000000 0.000000
3861.09 0.218320 0.129107 0.218320 0.000000 0.000000
3866.10 0.193579 0.101060 0.193579 0.000000 0.000000
3871.10 0.161248 0.060651 0.161248 0.000000 0.000000
3876.10 0.179607 0.074273 0.179607 0.000000 0.000000
3881.10 0.202824 0.083586 0.202824 0.000000 0.000000
3886.10 0.215009 0.066987 0.215009 0.000000 0.000000
3891.10 0.252175 0.075938 0.252175 0.000000 0.000000
3896.10 0.302669 0.108037 0.302669 0.000000 0.000000
3901.10 0.307206 0.097425 0.307206 0.000000 0.000000
3906.11 0.296986 0.079817 0.296986 0.000000 0.000000
3911.11 0.307576 0.092795 0.307576 0.000000 0.000000
3916.11 0.299552 0.089956 0.299552 0.000000 0.000000
3921.11 0.264642 0.074499 0.264642 0.000000 0.000000
3926.11 0.214810 0.067533 0.214810 0.000000 0.000000
3931.11 0.152552 0.043755 0.152552 0.000000 0.000000
3936.11 0.125635 0.027111 0.125635 0.000000 0.000000
3941.12 0.151482 0.029871 0.151482 0.000000 0.000000
3946.12 0.208529 0.034508 0.208529 0.000000 0.000000
3951.12 0.254618 0.037225 0.254618 0.000000 0.000000
3956.12 0.262728 0.046984 0.262728 0.000000 0.000000
3961.12 0.242587 0.058777 0.242587 0.000000 0.000000
3966.12 0.211979 0.061608 0.211979 0.000000 0.000000
3971.12 0.181194 0.031054 0.181194 0.000000 0.000000
3976.12 0.218200 0.021753 0.218200 0.000000 0.000000
3981.13 0.299530 0.037382 0.299530 0.000000 0.000000
3986.13 0.368832 0.050507 0.368832 0.000000 0.000000
3991.13 0.422482 0.067404 0.422482 0.000000 0.000000
3996.13 0.433666 0.057386 0.433666 0.000000 0.000000
4001.13 0.430719 0.039895 0.430719 0.000000 0.000000
4006.13 0.439330 0.031416 0.439330 0.000000 0.000000
4011.13 0.463361 0.037173 0.463361 0.000000 0.000000
4016.13 0.486673 0.044042 0.486673 0.000000 0.000000
4021.14 0.491449 0.042007 0.491449 0.000000 0.000000
4026.14 0.490400 0.052890 0.490400 0.000000 0.000000
4031.14 0.487276 0.069485 0.487276 0.000000 0.000000
4036.14 0.482642 0.078891 0.482642 0.000000 0.000000
4041.14 0.476856 0.078593 0.476856 0.000000 0.000000
4046.14 0.472129 0.072218 0.472129 0.000000 0.000000
4051.14 0.472789 0.071235 0.472789 0.000000 0.000000
4056.15 0.482714 0.086272 0.482714 0.000000 0.000000
4061.15 0.480191 0.091731 0.480191 0.000000 0.000000
4066.15 0.472183 0.090989 0.472183 0.000000 0.000000
4071.15 0.463160 0.074705 0.463160 0.000000 0.000000
4076.15 0.468201 0.049974 0.468201 0.000000 0.000000
4081.15 0.497961 0.045395 0.497961 0.000000 0.000000
4086.15 0.510941 0.033011 0.510941 0.000000 0.000000
4091.15 0.531338 0.048807 0.531338 0.000000 0.000000
4096.16 0.536911 0.068144 0.536911 0.000000 0.000000
4101.16 0.515961 0.062480 0.515961 0.000000 0.000000
4106.16 0.495252 0.047953 0.495252 0.000000 0.000000
4111.16 0.496081 0.051556 0.496081 0.000000 0.000000
4116.16 0.507789 0.067145 0.507789 0.000000 0.000000
4121.16 0.513834 0.079688 0.513834 0.000000 0.000000
4126.16 0.505285 0.081166 0.505285 0.000000 0.000000
4131.17 0.491848 0.080075 0.491848 0.000000 0.000000
4136.17 0.483605 0.084848 0.483605 0.000000 0.000000
4141.17 0.481222 0.096048 0.481222 0.000000 0.000000
4146.17 0.488126 0.116306 0.488126 0.000000 0.000000
4151.17 0.486010 0.115672 0.486010 0.000000 0.000000
4156.17 0.492814 0.109773 0.492814 0.000000 0.000000
4161.17 0.500890 0.107085 0.500890 0.000000 0.000000
4166.17 0.498885 0.109986 0.498885 0.000000 0.000000
4171.18 0.496956 0.116024 0.496956 0.000000 0.000000
4176.18 0.477190 0.088484 0.477190 0.000000 0.000000
4181.18 0.478007 0.077977 0.478007 0.000000 0.000000
4186.18 0.491201 0.084861 0.491201 0.000000 0.000000
4191.18 0.498168 0.089570 0.498168 0.000000 0.000000
4196.18 0.498737 0.089561 0.498737 0.000000 0.000000
4201.18 0.501462 0.083253 0.501462 0.000000 0.000000
4206.18 0.509951 0.067409 0.509951 0.000000 0.000000
4211.19 0.516217 0.050733 0.516217 0.000000 0.000000
4216.19 0.524668 0.056207 0.524668 0.000000 0.000000
4221.19 0.525654 0.065090 0.525654 0.000000 0.000000
4226.19 0.515024 0.057990 0.515024 0.000000 0.000000
4231.19 0.518288 0.047263 0.518288 0.000000 0.000000
4236.19 0.541576 0.032569 0.541576 0.000000 0.000000
4241.19 0.561178 0.020340 0.561178 0.000000 0.000000
4246.20 0.563669 0.025961 0.563669 0.000000 0.000000
4251.20 0.556987 0.036555 0.556987 0.000000 0.000000
4256.20 0.552360 0.037452 0.552360 0.000000 0.000000
4261.20 0.554432 0.036920 0.554432 0.000000 0.000000
4266.20 0.558087 0.038522 0.558087 0.000000 0.000000
4271.20 0.548697 0.030566 0.548697 0.000000 0.000000
4276.20 0.541316 0.032639 0.541316 0.000000 0.000000
4281.20 0.538961 0.042773 0.538961 0.000000 0.000000
4286.21 0.526107 0.040363 0.526107 0.000000 0.000000
4291.21 0.493655 0.031012 0.493655 0.000000 0.000000
4296.21 0.450659 0.033335 0.450659 0.000000 0.000000
4301.21 0.423780 0.035726 0.423780 0.000000 0.000000
4306.21 0.430403 0.017704 0.430403 0.000000 0.000000
4311.21 0.475541 0.002433 0.475541 0.000000 0.000000
4316.21 0.544155 0.004554 0.544155 0.000000 0.000000
4321.21 0.594395 0.008368 0.594395 0.000000 0.000000
4326.22 0.609084 0.013532 0.609084 0.000000 0.000000
4331.22 0.610290 0.011975 0.610290 0.000000 0.000000
4336.22 0.626483 0.003649 0.626483 0.000000 0.000000
4341.22 0.642103 0.006671 0.642103 0.000000 0.000000
4346.22 0.646061 0.005638 0.646061 0.000000 0.000000
4351.22 0.656214 0.011472 0.656214 0.000000 0.000000
4356.22 0.661156 0.011081 0.661156 0.000000 0.000000
4361.23 0.670405 0.007825 0.670405 0.000000 0.000000
4366.23 0.679680 0.008805 0.679680 0.000000 0.000000
4371.23 0.669541 0.013021 0.669541 0.000000 0.000000
4376.23 0.635356 0.026372 0.635356 0.000000 0.000000
4381.23 0.606063 0.043310 0.606063 0.000000 0.000000
4386.23 0.601140 0.047095 0.601140 0.000000 0.000000
4391.23 0.612021 0.037795 0.612021 0.000000 0.000000
4396.23 0.625135 0.021158 0.625135 0.000000 0.000000
4401.24 0.637699 0.012071 0.637699 0.000000 0.000000
4406.24 0.648783 0.019537 0.648783 0.000000 0.000000
4411.24 0.658375 0.024940 0.658375 0.000000 0.000000
4416.24 0.667925 0.013126 0.667925 0.000000 0.000000
4421.24 0.676993 0.002607 0.676993 0.000000 0.000000
4426.24 0.679139 0.004426 0.679139 0.000000 0.000000
4431.24 0.681035 0.006850 0.681035 0.000000 0.000000
4436.25 0.691608 0.001036 0.691608 0.000000 0.000000
4441.25 0.704186 0.000822 0.704186 0.000000 0.000000
4446.25 0.708690 0.011569 0.708690 0.000000 0.000000
4451.25 0.703693 0.028110 0.703693 0.000000 0.000000
4456.25 0.692534 0.035844 0.692534 0.000000 0.000000
4461.25 0.694401 0.037656 0.694401 0.000000 0.000000
4466.25 0.714184 0.026938 0.714184 0.000000 0.000000
4471.25 0.736589 0.004257 0.736589 0.000000 0.000000
4476.26 0.774205 0.008048 0.774205 0.000000 0.000000
4481.26 0.787405 0.008448 0.787405 0.000000 0.000000
4486.26 0.775531 0.009397 0.775531 0.000000 0.000000
4491.26 0.767294 0.011675 0.767294 0.000000 0.000000
4496.26 0.782694 0.008282 0.782694 0.000000 0.000000
4501.26 0.817030 0.009806 0.817030 0.000000 0.000000
4506.26 0.846249 0.014297 0.846249 0.000000 0.000000
4511.27 0.837205 0.002273 0.837205 0.000000 0.000000
4516.27 0.825370 0.023175 0.825370 0.000000 0.000000
4521.27 0.803101 0.042856 0.803101 0.000000 0.000000
4526.27 0.765823 0.027853 0.765823 0.000000 0.000000
4531.27 0.761020 0.027696 0.761020 0.000000 0.000000
4536.27 0.771441 0.025180 0.771441 0.000000 0.000000
4541.27 0.783637 0.016733 0.783637 0.000000 0.000000
4546.27 0.791708 0.007126 0.791708 0.000000 0.000000
4551.28 0.799693 0.001849 0.799693 0.000000 0.000000
4556.28 0.812472 0.005160 0.812472 0.000000 0.000000
4561.28 0.826439 0.013348 0.826439 0.000000 0.000000
4566.28 0.833026 0.016685 0.833026 0.000000 0.000000
4571.28 0.835463 0.016071 0.835463 0.000000 0.000000
4576.28 0.835214 0.011610 0.835214 0.000000 0.000000
4581.28 0.833211 0.010727 0.833211 0.000000 0.000000
4586.28 0.828404 0.016491 0.828404 0.000000 0.000000
4591.29 0.821795 0.018073 0.821795 0.000000 0.000000
4596.29 0.822911 0.014272 0.822911 0.000000 0.000000
4601.29 0.836730 0.013888 0.836730 0.000000 0.000000
4606.29 0.859204 0.018093 0.859204 0.000000 0.000000
4611.29 0.879503 0.015990 0.879503 0.000000 0.000000
4616.29 0.885989 0.003395 0.885989 0.000000 0.000000
4621.29 0.883537 0.024256 0.883537 0.000000 0.000000
4626.30 0.895620 0.010011 0.895620 0.000000 0.000000
4631.30 0.894492 0.006599 0.894492 0.000000 0.000000
4636.30 0.879056 0.018071 0.879056 0.000000 0.000000
4641.30 0.867441 0.027249 0.867441 0.000000 0.000000
4646.30 0.868859 0.030553 0.868859 0.000000 0.000000
4651.30 0.874233 0.030584 0.874233 0.000000 0.000000
4656.30 0.872558 0.030570 0.872558 0.000000 0.000000
4661.30 0.866249 0.033325 0.866249 0.000000 0.000000
4666.31 0.855164 0.033040 0.855164 0.000000 0.000000
4671.31 0.850136 0.029838 0.850136 0.000000 0.000000
4676.31 0.861045 0.027034 0.861045 0.000000 0.000000
4681.31 0.876268 0.026972 0.876268 0.000000 0.000000
4686.31 0.882704 0.031565 0.882704 0.000000 0.000000
4691.31 0.881233 0.040025 0.881233 0.000000 0.000000
4696.31 0.873850 0.046507 0.873850 0.000000 0.000000
4701.32 0.866890 0.043656 0.866890 0.000000 0.000000
4706.32 0.868742 0.030072 0.868742 0.000000 0.000000
4711.32 0.878884 0.014904 0.878884 0.000000 0.000000
4716.32 0.892073 0.006278 0.892073 0.000000 0.000000
4721.32 0.904925 0.011385 0.904925 0.000000 0.000000
4726.32 0.905366 0.020833 0.905366 0.000000 0.000000
4731.32 0.902917 0.027251 0.902917 0.000000 0.000000
4736.32 0.909191 0.026523 0.909191 0.000000 0.000000
4741.33 0.914311 0.016032 0.914311 0.000000 0.000000
4746.33 0.915169 0.005805 0.915169 0.000000 0.000000
4751.33 0.913156 0.004114 0.913156 0.000000 0.000000
4756.33 0.906780 0.010289 0.906780 0.000000 0.000000
4761.33 0.898907 0.012952 0.898907 0.000000 0.000000
4766.33 0.896756 0.006659 0.896756 0.000000 0.000000
4771.33 0.905556 0.002957 0.905556 0.000000 0.000000
4776.34 0.922798 0.008643 0.922798 0.000000 0.000000
4781.34 0.925424 0.004238 0.925424 0.000000 0.000000
4786.34 0.918825 0.001055 0.918825 0.000000 0.000000
4791.34 0.918274 0.001092 0.918274 0.000000 0.000000
4796.34 0.927662 0.001644 0.927662 0.000000 0.000000
4801.34 0.940295 0.002238 0.940295 0.000000 0.000000
4806.34 0.948007 0.002255 0.948007 0.000000 0.000000
4811.34 0.944794 0.010567 0.944794 0.000000 0.000000
4816.35 0.947097 0.010499 0.947097 0.000000 0.000000
4821.35 0.944407 0.006086 0.944407 0.000000 0.000000
4826.35 0.927401 0.003453 0.927401 0.000000 0.000000
4831.35 0.920365 0.005846 0.920365 0.000000 0.000000
4836.35 0.925066 0.007248 0.925066 0.000000 0.000000
4841.35 0.926263 0.002902 0.926263 0.000000 0.000000
4846.35 0.912536 0.001410 0.912536 0.000000 0.000000
4851.36 0.890572 0.003834 0.890572 0.000000 0.000000
4856.36 0.863073 0.000000 0.863073 0.000000 0.000000
4861.36 0.836961 0.014936 0.836961 0.000000 0.000000
4866.36 0.842121 0.013414 0.842121 0.000000 0.000000
4871.36 0.853219 0.011987 0.853219 0.000000 0.000000
4876.36 0.859856 0.009700 0.859856 0.000000 0.000000
4881.36 0.867644 0.006629 0.867644 0.000000 0.000000
4886.36 0.882730 0.004768 0.882730 0.000000 0.000000
4891.37 0.902409 0.006911 0.902409 0.000000 0.000000
4896.37 0.911715 0.024438 0.911715 0.000000 0.000000
4901.37 0.925143 0.021855 0.925143 0.000000 0.000000
4906.37 0.920462 0.011102 0.920462 0.000000 0.000000
4911.37 0.902164 0.006366 0.902164 0.000000 0.000000
4916.37 0.891247 0.004947 0.891247 0.000000 0.000000
4921.37 0.885097 0.006974 0.885097 0.000000 0.000000
4926.37 0.882792 0.007782 0.882792 0.000000 0.000000
4931.38 0.886845 0.011967 0.886845 0.000000 0.000000
4936.38 0.901949 0.020146 0.901949 0.000000 0.000000
4941.38 0.917687 0.031353 0.917687 0.000000 0.000000
4946.38 0.927361 0.038537 0.927361 0.000000 0.000000
4951.38 0.936532 0.032342 0.936532 0.000000 0.000000
4956.38 0.938688 0.022328 0.938688 0.000000 0.000000
4961.38 0.936062 0.016116 0.936062 0.000000 0.000000
4966.39 0.932127 0.017756 0.932127 0.000000 0.000000
4971.39 0.924037 0.021987 0.924037 0.000000 0.000000
4976.39 0.913924 0.017758 0.913924 0.000000 0.000000
4981.39 0.909531 0.004007 0.909531 0.000000 0.000000
4986.39 0.904029 0.001738 0.904029 0.000000 0.000000
4991.39 0.891223 0.007533 0.891223 0.000000 0.000000
4996.39 0.889110 0.007176 0.889110 0.000000 0.000000
5001.39 0.889223 0.002072 0.889223 0.000000 0.000000
5006.40 0.875770 0.007585 0.875770 0.000000 0.000000
5011.40 0.864332 0.013683 0.864332 0.000000 0.000000
5016.40 0.865388 0.017715 0.865388 0.000000 0.000000
5021.40 0.871386 0.010944 0.871386 0.000000 0.000000
5026.40 0.889594 0.007627 0.889594 0.000000 0.000000
5031.40 0.906945 0.007193 0.906945 0.000000 0.000000
5036.40 0.908090 0.002997 0.908090 0.000000 0.000000
5041.41 0.906790 0.000746 0.906790 0.000000 0.000000
5046.41 0.913190 0.005106 0.913190 0.000000 0.000000
5051.41 0.927284 0.004776 0.927284 0.000000 0.000000
5056.41 0.941887 0.001128 0.941887 0.000000 0.000000
5061.41 0.946115 0.006836 0.946115 0.000000 0.000000
5066.41 0.934881 0.009717 0.934881 0.000000 0.000000
5071.41 0.917644 0.012217 0.917644 0.000000 0.000000
5076.41 0.905537 0.017192 0.905537 0.000000 0.000000
5081.42 0.898631 0.020292 0.898631 0.000000 0.000000
5086.42 0.900473 0.024646 0.900473 0.000000 0.000000
5091.42 0.905568 0.031161 0.905568 0.000000 0.000000
5096.42 0.903213 0.033464 0.903213 0.000000 0.000000
5101.42 0.897902 0.029424 0.897902 0.000000 0.000000
5106.42 0.905824 0.031369 0.905824 0.000000 0.000000
5111.42 0.914878 0.036081 0.914878 0.000000 0.000000
5116.43 0.909726 0.037114 0.909726 0.000000 0.000000
5121.43 0.896030 0.037187 0.896030 0.000000 0.000000
5126.43 0.884866 0.041487 0.884866 0.000000 0.000000
5131.43 0.878879 0.045337 0.878879 0.000000 0.000000
5136.43 0.878932 0.044614 0.878932 0.000000 0.000000
5141.43 0.880522 0.039536 0.880522 0.000000 0.000000
5146.43 0.881811 0.035423 0.881811 0.000000 0.000000
5151.43 0.881271 0.035568 0.881271 0.000000 0.000000
5156.44 0.875484 0.040323 0.875484 0.000000 0.000000
5161.44 0.860045 0.048329 0.860045 0.000000 0.000000
5166.44 0.833739 0.056004 0.833739 0.000000 0.000000
5171.44 0.814573 0.058922 0.814573 0.000000 0.000000
5176.44 0.816922 0.051573 0.816922 0.000000 0.000000
5181.44 0.837326 0.043333 0.837326 0.000000 0.000000
5186.44 0.860762 0.036718 0.860762 0.000000 0.000000
5191.45 0.873568 0.026296 0.873568 0.000000 0.000000
5196.45 0.880985 0.023087 0.880985 0.000000 0.000000
5201.45 0.888459 0.026336 0.888459 0.000000 0.000000
5206.45 0.897104 0.029377 0.897104 0.000000 0.000000
5211.45 0.905190 0.030648 0.905190 0.000000 0.000000
5216.45 0.912772 0.032594 0.912772 0.000000 0.000000
5221.45 0.917755 0.034532 0.917755 0.000000 0.000000
5226.45 0.916288 0.031310 0.916288 0.000000 0.000000
5231.46 0.924981 0.032141 0.924981 0.000000 0.000000
5236.46 0.935019 0.020303 0.935019 0.000000 0.000000
5241.46 0.942871 0.007984 0.942871 0.000000 0.000000
5246.46 0.948264 0.012265 0.948264 0.000000 0.000000
5251.46 0.940555 0.019978 0.940555 0.000000 0.000000
5256.46 0.923307 0.029525 0.923307 0.000000 0.000000
5261.46 0.902876 0.041647 0.902876 0.000000 0.000000
5266.47 0.877666 0.043308 0.877666 0.000000 0.000000
5271.47 0.874578 0.036860 0.874578 0.000000 0.000000
5276.47 0.910225 0.023749 0.910225 0.000000 0.000000
5281.47 0.948544 0.005954 0.948544 0.000000 0.000000
5286.47 0.967944 0.002983 0.967944 0.000000 0.000000
5291.47 0.974373 0.007843 0.974373 0.000000 0.000000
5296.47 0.979635 0.009911 0.979635 0.000000 0.000000
5301.47 0.982361 0.000399 0.982361 0.000000 0.000000
5306.48 0.984880 0.017273 0.984880 0.000000 0.000000
5311.48 0.992866 0.016416 0.992866 0.000000 0.000000
5316.48 0.995587 0.006366 0.995587 0.000000 0.000000
5321.48 0.974492 0.013360 0.974492 0.000000 0.000000
5326.48 0.957820 0.016143 0.957820 0.000000 0.000000
5331.48 0.958792 0.022365 0.958792 0.000000 0.000000
5336.48 0.963649 0.014247 0.963649 0.000000 0.000000
5341.49 0.969191 0.004322 0.969191 0.000000 0.000000
5346.49 0.990598 0.006900 0.990598 0.000000 0.000000
5351.49 1.004946 0.015379 1.004946 0.000000 0.000000
5356.49 1.016357 0.020340 1.016357 0.000000 0.000000
5361.49 1.018447 0.019906 1.018447 0.000000 0.000000
5366.49 1.004032 0.017740 1.004032 0.000000 0.000000
5371.49 0.993653 0.008448 0.993653 0.000000 0.000000
5376.49 0.993455 0.002147 0.993455 0.000000 0.000000
5381.50 0.987243 0.007335 0.987243 0.000000 0.000000
5386.50 0.981489 0.002375 0.981489 0.000000 0.000000
5391.50 0.970518 0.008518 0.970518 0.000000 0.000000
5396.50 0.950349 0.017050 0.950349 0.000000 0.000000
5401.50 0.939887 0.028997 0.939887 0.000000 0.000000
5406.50 0.937064 0.026704 0.937064 0.000000 0.000000
5411.50 0.944514 0.013402 0.944514 0.000000 0.000000
5416.51 0.966850 0.002748 0.966850 0.000000 0.000000
5421.51 0.983667 0.003544 0.983667 0.000000 0.000000
5426.51 0.979265 0.003855 0.979265 0.000000 0.000000
5431.51 0.972963 0.004580 0.972963 0.000000 0.000000
5436.51 0.976008 0.010966 0.976008 0.000000 0.000000
5441.51 0.981426 0.006354 0.981426 0.000000 0.000000
5446.51 0.987666 0.004842 0.987666 0.000000 0.000000
5451.51 0.993419 0.012214 0.993419 0.000000 0.000000
5456.52 0.997444 0.007538 0.997444 0.000000 0.000000
5461.52 0.999920 0.004331 0.999920 0.000000 0.000000
5466.52 0.993495 0.007669 0.993495 0.000000 0.000000
5471.52 0.984183 0.007909 0.984183 0.000000 0.000000
5476.52 0.977355 0.010556 0.977355 0.000000 0.000000
5481.52 0.973897 0.013211 0.973897 0.000000 0.000000
5486.52 0.973277 0.011688 0.973277 0.000000 0.000000
5491.53 0.977647 0.006871 0.977647 0.000000 0.000000
5496.53 0.988241 0.001912 0.988241 0.000000 0.000000
5501.53 0.989629 0.007777 0.989629 0.000000 0.000000
5506.53 0.987170 0.006228 0.987170 0.000000 0.000000
5511.53 0.988684 0.001196 0.988684 0.000000 0.000000
5516.53 0.994288 0.000282 0.994288 0.000000 0.000000
5521.53 1.001235 0.004162 1.001235 0.000000 0.000000
5526.53 1.004052 0.005408 1.004052 0.000000 0.000000
5531.54 1.004300 0.000564 1.004300 0.000000 0.000000
5536.54 0.995662 0.000399 0.995662 0.000000 0.000000
5541.54 0.994164 0.000746 0.994164 0.000000 0.000000
5546.54 1.009273 0.001055 1.009273 0.000000 0.000000
5551.54 1.020550 0.009282 1.020550 0.000000 0.000000
5556.54 1.026826 0.008707 1.026826 0.000000 0.000000
5561.54 1.024795 0.001196 1.024795 0.000000 0.000000
5566.55 1.012380 0.005319 1.012380 0.000000 0.000000
5571.55 1.000222 0.004181 1.000222 0.000000 0.000000
5576.55 1.000673 0.004066 1.000673 0.000000 0.000000
5581.55 1.005805 0.006871 1.005805 0.000000 0.000000
5586.55 0.999602 0.000488 0.999602 0.000000 0.000000
5591.55 0.983822 0.005645 0.983822 0.000000 0.000000
5596.55 0.971804 0.008897 0.971804 0.000000 0.000000
5601.55 0.975402 0.010431 0.975402 0.000000 0.000000
5606.56 0.995733 0.006882 0.995733 0.000000 0.000000
5611.56 1.015033 0.001261 1.015033 0.000000 0.000000
5616.56 1.017602 0.010904 1.017602 0.000000 0.000000
5621.56 1.012749 0.012449 1.012749 0.000000 0.000000
5626.56 1.006628 0.007187 1.006628 0.000000 0.000000
5631.56 1.005484 0.000977 1.005484 0.000000 0.000000
5636.56 1.014226 0.003189 1.014226 0.000000 0.000000
5641.57 1.021749 0.002584 1.021749 0.000000 0.000000
5646.57 1.013736 0.007638 1.013736 0.000000 0.000000
5651.57 1.011622 0.005539 1.011622 0.000000 0.000000
5656.57 1.010787 0.002392 1.010787 0.000000 0.000000
5661.57 1.006163 0.007209 1.006163 0.000000 0.000000
5666.57 1.005163 0.012992 1.005163 0.000000 0.000000
5671.57 1.011924 0.013579 1.011924 0.000000 0.000000
5676.57 1.023522 0.010556 1.023522 0.000000 0.000000
5681.58 1.028777 0.016778 1.028777 0.000000 0.000000
5686.58 1.031152 0.026706 1.031152 0.000000 0.000000
5691.58 1.031211 0.030608 1.031211 0.000000 0.000000
5696.58 1.025628 0.024234 1.025628 0.000000 0.000000
5701.58 1.015257 0.010149 1.015257 0.000000 0.000000
5706.58 0.998726 0.000282 0.998726 0.000000 0.000000
5711.58 0.987246 0.002660 0.987246 0.000000 0.000000
5716.59 0.997623 0.015736 0.997623 0.000000 0.000000
5721.59 1.024651 0.019942 1.024651 0.000000 0.000000
5726.59 1.042451 0.017610 1.042451 0.000000 0.000000
5731.59 1.039284 0.025221 1.039284 0.000000 0.000000
5736.59 1.039869 0.023261 1.039869 0.000000 0.000000
5741.59 1.040763 0.018404 1.040763 0.000000 0.000000
5746.59 1.038399 0.015857 1.038399 0.000000 0.000000
5751.59 1.033638 0.015451 1.033638 0.000000 0.000000
5756.60 1.025310 0.019368 1.025310 0.000000 0.000000
5761.60 1.018251 0.022816 1.018251 0.000000 0.000000
5766.60 1.026647 0.010149 1.026647 0.000000 0.000000
5771.60 1.026982 0.009012 1.026982 0.000000 0.000000
5776.60 1.019989 0.018978 1.019989 0.000000 0.000000
5781.60 1.013400 0.031589 1.013400 0.000000 0.000000
5786.60 1.013406 0.039776 1.013406 0.000000 0.000000
5791.61 1.024512 0.037097 1.024512 0.000000 0.000000
5796.61 1.035795 0.034577 1.035795 0.000000 0.000000
5801.61 1.045188 0.033021 1.045188 0.000000 0.000000
5806.61 1.048445 0.036078 1.048445 0.000000 0.000000
5811.61 1.049681 0.039028 1.049681 0.000000 0.000000
5816.61 1.056522 0.033449 1.056522 0.000000 0.000000
5821.61 1.067028 0.021938 1.067028 0.000000 0.000000
5826.62 1.071891 0.015549 1.071891 0.000000 0.000000
5831.62 1.066881 0.019207 1.066881 0.000000 0.000000
5836.62 1.064201 0.018768 1.064201 0.000000 0.000000
5841.62 1.062741 0.015482 1.062741 0.000000 0.000000
5846.62 1.056130 0.016654 1.056130 0.000000 0.000000
5851.62 1.049355 0.016322 1.049355 0.000000 0.000000
5856.62 1.042736 0.013942 1.042736 0.000000 0.000000
5861.62 1.036172 0.009367 1.036172 0.000000 0.000000
5866.63 1.033526 0.001595 1.033526 0.000000 0.000000
5871.63 1.027993 0.009324 1.027993 0.000000 0.000000
5876.63 1.017209 0.008762 1.017209 0.000000 0.000000
5881.63 1.008834 0.006466 1.008834 0.000000 0.000000
5886.63 0.993107 0.010377 0.993107 0.000000 0.000000
5891.63 0.966647 0.044744 0.966647 0.000000 0.000000
5896.63 0.943413 0.078857 0.943413 0.000000 0.000000
5901.64 0.952101 0.077944 0.952101 0.000000 0.000000
5906.64 0.991294 0.042196 0.991294 0.000000 0.000000
5911.64 1.022585 0.015280 1.022585 0.000000 0.000000
5916.64 1.034276 0.010219 1.034276 0.000000 0.000000
5921.64 1.039209 0.011719 1.039209 0.000000 0.000000
5926.64 1.043605 0.012125 1.043605 0.000000 0.000000
5931.64 1.041172 0.018597 1.041172 0.000000 0.000000
5936.64 1.037820 0.024221 1.037820 0.000000 0.000000
5941.65 1.044339 0.016467 1.044339 0.000000 0.000000
5946.65 1.040604 0.018623 1.040604 0.000000 0.000000
5951.65 1.035918 0.020643 1.035918 0.000000 0.000000
5956.65 1.033711 0.019380 1.033711 0.000000 0.000000
5961.65 1.033123 0.016649 1.033123 0.000000 0.000000
5966.65 1.030762 0.016990 1.030762 0.000000 0.000000
5971.65 1.027258 0.019376 1.027258 0.000000 0.000000
5976.66 1.034437 0.009717 1.034437 0.000000 0.000000
5981.66 1.029116 0.014269 1.029116 0.000000 0.000000
5986.66 1.023030 0.019132 1.023030 0.000000 0.000000
5991.66 1.024192 0.015181 1.024192 0.000000 0.000000
5996.66 1.024433 0.012053 1.024433 0.000000 0.000000
6001.66 1.010818 0.000000 1.010818 0.000000 0.000000
6006.66 1.007778 0.000000 1.007778 0.000000 0.000000
6011.66 1.009709 0.000000 1.009709 0.000000 0.000000
6016.67 1.012077 0.000000 1.012077 0.000000 0.000000
6021.67 1.012934 0.000000 1.012934 0.000000 0.000000
6026.67 1.015002 0.000000 1.015002 0.000000 0.000000
6031.67 1.019919 0.000000 1.019919 0.000000 0.000000
6036.67 1.025612 0.000000 1.025612 0.000000 0.000000
6041.67 1.023632 0.000000 1.023632 0.000000 0.000000
6046.67 1.030799 0.000000 1.030799 0.000000 0.000000
6051.68 1.042242 0.000000 1.042242 0.000000 0.000000
6056.68 1.043970 0.000000 1.043970 0.000000 0.000000
6061.68 1.042469 0.000000 1.042469 0.000000 0.000000
6066.68 1.039333 0.000000 1.039333 0.000000 0.000000
6071.68 1.034392 0.000000 1.034392 0.000000 0.000000
6076.68 1.036580 0.000000 1.036580 0.000000 0.000000
6081.68 1.035479 0.000000 1.035479 0.000000 0.000000
6086.68 1.023579 0.000000 1.023579 0.000000 0.000000
6091.69 1.014073 0.000000 1.014073 0.000000 0.000000
6096.69 1.006633 0.000000 1.006633 0.000000 0.000000
6101.69 1.004829 0.000000 1.004829 0.000000 0.000000
6106.69 1.003454 0.010031 1.003454 0.000000 0.000000
6111.69 1.012372 0.003740 1.012372 0.000000 0.000000
6116.69 1.017382 0.010015 1.017382 0.000000 0.000000
6121.69 1.011336 0.007242 1.011336 0.000000 0.000000
6126.70 1.002797 0.005567 1.002797 0.000000 0.000000
6131.70 1.011696 0.002110 1.011696 0.000000 0.000000
6136.70 1.008499 0.000000 1.008499 0.000000 0.000000
6141.70 0.972073 0.040908 0.972073 0.000000 0.000000
6146.70 1.013823 0.010646 1.013823 0.000000 0.000000
6151.70 1.002697 0.008190 1.002697 0.000000 0.000000
6156.70 0.998693 0.013871 0.998693 0.000000 0.000000
6161.70 0.984679 0.007432 0.984679 0.000000 0.000000
6166.71 0.977898 0.000564 0.977898 0.000000 0.000000
6171.71 0.981402 0.009358 0.981402 0.000000 0.000000
6176.71 0.995521 0.005481 0.995521 0.000000 0.000000
6181.71 1.008086 0.041072 1.008086 0.000000 0.000000
6186.71 1.020714 0.030218 1.020714 0.000000 0.000000
6191.71 1.008364 0.003498 1.008364 0.000000 0.000000
6196.71 1.006281 0.001644 1.006281 0.000000 0.000000
6201.72 1.031525 0.020674 1.031525 0.000000 0.000000
6206.72 1.034736 0.023092 1.034736 0.000000 0.000000
6211.72 1.033380 0.027913 1.033380 0.000000 0.000000
6216.72 0.999216 0.002458 0.999216 0.000000 0.000000
6221.72 0.984070 0.018928 0.984070 0.000000 0.000000
6226.72 0.995314 0.005349 0.995314 0.000000 0.000000
6231.72 0.996257 0.001162 0.996257 0.000000 0.000000
6236.72 0.991170 0.004598 0.991170 0.000000 0.000000
6241.73 0.983622 0.004422 0.983622 0.000000 0.000000
6246.73 0.968476 0.003336 0.968476 0.000000 0.000000
6251.73 0.991261 0.014093 0.991261 0.000000 0.000000
6256.73 0.967209 0.022020 0.967209 0.000000 0.000000
6261.73 0.955422 0.041332 0.955422 0.000000 0.000000
6266.73 0.987885 0.016261 0.987885 0.000000 0.000000
6271.73 0.999264 0.003643 0.999264 0.000000 0.000000
6276.74 0.999169 0.026937 0.999169 0.000000 0.000000
6281.74 0.979356 0.024808 0.979356 0.000000 0.000000
6286.74 0.975952 0.031762 0.975952 0.000000 0.000000
6291.74 1.000342 0.052494 1.000342 0.000000 0.000000
6296.74 0.991316 0.023286 0.991316 0.000000 0.000000
6301.74 0.980352 0.003347 0.980352 0.000000 0.000000
6306.74 0.988043 0.013354 0.988043 0.000000 0.000000
6311.75 0.995671 0.029237 0.995671 0.000000 0.000000
6316.75 0.978233 0.019068 0.978233 0.000000 0.000000
6321.75 0.975185 0.006623 0.975185 0.000000 0.000000
6326.75 1.003129 0.019062 1.003129 0.000000 0.000000
6331.75 1.013336 0.035163 1.013336 0.000000 0.000000
6336.75 0.999589 0.024183 0.999589 0.000000 0.000000
6341.75 0.987457 0.009178 0.987457 0.000000 0.000000
6346.75 0.996276 0.009531 0.996276 0.000000 0.000000
6351.76 0.989738 0.009234 0.989738 0.000000 0.000000
6356.76 0.985179 0.026597 0.985179 0.000000 0.000000
6361.76 0.957559 0.004675 0.957559 0.000000 0.000000
6366.76 0.948745 0.015171 0.948745 0.000000 0.000000
6371.76 0.983408 0.019968 0.983408 0.000000 0.000000
6376.76 1.014181 0.045257 1.014181 0.000000 0.000000
6381.76 1.012774 0.041509 1.012774 0.000000 0.000000
6386.77 0.999195 0.039025 0.999195 0.000000 0.000000
6391.77 1.002206 0.058394 1.002206 0.000000 0.000000
6396.77 0.985917 0.043562 0.985917 0.000000 0.000000
6401.77 0.975775 0.025353 0.975775 0.000000 0.000000
6406.77 0.991525 0.033051 0.991525 0.000000 0.000000
6411.77 0.995081 0.026891 0.995081 0.000000 0.000000
6416.77 0.994034 0.019972 0.994034 0.000000 0.000000
6421.77 0.990200 0.016628 0.990200 0.000000 0.000000
6426.78 0.992553 0.020685 0.992553 0.000000 0.000000
6431.78 1.004894 0.037052 1.004894 0.000000 0.000000
6436.78 0.989114 0.023075 0.989114 0.000000 0.000000
6441.78 0.994354 0.035984 0.994354 0.000000 0.000000
6446.78 1.002980 0.049726 1.002980 0.000000 0.000000
6451.78 0.984621 0.030707 0.984621 0.000000 0.000000
6456.78 0.966476 0.028400 0.966476 0.000000 0.000000
6461.79 0.989213 0.054226 0.989213 0.000000 0.000000
6466.79 0.983929 0.039927 0.983929 0.000000 0.000000
6471.79 0.985910 0.042901 0.985910 0.000000 0.000000
6476.79 0.985332 0.046400 0.985332 0.000000 0.000000
6481.79 0.991604 0.054099 0.991604 0.000000 0.000000
6486.79 0.976278 0.039013 0.976278 0.000000 0.000000
6491.79 0.964097 0.047928 0.964097 0.000000 0.000000
6496.79 0.923998 0.008825 0.923998 0.000000 0.000000
6501.80 0.918395 0.017176 0.918395 0.000000 0.000000
6506.80 0.971833 0.021083 0.971833 0.000000 0.000000
6511.80 0.990431 0.028004 0.990431 0.000000 0.000000
6516.80 0.996330 0.034701 0.996330 0.000000 0.000000
6521.80 0.984457 0.027077 0.984457 0.000000 0.000000
6526.80 0.995424 0.039725 0.995424 0.000000 0.000000
6531.80 0.990970 0.029362 0.990970 0.000000 0.000000
6536.81 0.987665 0.022911 0.987665 0.000000 0.000000
6541.81 1.004595 0.044690 1.004595 0.000000 0.000000
6546.81 0.992189 0.041713 0.992189 0.000000 0.000000
6551.81 0.968946 0.049609 0.968946 0.000000 0.000000
6556.81 0.947967 0.061750 0.947967 0.000000 0.000000
6561.81 0.918752 0.040989 0.918752 0.000000 0.000000
6566.81 0.898259 0.004422 0.898259 0.000000 0.000000
6571.81 0.945725 0.025831 0.945725 0.000000 0.000000
6576.82 0.973440 0.012592 0.973440 0.000000 0.000000
6581.82 0.990454 0.036995 0.990454 0.000000 0.000000
6586.82 0.984541 0.041289 0.984541 0.000000 0.000000
6591.82 0.992797 0.043229 0.992797 0.000000 0.000000
6596.82 0.980584 0.022056 0.980584 0.000000 0.000000
6601.82 0.986890 0.026872 0.986890 0.000000 0.000000
6606.82 0.996824 0.044866 0.996824 0.000000 0.000000
6611.83 0.983003 0.036690 0.983003 0.000000 0.000000
6616.83 0.992722 0.042585 0.992722 0.000000 0.000000
6621.83 1.013156 0.051848 1.013156 0.000000 0.000000
6626.83 1.004086 0.030856 1.004086 0.000000 0.000000
6631.83 0.991378 0.012138 0.991378 0.000000 0.000000
6636.83 0.983735 0.007059 0.983735 0.000000 0.000000
6641.83 0.990228 0.028602 0.990228 0.000000 0.000000
6646.84 0.988380 0.028362 0.988380 0.000000 0.000000
6651.84 0.997880 0.031486 0.997880 0.000000 0.000000
6656.84 1.005690 0.038336 1.005690 0.000000 0.000000
6661.84 1.001651 0.034372 1.001651 0.000000 0.000000
6666.84 0.976283 0.007878 0.976283 0.000000 0.000000
6671.84 0.980369 0.012320 0.980369 0.000000 0.000000
6676.84 0.993987 0.026423 0.993987 0.000000 0.000000
6681.84 0.980333 0.010461 0.980333 0.000000 0.000000
6686.85 0.993108 0.023866 0.993108 0.000000 0.000000
6691.85 1.008964 0.036170 1.008964 0.000000 0.000000
6696.85 1.002953 0.022788 1.002953 0.000000 0.000000
6701.85 0.989384 0.005289 0.989384 0.000000 0.000000
6706.85 1.004272 0.018550 1.004272 0.000000 0.000000
6711.85 0.989971 0.006859 0.989971 0.000000 0.000000
6716.85 0.975065 0.002308 0.975065 0.000000 0.000000
6721.86 0.976205 0.001196 0.976205 0.000000 0.000000
6726.86 0.998582 0.020651 0.998582 0.000000 0.000000
6731.86 0.999034 0.020737 0.999034 0.000000 0.000000
6736.86 0.994386 0.023672 0.994386 0.000000 0.000000
6741.86 0.978217 0.021017 0.978217 0.000000 0.000000
6746.86 0.966190 0.016926 0.966190 0.000000 0.000000
6751.86 0.971140 0.011177 0.971140 0.000000 0.000000
6756.86 0.978512 0.003114 0.978512 0.000000 0.000000
6761.87 1.006057 0.029024 1.006057 0.000000 0.000000
6766.87 0.995158 0.014488 0.995158 0.000000 0.000000
6771.87 0.992687 0.014383 0.992687 0.000000 0.000000
6776.87 0.992643 0.021220 0.992643 0.000000 0.000000
6781.87 0.995700 0.024043 0.995700 0.000000 0.000000
6786.87 0.979498 0.002584 0.979498 0.000000 0.000000
6791.87 0.987312 0.012050 0.987312 0.000000 0.000000
6796.88 0.988617 0.010727 0.988617 0.000000 0.000000
6801.88 0.978768 0.002013 0.978768 0.000000 0.000000
6806.88 0.987630 0.009867 0.987630 0.000000 0.000000
6811.88 0.993182 0.010196 0.993182 0.000000 0.000000
6816.88 0.990039 0.000746 0.990039 0.000000 0.000000
6821.88 0.997341 0.012240 0.997341 0.000000 0.000000
6826.88 1.000914 0.018793 1.000914 0.000000 0.000000
6831.88 0.992971 0.019421 0.992971 0.000000 0.000000
6836.89 0.999147 0.000000 0.999147 0.000000 0.000000
6841.89 0.999029 0.000000 0.999029 0.000000 0.000000
6846.89 0.998172 0.000000 0.998172 0.000000 0.000000
6851.89 0.996049 0.000000 0.996049 0.000000 0.000000
6856.89 0.994733 0.000000 0.994733 0.000000 0.000000
6861.89 0.993196 0.000000 0.993196 0.000000 0.000000
6866.89 0.991024 0.000000 0.991024 0.000000 0.000000
6871.90 0.989631 0.000000 0.989631 0.000000 0.000000
6876.90 0.988441 0.000000 0.988441 0.000000 0.000000
6881.90 0.986906 0.000000 0.986906 0.000000 0.000000
6886.90 0.986092 0.000000 0.986092 0.000000 0.000000
6891.90 0.985585 0.000000 0.985585 0.000000 0.000000
6896.90 0.984641 0.000000 0.984641 0.000000 0.000000
6901.90 0.983343 0.000000 0.983343 0.000000 0.000000
6906.91 0.981993 0.000000 0.981993 0.000000 0.000000
6911.91 0.980527 0.000000 0.980527 0.000000 0.000000
6916.91 0.979508 0.000000 0.979508 0.000000 0.000000
6921.91 0.980346 0.000000 0.980346 0.000000 0.000000
6926.91 0.979973 0.000000 0.979973 0.000000 0.000000
6931.91 0.978135 0.000000 0.978135 0.000000 0.000000
6936.91 0.976396 0.000000 0.976396 0.000000 0.000000
6941.91 0.975066 0.000000 0.975066 0.000000 0.000000
6946.92 0.974127 0.000000 0.974127 0.000000 0.000000
6951.92 0.974290 0.000000 0.974290 0.000000 0.000000
6956.92 0.974205 0.000000 0.974205 0.000000 0.000000
6961.92 0.974615 0.000000 0.974615 0.000000 0.000000
6966.92 0.974234 0.000000 0.974234 0.000000 0.000000
6971.92 0.975790 0.000000 0.975790 0.000000 0.000000
6976.92 0.959129 0.000000 0.959129 0.000000 0.000000
6981.93 0.910003 0.000000 0.910003 0.000000 0.000000
6986.93 0.946382 0.000000 0.946382 0.000000 0.000000
6991.93 0.975081 0.000000 0.975081 0.000000 0.000000
6996.93 0.969038 0.000000 0.969038 0.000000 0.000000
7001.93 0.957615 0.000000 0.957615 0.000000 0.000000
7006.93 0.946064 0.000000 0.946064 0.000000 0.000000
7011.93 0.923659 0.000000 0.923659 0.000000 0.000000
7016.93 0.930135 0.000000 0.930135 0.000000 0.000000
7021.94 0.918687 0.000000 0.918687 0.000000 0.000000
7026.94 0.936344 0.000000 0.936344 0.000000 0.000000
7031.94 0.932453 0.000000 0.932453 0.000000 0.000000
7036.94 0.955642 0.000000 0.955642 0.000000 0.000000
7041.94 0.963340 0.000000 0.963340 0.000000 0.000000
7046.94 0.991124 0.000000 0.991124 0.000000 0.000000
7051.94 0.992876 0.000000 0.992876 0.000000 0.000000
7056.95 0.978493 0.000000 0.978493 0.000000 0.000000
7061.95 0.999459 0.000000 0.999459 0.000000 0.000000
7066.95 0.979661 0.000000 0.979661 0.000000 0.000000
7071.95 0.956737 0.000000 0.956737 0.000000 0.000000
7076.95 0.984455 0.000000 0.984455 0.000000 0.000000
7081.95 0.999689 0.000000 0.999689 0.000000 0.000000
7086.95 0.978167 0.000000 0.978167 0.000000 0.000000
7091.95 0.943784 0.000000 0.943784 0.000000 0.000000
7096.96 0.953923 0.000000 0.953923 0.000000 0.000000
7101.96 0.965329 0.000000 0.965329 0.000000 0.000000
7106.96 0.962078 0.000000 0.962078 0.000000 0.000000
7111.96 0.940297 0.000000 0.940297 0.000000 0.000000
7116.96 0.941880 0.000000 0.941880 0.000000 0.000000
7121.96 0.932514 0.000000 0.932514 0.000000 0.000000
7126.96 0.930184 0.000000 0.930184 0.000000 0.000000
7131.97 0.935344 0.000000 0.935344 0.000000 0.000000
7136.97 0.942665 0.000000 0.942665 0.000000 0.000000
7141.97 0.952098 0.000000 0.952098 0.000000 0.000000
7146.97 0.949228 0.000000 0.949228 0.000000 0.000000
7151.97 0.945245 0.000000 0.945245 0.000000 0.000000
7156.97 0.960279 0.000000 0.960279 0.000000 0.000000
7161.97 0.960851 0.000000 0.960851 0.000000 0.000000
7166.98 0.941431 0.000000 0.941431 0.000000 0.000000
7171.98 0.953222 0.000000 0.953222 0.000000 0.000000
7176.98 0.963257 0.000000 0.963257 0.000000 0.000000
7181.98 0.935932 0.000000 0.935932 0.000000 0.000000
7186.98 0.902588 0.000000 0.902588 0.000000 0.000000
7191.98 0.876599 0.000000 0.876599 0.000000 0.000000
7196.98 0.880464 0.000000 0.880464 0.000000 0.000000
7201.98 0.914974 0.000000 0.914974 0.000000 0.000000
7206.99 0.915724 0.000000 0.915724 0.000000 0.000000
7211.99 0.910484 0.000000 0.910484 0.000000 0.000000
7216.99 0.944159 0.000000 0.944159 0.000000 0.000000
7221.99 0.958737 0.000000 0.958737 0.000000 0.000000
7226.99 0.952854 0.000000 0.952854 0.000000 0.000000
7231.99 0.942783 0.000000 0.942783 0.000000 0.000000
7236.99 0.962331 0.000000 0.962331 0.000000 0.000000
7242.00 0.928254 0.000000 0.928254 0.000000 0.000000
7247.00 0.940660 0.000000 0.940660 0.000000 0.000000
7252.00 0.941623 0.000000 0.941623 0.000000 0.000000
7257.00 0.925642 0.000000 0.925642 0.000000 0.000000
7262.00 0.930602 0.000000 0.930602 0.000000 0.000000
7267.00 0.902721 0.000000 0.902721 0.000000 0.000000
7272.00 0.932941 0.000000 0.932941 0.000000 0.000000
7277.00 0.916624 0.000000 0.916624 0.000000 0.000000
7282.01 0.896209 0.000000 0.896209 0.000000 0.000000
7287.01 0.883925 0.000000 0.883925 0.000000 0.000000
7292.01 0.880768 0.000000 0.880768 0.000000 0.000000
7297.01 0.873473 0.000000 0.873473 0.000000 0.000000
7302.01 0.919163 0.000000 0.919163 0.000000 0.000000
7307.01 0.921552 0.000000 0.921552 0.000000 0.000000
7312.01 0.927234 0.000000 0.927234 0.000000 0.000000
7317.02 0.918319 0.000000 0.918319 0.000000 0.000000
7322.02 0.922526 0.000000 0.922526 0.000000 0.000000
7327.02 0.906464 0.000000 0.906464 0.000000 0.000000
7332.02 0.904407 0.000000 0.904407 0.000000 0.000000
7337.02 0.923074 0.000000 0.923074 0.000000 0.000000
7342.02 0.944482 0.000000 0.944482 0.000000 0.000000
7347.02 0.934139 0.000000 0.934139 0.000000 0.000000
7352.02 0.916623 0.000000 0.916623 0.000000 0.000000
7357.03 0.893454 0.000000 0.893454 0.000000 0.000000
7362.03 0.884615 0.000000 0.884615 0.000000 0.000000
7367.03 0.906699 0.000000 0.906699 0.000000 0.000000
7372.03 0.914641 0.000000 0.914641 0.000000 0.000000
7377.03 0.938228 0.000000 0.938228 0.000000 0.000000
7382.03 0.936313 0.000000 0.936313 0.000000 0.000000
7387.03 0.943628 0.000000 0.943628 0.000000 0.000000
7392.04 0.896254 0.000000 0.896254 0.000000 0.000000
7397.04 0.906084 0.000000 0.906084 0.000000 0.000000
7402.04 0.925024 0.000000 0.925024 0.000000 0.000000
7407.04 0.935879 0.000000 0.935879 0.000000 0.000000
7412.04 0.930109 0.000000 0.930109 0.000000 0.000000
7417.04 0.883162 0.000000 0.883162 0.000000 0.000000
7422.04 0.891213 0.000000 0.891213 0.000000 0.000000
7427.05 0.903518 0.000000 0.903518 0.000000 0.000000
7432.05 0.928842 0.000000 0.928842 0.000000 0.000000
7437.05 0.930578 0.000000 0.930578 0.000000 0.000000
7442.05 0.930402 0.000000 0.930402 0.000000 0.000000
7447.05 0.902720 0.000000 0.902720 0.000000 0.000000
7452.05 0.923824 0.000000 0.923824 0.000000 0.000000
7457.05 0.945180 0.000000 0.945180 0.000000 0.000000
7462.05 0.910399 0.000000 0.910399 0.000000 0.000000
7467.06 0.880566 0.000000 0.880566 0.000000 0.000000
7472.06 0.928654 0.000000 0.928654 0.000000 0.000000
7477.06 0.915274 0.000000 0.915274 0.000000 0.000000
7482.06 0.899736 0.000000 0.899736 0.000000 0.000000
7487.06 0.910778 0.000000 0.910778 0.000000 0.000000
7492.06 0.912822 0.000000 0.912822 0.000000 0.000000
7497.06 0.889352 0.000000 0.889352 0.000000 0.000000
7502.07 0.898265 0.000000 0.898265 0.000000 0.000000
7507.07 0.911831 0.000000 0.911831 0.000000 0.000000
7512.07 0.902130 0.000000 0.902130 0.000000 0.000000
7517.07 0.909377 0.000000 0.909377 0.000000 0.000000
7522.07 0.917321 0.000000 0.917321 0.000000 0.000000
7527.07 0.904581 0.000000 0.904581 0.000000 0.000000
7532.07 0.906013 0.000000 0.906013 0.000000 0.000000
7537.07 0.918718 0.000000 0.918718 0.000000 0.000000
7542.08 0.941156 0.000000 0.941156 0.000000 0.000000
7547.08 0.927507 0.000000 0.927507 0.000000 0.000000
7552.08 0.921659 0.000000 0.921659 0.000000 0.000000
7557.08 0.920415 0.000000 0.920415 0.000000 0.000000
7562.08 0.917939 0.000000 0.917939 0.000000 0.000000
7567.08 0.916037 0.000000 0.916037 0.000000 0.000000
7572.08 0.914583 0.000000 0.914583 0.000000 0.000000
7577.09 0.912897 0.000000 0.912897 0.000000 0.000000
7582.09 0.911584 0.000000 0.911584 0.000000 0.000000
7587.09 0.910528 0.000000 0.910528 0.000000 0.000000
7592.09 0.909051 0.000000 0.909051 0.000000 0.000000
7597.09 0.907850 0.000000 0.907850 0.000000 0.000000
7602.09 0.907203 0.000000 0.907203 0.000000 0.000000
7607.09 0.907390 0.000000 0.907390 0.000000 0.000000
7612.10 0.907116 0.000000 0.907116 0.000000 0.000000
7617.10 0.906705 0.000000 0.906705 0.000000 0.000000
7622.10 0.906302 0.000000 0.906302 0.000000 0.000000
7627.10 0.905900 0.000000 0.905900 0.000000 0.000000
7632.10 0.905503 0.000000 0.905503 0.000000 0.000000
7637.10 0.905115 0.000000 0.905115 0.000000 0.000000
7642.10 0.904737 0.000000 0.904737 0.000000 0.000000
7647.10 0.904374 0.000000 0.904374 0.000000 0.000000
7652.11 0.904027 0.000000 0.904027 0.000000 0.000000
7657.11 0.903698 0.000000 0.903698 0.000000 0.000000
7662.11 0.903388 0.000000 0.903388 0.000000 0.000000
7667.11 0.903103 0.000000 0.903103 0.000000 0.000000
7672.11 0.902755 0.000000 0.902755 0.000000 0.000000
7677.11 0.902197 0.000000 0.902197 0.000000 0.000000
7682.11 0.901081 0.000000 0.901081 0.000000 0.000000
7687.12 0.900611 0.000000 0.900611 0.000000 0.000000
7692.12 0.901340 0.000000 0.901340 0.000000 0.000000
7697.12 0.901052 0.000000 0.901052 0.000000 0.000000
7702.12 0.899933 0.000000 0.899933 0.000000 0.000000
7707.12 0.898818 0.000000 0.898818 0.000000 0.000000
7712.12 0.897388 0.000000 0.897388 0.000000 0.000000
7717.12 0.895581 0.000000 0.895581 0.000000 0.000000
7722.12 0.894740 0.000000 0.894740 0.000000 0.000000
7727.13 0.893515 0.000000 0.893515 0.000000 0.000000
7732.13 0.895441 0.000000 0.895441 0.000000 0.000000
7737.13 0.899956 0.000000 0.899956 0.000000 0.000000
7742.13 0.914783 0.000000 0.914783 0.000000 0.000000
7747.13 0.894103 0.000000 0.894103 0.000000 0.000000
7752.13 0.865481 0.000000 0.865481 0.000000 0.000000
7757.13 0.897846 0.000000 0.897846 0.000000 0.000000
7762.14 0.911063 0.000000 0.911063 0.000000 0.000000
7767.14 0.910074 0.000000 0.910074 0.000000 0.000000
7772.14 0.918626 0.000000 0.918626 0.000000 0.000000
7777.14 0.926135 0.000000 0.926135 0.000000 0.000000
7782.14 0.899631 0.000000 0.899631 0.000000 0.000000
7787.14 0.906323 0.000000 0.906323 0.000000 0.000000
7792.14 0.898144 0.000000 0.898144 0.000000 0.000000
7797.15 0.904325 0.000000 0.904325 0.000000 0.000000
7802.15 0.890290 0.000000 0.890290 0.000000 0.000000
7807.15 0.894242 0.000000 0.894242 0.000000 0.000000
7812.15 0.892567 0.000000 0.892567 0.000000 0.000000
7817.15 0.898938 0.000000 0.898938 0.000000 0.000000
7822.15 0.915560 0.000000 0.915560 0.000000 0.000000
7827.15 0.921727 0.000000 0.921727 0.000000 0.000000
7832.15 0.909686 0.000000 0.909686 0.000000 0.000000
7837.16 0.883650 0.000000 0.883650 0.000000 0.000000
7842.16 0.885762 0.000000 0.885762 0.000000 0.000000
7847.16 0.899263 0.000000 0.899263 0.000000 0.000000
7852.16 0.889815 0.000000 0.889815 0.000000 0.000000
7857.16 0.869979 0.000000 0.869979 0.000000 0.000000
7862.16 0.890731 0.000000 0.890731 0.000000 0.000000
7867.16 0.904492 0.000000 0.904492 0.000000 0.000000
7872.17 0.898821 0.000000 0.898821 0.000000 0.000000
7877.17 0.872377 0.000000 0.872377 0.000000 0.000000
7882.17 0.859635 0.000000 0.859635 0.000000 0.000000
7887.17 0.866753 0.000000 0.866753 0.000000 0.000000
7892.17 0.888184 0.000000 0.888184 0.000000 0.000000
7897.17 0.848957 0.000000 0.848957 0.000000 0.000000
7902.17 0.832261 0.000000 0.832261 0.000000 0.000000
7907.17 0.854853 0.000000 0.854853 0.000000 0.000000
7912.18 0.847782 0.000000 0.847782 0.000000 0.000000
7917.18 0.821568 0.000000 0.821568 0.000000 0.000000
7922.18 0.817885 0.000000 0.817885 0.000000 0.000000
7927.18 0.841218 0.000000 0.841218 0.000000 0.000000
7932.18 0.833132 0.000000 0.833132 0.000000 0.000000
7937.18 0.846715 0.000000 0.846715 0.000000 0.000000
7942.18 0.816517 0.000000 0.816517 0.000000 0.000000
7947.19 0.808403 0.000000 0.808403 0.000000 0.000000
7952.19 0.816619 0.000000 0.816619 0.000000 0.000000
7957.19 0.832034 0.000000 0.832034 0.000000 0.000000
7962.19 0.842856 0.000000 0.842856 0.000000 0.000000
7967.19 0.843653 0.000000 0.843653 0.000000 0.000000
7972.19 0.851766 0.000000 0.851766 0.000000 0.000000
7977.19 0.858948 0.000000 0.858948 0.000000 0.000000
7982.19 0.859898 0.000000 0.859898 0.000000 0.000000
7987.20 0.853783 0.000000 0.853783 0.000000 0.000000
7992.20 0.850165 0.000000 0.850165 0.000000 0.000000
7997.20 0.855129 0.000000 0.855129 0.000000 0.000000
8002.20 0.842913 0.000000 0.842913 0.000000 0.000000
8007.20 0.864307 0.000000 0.864307 0.000000 0.000000
8012.20 0.848945 0.000000 0.848945 0.000000 0.000000
8017.20 0.861392 0.000000 0.861392 0.000000 0.000000
8022.21 0.873289 0.000000 0.873289 0.000000 0.000000
8027.21 0.847030 0.000000 0.847030 0.000000 0.000000
8032.21 0.829435 0.000000 0.829435 0.000000 0.000000
8037.21 0.863600 0.000000 0.863600 0.000000 0.000000
8042.21 0.890614 0.000000 0.890614 0.000000 0.000000
8047.21 0.857203 0.000000 0.857203 0.000000 0.000000
8052.21 0.834616 0.000000 0.834616 0.000000 0.000000
8057.22 0.859543 0.000000 0.859543 0.000000 0.000000
8062.22 0.890168 0.000000 0.890168 0.000000 0.000000
8067.22 0.875583 0.000000 0.875583 0.000000 0.000000
8072.22 0.850154 0.000000 0.850154 0.000000 0.000000
8077.22 0.829520 0.000000 0.829520 0.000000 0.000000
8082.22 0.824953 0.000000 0.824953 0.000000 0.000000
8087.22 0.830290 0.000000 0.830290 0.000000 0.000000
8092.22 0.829013 0.000000 0.829013 0.000000 0.000000
8097.23 0.798834 0.000000 0.798834 0.000000 0.000000
8102.23 0.816303 0.000000 0.816303 0.000000 0.000000
8107.23 0.824899 0.000000 0.824899 0.000000 0.000000
8112.23 0.827773 0.000000 0.827773 0.000000 0.000000
8117.23 0.818867 0.000000 0.818867 0.000000 0.000000
8122.23 0.813519 0.000000 0.813519 0.000000 0.000000
8127.23 0.842536 0.000000 0.842536 0.000000 0.000000
8132.24 0.841838 0.000000 0.841838 0.000000 0.000000
8137.24 0.839127 0.000000 0.839127 0.000000 0.000000
8142.24 0.841762 0.000000 0.841762 0.000000 0.000000
8147.24 0.829031 0.000000 0.829031 0.000000 0.000000
8152.24 0.818679 0.000000 0.818679 0.000000 0.000000
8157.24 0.829986 0.000000 0.829986 0.000000 0.000000
8162.24 0.863883 0.000000 0.863883 0.000000 0.000000
8167.24 0.817469 0.000000 0.817469 0.000000 0.000000
8172.25 0.845933 0.000000 0.845933 0.000000 0.000000
8177.25 0.840686 0.000000 0.840686 0.000000 0.000000
8182.25 0.825102 0.000000 0.825102 0.000000 0.000000
8187.25 0.805350 0.000000 0.805350 0.000000 0.000000
8192.25 0.798524 0.000000 0.798524 0.000000 0.000000
8197.25 0.810201 0.000000 0.810201 0.000000 0.000000
8202.25 0.810681 0.000000 0.810681 0.000000 0.000000
8207.26 0.831412 0.000000 0.831412 0.000000 0.000000
8212.26 0.832503 0.000000 0.832503 0.000000 0.000000
8217.26 0.840537 0.000000 0.840537 0.000000 0.000000
8222.26 0.848146 0.000000 0.848146 0.000000 0.000000
8227.26 0.833545 0.000000 0.833545 0.000000 0.000000
8232.26 0.827783 0.000000 0.827783 0.000000 0.000000
8237.26 0.823257 0.000000 0.823257 0.000000 0.000000
8242.27 0.847199 0.000000 0.847199 0.000000 0.000000
8247.27 0.845449 0.000000 0.845449 0.000000 0.000000
8252.27 0.865684 0.000000 0.865684 0.000000 0.000000
8257.27 0.855118 0.000000 0.855118 0.000000 0.000000
8262.27 0.853490 0.000000 0.853490 0.000000 0.000000
8267.27 0.870750 0.000000 0.870750 0.000000 0.000000
8272.27 0.869659 0.000000 0.869659 0.000000 0.000000
8277.27 0.842103 0.000000 0.842103 0.000000 0.000000
8282.28 0.840581 0.000000 0.840581 0.000000 0.000000
8287.28 0.847492 0.000000 0.847492 0.000000 0.000000
8292.28 0.827944 0.000000 0.827944 0.000000 0.000000
8297.28 0.822426 0.000000 0.822426 0.000000 0.000000
8302.28 0.811135 0.000000 0.811135 0.000000 0.000000
8307.28 0.806886 0.000000 0.806886 0.000000 0.000000
8312.28 0.795860 0.000000 0.795860 0.000000 0.000000
8317.29 0.781076 0.000000 0.781076 0.000000 0.000000
8322.29 0.828053 0.000000 0.828053 0.000000 0.000000
8327.29 0.811690 0.000000 0.811690 0.000000 0.000000
8332.29 0.800387 0.000000 0.800387 0.000000 0.000000
8337.29 0.792574 0.000000 0.792574 0.000000 0.000000
8342.29 0.800324 0.000000 0.800324 0.000000 0.000000
8347.29 0.820175 0.000000 0.820175 0.000000 0.000000
8352.29 0.805893 0.000000 0.805893 0.000000 0.000000
8357.30 0.807611 0.000000 0.807611 0.000000 0.000000
8362.30 0.811999 0.000000 0.811999 0.000000 0.000000
8367.30 0.813350 0.000000 0.813350 0.000000 0.000000
8372.30 0.800865 0.000000 0.800865 0.000000 0.000000
8377.30 0.808530 0.000000 0.808530 0.000000 0.000000
8382.30 0.805762 0.000000 0.805762 0.000000 0.000000
8387.30 0.779420 0.000000 0.779420 0.000000 0.000000
8392.31 0.784181 0.000000 0.784181 0.000000 0.000000
8397.31 0.837026 0.000000 0.837026 0.000000 0.000000
8402.31 0.793988 0.000000 0.793988 0.000000 0.000000
8407.31 0.822117 0.000000 0.822117 0.000000 0.000000
8412.31 0.809373 0.000000 0.809373 0.000000 0.000000
8417.31 0.805950 0.000000 0.805950 0.000000 0.000000
8422.31 0.806894 0.000000 0.806894 0.000000 0.000000
8427.32 0.783500 0.000000 0.783500 0.000000 0.000000
8432.32 0.788643 0.000000 0.788643 0.000000 0.000000
8437.32 0.792521 0.000000 0.792521 0.000000 0.000000
8442.32 0.769296 0.000000 0.769296 0.000000 0.000000
8447.32 0.794227 0.000000 0.794227 0.000000 0.000000
8452.32 0.815860 0.000000 0.815860 0.000000 0.000000
8457.32 0.819052 0.000000 0.819052 0.000000 0.000000
8462.32 0.802450 0.000000 0.802450 0.000000 0.000000
8467.33 0.810597 0.000000 0.810597 0.000000 0.000000
8472.33 0.762144 0.000000 0.762144 0.000000 0.000000
8477.33 0.794930 0.000000 0.794930 0.000000 0.000000
8482.33 0.790424 0.000000 0.790424 0.000000 0.000000
8487.33 0.812033 0.000000 0.812033 0.000000 0.000000
8492.33 0.806838 0.000000 0.806838 0.000000 0.000000
8497.33 0.778605 0.000000 0.778605 0.000000 0.000000
8502.34 0.698624 0.000000 0.698624 0.000000 0.000000
8507.34 0.736948 0.000000 0.736948 0.000000 0.000000
8512.34 0.807826 0.000000 0.807826 0.000000 0.000000
8517.34 0.776598 0.000000 0.776598 0.000000 0.000000
8522.34 0.758853 0.000000 0.758853 0.000000 0.000000
8527.34 0.762719 0.000000 0.762719 0.000000 0.000000
8532.34 0.764436 0.000000 0.764436 0.000000 0.000000
8537.34 0.749371 0.000000 0.749371 0.000000 0.000000
8542.35 0.648090 0.000000 0.648090 0.000000 0.000000
8547.35 0.582905 0.000000 0.582905 0.000000 0.000000
8552.35 0.684694 0.000000 0.684694 0.000000 0.000000
8557.35 0.770011 0.000000 0.770011 0.000000 0.000000
8562.35 0.787431 0.000000 0.787431 0.000000 0.000000
8567.35 0.773107 0.000000 0.773107 0.000000 0.000000
8572.35 0.772723 0.000000 0.772723 0.000000 0.000000
8577.36 0.783431 0.000000 0.783431 0.000000 0.000000
8582.36 0.789587 0.000000 0.789587 0.000000 0.000000
8587.36 0.777660 0.000000 0.777660 0.000000 0.000000
8592.36 0.763490 0.000000 0.763490 0.000000 0.000000
8597.36 0.781672 0.000000 0.781672 0.000000 0.000000
8602.36 0.780305 0.000000 0.780305 0.000000 0.000000
8607.36 0.784439 0.000000 0.784439 0.000000 0.000000
8612.37 0.759265 0.000000 0.759265 0.000000 0.000000
8617.37 0.747285 0.000000 0.747285 0.000000 0.000000
8622.37 0.779376 0.000000 0.779376 0.000000 0.000000
8627.37 0.767848 0.000000 0.767848 0.000000 0.000000
8632.37 0.792031 0.000000 0.792031 0.000000 0.000000
8637.37 0.787374 0.000000 0.787374 0.000000 0.000000
8642.37 0.799759 0.000000 0.799759 0.000000 0.000000
8647.37 0.796706 0.000000 0.796706 0.000000 0.000000
8652.38 0.771371 0.000000 0.771371 0.000000 0.000000
8657.38 0.755376 0.000000 0.755376 0.000000 0.000000
8662.38 0.690022 0.000000 0.690022 0.000000 0.000000
8667.38 0.589929 0.000000 0.589929 0.000000 0.000000
8672.38 0.690893 0.000000 0.690893 0.000000 0.000000
8677.38 0.735903 0.000000 0.735903 0.000000 0.000000
8682.38 0.748802 0.000000 0.748802 0.000000 0.000000
8687.39 0.756713 0.000000 0.756713 0.000000 0.000000
8692.39 0.748063 0.000000 0.748063 0.000000 0.000000
8697.39 0.770751 0.000000 0.770751 0.000000 0.000000
8702.39 0.778161 0.000000 0.778161 0.000000 0.000000
8707.39 0.793410 0.000000 0.793410 0.000000 0.000000
8712.39 0.776439 0.000000 0.776439 0.000000 0.000000
8717.39 0.781010 0.000000 0.781010 0.000000 0.000000
8722.40 0.794560 0.000000 0.794560 0.000000 0.000000
8727.40 0.788767 0.000000 0.788767 0.000000 0.000000
8732.40 0.783534 0.000000 0.783534 0.000000 0.000000
8737.40 0.776381 0.000000 0.776381 0.000000 0.000000
8742.40 0.775132 0.000000 0.775132 0.000000 0.000000
8747.40 0.772703 0.000000 0.772703 0.000000 0.000000
8752.40 0.774323 0.000000 0.774323 0.000000 0.000000
8757.40 0.775584 0.000000 0.775584 0.000000 0.000000
8762.41 0.784582 0.000000 0.784582 0.000000 0.000000
8767.41 0.779700 0.000000 0.779700 0.000000 0.000000
8772.41 0.769407 0.000000 0.769407 0.000000 0.000000
8777.41 0.758620 0.000000 0.758620 0.000000 0.000000
8782.41 0.807995 0.000000 0.807995 0.000000 0.000000
8787.41 0.806230 0.000000 0.806230 0.000000 0.000000
8792.41 0.786315 0.000000 0.786315 0.000000 0.000000
8797.42 0.774622 0.000000 0.774622 0.000000 0.000000
8802.42 0.762560 0.000000 0.762560 0.000000 0.000000
8807.42 0.745700 0.000000 0.745700 0.000000 0.000000
8812.42 0.711769 0.000000 0.711769 0.000000 0.000000
8817.42 0.749346 0.000000 0.749346 0.000000 0.000000
8822.42 0.775939 0.000000 0.775939 0.000000 0.000000
8827.42 0.758965 0.000000 0.758965 0.000000 0.000000
8832.42 0.773809 0.000000 0.773809 0.000000 0.000000
8837.43 0.786579 0.000000 0.786579 0.000000 0.000000
8842.43 0.769380 0.000000 0.769380 0.000000 0.000000
8847.43 0.767637 0.000000 0.767637 0.000000 0.000000
8852.43 0.791390 0.000000 0.791390 0.000000 0.000000
8857.43 0.802385 0.000000 0.802385 0.000000 0.000000
8862.43 0.741509 0.000000 0.741509 0.000000 0.000000
8867.43 0.766111 0.000000 0.766111 0.000000 0.000000
8872.44 0.757211 0.000000 0.757211 0.000000 0.000000
8877.44 0.785187 0.000000 0.785187 0.000000 0.000000
8882.44 0.775443 0.000000 0.775443 0.000000 0.000000
8887.44 0.775773 0.000000 0.775773 0.000000 0.000000
8892.44 0.783365 0.000000 0.783365 0.000000 0.000000
8897.44 0.782088 0.000000 0.782088 0.000000 0.000000
8902.44 0.790037 0.000000 0.790037 0.000000 0.000000
8907.45 0.767146 0.009209 0.767146 0.000000 0.000000
8912.45 0.767961 0.006183 0.767961 0.000000 0.000000
8917.45 0.772637 0.006653 0.772637 0.000000 0.000000
8922.45 0.769076 0.000630 0.769076 0.000000 0.000000
8927.45 0.765475 0.004007 0.765475 0.000000 0.000000
8932.45 0.768219 0.003498 0.768219 0.000000 0.000000
8937.45 0.760073 0.001092 0.760073 0.000000 0.000000
8942.45 0.760464 0.010121 0.760464 0.000000 0.000000
8947.46 0.760393 0.019290 0.760393 0.000000 0.000000
8952.46 0.754496 0.020875 0.754496 0.000000 0.000000
8957.46 0.757034 0.029781 0.757034 0.000000 0.000000
8962.46 0.756660 0.031338 0.756660 0.000000 0.000000
8967.46 0.749816 0.020620 0.749816 0.000000 0.000000
8972.46 0.752851 0.018725 0.752851 0.000000 0.000000
8977.46 0.748605 0.008816 0.748605 0.000000 0.000000
8982.47 0.755700 0.015374 0.755700 0.000000 0.000000
8987.47 0.749087 0.011409 0.749087 0.000000 0.000000
8992.47 0.731640 0.002091 0.731640 0.000000 0.000000
8997.47 0.737533 0.011106 0.737533 0.000000 0.000000
9002.47 0.732509 0.008023 0.732509 0.000000 0.000000
9007.47 0.737374 0.010269 0.737374 0.000000 0.000000
9012.47 0.728217 0.008675 0.728217 0.000000 0.000000
9017.47 0.733839 0.013543 0.733839 0.000000 0.000000
9022.48 0.739858 0.018959 0.739858 0.000000 0.000000
9027.48 0.738441 0.032008 0.738441 0.000000 0.000000
9032.48 0.759504 0.016268 0.759504 0.000000 0.000000
9037.48 0.777861 0.001016 0.777861 0.000000 0.000000
9042.48 0.778714 0.004624 0.778714 0.000000 0.000000
9047.48 0.770236 0.004899 0.770236 0.000000 0.000000
9052.48 0.768488 0.017576 0.768488 0.000000 0.000000
9057.49 0.762868 0.026643 0.762868 0.000000 0.000000
9062.49 0.754257 0.029374 0.754257 0.000000 0.000000
9067.49 0.741950 0.022155 0.741950 0.000000 0.000000
9072.49 0.738595 0.020612 0.738595 0.000000 0.000000
9077.49 0.729895 0.010203 0.729895 0.000000 0.000000
9082.49 0.735690 0.015822 0.735690 0.000000 0.000000
9087.49 0.714450 0.008964 0.714450 0.000000 0.000000
9092.50 0.708425 0.015572 0.708425 0.000000 0.000000
9097.50 0.712007 0.011138 0.712007 0.000000 0.000000
9102.50 0.704333 0.020392 0.704333 0.000000 0.000000
9107.50 0.714660 0.009875 0.714660 0.000000 0.000000
9112.50 0.722135 0.002584 0.722135 0.000000 0.000000
9117.50 0.722832 0.001668 0.722832 0.000000 0.000000
9122.50 0.718455 0.003697 0.718455 0.000000 0.000000
9127.50 0.727655 0.013741 0.727655 0.000000 0.000000
9132.51 0.729045 0.024778 0.729045 0.000000 0.000000
9137.51 0.713771 0.017531 0.713771 0.000000 0.000000
9142.51 0.694448 0.004895 0.694448 0.000000 0.000000
9147.51 0.680562 0.003555 0.680562 0.000000 0.000000
9152.51 0.675652 0.003896 0.675652 0.000000 0.000000
9157.51 0.668072 0.009456 0.668072 0.000000 0.000000
9162.51 0.672203 0.003487 0.672203 0.000000 0.000000
9167.52 0.675890 0.000000 0.675890 0.000000 0.000000
9172.52 0.661043 0.019036 0.661043 0.000000 0.000000
9177.52 0.644601 0.041035 0.644601 0.000000 0.000000
9182.52 0.676118 0.008178 0.676118 0.000000 0.000000
9187.52 0.672561 0.015938 0.672561 0.000000 0.000000
9192.52 0.674944 0.016710 0.674944 0.000000 0.000000
9197.52 0.674700 0.020198 0.674700 0.000000 0.000000
9202.52 0.670518 0.027714 0.670518 0.000000 0.000000
9207.53 0.679200 0.019759 0.679200 0.000000 0.000000
9212.53 0.674347 0.027104 0.674347 0.000000 0.000000
9217.53 0.673645 0.029721 0.673645 0.000000 0.000000
9222.53 0.680209 0.024404 0.680209 0.000000 0.000000
9227.53 0.690259 0.015647 0.690259 0.000000 0.000000
9232.53 0.690267 0.018171 0.690267 0.000000 0.000000
9237.53 0.691729 0.017534 0.691729 0.000000 0.000000
9242.54 0.687818 0.020459 0.687818 0.000000 0.000000
9247.54 0.672920 0.032788 0.672920 0.000000 0.000000
9252.54 0.674901 0.023766 0.674901 0.000000 0.000000
9257.54 0.675940 0.015910 0.675940 0.000000 0.000000
9262.54 0.679842 0.006763 0.679842 0.000000 0.000000
9267.54 0.679897 0.005375 0.679897 0.000000 0.000000
9272.54 0.695099 0.011505 0.695099 0.000000 0.000000
9277.55 0.689371 0.004172 0.689371 0.000000 0.000000
9282.55 0.689561 0.005606 0.689561 0.000000 0.000000
9287.55 0.682518 0.002156 0.682518 0.000000 0.000000
9292.55 0.673185 0.000527 0.673185 0.000000 0.000000
9297.55 0.674040 0.011283 0.674040 0.000000 0.000000
9302.55 0.666473 0.015739 0.666473 0.000000 0.000000
9307.55 0.667657 0.031725 0.667657 0.000000 0.000000
9312.55 0.644964 0.019238 0.644964 0.000000 0.000000
9317.56 0.642576 0.026595 0.642576 0.000000 0.000000
9322.56 0.611958 0.004927 0.611958 0.000000 0.000000
9327.56 0.630740 0.012790 0.630740 0.000000 0.000000
9332.56 0.639806 0.014755 0.639806 0.000000 0.000000
9337.56 0.629864 0.005338 0.629864 0.000000 0.000000
9342.56 0.622704 0.017878 0.622704 0.000000 0.000000
9347.56 0.596283 0.045341 0.596283 0.000000 0.000000
9352.57 0.621793 0.008353 0.621793 0.000000 0.000000
9357.57 0.624372 0.002350 0.624372 0.000000 0.000000
9362.57 0.608385 0.012506 0.608385 0.000000 0.000000
9367.57 0.635958 0.015676 0.635958 0.000000 0.000000
9372.57 0.627935 0.003164 0.627935 0.000000 0.000000
9377.57 0.639185 0.003152 0.639185 0.000000 0.000000
9382.57 0.645266 0.010015 0.645266 0.000000 0.000000
9387.58 0.643602 0.024193 0.643602 0.000000 0.000000
9392.58 0.666811 0.005125 0.666811 0.000000 0.000000
9397.58 0.693055 0.024898 0.693055 0.000000 0.000000
9402.58 0.700730 0.043888 0.700730 0.000000 0.000000
9407.58 0.712249 0.079027 0.712249 0.000000 0.000000
9412.58 0.661383 0.048630 0.661383 0.000000 0.000000
9417.58 0.635163 0.046349 0.635163 0.000000 0.000000
9422.58 0.622960 0.053065 0.622960 0.000000 0.000000
9427.59 0.618117 0.056006 0.618117 0.000000 0.000000
9432.59 0.595785 0.028431 0.595785 0.000000 0.000000
9437.59 0.581142 0.003120 0.581142 0.000000 0.000000
9442.59 0.585746 0.002868 0.585746 0.000000 0.000000
9447.59 0.589391 0.009820 0.589391 0.000000 0.000000
9452.59 0.617399 0.011905 0.617399 0.000000 0.000000
9457.59 0.626260 0.011795 0.626260 0.000000 0.000000
9462.60 0.626823 0.002128 0.626823 0.000000 0.000000
9467.60 0.635740 0.002193 0.635740 0.000000 0.000000
9472.60 0.658967 0.020345 0.658967 0.000000 0.000000
9477.60 0.659262 0.015459 0.659262 0.000000 0.000000
9482.60 0.650392 0.005251 0.650392 0.000000 0.000000
9487.60 0.590436 0.057823 0.590436 0.000000 0.000000
9492.60 0.668513 0.041566 0.668513 0.000000 0.000000
9497.60 0.638193 0.014838 0.638193 0.000000 0.000000
9502.61 0.613777 0.010044 0.613777 0.000000 0.000000
9507.61 0.638673 0.014236 0.638673 0.000000 0.000000
9512.61 0.667379 0.037273 0.667379 0.000000 0.000000
9517.61 0.672279 0.030532 0.672279 0.000000 0.000000
9522.61 0.642810 0.014832 0.642810 0.000000 0.000000
9527.61 0.641944 0.023418 0.641944 0.000000 0.000000
9532.61 0.665006 0.000719 0.665006 0.000000 0.000000
9537.62 0.665323 0.001128 0.665323 0.000000 0.000000
9542.62 0.649431 0.018057 0.649431 0.000000 0.000000
9547.62 0.650077 0.014294 0.650077 0.000000 0.000000
9552.62 0.645140 0.016283 0.645140 0.000000 0.000000
9557.62 0.650830 0.006224 0.650830 0.000000 0.000000
9562.62 0.642638 0.013322 0.642638 0.000000 0.000000
9567.62 0.656816 0.003665 0.656816 0.000000 0.000000
9572.63 0.660099 0.006827 0.660099 0.000000 0.000000
9577.63 0.652595 0.002875 0.652595 0.000000 0.000000
9582.63 0.651901 0.004326 0.651901 0.000000 0.000000
9587.63 0.647061 0.009523 0.647061 0.000000 0.000000
9592.63 0.645976 0.009371 0.645976 0.000000 0.000000
9597.63 0.641369 0.012460 0.641369 0.000000 0.000000
9602.63 0.639077 0.012236 0.639077 0.000000 0.000000
9607.63 0.646073 0.000891 0.646073 0.000000 0.000000
9612.64 0.644695 0.001128 0.644695 0.000000 0.000000
9617.64 0.650123 0.010922 0.650123 0.000000 0.000000
9622.64 0.646229 0.009747 0.646229 0.000000 0.000000
9627.64 0.634465 0.000935 0.634465 0.000000 0.000000
9632.64 0.643322 0.011545 0.643322 0.000000 0.000000
9637.64 0.641497 0.010927 0.641497 0.000000 0.000000
9642.64 0.634374 0.003239 0.634374 0.000000 0.000000
9647.65 0.620272 0.013627 0.620272 0.000000 0.000000
9652.65 0.615156 0.021511 0.615156 0.000000 0.000000
9657.65 0.641598 0.005397 0.641598 0.000000 0.000000
9662.65 0.640987 0.000846 0.640987 0.000000 0.000000
9667.65 0.631575 0.019116 0.631575 0.000000 0.000000
9672.65 0.642110 0.014524 0.642110 0.000000 0.000000
9677.65 0.649186 0.012124 0.649186 0.000000 0.000000
9682.65 0.645733 0.018082 0.645733 0.000000 0.000000
9687.66 0.650198 0.009812 0.650198 0.000000 0.000000
9692.66 0.652053 0.001073 0.652053 0.000000 0.000000
9697.66 0.651513 0.006030 0.651513 0.000000 0.000000
9702.66 0.657535 0.019533 0.657535 0.000000 0.000000
9707.66 0.643808 0.007302 0.643808 0.000000 0.000000
9712.66 0.640677 0.004895 0.640677 0.000000 0.000000
9717.66 0.644600 0.009316 0.644600 0.000000 0.000000
9722.67 0.615640 0.024449 0.615640 0.000000 0.000000
9727.67 0.622061 0.016727 0.622061 0.000000 0.000000
9732.67 0.626939 0.010295 0.626939 0.000000 0.000000
9737.67 0.634213 0.000997 0.634213 0.000000 0.000000
9742.67 0.628415 0.007062 0.628415 0.000000 0.000000
9747.67 0.631236 0.003724 0.631236 0.000000 0.000000
9752.67 0.642517 0.009080 0.642517 0.000000 0.000000
9757.68 0.659040 0.028023 0.659040 0.000000 0.000000
9762.68 0.637547 0.003521 0.637547 0.000000 0.000000
9767.68 0.631262 0.002740 0.631262 0.000000 0.000000
9772.68 0.627124 0.006360 0.627124 0.000000 0.000000
9777.68 0.624165 0.009063 0.624165 0.000000 0.000000
9782.68 0.629134 0.003708 0.629134 0.000000 0.000000
9787.68 0.627179 0.007956 0.627179 0.000000 0.000000
9792.68 0.631629 0.006294 0.631629 0.000000 0.000000
9797.69 0.644966 0.004390 0.644966 0.000000 0.000000
9802.69 0.646123 0.000000 0.646123 0.000000 0.000000
9807.69 0.651569 0.000000 0.651569 0.000000 0.000000
9812.69 0.656521 0.000000 0.656521 0.000000 0.000000
9817.69 0.659838 0.000000 0.659838 0.000000 0.000000
9822.69 0.660379 0.000000 0.660379 0.000000 0.000000
9827.69 0.657525 0.000000 0.657525 0.000000 0.000000
9832.70 0.652735 0.000000 0.652735 0.000000 0.000000
9837.70 0.647992 0.000000 0.647992 0.000000 0.000000
9842.70 0.645277 0.000000 0.645277 0.000000 0.000000
9847.70 0.645965 0.000000 0.645965 0.000000 0.000000
9852.70 0.649001 0.000000 0.649001 0.000000 0.000000
9857.70 0.652727 0.000000 0.652727 0.000000 0.000000
9862.70 0.655481 0.000000 0.655481 0.000000 0.000000
9867.71 0.656022 0.000000 0.656022 0.000000 0.000000
9872.71 0.654775 0.000000 0.654775 0.000000 0.000000
9877.71 0.652586 0.000000 0.652586 0.000000 0.000000
9882.71 0.650298 0.000000 0.650298 0.000000 0.000000
9887.71 0.648585 0.000000 0.648585 0.000000 0.000000
9892.71 0.647440 0.000000 0.647440 0.000000 0.000000
9897.71 0.646684 0.000000 0.646684 0.000000 0.000000
9902.71 0.646139 0.000000 0.646139 0.000000 0.000000
9907.72 0.645660 0.000000 0.645660 0.000000 0.000000
9912.72 0.645234 0.000000 0.645234 0.000000 0.000000
9917.72 0.644879 0.000000 0.644879 0.000000 0.000000
9922.72 0.644614 0.000000 0.644614 0.000000 0.000000
9927.72 0.644470 0.000000 0.644470 0.000000 0.000000
9932.72 0.644520 0.000000 0.644520 0.000000 0.000000
9937.72 0.644850 0.000000 0.644850 0.000000 0.000000
9942.73 0.645545 0.000000 0.645545 0.000000 0.000000
9947.73 0.646635 0.000000 0.646635 0.000000 0.000000
9952.73 0.647917 0.000000 0.647917 0.000000 0.000000
9957.73 0.649134 0.000000 0.649134 0.000000 0.000000
9962.73 0.650028 0.000000 0.650028 0.000000 0.000000
9967.73 0.650455 0.000000 0.650455 0.000000 0.000000
9972.73 0.650731 0.000000 0.650731 0.000000 0.000000
9977.73 0.651286 0.000000 0.651286 0.000000 0.000000
9982.74 0.652550 0.000000 0.652550 0.000000 0.000000
9987.74 0.654747 0.000000 0.654747 0.000000 0.000000
9992.74 0.657274 0.000000 0.657274 0.000000 0.000000
9997.74 0.659324 0.000000 0.659324 0.000000 0.000000
10002.74 0.660090 0.000000 0.660090 0.000000 0.000000
10007.74 0.659002 0.000000 0.659002 0.000000 0.000000
10012.74 0.656450 0.000000 0.656450 0.000000 0.000000
10017.75 0.653060 0.000000 0.653060 0.000000 0.000000
10022.75 0.649461 0.000000 0.649461 0.000000 0.000000
10027.75 0.646188 0.000000 0.646188 0.000000 0.000000
10032.75 0.643414 0.000000 0.643414 0.000000 0.000000
10037.75 0.641222 0.000000 0.641222 0.000000 0.000000
10042.75 0.639694 0.000000 0.639694 0.000000 0.000000
10047.75 0.638873 0.000000 0.638873 0.000000 0.000000
10052.76 0.638651 0.000000 0.638651 0.000000 0.000000
10057.76 0.638880 0.000000 0.638880 0.000000 0.000000
10062.76 0.639413 0.000000 0.639413 0.000000 0.000000
10067.76 0.640068 0.000000 0.640068 0.000000 0.000000
10072.76 0.640526 0.000000 0.640526 0.000000 0.000000
10077.76 0.640431 0.000000 0.640431 0.000000 0.000000
10082.76 0.639431 0.000000 0.639431 0.000000 0.000000
10087.76 0.637346 0.000000 0.637346 0.000000 0.000000
10092.77 0.634701 0.000000 0.634701 0.000000 0.000000
10097.77 0.632199 0.000000 0.632199 0.000000 0.000000
10102.77 0.630540 0.000000 0.630540 0.000000 0.000000
10107.77 0.630195 0.000000 0.630195 0.000000 0.000000
10112.77 0.630707 0.000000 0.630707 0.000000 0.000000
10117.77 0.631389 0.000000 0.631389 0.000000 0.000000
10122.77 0.631554 0.000000 0.631554 0.000000 0.000000
10127.78 0.630720 0.000000 0.630720 0.000000 0.000000
10132.78 0.629238 0.000000 0.629238 0.000000 0.000000
10137.78 0.627662 0.000000 0.627662 0.000000 0.000000
10142.78 0.626550 0.000000 0.626550 0.000000 0.000000
10147.78 0.626280 0.000000 0.626280 0.000000 0.000000
10152.78 0.626518 0.000000 0.626518 0.000000 0.000000
10157.78 0.626753 0.000000 0.626753 0.000000 0.000000
10162.79 0.626474 0.000000 0.626474 0.000000 0.000000
10167.79 0.625327 0.000000 0.625327 0.000000 0.000000
10172.79 0.623589 0.000000 0.623589 0.000000 0.000000
10177.79 0.621695 0.000000 0.621695 0.000000 0.000000
10182.79 0.620079 0.000000 0.620079 0.000000 0.000000
10187.79 0.619115 0.000000 0.619115 0.000000 0.000000
10192.79 0.618936 0.000000 0.618936 0.000000 0.000000
10197.79 0.619612 0.000000 0.619612 0.000000 0.000000
10202.80 0.621215 0.000000 0.621215 0.000000 0.000000
10207.80 0.623704 0.000000 0.623704 0.000000 0.000000
10212.80 0.626596 0.000000 0.626596 0.000000 0.000000
10217.80 0.629294 0.000000 0.629294 0.000000 0.000000
10222.80 0.631203 0.000000 0.631203 0.000000 0.000000
10227.80 0.631914 0.000000 0.631914 0.000000 0.000000
10232.80 0.631766 0.000000 0.631766 0.000000 0.000000
10237.81 0.631283 0.000000 0.631283 0.000000 0.000000
10242.81 0.630991 0.000000 0.630991 0.000000 0.000000
10247.81 0.631193 0.000000 0.631193 0.000000 0.000000
10252.81 0.631310 0.000000 0.631310 0.000000 0.000000
10257.81 0.630539 0.000000 0.630539 0.000000 0.000000
10262.81 0.628079 0.000000 0.628079 0.000000 0.000000
10267.81 0.623517 0.000000 0.623517 0.000000 0.000000
10272.81 0.617995 0.000000 0.617995 0.000000 0.000000
10277.82 0.613042 0.000000 0.613042 0.000000 0.000000
10282.82 0.610190 0.000000 0.610190 0.000000 0.000000
10287.82 0.610502 0.000000 0.610502 0.000000 0.000000
10292.82 0.613167 0.000000 0.613167 0.000000 0.000000
10297.82 0.616908 0.000000 0.616908 0.000000 0.000000
10302.82 0.620448 0.000000 0.620448 0.000000 0.000000
10307.82 0.621507 0.001726 0.622717 0.620297 0.000000
10312.83 0.621678 0.002537 0.623472 0.619883 0.000000
10317.83 0.621075 0.002290 0.622680 0.619471 0.000000
10322.83 0.619683 0.000880 0.620308 0.619059 0.000000
10327.83 0.617595 0.001505 0.616543 0.618647 0.000000
10332.83 0.615351 0.004078 0.612465 0.618237 0.000000
10337.83 0.613601 0.005970 0.609374 0.617827 0.000000
10342.83 0.612995 0.006248 0.608572 0.617418 0.000000
10347.84 0.613927 0.004367 0.610844 0.617010 0.000000
10352.84 0.615757 0.001196 0.614911 0.616603 0.000000
10357.84 0.617587 0.001968 0.618978 0.616196 0.000000
10362.84 0.618520 0.003845 0.621250 0.615790 0.000000
10367.84 0.617931 0.003605 0.620477 0.615385 0.000000
10372.84 0.616287 0.001827 0.617593 0.614981 0.000000
10377.84 0.614327 0.000345 0.614076 0.614577 0.000000
10382.84 0.612789 0.001983 0.611404 0.614174 0.000000
10387.85 0.612216 0.002211 0.610659 0.613772 0.000000
10392.85 0.612352 0.001444 0.611333 0.613371 0.000000
10397.85 0.612745 0.000244 0.612520 0.612970 0.000000
10402.85 0.612944 0.000546 0.613317 0.612570 0.000000
10407.85 0.612618 0.000598 0.613065 0.612171 0.000000
10412.85 0.611935 0.000244 0.612098 0.611773 0.000000
10417.85 0.611185 0.000244 0.610995 0.611375 0.000000
10422.86 0.610658 0.000488 0.610337 0.610978 0.000000
10427.86 0.610544 0.000000 0.610506 0.610582 0.000000
10432.86 0.610642 0.000691 0.611097 0.610187 0.000000
10437.86 0.610651 0.001221 0.611509 0.609793 0.000000
10442.86 0.610269 0.001196 0.611139 0.609399 0.000000
10447.86 0.609315 0.000423 0.609624 0.609006 0.000000
10452.86 0.608084 0.000810 0.607555 0.608613 0.000000
10457.87 0.606991 0.001744 0.605761 0.608222 0.000000
10462.87 0.606451 0.001968 0.605071 0.607831 0.000000
10467.87 0.606731 0.000977 0.606021 0.607441 0.000000
10472.87 0.607508 0.000598 0.607965 0.607052 0.000000
10477.87 0.608314 0.002329 0.609964 0.606663 0.000000
10482.87 0.608678 0.003400 0.611081 0.606275 0.000000
10487.87 0.608245 0.003330 0.610602 0.605888 0.000000
10492.87 0.607113 0.002251 0.608723 0.605502 0.000000
10497.88 0.605492 0.000546 0.605867 0.605116 0.000000
10502.88 0.603593 0.001638 0.602455 0.604732 0.000000
10507.88 0.601654 0.003798 0.598960 0.604347 0.000000
10512.88 0.600007 0.005594 0.596050 0.603964 0.000000
10517.88 0.599012 0.006455 0.594443 0.603581 0.000000
10522.88 0.599029 0.005895 0.594858 0.603199 0.000000
10527.88 0.600198 0.003711 0.597579 0.602818 0.000000
10532.89 0.601795 0.000946 0.601153 0.602437 0.000000
10537.89 0.602877 0.001171 0.603696 0.602057 0.000000
10542.89 0.602500 0.001119 0.603322 0.601678 0.000000
10547.89 0.600079 0.001726 0.598858 0.601300 0.000000
10552.89 0.596455 0.006315 0.591988 0.600922 0.000000
10557.89 0.592826 0.010916 0.585106 0.600545 0.000000
10562.89 0.590389 0.013832 0.580609 0.600169 0.000000
10567.89 0.590010 0.013834 0.580226 0.599793 0.000000
10572.90 0.591216 0.011599 0.583013 0.599418 0.000000
10577.90 0.593203 0.008261 0.587361 0.599044 0.000000
10582.90 0.595166 0.004956 0.591661 0.598671 0.000000
10587.90 0.596486 0.002561 0.594675 0.598298 0.000000
10592.90 0.597287 0.000880 0.596649 0.597926 0.000000
10597.90 0.597880 0.000423 0.598205 0.597554 0.000000
10602.90 0.598572 0.001998 0.599961 0.597184 0.000000
10607.91 0.599607 0.003967 0.602400 0.596814 0.000000
10612.91 0.600949 0.006366 0.605454 0.596444 0.000000
10617.91 0.602497 0.009086 0.608918 0.596076 0.000000
10622.91 0.604148 0.011933 0.612588 0.595708 0.000000
10627.91 0.595340 0.000000 0.000000 0.595340 0.000000
10632.91 0.594974 0.000000 0.000000 0.594974 0.000000
10637.91 0.594608 0.000000 0.000000 0.594608 0.000000
10642.92 0.594242 0.000000 0.000000 0.594242 0.000000
10647.92 0.593878 0.000000 0.000000 0.593878 0.000000
10652.92 0.593514 0.000000 0.000000 0.593514 0.000000
10657.92 0.593150 0.000000 0.000000 0.593150 0.000000
10662.92 0.592788 0.000000 0.000000 0.592788 0.000000
10667.92 0.592426 0.000000 0.000000 0.592426 0.000000
10672.92 0.592065 0.000000 0.000000 0.592065 0.000000
10677.92 0.591704 0.000000 0.000000 0.591704 0.000000
10682.93 0.591344 0.000000 0.000000 0.591344 0.000000
10687.93 0.590985 0.000000 0.000000 0.590985 0.000000
10692.93 0.590626 0.000000 0.000000 0.590626 0.000000
10697.93 0.590268 0.000000 0.000000 0.590268 0.000000
10702.93 0.589911 0.000000 0.000000 0.589911 0.000000
10707.93 0.589554 0.000000 0.000000 0.589554 0.000000
10712.93 0.589198 0.000000 0.000000 0.589198 0.000000
10717.94 0.588843 0.000000 0.000000 0.588843 0.000000
10722.94 0.588488 0.000000 0.000000 0.588488 0.000000
10727.94 0.588134 0.000000 0.000000 0.588134 0.000000
10732.94 0.587780 0.000000 0.000000 0.587780 0.000000
10737.94 0.587427 0.000000 0.000000 0.587427 0.000000
10742.94 0.587075 0.000000 0.000000 0.587075 0.000000
10747.94 0.586724 0.000000 0.000000 0.586724 0.000000
10752.95 0.586373 0.000000 0.000000 0.586373 0.000000
10757.95 0.586022 0.000000 0.000000 0.586022 0.000000
10762.95 0.585673 0.000000 0.000000 0.585673 0.000000
10767.95 0.585324 0.000000 0.000000 0.585324 0.000000
10772.95 0.584975 0.000000 0.000000 0.584975 0.000000
10777.95 0.584627 0.000000 0.000000 0.584627 0.000000
10782.95 0.584280 0.000000 0.000000 0.584280 0.000000
10787.95 0.583934 0.000000 0.000000 0.583934 0.000000
10792.96 0.583588 0.000000 0.000000 0.583588 0.000000
10797.96 0.583242 0.000000 0.000000 0.583242 0.000000
10802.96 0.582897 0.000000 0.000000 0.582897 0.000000
10807.96 0.582553 0.000000 0.000000 0.582553 0.000000
10812.96 0.582210 0.000000 0.000000 0.582210 0.000000
10817.96 0.581867 0.000000 0.000000 0.581867 0.000000
10822.96 0.581524 0.000000 0.000000 0.581524 0.000000
10827.97 0.581183 0.000000 0.000000 0.581183 0.000000
10832.97 0.580842 0.000000 0.000000 0.580842 0.000000
10837.97 0.580501 0.000000 0.000000 0.580501 0.000000
10842.97 0.580161 0.000000 0.000000 0.580161 0.000000
10847.97 0.579822 0.000000 0.000000 0.579822 0.000000
10852.97 0.579483 0.000000 0.000000 0.579483 0.000000
10857.97 0.579145 0.000000 0.000000 0.579145 0.000000
10862.97 0.578807 0.000000 0.000000 0.578807 0.000000
10867.98 0.578470 0.000000 0.000000 0.578470 0.000000
10872.98 0.578134 0.000000 0.000000 0.578134 0.000000
10877.98 0.577798 0.000000 0.000000 0.577798 0.000000
10882.98 0.577463 0.000000 0.000000 0.577463 0.000000
10887.98 0.577128 0.000000 0.000000 0.577128 0.000000
10892.98 0.576794 0.000000 0.000000 0.576794 0.000000
10897.98 0.576461 0.000000 0.000000 0.576461 0.000000
10902.99 0.576128 0.000000 0.000000 0.576128 0.000000
10907.99 0.575795 0.000000 0.000000 0.575795 0.000000
10912.99 0.575464 0.000000 0.000000 0.575464 0.000000
10917.99 0.575132 0.000000 0.000000 0.575132 0.000000
10922.99 0.574802 0.000000 0.000000 0.574802 0.000000
10927.99 0.574471 0.000000 0.000000 0.574471 0.000000
10932.99 0.574142 0.000000 0.000000 0.574142 0.000000
10938.00 0.573813 0.000000 0.000000 0.573813 0.000000
10943.00 0.573484 0.000000 0.000000 0.573484 0.000000
10948.00 0.573157 0.000000 0.000000 0.573157 0.000000
10953.00 0.572829 0.000000 0.000000 0.572829 0.000000
10958.00 0.572503 0.000000 0.000000 0.572503 0.000000
10963.00 0.572176 0.000000 0.000000 0.572176 0.000000
10968.00 0.571851 0.000000 0.000000 0.571851 0.000000
10973.00 0.571525 0.000000 0.000000 0.571525 0.000000
10978.01 0.571201 0.000000 0.000000 0.571201 0.000000
10983.01 0.570877 0.000000 0.000000 0.570877 0.000000
10988.01 0.570553 0.000000 0.000000 0.570553 0.000000
10993.01 0.570230 0.000000 0.000000 0.570230 0.000000
10998.01 0.569908 0.000000 0.000000 0.569908 0.000000
11003.01 0.569586 0.000000 0.000000 0.569586 0.000000
11008.01 0.569265 0.000000 0.000000 0.569265 0.000000
11013.02 0.568944 0.000000 0.000000 0.568944 0.000000
11018.02 0.568623 0.000000 0.000000 0.568623 0.000000
11023.02 0.568304 0.000000 0.000000 0.568304 0.000000
11028.02 0.567984 0.000000 0.000000 0.567984 0.000000
11033.02 0.567665 0.000000 0.000000 0.567665 0.000000
11038.02 0.567347 0.000000 0.000000 0.567347 0.000000
11043.02 0.567029 0.000000 0.000000 0.567029 0.000000
11048.03 0.566712 0.000000 0.000000 0.566712 0.000000
11053.03 0.566396 0.000000 0.000000 0.566396 0.000000
11058.03 0.566079 0.000000 0.000000 0.566079 0.000000
11063.03 0.565764 0.000000 0.000000 0.565764 0.000000
11068.03 0.565449 0.000000 0.000000 0.565449 0.000000
11073.03 0.565134 0.000000 0.000000 0.565134 0.000000
11078.03 0.564820 0.000000 0.000000 0.564820 0.000000
11083.03 0.564506 0.000000 0.000000 0.564506 0.000000
11088.04 0.564193 0.000000 0.000000 0.564193 0.000000
11093.04 0.563880 0.000000 0.000000 0.563880 0.000000
11098.04 0.563568 0.000000 0.000000 0.563568 0.000000
11103.04 0.563256 0.000000 0.000000 0.563256 0.000000
11108.04 0.562945 0.000000 0.000000 0.562945 0.000000
11113.04 0.562634 0.000000 0.000000 0.562634 0.000000
11118.04 0.562324 0.000000 0.000000 0.562324 0.000000
11123.05 0.562014 0.000000 0.000000 0.562014 0.000000
11128.05 0.561705 0.000000 0.000000 0.561705 0.000000
11133.05 0.561396 0.000000 0.000000 0.561396 0.000000
11138.05 0.561088 0.000000 0.000000 0.561088 0.000000
11143.05 0.560780 0.000000 0.000000 0.560780 0.000000
11148.05 0.560473 0.000000 0.000000 0.560473 0.000000
11153.05 0.560166 0.000000 0.000000 0.560166 0.000000
11158.05 0.559860 0.000000 0.000000 0.559860 0.000000
11163.06 0.559554 0.000000 0.000000 0.559554 0.000000
11168.06 0.559248 0.000000 0.000000 0.559248 0.000000
11173.06 0.558944 0.000000 0.000000 0.558944 0.000000
11178.06 0.558639 0.000000 0.000000 0.558639 0.000000
11183.06 0.558335 0.000000 0.000000 0.558335 0.000000
11188.06 0.558031 0.000000 0.000000 0.558031 0.000000
11193.06 0.557728 0.000000 0.000000 0.557728 0.000000
11198.07 0.557426 0.000000 0.000000 0.557426 0.000000
11203.07 0.557123 0.000000 0.000000 0.557123 0.000000
11208.07 0.556822 0.000000 0.000000 0.556822 0.000000
11213.07 0.556520 0.000000 0.000000 0.556520 0.000000
11218.07 0.556219 0.000000 0.000000 0.556219 0.000000
11223.07 0.555919 0.000000 0.000000 0.555919 0.000000
11228.07 0.555619 0.000000 0.000000 0.555619 0.000000
11233.08 0.555319 0.000000 0.000000 0.555319 0.000000
11238.08 0.555020 0.000000 0.000000 0.555020 0.000000
11243.08 0.554722 0.000000 0.000000 0.554722 0.000000
11248.08 0.554423 0.000000 0.000000 0.554423 0.000000
11253.08 0.554126 0.000000 0.000000 0.554126 0.000000
11258.08 0.553828 0.000000 0.000000 0.553828 0.000000
11263.08 0.553531 0.000000 0.000000 0.553531 0.000000
11268.08 0.553235 0.000000 0.000000 0.553235 0.000000
11273.09 0.552939 0.000000 0.000000 0.552939 0.000000
11278.09 0.552643 0.000000 0.000000 0.552643 0.000000
11283.09 0.552348 0.000000 0.000000 0.552348 0.000000
11288.09 0.552053 0.000000 0.000000 0.552053 0.000000
11293.09 0.551759 0.000000 0.000000 0.551759 0.000000
11298.09 0.551465 0.000000 0.000000 0.551465 0.000000
11303.09 0.551171 0.000000 0.000000 0.551171 0.000000
11308.10 0.550878 0.000000 0.000000 0.550878 0.000000
11313.10 0.550585 0.000000 0.000000 0.550585 0.000000
11318.10 0.550293 0.000000 0.000000 0.550293 0.000000
11323.10 0.550001 0.000000 0.000000 0.550001 0.000000
11328.10 0.549709 0.000000 0.000000 0.549709 0.000000
11333.10 0.549418 0.000000 0.000000 0.549418 0.000000
11338.10 0.549128 0.000000 0.000000 0.549128 0.000000
11343.11 0.548837 0.000000 0.000000 0.548837 0.000000
11348.11 0.548547 0.000000 0.000000 0.548547 0.000000
11353.11 0.548258 0.000000 0.000000 0.548258 0.000000
11358.11 0.547969 0.000000 0.000000 0.547969 0.000000
11363.11 0.547680 0.000000 0.000000 0.547680 0.000000
11368.11 0.547392 0.000000 0.000000 0.547392 0.000000
11373.11 0.547104 0.000000 0.000000 0.547104 0.000000
11378.11 0.546816 0.000000 0.000000 0.546816 0.000000
11383.12 0.546529 0.000000 0.000000 0.546529 0.000000
11388.12 0.546242 0.000000 0.000000 0.546242 0.000000
11393.12 0.545956 0.000000 0.000000 0.545956 0.000000
11398.12 0.545670 0.000000 0.000000 0.545670 0.000000
11403.12 0.545384 0.000000 0.000000 0.545384 0.000000
11408.12 0.545099 0.000000 0.000000 0.545099 0.000000
11413.12 0.544814 0.000000 0.000000 0.544814 0.000000
11418.13 0.544529 0.000000 0.000000 0.544529 0.000000
11423.13 0.544245 0.000000 0.000000 0.544245 0.000000
11428.13 0.543961 0.000000 0.000000 0.543961 0.000000
11433.13 0.543678 0.000000 0.000000 0.543678 0.000000
11438.13 0.543395 0.000000 0.000000 0.543395 0.000000
11443.13 0.543112 0.000000 0.000000 0.543112 0.000000
11448.13 0.542829 0.000000 0.000000 0.542829 0.000000
11453.14 0.542547 0.000000 0.000000 0.542547 0.000000
11458.14 0.542266 0.000000 0.000000 0.542266 0.000000
11463.14 0.541984 0.000000 0.000000 0.541984 0.000000
11468.14 0.541703 0.000000 0.000000 0.541703 0.000000
11473.14 0.541423 0.000000 0.000000 0.541423 0.000000
11478.14 0.541143 0.000000 0.000000 0.541143 0.000000
11483.14 0.540863 0.000000 0.000000 0.540863 0.000000
11488.14 0.540583 0.000000 0.000000 0.540583 0.000000
11493.15 0.540304 0.000000 0.000000 0.540304 0.000000
11498.15 0.540025 0.000000 0.000000 0.540025 0.000000
11503.15 0.539746 0.000000 0.000000 0.539746 0.000000
11508.15 0.539468 0.000000 0.000000 0.539468 0.000000
11513.15 0.539190 0.000000 0.000000 0.539190 0.000000
11518.15 0.538912 0.000000 0.000000 0.538912 0.000000
11523.15 0.538635 0.000000 0.000000 0.538635 0.000000
11528.16 0.538358 0.000000 0.000000 0.538358 0.000000
11533.16 0.538082 0.000000 0.000000 0.538082 0.000000
11538.16 0.537805 0.000000 0.000000 0.537805 0.000000
11543.16 0.537529 0.000000 0.000000 0.537529 0.000000
11548.16 0.537254 0.000000 0.000000 0.537254 0.000000
11553.16 0.536978 0.000000 0.000000 0.536978 0.000000
11558.16 0.536703 0.000000 0.000000 0.536703 0.000000
11563.16 0.536429 0.000000 0.000000 0.536429 0.000000
11568.17 0.536154 0.000000 0.000000 0.536154 0.000000
11573.17 0.535880 0.000000 0.000000 0.535880 0.000000
11578.17 0.535606 0.000000 0.000000 0.535606 0.000000
11583.17 0.535333 0.000000 0.000000 0.535333 0.000000
11588.17 0.535060 0.000000 0.000000 0.535060 0.000000
11593.17 0.534787 0.000000 0.000000 0.534787 0.000000
11598.17 0.534514 0.000000 0.000000 0.534514 0.000000
11603.18 0.534242 0.000000 0.000000 0.534242 0.000000
11608.18 0.533970 0.000000 0.000000 0.533970 0.000000
11613.18 0.533698 0.000000 0.000000 0.533698 0.000000
11618.18 0.533427 0.000000 0.000000 0.533427 0.000000
11623.18 0.533156 0.000000 0.000000 0.533156 0.000000
11628.18 0.532885 0.000000 0.000000 0.532885 0.000000
11633.18 0.532615 0.000000 0.000000 0.532615 0.000000
11638.19 0.532344 0.000000 0.000000 0.532344 0.000000
11643.19 0.532074 0.000000 0.000000 0.532074 0.000000
11648.19 0.531805 0.000000 0.000000 0.531805 0.000000
11653.19 0.531535 0.000000 0.000000 0.531535 0.000000
11658.19 0.531266 0.000000 0.000000 0.531266 0.000000
11663.19 0.530997 0.000000 0.000000 0.530997 0.000000
11668.19 0.530729 0.000000 0.000000 0.530729 0.000000
11673.19 0.530460 0.000000 0.000000 0.530460 0.000000
11678.20 0.530192 0.000000 0.000000 0.530192 0.000000
11683.20 0.529925 0.000000 0.000000 0.529925 0.000000
11688.20 0.529657 0.000000 0.000000 0.529657 0.000000
11693.20 0.529390 0.000000 0.000000 0.529390 0.000000
11698.20 0.529123 0.000000 0.000000 0.529123 0.000000
11703.20 0.528856 0.000000 0.000000 0.528856 0.000000
11708.20 0.528589 0.000000 0.000000 0.528589 0.000000
11713.21 0.528323 0.000000 0.000000 0.528323 0.000000
11718.21 0.528057 0.000000 0.000000 0.528057 0.000000
11723.21 0.527792 0.000000 0.000000 0.527792 0.000000
11728.21 0.527526 0.000000 0.000000 0.527526 0.000000
11733.21 0.527261 0.000000 0.000000 0.527261 0.000000
11738.21 0.526996 0.000000 0.000000 0.526996 0.000000
11743.21 0.526731 0.000000 0.000000 0.526731 0.000000
11748.22 0.526466 0.000000 0.000000 0.526466 0.000000
11753.22 0.526202 0.000000 0.000000 0.526202 0.000000
11758.22 0.525938 0.000000 0.000000 0.525938 0.000000
11763.22 0.525674 0.000000 0.000000 0.525674 0.000000
11768.22 0.525411 0.000000 0.000000 0.525411 0.000000
11773.22 0.525147 0.000000 0.000000 0.525147 0.000000
11778.22 0.524884 0.000000 0.000000 0.524884 0.000000
11783.22 0.524621 0.000000 0.000000 0.524621 0.000000
11788.23 0.524359 0.000000 0.000000 0.524359 0.000000
11793.23 0.524096 0.000000 0.000000 0.524096 0.000000
11798.23 0.523834 0.000000 0.000000 0.523834 0.000000
11803.23 0.523572 0.000000 0.000000 0.523572 0.000000
11808.23 0.523310 0.000000 0.000000 0.523310 0.000000
11813.23 0.523049 0.000000 0.000000 0.523049 0.000000
11818.23 0.522787 0.000000 0.000000 0.522787 0.000000
11823.24 0.522526 0.000000 0.000000 0.522526 0.000000
11828.24 0.522265 0.000000 0.000000 0.522265 0.000000
11833.24 0.522004 0.000000 0.000000 0.522004 0.000000
11838.24 0.521744 0.000000 0.000000 0.521744 0.000000
11843.24 0.521484 0.000000 0.000000 0.521484 0.000000
11848.24 0.521224 0.000000 0.000000 0.521224 0.000000
11853.24 0.520964 0.000000 0.000000 0.520964 0.000000
11858.24 0.520704 0.000000 0.000000 0.520704 0.000000
11863.25 0.520444 0.000000 0.000000 0.520444 0.000000
11868.25 0.520185 0.000000 0.000000 0.520185 0.000000
11873.25 0.519926 0.000000 0.000000 0.519926 0.000000
11878.25 0.519667 0.000000 0.000000 0.519667 0.000000
11883.25 0.519408 0.000000 0.000000 0.519408 0.000000
11888.25 0.519149 0.000000 0.000000 0.519149 0.000000
11893.25 0.518891 0.000000 0.000000 0.518891 0.000000
11898.26 0.518633 0.000000 0.000000 0.518633 0.000000
11903.26 0.518375 0.000000 0.000000 0.518375 0.000000
11908.26 0.518117 0.000000 0.000000 0.518117 0.000000
11913.26 0.517859 0.000000 0.000000 0.517859 0.000000
11918.26 0.517602 0.000000 0.000000 0.517602 0.000000
11923.26 0.517344 0.000000 0.000000 0.517344 0.000000
11928.26 0.517087 0.000000 0.000000 0.517087 0.000000
11933.27 0.516830 0.000000 0.000000 0.516830 0.000000
11938.27 0.516573 0.000000 0.000000 0.516573 0.000000
11943.27 0.516316 0.000000 0.000000 0.516316 0.000000
11948.27 0.516060 0.000000 0.000000 0.516060 0.000000
11953.27 0.515804 0.000000 0.000000 0.515804 0.000000
11958.27 0.515547 0.000000 0.000000 0.515547 0.000000
11963.27 0.515291 0.000000 0.000000 0.515291 0.000000
11968.27 0.515035 0.000000 0.000000 0.515035 0.000000
11973.28 0.514780 0.000000 0.000000 0.514780 0.000000
11978.28 0.514524 0.000000 0.000000 0.514524 0.000000
11983.28 0.514269 0.000000 0.000000 0.514269 0.000000
11988.28 0.514013 0.000000 0.000000 0.514013 0.000000
11993.28 0.513758 0.000000 0.000000 0.513758 0.000000
11998.28 0.513503 0.000000 0.000000 0.513503 0.000000
12003.28 0.513248 0.000000 0.000000 0.513248 0.000000
12008.29 0.512993 0.000000 0.000000 0.512993 0.000000
12013.29 0.512739 0.000000 0.000000 0.512739 0.000000
12018.29 0.512484 0.000000 0.000000 0.512484 0.000000
12023.29 0.512230 0.000000 0.000000 0.512230 0.000000
12028.29 0.511976 0.000000 0.000000 0.511976 0.000000
12033.29 0.511722 0.000000 0.000000 0.511722 0.000000
12038.29 0.511468 0.000000 0.000000 0.511468 0.000000
12043.30 0.511214 0.000000 0.000000 0.511214 0.000000
12048.30 0.510960 0.000000 0.000000 0.510960 0.000000
12053.30 0.510707 0.000000 0.000000 0.510707 0.000000
12058.30 0.510453 0.000000 0.000000 0.510453 0.000000
12063.30 0.510200 0.000000 0.000000 0.510200 0.000000
12068.30 0.509946 0.000000 0.000000 0.509946 0.000000
12073.30 0.509693 0.000000 0.000000 0.509693 0.000000
12078.30 0.509440 0.000000 0.000000 0.509440 0.000000
12083.31 0.509187 0.000000 0.000000 0.509187 0.000000
12088.31 0.508935 0.000000 0.000000 0.508935 0.000000
12093.31 0.508682 0.000000 0.000000 0.508682 0.000000
12098.31 0.508429 0.000000 0.000000 0.508429 0.000000
12103.31 0.508177 0.000000 0.000000 0.508177 0.000000
12108.31 0.507924 0.000000 0.000000 0.507924 0.000000
12113.31 0.507672 0.000000 0.000000 0.507672 0.000000
12118.32 0.507420 0.000000 0.000000 0.507420 0.000000
12123.32 0.507168 0.000000 0.000000 0.507168 0.000000
12128.32 0.506916 0.000000 0.000000 0.506916 0.000000
12133.32 0.506664 0.000000 0.000000 0.506664 0.000000
12138.32 0.506412 0.000000 0.000000 0.506412 0.000000
12143.32 0.506160 0.000000 0.000000 0.506160 0.000000
12148.32 0.505908 0.000000 0.000000 0.505908 0.000000
12153.33 0.505657 0.000000 0.000000 0.505657 0.000000
12158.33 0.505405 0.000000 0.000000 0.505405 0.000000
12163.33 0.505154 0.000000 0.000000 0.505154 0.000000
12168.33 0.504902 0.000000 0.000000 0.504902 0.000000
12173.33 0.504651 0.000000 0.000000 0.504651 0.000000
12178.33 0.504400 0.000000 0.000000 0.504400 0.000000
12183.33 0.504149 0.000000 0.000000 0.504149 0.000000
12188.33 0.503898 0.000000 0.000000 0.503898 0.000000
12193.34 0.503646 0.000000 0.000000 0.503646 0.000000
12198.34 0.503395 0.000000 0.000000 0.503395 0.000000
12203.34 0.503145 0.000000 0.000000 0.503145 0.000000
12208.34 0.502894 0.000000 0.000000 0.502894 0.000000
12213.34 0.502643 0.000000 0.000000 0.502643 0.000000
12218.34 0.502392 0.000000 0.000000 0.502392 0.000000
12223.34 0.502141 0.000000 0.000000 0.502141 0.000000
12228.35 0.501891 0.000000 0.000000 0.501891 0.000000
12233.35 0.501640 0.000000 0.000000 0.501640 0.000000
12238.35 0.501390 0.000000 0.000000 0.501390 0.000000
12243.35 0.501139 0.000000 0.000000 0.501139 0.000000
12248.35 0.500889 0.000000 0.000000 0.500889 0.000000
12253.35 0.500639 0.000000 0.000000 0.500639 0.000000
12258.35 0.500388 0.000000 0.000000 0.500388 0.000000
12263.35 0.500138 0.000000 0.000000 0.500138 0.000000
12268.36 0.499888 0.000000 0.000000 0.499888 0.000000
12273.36 0.499638 0.000000 0.000000 0.499638 0.000000
12278.36 0.499388 0.000000 0.000000 0.499388 0.000000
12283.36 0.499138 0.000000 0.000000 0.499138 0.000000
12288.36 0.498888 0.000000 0.000000 0.498888 0.000000
12293.36 0.498638 0.000000 0.000000 0.498638 0.000000
12298.36 0.498388 0.000000 0.000000 0.498388 0.000000
12303.37 0.498138 0.000000 0.000000 0.498138 0.000000
12308.37 0.497888 0.000000 0.000000 0.497888 0.000000
12313.37 0.497639 0.000000 0.000000 0.497639 0.000000
12318.37 0.497389 0.000000 0.000000 0.497389 0.000000
12323.37 0.497139 0.000000 0.000000 0.497139 0.000000
12328.37 0.496890 0.000000 0.000000 0.496890 0.000000
12333.37 0.496640 0.000000 0.000000 0.496640 0.000000
12338.38 0.496391 0.000000 0.000000 0.496391 0.000000
12343.38 0.496142 0.000000 0.000000 0.496142 0.000000
12348.38 0.495892 0.000000 0.000000 0.495892 0.000000
12353.38 0.495643 0.000000 0.000000 0.495643 0.000000
12358.38 0.495394 0.000000 0.000000 0.495394 0.000000
12363.38 0.495145 0.000000 0.000000 0.495145 0.000000
12368.38 0.494896 0.000000 0.000000 0.494896 0.000000
12373.38 0.494647 0.000000 0.000000 0.494647 0.000000
12378.39 0.494398 0.000000 0.000000 0.494398 0.000000
12383.39 0.494149 0.000000 0.000000 0.494149 0.000000
12388.39 0.493900 0.000000 0.000000 0.493900 0.000000
12393.39 0.493651 0.000000 0.000000 0.493651 0.000000
12398.39 0.493402 0.000000 0.000000 0.493402 0.000000
12403.39 0.493153 0.000000 0.000000 0.493153 0.000000
12408.39 0.492905 0.000000 0.000000 0.492905 0.000000
12413.40 0.492656 0.000000 0.000000 0.492656 0.000000
12418.40 0.492408 0.000000 0.000000 0.492408 0.000000
12423.40 0.492159 0.000000 0.000000 0.492159 0.000000
12428.40 0.491911 0.000000 0.000000 0.491911 0.000000
12433.40 0.491662 0.000000 0.000000 0.491662 0.000000
12438.40 0.491414 0.000000 0.000000 0.491414 0.000000
12443.40 0.491166 0.000000 0.000000 0.491166 0.000000
12448.41 0.490918 0.000000 0.000000 0.490918 0.000000
12453.41 0.490669 0.000000 0.000000 0.490669 0.000000
12458.41 0.490421 0.000000 0.000000 0.490421 0.000000
12463.41 0.490173 0.000000 0.000000 0.490173 0.000000
12468.41 0.489925 0.000000 0.000000 0.489925 0.000000
12473.41 0.489677 0.000000 0.000000 0.489677 0.000000
12478.41 0.489430 0.000000 0.000000 0.489430 0.000000
12483.41 0.489182 0.000000 0.000000 0.489182 0.000000
12488.42 0.488934 0.000000 0.000000 0.488934 0.000000
12493.42 0.488686 0.000000 0.000000 0.488686 0.000000
12498.42 0.488438 0.000000 0.000000 0.488438 0.000000
12503.42 0.488191 0.000000 0.000000 0.488191 0.000000
12508.42 0.487943 0.000000 0.000000 0.487943 0.000000
12513.42 0.487696 0.000000 0.000000 0.487696 0.000000
12518.42 0.487448 0.000000 0.000000 0.487448 0.000000
12523.43 0.487201 0.000000 0.000000 0.487201 0.000000
12528.43 0.486954 0.000000 0.000000 0.486954 0.000000
12533.43 0.486706 0.000000 0.000000 0.486706 0.000000
12538.43 0.486459 0.000000 0.000000 0.486459 0.000000
12543.43 0.486212 0.000000 0.000000 0.486212 0.000000
12548.43 0.485965 0.000000 0.000000 0.485965 0.000000
12553.43 0.485718 0.000000 0.000000 0.485718 0.000000
12558.44 0.485471 0.000000 0.000000 0.485471 0.000000
12563.44 0.485224 0.000000 0.000000 0.485224 0.000000
12568.44 0.484977 0.000000 0.000000 0.484977 0.000000
12573.44 0.484730 0.000000 0.000000 0.484730 0.000000
12578.44 0.484483 0.000000 0.000000 0.484483 0.000000
12583.44 0.484236 0.000000 0.000000 0.484236 0.000000
12588.44 0.483990 0.000000 0.000000 0.483990 0.000000
12593.44 0.483743 0.000000 0.000000 0.483743 0.000000
12598.45 0.483497 0.000000 0.000000 0.483497 0.000000
12603.45 0.483250 0.000000 0.000000 0.483250 0.000000
12608.45 0.483004 0.000000 0.000000 0.483004 0.000000
12613.45 0.482757 0.000000 0.000000 0.482757 0.000000
12618.45 0.482511 0.000000 0.000000 0.482511 0.000000
12623.45 0.482264 0.000000 0.000000 0.482264 0.000000
12628.45 0.482018 0.000000 0.000000 0.482018 0.000000
12633.46 0.481772 0.000000 0.000000 0.481772 0.000000
12638.46 0.481526 0.000000 0.000000 0.481526 0.000000
12643.46 0.481280 0.000000 0.000000 0.481280 0.000000
12648.46 0.481034 0.000000 0.000000 0.481034 0.000000
12653.46 0.480788 0.000000 0.000000 0.480788 0.000000
12658.46 0.480542 0.000000 0.000000 0.480542 0.000000
12663.46 0.480296 0.000000 0.000000 0.480296 0.000000
12668.46 0.480050 0.000000 0.000000 0.480050 0.000000
12673.47 0.479804 0.000000 0.000000 0.479804 0.000000
12678.47 0.479559 0.000000 0.000000 0.479559 0.000000
12683.47 0.479313 0.000000 0.000000 0.479313 0.000000
12688.47 0.479067 0.000000 0.000000 0.479067 0.000000
12693.47 0.478822 0.000000 0.000000 0.478822 0.000000
12698.47 0.478576 0.000000 0.000000 0.478576 0.000000
12703.47 0.478331 0.000000 0.000000 0.478331 0.000000
12708.48 0.478085 0.000000 0.000000 0.478085 0.000000
12713.48 0.477840 0.000000 0.000000 0.477840 0.000000
12718.48 0.477595 0.000000 0.000000 0.477595 0.000000
12723.48 0.477350 0.000000 0.000000 0.477350 0.000000
12728.48 0.477104 0.000000 0.000000 0.477104 0.000000
12733.48 0.476859 0.000000 0.000000 0.476859 0.000000
12738.48 0.476614 0.000000 0.000000 0.476614 0.000000
12743.49 0.476369 0.000000 0.000000 0.476369 0.000000
12748.49 0.476124 0.000000 0.000000 0.476124 0.000000
12753.49 0.475879 0.000000 0.000000 0.475879 0.000000
12758.49 0.475634 0.000000 0.000000 0.475634 0.000000
12763.49 0.475390 0.000000 0.000000 0.475390 0.000000
12768.49 0.475145 0.000000 0.000000 0.475145 0.000000
12773.49 0.474900 0.000000 0.000000 0.474900 0.000000
12778.49 0.474656 0.000000 0.000000 0.474656 0.000000
12783.50 0.474411 0.000000 0.000000 0.474411 0.000000
12788.50 0.474166 0.000000 0.000000 0.474166 0.000000
12793.50 0.473922 0.000000 0.000000 0.473922 0.000000
12798.50 0.473678 0.000000 0.000000 0.473678 0.000000
12803.50 0.473433 0.000000 0.000000 0.473433 0.000000
12808.50 0.473189 0.000000 0.000000 0.473189 0.000000
12813.50 0.472945 0.000000 0.000000 0.472945 0.000000
12818.51 0.472700 0.000000 0.000000 0.472700 0.000000
12823.51 0.472456 0.000000 0.000000 0.472456 0.000000
12828.51 0.472212 0.000000 0.000000 0.472212 0.000000
12833.51 0.471968 0.000000 0.000000 0.471968 0.000000
12838.51 0.471724 0.000000 0.000000 0.471724 0.000000
12843.51 0.471480 0.000000 0.000000 0.471480 0.000000
12848.51 0.471236 0.000000 0.000000 0.471236 0.000000
12853.52 0.470993 0.000000 0.000000 0.470993 0.000000
12858.52 0.470749 0.000000 0.000000 0.470749 0.000000
12863.52 0.470505 0.000000 0.000000 0.470505 0.000000
12868.52 0.470261 0.000000 0.000000 0.470261 0.000000
12873.52 0.470018 0.000000 0.000000 0.470018 0.000000
12878.52 0.469774 0.000000 0.000000 0.469774 0.000000
12883.52 0.469531 0.000000 0.000000 0.469531 0.000000
12888.52 0.469287 0.000000 0.000000 0.469287 0.000000
12893.53 0.469044 0.000000 0.000000 0.469044 0.000000
12898.53 0.468800 0.000000 0.000000 0.468800 0.000000
12903.53 0.468557 0.000000 0.000000 0.468557 0.000000
12908.53 0.468314 0.000000 0.000000 0.468314 0.000000
12913.53 0.468071 0.000000 0.000000 0.468071 0.000000
12918.53 0.467827 0.000000 0.000000 0.467827 0.000000
12923.53 0.467584 0.000000 0.000000 0.467584 0.000000
12928.54 0.467341 0.000000 0.000000 0.467341 0.000000
12933.54 0.467098 0.000000 0.000000 0.467098 0.000000
12938.54 0.466855 0.000000 0.000000 0.466855 0.000000
12943.54 0.466613 0.000000 0.000000 0.466613 0.000000
12948.54 0.466370 0.000000 0.000000 0.466370 0.000000
12953.54 0.466127 0.000000 0.000000 0.466127 0.000000
12958.54 0.465884 0.000000 0.000000 0.465884 0.000000
12963.55 0.465642 0.000000 0.000000 0.465642 0.000000
12968.55 0.465399 0.000000 0.000000 0.465399 0.000000
12973.55 0.465156 0.000000 0.000000 0.465156 0.000000
12978.55 0.464914 0.000000 0.000000 0.464914 0.000000
12983.55 0.464672 0.000000 0.000000 0.464672 0.000000
12988.55 0.464429 0.000000 0.000000 0.464429 0.000000
12993.55 0.464187 0.000000 0.000000 0.464187 0.000000
12998.55 0.463945 0.000000 0.000000 0.463945 0.000000
13003.56 0.463702 0.000000 0.000000 0.463702 0.000000
13008.56 0.463460 0.000000 0.000000 0.463460 0.000000
13013.56 0.463218 0.000000 0.000000 0.463218 0.000000
13018.56 0.462976 0.000000 0.000000 0.462976 0.000000
13023.56 0.462734 0.000000 0.000000 0.462734 0.000000
13028.56 0.462492 0.000000 0.000000 0.462492 0.000000
13033.56 0.462250 0.000000 0.000000 0.462250 0.000000
13038.57 0.462008 0.000000 0.000000 0.462008 0.000000
13043.57 0.461766 0.000000 0.000000 0.461766 0.000000
13048.57 0.461525 0.000000 0.000000 0.461525 0.000000
13053.57 0.461283 0.000000 0.000000 0.461283 0.000000
13058.57 0.461041 0.000000 0.000000 0.461041 0.000000
13063.57 0.460800 0.000000 0.000000 0.460800 0.000000
13068.57 0.460558 0.000000 0.000000 0.460558 0.000000
13073.57 0.460317 0.000000 0.000000 0.460317 0.000000
13078.58 0.460075 0.000000 0.000000 0.460075 0.000000
13083.58 0.459834 0.000000 0.000000 0.459834 0.000000
13088.58 0.459592 0.000000 0.000000 0.459592 0.000000
13093.58 0.459351 0.000000 0.000000 0.459351 0.000000
13098.58 0.459110 0.000000 0.000000 0.459110 0.000000
13103.58 0.458869 0.000000 0.000000 0.458869 0.000000
13108.58 0.458628 0.000000 0.000000 0.458628 0.000000
13113.59 0.458387 0.000000 0.000000 0.458387 0.000000
13118.59 0.458146 0.000000 0.000000 0.458146 0.000000
13123.59 0.457905 0.000000 0.000000 0.457905 0.000000
13128.59 0.457664 0.000000 0.000000 0.457664 0.000000
13133.59 0.457423 0.000000 0.000000 0.457423 0.000000
13138.59 0.457182 0.000000 0.000000 0.457182 0.000000
13143.59 0.456941 0.000000 0.000000 0.456941 0.000000
13148.60 0.456701 0.000000 0.000000 0.456701 0.000000
13153.60 0.456460 0.000000 0.000000 0.456460 0.000000
13158.60 0.456219 0.000000 0.000000 0.456219 0.000000
13163.60 0.455979 0.000000 0.000000 0.455979 0.000000
13168.60 0.455738 0.000000 0.000000 0.455738 0.000000
13173.60 0.455498 0.000000 0.000000 0.455498 0.000000
13178.60 0.455258 0.000000 0.000000 0.455258 0.000000
13183.60 0.455017 0.000000 0.000000 0.455017 0.000000
13188.61 0.454777 0.000000 0.000000 0.454777 0.000000
13193.61 0.454537 0.000000 0.000000 0.454537 0.000000
13198.61 0.454297 0.000000 0.000000 0.454297 0.000000
13203.61 0.454056 0.000000 0.000000 0.454056 0.000000
13208.61 0.453816 0.000000 0.000000 0.453816 0.000000
13213.61 0.453576 0.000000 0.000000 0.453576 0.000000
13218.61 0.453336 0.000000 0.000000 0.453336 0.000000
13223.62 0.453096 0.000000 0.000000 0.453096 0.000000
13228.62 0.452857 0.000000 0.000000 0.452857 0.000000
13233.62 0.452617 0.000000 0.000000 0.452617 0.000000
13238.62 0.452377 0.000000 0.000000 0.452377 0.000000
13243.62 0.452137 0.000000 0.000000 0.452137 0.000000
13248.62 0.451898 0.000000 0.000000 0.451898 0.000000
13253.62 0.451658 0.000000 0.000000 0.451658 0.000000
13258.63 0.451419 0.000000 0.000000 0.451419 0.000000
13263.63 0.451179 0.000000 0.000000 0.451179 0.000000
13268.63 0.450940 0.000000 0.000000 0.450940 0.000000
13273.63 0.450700 0.000000 0.000000 0.450700 0.000000
13278.63 0.450461 0.000000 0.000000 0.450461 0.000000
13283.63 0.450222 0.000000 0.000000 0.450222 0.000000
13288.63 0.449982 0.000000 0.000000 0.449982 0.000000
13293.63 0.449743 0.000000 0.000000 0.449743 0.000000
13298.64 0.449504 0.000000 0.000000 0.449504 0.000000
13303.64 0.449265 0.000000 0.000000 0.449265 0.000000
13308.64 0.449026 0.000000 0.000000 0.449026 0.000000
13313.64 0.448787 0.000000 0.000000 0.448787 0.000000
13318.64 0.448548 0.000000 0.000000 0.448548 0.000000
13323.64 0.448309 0.000000 0.000000 0.448309 0.000000
13328.64 0.448070 0.000000 0.000000 0.448070 0.000000
13333.65 0.447832 0.000000 0.000000 0.447832 0.000000
13338.65 0.447593 0.000000 0.000000 0.447593 0.000000
13343.65 0.447354 0.000000 0.000000 0.447354 0.000000
13348.65 0.447116 0.000000 0.000000 0.447116 0.000000
13353.65 0.446877 0.000000 0.000000 0.446877 0.000000
13358.65 0.446639 0.000000 0.000000 0.446639 0.000000
13363.65 0.446400 0.000000 0.000000 0.446400 0.000000
13368.66 0.446162 0.000000 0.000000 0.446162 0.000000
13373.66 0.445924 0.000000 0.000000 0.445924 0.000000
13378.66 0.445685 0.000000 0.000000 0.445685 0.000000
13383.66 0.445447 0.000000 0.000000 0.445447 0.000000
13388.66 0.445209 0.000000 0.000000 0.445209 0.000000
13393.66 0.444971 0.000000 0.000000 0.444971 0.000000
13398.66 0.444733 0.000000 0.000000 0.444733 0.000000
13403.66 0.444495 0.000000 0.000000 0.444495 0.000000
13408.67 0.444257 0.000000 0.000000 0.444257 0.000000
13413.67 0.444019 0.000000 0.000000 0.444019 0.000000
13418.67 0.443781 0.000000 0.000000 0.443781 0.000000
13423.67 0.443543 0.000000 0.000000 0.443543 0.000000
13428.67 0.443305 0.000000 0.000000 0.443305 0.000000
13433.67 0.443068 0.000000 0.000000 0.443068 0.000000
13438.67 0.442830 0.000000 0.000000 0.442830 0.000000
13443.68 0.442592 0.000000 0.000000 0.442592 0.000000
13448.68 0.442355 0.000000 0.000000 0.442355 0.000000
13453.68 0.442117 0.000000 0.000000 0.442117 0.000000
13458.68 0.441880 0.000000 0.000000 0.441880 0.000000
13463.68 0.441642 0.000000 0.000000 0.441642 0.000000
13468.68 0.441405 0.000000 0.000000 0.441405 0.000000
13473.68 0.441168 0.000000 0.000000 0.441168 0.000000
13478.69 0.440931 0.000000 0.000000 0.440931 0.000000
13483.69 0.440693 0.000000 0.000000 0.440693 0.000000
13488.69 0.440456 0.000000 0.000000 0.440456 0.000000
13493.69 0.440219 0.000000 0.000000 0.440219 0.000000
13498.69 0.439982 0.000000 0.000000 0.439982 0.000000
13503.69 0.439745 0.000000 0.000000 0.439745 0.000000
13508.69 0.439508 0.000000 0.000000 0.439508 0.000000
13513.69 0.439271 0.000000 0.000000 0.439271 0.000000
13518.70 0.439034 0.000000 0.000000 0.439034 0.000000
13523.70 0.438798 0.000000 0.000000 0.438798 0.000000
13528.70 0.438561 0.000000 0.000000 0.438561 0.000000
13533.70 0.438324 0.000000 0.000000 0.438324 0.000000
13538.70 0.438088 0.000000 0.000000 0.438088 0.000000
13543.70 0.437851 0.000000 0.000000 0.437851 0.000000
13548.70 0.437615 0.000000 0.000000 0.437615 0.000000
13553.71 0.437378 0.000000 0.000000 0.437378 0.000000
13558.71 0.437142 0.000000 0.000000 0.437142 0.000000
13563.71 0.436905 0.000000 0.000000 0.436905 0.000000
13568.71 0.436669 0.000000 0.000000 0.436669 0.000000
13573.71 0.436433 0.000000 0.000000 0.436433 0.000000
13578.71 0.436197 0.000000 0.000000 0.436197 0.000000
13583.71 0.435960 0.000000 0.000000 0.435960 0.000000
13588.71 0.435724 0.000000 0.000000 0.435724 0.000000
13593.72 0.435488 0.000000 0.000000 0.435488 0.000000
13598.72 0.435252 0.000000 0.000000 0.435252 0.000000
13603.72 0.435016 0.000000 0.000000 0.435016 0.000000
13608.72 0.434780 0.000000 0.000000 0.434780 0.000000
13613.72 0.434545 0.000000 0.000000 0.434545 0.000000
13618.72 0.434309 0.000000 0.000000 0.434309 0.000000
13623.72 0.434073 0.000000 0.000000 0.434073 0.000000
13628.73 0.433837 0.000000 0.000000 0.433837 0.000000
13633.73 0.433602 0.000000 0.000000 0.433602 0.000000
13638.73 0.433366 0.000000 0.000000 0.433366 0.000000
13643.73 0.433131 0.000000 0.000000 0.433131 0.000000
13648.73 0.432895 0.000000 0.000000 0.432895 0.000000
13653.73 0.432660 0.000000 0.000000 0.432660 0.000000
13658.73 0.432424 0.000000 0.000000 0.432424 0.000000
13663.74 0.432189 0.000000 0.000000 0.432189 0.000000
13668.74 0.431954 0.000000 0.000000 0.431954 0.000000
13673.74 0.431718 0.000000 0.000000 0.431718 0.000000
13678.74 0.431483 0.000000 0.000000 0.431483 0.000000
13683.74 0.431248 0.000000 0.000000 0.431248 0.000000
13688.74 0.431013 0.000000 0.000000 0.431013 0.000000
13693.74 0.430778 0.000000 0.000000 0.430778 0.000000
13698.74 0.430543 0.000000 0.000000 0.430543 0.000000
13703.75 0.430308 0.000000 0.000000 0.430308 0.000000
13708.75 0.430073 0.000000 0.000000 0.430073 0.000000
13713.75 0.429838 0.000000 0.000000 0.429838 0.000000
13718.75 0.429604 0.000000 0.000000 0.429604 0.000000
13723.75 0.429369 0.000000 0.000000 0.429369 0.000000
13728.75 0.429134 0.000000 0.000000 0.429134 0.000000
13733.75 0.428900 0.000000 0.000000 0.428900 0.000000
13738.76 0.428665 0.000000 0.000000 0.428665 0.000000
13743.76 0.428430 0.000000 0.000000 0.428430 0.000000
13748.76 0.428196 0.000000 0.000000 0.428196 0.000000
13753.76 0.427962 0.000000 0.000000 0.427962 0.000000
13758.76 0.427727 0.000000 0.000000 0.427727 0.000000
13763.76 0.427493 0.000000 0.000000 0.427493 0.000000
13768.76 0.427259 0.000000 0.000000 0.427259 0.000000
13773.77 0.427025 0.000000 0.000000 0.427025 0.000000
13778.77 0.426790 0.000000 0.000000 0.426790 0.000000
13783.77 0.426556 0.000000 0.000000 0.426556 0.000000
13788.77 0.426322 0.000000 0.000000 0.426322 0.000000
13793.77 0.426088 0.000000 0.000000 0.426088 0.000000
13798.77 0.425854 0.000000 0.000000 0.425854 0.000000
13803.77 0.425620 0.000000 0.000000 0.425620 0.000000
13808.77 0.425386 0.000000 0.000000 0.425386 0.000000
13813.78 0.425153 0.000000 0.000000 0.425153 0.000000
13818.78 0.424919 0.000000 0.000000 0.424919 0.000000
13823.78 0.424685 0.000000 0.000000 0.424685 0.000000
13828.78 0.424452 0.000000 0.000000 0.424452 0.000000
13833.78 0.424218 0.000000 0.000000 0.424218 0.000000
13838.78 0.423984 0.000000 0.000000 0.423984 0.000000
13843.78 0.423751 0.000000 0.000000 0.423751 0.000000
13848.79 0.423517 0.000000 0.000000 0.423517 0.000000
13853.79 0.423284 0.000000 0.000000 0.423284 0.000000
13858.79 0.423051 0.000000 0.000000 0.423051 0.000000
13863.79 0.422817 0.000000 0.000000 0.422817 0.000000
13868.79 0.422584 0.000000 0.000000 0.422584 0.000000
13873.79 0.422351 0.000000 0.000000 0.422351 0.000000
13878.79 0.422118 0.000000 0.000000 0.422118 0.000000
13883.80 0.421885 0.000000 0.000000 0.421885 0.000000
13888.80 0.421652 0.000000 0.000000 0.421652 0.000000
13893.80 0.421419 0.000000 0.000000 0.421419 0.000000
13898.80 0.421186 0.000000 0.000000 0.421186 0.000000
13903.80 0.420953 0.000000 0.000000 0.420953 0.000000
13908.80 0.420720 0.000000 0.000000 0.420720 0.000000
13913.80 0.420487 0.000000 0.000000 0.420487 0.000000
13918.80 0.420255 0.000000 0.000000 0.420255 0.000000
13923.81 0.420022 0.000000 0.000000 0.420022 0.000000
13928.81 0.419789 0.000000 0.000000 0.419789 0.000000
13933.81 0.419557 0.000000 0.000000 0.419557 0.000000
13938.81 0.419324 0.000000 0.000000 0.419324 0.000000
13943.81 0.419092 0.000000 0.000000 0.419092 0.000000
13948.81 0.418859 0.000000 0.000000 0.418859 0.000000
13953.81 0.418627 0.000000 0.000000 0.418627 0.000000
13958.82 0.418395 0.000000 0.000000 0.418395 0.000000
13963.82 0.418162 0.000000 0.000000 0.418162 0.000000
13968.82 0.417930 0.000000 0.000000 0.417930 0.000000
13973.82 0.417698 0.000000 0.000000 0.417698 0.000000
13978.82 0.417466 0.000000 0.000000 0.417466 0.000000
13983.82 0.417234 0.000000 0.000000 0.417234 0.000000
13988.82 0.417002 0.000000 0.000000 0.417002 0.000000
13993.83 0.416770 0.000000 0.000000 0.416770 0.000000
13998.83 0.416538 0.000000 0.000000 0.416538 0.000000
14003.83 0.416306 0.000000 0.000000 0.416306 0.000000
14008.83 0.416074 0.000000 0.000000 0.416074 0.000000
14013.83 0.415842 0.000000 0.000000 0.415842 0.000000
14018.83 0.415611 0.000000 0.000000 0.415611 0.000000
14023.83 0.415379 0.000000 0.000000 0.415379 0.000000
14028.83 0.415147 0.000000 0.000000 0.415147 0.000000
14033.84 0.414916 0.000000 0.000000 0.414916 0.000000
14038.84 0.414684 0.000000 0.000000 0.414684 0.000000
14043.84 0.414453 0.000000 0.000000 0.414453 0.000000
14048.84 0.414221 0.000000 0.000000 0.414221 0.000000
14053.84 0.413990 0.000000 0.000000 0.413990 0.000000
14058.84 0.413759 0.000000 0.000000 0.413759 0.000000
14063.84 0.413527 0.000000 0.000000 0.413527 0.000000
14068.85 0.413296 0.000000 0.000000 0.413296 0.000000
14073.85 0.413065 0.000000 0.000000 0.413065 0.000000
14078.85 0.412834 0.000000 0.000000 0.412834 0.000000
14083.85 0.412603 0.000000 0.000000 0.412603 0.000000
14088.85 0.412372 0.000000 0.000000 0.412372 0.000000
14093.85 0.412141 0.000000 0.000000 0.412141 0.000000
14098.85 0.411910 0.000000 0.000000 0.411910 0.000000
14103.85 0.411679 0.000000 0.000000 0.411679 0.000000
14108.86 0.411448 0.000000 0.000000 0.411448 0.000000
14113.86 0.411218 0.000000 0.000000 0.411218 0.000000
14118.86 0.410987 0.000000 0.000000 0.410987 0.000000
14123.86 0.410756 0.000000 0.000000 0.410756 0.000000
14128.86 0.410526 0.000000 0.000000 0.410526 0.000000
14133.86 0.410295 0.000000 0.000000 0.410295 0.000000
14138.86 0.410064 0.000000 0.000000 0.410064 0.000000
14143.87 0.409834 0.000000 0.000000 0.409834 0.000000
14148.87 0.409604 0.000000 0.000000 0.409604 0.000000
14153.87 0.409373 0.000000 0.000000 0.409373 0.000000
14158.87 0.409143 0.000000 0.000000 0.409143 0.000000
14163.87 0.408913 0.000000 0.000000 0.408913 0.000000
14168.87 0.408682 0.000000 0.000000 0.408682 0.000000
14173.87 0.408452 0.000000 0.000000 0.408452 0.000000
14178.88 0.408222 0.000000 0.000000 0.408222 0.000000
14183.88 0.407992 0.000000 0.000000 0.407992 0.000000
14188.88 0.407762 0.000000 0.000000 0.407762 0.000000
14193.88 0.407532 0.000000 0.000000 0.407532 0.000000
14198.88 0.407302 0.000000 0.000000 0.407302 0.000000
14203.88 0.407072 0.000000 0.000000 0.407072 0.000000
14208.88 0.406843 0.000000 0.000000 0.406843 0.000000
14213.88 0.406613 0.000000 0.000000 0.406613 0.000000
14218.89 0.406383 0.000000 0.000000 0.406383 0.000000
14223.89 0.406153 0.000000 0.000000 0.406153 0.000000
14228.89 0.405924 0.000000 0.000000 0.405924 0.000000
14233.89 0.405694 0.000000 0.000000 0.405694 0.000000
14238.89 0.405465 0.000000 0.000000 0.405465 0.000000
14243.89 0.405235 0.000000 0.000000 0.405235 0.000000
14248.89 0.405006 0.000000 0.000000 0.405006 0.000000
14253.90 0.404777 0.000000 0.000000 0.404777 0.000000
14258.90 0.404547 0.000000 0.000000 0.404547 0.000000
14263.90 0.404318 0.000000 0.000000 0.404318 0.000000
14268.90 0.404089 0.000000 0.000000 0.404089 0.000000
14273.90 0.403860 0.000000 0.000000 0.403860 0.000000
14278.90 0.403630 0.000000 0.000000 0.403630 0.000000
14283.90 0.403401 0.000000 0.000000 0.403401 0.000000
14288.91 0.403172 0.000000 0.000000 0.403172 0.000000
14293.91 0.402943 0.000000 0.000000 0.402943 0.000000
14298.91 0.402715 0.000000 0.000000 0.402715 0.000000
14303.91 0.402486 0.000000 0.000000 0.402486 0.000000
14308.91 0.402257 0.000000 0.000000 0.402257 0.000000
14313.91 0.402028 0.000000 0.000000 0.402028 0.000000
14318.91 0.401799 0.000000 0.000000 0.401799 0.000000
14323.91 0.401571 0.000000 0.000000 0.401571 0.000000
14328.92 0.401342 0.000000 0.000000 0.401342 0.000000
14333.92 0.401114 0.000000 0.000000 0.401114 0.000000
14338.92 0.400885 0.000000 0.000000 0.400885 0.000000
14343.92 0.400657 0.000000 0.000000 0.400657 0.000000
14348.92 0.400428 0.000000 0.000000 0.400428 0.000000
14353.92 0.400200 0.000000 0.000000 0.400200 0.000000
14358.92 0.399971 0.000000 0.000000 0.399971 0.000000
14363.93 0.399743 0.000000 0.000000 0.399743 0.000000
14368.93 0.399515 0.000000 0.000000 0.399515 0.000000
14373.93 0.399287 0.000000 0.000000 0.399287 0.000000
14378.93 0.399059 0.000000 0.000000 0.399059 0.000000
14383.93 0.398831 0.000000 0.000000 0.398831 0.000000
14388.93 0.398603 0.000000 0.000000 0.398603 0.000000
14393.93 0.398375 0.000000 0.000000 0.398375 0.000000
14398.94 0.398147 0.000000 0.000000 0.398147 0.000000
14403.94 0.397919 0.000000 0.000000 0.397919 0.000000
14408.94 0.397691 0.000000 0.000000 0.397691 0.000000
14413.94 0.397463 0.000000 0.000000 0.397463 0.000000
14418.94 0.397235 0.000000 0.000000 0.397235 0.000000
14423.94 0.397008 0.000000 0.000000 0.397008 0.000000
14428.94 0.396780 0.000000 0.000000 0.396780 0.000000
14433.94 0.396553 0.000000 0.000000 0.396553 0.000000
14438.95 0.396325 0.000000 0.000000 0.396325 0.000000
14443.95 0.396098 0.000000 0.000000 0.396098 0.000000
14448.95 0.395870 0.000000 0.000000 0.395870 0.000000
14453.95 0.395643 0.000000 0.000000 0.395643 0.000000
14458.95 0.395415 0.000000 0.000000 0.395415 0.000000
14463.95 0.395188 0.000000 0.000000 0.395188 0.000000
14468.95 0.394961 0.000000 0.000000 0.394961 0.000000
14473.96 0.394734 0.000000 0.000000 0.394734 0.000000
14478.96 0.394507 0.000000 0.000000 0.394507 0.000000
14483.96 0.394280 0.000000 0.000000 0.394280 0.000000
14488.96 0.394052 0.000000 0.000000 0.394052 0.000000
14493.96 0.393825 0.000000 0.000000 0.393825 0.000000
14498.96 0.393599 0.000000 0.000000 0.393599 0.000000
14503.96 0.393372 0.000000 0.000000 0.393372 0.000000
14508.97 0.393145 0.000000 0.000000 0.393145 0.000000
14513.97 0.392918 0.000000 0.000000 0.392918 0.000000
14518.97 0.392691 0.000000 0.000000 0.392691 0.000000
14523.97 0.392465 0.000000 0.000000 0.392465 0.000000
14528.97 0.392238 0.000000 0.000000 0.392238 0.000000
14533.97 0.392011 0.000000 0.000000 0.392011 0.000000
14538.97 0.391785 0.000000 0.000000 0.391785 0.000000
14543.97 0.391558 0.000000 0.000000 0.391558 0.000000
14548.98 0.391332 0.000000 0.000000 0.391332 0.000000
14553.98 0.391105 0.000000 0.000000 0.391105 0.000000
14558.98 0.390879 0.000000 0.000000 0.390879 0.000000
14563.98 0.390653 0.000000 0.000000 0.390653 0.000000
14568.98 0.390427 0.000000 0.000000 0.390427 0.000000
14573.98 0.390200 0.000000 0.000000 0.390200 0.000000
14578.98 0.389974 0.000000 0.000000 0.389974 0.000000
14583.99 0.389748 0.000000 0.000000 0.389748 0.000000
14588.99 0.389522 0.000000 0.000000 0.389522 0.000000
14593.99 0.389296 0.000000 0.000000 0.389296 0.000000
14598.99 0.389070 0.000000 0.000000 0.389070 0.000000
14603.99 0.388844 0.000000 0.000000 0.388844 0.000000
14608.99 0.388618 0.000000 0.000000 0.388618 0.000000
14613.99 0.388393 0.000000 0.000000 0.388393 0.000000
14618.99 0.388167 0.000000 0.000000 0.388167 0.000000
14624.00 0.387941 0.000000 0.000000 0.387941 0.000000
14629.00 0.387715 0.000000 0.000000 0.387715 0.000000
14634.00 0.387490 0.000000 0.000000 0.387490 0.000000
14639.00 0.387264 0.000000 0.000000 0.387264 0.000000
14644.00 0.387039 0.000000 0.000000 0.387039 0.000000
14649.00 0.386813 0.000000 0.000000 0.386813 0.000000
14654.00 0.386588 0.000000 0.000000 0.386588 0.000000
14659.01 0.386362 0.000000 0.000000 0.386362 0.000000
14664.01 0.386137 0.000000 0.000000 0.386137 0.000000
14669.01 0.385912 0.000000 0.000000 0.385912 0.000000
14674.01 0.385687 0.000000 0.000000 0.385687 0.000000
14679.01 0.385461 0.000000 0.000000 0.385461 0.000000
14684.01 0.385236 0.000000 0.000000 0.385236 0.000000
14689.01 0.385011 0.000000 0.000000 0.385011 0.000000
14694.02 0.384786 0.000000 0.000000 0.384786 0.000000
14699.02 0.384561 0.000000 0.000000 0.384561 0.000000
14704.02 0.384336 0.000000 0.000000 0.384336 0.000000
14709.02 0.384111 0.000000 0.000000 0.384111 0.000000
14714.02 0.383887 0.000000 0.000000 0.383887 0.000000
14719.02 0.383662 0.000000 0.000000 0.383662 0.000000
14724.02 0.383437 0.000000 0.000000 0.383437 0.000000
14729.02 0.383212 0.000000 0.000000 0.383212 0.000000
14734.03 0.382988 0.000000 0.000000 0.382988 0.000000
14739.03 0.382763 0.000000 0.000000 0.382763 0.000000
14744.03 0.382539 0.000000 0.000000 0.382539 0.000000
14749.03 0.382314 0.000000 0.000000 0.382314 0.000000
14754.03 0.382090 0.000000 0.000000 0.382090 0.000000
14759.03 0.381865 0.000000 0.000000 0.381865 0.000000
14764.03 0.381641 0.000000 0.000000 0.381641 0.000000
14769.04 0.381417 0.000000 0.000000 0.381417 0.000000
14774.04 0.381192 0.000000 0.000000 0.381192 0.000000
14779.04 0.380968 0.000000 0.000000 0.380968 0.000000
14784.04 0.380744 0.000000 0.000000 0.380744 0.000000
14789.04 0.380520 0.000000 0.000000 0.380520 0.000000
14794.04 0.380296 0.000000 0.000000 0.380296 0.000000
14799.04 0.380072 0.000000 0.000000 0.380072 0.000000
14804.05 0.379848 0.000000 0.000000 0.379848 0.000000
14809.05 0.379624 0.000000 0.000000 0.379624 0.000000
14814.05 0.379400 0.000000 0.000000 0.379400 0.000000
14819.05 0.379176 0.000000 0.000000 0.379176 0.000000
14824.05 0.378953 0.000000 0.000000 0.378953 0.000000
14829.05 0.378729 0.000000 0.000000 0.378729 0.000000
14834.05 0.378505 0.000000 0.000000 0.378505 0.000000
14839.05 0.378281 0.000000 0.000000 0.378281 0.000000
14844.06 0.378058 0.000000 0.000000 0.378058 0.000000
14849.06 0.377834 0.000000 0.000000 0.377834 0.000000
14854.06 0.377611 0.000000 0.000000 0.377611 0.000000
14859.06 0.377387 0.000000 0.000000 0.377387 0.000000
14864.06 0.377164 0.000000 0.000000 0.377164 0.000000
14869.06 0.376941 0.000000 0.000000 0.376941 0.000000
14874.06 0.376717 0.000000 0.000000 0.376717 0.000000
14879.07 0.376494 0.000000 0.000000 0.376494 0.000000
14884.07 0.376271 0.000000 0.000000 0.376271 0.000000
14889.07 0.376048 0.000000 0.000000 0.376048 0.000000
14894.07 0.375825 0.000000 0.000000 0.375825 0.000000
14899.07 0.375602 0.000000 0.000000 0.375602 0.000000
14904.07 0.375379 0.000000 0.000000 0.375379 0.000000
14909.07 0.375156 0.000000 0.000000 0.375156 0.000000
14914.08 0.374933 0.000000 0.000000 0.374933 0.000000
14919.08 0.374710 0.000000 0.000000 0.374710 0.000000
14924.08 0.374487 0.000000 0.000000 0.374487 0.000000
14929.08 0.374264 0.000000 0.000000 0.374264 0.000000
14934.08 0.373771 0.000000 0.000000 0.374042 0.373771
14939.08 0.375751 0.000000 0.000000 0.373819 0.375751
14944.08 0.374806 0.000000 0.000000 0.373596 0.374806
14949.08 0.370730 0.000000 0.000000 0.373374 0.370730
14954.09 0.372752 0.000000 0.000000 0.373151 0.372752
14959.09 0.371836 0.000000 0.000000 0.372929 0.371836
14964.09 0.369710 0.000000 0.000000 0.372707 0.369710
14969.09 0.368451 0.000000 0.000000 0.372484 0.368451
14974.09 0.376403 0.000000 0.000000 0.372262 0.376403
14979.09 0.377621 0.000000 0.000000 0.372040 0.377621
14984.09 0.375761 0.000000 0.000000 0.371817 0.375761
14989.10 0.370931 0.000000 0.000000 0.371595 0.370931
14994.10 0.366137 0.000000 0.000000 0.371373 0.366137
14999.10 0.372510 0.000000 0.000000 0.371151 0.372510
15004.10 0.376248 0.000000 0.000000 0.370929 0.376248
15009.10 0.371038 0.000000 0.000000 0.370707 0.371038
15014.10 0.365322 0.000000 0.000000 0.370485 0.365322
15019.10 0.368230 0.000000 0.000000 0.370263 0.368230
15024.11 0.368100 0.000000 0.000000 0.370041 0.368100
15029.11 0.350102 0.000000 0.000000 0.369819 0.350102
15034.11 0.324587 0.000000 0.000000 0.369598 0.324587
15039.11 0.333980 0.000000 0.000000 0.369376 0.333980
15044.11 0.352445 0.000000 0.000000 0.369154 0.352445
15049.11 0.339134 0.000000 0.000000 0.368933 0.339134
15054.11 0.330999 0.000000 0.000000 0.368711 0.330999
15059.11 0.332977 0.000000 0.000000 0.368490 0.332977
15064.12 0.348967 0.000000 0.000000 0.368268 0.348967
15069.12 0.366400 0.000000 0.000000 0.368047 0.366400
15074.12 0.369982 0.000000 0.000000 0.367825 0.369982
15079.12 0.373567 0.000000 0.000000 0.367604 0.373567
15084.12 0.370536 0.000000 0.000000 0.367383 0.370536
15089.12 0.363982 0.000000 0.000000 0.367162 0.363982
15094.12 0.369276 0.000000 0.000000 0.366940 0.369276
15099.13 0.370662 0.000000 0.000000 0.366719 0.370662
15104.13 0.364601 0.000000 0.000000 0.366498 0.364601
15109.13 0.361125 0.000000 0.000000 0.366277 0.361125
15114.13 0.366955 0.000000 0.000000 0.366056 0.366955
15119.13 0.371456 0.000000 0.000000 0.365835 0.371456
15124.13 0.368980 0.000000 0.000000 0.365614 0.368980
15129.13 0.361952 0.000000 0.000000 0.365393 0.361952
15134.13 0.361872 0.000000 0.000000 0.365173 0.361872
15139.14 0.363189 0.000000 0.000000 0.364952 0.363189
15144.14 0.358265 0.000000 0.000000 0.364731 0.358265
15149.14 0.354258 0.000000 0.000000 0.364511 0.354258
15154.14 0.347396 0.000000 0.000000 0.364290 0.347396
15159.14 0.352162 0.000000 0.000000 0.364069 0.352162
15164.14 0.360991 0.000000 0.000000 0.363849 0.360991
15169.14 0.354208 0.000000 0.000000 0.363628 0.354208
15174.15 0.350997 0.000000 0.000000 0.363408 0.350997
15179.15 0.361764 0.000000 0.000000 0.363188 0.361764
15184.15 0.367223 0.000000 0.000000 0.362967 0.367223
15189.15 0.363828 0.000000 0.000000 0.362747 0.363828
15194.15 0.362188 0.000000 0.000000 0.362527 0.362188
15199.15 0.363330 0.000000 0.000000 0.362307 0.363330
15204.15 0.361861 0.000000 0.000000 0.362086 0.361861
15209.16 0.361204 0.000000 0.000000 0.361866 0.361204
15214.16 0.363278 0.000000 0.000000 0.361646 0.363278
15219.16 0.361605 0.000000 0.000000 0.361426 0.361605
15224.16 0.361974 0.000000 0.000000 0.361206 0.361974
15229.16 0.355478 0.000000 0.000000 0.360986 0.355478
15234.16 0.354902 0.000000 0.000000 0.360767 0.354902
15239.16 0.358893 0.000000 0.000000 0.360547 0.358893
15244.16 0.363891 0.000000 0.000000 0.360327 0.363891
15249.17 0.363556 0.000000 0.000000 0.360107 0.363556
15254.17 0.356156 0.000000 0.000000 0.359888 0.356156
15259.17 0.357431 0.000000 0.000000 0.359668 0.357431
15264.17 0.360438 0.000000 0.000000 0.359448 0.360438
15269.17 0.358590 0.000000 0.000000 0.359229 0.358590
15274.17 0.350632 0.000000 0.000000 0.359009 0.350632
15279.17 0.356317 0.000000 0.000000 0.358790 0.356317
15284.18 0.362140 0.000000 0.000000 0.358571 0.362140
15289.18 0.356714 0.000000 0.000000 0.358351 0.356714
15294.18 0.351468 0.000000 0.000000 0.358132 0.351468
15299.18 0.347371 0.000000 0.000000 0.357913 0.347371
15304.18 0.340553 0.000000 0.000000 0.357694 0.340553
15309.18 0.348634 0.000000 0.000000 0.357474 0.348634
15314.18 0.361125 0.000000 0.000000 0.357255 0.361125
15319.19 0.361792 0.000000 0.000000 0.357036 0.361792
15324.19 0.360981 0.000000 0.000000 0.356817 0.360981
15329.19 0.359299 0.000000 0.000000 0.356598 0.359299
15334.19 0.358302 0.000000 0.000000 0.356379 0.358302
15339.19 0.353329 0.000000 0.000000 0.356161 0.353329
15344.19 0.345406 0.000000 0.000000 0.355942 0.345406
15349.19 0.347614 0.000000 0.000000 0.355723 0.347614
15354.19 0.354288 0.000000 0.000000 0.355504 0.354288
15359.20 0.355371 0.000000 0.000000 0.355286 0.355371
15364.20 0.355471 0.000000 0.000000 0.355067 0.355471
15369.20 0.354521 0.000000 0.000000 0.354848 0.354521
15374.20 0.355550 0.000000 0.000000 0.354630 0.355550
15379.20 0.356911 0.000000 0.000000 0.354411 0.356911
15384.20 0.351064 0.000000 0.000000 0.354193 0.351064
15389.20 0.347802 0.000000 0.000000 0.353974 0.347802
15394.21 0.349979 0.000000 0.000000 0.353756 0.349979
15399.21 0.348980 0.000000 0.000000 0.353538 0.348980
15404.21 0.344409 0.000000 0.000000 0.353320 0.344409
15409.21 0.344234 0.000000 0.000000 0.353101 0.344234
15414.21 0.349015 0.000000 0.000000 0.352883 0.349015
15419.21 0.350807 0.000000 0.000000 0.352665 0.350807
15424.21 0.353566 0.000000 0.000000 0.352447 0.353566
15429.22 0.348368 0.000000 0.000000 0.352229 0.348368
15434.22 0.342541 0.000000 0.000000 0.352011 0.342541
15439.22 0.346958 0.000000 0.000000 0.351793 0.346958
15444.22 0.350018 0.000000 0.000000 0.351575 0.350018
15449.22 0.351547 0.000000 0.000000 0.351357 0.351547
15454.22 0.356417 0.000000 0.000000 0.351140 0.356417
15459.22 0.356390 0.000000 0.000000 0.350922 0.356390
15464.22 0.353817 0.000000 0.000000 0.350704 0.353817
15469.23 0.349844 0.000000 0.000000 0.350487 0.349844
15474.23 0.351480 0.000000 0.000000 0.350269 0.351480
15479.23 0.354250 0.000000 0.000000 0.350051 0.354250
15484.23 0.351964 0.000000 0.000000 0.349834 0.351964
15489.23 0.351510 0.000000 0.000000 0.349616 0.351510
15494.23 0.353614 0.000000 0.000000 0.349399 0.353614
15499.23 0.350829 0.000000 0.000000 0.349182 0.350829
15504.24 0.346428 0.000000 0.000000 0.348964 0.346428
15509.24 0.340960 0.000000 0.000000 0.348747 0.340960
15514.24 0.341644 0.000000 0.000000 0.348530 0.341644
15519.24 0.346566 0.000000 0.000000 0.348313 0.346566
15524.24 0.348612 0.000000 0.000000 0.348095 0.348612
15529.24 0.352017 0.000000 0.000000 0.347878 0.352017
15534.24 0.354126 0.000000 0.000000 0.347661 0.354126
15539.25 0.348727 0.000000 0.000000 0.347444 0.348727
15544.25 0.336316 0.000000 0.000000 0.347227 0.336316
15549.25 0.331574 0.000000 0.000000 0.347011 0.331574
15554.25 0.336405 0.000000 0.000000 0.346794 0.336405
15559.25 0.343259 0.000000 0.000000 0.346577 0.343259
15564.25 0.332532 0.000000 0.000000 0.346360 0.332532
15569.25 0.328320 0.000000 0.000000 0.346143 0.328320
15574.25 0.339659 0.000000 0.000000 0.345927 0.339659
15579.26 0.344819 0.000000 0.000000 0.345710 0.344819
15584.26 0.343098 0.000000 0.000000 0.345493 0.343098
15589.26 0.341096 0.000000 0.000000 0.345277 0.341096
15594.26 0.342541 0.000000 0.000000 0.345060 0.342541
15599.26 0.334191 0.000000 0.000000 0.344844 0.334191
15604.26 0.334044 0.000000 0.000000 0.344628 0.334044
15609.26 0.343682 0.000000 0.000000 0.344411 0.343682
15614.27 0.342363 0.000000 0.000000 0.344195 0.342363
15619.27 0.343645 0.000000 0.000000 0.343979 0.343645
15624.27 0.344787 0.000000 0.000000 0.343763 0.344787
15629.27 0.341807 0.000000 0.000000 0.343546 0.341807
15634.27 0.339597 0.000000 0.000000 0.343330 0.339597
15639.27 0.339724 0.000000 0.000000 0.343114 0.339724
15644.27 0.340572 0.000000 0.000000 0.342898 0.340572
15649.28 0.348279 0.000000 0.000000 0.342682 0.348279
15654.28 0.347600 0.000000 0.000000 0.342466 0.347600
15659.28 0.343493 0.000000 0.000000 0.342250 0.343493
15664.28 0.346069 0.000000 0.000000 0.342034 0.346069
15669.28 0.345116 0.000000 0.000000 0.341819 0.345116
15674.28 0.342605 0.000000 0.000000 0.341603 0.342605
15679.28 0.347056 0.000000 0.000000 0.341387 0.347056
15684.28 0.342174 0.000000 0.000000 0.341172 0.342174
15689.29 0.337981 0.000000 0.000000 0.340956 0.337981
15694.29 0.337173 0.000000 0.000000 0.340740 0.337173
15699.29 0.328627 0.000000 0.000000 0.340525 0.328627
15704.29 0.325737 0.000000 0.000000 0.340309 0.325737
15709.29 0.335025 0.000000 0.000000 0.340094 0.335025
15714.29 0.343162 0.000000 0.000000 0.339879 0.343162
15719.29 0.344507 0.000000 0.000000 0.339663 0.344507
15724.30 0.338549 0.000000 0.000000 0.339448 0.338549
15729.30 0.337733 0.000000 0.000000 0.339233 0.337733
15734.30 0.335311 0.000000 0.000000 0.339018 0.335311
15739.30 0.334787 0.000000 0.000000 0.338802 0.334787
15744.30 0.334156 0.000000 0.000000 0.338587 0.334156
15749.30 0.323137 0.000000 0.000000 0.338372 0.323137
15754.30 0.315758 0.000000 0.000000 0.338157 0.315758
15759.30 0.312102 0.000000 0.000000 0.337942 0.312102
15764.31 0.320737 0.000000 0.000000 0.337727 0.320737
15769.31 0.325334 0.000000 0.000000 0.337512 0.325334
15774.31 0.303105 0.000000 0.000000 0.337298 0.303105
15779.31 0.290211 0.000000 0.000000 0.337083 0.290211
15784.31 0.304579 0.000000 0.000000 0.336868 0.304579
15789.31 0.318511 0.000000 0.000000 0.336653 0.318511
15794.31 0.326026 0.000000 0.000000 0.336439 0.326026
15799.32 0.328208 0.000000 0.000000 0.336224 0.328208
15804.32 0.331138 0.000000 0.000000 0.336010 0.331138
15809.32 0.331887 0.000000 0.000000 0.335795 0.331887
15814.32 0.336685 0.000000 0.000000 0.335581 0.336685
15819.32 0.336908 0.000000 0.000000 0.335366 0.336908
15824.32 0.330354 0.000000 0.000000 0.335152 0.330354
15829.32 0.321763 0.000000 0.000000 0.334938 0.321763
15834.33 0.325244 0.000000 0.000000 0.334723 0.325244
15839.33 0.329502 0.000000 0.000000 0.334509 0.329502
15844.33 0.319639 0.000000 0.000000 0.334295 0.319639
15849.33 0.323441 0.000000 0.000000 0.334081 0.323441
15854.33 0.336430 0.000000 0.000000 0.333867 0.336430
15859.33 0.336108 0.000000 0.000000 0.333653 0.336108
15864.33 0.334795 0.000000 0.000000 0.333439 0.334795
15869.33 0.344756 0.000000 0.000000 0.333225 0.344756
15874.34 0.338185 0.000000 0.000000 0.333011 0.338185
15879.34 0.333655 0.000000 0.000000 0.332797 0.333655
15884.34 0.332549 0.000000 0.000000 0.332583 0.332549
15889.34 0.320419 0.000000 0.000000 0.332369 0.320419
15894.34 0.299540 0.000000 0.000000 0.332155 0.299540
15899.34 0.281410 0.000000 0.000000 0.331942 0.281410
15904.34 0.284352 0.000000 0.000000 0.331728 0.284352
15909.35 0.304028 0.000000 0.000000 0.331514 0.304028
15914.35 0.315904 0.000000 0.000000 0.331301 0.315904
15919.35 0.317194 0.000000 0.000000 0.331087 0.317194
15924.35 0.318083 0.000000 0.000000 0.330874 0.318083
15929.35 0.326321 0.000000 0.000000 0.330661 0.326321
15934.35 0.328412 0.000000 0.000000 0.330447 0.328412
15939.35 0.331281 0.000000 0.000000 0.330234 0.331281
15944.36 0.333486 0.000000 0.000000 0.330021 0.333486
15949.36 0.329314 0.000000 0.000000 0.329807 0.329314
15954.36 0.322822 0.000000 0.000000 0.329594 0.322822
15959.36 0.327320 0.000000 0.000000 0.329381 0.327320
15964.36 0.320715 0.000000 0.000000 0.329168 0.320715
15969.36 0.305267 0.000000 0.000000 0.328955 0.305267
15974.36 0.299973 0.000000 0.000000 0.328742 0.299973
15979.36 0.307195 0.000000 0.000000 0.328529 0.307195
15984.37 0.315691 0.000000 0.000000 0.328316 0.315691
15989.37 0.302382 0.000000 0.000000 0.328103 0.302382
15994.37 0.296319 0.000000 0.000000 0.327890 0.296319
15999.37 0.311282 0.000000 0.000000 0.327677 0.311282
16004.37 0.315828 0.000000 0.000000 0.327465 0.315828
16009.37 0.314295 0.000000 0.000000 0.327252 0.314295
16014.37 0.310497 0.000000 0.000000 0.327039 0.310497
16019.38 0.299712 0.000000 0.000000 0.326827 0.299712
16024.38 0.307010 0.000000 0.000000 0.326614 0.307010
16029.38 0.317170 0.000000 0.000000 0.326402 0.317170
16034.38 0.319912 0.000000 0.000000 0.326189 0.319912
16039.38 0.321858 0.000000 0.000000 0.325977 0.321858
16044.38 0.320502 0.000000 0.000000 0.325764 0.320502
16049.38 0.308155 0.000000 0.000000 0.325552 0.308155
16054.39 0.304698 0.000000 0.000000 0.325340 0.304698
16059.39 0.316615 0.000000 0.000000 0.325128 0.316615
16064.39 0.320057 0.000000 0.000000 0.324915 0.320057
16069.39 0.316161 0.000000 0.000000 0.324703 0.316161
16074.39 0.313903 0.000000 0.000000 0.324491 0.313903
16079.39 0.318238 0.000000 0.000000 0.324279 0.318238
16084.39 0.312627 0.000000 0.000000 0.324067 0.312627
16089.39 0.317275 0.000000 0.000000 0.323855 0.317275
16094.40 0.327674 0.000000 0.000000 0.323643 0.327674
16099.40 0.325797 0.000000 0.000000 0.323431 0.325797
16104.40 0.316447 0.000000 0.000000 0.323219 0.316447
16109.40 0.312287 0.000000 0.000000 0.323008 0.312287
16114.40 0.315786 0.000000 0.000000 0.322796 0.315786
16119.40 0.319149 0.000000 0.000000 0.322584 0.319149
16124.40 0.318978 0.000000 0.000000 0.322373 0.318978
16129.41 0.318566 0.000000 0.000000 0.322161 0.318566
16134.41 0.319164 0.000000 0.000000 0.321949 0.319164
16139.41 0.319241 0.000000 0.000000 0.321738 0.319241
16144.41 0.324558 0.000000 0.000000 0.321526 0.324558
16149.41 0.326535 0.000000 0.000000 0.321315 0.326535
16154.41 0.331924 0.000000 0.000000 0.321104 0.331924
16159.41 0.328721 0.000000 0.000000 0.320892 0.328721
16164.42 0.317960 0.000000 0.000000 0.320681 0.317960
16169.42 0.316483 0.000000 0.000000 0.320470 0.316483
16174.42 0.316838 0.000000 0.000000 0.320258 0.316838
16179.42 0.320426 0.000000 0.000000 0.320047 0.320426
16184.42 0.325882 0.000000 0.000000 0.319836 0.325882
16189.42 0.319294 0.000000 0.000000 0.319625 0.319294
16194.42 0.308706 0.000000 0.000000 0.319414 0.308706
16199.42 0.299434 0.000000 0.000000 0.319203 0.299434
16204.43 0.300915 0.000000 0.000000 0.318992 0.300915
16209.43 0.298568 0.000000 0.000000 0.318781 0.298568
16214.43 0.299546 0.000000 0.000000 0.318570 0.299546
16219.43 0.302157 0.000000 0.000000 0.318360 0.302157
16224.43 0.305782 0.000000 0.000000 0.318149 0.305782
16229.43 0.308565 0.000000 0.000000 0.317938 0.308565
16234.43 0.316120 0.000000 0.000000 0.317727 0.316120
16239.44 0.314657 0.000000 0.000000 0.317517 0.314657
16244.44 0.312948 0.000000 0.000000 0.317306 0.312948
16249.44 0.312725 0.000000 0.000000 0.317096 0.312725
16254.44 0.308016 0.000000 0.000000 0.316885 0.308016
16259.44 0.309198 0.000000 0.000000 0.316675 0.309198
16264.44 0.312384 0.000000 0.000000 0.316464 0.312384
16269.44 0.316006 0.000000 0.000000 0.316254 0.316006
16274.45 0.319274 0.000000 0.000000 0.316044 0.319274
16279.45 0.322036 0.000000 0.000000 0.315833 0.322036
16284.45 0.322859 0.000000 0.000000 0.315623 0.322859
16289.45 0.320988 0.000000 0.000000 0.315413 0.320988
16294.45 0.317905 0.000000 0.000000 0.315203 0.317905
16299.45 0.318420 0.000000 0.000000 0.314993 0.318420
16304.45 0.318894 0.000000 0.000000 0.314783 0.318894
16309.45 0.319294 0.000000 0.000000 0.314573 0.319294
16314.46 0.320316 0.000000 0.000000 0.314363 0.320316
16319.46 0.316112 0.000000 0.000000 0.314153 0.316112
16324.46 0.309111 0.000000 0.000000 0.313943 0.309111
16329.46 0.306556 0.000000 0.000000 0.313733 0.306556
16334.46 0.308867 0.000000 0.000000 0.313523 0.308867
16339.46 0.312016 0.000000 0.000000 0.313314 0.312016
16344.46 0.314561 0.000000 0.000000 0.313104 0.314561
16349.47 0.316705 0.000000 0.000000 0.312894 0.316705
16354.47 0.319322 0.000000 0.000000 0.312685 0.319322
16359.47 0.316131 0.000000 0.000000 0.312475 0.316131
16364.47 0.310921 0.000000 0.000000 0.312265 0.310921
16369.47 0.311116 0.000000 0.000000 0.312056 0.311116
16374.47 0.302933 0.000000 0.000000 0.311847 0.302933
16379.47 0.304027 0.000000 0.000000 0.311637 0.304027
16384.47 0.311568 0.000000 0.000000 0.311428 0.311568
16389.48 0.295645 0.000000 0.000000 0.311219 0.295645
16394.48 0.285394 0.000000 0.000000 0.311009 0.285394
16399.48 0.306122 0.000000 0.000000 0.310800 0.306122
16404.48 0.301853 0.000000 0.000000 0.310591 0.301853
16409.48 0.285047 0.000000 0.000000 0.310382 0.285047
16414.48 0.282645 0.000000 0.000000 0.310173 0.282645
16419.48 0.282542 0.000000 0.000000 0.309964 0.282542
16424.49 0.293548 0.000000 0.000000 0.309755 0.293548
16429.49 0.304047 0.000000 0.000000 0.309546 0.304047
16434.49 0.305449 0.000000 0.000000 0.309337 0.305449
16439.49 0.300710 0.000000 0.000000 0.309128 0.300710
16444.49 0.299106 0.000000 0.000000 0.308919 0.299106
16449.49 0.299375 0.000000 0.000000 0.308711 0.299375
16454.49 0.295749 0.000000 0.000000 0.308502 0.295749
16459.50 0.297783 0.000000 0.000000 0.308293 0.297783
16464.50 0.302428 0.000000 0.000000 0.308085 0.302428
16469.50 0.306301 0.000000 0.000000 0.307876 0.306301
16474.50 0.310723 0.000000 0.000000 0.307667 0.310723
16479.50 0.306732 0.000000 0.000000 0.307459 0.306732
16484.50 0.301505 0.000000 0.000000 0.307251 0.301505
16489.50 0.302835 0.000000 0.000000 0.307042 0.302835
16494.50 0.301959 0.000000 0.000000 0.306834 0.301959
16499.51 0.300943 0.000000 0.000000 0.306626 0.300943
16504.51 0.305778 0.000000 0.000000 0.306417 0.305778
16509.51 0.310136 0.000000 0.000000 0.306209 0.310136
16514.51 0.309785 0.000000 0.000000 0.306001 0.309785
16519.51 0.309590 0.000000 0.000000 0.305793 0.309590
16524.51 0.307792 0.000000 0.000000 0.305585 0.307792
16529.51 0.296791 0.000000 0.000000 0.305377 0.296791
16534.52 0.289827 0.000000 0.000000 0.305169 0.289827
16539.52 0.297434 0.000000 0.000000 0.304961 0.297434
16544.52 0.298387 0.000000 0.000000 0.304753 0.298387
16549.52 0.292575 0.000000 0.000000 0.304545 0.292575
16554.52 0.295424 0.000000 0.000000 0.304337 0.295424
16559.52 0.303678 0.000000 0.000000 0.304130 0.303678
16564.52 0.305522 0.000000 0.000000 0.303922 0.305522
16569.53 0.302276 0.000000 0.000000 0.303714 0.302276
16574.53 0.302179 0.000000 0.000000 0.303507 0.302179
16579.53 0.307396 0.000000 0.000000 0.303299 0.307396
16584.53 0.308419 0.000000 0.000000 0.303092 0.308419
16589.53 0.306340 0.000000 0.000000 0.302884 0.306340
16594.53 0.302563 0.000000 0.000000 0.302677 0.302563
16599.53 0.301759 0.000000 0.000000 0.302470 0.301759
16604.53 0.302319 0.000000 0.000000 0.302262 0.302319
16609.54 0.302472 0.000000 0.000000 0.302055 0.302472
16614.54 0.303261 0.000000 0.000000 0.301848 0.303261
16619.54 0.297170 0.000000 0.000000 0.301641 0.297170
16624.54 0.290265 0.000000 0.000000 0.301434 0.290265
16629.54 0.289870 0.000000 0.000000 0.301226 0.289870
16634.54 0.291053 0.000000 0.000000 0.301019 0.291053
16639.54 0.292341 0.000000 0.000000 0.300812 0.292341
16644.55 0.292962 0.000000 0.000000 0.300606 0.292962
16649.55 0.297122 0.000000 0.000000 0.300399 0.297122
16654.55 0.297213 0.000000 0.000000 0.300192 0.297213
16659.55 0.292490 0.000000 0.000000 0.299985 0.292490
16664.55 0.286865 0.000000 0.000000 0.299778 0.286865
16669.55 0.286214 0.000000 0.000000 0.299572 0.286214
16674.55 0.285287 0.000000 0.000000 0.299365 0.285287
16679.56 0.289700 0.000000 0.000000 0.299158 0.289700
16684.56 0.292735 0.000000 0.000000 0.298952 0.292735
16689.56 0.284492 0.000000 0.000000 0.298745 0.284492
16694.56 0.282800 0.000000 0.000000 0.298539 0.282800
16699.56 0.290879 0.000000 0.000000 0.298332 0.290879
16704.56 0.293709 0.000000 0.000000 0.298126 0.293709
16709.56 0.296258 0.000000 0.000000 0.297920 0.296258
16714.56 0.296425 0.000000 0.000000 0.297714 0.296425
16719.57 0.293656 0.000000 0.000000 0.297507 0.293656
16724.57 0.284066 0.000000 0.000000 0.297301 0.284066
16729.57 0.276459 0.000000 0.000000 0.297095 0.276459
16734.57 0.275861 0.000000 0.000000 0.296889 0.275861
16739.57 0.285312 0.000000 0.000000 0.296683 0.285312
16744.57 0.292386 0.000000 0.000000 0.296477 0.292386
16749.57 0.295589 0.000000 0.000000 0.296271 0.295589
16754.58 0.291620 0.000000 0.000000 0.296065 0.291620
16759.58 0.277792 0.000000 0.000000 0.295859 0.277792
16764.58 0.271178 0.000000 0.000000 0.295654 0.271178
16769.58 0.283965 0.000000 0.000000 0.295448 0.283965
16774.58 0.285851 0.000000 0.000000 0.295242 0.285851
16779.58 0.292800 0.000000 0.000000 0.295037 0.292800
16784.58 0.297556 0.000000 0.000000 0.294831 0.297556
16789.59 0.296068 0.000000 0.000000 0.294626 0.296068
16794.59 0.294244 0.000000 0.000000 0.294420 0.294244
16799.59 0.294833 0.000000 0.000000 0.294215 0.294833
16804.59 0.295010 0.000000 0.000000 0.294009 0.295010
16809.59 0.297515 0.000000 0.000000 0.293804 0.297515
16814.59 0.293134 0.000000 0.000000 0.293599 0.293134
16819.59 0.286561 0.000000 0.000000 0.293394 0.286561
16824.59 0.291538 0.000000 0.000000 0.293188 0.291538
16829.60 0.292248 0.000000 0.000000 0.292983 0.292248
16834.60 0.293235 0.000000 0.000000 0.292778 0.293235
16839.60 0.294811 0.000000 0.000000 0.292573 0.294811
16844.60 0.292553 0.000000 0.000000 0.292368 0.292553
16849.60 0.287306 0.000000 0.000000 0.292163 0.287306
16854.60 0.289117 0.000000 0.000000 0.291958 0.289117
16859.60 0.292914 0.000000 0.000000 0.291754 0.292914
16864.61 0.293897 0.000000 0.000000 0.291549 0.293897
16869.61 0.291475 0.000000 0.000000 0.291344 0.291475
16874.61 0.286783 0.000000 0.000000 0.291139 0.286783
16879.61 0.284764 0.000000 0.000000 0.290935 0.284764
16884.61 0.287285 0.000000 0.000000 0.290730 0.287285
16889.61 0.288460 0.000000 0.000000 0.290526 0.288460
16894.61 0.288063 0.000000 0.000000 0.290321 0.288063
16899.62 0.284158 0.000000 0.000000 0.290117 0.284158
16904.62 0.282988 0.000000 0.000000 0.289912 0.282988
16909.62 0.286066 0.000000 0.000000 0.289708 0.286066
16914.62 0.286075 0.000000 0.000000 0.289504 0.286075
16919.62 0.287058 0.000000 0.000000 0.289300 0.287058
16924.62 0.289656 0.000000 0.000000 0.289095 0.289656
16929.62 0.291376 0.000000 0.000000 0.288891 0.291376
16934.62 0.290719 0.000000 0.000000 0.288687 0.290719
16939.63 0.285083 0.000000 0.000000 0.288483 0.285083
16944.63 0.285932 0.000000 0.000000 0.288279 0.285932
16949.63 0.288867 0.000000 0.000000 0.288075 0.288867
16954.63 0.287801 0.000000 0.000000 0.287872 0.287801
16959.63 0.285713 0.000000 0.000000 0.287668 0.285713
16964.63 0.285251 0.000000 0.000000 0.287464 0.285251
16969.63 0.278650 0.000000 0.000000 0.287260 0.278650
16974.64 0.275028 0.000000 0.000000 0.287057 0.275028
16979.64 0.278918 0.000000 0.000000 0.286853 0.278918
16984.64 0.280878 0.000000 0.000000 0.286649 0.280878
16989.64 0.284671 0.000000 0.000000 0.286446 0.284671
16994.64 0.285715 0.000000 0.000000 0.286243 0.285715
16999.64 0.284445 0.000000 0.000000 0.286039 0.284445
17004.64 0.280572 0.000000 0.000000 0.285836 0.280572
17009.65 0.276223 0.000000 0.000000 0.285632 0.276223
17014.65 0.275791 0.000000 0.000000 0.285429 0.275791
17019.65 0.275778 0.000000 0.000000 0.285226 0.275778
17024.65 0.279722 0.000000 0.000000 0.285023 0.279722
17029.65 0.283873 0.000000 0.000000 0.284820 0.283873
17034.65 0.285463 0.000000 0.000000 0.284617 0.285463
17039.65 0.285741 0.000000 0.000000 0.284414 0.285741
17044.65 0.285921 0.000000 0.000000 0.284211 0.285921
17049.66 0.285450 0.000000 0.000000 0.284008 0.285450
17054.66 0.287057 0.000000 0.000000 0.283805 0.287057
17059.66 0.285468 0.000000 0.000000 0.283602 0.285468
17064.66 0.282887 0.000000 0.000000 0.283400 0.282887
17069.66 0.281078 0.000000 0.000000 0.283197 0.281078
17074.66 0.274145 0.000000 0.000000 0.282994 0.274145
17079.66 0.271663 0.000000 0.000000 0.282792 0.271663
17084.67 0.275919 0.000000 0.000000 0.282589 0.275919
17089.67 0.279103 0.000000 0.000000 0.282387 0.279103
17094.67 0.282556 0.000000 0.000000 0.282184 0.282556
17099.67 0.282070 0.000000 0.000000 0.281982 0.282070
17104.67 0.280758 0.000000 0.000000 0.281780 0.280758
17109.67 0.275236 0.000000 0.000000 0.281578 0.275236
17114.67 0.265537 0.000000 0.000000 0.281375 0.265537
17119.67 0.249925 0.000000 0.000000 0.281173 0.249925
17124.68 0.260580 0.000000 0.000000 0.280971 0.260580
17129.68 0.279287 0.000000 0.000000 0.280769 0.279287
17134.68 0.283871 0.000000 0.000000 0.280567 0.283871
17139.68 0.284591 0.000000 0.000000 0.280365 0.284591
17144.68 0.283504 0.000000 0.000000 0.280163 0.283504
17149.68 0.283144 0.000000 0.000000 0.279961 0.283144
17154.68 0.283817 0.000000 0.000000 0.279760 0.283817
17159.69 0.285744 0.000000 0.000000 0.279558 0.285744
17164.69 0.284449 0.000000 0.000000 0.279356 0.284449
17169.69 0.280710 0.000000 0.000000 0.279155 0.280710
17174.69 0.277713 0.000000 0.000000 0.278953 0.277713
17179.69 0.280006 0.000000 0.000000 0.278752 0.280006
17184.69 0.281078 0.000000 0.000000 0.278550 0.281078
17189.69 0.281363 0.000000 0.000000 0.278349 0.281363
17194.70 0.281031 0.000000 0.000000 0.278148 0.281031
17199.70 0.280573 0.000000 0.000000 0.277946 0.280573
17204.70 0.281026 0.000000 0.000000 0.277745 0.281026
17209.70 0.280725 0.000000 0.000000 0.277544 0.280725
17214.70 0.274748 0.000000 0.000000 0.277343 0.274748
17219.70 0.274176 0.000000 0.000000 0.277142 0.274176
17224.70 0.278554 0.000000 0.000000 0.276941 0.278554
17229.70 0.277645 0.000000 0.000000 0.276740 0.277645
17234.71 0.272879 0.000000 0.000000 0.276539 0.272879
17239.71 0.270577 0.000000 0.000000 0.276338 0.270577
17244.71 0.273518 0.000000 0.000000 0.276137 0.273518
17249.71 0.274279 0.000000 0.000000 0.275936 0.274279
17254.71 0.275562 0.000000 0.000000 0.275736 0.275562
17259.71 0.278173 0.000000 0.000000 0.275535 0.278173
17264.71 0.277618 0.000000 0.000000 0.275334 0.277618
17269.72 0.276603 0.000000 0.000000 0.275134 0.276603
17274.72 0.277422 0.000000 0.000000 0.274933 0.277422
17279.72 0.279970 0.000000 0.000000 0.274733 0.279970
17284.72 0.276729 0.000000 0.000000 0.274533 0.276729
17289.72 0.272856 0.000000 0.000000 0.274332 0.272856
17294.72 0.274503 0.000000 0.000000 0.274132 0.274503
17299.72 0.275050 0.000000 0.000000 0.273932 0.275050
17304.73 0.270250 0.000000 0.000000 0.273732 0.270250
17309.73 0.267264 0.000000 0.000000 0.273532 0.267264
17314.73 0.265730 0.000000 0.000000 0.273332 0.265730
17319.73 0.266333 0.000000 0.000000 0.273132 0.266333
17324.73 0.269567 0.000000 0.000000 0.272932 0.269567
17329.73 0.270650 0.000000 0.000000 0.272732 0.270650
17334.73 0.261210 0.000000 0.000000 0.272532 0.261210
17339.73 0.256262 0.000000 0.000000 0.272332 0.256262
17344.74 0.264464 0.000000 0.000000 0.272133 0.264464
17349.74 0.263011 0.000000 0.000000 0.271933 0.263011
17354.74 0.265622 0.000000 0.000000 0.271733 0.265622
17359.74 0.269190 0.000000 0.000000 0.271534 0.269190
17364.74 0.270333 0.000000 0.000000 0.271334 0.270333
17369.74 0.263291 0.000000 0.000000 0.271135 0.263291
17374.74 0.258904 0.000000 0.000000 0.270936 0.258904
17379.75 0.263687 0.000000 0.000000 0.270736 0.263687
17384.75 0.267603 0.000000 0.000000 0.270537 0.267603
17389.75 0.269082 0.000000 0.000000 0.270338 0.269082
17394.75 0.268783 0.000000 0.000000 0.270139 0.268783
17399.75 0.268246 0.000000 0.000000 0.269940 0.268246
17404.75 0.269712 0.000000 0.000000 0.269740 0.269712
17409.75 0.268020 0.000000 0.000000 0.269542 0.268020
17414.76 0.260588 0.000000 0.000000 0.269343 0.260588
17419.76 0.258514 0.000000 0.000000 0.269144 0.258514
17424.76 0.264466 0.000000 0.000000 0.268945 0.264466
17429.76 0.269994 0.000000 0.000000 0.268746 0.269994
17434.76 0.268066 0.000000 0.000000 0.268547 0.268066
17439.76 0.264929 0.000000 0.000000 0.268349 0.264929
17444.76 0.269746 0.000000 0.000000 0.268150 0.269746
17449.76 0.273942 0.000000 0.000000 0.267952 0.273942
17454.77 0.273396 0.000000 0.000000 0.267753 0.273396
17459.77 0.269000 0.000000 0.000000 0.267555 0.269000
17464.77 0.266525 0.000000 0.000000 0.267356 0.266525
17469.77 0.269134 0.000000 0.000000 0.267158 0.269134
17474.77 0.268898 0.000000 0.000000 0.266960 0.268898
17479.77 0.264880 0.000000 0.000000 0.266762 0.264880
17484.77 0.266861 0.000000 0.000000 0.266564 0.266861
17489.78 0.265795 0.000000 0.000000 0.266366 0.265795
17494.78 0.269886 0.000000 0.000000 0.266168 0.269886
17499.78 0.272460 0.000000 0.000000 0.265970 0.272460
17504.78 0.269501 0.000000 0.000000 0.265772 0.269501
17509.78 0.267085 0.000000 0.000000 0.265574 0.267085
17514.78 0.265687 0.000000 0.000000 0.265376 0.265687
17519.78 0.263727 0.000000 0.000000 0.265178 0.263727
17524.79 0.264368 0.000000 0.000000 0.264981 0.264368
17529.79 0.258320 0.000000 0.000000 0.264783 0.258320
17534.79 0.257226 0.000000 0.000000 0.264585 0.257226
17539.79 0.261157 0.000000 0.000000 0.264388 0.261157
17544.79 0.264089 0.000000 0.000000 0.264191 0.264089
17549.79 0.263982 0.000000 0.000000 0.263993 0.263982
17554.79 0.263796 0.000000 0.000000 0.263796 0.263796
17559.79 0.263599 0.000000 0.000000 0.263599 0.263599
17564.80 0.263401 0.000000 0.000000 0.263401 0.263401
17569.80 0.263204 0.000000 0.000000 0.263204 0.263204
17574.80 0.263007 0.000000 0.000000 0.263007 0.263007
17579.80 0.262810 0.000000 0.000000 0.262810 0.262810
17584.80 0.262613 0.000000 0.000000 0.262613 0.262613
17589.80 0.262416 0.000000 0.000000 0.262416 0.262416
17594.80 0.262219 0.000000 0.000000 0.262219 0.262219
17599.81 0.262022 0.000000 0.000000 0.262022 0.262022
17604.81 0.261826 0.000000 0.000000 0.261826 0.261826
17609.81 0.261629 0.000000 0.000000 0.261629 0.261629
17614.81 0.261432 0.000000 0.000000 0.261432 0.261432
17619.81 0.261236 0.000000 0.000000 0.261236 0.261236
17624.81 0.261039 0.000000 0.000000 0.261039 0.261039
17629.81 0.260843 0.000000 0.000000 0.260843 0.260843
17634.82 0.260646 0.000000 0.000000 0.260646 0.260646
17639.82 0.260450 0.000000 0.000000 0.260450 0.260450
17644.82 0.260254 0.000000 0.000000 0.260254 0.260254
17649.82 0.260058 0.000000 0.000000 0.260058 0.260058
17654.82 0.259861 0.000000 0.000000 0.259861 0.259861
17659.82 0.259665 0.000000 0.000000 0.259665 0.259665
17664.82 0.259469 0.000000 0.000000 0.259469 0.259469
17669.82 0.259273 0.000000 0.000000 0.259273 0.259273
17674.83 0.259077 0.000000 0.000000 0.259077 0.259077
17679.83 0.258882 0.000000 0.000000 0.258882 0.258882
17684.83 0.258686 0.000000 0.000000 0.258686 0.258686
17689.83 0.258490 0.000000 0.000000 0.258490 0.258490
17694.83 0.258294 0.000000 0.000000 0.258294 0.258294
17699.83 0.258099 0.000000 0.000000 0.258099 0.258099
17704.83 0.257903 0.000000 0.000000 0.257903 0.257903
17709.84 0.257708 0.000000 0.000000 0.257708 0.257708
17714.84 0.257512 0.000000 0.000000 0.257512 0.257512
17719.84 0.257317 0.000000 0.000000 0.257317 0.257317
17724.84 0.257121 0.000000 0.000000 0.257121 0.257121
17729.84 0.256926 0.000000 0.000000 0.256926 0.256926
17734.84 0.256731 0.000000 0.000000 0.256731 0.256731
17739.84 0.256536 0.000000 0.000000 0.256536 0.256536
17744.85 0.256341 0.000000 0.000000 0.256341 0.256341
17749.85 0.256146 0.000000 0.000000 0.256146 0.256146
17754.85 0.255951 0.000000 0.000000 0.255951 0.255951
17759.85 0.255756 0.000000 0.000000 0.255756 0.255756
17764.85 0.255561 0.000000 0.000000 0.255561 0.255561
17769.85 0.255366 0.000000 0.000000 0.255366 0.255366
17774.85 0.255171 0.000000 0.000000 0.255171 0.255171
17779.85 0.254977 0.000000 0.000000 0.254977 0.254977
17784.86 0.254782 0.000000 0.000000 0.254782 0.254782
17789.86 0.254588 0.000000 0.000000 0.254588 0.254588
17794.86 0.254393 0.000000 0.000000 0.254393 0.254393
17799.86 0.254199 0.000000 0.000000 0.254199 0.254199
17804.86 0.254004 0.000000 0.000000 0.254004 0.254004
17809.86 0.253810 0.000000 0.000000 0.253810 0.253810
17814.86 0.253616 0.000000 0.000000 0.253616 0.253616
17819.87 0.253422 0.000000 0.000000 0.253422 0.253422
17824.87 0.253227 0.000000 0.000000 0.253227 0.253227
17829.87 0.253033 0.000000 0.000000 0.253033 0.253033
17834.87 0.252839 0.000000 0.000000 0.252839 0.252839
17839.87 0.252645 0.000000 0.000000 0.252645 0.252645
17844.87 0.252452 0.000000 0.000000 0.252452 0.252452
17849.87 0.252258 0.000000 0.000000 0.252258 0.252258
17854.87 0.252064 0.000000 0.000000 0.252064 0.252064
17859.88 0.251870 0.000000 0.000000 0.251870 0.251870
17864.88 0.251677 0.000000 0.000000 0.251677 0.251677
17869.88 0.251483 0.000000 0.000000 0.251483 0.251483
17874.88 0.251289 0.000000 0.000000 0.251289 0.251289
17879.88 0.251096 0.000000 0.000000 0.251096 0.251096
17884.88 0.250903 0.000000 0.000000 0.250903 0.250903
17889.88 0.250709 0.000000 0.000000 0.250709 0.250709
17894.89 0.250516 0.000000 0.000000 0.250516 0.250516
17899.89 0.250323 0.000000 0.000000 0.250323 0.250323
17904.89 0.250130 0.000000 0.000000 0.250130 0.250130
17909.89 0.249937 0.000000 0.000000 0.249937 0.249937
17914.89 0.249744 0.000000 0.000000 0.249744 0.249744
17919.89 0.249551 0.000000 0.000000 0.249551 0.249551
17924.89 0.249358 0.000000 0.000000 0.249358 0.249358
17929.90 0.249165 0.000000 0.000000 0.249165 0.249165
17934.90 0.248972 0.000000 0.000000 0.248972 0.248972
17939.90 0.248779 0.000000 0.000000 0.248779 0.248779
17944.90 0.248587 0.000000 0.000000 0.248587 0.248587
17949.90 0.248394 0.000000 0.000000 0.248394 0.248394
17954.90 0.248202 0.000000 0.000000 0.248202 0.248202
17959.90 0.248009 0.000000 0.000000 0.248009 0.248009
17964.90 0.247817 0.000000 0.000000 0.247817 0.247817
17969.91 0.247624 0.000000 0.000000 0.247624 0.247624
17974.91 0.247432 0.000000 0.000000 0.247432 0.247432
17979.91 0.247240 0.000000 0.000000 0.247240 0.247240
17984.91 0.247048 0.000000 0.000000 0.247048 0.247048
17989.91 0.246856 0.000000 0.000000 0.246856 0.246856
17994.91 0.246663 0.000000 0.000000 0.246663 0.246663
17999.91 0.246472 0.000000 0.000000 0.246472 0.246472
18004.92 0.246280 0.000000 0.000000 0.246280 0.246280
18009.92 0.246088 0.000000 0.000000 0.246088 0.246088
18014.92 0.245896 0.000000 0.000000 0.245896 0.245896
18019.92 0.245704 0.000000 0.000000 0.245704 0.245704
18024.92 0.245513 0.000000 0.000000 0.245513 0.245513
18029.92 0.245321 0.000000 0.000000 0.245321 0.245321
18034.92 0.245129 0.000000 0.000000 0.245129 0.245129
18039.93 0.244938 0.000000 0.000000 0.244938 0.244938
18044.93 0.244747 0.000000 0.000000 0.244747 0.244747
18049.93 0.244555 0.000000 0.000000 0.244555 0.244555
18054.93 0.244364 0.000000 0.000000 0.244364 0.244364
18059.93 0.244173 0.000000 0.000000 0.244173 0.244173
18064.93 0.243982 0.000000 0.000000 0.243982 0.243982
18069.93 0.243791 0.000000 0.000000 0.243791 0.243791
18074.93 0.243600 0.000000 0.000000 0.243600 0.243600
18079.94 0.243409 0.000000 0.000000 0.243409 0.243409
18084.94 0.243218 0.000000 0.000000 0.243218 0.243218
18089.94 0.243027 0.000000 0.000000 0.243027 0.243027
18094.94 0.242836 0.000000 0.000000 0.242836 0.242836
18099.94 0.242645 0.000000 0.000000 0.242645 0.242645
18104.94 0.242455 0.000000 0.000000 0.242455 0.242455
18109.94 0.242264 0.000000 0.000000 0.242264 0.242264
18114.95 0.242074 0.000000 0.000000 0.242074 0.242074
18119.95 0.241883 0.000000 0.000000 0.241883 0.241883
18124.95 0.241693 0.000000 0.000000 0.241693 0.241693
18129.95 0.241502 0.000000 0.000000 0.241502 0.241502
18134.95 0.241312 0.000000 0.000000 0.241312 0.241312
18139.95 0.241122 0.000000 0.000000 0.241122 0.241122
18144.95 0.240932 0.000000 0.000000 0.240932 0.240932
18149.96 0.240742 0.000000 0.000000 0.240742 0.240742
18154.96 0.240552 0.000000 0.000000 0.240552 0.240552
18159.96 0.240362 0.000000 0.000000 0.240362 0.240362
18164.96 0.240172 0.000000 0.000000 0.240172 0.240172
18169.96 0.239982 0.000000 0.000000 0.239982 0.239982
18174.96 0.239792 0.000000 0.000000 0.239792 0.239792
18179.96 0.239603 0.000000 0.000000 0.239603 0.239603
18184.96 0.239413 0.000000 0.000000 0.239413 0.239413
18189.97 0.239223 0.000000 0.000000 0.239223 0.239223
18194.97 0.239034 0.000000 0.000000 0.239034 0.239034
18199.97 0.238845 0.000000 0.000000 0.238845 0.238845
18204.97 0.238655 0.000000 0.000000 0.238655 0.238655
18209.97 0.238466 0.000000 0.000000 0.238466 0.238466
18214.97 0.238277 0.000000 0.000000 0.238277 0.238277
18219.97 0.238088 0.000000 0.000000 0.238088 0.238088
18224.98 0.237898 0.000000 0.000000 0.237898 0.237898
18229.98 0.237709 0.000000 0.000000 0.237709 0.237709
18234.98 0.237520 0.000000 0.000000 0.237520 0.237520
18239.98 0.237332 0.000000 0.000000 0.237332 0.237332
18244.98 0.237143 0.000000 0.000000 0.237143 0.237143
18249.98 0.236954 0.000000 0.000000 0.236954 0.236954
18254.98 0.236765 0.000000 0.000000 0.236765 0.236765
18259.99 0.236577 0.000000 0.000000 0.236577 0.236577
18264.99 0.236388 0.000000 0.000000 0.236388 0.236388
18269.99 0.236199 0.000000 0.000000 0.236199 0.236199
18274.99 0.236011 0.000000 0.000000 0.236011 0.236011
18279.99 0.235823 0.000000 0.000000 0.235823 0.235823
18284.99 0.235634 0.000000 0.000000 0.235634 0.235634
18289.99 0.235446 0.000000 0.000000 0.235446 0.235446
18294.99 0.235258 0.000000 0.000000 0.235258 0.235258
18300.00 0.235070 0.000000 0.000000 0.235070 0.235070
18305.00 0.234882 0.000000 0.000000 0.234882 0.234882
18310.00 0.234694 0.000000 0.000000 0.234694 0.234694
18315.00 0.234506 0.000000 0.000000 0.234506 0.234506
18320.00 0.234318 0.000000 0.000000 0.234318 0.234318
18325.00 0.234130 0.000000 0.000000 0.234130 0.234130
18330.00 0.233942 0.000000 0.000000 0.233942 0.233942
18335.01 0.233755 0.000000 0.000000 0.233755 0.233755
18340.01 0.233567 0.000000 0.000000 0.233567 0.233567
18345.01 0.233380 0.000000 0.000000 0.233380 0.233380
18350.01 0.233192 0.000000 0.000000 0.233192 0.233192
18355.01 0.233005 0.000000 0.000000 0.233005 0.233005
18360.01 0.232817 0.000000 0.000000 0.232817 0.232817
18365.01 0.232630 0.000000 0.000000 0.232630 0.232630
18370.02 0.232443 0.000000 0.000000 0.232443 0.232443
18375.02 0.232256 0.000000 0.000000 0.232256 0.232256
18380.02 0.232069 0.000000 0.000000 0.232069 0.232069
18385.02 0.231882 0.000000 0.000000 0.231882 0.231882
18390.02 0.231695 0.000000 0.000000 0.231695 0.231695
18395.02 0.231508 0.000000 0.000000 0.231508 0.231508
18400.02 0.231321 0.000000 0.000000 0.231321 0.231321
18405.02 0.231135 0.000000 0.000000 0.231135 0.231135
18410.03 0.230948 0.000000 0.000000 0.230948 0.230948
18415.03 0.230761 0.000000 0.000000 0.230761 0.230761
18420.03 0.230575 0.000000 0.000000 0.230575 0.230575
18425.03 0.230388 0.000000 0.000000 0.230388 0.230388
18430.03 0.230202 0.000000 0.000000 0.230202 0.230202
18435.03 0.230016 0.000000 0.000000 0.230016 0.230016
18440.03 0.229829 0.000000 0.000000 0.229829 0.229829
18445.04 0.229643 0.000000 0.000000 0.229643 0.229643
18450.04 0.229457 0.000000 0.000000 0.229457 0.229457
18455.04 0.229271 0.000000 0.000000 0.229271 0.229271
18460.04 0.229085 0.000000 0.000000 0.229085 0.229085
18465.04 0.228899 0.000000 0.000000 0.228899 0.228899
18470.04 0.228713 0.000000 0.000000 0.228713 0.228713
18475.04 0.228527 0.000000 0.000000 0.228527 0.228527
18480.05 0.228342 0.000000 0.000000 0.228342 0.228342
18485.05 0.228156 0.000000 0.000000 0.228156 0.228156
18490.05 0.227971 0.000000 0.000000 0.227971 0.227971
18495.05 0.227785 0.000000 0.000000 0.227785 0.227785
18500.05 0.227600 0.000000 0.000000 0.227600 0.227600
18505.05 0.227414 0.000000 0.000000 0.227414 0.227414
18510.05 0.227229 0.000000 0.000000 0.227229 0.227229
18515.05 0.227044 0.000000 0.000000 0.227044 0.227044
18520.06 0.226858 0.000000 0.000000 0.226858 0.226858
18525.06 0.226673 0.000000 0.000000 0.226673 0.226673
18530.06 0.226488 0.000000 0.000000 0.226488 0.226488
18535.06 0.226303 0.000000 0.000000 0.226303 0.226303
18540.06 0.226119 0.000000 0.000000 0.226119 0.226119
18545.06 0.225934 0.000000 0.000000 0.225934 0.225934
18550.06 0.225749 0.000000 0.000000 0.225749 0.225749
18555.07 0.225564 0.000000 0.000000 0.225564 0.225564
18560.07 0.225380 0.000000 0.000000 0.225380 0.225380
18565.07 0.225195 0.000000 0.000000 0.225195 0.225195
18570.07 0.225011 0.000000 0.000000 0.225011 0.225011
18575.07 0.224826 0.000000 0.000000 0.224826 0.224826
18580.07 0.224642 0.000000 0.000000 0.224642 0.224642
18585.07 0.224458 0.000000 0.000000 0.224458 0.224458
18590.08 0.224273 0.000000 0.000000 0.224273 0.224273
18595.08 0.224089 0.000000 0.000000 0.224089 0.224089
18600.08 0.223905 0.000000 0.000000 0.223905 0.223905
18605.08 0.223721 0.000000 0.000000 0.223721 0.223721
18610.08 0.223537 0.000000 0.000000 0.223537 0.223537
18615.08 0.223353 0.000000 0.000000 0.223353 0.223353
18620.08 0.223170 0.000000 0.000000 0.223170 0.223170
18625.08 0.222986 0.000000 0.000000 0.222986 0.222986
18630.09 0.222802 0.000000 0.000000 0.222802 0.222802
18635.09 0.222619 0.000000 0.000000 0.222619 0.222619
18640.09 0.222435 0.000000 0.000000 0.222435 0.222435
18645.09 0.222252 0.000000 0.000000 0.222252 0.222252
18650.09 0.222068 0.000000 0.000000 0.222068 0.222068
18655.09 0.221885 0.000000 0.000000 0.221885 0.221885
18660.09 0.221702 0.000000 0.000000 0.221702 0.221702
18665.10 0.221519 0.000000 0.000000 0.221519 0.221519
18670.10 0.221335 0.000000 0.000000 0.221335 0.221335
18675.10 0.221152 0.000000 0.000000 0.221152 0.221152
18680.10 0.220969 0.000000 0.000000 0.220969 0.220969
18685.10 0.220787 0.000000 0.000000 0.220787 0.220787
18690.10 0.220604 0.000000 0.000000 0.220604 0.220604
18695.10 0.220421 0.000000 0.000000 0.220421 0.220421
18700.10 0.220238 0.000000 0.000000 0.220238 0.220238
18705.11 0.220056 0.000000 0.000000 0.220056 0.220056
18710.11 0.219873 0.000000 0.000000 0.219873 0.219873
18715.11 0.219691 0.000000 0.000000 0.219691 0.219691
18720.11 0.219508 0.000000 0.000000 0.219508 0.219508
18725.11 0.219326 0.000000 0.000000 0.219326 0.219326
18730.11 0.219144 0.000000 0.000000 0.219144 0.219144
18735.11 0.218962 0.000000 0.000000 0.218962 0.218962
18740.12 0.218779 0.000000 0.000000 0.218779 0.218779
18745.12 0.218597 0.000000 0.000000 0.218597 0.218597
18750.12 0.218415 0.000000 0.000000 0.218415 0.218415
18755.12 0.218234 0.000000 0.000000 0.218234 0.218234
18760.12 0.218052 0.000000 0.000000 0.218052 0.218052
18765.12 0.217870 0.000000 0.000000 0.217870 0.217870
18770.12 0.217688 0.000000 0.000000 0.217688 0.217688
18775.13 0.217507 0.000000 0.000000 0.217507 0.217507
18780.13 0.217325 0.000000 0.000000 0.217325 0.217325
18785.13 0.217144 0.000000 0.000000 0.217144 0.217144
18790.13 0.216962 0.000000 0.000000 0.216962 0.216962
18795.13 0.216781 0.000000 0.000000 0.216781 0.216781
18800.13 0.216600 0.000000 0.000000 0.216600 0.216600
18805.13 0.216418 0.000000 0.000000 0.216418 0.216418
18810.13 0.216237 0.000000 0.000000 0.216237 0.216237
18815.14 0.216056 0.000000 0.000000 0.216056 0.216056
18820.14 0.215875 0.000000 0.000000 0.215875 0.215875
18825.14 0.215694 0.000000 0.000000 0.215694 0.215694
18830.14 0.215514 0.000000 0.000000 0.215514 0.215514
18835.14 0.215333 0.000000 0.000000 0.215333 0.215333
18840.14 0.215152 0.000000 0.000000 0.215152 0.215152
18845.14 0.214972 0.000000 0.000000 0.214972 0.214972
18850.15 0.214791 0.000000 0.000000 0.214791 0.214791
18855.15 0.214611 0.000000 0.000000 0.214611 0.214611
18860.15 0.214430 0.000000 0.000000 0.214430 0.214430
18865.15 0.214250 0.000000 0.000000 0.214250 0.214250
18870.15 0.214070 0.000000 0.000000 0.214070 0.214070
18875.15 0.213889 0.000000 0.000000 0.213889 0.213889
18880.15 0.213709 0.000000 0.000000 0.213709 0.213709
18885.16 0.213529 0.000000 0.000000 0.213529 0.213529
18890.16 0.213349 0.000000 0.000000 0.213349 0.213349
18895.16 0.213169 0.000000 0.000000 0.213169 0.213169
18900.16 0.212990 0.000000 0.000000 0.212990 0.212990
18905.16 0.212810 0.000000 0.000000 0.212810 0.212810
18910.16 0.212630 0.000000 0.000000 0.212630 0.212630
18915.16 0.212450 0.000000 0.000000 0.212450 0.212450
18920.16 0.212271 0.000000 0.000000 0.212271 0.212271
18925.17 0.212092 0.000000 0.000000 0.212092 0.212092
18930.17 0.211912 0.000000 0.000000 0.211912 0.211912
18935.17 0.211733 0.000000 0.000000 0.211733 0.211733
18940.17 0.211554 0.000000 0.000000 0.211554 0.211554
18945.17 0.211374 0.000000 0.000000 0.211374 0.211374
18950.17 0.211195 0.000000 0.000000 0.211195 0.211195
18955.17 0.211016 0.000000 0.000000 0.211016 0.211016
18960.18 0.210837 0.000000 0.000000 0.210837 0.210837
18965.18 0.210658 0.000000 0.000000 0.210658 0.210658
18970.18 0.210480 0.000000 0.000000 0.210480 0.210480
18975.18 0.210301 0.000000 0.000000 0.210301 0.210301
18980.18 0.210122 0.000000 0.000000 0.210122 0.210122
18985.18 0.209944 0.000000 0.000000 0.209944 0.209944
18990.18 0.209765 0.000000 0.000000 0.209765 0.209765
18995.19 0.209587 0.000000 0.000000 0.209587 0.209587
19000.19 0.209408 0.000000 0.000000 0.209408 0.209408
19005.19 0.209230 0.000000 0.000000 0.209230 0.209230
19010.19 0.209052 0.000000 0.000000 0.209052 0.209052
19015.19 0.208874 0.000000 0.000000 0.208874 0.208874
19020.19 0.208696 0.000000 0.000000 0.208696 0.208696
19025.19 0.208518 0.000000 0.000000 0.208518 0.208518
19030.19 0.208340 0.000000 0.000000 0.208340 0.208340
19035.20 0.208162 0.000000 0.000000 0.208162 0.208162
19040.20 0.207984 0.000000 0.000000 0.207984 0.207984
19045.20 0.207806 0.000000 0.000000 0.207806 0.207806
19050.20 0.207629 0.000000 0.000000 0.207629 0.207629
19055.20 0.207451 0.000000 0.000000 0.207451 0.207451
19060.20 0.207274 0.000000 0.000000 0.207274 0.207274
19065.20 0.207096 0.000000 0.000000 0.207096 0.207096
19070.21 0.206919 0.000000 0.000000 0.206919 0.206919
19075.21 0.206742 0.000000 0.000000 0.206742 0.206742
19080.21 0.206565 0.000000 0.000000 0.206565 0.206565
19085.21 0.206387 0.000000 0.000000 0.206387 0.206387
19090.21 0.206210 0.000000 0.000000 0.206210 0.206210
19095.21 0.206033 0.000000 0.000000 0.206033 0.206033
19100.21 0.205857 0.000000 0.000000 0.205857 0.205857
19105.22 0.205680 0.000000 0.000000 0.205680 0.205680
19110.22 0.205503 0.000000 0.000000 0.205503 0.205503
19115.22 0.205326 0.000000 0.000000 0.205326 0.205326
19120.22 0.205150 0.000000 0.000000 0.205150 0.205150
19125.22 0.204973 0.000000 0.000000 0.204973 0.204973
19130.22 0.204797 0.000000 0.000000 0.204797 0.204797
19135.22 0.204621 0.000000 0.000000 0.204621 0.204621
19140.22 0.204444 0.000000 0.000000 0.204444 0.204444
19145.23 0.204268 0.000000 0.000000 0.204268 0.204268
19150.23 0.204092 0.000000 0.000000 0.204092 0.204092
19155.23 0.203916 0.000000 0.000000 0.203916 0.203916
19160.23 0.203740 0.000000 0.000000 0.203740 0.203740
19165.23 0.203564 0.000000 0.000000 0.203564 0.203564
19170.23 0.203388 0.000000 0.000000 0.203388 0.203388
19175.23 0.203212 0.000000 0.000000 0.203212 0.203212
19180.24 0.203037 0.000000 0.000000 0.203037 0.203037
19185.24 0.202861 0.000000 0.000000 0.202861 0.202861
19190.24 0.202686 0.000000 0.000000 0.202686 0.202686
19195.24 0.202510 0.000000 0.000000 0.202510 0.202510
19200.24 0.202335 0.000000 0.000000 0.202335 0.202335
19205.24 0.202159 0.000000 0.000000 0.202159 0.202159
19210.24 0.201984 0.000000 0.000000 0.201984 0.201984
19215.25 0.201809 0.000000 0.000000 0.201809 0.201809
19220.25 0.201634 0.000000 0.000000 0.201634 0.201634
19225.25 0.201459 0.000000 0.000000 0.201459 0.201459
19230.25 0.201284 0.000000 0.000000 0.201284 0.201284
19235.25 0.201109 0.000000 0.000000 0.201109 0.201109
19240.25 0.200934 0.000000 0.000000 0.200934 0.200934
19245.25 0.200760 0.000000 0.000000 0.200760 0.200760
19250.25 0.200585 0.000000 0.000000 0.200585 0.200585
19255.26 0.200411 0.000000 0.000000 0.200411 0.200411
19260.26 0.200236 0.000000 0.000000 0.200236 0.200236
19265.26 0.200062 0.000000 0.000000 0.200062 0.200062
19270.26 0.199887 0.000000 0.000000 0.199887 0.199887
19275.26 0.199713 0.000000 0.000000 0.199713 0.199713
19280.26 0.199539 0.000000 0.000000 0.199539 0.199539
19285.26 0.199365 0.000000 0.000000 0.199365 0.199365
19290.27 0.199191 0.000000 0.000000 0.199191 0.199191
19295.27 0.199017 0.000000 0.000000 0.199017 0.199017
19300.27 0.198843 0.000000 0.000000 0.198843 0.198843
19305.27 0.198669 0.000000 0.000000 0.198669 0.198669
19310.27 0.198496 0.000000 0.000000 0.198496 0.198496
19315.27 0.198322 0.000000 0.000000 0.198322 0.198322
19320.27 0.198148 0.000000 0.000000 0.198148 0.198148
19325.28 0.197975 0.000000 0.000000 0.197975 0.197975
19330.28 0.197802 0.000000 0.000000 0.197802 0.197802
19335.28 0.197628 0.000000 0.000000 0.197628 0.197628
19340.28 0.197455 0.000000 0.000000 0.197455 0.197455
19345.28 0.197282 0.000000 0.000000 0.197282 0.197282
19350.28 0.197109 0.000000 0.000000 0.197109 0.197109
19355.28 0.196936 0.000000 0.000000 0.196936 0.196936
19360.28 0.196763 0.000000 0.000000 0.196763 0.196763
19365.29 0.196590 0.000000 0.000000 0.196590 0.196590
19370.29 0.196417 0.000000 0.000000 0.196417 0.196417
19375.29 0.196244 0.000000 0.000000 0.196244 0.196244
19380.29 0.196072 0.000000 0.000000 0.196072 0.196072
19385.29 0.195899 0.000000 0.000000 0.195899 0.195899
19390.29 0.195727 0.000000 0.000000 0.195727 0.195727
19395.29 0.195554 0.000000 0.000000 0.195554 0.195554
19400.30 0.195382 0.000000 0.000000 0.195382 0.195382
19405.30 0.195210 0.000000 0.000000 0.195210 0.195210
19410.30 0.195038 0.000000 0.000000 0.195038 0.195038
19415.30 0.194866 0.000000 0.000000 0.194866 0.194866
19420.30 0.194694 0.000000 0.000000 0.194694 0.194694
19425.30 0.194522 0.000000 0.000000 0.194522 0.194522
19430.30 0.194350 0.000000 0.000000 0.194350 0.194350
19435.31 0.194178 0.000000 0.000000 0.194178 0.194178
19440.31 0.194007 0.000000 0.000000 0.194007 0.194007
19445.31 0.193835 0.000000 0.000000 0.193835 0.193835
19450.31 0.193663 0.000000 0.000000 0.193663 0.193663
19455.31 0.193492 0.000000 0.000000 0.193492 0.193492
19460.31 0.193321 0.000000 0.000000 0.193321 0.193321
19465.31 0.193149 0.000000 0.000000 0.193149 0.193149
19470.31 0.192978 0.000000 0.000000 0.192978 0.192978
19475.32 0.192807 0.000000 0.000000 0.192807 0.192807
19480.32 0.192636 0.000000 0.000000 0.192636 0.192636
19485.32 0.192465 0.000000 0.000000 0.192465 0.192465
19490.32 0.192294 0.000000 0.000000 0.192294 0.192294
19495.32 0.192123 0.000000 0.000000 0.192123 0.192123
19500.32 0.191952 0.000000 0.000000 0.191952 0.191952
19505.32 0.191782 0.000000 0.000000 0.191782 0.191782
19510.33 0.191611 0.000000 0.000000 0.191611 0.191611
19515.33 0.191441 0.000000 0.000000 0.191441 0.191441
19520.33 0.191270 0.000000 0.000000 0.191270 0.191270
19525.33 0.191100 0.000000 0.000000 0.191100 0.191100
19530.33 0.190930 0.000000 0.000000 0.190930 0.190930
19535.33 0.190759 0.000000 0.000000 0.190759 0.190759
19540.33 0.190589 0.000000 0.000000 0.190589 0.190589
19545.33 0.190419 0.000000 0.000000 0.190419 0.190419
19550.34 0.190249 0.000000 0.000000 0.190249 0.190249
19555.34 0.190080 0.000000 0.000000 0.190080 0.190080
19560.34 0.189910 0.000000 0.000000 0.189910 0.189910
19565.34 0.189740 0.000000 0.000000 0.189740 0.189740
19570.34 0.189570 0.000000 0.000000 0.189570 0.189570
19575.34 0.189401 0.000000 0.000000 0.189401 0.189401
19580.34 0.189231 0.000000 0.000000 0.189231 0.189231
19585.35 0.189062 0.000000 0.000000 0.189062 0.189062
19590.35 0.188893 0.000000 0.000000 0.188893 0.188893
19595.35 0.188723 0.000000 0.000000 0.188723 0.188723
19600.35 0.188554 0.000000 0.000000 0.188554 0.188554
19605.35 0.188385 0.000000 0.000000 0.188385 0.188385
19610.35 0.188216 0.000000 0.000000 0.188216 0.188216
19615.35 0.188047 0.000000 0.000000 0.188047 0.188047
19620.36 0.187879 0.000000 0.000000 0.187879 0.187879
19625.36 0.187710 0.000000 0.000000 0.187710 0.187710
19630.36 0.187541 0.000000 0.000000 0.187541 0.187541
19635.36 0.187373 0.000000 0.000000 0.187373 0.187373
19640.36 0.187204 0.000000 0.000000 0.187204 0.187204
19645.36 0.187036 0.000000 0.000000 0.187036 0.187036
19650.36 0.186867 0.000000 0.000000 0.186867 0.186867
19655.36 0.186699 0.000000 0.000000 0.186699 0.186699
19660.37 0.186531 0.000000 0.000000 0.186531 0.186531
19665.37 0.186363 0.000000 0.000000 0.186363 0.186363
19670.37 0.186195 0.000000 0.000000 0.186195 0.186195
19675.37 0.186027 0.000000 0.000000 0.186027 0.186027
19680.37 0.185859 0.000000 0.000000 0.185859 0.185859
19685.37 0.185691 0.000000 0.000000 0.185691 0.185691
19690.37 0.185523 0.000000 0.000000 0.185523 0.185523
19695.38 0.185356 0.000000 0.000000 0.185356 0.185356
19700.38 0.185188 0.000000 0.000000 0.185188 0.185188
19705.38 0.185021 0.000000 0.000000 0.185021 0.185021
19710.38 0.184853 0.000000 0.000000 0.184853 0.184853
19715.38 0.184686 0.000000 0.000000 0.184686 0.184686
19720.38 0.184519 0.000000 0.000000 0.184519 0.184519
19725.38 0.184352 0.000000 0.000000 0.184352 0.184352
19730.39 0.184185 0.000000 0.000000 0.184185 0.184185
19735.39 0.184018 0.000000 0.000000 0.184018 0.184018
19740.39 0.183851 0.000000 0.000000 0.183851 0.183851
19745.39 0.183684 0.000000 0.000000 0.183684 0.183684
19750.39 0.183517 0.000000 0.000000 0.183517 0.183517
19755.39 0.183351 0.000000 0.000000 0.183351 0.183351
19760.39 0.183184 0.000000 0.000000 0.183184 0.183184
19765.39 0.183018 0.000000 0.000000 0.183018 0.183018
19770.40 0.182851 0.000000 0.000000 0.182851 0.182851
19775.40 0.182685 0.000000 0.000000 0.182685 0.182685
19780.40 0.182519 0.000000 0.000000 0.182519 0.182519
19785.40 0.182353 0.000000 0.000000 0.182353 0.182353
19790.40 0.182186 0.000000 0.000000 0.182186 0.182186
19795.40 0.182020 0.000000 0.000000 0.182020 0.182020
19800.40 0.181855 0.000000 0.000000 0.181855 0.181855
19805.41 0.181689 0.000000 0.000000 0.181689 0.181689
19810.41 0.181523 0.000000 0.000000 0.181523 0.181523
19815.41 0.181357 0.000000 0.000000 0.181357 0.181357
19820.41 0.181192 0.000000 0.000000 0.181192 0.181192
19825.41 0.181026 0.000000 0.000000 0.181026 0.181026
19830.41 0.180861 0.000000 0.000000 0.180861 0.180861
19835.41 0.180696 0.000000 0.000000 0.180696 0.180696
19840.42 0.180530 0.000000 0.000000 0.180530 0.180530
19845.42 0.180365 0.000000 0.000000 0.180365 0.180365
19850.42 0.180200 0.000000 0.000000 0.180200 0.180200
19855.42 0.180035 0.000000 0.000000 0.180035 0.180035
19860.42 0.179870 0.000000 0.000000 0.179870 0.179870
19865.42 0.179705 0.000000 0.000000 0.179705 0.179705
19870.42 0.179541 0.000000 0.000000 0.179541 0.179541
19875.42 0.179376 0.000000 0.000000 0.179376 0.179376
19880.43 0.179211 0.000000 0.000000 0.179211 0.179211
19885.43 0.179047 0.000000 0.000000 0.179047 0.179047
19890.43 0.178882 0.000000 0.000000 0.178882 0.178882
19895.43 0.178718 0.000000 0.000000 0.178718 0.178718
19900.43 0.178554 0.000000 0.000000 0.178554 0.178554
19905.43 0.178390 0.000000 0.000000 0.178390 0.178390
19910.43 0.178226 0.000000 0.000000 0.178226 0.178226
19915.44 0.178062 0.000000 0.000000 0.178062 0.178062
19920.44 0.177898 0.000000 0.000000 0.177898 0.177898
19925.44 0.177734 0.000000 0.000000 0.177734 0.177734
19930.44 0.177570 0.000000 0.000000 0.177570 0.177570
19935.44 0.177406 0.000000 0.000000 0.177406 0.177406
19940.44 0.177243 0.000000 0.000000 0.177243 0.177243
19945.44 0.177079 0.000000 0.000000 0.177079 0.177079
19950.45 0.176916 0.000000 0.000000 0.176916 0.176916
19955.45 0.176753 0.000000 0.000000 0.176753 0.176753
19960.45 0.176589 0.000000 0.000000 0.176589 0.176589
19965.45 0.176426 0.000000 0.000000 0.176426 0.176426
19970.45 0.176263 0.000000 0.000000 0.176263 0.176263
19975.45 0.176100 0.000000 0.000000 0.176100 0.176100
19980.45 0.175937 0.000000 0.000000 0.175937 0.175937
19985.45 0.175774 0.000000 0.000000 0.175774 0.175774
19990.46 0.175612 0.000000 0.000000 0.175612 0.175612
19995.46 0.175449 0.000000 0.000000 0.175449 0.175449
20000.46 0.175286 0.000000 0.000000 0.175286 0.175286
20005.46 0.175124 0.000000 0.000000 0.175124 0.175124
20010.46 0.174962 0.000000 0.000000 0.174962 0.174962
20015.46 0.174799 0.000000 0.000000 0.174799 0.174799
20020.46 0.174637 0.000000 0.000000 0.174637 0.174637
20025.47 0.174475 0.000000 0.000000 0.174475 0.174475
20030.47 0.174313 0.000000 0.000000 0.174313 0.174313
20035.47 0.174151 0.000000 0.000000 0.174151 0.174151
20040.47 0.173989 0.000000 0.000000 0.173989 0.173989
20045.47 0.173827 0.000000 0.000000 0.173827 0.173827
20050.47 0.173665 0.000000 0.000000 0.173665 0.173665
20055.47 0.173504 0.000000 0.000000 0.173504 0.173504
20060.48 0.173342 0.000000 0.000000 0.173342 0.173342
20065.48 0.173181 0.000000 0.000000 0.173181 0.173181
20070.48 0.173019 0.000000 0.000000 0.173019 0.173019
20075.48 0.172858 0.000000 0.000000 0.172858 0.172858
20080.48 0.172697 0.000000 0.000000 0.172697 0.172697
20085.48 0.172536 0.000000 0.000000 0.172536 0.172536
20090.48 0.172375 0.000000 0.000000 0.172375 0.172375
20095.48 0.172214 0.000000 0.000000 0.172214 0.172214
20100.49 0.172053 0.000000 0.000000 0.172053 0.172053
20105.49 0.171892 0.000000 0.000000 0.171892 0.171892
20110.49 0.171731 0.000000 0.000000 0.171731 0.171731
20115.49 0.171571 0.000000 0.000000 0.171571 0.171571
20120.49 0.171410 0.000000 0.000000 0.171410 0.171410
20125.49 0.171250 0.000000 0.000000 0.171250 0.171250
20130.49 0.171089 0.000000 0.000000 0.171089 0.171089
20135.50 0.170929 0.000000 0.000000 0.170929 0.170929
20140.50 0.170769 0.000000 0.000000 0.170769 0.170769
20145.50 0.170609 0.000000 0.000000 0.170609 0.170609
20150.50 0.170449 0.000000 0.000000 0.170449 0.170449
20155.50 0.170289 0.000000 0.000000 0.170289 0.170289
20160.50 0.170129 0.000000 0.000000 0.170129 0.170129
20165.50 0.169969 0.000000 0.000000 0.169969 0.169969
20170.51 0.169810 0.000000 0.000000 0.169810 0.169810
20175.51 0.169650 0.000000 0.000000 0.169650 0.169650
20180.51 0.169491 0.000000 0.000000 0.169491 0.169491
20185.51 0.169331 0.000000 0.000000 0.169331 0.169331
20190.51 0.169181 0.000000 0.000000 0.169172 0.169181
20195.51 0.168820 0.000000 0.000000 0.169013 0.168820
20200.51 0.169002 0.000000 0.000000 0.168853 0.169002
20205.51 0.168158 0.000000 0.000000 0.168694 0.168158
20210.52 0.168425 0.000000 0.000000 0.168535 0.168425
20215.52 0.168659 0.000000 0.000000 0.168377 0.168659
20220.52 0.166774 0.000000 0.000000 0.168218 0.166774
20225.52 0.163388 0.000000 0.000000 0.168059 0.163388
20230.52 0.164010 0.000000 0.000000 0.167900 0.164010
20235.52 0.167329 0.000000 0.000000 0.167742 0.167329
20240.52 0.168805 0.000000 0.000000 0.167583 0.168805
20245.53 0.168334 0.000000 0.000000 0.167425 0.168334
20250.53 0.168657 0.000000 0.000000 0.167267 0.168657
20255.53 0.165105 0.000000 0.000000 0.167109 0.165105
20260.53 0.165565 0.000000 0.000000 0.166950 0.165565
20265.53 0.164525 0.000000 0.000000 0.166792 0.164525
20270.53 0.165906 0.000000 0.000000 0.166635 0.165906
20275.53 0.165864 0.000000 0.000000 0.166477 0.165864
20280.54 0.165379 0.000000 0.000000 0.166319 0.165379
20285.54 0.164226 0.000000 0.000000 0.166161 0.164226
20290.54 0.164153 0.000000 0.000000 0.166004 0.164153
20295.54 0.160010 0.000000 0.000000 0.165846 0.160010
20300.54 0.161324 0.000000 0.000000 0.165689 0.161324
20305.54 0.163464 0.000000 0.000000 0.165531 0.163464
20310.54 0.161048 0.000000 0.000000 0.165374 0.161048
20315.54 0.160996 0.000000 0.000000 0.165217 0.160996
20320.55 0.164436 0.000000 0.000000 0.165060 0.164436
20325.55 0.166052 0.000000 0.000000 0.164903 0.166052
20330.55 0.165504 0.000000 0.000000 0.164746 0.165504
20335.55 0.166136 0.000000 0.000000 0.164589 0.166136
20340.55 0.164957 0.000000 0.000000 0.164433 0.164957
20345.55 0.164210 0.000000 0.000000 0.164276 0.164210
20350.55 0.165782 0.000000 0.000000 0.164120 0.165782
20355.56 0.164861 0.000000 0.000000 0.163963 0.164861
20360.56 0.162220 0.000000 0.000000 0.163807 0.162220
20365.56 0.162944 0.000000 0.000000 0.163650 0.162944
20370.56 0.164303 0.000000 0.000000 0.163494 0.164303
20375.56 0.164478 0.000000 0.000000 0.163338 0.164478
20380.56 0.163994 0.000000 0.000000 0.163182 0.163994
20385.56 0.163890 0.000000 0.000000 0.163026 0.163890
20390.57 0.161048 0.000000 0.000000 0.162870 0.161048
20395.57 0.158747 0.000000 0.000000 0.162715 0.158747
20400.57 0.161795 0.000000 0.000000 0.162559 0.161795
20405.57 0.163082 0.000000 0.000000 0.162404 0.163082
20410.57 0.162919 0.000000 0.000000 0.162248 0.162919
20415.57 0.162780 0.000000 0.000000 0.162093 0.162780
20420.57 0.161234 0.000000 0.000000 0.161937 0.161234
20425.57 0.160160 0.000000 0.000000 0.161782 0.160160
20430.58 0.159494 0.000000 0.000000 0.161627 0.159494
20435.58 0.159912 0.000000 0.000000 0.161472 0.159912
20440.58 0.160140 0.000000 0.000000 0.161317 0.160140
20445.58 0.160074 0.000000 0.000000 0.161162 0.160074
20450.58 0.159456 0.000000 0.000000 0.161008 0.159456
20455.58 0.158908 0.000000 0.000000 0.160853 0.158908
20460.58 0.159673 0.000000 0.000000 0.160698 0.159673
20465.59 0.160219 0.000000 0.000000 0.160544 0.160219
20470.59 0.160118 0.000000 0.000000 0.160389 0.160118
20475.59 0.160756 0.000000 0.000000 0.160235 0.160756
20480.59 0.160452 0.000000 0.000000 0.160081 0.160452
20485.59 0.161146 0.000000 0.000000 0.159927 0.161146
20490.59 0.162622 0.000000 0.000000 0.159773 0.162622
20495.59 0.162260 0.000000 0.000000 0.159619 0.162260
20500.59 0.160866 0.000000 0.000000 0.159465 0.160866
20505.60 0.159571 0.000000 0.000000 0.159311 0.159571
20510.60 0.157275 0.000000 0.000000 0.159158 0.157275
20515.60 0.158395 0.000000 0.000000 0.159004 0.158395
20520.60 0.160783 0.000000 0.000000 0.158850 0.160783
20525.60 0.160303 0.000000 0.000000 0.158697 0.160303
20530.60 0.158849 0.000000 0.000000 0.158544 0.158849
20535.60 0.158990 0.000000 0.000000 0.158391 0.158990
20540.61 0.160083 0.000000 0.000000 0.158237 0.160083
20545.61 0.159262 0.000000 0.000000 0.158084 0.159262
20550.61 0.157802 0.000000 0.000000 0.157931 0.157802
20555.61 0.156375 0.000000 0.000000 0.157779 0.156375
20560.61 0.156897 0.000000 0.000000 0.157626 0.156897
20565.61 0.157996 0.000000 0.000000 0.157473 0.157996
20570.61 0.156759 0.000000 0.000000 0.157320 0.156759
20575.62 0.155607 0.000000 0.000000 0.157168 0.155607
20580.62 0.155013 0.000000 0.000000 0.157016 0.155013
20585.62 0.155456 0.000000 0.000000 0.156863 0.155456
20590.62 0.156494 0.000000 0.000000 0.156711 0.156494
20595.62 0.156263 0.000000 0.000000 0.156559 0.156263
20600.62 0.154486 0.000000 0.000000 0.156407 0.154486
20605.62 0.154505 0.000000 0.000000 0.156255 0.154505
20610.62 0.154386 0.000000 0.000000 0.156103 0.154386
20615.63 0.152143 0.000000 0.000000 0.155951 0.152143
20620.63 0.152941 0.000000 0.000000 0.155800 0.152941
20625.63 0.156842 0.000000 0.000000 0.155648 0.156842
20630.63 0.156256 0.000000 0.000000 0.155496 0.156256
20635.63 0.155818 0.000000 0.000000 0.155345 0.155818
20640.63 0.153361 0.000000 0.000000 0.155194 0.153361
20645.63 0.149299 0.000000 0.000000 0.155043 0.149299
20650.64 0.152738 0.000000 0.000000 0.154891 0.152738
20655.64 0.154717 0.000000 0.000000 0.154740 0.154717
20660.64 0.154475 0.000000 0.000000 0.154589 0.154475
20665.64 0.155660 0.000000 0.000000 0.154439 0.155660
20670.64 0.155200 0.000000 0.000000 0.154288 0.155200
20675.64 0.155206 0.000000 0.000000 0.154137 0.155206
20680.64 0.155212 0.000000 0.000000 0.153987 0.155212
20685.65 0.154313 0.000000 0.000000 0.153836 0.154313
20690.65 0.152727 0.000000 0.000000 0.153686 0.152727
20695.65 0.153038 0.000000 0.000000 0.153535 0.153038
20700.65 0.154364 0.000000 0.000000 0.153385 0.154364
20705.65 0.152857 0.000000 0.000000 0.153235 0.152857
20710.65 0.148012 0.000000 0.000000 0.153085 0.148012
20715.65 0.147137 0.000000 0.000000 0.152935 0.147137
20720.65 0.151767 0.000000 0.000000 0.152785 0.151767
20725.66 0.151481 0.000000 0.000000 0.152635 0.151481
20730.66 0.152105 0.000000 0.000000 0.152486 0.152105
20735.66 0.152605 0.000000 0.000000 0.152336 0.152605
20740.66 0.152370 0.000000 0.000000 0.152187 0.152370
20745.66 0.151776 0.000000 0.000000 0.152037 0.151776
20750.66 0.149240 0.000000 0.000000 0.151888 0.149240
20755.66 0.150027 0.000000 0.000000 0.151739 0.150027
20760.67 0.151559 0.000000 0.000000 0.151590 0.151559
20765.67 0.152211 0.000000 0.000000 0.151441 0.152211
20770.67 0.151942 0.000000 0.000000 0.151292 0.151942
20775.67 0.150851 0.000000 0.000000 0.151143 0.150851
20780.67 0.151558 0.000000 0.000000 0.150994 0.151558
20785.67 0.151622 0.000000 0.000000 0.150846 0.151622
20790.67 0.151031 0.000000 0.000000 0.150697 0.151031
20795.68 0.150872 0.000000 0.000000 0.150549 0.150872
20800.68 0.150281 0.000000 0.000000 0.150400 0.150281
20805.68 0.149523 0.000000 0.000000 0.150252 0.149523
20810.68 0.148649 0.000000 0.000000 0.150104 0.148649
20815.68 0.146416 0.000000 0.000000 0.149956 0.146416
20820.68 0.145200 0.000000 0.000000 0.149808 0.145200
20825.68 0.148183 0.000000 0.000000 0.149660 0.148183
20830.68 0.148549 0.000000 0.000000 0.149512 0.148549
20835.69 0.149603 0.000000 0.000000 0.149364 0.149603
20840.69 0.149691 0.000000 0.000000 0.149217 0.149691
20845.69 0.148949 0.000000 0.000000 0.149069 0.148949
20850.69 0.147927 0.000000 0.000000 0.148922 0.147927
20855.69 0.144557 0.000000 0.000000 0.148774 0.144557
20860.69 0.147019 0.000000 0.000000 0.148627 0.147019
20865.69 0.148161 0.000000 0.000000 0.148480 0.148161
20870.70 0.148255 0.000000 0.000000 0.148333 0.148255
20875.70 0.148716 0.000000 0.000000 0.148186 0.148716
20880.70 0.148980 0.000000 0.000000 0.148039 0.148980
20885.70 0.148741 0.000000 0.000000 0.147892 0.148741
20890.70 0.148510 0.000000 0.000000 0.147746 0.148510
20895.70 0.148400 0.000000 0.000000 0.147599 0.148400
20900.70 0.148367 0.000000 0.000000 0.147453 0.148367
20905.71 0.147778 0.000000 0.000000 0.147306 0.147778
20910.71 0.147948 0.000000 0.000000 0.147160 0.147948
20915.71 0.146685 0.000000 0.000000 0.147014 0.146685
20920.71 0.146745 0.000000 0.000000 0.146868 0.146745
20925.71 0.146165 0.000000 0.000000 0.146722 0.146165
20930.71 0.141197 0.000000 0.000000 0.146576 0.141197
20935.71 0.144147 0.000000 0.000000 0.146430 0.144147
20940.71 0.146227 0.000000 0.000000 0.146284 0.146227
20945.72 0.146440 0.000000 0.000000 0.146138 0.146440
20950.72 0.145709 0.000000 0.000000 0.145993 0.145709
20955.72 0.145742 0.000000 0.000000 0.145847 0.145742
20960.72 0.145297 0.000000 0.000000 0.145702 0.145297
20965.72 0.144712 0.000000 0.000000 0.145557 0.144712
20970.72 0.144716 0.000000 0.000000 0.145412 0.144716
20975.72 0.144593 0.000000 0.000000 0.145267 0.144593
20980.73 0.146077 0.000000 0.000000 0.145122 0.146077
20985.73 0.146096 0.000000 0.000000 0.144977 0.146096
20990.73 0.145605 0.000000 0.000000 0.144832 0.145605
20995.73 0.145210 0.000000 0.000000 0.144687 0.145210
21000.73 0.144686 0.000000 0.000000 0.144543 0.144686
21005.73 0.144026 0.000000 0.000000 0.144398 0.144026
21010.73 0.144304 0.000000 0.000000 0.144254 0.144304
21015.74 0.144389 0.000000 0.000000 0.144109 0.144389
21020.74 0.143321 0.000000 0.000000 0.143965 0.143321
21025.74 0.141371 0.000000 0.000000 0.143821 0.141371
21030.74 0.141881 0.000000 0.000000 0.143677 0.141881
21035.74 0.141614 0.000000 0.000000 0.143533 0.141614
21040.74 0.141492 0.000000 0.000000 0.143389 0.141492
21045.74 0.141950 0.000000 0.000000 0.143246 0.141950
21050.74 0.142417 0.000000 0.000000 0.143102 0.142417
21055.75 0.142027 0.000000 0.000000 0.142958 0.142027
21060.75 0.139664 0.000000 0.000000 0.142815 0.139664
21065.75 0.139196 0.000000 0.000000 0.142672 0.139196
21070.75 0.135449 0.000000 0.000000 0.142528 0.135449
21075.75 0.128475 0.000000 0.000000 0.142385 0.128475
21080.75 0.135831 0.000000 0.000000 0.142242 0.135831
21085.75 0.140835 0.000000 0.000000 0.142099 0.140835
21090.76 0.141251 0.000000 0.000000 0.141956 0.141251
21095.76 0.139317 0.000000 0.000000 0.141814 0.139317
21100.76 0.137708 0.000000 0.000000 0.141671 0.137708
21105.76 0.136569 0.000000 0.000000 0.141528 0.136569
21110.76 0.136409 0.000000 0.000000 0.141386 0.136409
21115.76 0.141122 0.000000 0.000000 0.141243 0.141122
21120.76 0.141567 0.000000 0.000000 0.141101 0.141567
21125.77 0.141560 0.000000 0.000000 0.140959 0.141560
21130.77 0.141828 0.000000 0.000000 0.140817 0.141828
21135.77 0.141586 0.000000 0.000000 0.140675 0.141586
21140.77 0.140086 0.000000 0.000000 0.140533 0.140086
21145.77 0.140606 0.000000 0.000000 0.140391 0.140606
21150.77 0.140617 0.000000 0.000000 0.140249 0.140617
21155.77 0.139445 0.000000 0.000000 0.140108 0.139445
21160.77 0.139206 0.000000 0.000000 0.139966 0.139206
21165.78 0.139045 0.000000 0.000000 0.139825 0.139045
21170.78 0.138434 0.000000 0.000000 0.139684 0.138434
21175.78 0.134286 0.000000 0.000000 0.139542 0.134286
21180.78 0.132304 0.000000 0.000000 0.139401 0.132304
21185.78 0.138072 0.000000 0.000000 0.139260 0.138072
21190.78 0.139216 0.000000 0.000000 0.139119 0.139216
21195.78 0.139032 0.000000 0.000000 0.138978 0.139032
21200.79 0.139753 0.000000 0.000000 0.138838 0.139753
21205.79 0.138537 0.000000 0.000000 0.138697 0.138537
21210.79 0.136692 0.000000 0.000000 0.138557 0.136692
21215.79 0.136515 0.000000 0.000000 0.138416 0.136515
21220.79 0.135291 0.000000 0.000000 0.138276 0.135291
21225.79 0.135319 0.000000 0.000000 0.138136 0.135319
21230.79 0.137056 0.000000 0.000000 0.137995 0.137056
21235.80 0.138766 0.000000 0.000000 0.137855 0.138766
21240.80 0.137549 0.000000 0.000000 0.137715 0.137549
21245.80 0.138041 0.000000 0.000000 0.137576 0.138041
21250.80 0.136494 0.000000 0.000000 0.137436 0.136494
21255.80 0.135218 0.000000 0.000000 0.137296 0.135218
21260.80 0.136489 0.000000 0.000000 0.137157 0.136489
21265.80 0.137016 0.000000 0.000000 0.137017 0.137016
21270.80 0.137504 0.000000 0.000000 0.136878 0.137504
21275.81 0.136281 0.000000 0.000000 0.136738 0.136281
21280.81 0.136466 0.000000 0.000000 0.136599 0.136466
21285.81 0.136147 0.000000 0.000000 0.136460 0.136147
21290.81 0.136102 0.000000 0.000000 0.136321 0.136102
21295.81 0.136138 0.000000 0.000000 0.136182 0.136138
21300.81 0.135432 0.000000 0.000000 0.136044 0.135432
21305.81 0.135357 0.000000 0.000000 0.135905 0.135357
21310.82 0.135464 0.000000 0.000000 0.135766 0.135464
21315.82 0.135483 0.000000 0.000000 0.135628 0.135483
21320.82 0.135488 0.000000 0.000000 0.135489 0.135488
21325.82 0.135551 0.000000 0.000000 0.135351 0.135551
21330.82 0.135481 0.000000 0.000000 0.135213 0.135481
21335.82 0.135596 0.000000 0.000000 0.135075 0.135596
21340.82 0.135087 0.000000 0.000000 0.134937 0.135087
21345.83 0.135043 0.000000 0.000000 0.134799 0.135043
21350.83 0.134668 0.000000 0.000000 0.134661 0.134668
21355.83 0.134354 0.000000 0.000000 0.134524 0.134354
21360.83 0.133989 0.000000 0.000000 0.134386 0.133989
21365.83 0.131847 0.000000 0.000000 0.134249 0.131847
21370.83 0.128737 0.000000 0.000000 0.134111 0.128737
21375.83 0.133374 0.000000 0.000000 0.133974 0.133374
21380.83 0.134530 0.000000 0.000000 0.133837 0.134530
21385.84 0.133454 0.000000 0.000000 0.133700 0.133454
21390.84 0.133818 0.000000 0.000000 0.133563 0.133818
21395.84 0.134302 0.000000 0.000000 0.133426 0.134302
21400.84 0.133493 0.000000 0.000000 0.133289 0.133493
21405.84 0.132950 0.000000 0.000000 0.133152 0.132950
21410.84 0.133375 0.000000 0.000000 0.133016 0.133375
21415.84 0.133186 0.000000 0.000000 0.132879 0.133186
21420.85 0.133204 0.000000 0.000000 0.132743 0.133204
21425.85 0.133174 0.000000 0.000000 0.132606 0.133174
21430.85 0.132346 0.000000 0.000000 0.132470 0.132346
21435.85 0.132480 0.000000 0.000000 0.132334 0.132480
21440.85 0.131266 0.000000 0.000000 0.132198 0.131266
21445.85 0.130648 0.000000 0.000000 0.132062 0.130648
21450.85 0.131560 0.000000 0.000000 0.131926 0.131560
21455.85 0.130783 0.000000 0.000000 0.131791 0.130783
21460.86 0.129817 0.000000 0.000000 0.131655 0.129817
21465.86 0.129142 0.000000 0.000000 0.131520 0.129142
21470.86 0.129483 0.000000 0.000000 0.131384 0.129483
21475.86 0.130061 0.000000 0.000000 0.131249 0.130061
21480.86 0.130863 0.000000 0.000000 0.131114 0.130863
21485.86 0.130653 0.000000 0.000000 0.130979 0.130653
21490.86 0.130606 0.000000 0.000000 0.130844 0.130606
21495.87 0.130364 0.000000 0.000000 0.130709 0.130364
21500.87 0.129136 0.000000 0.000000 0.130574 0.129136
21505.87 0.128730 0.000000 0.000000 0.130439 0.128730
21510.87 0.130045 0.000000 0.000000 0.130305 0.130045
21515.87 0.130505 0.000000 0.000000 0.130170 0.130505
21520.87 0.130496 0.000000 0.000000 0.130036 0.130496
21525.87 0.129745 0.000000 0.000000 0.129902 0.129745
21530.88 0.129350 0.000000 0.000000 0.129767 0.129350
21535.88 0.129935 0.000000 0.000000 0.129633 0.129935
21540.88 0.128843 0.000000 0.000000 0.129499 0.128843
21545.88 0.129918 0.000000 0.000000 0.129366 0.129918
21550.88 0.128458 0.000000 0.000000 0.129232 0.128458
21555.88 0.128675 0.000000 0.000000 0.129098 0.128675
21560.88 0.129815 0.000000 0.000000 0.128965 0.129815
21565.88 0.129277 0.000000 0.000000 0.128831 0.129277
21570.89 0.128700 0.000000 0.000000 0.128698 0.128700
21575.89 0.128854 0.000000 0.000000 0.128564 0.128854
21580.89 0.128697 0.000000 0.000000 0.128431 0.128697
21585.89 0.127430 0.000000 0.000000 0.128298 0.127430
21590.89 0.127446 0.000000 0.000000 0.128165 0.127446
21595.89 0.127826 0.000000 0.000000 0.128032 0.127826
21600.89 0.127623 0.000000 0.000000 0.127900 0.127623
21605.90 0.127800 0.000000 0.000000 0.127767 0.127800
21610.90 0.126315 0.000000 0.000000 0.127634 0.126315
21615.90 0.127440 0.000000 0.000000 0.127502 0.127440
21620.90 0.127938 0.000000 0.000000 0.127370 0.127938
21625.90 0.127246 0.000000 0.000000 0.127237 0.127246
21630.90 0.126892 0.000000 0.000000 0.127105 0.126892
21635.90 0.127986 0.000000 0.000000 0.126973 0.127986
21640.91 0.127209 0.000000 0.000000 0.126841 0.127209
21645.91 0.126069 0.000000 0.000000 0.126709 0.126069
21650.91 0.126867 0.000000 0.000000 0.126578 0.126867
21655.91 0.126675 0.000000 0.000000 0.126446 0.126675
21660.91 0.126496 0.000000 0.000000 0.126315 0.126496
21665.91 0.124068 0.000000 0.000000 0.126183 0.124068
21670.91 0.119254 0.000000 0.000000 0.126052 0.119254
21675.91 0.122203 0.000000 0.000000 0.125921 0.122203
21680.92 0.125896 0.000000 0.000000 0.125789 0.125896
21685.92 0.124987 0.000000 0.000000 0.125658 0.124987
21690.92 0.125284 0.000000 0.000000 0.125527 0.125284
21695.92 0.124870 0.000000 0.000000 0.125397 0.124870
21700.92 0.125092 0.000000 0.000000 0.125266 0.125092
21705.92 0.124743 0.000000 0.000000 0.125135 0.124743
21710.92 0.123773 0.000000 0.000000 0.125005 0.123773
21715.93 0.123184 0.000000 0.000000 0.124874 0.123184
21720.93 0.123932 0.000000 0.000000 0.124744 0.123932
21725.93 0.125301 0.000000 0.000000 0.124614 0.125301
21730.93 0.125490 0.000000 0.000000 0.124484 0.125490
21735.93 0.123779 0.000000 0.000000 0.124354 0.123779
21740.93 0.123912 0.000000 0.000000 0.124224 0.123912
21745.93 0.124166 0.000000 0.000000 0.124094 0.124166
21750.94 0.124167 0.000000 0.000000 0.123965 0.124167
21755.94 0.124512 0.000000 0.000000 0.123835 0.124512
21760.94 0.124174 0.000000 0.000000 0.123705 0.124174
21765.94 0.124089 0.000000 0.000000 0.123576 0.124089
21770.94 0.122722 0.000000 0.000000 0.123447 0.122722
21775.94 0.122388 0.000000 0.000000 0.123318 0.122388
21780.94 0.122836 0.000000 0.000000 0.123189 0.122836
21785.94 0.123621 0.000000 0.000000 0.123060 0.123621
21790.95 0.122617 0.000000 0.000000 0.122931 0.122617
21795.95 0.116464 0.000000 0.000000 0.122802 0.116464
21800.95 0.118130 0.000000 0.000000 0.122673 0.118130
21805.95 0.122070 0.000000 0.000000 0.122545 0.122070
21810.95 0.122847 0.000000 0.000000 0.122416 0.122847
21815.95 0.123007 0.000000 0.000000 0.122288 0.123007
21820.95 0.122710 0.000000 0.000000 0.122160 0.122710
21825.96 0.122057 0.000000 0.000000 0.122032 0.122057
21830.96 0.121134 0.000000 0.000000 0.121904 0.121134
21835.96 0.119520 0.000000 0.000000 0.121776 0.119520
21840.96 0.120816 0.000000 0.000000 0.121648 0.120816
21845.96 0.121920 0.000000 0.000000 0.121520 0.121920
21850.96 0.123673 0.000000 0.000000 0.121393 0.123673
21855.96 0.121517 0.000000 0.000000 0.121265 0.121517
21860.97 0.119803 0.000000 0.000000 0.121138 0.119803
21865.97 0.120265 0.000000 0.000000 0.121011 0.120265
21870.97 0.120441 0.000000 0.000000 0.120883 0.120441
21875.97 0.120573 0.000000 0.000000 0.120756 0.120573
21880.97 0.121106 0.000000 0.000000 0.120629 0.121106
21885.97 0.119740 0.000000 0.000000 0.120503 0.119740
21890.97 0.116460 0.000000 0.000000 0.120376 0.116460
21895.97 0.114538 0.000000 0.000000 0.120249 0.114538
21900.98 0.118440 0.000000 0.000000 0.120123 0.118440
21905.98 0.119695 0.000000 0.000000 0.119996 0.119695
21910.98 0.115669 0.000000 0.000000 0.119870 0.115669
21915.98 0.115178 0.000000 0.000000 0.119744 0.115178
21920.98 0.118859 0.000000 0.000000 0.119617 0.118859
21925.98 0.119169 0.000000 0.000000 0.119491 0.119169
21930.98 0.119052 0.000000 0.000000 0.119366 0.119052
21935.99 0.119280 0.000000 0.000000 0.119240 0.119280
21940.99 0.119804 0.000000 0.000000 0.119114 0.119804
21945.99 0.119826 0.000000 0.000000 0.118988 0.119826
21950.99 0.119106 0.000000 0.000000 0.118863 0.119106
21955.99 0.117655 0.000000 0.000000 0.118738 0.117655
21960.99 0.117060 0.000000 0.000000 0.118612 0.117060
21965.99 0.118414 0.000000 0.000000 0.118487 0.118414
21971.00 0.119174 0.000000 0.000000 0.118362 0.119174
21976.00 0.118127 0.000000 0.000000 0.118237 0.118127
21981.00 0.118377 0.000000 0.000000 0.118112 0.118377
21986.00 0.120576 0.000000 0.000000 0.117987 0.120576
21991.00 0.117877 0.000000 0.000000 0.117863 0.117877
21996.00 0.117891 0.000000 0.000000 0.117738 0.117891
22001.00 0.118670 0.000000 0.000000 0.117614 0.118670
22006.00 0.118119 0.000000 0.000000 0.117489 0.118119
22011.01 0.115384 0.000000 0.000000 0.117365 0.115384
22016.01 0.114766 0.000000 0.000000 0.117241 0.114766
22021.01 0.114778 0.000000 0.000000 0.117117 0.114778
22026.01 0.115727 0.000000 0.000000 0.116993 0.115727
22031.01 0.116416 0.000000 0.000000 0.116869 0.116416
22036.01 0.116197 0.000000 0.000000 0.116745 0.116197
22041.01 0.116205 0.000000 0.000000 0.116622 0.116205
22046.02 0.117418 0.000000 0.000000 0.116498 0.117418
22051.02 0.118670 0.000000 0.000000 0.116375 0.118670
22056.02 0.116314 0.000000 0.000000 0.116251 0.116314
22061.02 0.115304 0.000000 0.000000 0.116128 0.115304
22066.02 0.113467 0.000000 0.000000 0.116005 0.113467
22071.02 0.109280 0.000000 0.000000 0.115882 0.109280
22076.02 0.108704 0.000000 0.000000 0.115759 0.108704
22081.03 0.110260 0.000000 0.000000 0.115636 0.110260
22086.03 0.113238 0.000000 0.000000 0.115514 0.113238
22091.03 0.114423 0.000000 0.000000 0.115391 0.114423
22096.03 0.112917 0.000000 0.000000 0.115269 0.112917
22101.03 0.111167 0.000000 0.000000 0.115146 0.111167
22106.03 0.114465 0.000000 0.000000 0.115024 0.114465
22111.03 0.114837 0.000000 0.000000 0.114902 0.114837
22116.03 0.115039 0.000000 0.000000 0.114780 0.115039
22121.04 0.115082 0.000000 0.000000 0.114658 0.115082
22126.04 0.114278 0.000000 0.000000 0.114536 0.114278
22131.04 0.114223 0.000000 0.000000 0.114414 0.114223
22136.04 0.114078 0.000000 0.000000 0.114293 0.114078
22141.04 0.114429 0.000000 0.000000 0.114171 0.114429
22146.04 0.113863 0.000000 0.000000 0.114050 0.113863
22151.04 0.113862 0.000000 0.000000 0.113928 0.113862
22156.05 0.113658 0.000000 0.000000 0.113807 0.113658
22161.05 0.114053 0.000000 0.000000 0.113686 0.114053
22166.05 0.114369 0.000000 0.000000 0.113565 0.114369
22171.05 0.113222 0.000000 0.000000 0.113444 0.113222
22176.05 0.112291 0.000000 0.000000 0.113323 0.112291
22181.05 0.113329 0.000000 0.000000 0.113202 0.113329
22186.05 0.113189 0.000000 0.000000 0.113082 0.113189
22191.06 0.113002 0.000000 0.000000 0.112961 0.113002
22196.06 0.112766 0.000000 0.000000 0.112841 0.112766
22201.06 0.112729 0.000000 0.000000 0.112720 0.112729
22206.06 0.112513 0.000000 0.000000 0.112600 0.112513
22211.06 0.112388 0.000000 0.000000 0.112480 0.112388
22216.06 0.112788 0.000000 0.000000 0.112360 0.112788
22221.06 0.111948 0.000000 0.000000 0.112240 0.111948
22226.06 0.108883 0.000000 0.000000 0.112120 0.108883
22231.07 0.110155 0.000000 0.000000 0.112001 0.110155
22236.07 0.111596 0.000000 0.000000 0.111881 0.111596
22241.07 0.111698 0.000000 0.000000 0.111761 0.111698
22246.07 0.109840 0.000000 0.000000 0.111642 0.109840
22251.07 0.109704 0.000000 0.000000 0.111523 0.109704
22256.07 0.111532 0.000000 0.000000 0.111403 0.111532
22261.07 0.111155 0.000000 0.000000 0.111284 0.111155
22266.08 0.111811 0.000000 0.000000 0.111165 0.111811
22271.08 0.109306 0.000000 0.000000 0.111046 0.109306
22276.08 0.108626 0.000000 0.000000 0.110928 0.108626
22281.08 0.110692 0.000000 0.000000 0.110809 0.110692
22286.08 0.109401 0.000000 0.000000 0.110690 0.109401
22291.08 0.108249 0.000000 0.000000 0.110572 0.108249
22296.08 0.109841 0.000000 0.000000 0.110454 0.109841
22301.09 0.110339 0.000000 0.000000 0.110335 0.110339
22306.09 0.110492 0.000000 0.000000 0.110217 0.110492
22311.09 0.110161 0.000000 0.000000 0.110099 0.110161
22316.09 0.110161 0.000000 0.000000 0.109981 0.110161
22321.09 0.109470 0.000000 0.000000 0.109863 0.109470
22326.09 0.108316 0.000000 0.000000 0.109745 0.108316
22331.09 0.108467 0.000000 0.000000 0.109628 0.108467
22336.09 0.109450 0.000000 0.000000 0.109510 0.109450
22341.10 0.110482 0.000000 0.000000 0.109393 0.110482
22346.10 0.109755 0.000000 0.000000 0.109275 0.109755
22351.10 0.109374 0.000000 0.000000 0.109158 0.109374
22356.10 0.108776 0.000000 0.000000 0.109041 0.108776
22361.10 0.108499 0.000000 0.000000 0.108924 0.108499
22366.10 0.108415 0.000000 0.000000 0.108807 0.108415
22371.10 0.108088 0.000000 0.000000 0.108690 0.108088
22376.11 0.108314 0.000000 0.000000 0.108573 0.108314
22381.11 0.108198 0.000000 0.000000 0.108456 0.108198
22386.11 0.107519 0.000000 0.000000 0.108340 0.107519
22391.11 0.106336 0.000000 0.000000 0.108223 0.106336
22396.11 0.103551 0.000000 0.000000 0.108107 0.103551
22401.11 0.104780 0.000000 0.000000 0.107991 0.104780
22406.11 0.106810 0.000000 0.000000 0.107875 0.106810
22411.12 0.106614 0.000000 0.000000 0.107759 0.106614
22416.12 0.107892 0.000000 0.000000 0.107643 0.107892
22421.12 0.108010 0.000000 0.000000 0.107527 0.108010
22426.12 0.107281 0.000000 0.000000 0.107411 0.107281
22431.12 0.107275 0.000000 0.000000 0.107295 0.107275
22436.12 0.106625 0.000000 0.000000 0.107180 0.106625
22441.12 0.107557 0.000000 0.000000 0.107064 0.107557
22446.12 0.107548 0.000000 0.000000 0.106949 0.107548
22451.13 0.106538 0.000000 0.000000 0.106834 0.106538
22456.13 0.106698 0.000000 0.000000 0.106719 0.106698
22461.13 0.106293 0.000000 0.000000 0.106604 0.106293
22466.13 0.106917 0.000000 0.000000 0.106489 0.106917
22471.13 0.106884 0.000000 0.000000 0.106374 0.106884
22476.13 0.107511 0.000000 0.000000 0.106259 0.107511
22481.13 0.105411 0.000000 0.000000 0.106144 0.105411
22486.14 0.104816 0.000000 0.000000 0.106030 0.104816
22491.14 0.103850 0.000000 0.000000 0.105915 0.103850
22496.14 0.105458 0.000000 0.000000 0.105801 0.105458
22501.14 0.106366 0.000000 0.000000 0.105687 0.106366
22506.14 0.106247 0.000000 0.000000 0.105573 0.106247
22511.14 0.105695 0.000000 0.000000 0.105459 0.105695
22516.14 0.104968 0.000000 0.000000 0.105345 0.104968
22521.14 0.104975 0.000000 0.000000 0.105231 0.104975
22526.15 0.104680 0.000000 0.000000 0.105117 0.104680
22531.15 0.104773 0.000000 0.000000 0.105003 0.104773
22536.15 0.104558 0.000000 0.000000 0.104890 0.104558
22541.15 0.104829 0.000000 0.000000 0.104776 0.104829
22546.15 0.104355 0.000000 0.000000 0.104663 0.104355
22551.15 0.101428 0.000000 0.000000 0.104550 0.101428
22556.15 0.101633 0.000000 0.000000 0.104437 0.101633
22561.16 0.104594 0.000000 0.000000 0.104323 0.104594
22566.16 0.104087 0.000000 0.000000 0.104210 0.104087
22571.16 0.104152 0.000000 0.000000 0.104098 0.104152
22576.16 0.103986 0.000000 0.000000 0.103985 0.103986
22581.16 0.103081 0.000000 0.000000 0.103872 0.103081
22586.16 0.104171 0.000000 0.000000 0.103760 0.104171
22591.16 0.103128 0.000000 0.000000 0.103647 0.103128
22596.17 0.102535 0.000000 0.000000 0.103535 0.102535
22601.17 0.103437 0.000000 0.000000 0.103423 0.103437
22606.17 0.104027 0.000000 0.000000 0.103310 0.104027
22611.17 0.103239 0.000000 0.000000 0.103198 0.103239
22616.17 0.103413 0.000000 0.000000 0.103086 0.103413
22621.17 0.101905 0.000000 0.000000 0.102975 0.101905
22626.17 0.099315 0.000000 0.000000 0.102863 0.099315
22631.17 0.099514 0.000000 0.000000 0.102751 0.099514
22636.18 0.096533 0.000000 0.000000 0.102640 0.096533
22641.18 0.096654 0.000000 0.000000 0.102528 0.096654
22646.18 0.098853 0.000000 0.000000 0.102417 0.098853
22651.18 0.101554 0.000000 0.000000 0.102305 0.101554
22656.18 0.101477 0.000000 0.000000 0.102194 0.101477
22661.18 0.100205 0.000000 0.000000 0.102083 0.100205
22666.18 0.098186 0.000000 0.000000 0.101972 0.098186
22671.19 0.097064 0.000000 0.000000 0.101861 0.097064
22676.19 0.100316 0.000000 0.000000 0.101751 0.100316
22681.19 0.100308 0.000000 0.000000 0.101640 0.100308
22686.19 0.101511 0.000000 0.000000 0.101529 0.101511
22691.19 0.102613 0.000000 0.000000 0.101419 0.102613
22696.19 0.100376 0.000000 0.000000 0.101308 0.100376
22701.19 0.100584 0.000000 0.000000 0.101198 0.100584
22706.20 0.101606 0.000000 0.000000 0.101088 0.101606
22711.20 0.101199 0.000000 0.000000 0.100978 0.101199
22716.20 0.100935 0.000000 0.000000 0.100868 0.100935
22721.20 0.101007 0.000000 0.000000 0.100758 0.101007
22726.20 0.100677 0.000000 0.000000 0.100648 0.100677
22731.20 0.101035 0.000000 0.000000 0.100538 0.101035
22736.20 0.100114 0.000000 0.000000 0.100429 0.100114
22741.20 0.100311 0.000000 0.000000 0.100319 0.100311
22746.21 0.100653 0.000000 0.000000 0.100210 0.100653
22751.21 0.100422 0.000000 0.000000 0.100101 0.100422
22756.21 0.099786 0.000000 0.000000 0.099991 0.099786
22761.21 0.100289 0.000000 0.000000 0.099882 0.100289
22766.21 0.099276 0.000000 0.000000 0.099773 0.099276
22771.21 0.099622 0.000000 0.000000 0.099664 0.099622
22776.21 0.099753 0.000000 0.000000 0.099556 0.099753
22781.22 0.099521 0.000000 0.000000 0.099447 0.099521
22786.22 0.099745 0.000000 0.000000 0.099338 0.099745
22791.22 0.099504 0.000000 0.000000 0.099230 0.099504
22796.22 0.099054 0.000000 0.000000 0.099121 0.099054
22801.22 0.098653 0.000000 0.000000 0.099013 0.098653
22806.22 0.098856 0.000000 0.000000 0.098905 0.098856
22811.22 0.098563 0.000000 0.000000 0.098796 0.098563
22816.23 0.097654 0.000000 0.000000 0.098688 0.097654
22821.23 0.096702 0.000000 0.000000 0.098581 0.096702
22826.23 0.094934 0.000000 0.000000 0.098473 0.094934
22831.23 0.097524 0.000000 0.000000 0.098365 0.097524
22836.23 0.096795 0.000000 0.000000 0.098257 0.096795
22841.23 0.096414 0.000000 0.000000 0.098150 0.096414
22846.23 0.096705 0.000000 0.000000 0.098042 0.096705
22851.23 0.095063 0.000000 0.000000 0.097935 0.095063
22856.24 0.097201 0.000000 0.000000 0.097828 0.097201
22861.24 0.096528 0.000000 0.000000 0.097720 0.096528
22866.24 0.096378 0.000000 0.000000 0.097613 0.096378
22871.24 0.096516 0.000000 0.000000 0.097506 0.096516
22876.24 0.096221 0.000000 0.000000 0.097400 0.096221
22881.24 0.097024 0.000000 0.000000 0.097293 0.097024
22886.24 0.096564 0.000000 0.000000 0.097186 0.096564
22891.25 0.095902 0.000000 0.000000 0.097080 0.095902
22896.25 0.096374 0.000000 0.000000 0.096973 0.096374
22901.25 0.096175 0.000000 0.000000 0.096867 0.096175
22906.25 0.095940 0.000000 0.000000 0.096760 0.095940
22911.25 0.096882 0.000000 0.000000 0.096654 0.096882
22916.25 0.097969 0.000000 0.000000 0.096548 0.097969
22921.25 0.097095 0.000000 0.000000 0.096442 0.097095
22926.26 0.098501 0.000000 0.000000 0.096336 0.098501
22931.26 0.098772 0.000000 0.000000 0.096230 0.098772
22936.26 0.098377 0.000000 0.000000 0.096125 0.098377
22941.26 0.093860 0.000000 0.000000 0.096019 0.093860
22946.26 0.073269 0.000000 0.000000 0.095913 0.073269
22951.26 0.067290 0.000000 0.000000 0.095808 0.067290
22956.26 0.074180 0.000000 0.000000 0.095703 0.074180
22961.26 0.079103 0.000000 0.000000 0.095597 0.079103
22966.27 0.083141 0.000000 0.000000 0.095492 0.083141
22971.27 0.084847 0.000000 0.000000 0.095387 0.084847
22976.27 0.085337 0.000000 0.000000 0.095282 0.085337
22981.27 0.085221 0.000000 0.000000 0.095178 0.085221
22986.27 0.089201 0.000000 0.000000 0.095073 0.089201
22991.27 0.090847 0.000000 0.000000 0.094968 0.090847
22996.27 0.091165 0.000000 0.000000 0.094864 0.091165
23001.28 0.090184 0.000000 0.000000 0.094759 0.090184
23006.28 0.091752 0.000000 0.000000 0.094655 0.091752
23011.28 0.092867 0.000000 0.000000 0.094550 0.092867
23016.28 0.092210 0.000000 0.000000 0.094446 0.092210
23021.28 0.093396 0.000000 0.000000 0.094342 0.093396
23026.28 0.094077 0.000000 0.000000 0.094238 0.094077
23031.28 0.093883 0.000000 0.000000 0.094134 0.093883
23036.29 0.094125 0.000000 0.000000 0.094030 0.094125
23041.29 0.093071 0.000000 0.000000 0.093927 0.093071
23046.29 0.092652 0.000000 0.000000 0.093823 0.092652
23051.29 0.091973 0.000000 0.000000 0.093720 0.091973
23056.29 0.091107 0.000000 0.000000 0.093616 0.091107
23061.29 0.091676 0.000000 0.000000 0.093513 0.091676
23066.29 0.090904 0.000000 0.000000 0.093410 0.090904
23071.29 0.090887 0.000000 0.000000 0.093307 0.090887
23076.30 0.091091 0.000000 0.000000 0.093204 0.091091
23081.30 0.091387 0.000000 0.000000 0.093101 0.091387
23086.30 0.091554 0.000000 0.000000 0.092998 0.091554
23091.30 0.091009 0.000000 0.000000 0.092895 0.091009
23096.30 0.092488 0.000000 0.000000 0.092792 0.092488
23101.30 0.090473 0.000000 0.000000 0.092690 0.090473
23106.30 0.093223 0.000000 0.000000 0.092587 0.093223
23111.31 0.089737 0.000000 0.000000 0.092485 0.089737
23116.31 0.092647 0.000000 0.000000 0.092383 0.092647
23121.31 0.090787 0.000000 0.000000 0.092281 0.090787
23126.31 0.091031 0.000000 0.000000 0.092178 0.091031
23131.31 0.091992 0.000000 0.000000 0.092076 0.091992
23136.31 0.089661 0.000000 0.000000 0.091975 0.089661
23141.31 0.092572 0.000000 0.000000 0.091873 0.092572
23146.32 0.090315 0.000000 0.000000 0.091771 0.090315
23151.32 0.090435 0.000000 0.000000 0.091669 0.090435
23156.32 0.089753 0.000000 0.000000 0.091568 0.089753
23161.32 0.086991 0.000000 0.000000 0.091466 0.086991
23166.32 0.091435 0.000000 0.000000 0.091365 0.091435
23171.32 0.090948 0.000000 0.000000 0.091264 0.090948
23176.32 0.090021 0.000000 0.000000 0.091163 0.090021
23181.32 0.089738 0.000000 0.000000 0.091062 0.089738
23186.33 0.087403 0.000000 0.000000 0.090961 0.087403
23191.33 0.089248 0.000000 0.000000 0.090860 0.089248
23196.33 0.091578 0.000000 0.000000 0.090759 0.091578
23201.33 0.089906 0.000000 0.000000 0.090659 0.089906
23206.33 0.091596 0.000000 0.000000 0.090558 0.091596
23211.33 0.091778 0.000000 0.000000 0.090457 0.091778
23216.33 0.089557 0.000000 0.000000 0.090357 0.089557
23221.34 0.092455 0.000000 0.000000 0.090257 0.092455
23226.34 0.091446 0.000000 0.000000 0.090157 0.091446
23231.34 0.085695 0.000000 0.000000 0.090056 0.085695
23236.34 0.068998 0.000000 0.000000 0.089956 0.068998
23241.34 0.060811 0.000000 0.000000 0.089857 0.060811
23246.34 0.067691 0.000000 0.000000 0.089757 0.067691
23251.34 0.073673 0.000000 0.000000 0.089657 0.073673
23256.35 0.075329 0.000000 0.000000 0.089557 0.075329
23261.35 0.075613 0.000000 0.000000 0.089458 0.075613
23266.35 0.079150 0.000000 0.000000 0.089358 0.079150
23271.35 0.080316 0.000000 0.000000 0.089259 0.080316
23276.35 0.080612 0.000000 0.000000 0.089160 0.080612
23281.35 0.082554 0.000000 0.000000 0.089061 0.082554
23286.35 0.084377 0.000000 0.000000 0.088962 0.084377
23291.35 0.083514 0.000000 0.000000 0.088863 0.083514
23296.36 0.081278 0.000000 0.000000 0.088764 0.081278
23301.36 0.084754 0.000000 0.000000 0.088665 0.084754
23306.36 0.084646 0.000000 0.000000 0.088566 0.084646
23311.36 0.083077 0.000000 0.000000 0.088468 0.083077
23316.36 0.085696 0.000000 0.000000 0.088369 0.085696
23321.36 0.084912 0.000000 0.000000 0.088271 0.084912
23326.36 0.084715 0.000000 0.000000 0.088172 0.084715
23331.37 0.086881 0.000000 0.000000 0.088074 0.086881
23336.37 0.086980 0.000000 0.000000 0.087976 0.086980
23341.37 0.086999 0.000000 0.000000 0.087878 0.086999
23346.37 0.083980 0.000000 0.000000 0.087780 0.083980
23351.37 0.089211 0.000000 0.000000 0.087682 0.089211
23356.37 0.089481 0.000000 0.000000 0.087584 0.089481
23361.37 0.087333 0.000000 0.000000 0.087487 0.087333
23366.38 0.083754 0.000000 0.000000 0.087389 0.083754
23371.38 0.090475 0.000000 0.000000 0.087292 0.090475
23376.38 0.087092 0.000000 0.000000 0.087194 0.087092
23381.38 0.085391 0.000000 0.000000 0.087097 0.085391
23386.38 0.085050 0.000000 0.000000 0.087000 0.085050
23391.38 0.084460 0.000000 0.000000 0.086902 0.084460
23396.38 0.085355 0.000000 0.000000 0.086805 0.085355
23401.38 0.083104 0.000000 0.000000 0.086709 0.083104
23406.39 0.086502 0.000000 0.000000 0.086612 0.086502
23411.39 0.085272 0.000000 0.000000 0.086515 0.085272
23416.39 0.086669 0.000000 0.000000 0.086418 0.086669
23421.39 0.084539 0.000000 0.000000 0.086322 0.084539
23426.39 0.084044 0.000000 0.000000 0.086225 0.084044
23431.39 0.089091 0.000000 0.000000 0.086129 0.089091
23436.39 0.086803 0.000000 0.000000 0.086033 0.086803
23441.40 0.086438 0.000000 0.000000 0.085936 0.086438
23446.40 0.087350 0.000000 0.000000 0.085840 0.087350
23451.40 0.085094 0.000000 0.000000 0.085744 0.085094
23456.40 0.077446 0.000000 0.000000 0.085648 0.077446
23461.40 0.070205 0.000000 0.000000 0.085552 0.070205
23466.40 0.075063 0.000000 0.000000 0.085457 0.075063
23471.40 0.080881 0.000000 0.000000 0.085361 0.080881
23476.41 0.079779 0.000000 0.000000 0.085266 0.079779
23481.41 0.082642 0.000000 0.000000 0.085170 0.082642
23486.41 0.083636 0.000000 0.000000 0.085075 0.083636
23491.41 0.080254 0.000000 0.000000 0.084979 0.080254
23496.41 0.082981 0.000000 0.000000 0.084884 0.082981
23501.41 0.082428 0.000000 0.000000 0.084789 0.082428
23506.41 0.080042 0.000000 0.000000 0.084694 0.080042
23511.41 0.083890 0.000000 0.000000 0.084599 0.083890
23516.42 0.084928 0.000000 0.000000 0.084504 0.084928
23521.42 0.083205 0.000000 0.000000 0.084410 0.083205
23526.42 0.081239 0.000000 0.000000 0.084315 0.081239
23531.42 0.068373 0.000000 0.000000 0.084221 0.068373
23536.42 0.056637 0.000000 0.000000 0.084126 0.056637
23541.42 0.060472 0.000000 0.000000 0.084032 0.060472
23546.42 0.063331 0.000000 0.000000 0.083937 0.063331
23551.43 0.065311 0.000000 0.000000 0.083843 0.065311
23556.43 0.069148 0.000000 0.000000 0.083749 0.069148
23561.43 0.073190 0.000000 0.000000 0.083655 0.073190
23566.43 0.072060 0.000000 0.000000 0.083561 0.072060
23571.43 0.071693 0.000000 0.000000 0.083467 0.071693
23576.43 0.078581 0.000000 0.000000 0.083374 0.078581
23581.43 0.077196 0.000000 0.000000 0.083280 0.077196
23586.44 0.079590 0.000000 0.000000 0.083187 0.079590
23591.44 0.081202 0.000000 0.000000 0.083093 0.081202
23596.44 0.077954 0.000000 0.000000 0.083000 0.077954
23601.44 0.077177 0.000000 0.000000 0.082906 0.077177
23606.44 0.079112 0.000000 0.000000 0.082813 0.079112
23611.44 0.081315 0.000000 0.000000 0.082720 0.081315
23616.44 0.081689 0.000000 0.000000 0.082627 0.081689
23621.44 0.082309 0.000000 0.000000 0.082534 0.082309
23626.45 0.082695 0.000000 0.000000 0.082441 0.082695
23631.45 0.083159 0.000000 0.000000 0.082349 0.083159
23636.45 0.079507 0.000000 0.000000 0.082256 0.079507
23641.45 0.077778 0.000000 0.000000 0.082164 0.077778
23646.45 0.083479 0.000000 0.000000 0.082071 0.083479
23651.45 0.084304 0.000000 0.000000 0.081979 0.084304
23656.45 0.079764 0.000000 0.000000 0.081886 0.079764
23661.46 0.079282 0.000000 0.000000 0.081794 0.079282
23666.46 0.080728 0.000000 0.000000 0.081702 0.080728
23671.46 0.082649 0.000000 0.000000 0.081610 0.082649
23676.46 0.082485 0.000000 0.000000 0.081518 0.082485
23681.46 0.083628 0.000000 0.000000 0.081426 0.083628
23686.46 0.080787 0.000000 0.000000 0.081335 0.080787
23691.46 0.084976 0.000000 0.000000 0.081243 0.084976
23696.46 0.081585 0.000000 0.000000 0.081152 0.081585
23701.47 0.081706 0.000000 0.000000 0.081060 0.081706
23706.47 0.081900 0.000000 0.000000 0.080969 0.081900
23711.47 0.080480 0.000000 0.000000 0.080877 0.080480
23716.47 0.077188 0.000000 0.000000 0.080786 0.077188
23721.47 0.079339 0.000000 0.000000 0.080695 0.079339
23726.47 0.080124 0.000000 0.000000 0.080604 0.080124
23731.47 0.080988 0.000000 0.000000 0.080513 0.080988
23736.48 0.076297 0.000000 0.000000 0.080422 0.076297
23741.48 0.079167 0.000000 0.000000 0.080332 0.079167
23746.48 0.078495 0.000000 0.000000 0.080241 0.078495
23751.48 0.069810 0.000000 0.000000 0.080150 0.069810
23756.48 0.071485 0.000000 0.000000 0.080060 0.071485
23761.48 0.072465 0.000000 0.000000 0.079969 0.072465
23766.48 0.074493 0.000000 0.000000 0.079879 0.074493
23771.49 0.077023 0.000000 0.000000 0.079789 0.077023
23776.49 0.077239 0.000000 0.000000 0.079699 0.077239
23781.49 0.080192 0.000000 0.000000 0.079609 0.080192
23786.49 0.080034 0.000000 0.000000 0.079519 0.080034
23791.49 0.071907 0.000000 0.000000 0.079429 0.071907
23796.49 0.077411 0.000000 0.000000 0.079339 0.077411
23801.49 0.078437 0.000000 0.000000 0.079250 0.078437
23806.49 0.077478 0.000000 0.000000 0.079160 0.077478
23811.50 0.082881 0.000000 0.000000 0.079071 0.082881
23816.50 0.080411 0.000000 0.000000 0.078981 0.080411
23821.50 0.074360 0.000000 0.000000 0.078892 0.074360
23826.50 0.079286 0.000000 0.000000 0.078803 0.079286
23831.50 0.082193 0.000000 0.000000 0.078713 0.082193
23836.50 0.074578 0.000000 0.000000 0.078624 0.074578
23841.50 0.058746 0.000000 0.000000 0.078535 0.058746
23846.51 0.056472 0.000000 0.000000 0.078447 0.056472
23851.51 0.061463 0.000000 0.000000 0.078358 0.061463
23856.51 0.069633 0.000000 0.000000 0.078269 0.069633
23861.51 0.072440 0.000000 0.000000 0.078181 0.072440
23866.51 0.070923 0.000000 0.000000 0.078092 0.070923
23871.51 0.070503 0.000000 0.000000 0.078004 0.070503
23876.51 0.071498 0.000000 0.000000 0.077915 0.071498
23881.52 0.074682 0.000000 0.000000 0.077827 0.074682
23886.52 0.073511 0.000000 0.000000 0.077739 0.073511
23891.52 0.074250 0.000000 0.000000 0.077651 0.074250
23896.52 0.075474 0.000000 0.000000 0.077563 0.075474
23901.52 0.071418 0.000000 0.000000 0.077475 0.071418
23906.52 0.073440 0.000000 0.000000 0.077387 0.073440
23911.52 0.074027 0.000000 0.000000 0.077299 0.074027
23916.52 0.075906 0.000000 0.000000 0.077212 0.075906
23921.53 0.075839 0.000000 0.000000 0.077124 0.075839
23926.53 0.073130 0.000000 0.000000 0.077037 0.073130
23931.53 0.071293 0.000000 0.000000 0.076949 0.071293
23936.53 0.069549 0.000000 0.000000 0.076862 0.069549
23941.53 0.072932 0.000000 0.000000 0.076775 0.072932
23946.53 0.076117 0.000000 0.000000 0.076688 0.076117
23951.53 0.076239 0.000000 0.000000 0.076601 0.076239
23956.54 0.070659 0.000000 0.000000 0.076514 0.070659
23961.54 0.071696 0.000000 0.000000 0.076427 0.071696
23966.54 0.074923 0.000000 0.000000 0.076340 0.074923
23971.54 0.076039 0.000000 0.000000 0.076254 0.076039
23976.54 0.076213 0.000000 0.000000 0.076167 0.076213
23981.54 0.077418 0.000000 0.000000 0.076081 0.077418
23986.54 0.069745 0.000000 0.000000 0.075994 0.069745
23991.55 0.074289 0.000000 0.000000 0.075908 0.074289
23996.55 0.073868 0.000000 0.000000 0.075822 0.073868
24001.55 0.077900 0.000000 0.000000 0.075735 0.077900
24006.55 0.076994 0.000000 0.000000 0.075649 0.076994
24011.55 0.068353 0.000000 0.000000 0.075563 0.068353
24016.55 0.072178 0.000000 0.000000 0.075478 0.072178
24021.55 0.076113 0.000000 0.000000 0.075392 0.076113
24026.55 0.077980 0.000000 0.000000 0.075306 0.077980
24031.56 0.076919 0.000000 0.000000 0.075220 0.076919
24036.56 0.074205 0.000000 0.000000 0.075135 0.074205
24041.56 0.074304 0.000000 0.000000 0.075049 0.074304
24046.56 0.062451 0.000000 0.000000 0.074964 0.062451
24051.56 0.066453 0.000000 0.000000 0.074879 0.066453
24056.56 0.067664 0.000000 0.000000 0.074794 0.067664
24061.56 0.066645 0.000000 0.000000 0.074709 0.066645
24066.57 0.071769 0.000000 0.000000 0.074624 0.071769
24071.57 0.069555 0.000000 0.000000 0.074539 0.069555
24076.57 0.069949 0.000000 0.000000 0.074454 0.069949
24081.57 0.076583 0.000000 0.000000 0.074369 0.076583
24086.57 0.073355 0.000000 0.000000 0.074284 0.073355
24091.57 0.071346 0.000000 0.000000 0.074200 0.071346
24096.57 0.073483 0.000000 0.000000 0.074115 0.073483
24101.58 0.069881 0.000000 0.000000 0.074031 0.069881
24106.58 0.070112 0.000000 0.000000 0.073947 0.070112
24111.58 0.074442 0.000000 0.000000 0.073862 0.074442
24116.58 0.070057 0.000000 0.000000 0.073778 0.070057
24121.58 0.071723 0.000000 0.000000 0.073694 0.071723
24126.58 0.075617 0.000000 0.000000 0.073610 0.075617
24131.58 0.075540 0.000000 0.000000 0.073526 0.075540
24136.58 0.071199 0.000000 0.000000 0.073443 0.071199
24141.59 0.063123 0.000000 0.000000 0.073359 0.063123
24146.59 0.054287 0.000000 0.000000 0.073275 0.054287
24151.59 0.053628 0.000000 0.000000 0.073192 0.053628
24156.59 0.060106 0.000000 0.000000 0.073108 0.060106
24161.59 0.064286 0.000000 0.000000 0.073025 0.064286
24166.59 0.061504 0.000000 0.000000 0.072942 0.061504
24171.59 0.060434 0.000000 0.000000 0.072858 0.060434
24176.60 0.063802 0.000000 0.000000 0.072775 0.063802
24181.60 0.066853 0.000000 0.000000 0.072692 0.066853
24186.60 0.068660 0.000000 0.000000 0.072609 0.068660
24191.60 0.072646 0.000000 0.000000 0.072527 0.072646
24196.60 0.070748 0.000000 0.000000 0.072444 0.070748
24201.60 0.062814 0.000000 0.000000 0.072361 0.062814
24206.60 0.065583 0.000000 0.000000 0.072279 0.065583
24211.61 0.068260 0.000000 0.000000 0.072196 0.068260
24216.61 0.068581 0.000000 0.000000 0.072114 0.068581
24221.61 0.069038 0.000000 0.000000 0.072031 0.069038
24226.61 0.067077 0.000000 0.000000 0.071949 0.067077
24231.61 0.067320 0.000000 0.000000 0.071867 0.067320
24236.61 0.065067 0.000000 0.000000 0.071785 0.065067
24241.61 0.068743 0.000000 0.000000 0.071703 0.068743
24246.61 0.074661 0.000000 0.000000 0.071621 0.074661
24251.62 0.072738 0.000000 0.000000 0.071539 0.072738
24256.62 0.068907 0.000000 0.000000 0.071457 0.068907
24261.62 0.065266 0.000000 0.000000 0.071376 0.065266
24266.62 0.070588 0.000000 0.000000 0.071294 0.070588
24271.62 0.069535 0.000000 0.000000 0.071213 0.069535
24276.62 0.069222 0.000000 0.000000 0.071131 0.069222
24281.62 0.068640 0.000000 0.000000 0.071050 0.068640
24286.63 0.068284 0.000000 0.000000 0.070969 0.068284
24291.63 0.065940 0.000000 0.000000 0.070888 0.065940
24296.63 0.069084 0.000000 0.000000 0.070807 0.069084
24301.63 0.072853 0.000000 0.000000 0.070726 0.072853
24306.63 0.069742 0.000000 0.000000 0.070645 0.069742
24311.63 0.070249 0.000000 0.000000 0.070564 0.070249
24316.63 0.066863 0.000000 0.000000 0.070483 0.066863
24321.64 0.066290 0.000000 0.000000 0.070403 0.066290
24326.64 0.073097 0.000000 0.000000 0.070322 0.073097
24331.64 0.073620 0.000000 0.000000 0.070242 0.073620
24336.64 0.072439 0.000000 0.000000 0.070161 0.072439
24341.64 0.065697 0.000000 0.000000 0.070081 0.065697
24346.64 0.062043 0.000000 0.000000 0.070001 0.062043
24351.64 0.064800 0.000000 0.000000 0.069921 0.064800
24356.64 0.068902 0.000000 0.000000 0.069841 0.068902
24361.65 0.070630 0.000000 0.000000 0.069761 0.070630
24366.65 0.067006 0.000000 0.000000 0.069681 0.067006
24371.65 0.062487 0.000000 0.000000 0.069601 0.062487
24376.65 0.065375 0.000000 0.000000 0.069521 0.065375
24381.65 0.067194 0.000000 0.000000 0.069442 0.067194
24386.65 0.062911 0.000000 0.000000 0.069362 0.062911
24391.65 0.064388 0.000000 0.000000 0.069283 0.064388
24396.66 0.066688 0.000000 0.000000 0.069203 0.066688
24401.66 0.067529 0.000000 0.000000 0.069124 0.067529
24406.66 0.068347 0.000000 0.000000 0.069045 0.068347
24411.66 0.067792 0.000000 0.000000 0.068966 0.067792
24416.66 0.063686 0.000000 0.000000 0.068887 0.063686
24421.66 0.065468 0.000000 0.000000 0.068808 0.065468
24426.66 0.067595 0.000000 0.000000 0.068729 0.067595
24431.67 0.071271 0.000000 0.000000 0.068650 0.071271
24436.67 0.069959 0.000000 0.000000 0.068572 0.069959
24441.67 0.071757 0.000000 0.000000 0.068493 0.071757
24446.67 0.069860 0.000000 0.000000 0.068414 0.069860
24451.67 0.063152 0.000000 0.000000 0.068336 0.063152
24456.67 0.064671 0.000000 0.000000 0.068258 0.064671
24461.67 0.073464 0.000000 0.000000 0.068179 0.073464
24466.67 0.064180 0.000000 0.000000 0.068101 0.064180
24471.68 0.054381 0.000000 0.000000 0.068023 0.054381
24476.68 0.058594 0.000000 0.000000 0.067945 0.058594
24481.68 0.056233 0.000000 0.000000 0.067867 0.056233
24486.68 0.055104 0.000000 0.000000 0.067789 0.055104
24491.68 0.060436 0.000000 0.000000 0.067712 0.060436
24496.68 0.065254 0.000000 0.000000 0.067634 0.065254
24501.68 0.065331 0.000000 0.000000 0.067556 0.065331
24506.69 0.066383 0.000000 0.000000 0.067479 0.066383
24511.69 0.064108 0.000000 0.000000 0.067401 0.064108
24516.69 0.067498 0.000000 0.000000 0.067324 0.067498
24521.69 0.069779 0.000000 0.000000 0.067247 0.069779
24526.69 0.067258 0.000000 0.000000 0.067170 0.067258
24531.69 0.065860 0.000000 0.000000 0.067092 0.065860
24536.69 0.067790 0.000000 0.000000 0.067015 0.067790
24541.70 0.067041 0.000000 0.000000 0.066939 0.067041
24546.70 0.067922 0.000000 0.000000 0.066862 0.067922
24551.70 0.069627 0.000000 0.000000 0.066785 0.069627
24556.70 0.068485 0.000000 0.000000 0.066708 0.068485
24561.70 0.065264 0.000000 0.000000 0.066632 0.065264
24566.70 0.063466 0.000000 0.000000 0.066555 0.063466
24571.70 0.065768 0.000000 0.000000 0.066479 0.065768
24576.70 0.063074 0.000000 0.000000 0.066402 0.063074
24581.71 0.063901 0.000000 0.000000 0.066326 0.063901
24586.71 0.063693 0.000000 0.000000 0.066250 0.063693
24591.71 0.064001 0.000000 0.000000 0.066174 0.064001
24596.71 0.067701 0.000000 0.000000 0.066098 0.067701
24601.71 0.066133 0.000000 0.000000 0.066022 0.066133
24606.71 0.065949 0.000000 0.000000 0.065946 0.065949
24611.71 0.065869 0.000000 0.000000 0.065870 0.065869
24616.72 0.065794 0.000000 0.000000 0.065794 0.000000
24621.72 0.065719 0.000000 0.000000 0.065719 0.000000
24626.72 0.065643 0.000000 0.000000 0.065643 0.000000
24631.72 0.065568 0.000000 0.000000 0.065568 0.000000
24636.72 0.065493 0.000000 0.000000 0.065493 0.000000
24641.72 0.065417 0.000000 0.000000 0.065417 0.000000
24646.72 0.065342 0.000000 0.000000 0.065342 0.000000
24651.73 0.065267 0.000000 0.000000 0.065267 0.000000
24656.73 0.065192 0.000000 0.000000 0.065192 0.000000
24661.73 0.065117 0.000000 0.000000 0.065117 0.000000
24666.73 0.065042 0.000000 0.000000 0.065042 0.000000
24671.73 0.064967 0.000000 0.000000 0.064967 0.000000
24676.73 0.064893 0.000000 0.000000 0.064893 0.000000
24681.73 0.064818 0.000000 0.000000 0.064818 0.000000
24686.73 0.064743 0.000000 0.000000 0.064743 0.000000
24691.74 0.064669 0.000000 0.000000 0.064669 0.000000
24696.74 0.064595 0.000000 0.000000 0.064595 0.000000
24701.74 0.064520 0.000000 0.000000 0.064520 0.000000
24706.74 0.064446 0.000000 0.000000 0.064446 0.000000
24711.74 0.064372 0.000000 0.000000 0.064372 0.000000
24716.74 0.064298 0.000000 0.000000 0.064298 0.000000
24721.74 0.064224 0.000000 0.000000 0.064224 0.000000
24726.75 0.064150 0.000000 0.000000 0.064150 0.000000
24731.75 0.064076 0.000000 0.000000 0.064076 0.000000
24736.75 0.064002 0.000000 0.000000 0.064002 0.000000
24741.75 0.063929 0.000000 0.000000 0.063929 0.000000
24746.75 0.063855 0.000000 0.000000 0.063855 0.000000
24751.75 0.063782 0.000000 0.000000 0.063782 0.000000
24756.75 0.063708 0.000000 0.000000 0.063708 0.000000
24761.76 0.063635 0.000000 0.000000 0.063635 0.000000
24766.76 0.063562 0.000000 0.000000 0.063562 0.000000
24771.76 0.063489 0.000000 0.000000 0.063489 0.000000
24776.76 0.063416 0.000000 0.000000 0.063416 0.000000
24781.76 0.063343 0.000000 0.000000 0.063343 0.000000
24786.76 0.063270 0.000000 0.000000 0.063270 0.000000
24791.76 0.063197 0.000000 0.000000 0.063197 0.000000
24796.76 0.063124 0.000000 0.000000 0.063124 0.000000
24801.77 0.063051 0.000000 0.000000 0.063051 0.000000
24806.77 0.062979 0.000000 0.000000 0.062979 0.000000
24811.77 0.062906 0.000000 0.000000 0.062906 0.000000
24816.77 0.062834 0.000000 0.000000 0.062834 0.000000
24821.77 0.062761 0.000000 0.000000 0.062761 0.000000
24826.77 0.062689 0.000000 0.000000 0.062689 0.000000
24831.77 0.062617 0.000000 0.000000 0.062617 0.000000
24836.78 0.062545 0.000000 0.000000 0.062545 0.000000
24841.78 0.062473 0.000000 0.000000 0.062473 0.000000
24846.78 0.062401 0.000000 0.000000 0.062401 0.000000
24851.78 0.062329 0.000000 0.000000 0.062329 0.000000
24856.78 0.062257 0.000000 0.000000 0.062257 0.000000
24861.78 0.062186 0.000000 0.000000 0.062186 0.000000
24866.78 0.062114 0.000000 0.000000 0.062114 0.000000
24871.79 0.062042 0.000000 0.000000 0.062042 0.000000
24876.79 0.061971 0.000000 0.000000 0.061971 0.000000
24881.79 0.061900 0.000000 0.000000 0.061900 0.000000
24886.79 0.061828 0.000000 0.000000 0.061828 0.000000
24891.79 0.061757 0.000000 0.000000 0.061757 0.000000
24896.79 0.061686 0.000000 0.000000 0.061686 0.000000
24901.79 0.061615 0.000000 0.000000 0.061615 0.000000
24906.79 0.061544 0.000000 0.000000 0.061544 0.000000
24911.80 0.061473 0.000000 0.000000 0.061473 0.000000
24916.80 0.061402 0.000000 0.000000 0.061402 0.000000
24921.80 0.061331 0.000000 0.000000 0.061331 0.000000
24926.80 0.061261 0.000000 0.000000 0.061261 0.000000
24931.80 0.061190 0.000000 0.000000 0.061190 0.000000
24936.80 0.061120 0.000000 0.000000 0.061120 0.000000
24941.80 0.061049 0.000000 0.000000 0.061049 0.000000
24946.81 0.060979 0.000000 0.000000 0.060979 0.000000
24951.81 0.060909 0.000000 0.000000 0.060909 0.000000
24956.81 0.060838 0.000000 0.000000 0.060838 0.000000
24961.81 0.060768 0.000000 0.000000 0.060768 0.000000
24966.81 0.060698 0.000000 0.000000 0.060698 0.000000
24971.81 0.060628 0.000000 0.000000 0.060628 0.000000
24976.81 0.060558 0.000000 0.000000 0.060558 0.000000
24981.81 0.060489 0.000000 0.000000 0.060489 0.000000
24986.82 0.060419 0.000000 0.000000 0.060419 0.000000
24991.82 0.060349 0.000000 0.000000 0.060349 0.000000
24996.82 0.060280 0.000000 0.000000 0.060280 0.000000
25001.82 0.060210 0.000000 0.000000 0.060210 0.000000
25006.82 0.000000 0.000000 0.000000 0.000000 0.000000
