# lambda   Continuum_m1.7_p0.5  
  100.0    114.37841622472841   
  100.5    113.41272712627546   
  101.0    112.4599232896577    
  101.5    111.51975148034431   
  102.0    110.59202046473472   
  102.5    109.67648739088601   
  103.0    108.77291548630564   
  103.5    107.88112734295783   
  104.0    107.0008957290965    
  104.5    106.13201639987263   
  105.0    105.2742725302174    
  105.5    104.4275033852547    
  106.0    103.59150067934529   
  106.5    102.766077698787     
  107.0    101.95103553161464   
  107.5    101.14622833197826   
  108.0    100.35146484686783   
  108.5    99.56655841047917    
  109.0    98.79137330443393    
  109.5    98.02572993084587    
  110.0    97.26946807179397    
  110.5    96.5224159751245     
  111.0    95.78445019281472    
  111.5    95.05540533359222    
  112.0    94.33513427440572    
  112.5    93.62347873062461    
  113.0    92.92032626816089    
  113.5    92.22552433759373    
  114.0    91.53893763505533    
  114.5    90.8604200605659     
  115.0    90.1898690834037     
  115.5    89.52714378393428    
  116.0    88.87210644512683    
  116.5    88.22466131194881    
  117.0    87.58467547254641    
  117.5    86.95203165859306    
  118.0    86.32660242433445    
  118.5    85.708300270073      
  119.0    85.09700210331161    
  119.5    84.49259965377928    
  120.0    83.89497481399302    
  120.5    83.30404754028706    
  121.0    82.71970367543075    
  121.5    82.14183156331416    
  122.0    81.57035628084493    
  122.5    81.0051698483862     
  123.0    80.44617781286827    
  123.5    79.89327645439066    
  124.0    79.34639711125934    
  124.5    78.80543940876       
  125.0    78.27031582999301    
  125.5    77.7409299025006     
  126.0    77.21721864249182    
  126.5    76.69908862577104    
  127.0    76.18645866342165    
  127.5    75.67923891150564    
  128.0    75.17737154203614    
  128.5    74.68076949275259    
  129.0    74.18934752238924    
  129.5    73.70305136001959    
  130.0    73.22179836390356    
  130.5    72.74551713729674    
  131.0    72.27412812876321    
  131.5    71.80758143603062    
  132.0    71.34579988554822    
  132.5    70.88871703351622    
  133.0    70.43625855298197    
  133.5    69.98837852254582    
  134.0    69.54500479325563    
  134.5    69.10606667813578    
  135.0    68.67152101044198    
  135.5    68.24129914410005    
  136.0    67.8153423388155     
  136.5    67.39358442200843    
  137.0    66.97598561980354    
  137.5    66.56248163308707    
  138.0    66.153017637611      
  138.5    65.747531621045      
  139.0    65.34598691106719    
  139.5    64.94832321719218    
  140.0    64.5544893190459     
  140.5    64.16442704297357    
  141.0    63.778102554977565   
  141.5    63.39545926575363    
  142.0    63.016441687282      
  142.5    62.641017956746026   
  143.0    62.2691340757247     
  143.5    61.90074446451092    
  144.0    61.53579697933894    
  144.5    61.17426219375154    
  145.0    60.81608933733618    
  145.5    60.46123571563426    
  146.0    60.10965228070055    
  146.5    59.76131184190208    
  147.0    59.41616661884393    
  147.5    59.07416973554021    
  148.0    58.73529555780657    
  148.5    58.39949840406573    
  149.0    58.06674011480011    
  149.5    57.736976525942346   
  150.0    57.4101839314692     
  150.5    57.08631927171538    
  151.0    56.76534671645967    
  151.5    56.4472246196874     
  152.0    56.13193104933721    
  152.5    55.819425381596375   
  153.0    55.50966774163556    
  153.5    55.20263743499668    
  154.0    54.89829555206151    
  154.5    54.596609938036636   
  155.0    54.29754293515867    
  155.5    54.00107538533579    
  156.0    53.70717052568608    
  156.5    53.4157980965131     
  157.0    53.126922504418545   
  157.5    52.84052600808757    
  158.0    52.55657384457049    
  158.5    52.275037515496656   
  159.0    51.99588335152062    
  159.5    51.719094918855994   
  160.0    51.44463931951097    
  160.5    51.17248424190309    
  161.0    50.90261416685539    
  161.5    50.63499751301802    
  162.0    50.36960857485179    
  162.5    50.106416745701885   
  163.0    49.84540764468247    
  163.5    49.58655134444638    
  164.0    49.329823586429356   
  164.5    49.07519535708652    
  165.0    48.82265332818961    
  165.5    48.57216911866147    
  166.0    48.323714841647025   
  166.5    48.07727790652227    
  167.0    47.83283102622627    
  167.5    47.590352244161245   
  168.0    47.349815091261824   
  168.5    47.11120789643071    
  169.0    46.874500007168216   
  169.5    46.63968018643792    
  170.0    46.40672318011159    
  170.5    46.17560879671532    
  171.0    45.94631712197438    
  171.5    45.718828514211474   
  172.0    45.49312359983443    
  172.5    45.269174294286415   
  173.0    45.04697976606833    
  173.5    44.82651237440661    
  174.0    44.60775377465921    
  174.5    44.39068586898275    
  175.0    44.175290802317306   
  175.5    43.96155095844766    
  176.0    43.74944895613959    
  176.5    43.53895920935686    
  177.0    43.330081731699764   
  177.5    43.122791323571555   
  178.0    42.91707150647446    
  178.5    42.71290601864025    
  179.0    42.51027881158298    
  179.5    42.30917404671593    
  180.0    42.109568091642025   
  180.5    41.9114615781485     
  181.0    41.714831216976606   
  181.5    41.519661976551944   
  182.0    41.32593901920115    
  182.5    41.13364769812676    
  183.0    40.942773554437444   
  183.5    40.753302314232336   
  184.0    40.56521234630388    
  184.5    40.37850487210487    
  185.0    40.193158560713925   
  185.5    40.00915985008704    
  186.0    39.8264953493662     
  186.5    39.645151836265896   
  187.0    39.465116254506384   
  187.5    39.28636854584296    
  188.0    39.108910360726696   
  188.5    38.93272190865825    
  189.0    38.757790772622265   
  189.5    38.58410468944423    
  190.0    38.41165154748501    
  190.5    38.24041938437583    
  191.0    38.0703963847931     
  191.5    37.90156410979111    
  192.0    37.733924616062396   
  192.5    37.56745970003059    
  193.0    37.40215811307159    
  193.5    37.238008743048      
  194.0    37.07500061230589    
  194.5    36.91312287570597    
  195.0    36.75235837323563    
  195.5    36.592709454330326   
  196.0    36.43415916963403    
  196.5    36.276697185049116   
  197.0    36.12031328964238    
  197.5    35.96499739386935    
  198.0    35.81073952782853    
  198.5    35.657523696361345   
  199.0    35.50535249168565    
  199.5    35.35421010749195    
  200.0    35.20408703557848    
  200.5    35.05497387908817    
  201.0    34.90686135093137    
  201.5    34.759740272234566   
  202.0    34.613601570814986   
  202.5    34.46843045865713    
  203.0    34.32422975315984    
  203.5    34.18098483330572    
  204.0    34.0386870389212     
  204.5    33.89732780926478    
  205.0    33.756898681645865   
  205.5    33.61739129006609    
  206.0    33.47879180605097    
  206.5    33.34110320492166    
  207.0    33.20431180840851    
  207.5    33.06840962413457    
  208.0    32.93338874994477    
  208.5    32.7992413726738     
  209.0    32.665959766933554   
  209.5    32.53353629392009    
  210.0    32.401958123631836   
  210.5    32.271228373916905   
  211.0    32.141334348078416   
  211.5    32.01226874209643    
  212.0    31.884024332848014   
  212.5    31.756593977023172   
  213.0    31.6299706100578     
  213.5    31.50414219878858    
  214.0    31.3791119573691     
  214.5    31.254867972897525   
  215.0    31.131403485456087   
  215.5    31.008711808782724   
  216.0    30.88678632930002    
  216.5    30.76562050515916    
  217.0    30.64520303576043    
  217.5    30.525537208897006   
  218.0    30.406611832606487   
  218.5    30.28842064268787    
  219.0    30.17095744210461    
  219.5    30.054216100113223   
  220.0    29.93819055140521    
  220.5    29.822874795261953   
  221.0    29.708258297582155   
  221.5    29.5943444065881     
  222.0    29.48112268504956    
  222.5    29.368587382411796   
  223.0    29.256732808672155   
  223.5    29.145553333608515   
  224.0    29.035043386019286   
  224.5    28.925193046789442   
  225.0    28.81600569928127    
  225.5    28.707471512118705   
  226.0    28.599585142808287   
  226.5    28.492341304243222   
  227.0    28.38573476400853    
  227.5    28.279760343696427   
  228.0    28.17441291823177    
  228.5    28.069683214193184   
  229.0    27.965574637934516   
  229.5    27.862077994496307   
  230.0    27.759188365585466   
  230.5    27.656900883013623   
  231.0    27.555210728079434   
  231.5    27.454113130959815   
  232.0    27.353599338028157   
  232.5    27.253672762959322   
  233.0    27.15432472336329    
  233.5    27.055550639017646   
  234.0    26.95734597566326    
  234.5    26.85970624444605    
  235.0    26.762627001366784   
  235.5    26.666103846738633   
  236.0    26.570128574441767   
  236.5    26.474704594177233   
  237.0    26.37982376369724    
  237.5    26.285481855294055   
  238.0    26.19167468297317    
  238.5    26.098398101955194   
  239.0    26.00564800818474    
  239.5    25.913416637673475   
  240.0    25.82170738748999    
  240.5    25.730512551763574   
  241.0    25.639828184560937   
  241.5    25.549650378318002   
  242.0    25.45997526338838    
  242.5    25.37079900759804    
  243.0    25.282114257773333   
  243.5    25.193924391130874   
  244.0    25.106222107429165   
  244.5    25.01900372005327    
  245.0    24.932265577724188   
  245.5    24.846004064088913   
  246.0    24.760215597316133   
  246.5    24.67489662969733    
  247.0    24.590040242661      
  247.5    24.505649783292558   
  248.0    24.421718380643533   
  248.5    24.33824261961638    
  249.0    24.255219117321545   
  249.5    24.17264452270979    
  250.0    24.090515516209514   
  250.5    24.008825531692864   
  251.0    23.92757788442559    
  251.5    23.846766051736473   
  252.0    23.76638683643418    
  252.5    23.68643707106261    
  253.0    23.60691361756616    
  253.5    23.527813366959425   
  254.0    23.44913323900124    
  254.5    23.37086704143754    
  255.0    23.29301804802384    
  255.5    23.215580105685028   
  256.0    23.13855024598322    
  256.5    23.06192552765805    
  257.0    22.985703036325447   
  257.5    22.909879884180402   
  258.0    22.83445018297351    
  258.5    22.759417166422352   
  259.0    22.68477498209038    
  259.5    22.610520845593474   
  260.0    22.536651997696953   
  260.5    22.463165704040644   
  261.0    22.39005925486744    
  261.5    22.317327046163793   
  262.0    22.244972268775378   
  262.5    22.17298935144889    
  263.0    22.101375680194803   
  263.5    22.030128664320557   
  264.0    21.959245736179266   
  264.5    21.888724350921557   
  265.0    21.818561986250526   
  265.5    21.74875334079565    
  266.0    21.679301553605455   
  266.5    21.610201352923745   
  267.0    21.541450304275404   
  267.5    21.47304599455818    
  268.0    21.404986031815525   
  268.5    21.337268045012326   
  269.0    21.269886979757036   
  269.5    21.202845927832154   
  270.0    21.136139861975924   
  270.5    21.06976649265187    
  271.0    21.0037235501645     
  271.5    20.938008784451153   
  272.0    20.872619964876417   
  272.5    20.807554880029087   
  273.0    20.74280873911117    
  273.5    20.678384578187266   
  274.0    20.61427763102265    
  274.5    20.550485761122392   
  275.0    20.487006850237183   
  275.5    20.42383879817467    
  276.0    20.360979522613125   
  276.5    20.298424448360706   
  277.0    20.236176561616944   
  277.5    20.174231309721666   
  278.0    20.112586680017596   
  278.5    20.051240676819628   
  279.0    19.99019132124152    
  279.5    19.929436651024755   
  280.0    19.86897472036936    
  280.5    19.808801184705498   
  281.0    19.748918972358595   
  281.5    19.689323759187246   
  282.0    19.630013663574942   
  282.5    19.57098681954776    
  283.0    19.51224137661695    
  283.5    19.453775499623326   
  284.0    19.39558503304323    
  284.5    19.33767285406387    
  285.0    19.280034825921614   
  285.5    19.222669173256804   
  286.0    19.165574135288505   
  286.5    19.10874796566959    
  287.0    19.05218893234347    
  287.5    18.99589305783829    
  288.0    18.93986316796003    
  288.5    18.884095302472872   
  289.0    18.828587785083585   
  289.5    18.77333895309785    
  290.0    18.718347157286694   
  290.5    18.66361076175446    
  291.0    18.60912814380831    
  291.5    18.55489551700789    
  292.0    18.500915648372498   
  292.5    18.447184767115438   
  293.0    18.39370130208028    
  293.5    18.34046369468299    
  294.0    18.287470398790102   
  294.5    18.234719880598313   
  295.0    18.182208510724916   
  295.5    18.129939004867772   
  296.0    18.077907748039006   
  296.5    18.026113254579343   
  297.0    17.97455405057772    
  297.5    17.923228673758814   
  298.0    17.872135673371822   
  298.5    17.821273610080514   
  299.0    17.770639023335125   
  299.5    17.720234570490778   
  300.0    17.6700568040831     
  300.5    17.62010432935922    
  301.0    17.570375762449157   
  301.5    17.520869730262973   
  302.0    17.471584870389126   
  302.5    17.422517861347043   
  303.0    17.37367130983844    
  303.5    17.325041906424566   
  304.0    17.276628330413388   
  304.5    17.228429271299493   
  305.0    17.18044342866895    
  305.5    17.13266951210522    
  306.0    17.085104331686786   
  306.5    17.03775044393078    
  307.0    16.990604670000277   
  307.5    16.94366575854821    
  308.0    16.896932467769652   
  308.5    16.850403565313698   
  309.0    16.804077828196334   
  309.5    16.757954042714232   
  310.0    16.71202916074408    
  310.5    16.66630568212446    
  311.0    16.620780568818457   
  311.5    16.575452643402226   
  312.0    16.530320737315293   
  312.5    16.48538369077979    
  313.0    16.440640352720532   
  313.5    16.396087792117683   
  314.0    16.3517284598808     
  314.5    16.307559434279042   
  315.0    16.263579598265945   
  315.5    16.21978784311068    
  316.0    16.176183068323127   
  316.5    16.132764181579685   
  317.0    16.089530098649902   
  317.5    16.046478014945503   
  318.0    16.00361032628964    
  318.5    15.960924236550223   
  319.0    15.91841869315125    
  319.5    15.876092651254373   
  320.0    15.833945073690039   
  320.5    15.791974930889326   
  321.0    15.75017952284994    
  321.5    15.708561197972273   
  322.0    15.667117264043952   
  322.5    15.625846721231422   
  323.0    15.584748576971467   
  323.5    15.54382184590721    
  324.0    15.503065549824745   
  324.5    15.46247871759044    
  325.0    15.422058762300761   
  325.5    15.381807979094997   
  326.0    15.3417237881627     
  326.5    15.301805246077418   
  327.0    15.262051416189003   
  327.5    15.222461368564677   
  328.0    15.183034179930695   
  328.5    15.143767357087722   
  329.0    15.10466314942186    
  329.5    15.065719070268614   
  330.0    15.026934222419056   
  330.5    14.988307715040404   
  331.0    14.949838663621133   
  331.5    14.911526189916666   
  332.0    14.873367889841639   
  332.5    14.83536596784491    
  333.0    14.797518025861466   
  333.5    14.759823210182454   
  334.0    14.722280673102462   
  334.5    14.684889572868416   
  335.0    14.647649073628955   
  335.5    14.610558345384321   
  336.0    14.573615080630452   
  336.5    14.536821433478416   
  337.0    14.500175101905395   
  337.5    14.463675278827123   
  338.0    14.427319703040347   
  338.5    14.391111957812802   
  339.0    14.355045425431658   
  339.5    14.319125125083994   
  340.0    14.283344496209605   
  340.5    14.247708522784928   
  341.0    14.212210700719108   
  341.5    14.176853139726717   
  342.0    14.141637909623158   
  342.5    14.106558589764365   
  343.0    14.071620077486429   
  343.5    14.03681600695169    
  344.0    14.002151241386484   
  344.5    13.967619469111984   
  345.0    13.933222757287005   
  345.5    13.898963134548508   
  346.0    13.864834369264129   
  346.5    13.830841240721945   
  347.0    13.796977569871864   
  347.5    13.763248102953309   
  348.0    13.729646712884321   
  348.5    13.696178113151749   
  349.0    13.66283622803681    
  349.5    13.629623071281202   
  350.0    13.596540619790003   
  350.5    13.563582873775538   
  351.0    13.530754466117672   
  351.5    13.498049446918504   
  352.0    13.465472417317459   
  352.5    13.43301747673223    
  353.0    13.400686598362974   
  353.5    13.36848171982099    
  354.0    13.336397013440195   
  354.5    13.304437002237446   
  355.0    13.272595906463438   
  355.5    13.240878218370248   
  356.0    13.20927820558008    
  356.5    13.177797801625001   
  357.0    13.146438905643848   
  357.5    13.11519585531196    
  358.0    13.084073067153788   
  358.5    13.053064924887392   
  359.0    13.022175815213012   
  359.5    12.99140016737331    
  360.0    12.960739876098106   
  360.5    12.930196802870057   
  361.0    12.899765444264409   
  361.5    12.869450113562678   
  362.0    12.839245351601718   
  362.5    12.809155442745645   
  363.0    12.779174971600318   
  363.5    12.749305794949967   
  364.0    12.719549737430546   
  364.5    12.689901448393949   
  365.0    12.660365141011685   
  365.5    12.630935507203521   
  366.0    12.60161673209791    
  366.5    12.572403549713895   
  367.0    12.543300117380898   
  367.5    12.514301210755225   
  368.0    12.485408639075564   
  368.5    12.456624180779555   
  369.0    12.427942673128099   
  369.5    12.399368205003613   
  370.0    12.370895654177335   
  370.5    12.342529082567076   
  371.0    12.314263408014597   
  371.5    12.28610040372952    
  372.0    12.25804181311987    
  372.5    12.23008261332269    
  373.0    12.202226799857428   
  373.5    12.174469388858604   
  374.0    12.146814349685796   
  374.5    12.11925673705211    
  375.0    12.091798288956001   
  375.5    12.064440714553655   
  376.0    12.037179125653948   
  376.5    12.010017427193993   
  377.0    11.982950768538958   
  377.5    11.955983029242287   
  378.0    11.929109395826263   
  378.5    11.902331571882431   
  379.0    11.875651233081163   
  379.5    11.849063620944527   
  380.0    11.822572552509444   
  380.5    11.796173305480673   
  381.0    11.769869672260239   
  381.5    11.743656966355001   
  382.0    11.71753895574113    
  382.5    11.691510989352121   
  383.0    11.665574727700877   
  383.5    11.639731804510083   
  384.0    11.613977621160858   
  384.5    11.58831588546494    
  385.0    11.562742033313237   
  385.5    11.537259748806704   
  386.0    11.511864501987832   
  386.5    11.486557920746625   
  387.0    11.461341607023174   
  387.5    11.43621108142673    
  388.0    11.411169969649936   
  388.5    11.38621382557872    
  389.0    11.36134625188496    
  389.5    11.336562835389348   
  390.0    11.311865172114826   
  390.5    11.287254832942015   
  391.0    11.26272745346312    
  391.5    11.238286579636421   
  392.0    11.213927879153598   
  392.5    11.18965487561811    
  393.0    11.165463268494618   
  393.5    11.1413546226794     
  394.0    11.11733047870284    
  394.5    11.093386583086748   
  395.0    11.069526404356683   
  395.5    11.045745720009586   
  396.0    11.022047976859016   
  396.5    10.998428983065098   
  397.0    10.974890273122307   
  397.5    10.951433357905868   
  398.0    10.928054090995198   
  398.5    10.904755865704933   
  399.0    10.881534565515274   
  399.5    10.85839356264941    
  400.0    10.83532877019016    
  400.5    10.81234353944261    
  401.0    10.789433812797842   
  401.5    10.766601086702199   
  402.0    10.743846834901182   
  402.5    10.721167043205106   
  403.0    10.698565011370473   
  403.5    10.6760367537962     
  404.0    10.65358554991392    
  404.5    10.631207442429657   
  405.0    10.608903898985869   
  405.5    10.586676365207783   
  406.0    10.564520925742524   
  406.5    10.542440809930625   
  407.0    10.520432130037914   
  407.5    10.498498095652966   
  408.0    10.476634846390963   
  408.5    10.454843821763868   
  409.0    10.433126439924402   
  409.5    10.411478881014611   
  410.0    10.38990430593967    
  410.5    10.368398921532172   
  411.0    10.346965869498728   
  411.5    10.325601383104676   
  412.0    10.304306874389306   
  412.5    10.283083734666208   
  413.0    10.261928236373898   
  413.5    10.240843473895382   
  414.0    10.219825745471192   
  414.5    10.198878126820391   
  415.0    10.177996941738632   
  415.5    10.157183575434916   
  416.0    10.136439393002705   
  416.5    10.115760756114547   
  417.0    10.095150694479699   
  417.5    10.07460559472173    
  418.0    10.054128468402512   
  418.5    10.033715726860134   
  419.0    10.013370363653449   
  419.5    9.993088814601412    
  420.0    9.972872431336315    
  420.5    9.952722546126713    
  421.0    9.932635631081435    
  421.5    9.912614635373899    
  422.0    9.892656055021952    
  422.5    9.872762821690355    
  423.0    9.852931455082027    
  423.5    9.833163281410183    
  424.0    9.8134596080848      
  424.5    9.793816989922831    
  425.0    9.774238315418723    
  425.5    9.754720162526272    
  426.0    9.735265402709139    
  426.5    9.715870636843235    
  427.0    9.696537166315597    
  427.5    9.677266274250329    
  428.0    9.658054595509908    
  428.5    9.638904959562336    
  429.0    9.619814023666434    
  429.5    9.600784600721399    
  430.0    9.581813370176429    
  430.5    9.562901609170684    
  431.0    9.544050577101347    
  431.5    9.525256986322688    
  432.0    9.506523608873962    
  432.5    9.487847178795388    
  433.0    9.469230452004124    
  433.5    9.450670184028679    
  434.0    9.432167628324281    
  434.5    9.413724021106615    
  435.0    9.39533614977148     
  435.5    9.377006730474367    
  436.0    9.358732571615224    
  436.5    9.340516373659483    
  437.0    9.322354965821503    
  437.5    9.304251032997456    
  438.0    9.28620142502858     
  438.5    9.268207365725367    
  439.0    9.250270062278808    
  439.5    9.232386395123918    
  440.0    9.21455901075452     
  440.5    9.196784809773018    
  441.0    9.179066423517916    
  441.5    9.161400772578888    
  442.0    9.143789058319006    
  442.5    9.12623246594483     
  443.0    9.108727945694078    
  443.5    9.091278091520834    
  444.0    9.07387987320871     
  444.5    9.056535869956969    
  445.0    9.039243070922069    
  445.5    9.022002655538325    
  446.0    9.004815787530411    
  446.5    8.987679484794256    
  447.0    8.970596290129606    
  447.5    8.953563240381106    
  448.0    8.936582863981226    
  448.5    8.919652216557028    
  449.0    8.90277245611951     
  449.5    8.885944725401519    
  450.0    8.869166107896351    
  450.5    8.852439096590109    
  451.0    8.83576079335082     
  451.5    8.819133677172386    
  452.0    8.802554868137674    
  452.5    8.786025503326922    
  453.0    8.769546704958914    
  453.5    8.753115620143209    
  454.0    8.73673469334992     
  454.5    8.720401089511437    
  455.0    8.704117239468742    
  455.5    8.687880325823272    
  456.0    8.671692765888471    
  456.5    8.655551759782742    
  457.0    8.639458418378878    
  457.5    8.623413838203177    
  458.0    8.60741524536834     
  458.5    8.591465023807077    
  459.0    8.575560416776115    
  459.5    8.559703795028925    
  460.0    8.543892418819937    
  460.5    8.528127379170122    
  461.0    8.512409753139076    
  461.5    8.49673682620724     
  462.0    8.481110936604225    
  462.5    8.4655293864493      
  463.0    8.44999450113012     
  463.5    8.434503599263948    
  464.0    8.419057752472142    
  464.5    8.403658018786869    
  465.0    8.388301741311968    
  465.5    8.372991213741095    
  466.0    8.357723795330614    
  466.5    8.342501767258899    
  467.0    8.327322504799264    
  467.5    8.312187060613992    
  468.0    8.29709647413597     
  468.5    8.282048144413181    
  469.0    8.26704432173383     
  469.5    8.252082420830183    
  470.0    8.237164679791633    
  470.5    8.222288528904151    
  471.0    8.207456194146912    
  471.5    8.1926651212304      
  472.0    8.177916339070027    
  472.5    8.16321086379698     
  473.0    8.148546164019573    
  473.5    8.133924435823587    
  474.0    8.11934316292483     
  474.5    8.104804529602731    
  475.0    8.09030603455611     
  475.5    8.075848688706001    
  476.0    8.061433490522475    
  476.5    8.047057960948653    
  477.0    8.032724255118426    
  477.5    8.01842990865245     
  478.0    8.00417706517275     
  478.5    7.9899632748575495   
  479.0    7.9757895310377265   
  479.5    7.961656814915601    
  480.0    7.947562698283865    
  480.5    7.933509296343808    
  481.0    7.919494195151243    
  481.5    7.905519498681021    
  482.0    7.89158280713643     
  482.5    7.877685096651957    
  483.0    7.86382733154551     
  483.5    7.85000713302765     
  484.0    7.8362265773550925   
  484.5    7.822483299601972    
  485.0    7.80877936507527     
  485.5    7.795112422601173    
  486.0    7.781483431501374    
  486.5    7.767893339582916    
  487.0    7.754339816093749    
  487.5    7.740824899303885    
  488.0    7.727346271939512    
  488.5    7.713905961589202    
  489.0    7.700501664349815    
  489.5    7.687135397203638    
  490.0    7.673804869511724    
  490.5    7.660511019527056    
  491.0    7.647254774362039    
  491.5    7.6340338630770175   
  492.0    7.620850276462854    
  492.5    7.607701756582616    
  493.0    7.594590283878793    
  493.5    7.581513613314433    
  494.0    7.56847266716969     
  494.5    7.555468356864552    
  495.0    7.542498456521923    
  495.5    7.529564921027903    
  496.0    7.5166655371530355   
  496.5    7.503802249685219    
  497.0    7.490972857943463    
  497.5    7.478178268587082    
  498.0    7.465419377686808    
  498.5    7.4526940032008335   
  499.0    7.440004064976686    
  499.5    7.427347393277433    
  500.0    7.414725898095091    
  500.5    7.402137421901854    
  501.0    7.389582856079116    
  501.5    7.377063081682764    
  502.0    7.364575959321485    
  502.5    7.352123374644581    
  503.0    7.339703200234642    
  503.5    7.327317312120947    
  504.0    7.314963594767526    
  504.5    7.302642924611946    
  505.0    7.290356168021163    
  505.5    7.278101227110226    
  506.0    7.2658799541456505   
  506.5    7.253690262896732    
  507.0    7.241533996238486    
  507.5    7.229409079505133    
  508.0    7.21731734624424     
  508.5    7.205256733266509    
  509.0    7.193228098273164    
  509.5    7.181232289210999    
  510.0    7.169267259941715    
  510.5    7.157334820970731    
  511.0    7.1454329374188745   
  511.5    7.133563410684043    
  512.0    7.12172421706072     
  512.5    7.109916200038082    
  513.0    7.09814019358818     
  513.5    7.086394190607769    
  514.0    7.074679969994339    
  514.5    7.062995535608238    
  515.0    7.0513426574529445   
  515.5    7.039719350269793    
  516.0    7.028126443642659    
  516.5    7.016564757868377    
  517.0    7.005032323856817    
  517.5    6.993530889637021    
  518.0    6.982058496796776    
  518.5    6.970616884678421    
  519.0    6.959204105467794    
  519.5    6.947820975142395    
  520.0    6.936468300615788    
  520.5    6.925144149823005    
  521.0    6.913850240642692    
  521.5    6.902584651411575    
  522.0    6.891349091522922    
  522.5    6.8801416496379195   
  523.0    6.86896312841899     
  523.5    6.85781432168101     
  524.0    6.846693333428848    
  524.5    6.8356018520880895   
  525.0    6.824537991798156    
  525.5    6.813503432694791    
  526.0    6.802496298977258    
  526.5    6.79151826254629     
  527.0    6.780567457586989    
  527.5    6.76964467005854     
  528.0    6.75875067734132     
  528.5    6.747883628462136    
  529.0    6.737045174970975    
  529.5    6.726233475698485    
  530.0    6.715450174148024    
  530.5    6.704693438882478    
  531.0    6.693964043184286    
  531.5    6.683262751959014    
  532.0    6.67258774823528     
  532.5    6.661940655629932    
  533.0    6.651319666727705    
  533.5    6.640726397281862    
  534.0    6.630159049363953    
  534.5    6.619618383847391    
  535.0    6.609105153424684    
  535.5    6.598617574269243    
  536.0    6.588157242698914    
  536.5    6.57772238420345     
  537.0    6.567314587414982    
  537.5    6.55693208707252     
  538.0    6.546575631901412    
  538.5    6.536245962636327    
  539.0    6.525941327765892    
  539.5    6.515663296925207    
  540.0    6.505410127687112    
  540.5    6.4951833821738685   
  541.0    6.484981326977566    
  541.5    6.47480469892989     
  542.0    6.46465422705652     
  542.5    6.454528191358093    
  543.0    6.444428135385955    
  543.5    6.434352348000171    
  544.0    6.424302365407292    
  544.5    6.414276485263897    
  545.0    6.40427623647889     
  545.5    6.394299925443024    
  546.0    6.384348274059706    
  546.5    6.374421996655935    
  547.0    6.3645194126082325   
  547.5    6.354642032785043    
  548.0    6.344788185143652    
  548.5    6.334959373416926    
  549.0    6.325153934082521    
  549.5    6.3153725777079766   
  550.0    6.305616007457135    
  550.5    6.2958825724763186   
  551.0    6.286173758857474    
  551.5    6.276487924118662    
  552.0    6.266826547373848    
  552.5    6.257187994454302    
  553.0    6.247572964825786    
  553.5    6.237982150718132    
  554.0    6.2284139303240105   
  554.5    6.218869765505009    
  555.0    6.209348042622981    
  555.5    6.199850216714794    
  556.0    6.190374682254761    
  556.5    6.180922127835126    
  557.0    6.171493234975205    
  557.5    6.162086410212913    
  558.0    6.152703091710633    
  558.5    6.143341693979125    
  559.0    6.134003648505136    
  559.5    6.124687377717286    
  560.0    6.115394306468526    
  560.5    6.106122865050839    
  561.0    6.096873728402583    
  561.5    6.087647564592015    
  562.0    6.078442815605178    
  562.5    6.069260889891319    
  563.0    6.060100237165676    
  563.5    6.050962259387597    
  564.0    6.041845413948666    
  564.5    6.032750365414499    
  565.0    6.023677771633304    
  565.5    6.014626101413263    
  566.0    6.005596740664868    
  566.5    5.996588165742537    
  567.0    5.987601756206867    
  567.5    5.978635995907261    
  568.0    5.9696915392468615   
  568.5    5.96076903405984     
  569.0    5.951866975343094    
  569.5    5.942986726953656    
  570.0    5.9341267912572055   
  570.5    5.925288525897126    
  571.0    5.916470440558164    
  571.5    5.9076731796861015   
  572.0    5.898897381302068    
  572.5    5.890141565977261    
  573.0    5.8814070759875365   
  573.5    5.872692439100722    
  574.0    5.863998991511627    
  574.5    5.855325268136468    
  575.0    5.846671903663772    
  575.5    5.838039526497748    
  576.0    5.829426682187784    
  576.5    5.820834691888248    
  577.0    5.812262108178113    
  577.5    5.803710246259781    
  578.0    5.795177665694997    
  578.5    5.786665675770449    
  579.0    5.77817284298423     
  579.5    5.769699789766039    
  580.0    5.7612471324360515   
  580.5    5.752813447810854    
  581.0    5.744400030544515    
  581.5    5.736005464275645    
  582.0    5.727631037867313    
  582.5    5.719275341735094    
  583.0    5.7109389889907245   
  583.5    5.702622586768135    
  584.0    5.694324735564836    
  584.5    5.68604670991893     
  585.0    5.677787116993903    
  585.5    5.669547225658291    
  586.0    5.6613256496978135   
  586.5    5.653122993090831    
  587.0    5.644939853966057    
  587.5    5.636774855961474    
  588.0    5.628629253920241    
  588.5    5.620501677994807    
  589.0    5.612393377477023    
  589.5    5.604302988991324    
  590.0    5.596231107562843    
  590.5    5.588178322491766    
  591.0    5.580143280031762    
  591.5    5.572127215741092    
  592.0    5.5641287822407515   
  592.5    5.556149209652873    
  593.0    5.548187156924528    
  593.5    5.540243210303439    
  594.0    5.53231795043375     
  594.5    5.524410045675153    
  595.0    5.516520712700394    
  595.5    5.508648626093578    
  596.0    5.500794997203527    
  596.5    5.492958506798678    
  597.0    5.485140360935453    
  597.5    5.477339246526879    
  598.0    5.469555738787049    
  598.5    5.461790407477784    
  599.0    5.454041948655294    
  599.5    5.44631155528127     
  600.0    5.438597929458558    
  600.5    5.430902258964948    
  601.0    5.423223251911295    
  601.5    5.415561475120558    
  602.0    5.407917490077551    
  602.5    5.400290013833531    
  603.0    5.392680221339329    
  603.5    5.385086835559028    
  604.0    5.377511026365283    
  604.5    5.369951522597474    
  605.0    5.3624088828498575   
  605.5    5.354883660489667    
  606.0    5.347374593099612    
  606.5    5.339882837986323    
  607.0    5.332407138515291    
  607.5    5.324948647018       
  608.0    5.317506112606238    
  608.5    5.310080085804158    
  609.0    5.302671112017101    
  609.5    5.29527794890864     
  610.0    5.28790173649854     
  610.5    5.280541238106736    
  611.0    5.273197588878278    
  611.5    5.265869557753998    
  612.0    5.258557687342805    
  612.5    5.2512625152401915   
  613.0    5.243982818752562    
  613.5    5.236719720961118    
  614.0    5.2294720047057215   
  614.5    5.222240788290753    
  615.0    5.2150248600550455   
  615.5    5.207825333553675    
  616.0    5.200641002590234    
  616.5    5.193472399818612    
  617.0    5.186320053010804    
  617.5    5.179182764104093    
  618.0    5.172061634899273    
  618.5    5.164955472714036    
  619.0    5.1578653746946195   
  619.5    5.15079015350585     
  620.0    5.143730334226851    
  620.5    5.136686437154143    
  621.0    5.129657282911539    
  621.5    5.122643957124906    
  622.0    5.115645285683146    
  622.5    5.108662349649958    
  623.0    5.101693980146969    
  623.5    5.094740694821832    
  624.0    5.087803006636334    
  624.5    5.080879754501166    
  625.0    5.073972008187734    
  625.5    5.06707861175964     
  626.0    5.060200630516219    
  626.5    5.053336913642498    
  627.0    5.046487971494617    
  627.5    5.0396543098371405   
  628.0    5.03283478547883     
  628.5    5.026030452649175    
  629.0    5.019240173200707    
  629.5    5.012464996978717    
  630.0    5.0057037908488695   
  630.5    4.998957058012525    
  631.0    4.992225297171376    
  631.5    4.98550738265395     
  632.0    4.978804353452661    
  632.5    4.972115088833602    
  633.0    4.9654406234907      
  633.5    4.958779841597795    
  634.0    4.9521337735744275   
  634.5    4.945501308472597    
  635.0    4.938882940490544    
  635.5    4.932279159441603    
  636.0    4.9256888616401255   
  636.5    4.91911306692394     
  637.0    4.912550676412571    
  637.5    4.906002705752495    
  638.0    4.899468060839611    
  638.5    4.892947229018245    
  639.0    4.886440693334526    
  639.5    4.879947366795489    
  640.0    4.873468254670938    
  640.5    4.867002274673234    
  641.0    4.860550427961842    
  641.5    4.854111636926408    
  642.0    4.84768638218405     
  642.5    4.841275140138251    
  643.0    4.834876840142573    
  643.5    4.82849247317988     
  644.0    4.822120973211851    
  644.5    4.815763327190065    
  645.0    4.809418473657011    
  645.5    4.803086886626429    
  646.0    4.79676903598089     
  646.5    4.7904638670834485   
  647.0    4.784172356904332    
  647.5    4.777893455320049    
  648.0    4.771628135346692    
  648.5    4.7653753513476325   
  649.0    4.759136072406534    
  649.5    4.75290925734724     
  650.0    4.746695371870899    
  650.5    4.7404948776505424   
  651.0    4.734306740151766    
  651.5    4.728131918721042    
  652.0    4.721969383219329    
  652.5    4.715820089135455    
  653.0    4.7096830107000365   
  653.5    4.703558607283481    
  654.0    4.69744733430599     
  654.5    4.691348172504974    
  655.0    4.685262067816803    
  655.5    4.679188005285117    
  656.0    4.673126927061648    
  656.5    4.667077822471225    
  657.0    4.661041144668413    
  657.5    4.655017342933584    
  658.0    4.649005412966888    
  658.5    4.643006287547942    
  659.0    4.637018966596292    
  659.5    4.631044379178193    
  660.0    4.625081529408188    
  660.5    4.619130864337324    
  661.0    4.613192827216626    
  661.5    4.607266428407861    
  662.0    4.601352587781246    
  662.5    4.5954503198333345   
  663.0    4.589560540790577    
  663.5    4.583682269260531    
  664.0    4.57781594630055     
  664.5    4.571962009240352    
  665.0    4.566119482809889    
  665.5    4.560289274211516    
  666.0    4.55447041222751     
  666.5    4.548663800484424    
  667.0    4.542868471793689    
  667.5    4.537085326225182    
  668.0    4.531313400596483    
  668.5    4.52555312841624     
  669.0    4.519804939555992    
  669.5    4.514067876799857    
  670.0    4.508342831408782    
  670.5    4.50262885011625     
  671.0    4.496926820692463    
  671.5    4.49123579379785     
  672.0    4.485556197189351    
  672.5    4.4798884550552875   
  673.0    4.474231623904897    
  673.5    4.468586582862349    
  674.0    4.46295239230847     
  674.5    4.457329927941084    
  675.0    4.451718253990747    
  675.5    4.446117792564744    
  676.0    4.44052851298479     
  676.5    4.434951281454773    
  677.0    4.429384272170614    
  677.5    4.423828353340012    
  678.0    4.41828349470817     
  678.5    4.412750555781387    
  679.0    4.407227725433496    
  679.5    4.401715865151606    
  680.0    4.396214945097327    
  680.5    4.390724935535296    
  681.0    4.385246687698354    
  681.5    4.37977840858073     
  682.0    4.3743209513677925   
  682.5    4.368874286731943    
  683.0    4.363438385446472    
  683.5    4.358014090578643    
  684.0    4.352599626994808    
  684.5    4.347195839686979    
  685.0    4.3418026998277846   
  685.5    4.336421044028564    
  686.0    4.331049111277393    
  686.5    4.3256877400885045   
  687.0    4.320336902027268    
  687.5    4.314996568756226    
  688.0    4.309667568910888    
  688.5    4.304348158915379    
  689.0    4.299039169281226    
  689.5    4.293740572055646    
  690.0    4.2884523393810365   
  690.5    4.283175292020097    
  691.0    4.277907703596585    
  691.5    4.272650396722831    
  692.0    4.26740334391803     
  692.5    4.262167359719736    
  693.0    4.256940731343823    
  693.5    4.251724275156707    
  694.0    4.246517964048216    
  694.5    4.241321770999898    
  695.0    4.236136502857746    
  695.5    4.230960463621921    
  696.0    4.225794461941732    
  696.5    4.22063847116182     
  697.0    4.215493292045924    
  697.5    4.210357241859173    
  698.0    4.205231123148512    
  698.5    4.200114909615779    
  699.0    4.195008575051208    
  699.5    4.189912912703001    
  700.0    4.184826256217923    
  700.5    4.179749400602646    
  701.0    4.174682319997384    
  701.5    4.169624988628959    
  702.0    4.164578192325638    
  702.5    4.159540280897433    
  703.0    4.154512041906788    
  703.5    4.149493449923458    
  704.0    4.1444852849076135   
  704.5    4.139485909445013    
  705.0    4.134496105210878    
  705.5    4.129515847112371    
  706.0    4.124545110140167    
  706.5    4.119584667002756    
  707.0    4.114632896065312    
  707.5    4.1096905717278425   
  708.0    4.104757669311681    
  708.5    4.099834164219997    
  709.0    4.094920822001004    
  709.5    4.0900160365910585   
  710.0    4.085120575206767    
  710.5    4.0802344135753685   
  711.0    4.07535831158173     
  711.5    4.070490675471478    
  712.0    4.065632266779669    
  712.5    4.060783061552446    
  713.0    4.0559430359148845   
  713.5    4.051112942752463    
  714.0    4.04629120351592     
  714.5    4.041478572718522    
  715.0    4.03667502679793     
  715.5    4.031881313103161    
  716.0    4.027095865105768    
  716.5    4.022319431764915    
  717.0    4.017551989825899    
  717.5    4.012793516110162    
  718.0    4.008044751123696    
  718.5    4.003304143187988    
  719.0    3.9985724343974653   
  719.5    3.99384960187515     
  720.0    3.9891356228187167   
  720.5    3.9844312309760923   
  721.0    3.979734889325942    
  721.5    3.9750473331832943   
  722.0    3.9703685400414823   
  722.5    3.9656992383023137   
  723.0    3.9610379025334477   
  723.5    3.956385262686986    
  724.0    3.951741296547285    
  724.5    3.9471059819707457   
  725.0    3.942480040750732    
  725.5    3.9378619617730672   
  726.0    3.933252468360728    
  726.5    3.928651538655461    
  727.0    3.9240591508696547   
  727.5    3.919476020269549    
  728.0    3.9149006498751033   
  728.5    3.910333756461839    
  729.0    3.9057753185219433   
  729.5    3.9012260461577024   
  730.0    3.896684453565815    
  730.5    3.892151252341829    
  731.0    3.8876264212533878   
  731.5    3.883109939136331    
  732.0    3.8786025097090406   
  732.5    3.874102660978626    
  733.0    3.8696110981370144   
  733.5    3.8651278002901788   
  734.0    3.8606534661055316   
  734.5    3.856186634511732    
  735.0    3.8517280056342043   
  735.5    3.847277558844884    
  736.0    3.8428352735815587   
  736.5    3.838401842267016    
  737.0    3.833975817325986    
  737.5    3.8295578926201452   
  738.0    3.825148047848136    
  738.5    3.8207462627731896   
  739.0    3.8163532236491955   
  739.5    3.8119674962262526   
  740.0    3.807589768178333    
  740.5    3.803220019524532    
  741.0    3.7988589316374024   
  741.5    3.794505080806194    
  742.0    3.790159149808725    
  742.5    3.7858211189160422   
  743.0    3.78149096846158     
  743.5    3.7771693737824      
  744.0    3.7728549241927296   
  744.5    3.7685482964166503   
  745.0    3.7642494710347556   
  745.5    3.759958428688841    
  746.0    3.7556758387530222   
  746.5    3.7514003034033414   
  747.0    3.7471324933829915   
  747.5    3.7428723895762417   
  748.0    3.738620656638383    
  748.5    3.734375906919097    
  749.0    3.730138806428611    
  749.5    3.725909336289994    
  750.0    3.7216874776854496   
  750.5    3.7174738894351558   
  751.0    3.7132671964634207   
  751.5    3.7090680589279432   
  752.0    3.7048764582452254   
  752.5    3.7006930486175      
  753.0    3.696516464916242    
  753.5    3.6923473626674768   
  754.0    3.6881857235184774   
  754.5    3.6840315291736707   
  755.0    3.6798854281245674   
  755.5    3.6757460675381983   
  756.0    3.6716140972129634   
  756.5    3.667489499079735    
  757.0    3.6633722551254677   
  757.5    3.659263008198618    
  758.0    3.6551604176101353   
  758.5    3.651065127498733    
  759.0    3.6469771200735845   
  759.5    3.642897033716777    
  760.0    3.6388235373467372   
  760.5    3.6347572706227      
  761.0    3.6306982159727417   
  761.5    3.6266463558791555   
  762.0    3.6226023232002387   
  762.5    3.6185647987313434   
  763.0    3.6145344165917668   
  763.5    3.610511159478641    
  764.0    3.60649565587803     
  764.5    3.6024865959821684   
  765.0    3.5984846095253897   
  765.5    3.594489679416479    
  766.0    3.590501788616644    
  766.5    3.5865215602042624   
  767.0    3.582547695988932    
  767.5    3.5785808202816156   
  768.0    3.5746209162512677   
  768.5    3.5706679671183004   
  769.0    3.566722590616577    
  769.5    3.562783500031974    
  770.0    3.558851314315507    
  770.5    3.554926016891513    
  771.0    3.5510082212631366   
  771.5    3.5470966497970875   
  772.0    3.5431919172014936   
  772.5    3.53929400710162     
  773.0    3.5354029031725016   
  773.5    3.531519213684151    
  774.0    3.5276416722310566   
  774.5    3.5237708882732224   
  775.0    3.519906845682936    
  775.5    3.5160495283813473   
  776.0    3.5121995394659495   
  776.5    3.5083556236239146   
  777.0    3.5045183851279718   
  777.5    3.5006878080929282   
  778.0    3.4968644915213436   
  778.5    3.49304718887858     
  779.0    3.4892365003308      
  779.5    3.485432410183643    
  780.0    3.4816349027900246   
  780.5    3.477844572086877    
  781.0    3.474060182394242    
  781.5    3.4702823287983144   
  782.0    3.4665109958393843   
  782.5    3.462746773443843    
  783.0    3.458988434522132    
  783.5    3.455236570138597    
  784.0    3.451491165018189    
  784.5    3.4477522039316093   
  785.0    3.4440202718437356   
  785.5    3.4402941522881516   
  786.0    3.436574431353754    
  786.5    3.432861093992576    
  787.0    3.4291541252015754   
  787.5    3.425454105040795    
  788.0    3.4217598275410412   
  788.5    3.418071873872657    
  789.0    3.414390229210675    
  789.5    3.41071546973156     
  790.0    3.407046397774442    
  790.5    3.403383590615266    
  791.0    3.399727033604581    
  791.5    3.3960767121364257   
  792.0    3.392433197582403    
  792.5    3.3887953025569635   
  793.0    3.385163599517851    
  793.5    3.3815380740314858   
  794.0    3.3779187117069984   
  794.5    3.374306079165561    
  795.0    3.370698999176242    
  795.5    3.3670980394332237   
  796.0    3.363503185714949    
  796.5    3.359915000880943    
  797.0    3.3563323157382094   
  797.5    3.3527556942089243   
  798.0    3.349185122238433    
  798.5    3.3456205858134362   
  799.0    3.342062643139056    
  799.5    3.3385101349641646   
  800.0    3.3349636205437645   
  800.5    3.3314230860285026   
  801.0    3.327889085937692    
  801.5    3.324360468890219    
  802.0    3.3208377904452013   
  802.5    3.317321036914913    
  803.0    3.313810194651679    
  803.5    3.3103058136139967   
  804.0    3.3068067521555133   
  804.5    3.3033135612621134   
  805.0    3.2998262274449006   
  805.5    3.296344737254325    
  806.0    3.292869636139037    
  806.5    3.289399792074759    
  807.0    3.285935751525297    
  807.5    3.2824775011970924   
  808.0    3.279025582967163    
  808.5    3.2755788724288055   
  809.0    3.272137912464542    
  809.5    3.268702689934616    
  810.0    3.2652731917373887   
  810.5    3.261849955329975    
  811.0    3.2584318657290567   
  811.5    3.255019461385354    
  812.0    3.251612729348343    
  812.5    3.2482116567049526   
  813.0    3.244816776541386    
  813.5    3.241426983189584    
  814.0    3.2380428107176336   
  814.5    3.23466424636095     
  815.0    3.2312918197438485   
  815.5    3.2279244325736243   
  816.0    3.224562615447227    
  816.5    3.221206355746494    
  817.0    3.2178556408895496   
  817.5    3.214510996216266    
  818.0    3.211171332558516    
  818.5    3.2078371762174      
  819.0    3.2045085147549304   
  819.5    3.201185870117397    
  820.0    3.1978681603614785   
  820.5    3.1945559083856927   
  821.0    3.191249101893947    
  821.5    3.187947728625318    
  822.0    3.184652306325971    
  822.5    3.181361761991423    
  823.0    3.178076614308966    
  823.5    3.174796851157128    
  824.0    3.171522460449003    
  824.5    3.1682539557765677   
  825.0    3.1649902729730703   
  825.5    3.161731926560678    
  826.0    3.158478904589543    
  826.5    3.155231717360971    
  827.0    3.1519893077065118   
  827.5    3.1487521868490282   
  828.0    3.145520342973851    
  828.5    3.142293764299817    
  829.0    3.1390729570551477   
  829.5    3.135856872730761    
  830.0    3.1326460184657905   
  830.5    3.1294403826119424   
  831.0    3.1262399535538594   
  831.5    3.12304523349087     
  832.0    3.119855182476154    
  832.5    3.1166703036094607   
  833.0    3.1134905854060424   
  833.5    3.110316526873552    
  834.0    3.107147094845933    
  834.5    3.103982789222979    
  835.0    3.100823598648774    
  835.5    3.097669511799336    
  836.0    3.0945210237314584   
  836.5    3.0913771096700136   
  837.0    3.0882382655537204   
  837.5    3.085104480185248    
  838.0    3.081976245491374    
  838.5    3.07885254334242     
  839.0    3.0757338665390255   
  839.5    3.0726202040087958   
  840.0    3.069511544710309    
  840.5    3.0664083766956147   
  841.0    3.0633096900589734   
  841.5    3.060215973716345    
  842.0    3.0571272167491417   
  842.5    3.054043408269224    
  843.0    3.050965032495408    
  843.5    3.0478910876549445   
  844.0    3.0448220588207584   
  844.5    3.0417579352254815   
  845.0    3.038699198050868    
  845.5    3.0356448519658867   
  846.0    3.0325953789986584   
  846.5    3.029550768500966    
  847.0    3.026511009854128    
  847.5    3.0234765804799535   
  848.0    3.020446493019899    
  848.5    3.017421225732589    
  849.0    3.0144007681165044   
  849.5    3.011385109699169    
  850.0    3.0083747241823966   
  850.5    3.0053686320927047   
  851.0    3.0023673079593083   
  851.5    2.999370741424942    
  852.0    2.996379403243851    
  852.5    2.9933923201884203   
  853.0    2.990409963832865    
  853.5    2.9874323239335943   
  854.0    2.984459390275198    
  854.5    2.9814916299624956   
  855.0    2.9785280774986163   
  855.5    2.9755692007991748   
  856.0    2.9726149897605545   
  856.5    2.9696659085957817   
  857.0    2.9667209979319438   
  857.5    2.963780722785619    
  858.0    2.9608450731635028   
  858.5    2.9579140390996397   
  859.0    2.9549880812265137   
  859.5    2.9520662477514623   
  860.0    2.949149000101584    
  860.5    2.946236328419417    
  861.0    2.9433282228743995   
  861.5    2.940425140556035    
  862.0    2.937526137169912    
  862.5    2.9346316705913345   
  863.0    2.931741731096453    
  863.5    2.9288567729671153   
  864.0    2.925975857849183    
  864.5    2.9230994408033477   
  865.0    2.9202275122110666   
  865.5    2.917360062479911    
  866.0    2.9144975424151087   
  866.5    2.9116390210160015   
  867.0    2.9087849498580702   
  867.5    2.905935319452473    
  868.0    2.903090120336052    
  868.5    2.900249799873606    
  869.0    2.897413434339063    
  869.5    2.8945814718590053   
  870.0    2.8917539030721735   
  870.5    2.8889311726167817   
  871.0    2.8861123625302993   
  871.5    2.883297918206033    
  872.0    2.880487830383297    
  872.5    2.8776820898263407   
  873.0    2.8748811377968977   
  873.5    2.872084063467709    
  874.0    2.8692913088473455   
  874.5    2.8665028647989987   
  875.0    2.8637191699083715   
  875.5    2.8609393190016603   
  876.0    2.8581637514048843   
  876.5    2.8553924580788914   
  877.0    2.852625430008748    
  877.5    2.84986310246613     
  878.0    2.8471045772765717   
  878.5    2.8443502904440146   
  879.0    2.841600233049606    
  879.5    2.83885439619832     
  880.0    2.8361132118818717   
  880.5    2.833375788851038    
  881.0    2.8306425598218596   
  881.5    2.827913515993846    
  882.0    2.8251890867589964   
  882.5    2.8224683863555557   
  883.0    2.8197518448935743   
  883.5    2.817039453665883    
  884.0    2.8143312039884547   
  884.5    2.8116275220335383   
  885.0    2.808927528833744    
  885.5    2.8062316512716303   
  886.0    2.8035398807549954   
  886.5    2.8008522087144114   
  887.0    2.798169058135227    
  887.5    2.7954895567730653   
  888.0    2.7928141283159453   
  888.5    2.7901427642848002   
  889.0    2.787475885138841    
  889.5    2.784812623961329    
  890.0    2.782153401908113    
  890.5    2.779498210589333    
  891.0    2.7768470416372515   
  891.5    2.7742003123822445   
  892.0    2.7715571625045423   
  892.5    2.7689180100237065   
  893.0    2.7662828466597915   
  893.5    2.7636520872629515   
  894.0    2.761024876741424    
  894.5    2.7584016306286645   
  895.0    2.7557823407314013   
  895.5    2.7531669988778633   
  896.0    2.7505560168460996   
  896.5    2.7479485460182667   
  897.0    2.7453449988484464   
  897.5    2.7427453672501714   
  898.0    2.740149643158133    
  898.5    2.7375582353092365   
  899.0    2.7349703014924516   
  899.5    2.7323862511135446   
  900.0    2.729806076191167    
  900.5    2.72723018305135     
  901.0    2.724657734560757    
  901.5    2.7220891377086143   
  902.0    2.719524384596477    
  902.5    2.7169634673464653   
  903.0    2.7144067892981982   
  903.5    2.7118535196065867   
  904.0    2.709304062267448    
  904.5    2.7067584094845065   
  905.0    2.7042165534817246   
  905.5    2.701678894642182    
  906.0    2.6991446083443713   
  906.5    2.6966140956206663   
  907.0    2.6940873487753585   
  907.5    2.691564765847566    
  908.0    2.689045527148616    
  908.5    2.686530031361466    
  909.0    2.684018270869732    
  909.5    2.6815102380767035   
  910.0    2.6790063281177794   
  910.5    2.676505727413589    
  911.0    2.674008831736633    
  911.5    2.6715156335682906   
  912.0    2.669026525741779    
  912.5    2.6665406995202083   
  913.0    2.664058548368571    
  913.5    2.6615800648453645   
  914.0    2.6591052415282155   
  914.5    2.656634468398255    
  915.0    2.654166942716271    
  915.5    2.651703055088594    
  916.0    2.649242798168774    
  916.5    2.6467861646291935   
  917.0    2.6443335416270832   
  917.5    2.6418841323600155   
  918.0    2.639438324603929    
  918.5    2.6369961111059586   
  919.0    2.634557876784285    
  919.5    2.632122829542557    
  920.0    2.6296913549125374   
  920.5    2.6272634457151858   
  921.0    2.6248390947897797   
  921.5    2.6224186842804484   
  922.0    2.620001427919988    
  922.5    2.61758770845977     
  923.0    2.6151775188117643   
  923.5    2.612770851905975    
  924.0    2.610368087139691    
  924.5    2.6079684440161284   
  925.0    2.6055723025335684   
  925.5    2.603179655693592    
  926.0    2.600790880715403    
  926.5    2.598405201676739    
  927.0    2.5960229963928496   
  927.5    2.593644257936019    
  928.0    2.5912689793960713   
  928.5    2.5888975352935084   
  929.0    2.5865291553726655   
  929.5    2.5841642147439856   
  930.0    2.5818027065669162   
  930.5    2.579445003221956    
  931.0    2.577090338945855    
  931.5    2.5747390867042257   
  932.0    2.5723912397252886   
  932.5    2.5700467912543288   
  933.0    2.5677061110202217   
  933.5    2.5653684388248545   
  934.0    2.5630341449762524   
  934.5    2.560703222787429    
  935.0    2.558375665588204    
  935.5    2.5560518404815338   
  936.0    2.5537309927790752   
  936.5    2.5514134901570498   
  937.0    2.5490993260119796   
  937.5    2.5467888653644      
  938.0    2.5444813578943544   
  938.5    2.5421771691909867   
  939.0    2.539876292716718    
  939.5    2.5375787219503176   
  940.0    2.5352848193318835   
  940.5    2.53299383995332     
  941.0    2.5307061468175838   
  941.5    2.528421733468349    
  942.0    2.5261409602992746   
  942.5    2.5238630866932144   
  943.0    2.5215884736021392   
  943.5    2.519317114633847    
  944.0    2.5170490034120436   
  944.5    2.51478449779444     
  945.0    2.512522862480045    
  945.5    2.510264455879263    
  946.0    2.508009271678961    
  946.5    2.5057573035816807   
  947.0    2.5035089069334777   
  947.5    2.5012633516972778   
  948.0    2.4990209937662864   
  948.5    2.49678182690526     
  949.0    2.4945462044682434   
  949.5    2.4923134005920886   
  950.0    2.4900837691736046   
  950.5    2.4878573040390197   
  951.0    2.4856339990298157   
  951.5    2.483414205031381    
  952.0    2.4811972013520887   
  952.5    2.478983339414671    
  953.0    2.4767726131211667   
  953.5    2.474565016388642    
  954.0    2.4723608976573135   
  954.5    2.4701595413566335   
  955.0    2.467961296458813    
  955.5    2.4657661569405755   
  956.0    2.4635744693027344   
  956.5    2.4613855220356773   
  957.0    2.4591996621679812   
  957.5    2.457016883735319    
  958.0    2.4548371807879916   
  958.5    2.452660897423207    
  959.0    2.4504873271632053   
  959.5    2.4483168146277294   
  960.0    2.4461493539251573   
  960.5    2.4439852872461882   
  961.0    2.4418239121034095   
  961.5    2.4396655712059183   
  962.0    2.4375102587194863   
  962.5    2.4353579688241287   
  963.0    2.4332090413476104   
  963.5    2.431062778747117    
  964.0    2.4289195213637025   
  964.5    2.4267792634339287   
  965.0    2.4246419992083914   
  965.5    2.422508066174146    
  966.0    2.4203767716853286   
  966.5    2.4182484537372364   
  967.0    2.4161231066361837   
  967.5    2.4140010660124935   
  968.0    2.4118816431039196   
  968.5    2.409765174045035    
  969.0    2.407651653197219    
  969.5    2.405541074935514    
  970.0    2.40343377258887     
  970.5    2.401329062207693    
  971.0    2.3992272776202475   
  971.5    2.397128413255839    
  972.0    2.395032463557236    
  972.5    2.392939759573507    
  973.0    2.390849622121673    
  973.5    2.3887623827452464   
  974.0    2.3866780359404665   
  974.5    2.3845969109478125   
  975.0    2.3825183323648003   
  975.5    2.3804426299225003   
  976.0    2.378369798169999    
  976.5    2.376299831669499    
  977.0    2.374233057419648    
  977.5    2.372168804703116    
  978.0    2.3701074010043763   
  978.5    2.368048840937713    
  979.0    2.365993449723303    
  979.5    2.363940560359852    
  980.0    2.361890498549593    
  980.5    2.3598432589582887   
  981.0    2.357798836264476    
  981.5    2.3557575534837474   
  982.0    2.3537187482202655   
  982.5    2.3516827439670247   
  983.0    2.349649535453295    
  983.5    2.34761911742094     
  984.0    2.345591810701326    
  984.5    2.3435669574605407   
  985.0    2.341544879002748    
  985.5    2.3395255701198163   
  986.0    2.3375093499102397   
  986.5    2.335495564158624    
  987.0    2.3334845324326237   
  987.5    2.3314762495735333   
  988.0    2.329470710434916    
  988.5    2.327468231967084    
  989.0    2.3254681644395223   
  989.5    2.3234708252672016   
  990.0    2.3214762093524044   
  990.5    2.319484311609507    
  991.0    2.3174954468603395   
  991.5    2.3155089698171745   
  992.0    2.313525195762056    
  992.5    2.3115441196573823   
  993.0    2.309566054636243    
  993.5    2.307590358935145    
  994.0    2.305617346143874    
  994.5    2.3036470112723024   
  995.0    2.301679349342087    
  995.5    2.2997146713927212   
  996.0    2.2977523400289988   
  996.5    2.2957926667427624   
  997.0    2.2938356466024663   
  997.5    2.2918815889864845   
  998.0    2.2899298599648787   
  998.5    2.2879807693649306   
  999.0    2.28603431230136     
  999.5    2.2840904839003713   
  1000.0   2.2821495914809096   
  1000.5   2.280211005408404    
  1001.0   2.278275033446452    
  1001.5   2.27634167076687     
  1002.0   2.274410912552794    
  1002.5   2.2724830640824174   
  1003.0   2.2705574999766918   
  1003.5   2.2686345259542624   
  1004.0   2.266714137243231    
  1004.5   2.2647966375025077   
  1005.0   2.2628814047290624   
  1005.5   2.26096874301893     
  1006.0   2.259058647644671    
  1006.5   2.25715111388988     
  1007.0   2.255246443405798    
  1007.5   2.253344018374377    
  1008.0   2.2514441408798715   
  1008.5   2.2495468062497075   
  1009.0   2.247652009822194    
  1009.5   2.245760051258988    
  1010.0   2.2438703168884766   
  1010.5   2.241983106801267    
  1011.0   2.2400984163788835   
  1011.5   2.2382165437042105   
  1012.0   2.2363368783953086   
  1012.5   2.234459718960797    
  1013.0   2.2325850608249325   
  1013.5   2.2307128994225796   
  1014.0   2.2288435308790744   
  1014.5   2.2269763488906626   
  1015.0   2.2251116500044392   
  1015.5   2.2232494296974044   
  1016.0   2.2213899825414885   
  1016.5   2.219532705468581    
  1017.0   2.2176778934692263   
  1017.5   2.2158255420620874   
  1018.0   2.213975646776171    
  1018.5   2.2121285002572475   
  1019.0   2.210283503448561    
  1019.5   2.2084409494106034   
  1020.0   2.206600833713465    
  1020.5   2.2047631519374358   
  1021.0   2.2029281948192883   
  1021.5   2.201095367277094    
  1022.0   2.1992649604585006   
  1022.5   2.197436969984313    
  1023.0   2.1956116850763414   
  1023.5   2.1937885138064814   
  1024.0   2.191967745804376    
  1024.5   2.190149376730894    
  1025.0   2.1883334022568506   
  1025.5   2.186520109725465    
  1026.0   2.184708911118773    
  1026.5   2.182900094184061    
  1027.0   2.181093654631656    
  1027.5   2.1792895881816934   
  1028.0   2.177488180315428    
  1028.5   2.175688846889676    
  1029.0   2.173891873786042    
  1029.5   2.1720972567636263   
  1030.0   2.170305279825972    
  1030.5   2.1685153619045114   
  1031.0   2.16672778740019     
  1031.5   2.164942552110645    
  1032.0   2.163159651843084    
  1032.5   2.1613793687685465   
  1033.0   2.1596011256306196   
  1033.5   2.157825204994106    
  1034.0   2.156051602704219    
  1034.5   2.1542805994776226   
  1035.0   2.1525116210829305   
  1035.5   2.1507449486276844   
  1036.0   2.1489805779946884   
  1036.5   2.1472185050760797   
  1037.0   2.145459008784896    
  1037.5   2.1437015186405595   
  1038.0   2.1419463139434205   
  1038.5   2.1401933906226933   
  1039.0   2.1384427446167975   
  1039.5   2.136694653050939    
  1040.0   2.134948549161808    
  1040.5   2.1332047104584      
  1041.0   2.1314631329157057   
  1041.5   2.1297240922399303   
  1042.0   2.1279870246176635   
  1042.5   2.12625220613611     
  1043.0   2.124519632806432    
  1043.5   2.1227893006487752   
  1044.0   2.1210614836095028   
  1044.5   2.1193356215330574   
  1045.0   2.11761198874335     
  1045.5   2.115890581296207    
  1046.0   2.1141713952563146   
  1046.5   2.1124547028255027   
  1047.0   2.1107399474735833   
  1047.5   2.1090274017765216   
  1048.0   2.107317061834202    
  1048.5   2.10560919846375     
  1049.0   2.1039032580121035   
  1049.5   2.1021995116678225   
  1050.0   2.1004979555656087   
  1050.5   2.0987985858488085   
  1051.0   2.0971016716171507   
  1051.5   2.0954066627853845   
  1052.0   2.09371382882133     
  1052.5   2.0920231659026833   
  1053.0   2.09033494176596     
  1053.5   2.088648609157458    
  1054.0   2.086964436179141    
  1054.5   2.085282419042682    
  1055.0   2.0836025539681904   
  1055.5   2.081925107001387    
  1056.0   2.0802495343999836   
  1056.5   2.0785761025718763   
  1057.0   2.0769048077706955   
  1057.5   2.0752356462583963   
  1058.0   2.07356888240446     
  1058.5   2.071903975947167    
  1059.0   2.0702411916149366   
  1059.5   2.068580525702797    
  1060.0   2.066922241249621    
  1060.5   2.065265800756145    
  1061.01  2.063578476918813    
  1061.51  2.0619262894045294   
  1062.01  2.0602762018357748   
  1062.51  2.0586282105566824   
  1063.01  2.056982311919468    
  1063.51  2.0553387666497924   
  1064.01  2.053697042049893    
  1064.51  2.052057399197368    
  1065.01  2.050419834476539    
  1065.51  2.048784607307429    
  1066.01  2.0471511877018513   
  1066.51  2.045519835429267    
  1067.01  2.043890546905763    
  1067.51  2.0422633185553143   
  1068.01  2.0406384081784137   
  1068.51  2.0390152891473448   
  1069.01  2.037394219608948    
  1069.51  2.0357751960185415   
  1070.01  2.0341582148392274   
  1070.51  2.032543532265752    
  1071.01  2.0309306250016994   
  1071.51  2.029319749585107    
  1072.01  2.0277109025100057   
  1072.51  2.026104338696377    
  1073.01  2.0244995374920407   
  1073.51  2.02289675415785     
  1074.01  2.021295985218436    
  1074.51  2.0196972272060285   
  1075.01  2.0181007334593      
  1075.51  2.016505986605675    
  1076.01  2.0149132403217003   
  1076.51  2.0133224911698044   
  1077.01  2.011733991233255    
  1077.51  2.0101472257427644   
  1078.01  2.0085624471171033   
  1078.51  2.0069796519485794   
  1079.01  2.0053988368369198   
  1079.51  2.00382025230805     
  1080.01  2.0022433868216054   
  1080.51  2.0006684912360795   
  1081.01  1.9990955621806863   
  1081.51  1.9975245962919639   
  1082.01  1.9959558425516106   
  1082.51  1.9943887926204598   
  1083.01  1.992823695809877    
  1083.51  1.9912605487854995   
  1084.01  1.9896995993030053   
  1084.51  1.9881403415644059   
  1085.01  1.9865830236527469   
  1085.51  1.9850276422624615   
  1086.01  1.9834741940951341   
  1086.51  1.9819229253854767   
  1087.01  1.9803733334875497   
  1087.51  1.9788256649605878   
  1088.01  1.9772799165345951   
  1088.51  1.9757360849466352   
  1089.01  1.9741944149231831   
  1089.51  1.972654406943459    
  1090.01  1.9711163060556478   
  1090.51  1.9695801090248621   
  1091.01  1.9680460593800724   
  1091.51  1.9665136600814421   
  1092.01  1.9649831549774233   
  1092.51  1.9634545408608863   
  1093.01  1.9619278145315973   
  1093.51  1.9604032180328654   
  1094.01  1.958880257402344    
  1094.51  1.957359175000066    
  1095.01  1.955839967653195    
  1095.51  1.9543228762254257   
  1096.01  1.952807409197588    
  1096.51  1.9512938077479152   
  1097.01  1.9497820687306857   
  1097.51  1.9482721890069117   
  1098.01  1.946764407976777    
  1098.51  1.9452582371518505   
  1099.01  1.9437539162441524   
  1099.51  1.9422514421414585   
  1100.01  1.9407508117381937   
  1100.51  1.9392522629831568   
  1101.01  1.9377553103930723   
  1101.51  1.936260192225901    
  1102.01  1.934766905402487    
  1102.51  1.9332756867191747   
  1103.01  1.9317860530785593   
  1103.51  1.9302982415840295   
  1104.01  1.928812249182576    
  1104.51  1.9273280728276843   
  1105.01  1.9258459478858196   
  1105.51  1.9243653942193735   
  1106.01  1.9228866474992339   
  1106.51  1.9214097047046976   
  1107.01  1.9199345628214737   
  1107.51  1.9184614557979218   
  1108.01  1.9169899064314055   
  1108.51  1.9155201489721143   
  1109.01  1.9140521804312374   
  1109.51  1.912586233631054    
  1110.01  1.9111218336991913   
  1110.51  1.909659213757703    
  1111.01  1.9081983708429997   
  1111.51  1.906739301997756    
  1112.01  1.90528223864703     
  1112.51  1.9038267088094016   
  1113.01  1.9023729442071604   
  1113.51  1.900920941907881    
  1114.01  1.8994709322270902   
  1114.51  1.8980224454787538   
  1115.01  1.896575712273617    
  1115.51  1.8951307297038993   
  1116.01  1.8936874948679412   
  1116.51  1.8922462367045465   
  1117.01  1.8908064883754487   
  1117.51  1.889368479112176    
  1118.01  1.8879322060374013   
  1118.51  1.8864976662798425   
  1119.01  1.8850650874128003   
  1119.51  1.8836340054221419   
  1120.01  1.8822046481714256   
  1120.51  1.880777012813393    
  1121.01  1.879351325836954    
  1121.51  1.8779271254704135   
  1122.01  1.876504638490984    
  1122.51  1.8750838620751884   
  1123.01  1.8736647934054558   
  1123.51  1.8722476576251044   
  1124.01  1.8708319957446509   
  1124.51  1.8694180331932964   
  1125.01  1.8680057671769517   
  1125.51  1.8665951949073594   
  1126.01  1.865186540193148    
  1126.51  1.8637793468040984   
  1127.01  1.862373838832329    
  1127.51  1.8609700135127676   
  1128.01  1.859568093594073    
  1128.51  1.8581676250370607   
  1129.01  1.856768830871983    
  1129.51  1.8553717083567187   
  1130.01  1.8539762547548495   
  1130.51  1.8525826914996883   
  1131.01  1.8511905672706124   
  1131.51  1.8498001037801801   
  1132.01  1.848411298314636    
  1132.51  1.8470243712626566   
  1133.01  1.8456388734623974   
  1133.51  1.8442550255799197   
  1134.01  1.8428728249239048   
  1134.51  1.8414922688086075   
  1135.01  1.8401135763263474   
  1135.51  1.8387363009939013   
  1136.01  1.8373606621786707   
  1136.51  1.8359866572170667   
  1137.01  1.8346142834510042   
  1137.51  1.8332437586868473   
  1138.01  1.831874639098125    
  1138.51  1.8305071427640045   
  1139.01  1.8291412670482803   
  1139.51  1.8277772287359764   
  1140.01  1.8264145861104157   
  1140.51  1.8250535562276187   
  1141.01  1.823694136473042    
  1141.51  1.8223363242375241   
  1142.01  1.8209803350385882   
  1142.52  1.8195984971399741   
  1143.02  1.8182457413576305   
  1143.52  1.8168943648015494   
  1144.02  1.8155445827479155   
  1144.52  1.814196392619682    
  1145.02  1.8128500084217054   
  1145.52  1.8115049941791244   
  1146.02  1.8101615641628948   
  1146.52  1.8088197158170445   
  1147.02  1.8074794465908377   
  1147.52  1.806140969243772    
  1148.02  1.804803850372422    
  1148.52  1.8034683030002008   
  1149.02  1.8021343245971853   
  1149.52  1.8008019126386252   
  1150.02  1.7994712786485443   
  1150.52  1.7981419917741914   
  1151.02  1.7968142638013436   
  1151.52  1.7954880922258072   
  1152.02  1.7941636875902858   
  1152.52  1.7928406210677454   
  1153.02  1.7915191034609292   
  1153.52  1.790199132285998    
  1154.02  1.788880705064169    
  1154.52  1.7875640311202163   
  1155.02  1.786248684140942    
  1155.52  1.784934873709039    
  1156.02  1.7836225973658282   
  1156.52  1.7823118526576278   
  1157.02  1.7810028477008915   
  1157.52  1.779695158676085    
  1158.02  1.778388993955482    
  1158.52  1.7770843511052568   
  1159.02  1.775781437282071    
  1159.52  1.7744798306469187   
  1160.02  1.7731797386106154   
  1160.52  1.771881158759       
  1161.02  1.7705840886827973   
  1161.52  1.7692887343474053   
  1162.02  1.767994676371686    
  1162.52  1.766702120973133    
  1163.02  1.765411065761894    
  1163.52  1.764121715757098    
  1164.02  1.7628336535297608   
  1164.52  1.761547084349473    
  1165.02  1.760262005845616    
  1165.52  1.7589784156523502   
  1166.02  1.757696517614297    
  1166.52  1.756415896725194    
  1167.02  1.7551367570781011   
  1167.52  1.7538590963261793   
  1168.02  1.7525829121273098   
  1168.52  1.7513084071607834   
  1169.02  1.7500351688238118   
  1169.52  1.748763400042124    
  1170.02  1.7474930984923704   
  1170.52  1.746224465928133    
  1171.02  1.7449570916556587   
  1171.52  1.7436911776733808   
  1172.02  1.7424267216765368   
  1172.52  1.741163721364983    
  1173.02  1.739902377343266    
  1173.52  1.7386422812869458   
  1174.02  1.7373836340434536   
  1174.52  1.7361264333310087   
  1175.02  1.7348708788413676   
  1175.52  1.733616564132044    
  1176.02  1.7323636891361227   
  1176.52  1.731112251590008    
  1177.02  1.7298622492346218   
  1177.52  1.7286138806286906   
  1178.02  1.7273667416654965   
  1178.52  1.7261210311431647   
  1179.02  1.7248767468205841   
  1179.52  1.7236338864611076   
  1180.02  1.7223926474992013   
  1180.52  1.7211526281455396   
  1181.02  1.7199140260720784   
  1181.52  1.718676839059921    
  1182.02  1.7174412636503895   
  1182.52  1.7162068998949498   
  1183.02  1.7149739445709011   
  1183.52  1.713742395476925    
  1184.02  1.7125122504160735   
  1184.52  1.7112837048209792   
  1185.02  1.7100563610278854   
  1185.52  1.7088304147035265   
  1186.02  1.7076058636683227   
  1186.52  1.7063827057470105   
  1187.02  1.7051611352720664   
  1187.52  1.7039407568466423   
  1188.02  1.7027217650354607   
  1188.52  1.7015041576804197   
  1189.02  1.7002881282399651   
  1189.52  1.6990732831180162   
  1190.02  1.6978598160037939   
  1190.52  1.696647724756193    
  1191.02  1.6954370072383336   
  1191.52  1.6942278558236545   
  1192.02  1.6930198791512676   
  1192.52  1.6918132698235653   
  1193.02  1.6906080257204616   
  1193.52  1.6894043383533797   
  1194.02  1.6882018181370515   
  1194.52  1.6870006568104081   
  1195.02  1.6858008522699988   
  1195.52  1.684602402416508    
  1196.02  1.6834054976912378   
  1196.52  1.6822097507129596   
  1197.02  1.6810153521486944   
  1197.52  1.6798222999155639   
  1198.02  1.6786305919347753   
  1198.52  1.6774404175856694   
  1199.02  1.676251391673987    
  1199.52  1.675063703803015    
  1200.02  1.6738773519102046   
  1200.52  1.6726925245311544   
  1201.02  1.6715088382089895   
  1201.52  1.6703264817018522   
  1202.02  1.669145452963282    
  1202.52  1.6679657499508191   
  1203.02  1.6667875601525877   
  1203.52  1.6656105022683791   
  1204.02  1.6644347640071204   
  1204.52  1.6632603433422513   
  1205.02  1.6620872382511631   
  1205.52  1.6609156351824466   
  1206.02  1.6597451549759534   
  1206.52  1.6585759842993557   
  1207.02  1.6574081211457572   
  1207.52  1.6562417511377943   
  1208.02  1.6550764968155083   
  1208.52  1.65391254401925     
  1209.02  1.652749890757689    
  1209.52  1.651588535043364    
  1210.02  1.6504286614734784   
  1210.52  1.6492698946986541   
  1211.02  1.648112419532118    
  1211.52  1.6469562340017911   
  1212.02  1.6458015218901074   
  1212.52  1.6446479095244995   
  1213.02  1.6434955809020821   
  1213.52  1.6423445340660154   
  1214.02  1.6411947670632465   
  1214.52  1.6400464626646374   
  1215.02  1.6388992492792342   
  1215.52  1.637753309890918    
  1216.02  1.636608642561697    
  1216.52  1.635465245357322    
  1217.02  1.634323300044681    
  1217.52  1.633182437098559    
  1218.02  1.6320428384972177   
  1218.52  1.6309045023212931   
  1219.02  1.6297676095399216   
  1219.52  1.6286317922691411   
  1220.02  1.6274972316881564   
  1220.52  1.6263639258923503   
  1221.02  1.6252318729807707   
  1221.52  1.6241012529320737   
  1222.02  1.622971699899849    
  1222.52  1.621843394071204    
  1223.02  1.620716333559763    
  1223.52  1.619590516482771    
  1224.03  1.6184435127454315   
  1224.53  1.6173203822935909   
  1225.03  1.6161983087418401   
  1225.53  1.6150774710926354   
  1226.03  1.6139578674812813   
  1226.53  1.6128394960466543   
  1227.03  1.6117225346104156   
  1227.53  1.6106066217625767   
  1228.03  1.6094919355297441   
  1228.53  1.608378474065       
  1229.03  1.6072662355249583   
  1229.53  1.6061553967642557   
  1230.03  1.6050455983614809   
  1230.53  1.603937017374649    
  1231.03  1.6028296519744158   
  1231.53  1.6017236782469755   
  1232.03  1.6006187383509736   
  1232.53  1.5995150085747407   
  1233.03  1.5984124871028447   
  1233.53  1.5973111721233126   
  1234.03  1.596211238768183    
  1234.53  1.5951123311578206   
  1235.03  1.594014624624861    
  1235.53  1.5929181173710834   
  1236.03  1.5918228076016856   
  1236.53  1.5907288695016073   
  1237.03  1.5896359491382093   
  1237.53  1.5885442208955038   
  1238.03  1.5874536829922834   
  1238.53  1.58636450886085     
  1239.03  1.585276346115644    
  1239.53  1.5841893683868302   
  1240.03  1.5831035739066721   
  1240.53  1.5820189609107809   
  1241.03  1.5809357018968933   
  1241.53  1.579853446400299    
  1242.03  1.5787723671151004   
  1242.53  1.5776924622902249   
  1243.03  1.5766139036807154   
  1243.53  1.5755363423482016   
  1244.03  1.5744599502429037   
  1244.53  1.5733847256269438   
  1245.03  1.5723106667657234   
  1245.53  1.571237944492046    
  1246.03  1.5701662117626873   
  1246.53  1.569095639604156    
  1247.03  1.5680262262948979   
  1247.53  1.5669579701166019   
  1248.03  1.5658910409865894   
  1248.53  1.5648250937426929   
  1249.03  1.5637602984944807   
  1249.53  1.562696653536538    
  1250.03  1.5616343280586302   
  1250.53  1.5605729783933673   
  1251.03  1.5595127739216057   
  1251.53  1.558453712950709    
  1252.03  1.557395793791218    
  1252.53  1.5563391847294235   
  1253.03  1.555283543953963    
  1253.53  1.554229039940786    
  1254.03  1.553175671013067    
  1254.53  1.552123435497121    
  1255.03  1.55107250078235     
  1255.53  1.5500225268996966   
  1256.03  1.5489736814268014   
  1256.53  1.5479259627024713   
  1257.03  1.546879537403302    
  1257.53  1.5458340670242756   
  1258.03  1.5447897184291017   
  1258.53  1.543746489968965    
  1259.03  1.5427043799981268   
  1259.53  1.541663554307994    
  1260.03  1.540623676211478    
  1260.53  1.539584911685703    
  1261.03  1.5385472590971703   
  1261.53  1.5375108835337616   
  1262.03  1.5364754497530928   
  1262.53  1.5354411230276575   
  1263.03  1.534407901736085    
  1263.53  1.5333757842600204   
  1264.03  1.5323449348136633   
  1264.53  1.5313150199485905   
  1265.03  1.5302862040622423   
  1265.53  1.5292584855482554   
  1266.03  1.5282318628032487   
  1266.53  1.52720649917405     
  1267.03  1.5261820629930567   
  1267.53  1.525158717788978    
  1268.03  1.5241364619702906   
  1268.53  1.5231154581944353   
  1269.03  1.5220953762090745   
  1269.53  1.5210763788524526   
  1270.03  1.5200584645447988   
  1270.53  1.519041631709264    
  1271.03  1.5180260421471312   
  1271.53  1.5170113673635353   
  1272.03  1.5159977693392273   
  1272.53  1.5149852465089793   
  1273.03  1.5139737973104517   
  1273.53  1.5129635826949217   
  1274.03  1.5119542759121924   
  1274.53  1.5109460380916861   
  1275.03  1.5099388676825554   
  1275.53  1.5089329249604677   
  1276.03  1.5079278845618123   
  1276.53  1.5069239069393532   
  1277.03  1.505920990553632    
  1277.53  1.504919133868021    
  1278.03  1.5039184963191135   
  1278.53  1.5029187542652187   
  1279.03  1.5019200673187254   
  1279.53  1.5009224339542686   
  1280.03  1.4999260129415062   
  1280.53  1.4989304820072857   
  1281.03  1.4979360000960285   
  1281.53  1.4969425656935327   
  1282.03  1.495950177288372    
  1282.53  1.4949589928218825   
  1283.03  1.4939686917204602   
  1283.53  1.4929794320989256   
  1284.03  1.4919912124568917   
  1284.53  1.4910040312967159   
  1285.03  1.4900180457373111   
  1285.53  1.4890329368923527   
  1286.03  1.4880488620529713   
  1286.53  1.4870658197324413   
  1287.03  1.4860839663959549   
  1287.53  1.4851029844982402   
  1288.03  1.4841230306757018   
  1288.53  1.4831441034524349   
  1289.03  1.482166201355226    
  1289.53  1.4811894800373284   
  1290.03  1.4802136236189463   
  1290.53  1.4792387879232995   
  1291.03  1.4782649714878762   
  1291.53  1.4772923293205276   
  1292.03  1.476320546865213    
  1292.53  1.4753497792987615   
  1293.03  1.4743800251692696   
  1293.53  1.47341128302747     
  1294.03  1.4724437070795915   
  1294.53  1.4714769844136233   
  1295.03  1.4705112694035463   
  1295.53  1.469546560610585    
  1296.03  1.468582856598574    
  1296.53  1.4676203107777763   
  1297.03  1.4666586118684497   
  1297.53  1.4656979134473964   
  1298.03  1.464738214088827    
  1298.53  1.4637796665702802   
  1299.03  1.4628219609094189   
  1299.53  1.4618652500493572   
  1300.03  1.4609095325745913   
  1300.53  1.4599548070721744   
  1301.03  1.4590012255337415   
  1301.53  1.458048479588317    
  1302.03  1.4570967213919173   
  1302.53  1.4561459495417692   
  1303.03  1.45519616263763     
  1303.53  1.454247511890748    
  1304.03  1.4532996905300446   
  1304.53  1.4523528499299667   
  1305.03  1.4514069887003345   
  1305.53  1.4504622574320332   
  1306.04  1.449499373132142    
  1306.54  1.4485566128056195   
  1307.04  1.4476146744681109   
  1307.54  1.4466737085603238   
  1308.04  1.4457337137070583   
  1308.54  1.4447946885355833   
  1309.04  1.4438567825564241   
  1309.54  1.4429196924846925   
  1310.04  1.4419835679915425   
  1310.54  1.4410484077140668   
  1311.04  1.4401143605519442   
  1311.54  1.4391811244722414   
  1312.04  1.438248848534346    
  1312.54  1.4373175313850899   
  1313.04  1.4363871716737264   
  1313.54  1.4354579175411601   
  1314.04  1.4345294685094667   
  1314.54  1.4336019728781202   
  1315.04  1.4326754293060067   
  1315.54  1.4317498364544095   
  1316.04  1.4308253417107366   
  1316.54  1.4299016461411145   
  1317.04  1.4289788972903907   
  1317.54  1.4280570938293775   
  1318.04  1.4271363825464616   
  1318.54  1.4262164657351737   
  1319.04  1.4252974903404423   
  1319.54  1.424379455042528    
  1320.04  1.4234623585240387   
  1320.54  1.4225463468292516   
  1321.04  1.4216311237762653   
  1321.54  1.4207168355647866   
  1322.04  1.4198034808867706   
  1322.54  1.4188912051949198   
  1323.04  1.4179797135192789   
  1323.54  1.4170691514670983   
  1324.04  1.4161595177395991   
  1324.54  1.415250811040306    
  1325.04  1.4143431760870482   
  1325.54  1.4134363194152686   
  1326.04  1.4125303858962517   
  1326.54  1.4116253742426879   
  1327.04  1.4107212831695484   
  1327.54  1.4098182566648583   
  1328.04  1.4089160027589414   
  1328.54  1.4080146655921935   
  1329.04  1.4071142438886541   
  1329.54  1.4062148810561295   
  1330.04  1.4053162863133282   
  1330.54  1.404418603219568    
  1331.04  1.4035218305078787   
  1331.54  1.4026259669135266   
  1332.04  1.4017311551235263   
  1332.54  1.4008371058327709   
  1333.04  1.39994396187872     
  1333.54  1.3990517220055343   
  1334.04  1.3981603849595874   
  1334.54  1.3972700927120494   
  1335.04  1.3963805574237378   
  1335.54  1.39549192121521     
  1336.04  1.3946041828416398   
  1336.54  1.3937174837050585   
  1337.04  1.3928315371316886   
  1337.54  1.3919464846721095   
  1338.04  1.3910623250902212   
  1338.54  1.3901790571520933   
  1339.04  1.3892968215527068   
  1339.54  1.3884153330659708   
  1340.04  1.387534732534375    
  1340.54  1.3866550187326223   
  1341.04  1.3857763317935365   
  1341.54  1.3848983876419554   
  1342.04  1.3840213265573864   
  1342.54  1.383145147323092    
  1343.04  1.3822698487244653   
  1343.54  1.381395570195938    
  1344.04  1.3805220290920832   
  1344.54  1.3796493649929935   
  1345.04  1.3787775766925308   
  1345.54  1.3779066629866634   
  1346.04  1.377036762616185    
  1346.54  1.3761675943555527   
  1347.04  1.3752992970902058   
  1347.54  1.3744318696244935   
  1348.04  1.3735654501476973   
  1348.54  1.3726997585631373   
  1349.04  1.3718349332039363   
  1349.54  1.3709709728827528   
  1350.04  1.3701078764143118   
  1350.54  1.369245642615401    
  1351.04  1.3683842703048652   
  1351.54  1.3675240351244526   
  1352.04  1.3666643819790874   
  1352.54  1.365805586791315    
  1353.04  1.3649476483881686   
  1353.54  1.364090565598717    
  1354.04  1.3632343372540616   
  1354.54  1.3623789621873312   
  1355.04  1.3615244392336785   
  1355.54  1.3606707672302747   
  1356.04  1.359818219363858    
  1356.54  1.3589662455075742   
  1357.04  1.3581151191254992   
  1357.54  1.3572648390628386   
  1358.04  1.356415404166796    
  1358.54  1.3555668132865688   
  1359.04  1.354719065273345    
  1359.54  1.3538721589802964   
  1360.04  1.353026093262578    
  1360.54  1.352180866977321    
  1361.04  1.3513367506184428   
  1361.54  1.350493199508134    
  1362.04  1.349650484413869    
  1362.54  1.3488086042006464   
  1363.04  1.3479675577354213   
  1363.54  1.347127343887102    
  1364.04  1.3462879615265446   
  1364.54  1.3454494095265497   
  1365.04  1.3446116867618585   
  1365.54  1.343775061333836    
  1366.04  1.3429389934057265   
  1366.54  1.3421037513491063   
  1367.04  1.341269334046436    
  1367.54  1.3404357403820977   
  1368.04  1.3396029692423894   
  1368.54  1.3387710195155216   
  1369.04  1.337939890091612    
  1369.54  1.3371095798626838   
  1370.04  1.3362803545664306   
  1370.54  1.3354516791483584   
  1371.04  1.3346238196130757   
  1371.54  1.333796774860183    
  1372.04  1.3329705437911643   
  1372.54  1.3321451253093843   
  1373.04  1.3313205183200847   
  1373.54  1.3304967217303802   
  1374.04  1.3296737344492542   
  1374.54  1.328851819879169    
  1375.04  1.328030447690003    
  1375.54  1.3272098815478899   
  1376.04  1.32639012036925     
  1376.54  1.3255711630723535   
  1377.04  1.3247530085773156   
  1377.54  1.3239356558060937   
  1378.04  1.3231191036824848   
  1378.54  1.322303351132118    
  1379.04  1.3214883970824556   
  1379.54  1.3206745023740787   
  1380.04  1.3198611418593706   
  1380.54  1.3190485766390387   
  1381.04  1.3182368056478286   
  1381.54  1.317425827822297    
  1382.04  1.31661564210081     
  1382.54  1.3158062474235361   
  1383.04  1.3149976427324461   
  1383.54  1.314189826971308    
  1384.04  1.313383058704099    
  1384.54  1.312576817388261    
  1385.04  1.3117713618447584   
  1385.54  1.3109666910245088   
  1386.04  1.3101628038802082   
  1386.54  1.3093596993663277   
  1387.04  1.308557376439109    
  1387.55  1.307739847262182    
  1388.05  1.3069390999284716   
  1388.55  1.3061391310400363   
  1389.05  1.3053399395602021   
  1389.55  1.3045417813022573   
  1390.05  1.3037441412872304   
  1390.55  1.3029472755816174   
  1391.05  1.3021511831557342   
  1391.55  1.301355862981635    
  1392.05  1.300561314033111    
  1392.55  1.2997675352856821   
  1393.05  1.2989745257165992   
  1393.55  1.2981822843048356   
  1394.05  1.2973910646468474   
  1394.55  1.2966003562471102   
  1395.05  1.2958104129522543   
  1395.55  1.2950212337481153   
  1396.05  1.2942328176222375   
  1396.55  1.2934451635638675   
  1397.05  1.2926582705639527   
  1397.55  1.291872137615137    
  1398.05  1.291086763711757    
  1398.55  1.2903021478498393   
  1399.05  1.2895185411934178   
  1399.55  1.2887354381660727   
  1400.05  1.2879530901786949   
  1400.55  1.2871714962340346   
  1401.05  1.2863906553365143   
  1401.55  1.2856105664922264   
  1402.05  1.2848312287089287   
  1402.55  1.2840526409960415   
  1403.05  1.283274802364644    
  1403.55  1.2824979618168302   
  1404.05  1.2817216181479671   
  1404.55  1.280946020604068    
  1405.05  1.280171168202814    
  1405.55  1.2793970599635285   
  1406.05  1.2786236949071734   
  1406.55  1.2778510720563463   
  1407.05  1.277079190435278    
  1407.55  1.2763080490698269   
  1408.05  1.2755378948255476   
  1408.55  1.274768230817935    
  1409.05  1.2739993041535693   
  1409.55  1.2732311138647923   
  1410.05  1.2724636589855576   
  1410.55  1.2716969385514287   
  1411.05  1.2709309515995753   
  1411.55  1.2701656971687691   
  1412.05  1.2694011742993825   
  1412.55  1.268637627745453    
  1413.05  1.2678745648917162   
  1413.55  1.2671122307303864   
  1414.05  1.266350624308201    
  1414.55  1.2655897446734807   
  1415.05  1.2648295908761271   
  1415.55  1.2640701619676185   
  1416.05  1.2633114570010069   
  1416.55  1.2625534750309162   
  1417.05  1.2617962151135365   
  1417.55  1.2610399196856645   
  1418.05  1.2602841008168966   
  1418.55  1.2595290011790887   
  1419.05  1.2587746198346705   
  1419.55  1.2580209558476239   
  1420.05  1.2572680082834784   
  1420.55  1.2565157762093104   
  1421.05  1.255764258693739    
  1421.55  1.2550134548069216   
  1422.05  1.254263604925755    
  1422.55  1.253514225284126    
  1423.05  1.2527655564912306   
  1423.55  1.2520175976233539   
  1424.05  1.2512703477583047   
  1424.55  1.2505238059754142   
  1425.05  1.249777971355531    
  1425.55  1.2490328429810185   
  1426.05  1.2482884199357525   
  1426.55  1.247544940560619    
  1427.05  1.2468019252052291   
  1427.55  1.2460596124400485   
  1428.05  1.2453180013549705   
  1428.55  1.2445770910413856   
  1429.05  1.243836880592178    
  1429.55  1.2430973691017235   
  1430.05  1.2423585556658856   
  1430.55  1.2416204393820125   
  1431.05  1.2408832565785202   
  1431.55  1.2401465316728921   
  1432.05  1.2394105012204455   
  1432.55  1.238675164324439    
  1433.05  1.237940520089602    
  1433.55  1.2372065676221322   
  1434.05  1.2364733060296909   
  1434.55  1.235740734421401    
  1435.05  1.2350088519078448   
  1435.55  1.2342778928281635   
  1436.05  1.2335473856205668   
  1436.55  1.232817564848458    
  1437.05  1.2320884296282248   
  1437.55  1.231359979077699    
  1438.05  1.230632212316154    
  1438.55  1.2299051284643017   
  1439.05  1.2291787266442902   
  1439.55  1.2284530059797005   
  1440.05  1.227727965595543    
  1440.55  1.2270038376474397   
  1441.05  1.226280154986637    
  1441.55  1.2255571499901314   
  1442.05  1.2248348217886258   
  1442.55  1.2241131695142384   
  1443.05  1.2233921923005013   
  1443.55  1.2226718892823565   
  1444.05  1.2219522595961538   
  1444.55  1.2212333023796484   
  1445.05  1.2205152478470522   
  1445.55  1.219797632773065    
  1446.05  1.219080687590717    
  1446.55  1.2183644114433532   
  1447.05  1.2176488034757116   
  1447.55  1.216933862833917    
  1448.05  1.2162195886654814   
  1448.55  1.2155059801192982   
  1449.05  1.214793036345642    
  1449.55  1.2140809856394783   
  1450.05  1.2133693686539275   
  1450.55  1.2126584139002519   
  1451.05  1.2119481205342189   
  1451.55  1.2112384877129623   
  1452.05  1.2105295145949801   
  1452.55  1.209821200340132    
  1453.05  1.2091135441096357   
  1453.55  1.2084065450660646   
  1454.05  1.2077004296069804   
  1454.55  1.2069947422195466   
  1455.05  1.2062897095151373   
  1455.55  1.2055853306617232   
  1456.05  1.204881604828618    
  1456.55  1.2041785311864752   
  1457.05  1.2034761089072865   
  1457.55  1.2027743371643773   
  1458.05  1.202073215132406    
  1458.55  1.201372741987361    
  1459.05  1.2006731420438042   
  1459.55  1.199973963997695    
  1460.05  1.1992754323746917   
  1460.55  1.1985775463560746   
  1461.05  1.1978803051244407   
  1461.55  1.197183707863701    
  1462.05  1.196487753759079    
  1462.55  1.1957924419971058   
  1463.05  1.1950977717656202   
  1463.55  1.1944039655268657   
  1464.05  1.1937105757192565   
  1464.55  1.1930178250137238   
  1465.05  1.1923257126033062   
  1465.55  1.1916342376823361   
  1466.05  1.1909433994464376   
  1466.55  1.190253197092523    
  1467.05  1.1895636298187917   
  1467.55  1.1888746968247261   
  1468.05  1.188186618741133    
  1468.55  1.1874989517064674   
  1469.06  1.1867982132373482   
  1469.56  1.186111821764663    
  1470.06  1.1854260605726494   
  1470.56  1.1847409288684658   
  1471.06  1.1840564258605373   
  1471.56  1.1833725507585526   
  1472.06  1.1826893027734628   
  1472.56  1.1820066811174768   
  1473.06  1.1813246850040608   
  1473.56  1.1806435328495257   
  1474.06  1.1799627852659618   
  1474.56  1.1792826608731342   
  1475.06  1.1786031588895116   
  1475.56  1.1779242785348065   
  1476.06  1.1772460190299745   
  1476.56  1.17656837959721     
  1477.06  1.1758913594599452   
  1477.56  1.1752149578428475   
  1478.06  1.1745391739718163   
  1478.56  1.1738642242798938   
  1479.06  1.1731896733854115   
  1479.56  1.1725157379223152   
  1480.06  1.171842417121411    
  1480.56  1.171169710214726    
  1481.06  1.1704976164355052   
  1481.56  1.1698261350182106   
  1482.06  1.1691552651985173   
  1482.56  1.168485006213312    
  1483.06  1.1678155727317263   
  1483.56  1.167146532935004    
  1484.06  1.1664781016909191   
  1484.56  1.1658102782411808   
  1485.06  1.1651430618286975   
  1485.56  1.1644764516975754   
  1486.06  1.163810447093116    
  1486.56  1.1631450472618137   
  1487.06  1.1624802514513533   
  1487.56  1.161816272586583    
  1488.06  1.1611526823718104   
  1488.56  1.1604896939282967   
  1489.06  1.159827306508467    
  1489.56  1.1591655193659245   
  1490.06  1.1585043317554509   
  1490.56  1.1578437429330013   
  1491.06  1.1571837521557045   
  1491.56  1.1565243586818585   
  1492.06  1.1558657737113787   
  1492.56  1.1552075724323518   
  1493.06  1.154549966238909    
  1493.56  1.1538929543940073   
  1494.06  1.1532365361617634   
  1494.56  1.1525807108074506   
  1495.06  1.151925477597497    
  1495.56  1.1512708357994834   
  1496.06  1.150616784682141    
  1496.56  1.149963323515349    
  1497.06  1.1493106616047875   
  1497.56  1.1486583779640247   
  1498.06  1.148006682090551    
  1498.56  1.147355573258817    
  1499.06  1.1467050507444099   
  1499.56  1.146055113824052    
  1500.06  1.1454057617755986   
  1500.56  1.144756993878036    
  1501.06  1.1441088094114793   
  1501.56  1.1434614159966392   
  1502.06  1.142814396049741    
  1502.56  1.1421679573811747   
  1503.06  1.1415220992755486   
  1503.56  1.1408768210185882   
  1504.06  1.1402321218971356   
  1504.56  1.1395880011991466   
  1505.06  1.138944458213689    
  1505.56  1.1383014922309393   
  1506.06  1.13765930920516     
  1506.56  1.1370174949176446   
  1507.06  1.1363762555102326   
  1507.56  1.1357355902775177   
  1508.06  1.1350954985151935   
  1508.56  1.13445597952005     
  1509.06  1.1338170325899724   
  1509.56  1.133178657023939    
  1510.06  1.1325408521220195   
  1510.56  1.1319038221902884   
  1511.06  1.1312671563380472   
  1511.56  1.1306310590568753   
  1512.06  1.1299955296511843   
  1512.56  1.1293605674264668   
  1513.06  1.1287261716892936   
  1513.56  1.1280923417473119   
  1514.06  1.1274590769092436   
  1514.56  1.1268263764848834   
  1515.06  1.1261942397850961   
  1515.56  1.1255628693057431   
  1516.06  1.1249318578110843   
  1516.56  1.1243014079802165   
  1517.06  1.1236715191282662   
  1517.56  1.1230421905714207   
  1518.06  1.1224134216269248   
  1518.56  1.1217852116130809   
  1519.06  1.1211575598492451   
  1519.56  1.1205304656558264   
  1520.06  1.1199041299182273   
  1520.56  1.119278148652159    
  1521.06  1.1186527229242478   
  1521.56  1.118027852059092    
  1522.06  1.1174035353823344   
  1522.56  1.1167797722206567   
  1523.06  1.1161565619017804   
  1523.56  1.1155339037544638   
  1524.06  1.1149117971084999   
  1524.56  1.1142904412563204   
  1525.06  1.1136694354296064   
  1525.56  1.1130489791000289   
  1526.06  1.1124290716015015   
  1526.56  1.1118097122689625   
  1527.06  1.111190900438374    
  1527.56  1.110572635446719    
  1528.06  1.1099549166320004   
  1528.56  1.109337743333239    
  1529.06  1.1087213132671436   
  1529.56  1.1081052288463733   
  1530.06  1.1074896879649205   
  1530.56  1.106874689965857    
  1531.06  1.1062602341932635   
  1531.56  1.105646319992226    
  1532.06  1.105032946708836    
  1532.56  1.104420113690187    
  1533.06  1.1038078202843733   
  1533.56  1.1031960658404885   
  1534.06  1.1025850463443738   
  1534.56  1.1019743677026679   
  1535.06  1.1013642260763539   
  1535.56  1.1007546208185017   
  1536.06  1.1001455512831713   
  1536.56  1.09953701682541     
  1537.06  1.0989290168012509   
  1537.56  1.0983215505677124   
  1538.06  1.0977146174827939   
  1538.56  1.0971084119922552   
  1539.06  1.0965025431114164   
  1539.56  1.095897205459279    
  1540.06  1.095292398397754    
  1540.56  1.0946881212897255   
  1541.06  1.094084373499049    
  1541.56  1.09348115439055     
  1542.06  1.0928784633300215   
  1542.56  1.0922762996842226   
  1543.06  1.0916748563753564   
  1543.56  1.0910737454939081   
  1544.06  1.090473160133449    
  1544.56  1.0898730996645845   
  1545.06  1.0892735634588773   
  1545.56  1.0886745508888458   
  1546.06  1.088076061327962    
  1546.56  1.0874780941506494   
  1547.06  1.0868806487322829   
  1547.56  1.0862839164878084   
  1548.06  1.085687512549818    
  1548.56  1.0850916285027785   
  1549.06  1.0844962637258475   
  1549.56  1.083901417599123    
  1550.06  1.0833070895036436   
  1550.57  1.0827016256596196   
  1551.07  1.082108341913628    
  1551.57  1.0815155743355296   
  1552.07  1.080923322310123    
  1552.57  1.0803315852231365   
  1553.07  1.0797403624612303   
  1553.57  1.0791496534119895   
  1554.07  1.0785594574639277   
  1554.57  1.077969963716007    
  1555.07  1.0773807919748817   
  1555.57  1.0767921315062072   
  1556.07  1.0762039817021825   
  1556.57  1.0756163419559241   
  1557.07  1.075029211661465    
  1557.57  1.0744425902137518   
  1558.07  1.0738564770086438   
  1558.57  1.0732708714429111   
  1559.07  1.0726859611489588   
  1559.57  1.0721013688930208   
  1560.07  1.0715172824724104   
  1560.57  1.070933701287524    
  1561.07  1.0703506247396606   
  1561.57  1.069768052231021    
  1562.07  1.069185983164704    
  1562.57  1.0686044169447066   
  1563.07  1.0680233529759222   
  1563.57  1.0674429774397292   
  1564.07  1.066862916030451    
  1564.57  1.0662833550926152   
  1565.07  1.0657042940346815   
  1565.57  1.0651257322659986   
  1566.07  1.0645476691968008   
  1566.57  1.063970104238207    
  1567.07  1.06339303680222     
  1567.57  1.0628164663017228   
  1568.07  1.0622405774823915   
  1568.57  1.0616649989355733   
  1569.07  1.0610899155683566   
  1569.57  1.0605153267971341   
  1570.07  1.0599412320391721   
  1570.57  1.0593676307126096   
  1571.07  1.0587945222364543   
  1571.57  1.0582219060305842   
  1572.07  1.0576497815157433   
  1572.57  1.0570781481135418   
  1573.07  1.0565071889921471   
  1573.57  1.0559365359259063   
  1574.07  1.055366372242497    
  1574.57  1.0547966973669767   
  1575.07  1.0542275107252586   
  1575.57  1.0536588117441128   
  1576.07  1.0530905998511644   
  1576.57  1.0525228744748918   
  1577.07  1.051955635044624    
  1577.57  1.051389063324507    
  1578.07  1.0508227939216908   
  1578.57  1.0502570087581447   
  1579.07  1.0496917072665888   
  1579.57  1.0491268888805878   
  1580.07  1.0485625530345477   
  1580.57  1.0479986991637158   
  1581.07  1.0474353267041787   
  1581.57  1.0468724350928615   
  1582.07  1.0463102047045845   
  1582.57  1.0457482729495124   
  1583.07  1.0451868203586252   
  1583.57  1.0446258463721838   
  1584.07  1.0440653504312787   
  1584.57  1.04350533197783     
  1585.07  1.0429457904545847   
  1585.57  1.042386725305115    
  1586.07  1.0418281359738186   
  1586.57  1.0412702014606945   
  1587.07  1.0407125619495285   
  1587.57  1.0401553965948365   
  1588.07  1.0395987048442987   
  1588.57  1.0390424861464114   
  1589.07  1.0384867399504867   
  1589.57  1.0379314657066512   
  1590.07  1.0373766628658432   
  1590.57  1.0368223308798132   
  1591.07  1.0362684692011208   
  1591.57  1.0357152553189546   
  1592.07  1.035162332464917    
  1592.57  1.0346098782809152   
  1593.07  1.034057892222733    
  1593.57  1.0335063737469563   
  1594.07  1.0329553223109729   
  1594.57  1.0324047373729697   
  1595.07  1.0318546183919313   
  1595.57  1.03130496482764     
  1596.07  1.0307559528244523   
  1596.57  1.0302072283268182   
  1597.07  1.029658967630216    
  1597.57  1.0291111701976003   
  1598.07  1.0285638354927154   
  1598.57  1.0280169629800935   
  1599.07  1.027470552125054    
  1599.57  1.0269246023937018   
  1600.07  1.0263791132529254   
  1600.57  1.0258342595161658   
  1601.07  1.0252896898125226   
  1601.57  1.0247455791049827   
  1602.07  1.0242019268635576   
  1602.57  1.023658732559035    
  1603.07  1.0231159956629787   
  1603.57  1.022573715647727    
  1604.07  1.0220318919863909   
  1604.57  1.0214905241528531   
  1605.07  1.0209497856433718   
  1605.57  1.0204093277438706   
  1606.07  1.0198693240986003   
  1606.57  1.019329774184516    
  1607.07  1.0187906774793376   
  1607.57  1.0182520334615488   
  1608.07  1.0177138416103948   
  1608.57  1.0171761014058822   
  1609.07  1.0166388123287764   
  1609.57  1.0161019738606012   
  1610.07  1.015565758049963    
  1610.57  1.0150298191026308   
  1611.07  1.014494329213501    
  1611.57  1.0139592878671155   
  1612.07  1.013424694548768    
  1612.57  1.012890548744502    
  1613.07  1.0123568499411095   
  1613.57  1.0118235976261305   
  1614.07  1.0112907912878504   
  1614.57  1.0107586016861017   
  1615.07  1.0102266856259257   
  1615.57  1.0096952140119329   
  1616.07  1.0091641863353795   
  1616.57  1.008633602088262    
  1617.07  1.0081034607633144   
  1617.57  1.007573761854008    
  1618.07  1.0070445048545493   
  1618.57  1.0065156892598797   
  1619.07  1.0059874845542416   
  1619.57  1.005459550115241    
  1620.07  1.004932055570407    
  1620.57  1.0044050004176053   
  1621.07  1.0038783841554282   
  1621.57  1.0033522062831957   
  1622.07  1.0028264663009525   
  1622.57  1.0023011637094679   
  1623.07  1.0017762980102332   
  1623.57  1.001252037424916    
  1624.07  1.0007280438773263   
  1624.57  1.0002044857309456   
  1625.07  0.9996813624901437   
  1625.57  0.9991586736600072   
  1626.07  0.9986364187463375   
  1626.57  0.9981145972556501   
  1627.07  0.9975932086951733   
  1627.57  0.9970722525728468   
  1628.07  0.9965517283973205   
  1628.57  0.9960318030024541   
  1629.07  0.9955121411106828   
  1629.57  0.9949929096960675   
  1630.07  0.9944741082700862   
  1630.57  0.9939557363449208   
  1631.07  0.9934377934334564   
  1631.57  0.9929202790492792   
  1632.08  0.9923928786321686   
  1632.58  0.9918762283730601   
  1633.08  0.9913600051765376   
  1633.58  0.9908442085589956   
  1634.08  0.9903290038430282   
  1634.58  0.9898140587985025   
  1635.08  0.9892995388864627   
  1635.58  0.9887854436260773   
  1636.08  0.9882717725372057   
  1636.58  0.9877585251403961   
  1637.08  0.9872457009568854   
  1637.58  0.9867332995085971   
  1638.08  0.9862213203181409   
  1638.58  0.9857099274877441   
  1639.08  0.9851987912479957   
  1639.58  0.9846880758381636   
  1640.08  0.9841777807835886   
  1640.58  0.9836679056102912   
  1641.08  0.9831584498449701   
  1641.58  0.9826494130150024   
  1642.08  0.982140794648441    
  1642.58  0.9816325942740138   
  1643.08  0.9811249747858853   
  1643.58  0.980617608850452    
  1644.08  0.9801106594975276   
  1644.58  0.9796041262585289   
  1645.08  0.9790980086655423   
  1645.58  0.9785923062513219   
  1646.08  0.9780870185492891   
  1646.58  0.9775821450935311   
  1647.08  0.9770776854188      
  1647.58  0.9765738012233437   
  1648.08  0.9760701675847712   
  1648.58  0.9755669463356069   
  1649.08  0.9750641370132497   
  1649.58  0.9745617391557578   
  1650.08  0.9740597523018468   
  1650.58  0.9735581759908896   
  1651.08  0.973057009762914    
  1651.58  0.9725562531586026   
  1652.08  0.9720559057192915   
  1652.58  0.9715561278284865   
  1653.08  0.9710565972144675   
  1653.58  0.9705574743935116   
  1654.08  0.9700587589095565   
  1654.58  0.9695604503071877   
  1655.08  0.969062548131637    
  1655.58  0.9685650519287816   
  1656.08  0.9680679612451436   
  1656.58  0.9675712756278878   
  1657.08  0.9670751542897431   
  1657.58  0.9665792773193057   
  1658.08  0.966083804060739    
  1658.58  0.96558873406377     
  1659.08  0.965094066878763    
  1659.58  0.9645998020567192   
  1660.08  0.9641059391492756   
  1660.58  0.963612477708703    
  1661.08  0.963119417287906    
  1661.58  0.9626269159405098   
  1662.08  0.962134656091795    
  1662.58  0.9616427959255024   
  1663.08  0.9611513349970588   
  1663.58  0.9606602728625192   
  1664.08  0.9601696090785655   
  1664.58  0.9596793432025054   
  1665.08  0.9591894747922713   
  1665.58  0.9587000034064194   
  1666.08  0.9582110859509971   
  1666.58  0.9577224071646377   
  1667.08  0.9572341240822017   
  1667.58  0.9567462362647289   
  1668.08  0.9562587432738778   
  1668.58  0.9557716446719241   
  1669.08  0.9552849400217597   
  1669.58  0.9547986288868916   
  1670.08  0.9543127108314412   
  1670.58  0.9538271854201428   
  1671.08  0.9533422082972953   
  1671.58  0.9528574667449268   
  1672.08  0.952373116534721    
  1672.58  0.9518891572338543   
  1673.08  0.9514055884101106   
  1673.58  0.950922409631881    
  1674.08  0.9504396204681621   
  1674.58  0.9499572204885557   
  1675.08  0.9494752092632669   
  1675.58  0.9489937413128765   
  1676.08  0.948512506184472    
  1676.58  0.9480316585247515   
  1677.08  0.9475511979063246   
  1677.58  0.9470711239024003   
  1678.08  0.9465914360867846   
  1678.58  0.9461121340338807   
  1679.08  0.945633217318687    
  1679.58  0.9451546855167967   
  1680.08  0.9446766920361539   
  1680.58  0.9441989286664778   
  1681.08  0.9437215489405779   
  1681.58  0.9432445524364155   
  1682.08  0.9427679387325416   
  1682.58  0.9422917074080955   
  1683.08  0.9418158580428043   
  1683.58  0.9413403902169818   
  1684.08  0.9408653035115269   
  1684.58  0.9403907502326914   
  1685.08  0.9399164243906787   
  1685.58  0.9394424784153693   
  1686.08  0.938968911889995    
  1686.58  0.9384957243983678   
  1687.08  0.9380229155248797   
  1687.58  0.9375504848545014   
  1688.08  0.937078431972781    
  1688.58  0.9366067564658439   
  1689.08  0.9361354579203908   
  1689.58  0.9356646874312352   
  1690.08  0.9351941414501562   
  1690.58  0.9347239711942411   
  1691.08  0.9342541762524843   
  1691.58  0.9337847562144506   
  1692.08  0.9333157106702751   
  1692.58  0.9328470392106619   
  1693.08  0.932378741426883    
  1693.58  0.931910816910778    
  1694.08  0.9314434156781255   
  1694.58  0.930976236355339    
  1695.08  0.9305094290792678   
  1695.58  0.9300429934440098   
  1696.08  0.9295769290442254   
  1696.58  0.9291112354751363   
  1697.08  0.9286459123325247   
  1697.58  0.9281809592127322   
  1698.08  0.9277163757126596   
  1698.58  0.927252310779577    
  1699.08  0.9267884651932342   
  1699.58  0.9263249880207832   
  1700.08  0.9258618788613494   
  1700.58  0.9253991373146119   
  1701.08  0.9249367629808024   
  1701.58  0.9244747554607055   
  1702.08  0.9240131143556564   
  1702.58  0.9235518392675405   
  1703.08  0.9230910780855163   
  1703.58  0.9226305337216353   
  1704.08  0.9221703541837639   
  1704.58  0.9217105390759791   
  1705.08  0.9212510880029036   
  1705.58  0.9207920005697046   
  1706.08  0.9203332763820936   
  1706.58  0.9198749150463247   
  1707.08  0.919416916169194    
  1707.58  0.9189592793580387   
  1708.08  0.9185021513383703   
  1708.58  0.9180452373671204   
  1709.08  0.917588684287221    
  1709.58  0.9171324917081644   
  1710.08  0.9166766592399799   
  1710.58  0.9162211864932321   
  1711.08  0.9157660730790207   
  1711.58  0.9153113186089791   
  1712.08  0.9148569226952737   
  1712.58  0.9144030310268336   
  1713.08  0.9139493509493367   
  1713.58  0.9134960282679896   
  1714.09  0.9130340273245909   
  1714.59  0.9125814253914598   
  1715.09  0.912129179691262    
  1715.59  0.9116772898398803   
  1716.09  0.9112257554537245   
  1716.59  0.9107745761497288   
  1717.09  0.9103237515453521   
  1717.59  0.9098732812585762   
  1718.09  0.9094233097227005   
  1718.59  0.9089735468134299   
  1719.09  0.90852413707896     
  1719.59  0.9080750801393576   
  1720.09  0.9076263756152084   
  1720.59  0.9071780231276161   
  1721.09  0.9067300222982019   
  1721.59  0.9062823727491032   
  1722.09  0.9058350741029736   
  1722.59  0.905388269778616    
  1723.09  0.9049416716958053   
  1723.59  0.9044954233871291   
  1724.09  0.9040495244772941   
  1724.59  0.9036039745915191   
  1725.09  0.9031587733555326   
  1725.59  0.9027139203955731   
  1726.09  0.9022694153383879   
  1726.59  0.9018252578112324   
  1727.09  0.9013815902281483   
  1727.59  0.9009381265332911   
  1728.09  0.9004950092533883   
  1728.59  0.9000522380177187   
  1729.09  0.8996098124560649   
  1729.59  0.8991677321987122   
  1730.09  0.8987259968764484   
  1730.59  0.8982846061205625   
  1731.09  0.897843559562844    
  1731.59  0.8974028568355821   
  1732.09  0.8969626392476864   
  1732.59  0.8965226229698317   
  1733.09  0.8960829494224087   
  1733.59  0.895643618239697    
  1734.09  0.8952046290564715   
  1734.59  0.8947659815080022   
  1735.09  0.8943276752300532   
  1735.59  0.8938897098588809   
  1736.09  0.8934520850312351   
  1736.59  0.8930149410714282   
  1737.09  0.8925779961337346   
  1737.59  0.8921413906528776   
  1738.09  0.8917051242675675   
  1738.59  0.8912691966170031   
  1739.09  0.8908336073408708   
  1739.59  0.8903983560793434   
  1740.09  0.8899634424730798   
  1740.59  0.8895288661632241   
  1741.09  0.889094766498864    
  1741.59  0.8886608635989204   
  1742.09  0.8882272969218346   
  1742.59  0.8877940661106826   
  1743.09  0.8873611708090223   
  1743.59  0.8869286106608916   
  1744.09  0.8864963853108079   
  1744.59  0.8860644944037677   
  1745.09  0.8856329375852454   
  1745.59  0.885201853238363    
  1746.09  0.8847709634279647   
  1746.59  0.8843404066454814   
  1747.09  0.8839101825382916   
  1747.59  0.883480290754248    
  1748.09  0.8830507309416769   
  1748.59  0.8826215027493766   
  1749.09  0.8821926058266177   
  1749.59  0.881764039823142    
  1750.09  0.8813358043891613   
  1750.59  0.8809080368452225   
  1751.09  0.8804804613966302   
  1751.59  0.8800532154710943   
  1752.09  0.8796262987207004   
  1752.59  0.879199710798       
  1753.09  0.8787734513560107   
  1753.59  0.8783475200482146   
  1754.09  0.8779219165285586   
  1754.59  0.8774966404514525   
  1755.09  0.8770718281906617   
  1755.59  0.8766472058586248   
  1756.09  0.8762229099352519   
  1756.59  0.8757989400767995   
  1757.09  0.8753752959399832   
  1757.59  0.8749519771819781   
  1758.09  0.8745289834604172   
  1758.59  0.8741063144333913   
  1759.09  0.8736839697594474   
  1759.59  0.8732620848744865   
  1760.09  0.8728403877800519   
  1760.59  0.8724190140171837   
  1761.09  0.8719979632462486   
  1761.59  0.8715772351280663   
  1762.09  0.8711568293239091   
  1762.59  0.8707367454955006   
  1763.09  0.8703169833050152   
  1763.59  0.8698975424150776   
  1764.09  0.8694785573325367   
  1764.59  0.8690597579302246   
  1765.09  0.8686412788191358   
  1765.59  0.8682231196636879   
  1766.09  0.8678052801287455   
  1766.59  0.8673877598796185   
  1767.09  0.866970558582062    
  1767.59  0.8665536759022752   
  1768.09  0.8661371115069015   
  1768.59  0.8657208650630268   
  1769.09  0.8653050700554235   
  1769.59  0.8648894584155061   
  1770.09  0.864474163731103    
  1770.59  0.8640591856710642   
  1771.09  0.8636445239046797   
  1771.59  0.8632301781016777   
  1772.09  0.8628161479322248   
  1772.59  0.8624024330669245   
  1773.09  0.861989033176817    
  1773.59  0.8615760808358822   
  1774.09  0.8611633098099116   
  1774.59  0.8607508527749719   
  1775.09  0.8603387094038423   
  1775.59  0.859926879369735    
  1776.09  0.8595153623462948   
  1776.59  0.8591041580075978   
  1777.09  0.8586932660281514   
  1777.59  0.858282686082893    
  1778.09  0.8578725498435009   
  1778.59  0.8574625928929804   
  1779.09  0.8570529470041394   
  1779.59  0.8566436118536294   
  1780.09  0.856234587118529    
  1780.59  0.8558258724763428   
  1781.09  0.8554174676050009   
  1781.59  0.8550093721828581   
  1782.09  0.8546015858886936   
  1782.59  0.8541942395002743   
  1783.09  0.8537870704008601   
  1783.59  0.853380209468402    
  1784.09  0.8529736563833686   
  1784.59  0.8525674108266492   
  1785.09  0.8521614724795532   
  1785.59  0.8517558410238093   
  1786.09  0.8513505161415652   
  1786.59  0.8509454975153865   
  1787.09  0.8505407848282561   
  1787.59  0.8501365078744227   
  1788.09  0.8497324060177909   
  1788.59  0.8493286091517557   
  1789.09  0.8489251169609626   
  1789.59  0.848521929130472    
  1790.09  0.8481190453457568   
  1790.59  0.8477164652927032   
  1791.09  0.8473141886576093   
  1791.59  0.8469122151271847   
  1792.09  0.8465106736191568   
  1792.59  0.8461093052625385   
  1793.09  0.845708239073281    
  1793.59  0.8453074747397329   
  1794.09  0.8449070119506513   
  1794.59  0.8445068503952009   
  1795.09  0.8441069897629527   
  1795.6   0.843699459604584    
  1796.1   0.8433002058784709   
  1796.6   0.842901252140543    
  1797.1   0.8425025980820011   
  1797.6   0.8421043715583224   
  1798.1   0.8417063158375632   
  1798.6   0.8413085588723102   
  1799.1   0.8409111003553744   
  1799.6   0.8405139399799687   
  1800.1   0.8401170774397058   
  1800.6   0.8397205124285984   
  1801.1   0.8393242446410585   
  1801.6   0.8389282737718967   
  1802.1   0.8385327268179301   
  1802.6   0.838137348776228    
  1803.1   0.8377422667398186   
  1803.6   0.8373474804051004   
  1804.1   0.8369529894688672   
  1804.6   0.836558793628308    
  1805.1   0.8361648925810053   
  1805.6   0.8357712860249361   
  1806.1   0.8353779736584696   
  1806.6   0.8349850816276418   
  1807.1   0.8345923566426138   
  1807.6   0.8341999249447449   
  1808.1   0.8338077862339702   
  1808.6   0.8334159402106146   
  1809.1   0.8330243865753919   
  1809.6   0.832633125029405    
  1810.1   0.8322421552741445   
  1810.6   0.8318514770114886   
  1811.1   0.8314610899437024   
  1811.6   0.8310711192806357   
  1812.1   0.8306813136174444   
  1812.6   0.8302917982583276   
  1813.1   0.8299025729070912   
  1813.6   0.829513637267925    
  1814.1   0.8291249910454022   
  1814.6   0.8287366339444778   
  1815.1   0.8283485656704898   
  1815.6   0.8279607859291563   
  1816.1   0.8275734190958817   
  1816.6   0.827186215445908    
  1817.1   0.8267992994481224   
  1817.6   0.8264126708097628   
  1818.1   0.8260263292384459   
  1818.6   0.8256402744421661   
  1819.1   0.8252545061292951   
  1819.6   0.8248690240085811   
  1820.1   0.8244838277891481   
  1820.6   0.8240990410195514   
  1821.1   0.8237144156397697   
  1821.6   0.8233300752909851   
  1822.1   0.8229460196838201   
  1822.6   0.8225622485292702   
  1823.1   0.8221787615387032   
  1823.6   0.821795558423859    
  1824.1   0.8214126388968488   
  1824.6   0.8210300026701545   
  1825.1   0.820647772472994    
  1825.6   0.8202657018949072   
  1826.1   0.8198839137568932   
  1826.6   0.819502407772911    
  1827.1   0.8191211836572876   
  1827.6   0.8187402411247175   
  1828.1   0.8183595798902616   
  1828.6   0.8179791996693473   
  1829.1   0.8175991001777672   
  1829.6   0.8172192811316791   
  1830.1   0.8168398643586263   
  1830.6   0.8164606052634185   
  1831.1   0.8160816257644516   
  1831.6   0.8157029255793378   
  1832.1   0.8153245044260513   
  1832.6   0.8149463620229283   
  1833.1   0.8145684980886655   
  1833.6   0.8141909123423205   
  1834.1   0.813813604503311    
  1834.6   0.8134366955954162   
  1835.1   0.8130599426415464   
  1835.6   0.8126834667555082   
  1836.1   0.8123072676581532   
  1836.6   0.8119313450706902   
  1837.1   0.8115556987146845   
  1837.6   0.8111803283120573   
  1838.1   0.8108052335850855   
  1838.6   0.8104304142564012   
  1839.1   0.8100559905532655   
  1839.6   0.8096817211020528   
  1840.1   0.809307726219236    
  1840.6   0.8089340056288608   
  1841.1   0.8085605590553258   
  1841.6   0.8081873862233806   
  1842.1   0.8078144868581263   
  1842.6   0.8074418606850143   
  1843.1   0.8070695074298467   
  1843.6   0.8066975465305295   
  1844.1   0.8063257382024327   
  1844.6   0.8059542019718674   
  1845.1   0.8055829375660298   
  1845.6   0.8052119447124637   
  1846.1   0.8048412231390595   
  1846.6   0.8044707725740536   
  1847.1   0.8041005927460286   
  1847.6   0.803730683383912    
  1848.1   0.8033610442169761   
  1848.6   0.802991793814365    
  1849.1   0.8026226941402372   
  1849.6   0.8022538638512562   
  1850.1   0.8018853026780677   
  1850.6   0.8015170103516591   
  1851.1   0.8011489866033594   
  1851.6   0.8007812311648387   
  1852.1   0.8004137437681076   
  1852.6   0.800046524145516    
  1853.1   0.7996796900917092   
  1853.6   0.7993130051298363   
  1854.1   0.7989465871412743   
  1854.6   0.7985804358597279   
  1855.1   0.7982145510192394   
  1855.6   0.7978489323541873   
  1856.1   0.7974835795992871   
  1856.6   0.7971184924895893   
  1857.1   0.7967536707604804   
  1857.6   0.7963892314390183   
  1858.1   0.7960249395933823   
  1858.6   0.7956609123365846   
  1859.1   0.795297149405347    
  1859.6   0.7949336505367243   
  1860.1   0.794570415468103    
  1860.6   0.7942074439372019   
  1861.1   0.7938447356820701   
  1861.6   0.7934822904410884   
  1862.1   0.7931202244805629   
  1862.6   0.7927583043998995   
  1863.1   0.7923966465505894   
  1863.6   0.7920352506723303   
  1864.1   0.7916741165051481   
  1864.6   0.7913132437893962   
  1865.1   0.7909526322657553   
  1865.6   0.7905922816752325   
  1866.1   0.7902321917591614   
  1866.6   0.7898723622592008   
  1867.1   0.7895129086042969   
  1867.6   0.7891535990792261   
  1868.1   0.7887945491972745   
  1868.6   0.7884357587013986   
  1869.1   0.7880772273348781   
  1869.6   0.7877189548413154   
  1870.1   0.7873609409646349   
  1870.6   0.7870031854490827   
  1871.1   0.7866456880392262   
  1871.6   0.7862885634174367   
  1872.1   0.7859315813710889   
  1872.6   0.785574856666143    
  1873.1   0.7852183890484462   
  1873.6   0.7848621782641645   
  1874.1   0.784506224059782    
  1874.6   0.7841505261821007   
  1875.1   0.7837950843782399   
  1875.6   0.7834398983956355   
  1876.1   0.7830850821766828   
  1876.6   0.7827304069980308   
  1877.11  0.7823689170466365   
  1877.61  0.7820147568300145   
  1878.11  0.7816608511716407   
  1878.61  0.7813071998208483   
  1879.11  0.7809538025272836   
  1879.61  0.7806006590409065   
  1880.11  0.780247769111989    
  1880.61  0.7798951324911151   
  1881.11  0.7795427489291806   
  1881.61  0.7791907314713965   
  1882.11  0.7788388532000239   
  1882.61  0.7784872272422224   
  1883.11  0.7781358533501291   
  1883.61  0.7777847312761905   
  1884.11  0.7774338607731617   
  1884.61  0.7770832415941059   
  1885.11  0.7767328734923946   
  1885.61  0.7763827562217063   
  1886.11  0.7760330021016896   
  1886.61  0.7756833856747769   
  1887.11  0.7753340193418413   
  1887.61  0.7749849028577861   
  1888.11  0.7746360359778195   
  1888.61  0.7742874184574545   
  1889.11  0.7739390500525081   
  1889.61  0.7735909305191008   
  1890.11  0.7732430596136566   
  1890.61  0.772895437092902    
  1891.11  0.772548174477763    
  1891.61  0.7722010479180278   
  1892.11  0.7718541690150518   
  1892.61  0.7715075375267679   
  1893.11  0.7711611532114095   
  1893.61  0.7708150158275101   
  1894.11  0.7704691251339026   
  1894.61  0.7701234808897192   
  1895.11  0.7697780828543904   
  1895.61  0.7694330418366322   
  1896.11  0.7690881354194474   
  1896.61  0.7687434744912744   
  1897.11  0.768399058812734    
  1897.61  0.7680548881447431   
  1898.11  0.7677109622485152   
  1898.61  0.7673672808855592   
  1899.11  0.767023843817679    
  1899.61  0.7666806508069729   
  1900.11  0.7663378119561621   
  1900.61  0.765995106268917    
  1901.11  0.7656526439269815   
  1901.61  0.7653104246936284   
  1902.11  0.7649684483324227   
  1902.61  0.7646267146072216   
  1903.11  0.764285223282174    
  1903.61  0.7639439741217192   
  1904.11  0.7636029668905884   
  1904.61  0.7632623109916543   
  1905.11  0.7629217868368462   
  1905.61  0.7625815039073687   
  1906.11  0.7622414619691108   
  1906.61  0.7619016607882502   
  1907.11  0.761562100131252    
  1907.61  0.7612227797648701   
  1908.11  0.7608836994561444   
  1908.61  0.7605448589724025   
  1909.11  0.7602062580812582   
  1909.61  0.7598680054150998   
  1910.11  0.7595298829362078   
  1910.61  0.7591919993545431   
  1911.11  0.7588543544388604   
  1911.61  0.7585169479581992   
  1912.11  0.7581797796818822   
  1912.61  0.7578428493795161   
  1913.11  0.7575061568209901   
  1913.61  0.7571697017764764   
  1914.11  0.7568335921912702   
  1914.61  0.7564976114101647   
  1915.11  0.7561618674553522   
  1915.61  0.7558263600981305   
  1916.11  0.7554910891100786   
  1916.61  0.7551560542630545   
  1917.11  0.7548212553291966   
  1917.61  0.7544866920809222   
  1918.11  0.7541523642909277   
  1918.61  0.7538183792233545   
  1919.11  0.7534845215935204   
  1919.61  0.7531508987417962   
  1920.11  0.752817510441989    
  1920.61  0.7524843564681829   
  1921.11  0.752151436594738    
  1921.61  0.7518187505962909   
  1922.11  0.7514862982477529   
  1922.61  0.7511540793243111   
  1923.11  0.7508222004148273   
  1923.61  0.7504904475932885   
  1924.11  0.7501589275241249   
  1924.61  0.7498276399836198   
  1925.11  0.7494965847483294   
  1925.61  0.7491657615950824   
  1926.11  0.7488351703009801   
  1926.61  0.7485048106433956   
  1927.11  0.7481746823999731   
  1927.61  0.7478447853486283   
  1928.11  0.7475152253347207   
  1928.61  0.7471857899281285   
  1929.11  0.7468565850490542   
  1929.61  0.7465276104764935   
  1930.11  0.7461988659897114   
  1930.61  0.745870351368241    
  1931.11  0.7455420663918843   
  1931.61  0.7452140108407107   
  1932.11  0.7448861844950574   
  1932.61  0.7445586925371946   
  1933.11  0.7442313238710669   
  1933.61  0.7439041837531422   
  1934.11  0.7435772719648231   
  1934.61  0.7432505882877788   
  1935.11  0.7429241325039425   
  1935.61  0.7425979043955125   
  1936.11  0.7422719037449521   
  1936.61  0.7419461303349874   
  1937.11  0.7416206886904767   
  1937.61  0.7412953690379741   
  1938.11  0.7409702759758969   
  1938.61  0.7406454092880237   
  1939.11  0.7403207687583953   
  1939.61  0.7399963541713136   
  1940.11  0.7396721653113424   
  1940.61  0.7393482019633058   
  1941.11  0.7390244639122888   
  1941.61  0.7387010550313527   
  1942.11  0.7383777668583292   
  1942.61  0.7380547033392078   
  1943.11  0.7377318642601112   
  1943.61  0.7374092494074209   
  1944.11  0.7370868585677769   
  1944.61  0.7367646915280763   
  1945.11  0.7364427480754743   
  1945.61  0.7361210279973827   
  1946.11  0.7357995310814703   
  1946.61  0.7354783604830899   
  1947.11  0.7351573091839119   
  1947.61  0.7348364804115237   
  1948.11  0.7345158739546171   
  1948.61  0.7341954896021384   
  1949.11  0.7338753271432886   
  1949.61  0.7335553863675225   
  1950.11  0.7332356670645491   
  1950.61  0.7329161690243302   
  1951.11  0.7325969947620782   
  1951.61  0.7322779385472203   
  1952.11  0.7319591029665871   
  1952.61  0.7316404878111497   
  1953.11  0.7313220928721313   
  1953.61  0.731003917941006    
  1954.11  0.7306859628094993   
  1954.61  0.730368227269586    
  1955.11  0.7300507111134915   
  1955.61  0.729733516221717    
  1956.11  0.7294164381404923   
  1956.61  0.729099578821326    
  1957.11  0.7287829380574398   
  1957.61  0.7284665156423037   
  1958.11  0.7281503113696354   
  1958.62  0.7278280217613105   
  1959.12  0.7275122574984306   
  1959.62  0.7271967107565569   
  1960.12  0.7268813813303996   
  1960.62  0.7265662690149154   
  1961.12  0.7262514749207427   
  1961.62  0.7259367961427436   
  1962.12  0.725622333861826    
  1962.62  0.7253080878739269   
  1963.12  0.7249940579752276   
  1963.62  0.7246802439621537   
  1964.12  0.7243666456313739   
  1964.62  0.7240532627798004   
  1965.12  0.7237400952045879   
  1965.62  0.7234272433935321   
  1966.12  0.7231145056943519   
  1966.62  0.7228019826645162   
  1967.12  0.7224896741021478   
  1967.62  0.7221775798056108   
  1968.12  0.7218656995735093   
  1968.62  0.7215540332046886   
  1969.12  0.7212425804982338   
  1969.62  0.7209313412534695   
  1970.12  0.7206203152699597   
  1970.62  0.7203096023495976   
  1971.12  0.7199990022197672   
  1971.62  0.7196886147513806   
  1972.12  0.7193784397449559   
  1972.62  0.7190684770012485   
  1973.12  0.7187587263212517   
  1973.62  0.7184491875061951   
  1974.12  0.7181398603575454   
  1974.62  0.7178307446770048   
  1975.12  0.7175219396546283   
  1975.62  0.7172132462484557   
  1976.12  0.7169047637169785   
  1976.62  0.7165964918628409   
  1977.12  0.7162884304889219   
  1977.62  0.7159805793983345   
  1978.12  0.7156729383944257   
  1978.62  0.715365507280776    
  1979.12  0.7150582858611991   
  1979.62  0.7147513727190373   
  1980.12  0.7144445700326453   
  1980.62  0.7141379764532262   
  1981.12  0.7138315917855232   
  1981.62  0.713525415834511    
  1982.12  0.7132194484053956   
  1982.62  0.7129136893036137   
  1983.12  0.7126081383348327   
  1983.62  0.7123027953049503   
  1984.12  0.7119977581956682   
  1984.62  0.7116928303954246   
  1985.12  0.7113881099532122   
  1985.62  0.7110835966758463   
  1986.12  0.7107792903703704   
  1986.62  0.7104751908440564   
  1987.12  0.7101712979044039   
  1987.62  0.7098676113591407   
  1988.12  0.709564131016221    
  1988.62  0.7092608566838263   
  1989.12  0.7089578856810509   
  1989.62  0.708655022729006    
  1990.12  0.7083523652134509   
  1990.62  0.7080499129434714   
  1991.12  0.7077476657283785   
  1991.62  0.7074456233777089   
  1992.12  0.707143785701223    
  1992.62  0.7068421525089066   
  1993.12  0.7065407236109688   
  1993.62  0.7062395957353953   
  1994.12  0.7059385747921364   
  1994.62  0.7056377575752857   
  1995.12  0.7053371438959455   
  1995.62  0.7050367335654402   
  1996.12  0.7047365263953165   
  1996.62  0.7044365221973429   
  1997.12  0.7041367207835093   
  1997.62  0.7038371219660269   
  1998.12  0.7035378218866805   
  1998.62  0.7032386276343612   
  1999.12  0.7029396354164105   
  1999.62  0.7026408450459207   
  2000.12  0.7023422563362041   
  2000.62  0.7020438691007922   
  2001.12  0.7017456831534353   
  2001.62  0.7014476983081025   
  2002.12  0.701149914378981    
  2002.62  0.7008524269265102   
  2003.12  0.7005550442087292   
  2003.62  0.7002578618510882   
  2004.12  0.6999608796686448   
  2004.62  0.6996640974766735   
  2005.12  0.6993675150906651   
  2005.62  0.6990711323263267   
  2006.12  0.6987749489995811   
  2006.62  0.6984789649265669   
  2007.12  0.6981831799236379   
  2007.62  0.6978876889109242   
  2008.12  0.6975923014341621   
  2008.62  0.6972971124778935   
  2009.12  0.6970021218593305   
  2009.62  0.6967073293958982   
  2010.12  0.6964127349052355   
  2010.62  0.6961183382051942   
  2011.12  0.6958241391138393   
  2011.62  0.6955301374494481   
  2012.12  0.6952364275608895   
  2012.62  0.6949428201427097   
  2013.12  0.6946494096076556   
  2013.62  0.6943561957748522   
  2014.12  0.6940631784636345   
  2014.62  0.6937703574935488   
  2015.12  0.6934777326843515   
  2015.62  0.6931853038560093   
  2016.12  0.6928930708286989   
  2016.62  0.6926011273847263   
  2017.12  0.6923092853579718   
  2017.62  0.692017638594092    
  2018.12  0.6917261869141      
  2018.62  0.6914349301392171   
  2019.12  0.6911438680908724   
  2019.62  0.6908530005907029   
  2020.12  0.6905623274605531   
  2020.62  0.6902718485224749   
  2021.12  0.6899816569968622   
  2021.62  0.6896915658475508   
  2022.12  0.6894016683577631   
  2022.62  0.6891119643503767   
  2023.12  0.6888224536484748   
  2023.62  0.6885331360753459   
  2024.12  0.6882440114544841   
  2024.62  0.6879550796095876   
  2025.12  0.6876663403645599   
  2025.62  0.6873777935435085   
  2026.12  0.6870895317478731   
  2026.62  0.6868013691861213   
  2027.12  0.6865133985219473   
  2027.62  0.686225619580273    
  2028.12  0.685938032186223    
  2028.62  0.6856506361651244   
  2029.12  0.6853634313425067   
  2029.62  0.6850764175441012   
  2030.12  0.6847895945958411   
  2030.62  0.6845030545469127   
  2031.12  0.6842166127162622   
  2031.62  0.6839303612148196   
  2032.12  0.6836442998693223   
  2032.62  0.6833584285067077   
  2033.12  0.683072746954113    
  2033.62  0.6827872550388756   
  2034.12  0.6825019525885322   
  2034.62  0.6822168394308186   
  2035.12  0.6819320070671695   
  2035.62  0.681647271917932    
  2036.12  0.6813627255457793   
  2036.62  0.6810783677792412   
  2037.12  0.6807941984470455   
  2037.62  0.6805102173781168   
  2038.12  0.6802264244015777   
  2038.62  0.6799428193467473   
  2039.12  0.6796594020431417   
  2039.62  0.679376263448899    
  2040.13  0.6790874838222062   
  2040.63  0.6788047234926836   
  2041.13  0.6785220591641496   
  2041.63  0.6782395817340351   
  2042.13  0.6779572910330339   
  2042.63  0.6776751868920354   
  2043.13  0.677393269142123    
  2043.63  0.6771115376145741   
  2044.13  0.6768299921408607   
  2044.63  0.6765486325526479   
  2045.13  0.6762675491488359   
  2045.63  0.675986560767701    
  2046.13  0.6757057577682762   
  2046.63  0.6754251399829989   
  2047.13  0.6751447072444986   
  2047.63  0.6748644593855972   
  2048.13  0.6745844863490202   
  2048.63  0.6743046076891789   
  2049.13  0.6740249134086049   
  2049.63  0.6737454033408858   
  2050.13  0.6734660773197996   
  2050.63  0.6731869351793148   
  2051.13  0.6729080665079041   
  2051.63  0.6726292915722392   
  2052.13  0.6723507000202747   
  2052.63  0.6720722916867385   
  2053.13  0.6717940664065477   
  2053.63  0.6715160240148079   
  2054.13  0.6712381643468137   
  2054.63  0.6709604872380478   
  2055.13  0.6706829925241812   
  2055.63  0.6704057692658721   
  2056.13  0.6701286387909956   
  2056.63  0.6698516902192099   
  2057.13  0.6695749233869358   
  2057.63  0.6692983381307809   
  2058.13  0.6690219342875392   
  2058.63  0.6687457116941913   
  2059.13  0.6684696701879033   
  2059.63  0.6681938096060277   
  2060.13  0.6679182184856587   
  2060.63  0.6676427192073054   
  2061.13  0.6673674003665855   
  2061.63  0.6670922618015914   
  2062.13  0.6668173033506005   
  2062.63  0.6665425248520741   
  2063.13  0.6662679261446577   
  2063.63  0.6659935070671806   
  2064.13  0.6657192674586553   
  2064.63  0.6654452071582777   
  2065.13  0.6651714141263348   
  2065.63  0.6648977119029903   
  2066.13  0.6646241885065296   
  2066.63  0.6643508437768789   
  2067.13  0.6640776775541466   
  2067.63  0.6638046896786225   
  2068.13  0.663531879990778    
  2068.63  0.6632592483312656   
  2069.13  0.662986794540919    
  2069.63  0.6627146060652926   
  2070.13  0.6624425074793809   
  2070.63  0.66217058628627     
  2071.13  0.6618988423275148   
  2071.63  0.6616272754448501   
  2072.13  0.6613558854801896   
  2072.63  0.6610846722756273   
  2073.13  0.6608136356734349   
  2073.63  0.6605427755160638   
  2074.13  0.6602721787384533   
  2074.63  0.6600016709421288   
  2075.13  0.6597313391190991   
  2075.63  0.6594611831125279   
  2076.13  0.659191202765756    
  2076.63  0.6589213979223021   
  2077.13  0.6586517684258614   
  2077.63  0.6583823141203059   
  2078.13  0.6581130348496842   
  2078.63  0.6578440170423967   
  2079.13  0.6575750873182835   
  2079.63  0.6573063321623573   
  2080.13  0.6570377514193703   
  2080.63  0.65676934493425     
  2081.13  0.6565011125520996   
  2081.63  0.6562330541181965   
  2082.13  0.6559651694779932   
  2082.63  0.6556974584771162   
  2083.13  0.6554299209613663   
  2083.63  0.6551626428010501   
  2084.13  0.6548954517379394   
  2084.63  0.6546284336984501   
  2085.13  0.6543615885290774   
  2085.63  0.6540949160764892   
  2086.13  0.6538284161875259   
  2086.63  0.6535620887092006   
  2087.13  0.6532959334886989   
  2087.63  0.6530299503733779   
  2088.13  0.6527642247354737   
  2088.63  0.6524985853180032   
  2089.13  0.652233117548864    
  2089.63  0.6519678212760996   
  2090.13  0.6517026963479234   
  2090.63  0.6514377426127202   
  2091.13  0.6511729599190446   
  2091.63  0.6509083481156217   
  2092.13  0.6506439070513463   
  2092.63  0.6503797216043335   
  2093.13  0.6501156215108848   
  2093.63  0.649851691704334    
  2094.13  0.649587932034253    
  2094.63  0.649324342350383    
  2095.13  0.6490609225026336   
  2095.63  0.6487976723410822   
  2096.13  0.6485345917159748   
  2096.63  0.6482716804777253   
  2097.13  0.6480090230142366   
  2097.63  0.6477464500472159   
  2098.13  0.6474840460193468   
  2098.63  0.6472218107817118   
  2099.13  0.6469597441855606   
  2099.63  0.6466978460823087   
  2100.13  0.6464361163235388   
  2100.63  0.6461745547609987   
  2101.13  0.6459131612466025   
  2101.63  0.6456519356324297   
  2102.13  0.6453909617662392   
  2102.63  0.645130071455493    
  2103.13  0.6448693486022473   
  2103.63  0.6446087930592422   
  2104.13  0.6443484046793816   
  2104.63  0.6440881833157338   
  2105.13  0.6438281288215312   
  2105.63  0.6435682410501697   
  2106.13  0.6433085198552091   
  2106.63  0.6430490486023214   
  2107.13  0.6427896600679991   
  2107.63  0.6425304376717829   
  2108.13  0.6422713812678844   
  2108.63  0.6420124907106779   
  2109.13  0.6417537658546998   
  2109.63  0.6414952065546484   
  2110.13  0.641236812665384    
  2110.63  0.6409785840419286   
  2111.13  0.640720603571656    
  2111.63  0.6404627049924543   
  2112.13  0.6402049712451406   
  2112.63  0.6399474021853815   
  2113.13  0.6396899976690029   
  2113.63  0.6394327575519919   
  2114.13  0.6391756816904954   
  2114.63  0.63891876994082     
  2115.13  0.638662022159432    
  2115.63  0.6384055207591589   
  2116.13  0.6381491004317238   
  2116.63  0.6378928436429769   
  2117.13  0.6376367502500213   
  2117.63  0.6373808201101178   
  2118.13  0.6371250530806861   
  2118.63  0.6368694490193043   
  2119.13  0.6366140077837078   
  2119.63  0.6363587292317902   
  2120.13  0.6361036132216025   
  2120.63  0.63584874164305     
  2121.13  0.6355939502389032   
  2121.64  0.6353342414881862   
  2122.14  0.6350797774072356   
  2122.64  0.6348254751578549   
  2123.14  0.6345713345990386   
  2123.64  0.6343173555899374   
  2124.14  0.6340635379898578   
  2124.64  0.6338098816582619   
  2125.14  0.6335563864547671   
  2125.64  0.6333030522391461   
  2126.14  0.6330499603302956   
  2126.64  0.6327969476186579   
  2127.14  0.6325440954751862   
  2127.64  0.6322914037602716   
  2128.14  0.6320388723344595   
  2128.64  0.6317865010584496   
  2129.14  0.6315342897930949   
  2129.64  0.6312822383994021   
  2130.14  0.6310303467385312   
  2130.64  0.6307786956670774   
  2131.14  0.6305271230046436   
  2131.64  0.6302757096594743   
  2132.14  0.6300244554933409   
  2132.64  0.6297733603681667   
  2133.14  0.6295224241460274   
  2133.64  0.6292716466891508   
  2134.14  0.6290210278599161   
  2134.64  0.6287705675208538   
  2135.14  0.6285203460698511   
  2135.64  0.6282702022484313   
  2136.14  0.6280202165057276   
  2136.64  0.6277703887048744   
  2137.14  0.6275207187091573   
  2137.64  0.6272712063820115   
  2138.14  0.6270218515870228   
  2138.64  0.6267726541879265   
  2139.14  0.6265236140486077   
  2139.64  0.6262748111118023   
  2140.14  0.6260260850337865   
  2140.64  0.6257775158081437   
  2141.14  0.6255291032993555   
  2141.64  0.6252808473720526   
  2142.14  0.6250327478910139   
  2142.64  0.6247848047211672   
  2143.14  0.6245370177275874   
  2143.64  0.6242893867754982   
  2144.14  0.6240419117302706   
  2144.64  0.623794672033045    
  2145.14  0.6235475083481725   
  2145.64  0.6233005001672026   
  2146.14  0.6230536473560948   
  2146.64  0.622806949780956    
  2147.14  0.6225604073080392   
  2147.64  0.622314019803744    
  2148.14  0.6220677871346161   
  2148.64  0.6218217091673471   
  2149.14  0.6215758648953219   
  2149.64  0.6213300958827441   
  2150.14  0.6210844811730167   
  2150.64  0.6208390206334129   
  2151.14  0.6205937141313516   
  2151.64  0.6203485615343955   
  2152.14  0.620103562710253    
  2152.64  0.619858717526776    
  2153.14  0.619614025851961    
  2153.64  0.6193695662348881   
  2154.14  0.6191251811326615   
  2154.64  0.6188809491439924   
  2155.14  0.6186368701374519   
  2155.64  0.618392943981755    
  2156.14  0.6181491705457595   
  2156.64  0.6179055496984659   
  2157.14  0.6176620813090177   
  2157.64  0.6174187652467008   
  2158.14  0.6171756796197059   
  2158.64  0.6169326677711563   
  2159.14  0.6166898078584908   
  2159.64  0.6164470997515634   
  2160.14  0.6162045433203699   
  2160.64  0.6159621384350471   
  2161.14  0.6157198849658735   
  2161.64  0.6154777827832681   
  2162.14  0.6152358317577911   
  2162.64  0.614994031760143    
  2163.14  0.614752460412603    
  2163.64  0.6145109620347718   
  2164.14  0.6142696142977555   
  2164.64  0.6140284170728154   
  2165.14  0.6137873702313524   
  2165.64  0.6135464736449074   
  2166.14  0.6133057271851604   
  2166.64  0.6130651307239308   
  2167.14  0.6128246841331764   
  2167.64  0.6125844646013907   
  2168.14  0.6123443173198833   
  2168.64  0.612104319525599    
  2169.14  0.6118644710910501   
  2169.64  0.6116247718888871   
  2170.14  0.6113852217918981   
  2170.64  0.6111458206730094   
  2171.14  0.610906568405284    
  2171.64  0.6106674648619234   
  2172.14  0.6104285868009489   
  2172.64  0.6101897802787026   
  2173.14  0.6099511221012863   
  2173.64  0.6097126121424487   
  2174.14  0.6094742502760745   
  2174.64  0.609236036376185    
  2175.14  0.6089979703169373   
  2175.64  0.608760051972625    
  2176.14  0.6085222812176766   
  2176.64  0.6082847343829249   
  2177.14  0.6080472583831323   
  2177.64  0.6078099295968438   
  2178.14  0.6075727478990294   
  2178.64  0.6073357131647938   
  2179.14  0.6070988252693772   
  2179.64  0.6068620840881532   
  2180.14  0.6066254894966306   
  2180.64  0.606389041370452    
  2181.14  0.6061527395853941   
  2181.64  0.6059166600014432   
  2182.14  0.6056806504794905   
  2182.64  0.6054447869268303   
  2183.14  0.6052090692197735   
  2183.64  0.6049734972347636   
  2184.14  0.6047380708483774   
  2184.64  0.6045027899373245   
  2185.14  0.6042676543784473   
  2185.64  0.60403266404872     
  2186.14  0.6037978943877647   
  2186.64  0.6035631941011462   
  2187.14  0.6033286386754335   
  2187.64  0.6030942279881292   
  2188.14  0.6028599619168671   
  2188.64  0.6026258403394126   
  2189.14  0.6023918631336624   
  2189.64  0.6021580301776441   
  2190.14  0.6019243413495161   
  2190.64  0.6016908716717204   
  2191.14  0.6014574706880809   
  2191.64  0.6012242134676298   
  2192.14  0.6009910998890473   
  2192.64  0.6007581298311436   
  2193.14  0.600525303172859    
  2193.64  0.600292619793263    
  2194.14  0.600060079571555    
  2194.64  0.5998276823870636   
  2195.14  0.5995955028482048   
  2195.64  0.5993633913307091   
  2196.14  0.5991314224892291   
  2196.64  0.598899596203609    
  2197.14  0.5986679123538218   
  2197.64  0.5984363708199685   
  2198.14  0.5982049714822785   
  2198.64  0.597973714221109    
  2199.14  0.5977425989169454   
  2199.64  0.5975116254504006   
  2200.14  0.597280867973522    
  2200.64  0.5970501777790078   
  2201.14  0.5968196290647537   
  2201.64  0.5965892217118814   
  2202.14  0.5963589556016399   
  2202.64  0.5961288306154043   
  2203.14  0.595898846634677    
  2203.65  0.595664418468776    
  2204.15  0.5954347189519082   
  2204.65  0.595205160083456    
  2205.15  0.5949757417454284   
  2205.65  0.5947465375913734   
  2206.15  0.594517399915589    
  2206.65  0.5942884024170476   
  2207.15  0.5940595449782597   
  2207.65  0.5938308274818612   
  2208.15  0.5936022498106129   
  2208.65  0.5933738118474003   
  2209.15  0.5931455134752334   
  2209.65  0.5929173545772466   
  2210.15  0.5926894084032653   
  2210.65  0.5924615280587424   
  2211.15  0.5922337868385853   
  2211.65  0.5920061846264244   
  2212.15  0.591778721306014    
  2212.65  0.5915513967612315   
  2213.15  0.5913242108760776   
  2213.65  0.5910971635346765   
  2214.15  0.5908702546212748   
  2214.65  0.5906435569850016   
  2215.15  0.5904169245363707   
  2215.65  0.5901904301692539   
  2216.15  0.5899640737683881   
  2216.65  0.5897378552186331   
  2217.15  0.58951177440497     
  2217.65  0.5892858312125024   
  2218.15  0.5890600255264556   
  2218.65  0.5888343572321758   
  2219.15  0.5886088987810916   
  2219.65  0.5883835048827437   
  2220.15  0.5881582480329673   
  2220.65  0.5879331281175942   
  2221.15  0.5877081450225761   
  2221.65  0.5874832986339859   
  2222.15  0.5872585888380166   
  2222.65  0.587034015520982    
  2223.15  0.5868095785693156   
  2223.65  0.5865852778695712   
  2224.15  0.5863611854347665   
  2224.65  0.5861371568552441   
  2225.15  0.5859132641880599   
  2225.65  0.5856895073202458   
  2226.15  0.5854658861389533   
  2226.65  0.5852424005314529   
  2227.15  0.5850190503851341   
  2227.65  0.5847958355875053   
  2228.15  0.5845727560261932   
  2228.65  0.5843498833227488   
  2229.15  0.5841270738539887   
  2229.65  0.5839043992851722   
  2230.15  0.5836818595043995   
  2230.65  0.5834594543998882   
  2231.15  0.5832371838599741   
  2231.65  0.58301504777311     
  2232.15  0.5827930460278665   
  2232.65  0.5825711785129314   
  2233.15  0.5823495164612985   
  2233.65  0.582127917030399    
  2234.15  0.5819064514966091   
  2234.65  0.5816851197490843   
  2235.15  0.5814639216770967   
  2235.65  0.5812428571700345   
  2236.15  0.5810219261174021   
  2236.65  0.5808011284088205   
  2237.15  0.5805804639340258   
  2237.65  0.580360003540337    
  2238.15  0.5801396051599964   
  2238.65  0.5799193396833823   
  2239.15  0.5796992070006934   
  2239.65  0.579479207002244    
  2240.15  0.5792593395784632   
  2240.65  0.5790396046198948   
  2241.15  0.5788200020171979   
  2241.65  0.5786005316611457   
  2242.15  0.578381193442626    
  2242.65  0.5781620577837753   
  2243.15  0.5779429834710005   
  2243.65  0.5777240409691423   
  2244.15  0.5775052301695454   
  2244.65  0.5772865509636673   
  2245.15  0.57706800324308     
  2245.65  0.5768495868994686   
  2246.15  0.5766313018246315   
  2246.65  0.5764131479104805   
  2247.15  0.5761951951994717   
  2247.65  0.5759773032407515   
  2248.15  0.5757595421191642   
  2248.65  0.5755419117270728   
  2249.15  0.5753244119569526   
  2249.65  0.5751070427013912   
  2250.15  0.5748898038530884   
  2250.65  0.574672695304856    
  2251.15  0.5744557169496177   
  2251.65  0.5742389384529493   
  2252.15  0.5740222201211002   
  2252.65  0.5738056316617205   
  2253.15  0.5735891729681801   
  2253.65  0.5733728439339604   
  2254.15  0.5731566444526528   
  2254.65  0.5729405744179605   
  2255.15  0.5727246337236975   
  2255.65  0.572508822263788    
  2256.15  0.5722932093296993   
  2256.65  0.5720776559792019   
  2257.15  0.5718622315455273   
  2257.65  0.571646935923041    
  2258.15  0.5714317690062182   
  2258.65  0.5712167306896442   
  2259.15  0.5710018208680134   
  2259.65  0.5707870394361304   
  2260.15  0.5705723862889088   
  2260.65  0.5703578613213715   
  2261.15  0.5701435334125289   
  2261.65  0.5699292644486942   
  2262.15  0.5697151233503      
  2262.65  0.5695011100128048   
  2263.15  0.5692872243317755   
  2263.65  0.5690734662028878   
  2264.15  0.5688598355219249   
  2264.65  0.568646332184779    
  2265.15  0.5684329560874495   
  2265.65  0.5682197757406078   
  2266.15  0.5680066537704732   
  2266.65  0.5677936587288347   
  2267.15  0.5675807905121226   
  2267.65  0.5673680490168747   
  2268.15  0.5671554341397358   
  2268.65  0.5669429457774581   
  2269.15  0.5667305838269003   
  2269.65  0.5665183481850284   
  2270.15  0.5663063069968669   
  2270.65  0.5660943236231197   
  2271.15  0.5658824662496279   
  2271.65  0.5656707347737828   
  2272.15  0.565459129093082    
  2272.65  0.5652476491051293   
  2273.15  0.5650362947076338   
  2273.65  0.5648250657984111   
  2274.15  0.5646139622753815   
  2274.65  0.5644030519205916   
  2275.15  0.5641921988238585   
  2275.65  0.563981470807746    
  2276.15  0.5637708677705957   
  2276.65  0.5635603896108543   
  2277.15  0.5633500362270734   
  2277.65  0.5631398075179089   
  2278.15  0.5629297033821218   
  2278.65  0.5627197237185769   
  2279.15  0.5625098684262438   
  2279.65  0.5623002048869575   
  2280.15  0.5620905979944241   
  2280.65  0.5618811151706671   
  2281.15  0.5616717563150718   
  2281.65  0.5614625213271269   
  2282.15  0.5612534101064246   
  2282.65  0.5610444225526604   
  2283.15  0.5608355585656335   
  2283.65  0.5606268180452456   
  2284.15  0.5604182680159058   
  2284.65  0.5602097740892557   
  2285.16  0.5599972465562323   
  2285.66  0.559789001318671    
  2286.16  0.5595808790468467   
  2286.66  0.559372879641279    
  2287.16  0.5591650030025901   
  2287.66  0.5589572490315043   
  2288.16  0.5587496176288477   
  2288.66  0.5585421086955483   
  2289.16  0.5583347221326358   
  2289.66  0.5581275245303977   
  2290.16  0.5579203823724482   
  2290.66  0.5577133622886156   
  2291.16  0.5575064641803347   
  2291.66  0.557299687949142    
  2292.16  0.5570930334966745   
  2292.66  0.5568865007246704   
  2293.16  0.5566800895349683   
  2293.66  0.5564737998295076   
  2294.16  0.5562676978468836   
  2294.66  0.5560616507771037   
  2295.16  0.5558557248980166   
  2295.66  0.5556499201119627   
  2296.16  0.5554442363213822   
  2296.66  0.5552386734288149   
  2297.16  0.5550332313369011   
  2297.66  0.5548279099483795   
  2298.16  0.5546227091660892   
  2298.66  0.5544176288929683   
  2299.16  0.5542127349798193   
  2299.66  0.5540078953955395   
  2300.16  0.5538031760298695   
  2300.66  0.553598576786143    
  2301.16  0.5533940975677931   
  2301.66  0.5531897382783513   
  2302.16  0.5529854988214471   
  2302.66  0.5527813791008093   
  2303.16  0.552577379020264    
  2303.66  0.5523735640842561   
  2304.16  0.5521698029573386   
  2304.66  0.5519661611826122   
  2305.16  0.5517626386642952   
  2305.66  0.551559235306703    
  2306.16  0.5513559510142493   
  2306.66  0.5511527856914445   
  2307.16  0.5509497392428967   
  2307.66  0.5507468115733108   
  2308.16  0.5505440678432645   
  2308.66  0.5503413774079525   
  2309.16  0.5501388054663298   
  2309.66  0.5499363519234888   
  2310.16  0.5497340166846183   
  2310.66  0.5495317996550038   
  2311.16  0.5493297007400266   
  2311.66  0.5491277198451648   
  2312.16  0.5489258568759924   
  2312.66  0.5487241766516878   
  2313.16  0.54852254921312     
  2313.66  0.5483210394175686   
  2314.16  0.5481196471709905   
  2314.66  0.547918372379438    
  2315.16  0.547717214949059    
  2315.66  0.5475161747860966   
  2316.16  0.5473152517968887   
  2316.66  0.5471144458878685   
  2317.16  0.5469137569655641   
  2317.66  0.5467132494726884   
  2318.16  0.5465127942062011   
  2318.66  0.5463124556466116   
  2319.16  0.5461122337008264   
  2319.66  0.5459121282758465   
  2320.16  0.5457121392787663   
  2320.66  0.5455122666167751   
  2321.16  0.5453125101971557   
  2321.66  0.5451128699272849   
  2322.16  0.5449134099136139   
  2322.66  0.5447140016284364   
  2323.16  0.5445147092157294   
  2323.66  0.5443155325832439   
  2324.16  0.544116471638824    
  2324.66  0.5439175262904071   
  2325.16  0.5437186964460239   
  2325.66  0.5435199820137975   
  2326.16  0.5433213829019442   
  2326.66  0.5431229628830527   
  2327.16  0.542924594099922    
  2327.66  0.5427263403623982   
  2328.16  0.5425282015790673   
  2328.66  0.542330177658608    
  2329.16  0.542132268509791    
  2329.66  0.5419344740414789   
  2330.16  0.5417367941626261   
  2330.66  0.5415392287822792   
  2331.16  0.541341841341542    
  2331.66  0.5411445046489339   
  2332.16  0.5409472821825495   
  2332.66  0.5407501738518015   
  2333.16  0.5405531795661932   
  2333.66  0.5403562992353197   
  2334.16  0.5401595327688667   
  2334.66  0.539962880076611    
  2335.16  0.5397663410684198   
  2335.66  0.539569978856268    
  2336.16  0.539373666909654    
  2336.66  0.5391774683772799   
  2337.16  0.5389813831693748   
  2337.66  0.5387854111962589   
  2338.16  0.538589552368342    
  2338.66  0.5383938065961239   
  2339.16  0.5381981737901945   
  2339.66  0.5380026538612335   
  2340.16  0.5378072467200101   
  2340.66  0.5376120151155362   
  2341.16  0.5374168332462249   
  2341.66  0.537221763897525    
  2342.16  0.5370268069805634   
  2342.66  0.5368319624065562   
  2343.16  0.5366372300868085   
  2343.66  0.5364426099327146   
  2344.16  0.5362481018557574   
  2344.66  0.5360537057675087   
  2345.16  0.5358594840927551   
  2345.66  0.535665311681019    
  2346.16  0.5354712509932658   
  2346.66  0.5352773019414206   
  2347.16  0.5350834644374972   
  2347.66  0.5348897383935972   
  2348.16  0.5346961237219102   
  2348.66  0.5345026203347136   
  2349.16  0.5343092281443726   
  2349.66  0.5341160092537405   
  2350.16  0.5339228391588383   
  2350.66  0.533729779998441    
  2351.16  0.5335368316852634   
  2351.66  0.5333439941321084   
  2352.16  0.5331512672518651   
  2352.66  0.53295865095751     
  2353.16  0.5327661451621065   
  2353.66  0.5325737497788048   
  2354.16  0.5323815265907942   
  2354.66  0.5321893517360263   
  2355.16  0.5319972870333585   
  2355.66  0.5318053323962867   
  2356.16  0.5316134877383937   
  2356.66  0.531421752973348    
  2357.16  0.5312301280149047   
  2357.66  0.5310386127769041   
  2358.16  0.5308472071732734   
  2358.66  0.5306559111180245   
  2359.16  0.5304647860418015   
  2359.66  0.5302737087905066   
  2360.16  0.5300827408301719   
  2360.66  0.5298918820751517   
  2361.16  0.5297011324398854   
  2361.66  0.5295104918388978   
  2362.16  0.5293199601867986   
  2362.66  0.5291295373982825   
  2363.16  0.528939223388129    
  2363.66  0.5287490792720442   
  2364.16  0.5285589825283508   
  2364.66  0.5283689943078935   
  2365.16  0.5281791145257904   
  2365.66  0.5279893430972431   
  2366.16  0.5277996799375383   
  2366.67  0.5276063435041618   
  2367.17  0.5274168987845993   
  2367.67  0.5272275620785578   
  2368.17  0.5270383333016608   
  2368.67  0.5268492123696161   
  2369.17  0.52666026001551     
  2369.67  0.5264713544859837   
  2370.17  0.5262825565489605   
  2370.67  0.5260938661204815   
  2371.17  0.5259052831166711   
  2371.67  0.5257168074537371   
  2372.17  0.5255284390479702   
  2372.67  0.5253401778157436   
  2373.17  0.5251520236735138   
  2373.67  0.5249640370443142   
  2374.17  0.5247760967973775   
  2374.67  0.5245882633903294   
  2375.17  0.5244005367399562   
  2375.67  0.524212916763127    
  2376.17  0.5240254033767925   
  2376.67  0.5238379964979861   
  2377.17  0.5236506960438231   
  2377.67  0.5234635019315004   
  2378.17  0.523276414078297    
  2378.67  0.5230894925652791   
  2379.17  0.5229026169483444   
  2379.67  0.5227158473428822   
  2380.17  0.5225291836664978   
  2380.67  0.5223426258368777   
  2381.17  0.5221561737717897   
  2381.67  0.5219698273890825   
  2382.17  0.5217835866066862   
  2382.67  0.5215974513426116   
  2383.17  0.5214114813724189   
  2383.67  0.521225556865448    
  2384.17  0.5210397376313427   
  2384.67  0.5208540235884362   
  2385.17  0.520668414655143    
  2385.67  0.5204829107499572   
  2386.17  0.5202975117914539   
  2386.67  0.5201122176982877   
  2387.17  0.5199270283891938   
  2387.67  0.5197420033363501   
  2388.17  0.5195570233182656   
  2388.67  0.5193721478409636   
  2389.17  0.5191873768234989   
  2389.67  0.5190027101850051   
  2390.17  0.5188181478446957   
  2390.67  0.5186336897218635   
  2391.17  0.5184493357358806   
  2391.67  0.5182650858061983   
  2392.17  0.5180809991037182   
  2392.67  0.5178969570118815   
  2393.17  0.5177130187351998   
  2393.67  0.5175291841934404   
  2394.17  0.5173454533064491   
  2394.67  0.5171618259941508   
  2395.17  0.5169783021765486   
  2395.67  0.5167948817737243   
  2396.17  0.5166115647058379   
  2396.67  0.5164283508931278   
  2397.17  0.5162452991741894   
  2397.67  0.5160622915996906   
  2398.17  0.5158793870415775   
  2398.67  0.5156965854204006   
  2399.17  0.5155138866567884   
  2399.67  0.5153312906714469   
  2400.17  0.5151487973851597   
  2400.67  0.5149664067187881   
  2401.17  0.514784118593271    
  2401.67  0.5146019915503115   
  2402.17  0.5144199082366888   
  2402.67  0.5142379272272257   
  2403.17  0.5140560484431698   
  2403.67  0.5138742718058456   
  2404.17  0.5136925972366545   
  2404.67  0.5135110246570748   
  2405.17  0.5133295539886614   
  2405.67  0.5131481851530462   
  2406.17  0.5129669763970887   
  2406.67  0.5127858109595579   
  2407.17  0.5126047471202039   
  2407.67  0.5124237848009637   
  2408.17  0.5122429239238511   
  2408.67  0.5120621644109551   
  2409.17  0.5118815061844412   
  2409.67  0.511700949166551    
  2410.17  0.5115204932796013   
  2410.67  0.5113401964776393   
  2411.17  0.5111599425873382   
  2411.67  0.5109797895954082   
  2412.17  0.5107997374244688   
  2412.67  0.5106197859972147   
  2413.17  0.5104399352364161   
  2413.67  0.5102601850649183   
  2414.17  0.5100805354056419   
  2414.67  0.5099009861815821   
  2415.17  0.5097215373158093   
  2415.67  0.5095422464393817   
  2416.17  0.5093629980274545   
  2416.67  0.5091838497434988   
  2417.17  0.5090048015108838   
  2417.67  0.508825853253053    
  2418.17  0.5086470048935244   
  2418.67  0.5084682563558907   
  2419.17  0.5082896075638179   
  2419.67  0.5081110584410471   
  2420.17  0.5079326663300523   
  2420.67  0.5077543162853857   
  2421.17  0.5075760656817115   
  2421.67  0.5073979144430659   
  2422.17  0.5072198624935591   
  2422.67  0.5070419097573745   
  2423.17  0.5068640561587695   
  2423.67  0.5066863016220745   
  2424.17  0.5065086460716935   
  2424.67  0.5063311465634928   
  2425.17  0.5061536887274463   
  2425.67  0.5059763296513892   
  2426.17  0.5057990692600178   
  2426.67  0.5056219074781018   
  2427.17  0.5054448442304832   
  2427.67  0.505267879442077    
  2428.17  0.5050910130378709   
  2428.67  0.504914244942925    
  2429.17  0.5047376319284567   
  2429.67  0.504561060195921    
  2430.17  0.504384586548285    
  2430.67  0.5042082109108982   
  2431.17  0.5040319332091826   
  2431.67  0.503855753368632    
  2432.17  0.5036796713148123   
  2432.67  0.5035036869733612   
  2433.17  0.5033278002699885   
  2433.67  0.5031520111304754   
  2434.17  0.5029763760120379   
  2434.67  0.5028007817465329   
  2435.17  0.5026252848226848   
  2435.67  0.5024498851665611   
  2436.17  0.5022745827043005   
  2436.67  0.502099377362113    
  2437.17  0.5019242690662795   
  2437.67  0.5017492577431525   
  2438.17  0.501574343319155    
  2438.67  0.501399581970934    
  2439.17  0.5012248610936201   
  2439.67  0.5010502368951538   
  2440.17  0.5008757093022413   
  2440.67  0.5007012782416594   
  2441.17  0.5005269436402554   
  2441.67  0.5003527054249469   
  2442.17  0.500178563522722    
  2442.67  0.500004517860639    
  2443.17  0.49983062433668257  
  2443.67  0.49965677090542177  
  2444.17  0.4994830134959215   
  2444.67  0.4993093520355201   
  2445.17  0.499135786451626    
  2445.67  0.49896231667171675  
  2446.17  0.4987889426233403   
  2446.67  0.4986156642341136   
  2447.17  0.49844248143172354  
  2447.67  0.4982694498373828   
  2448.18  0.4980929512273551   
  2448.68  0.4979201122861184   
  2449.18  0.49774731297960767  
  2449.68  0.49757460889799454  
  2450.18  0.49740199996938245  
  2450.68  0.4972294861219436   
  2451.18  0.49705706728391935  
  2451.68  0.49688474338361965  
  2452.18  0.4967125143494231   
  2452.68  0.4965403801097771   
  2453.18  0.49636839594955207  
  2453.68  0.4961964510541705   
  2454.18  0.49602460073911514  
  2454.68  0.4958528449331071   
  2455.18  0.49568118356493546  
  2455.68  0.4955096165634576   
  2456.18  0.49533814385759883  
  2456.68  0.4951667653763526   
  2457.18  0.4949954810487803   
  2457.68  0.4948242908040108   
  2458.18  0.49465324962411067  
  2458.68  0.4944822473023814   
  2459.18  0.49431133885127126  
  2459.68  0.49414052420018     
  2460.18  0.49396980327857465  
  2460.68  0.49379917601598955  
  2461.18  0.49362864234202647  
  2461.68  0.4934582021863542   
  2462.18  0.49328785547870896  
  2462.68  0.4931176569305735   
  2463.18  0.49294749687843803  
  2463.68  0.4927774300639621   
  2464.18  0.4926074564171493   
  2464.68  0.49243757586807024  
  2465.18  0.4922677883468619   
  2465.68  0.4920980937837281   
  2466.18  0.49192849210893896  
  2466.68  0.4917589832528312   
  2467.18  0.4915896216581252   
  2467.68  0.4914202982008372   
  2468.18  0.49125106735366064  
  2468.68  0.491081929047197    
  2469.18  0.4909128832121139   
  2469.68  0.490743929779145    
  2470.18  0.49057506867908973  
  2470.68  0.4904062998428134   
  2471.18  0.49023762320124703  
  2471.68  0.4900690929301542   
  2472.18  0.4899006004414456   
  2472.68  0.48973219994065603  
  2473.18  0.48956389135897854  
  2473.68  0.4893956746276718   
  2474.18  0.4892275496780597   
  2474.68  0.48905951644153123  
  2475.18  0.4888915748495407   
  2475.68  0.48872372483360743  
  2476.18  0.4885559663253157   
  2476.68  0.4883883532059081   
  2477.18  0.4882207774785147   
  2477.68  0.4880532930539268   
  2478.18  0.4878858998639879   
  2478.68  0.487718597840606    
  2479.18  0.48755138691575384  
  2479.68  0.4873842670214684   
  2480.18  0.4872172380898513   
  2480.68  0.4870503000530682   
  2481.18  0.48688350652916634  
  2481.68  0.4867167500496054   
  2482.18  0.4865500842617829   
  2482.68  0.4863835090981213   
  2483.18  0.48621702449110665  
  2483.68  0.4860506303732892   
  2484.18  0.48588432667728304  
  2484.68  0.48571811333576564  
  2485.18  0.4855519902814785   
  2485.68  0.4853860108710312   
  2486.18  0.4852200681606776   
  2486.68  0.48505421553618105  
  2487.18  0.48488845293053673  
  2487.68  0.48472278027680327  
  2488.18  0.48455719750810244  
  2488.68  0.48439170455761904  
  2489.18  0.48422630135860106  
  2489.68  0.4840609878443596   
  2490.18  0.48389581711180996  
  2490.68  0.4837306827384941   
  2491.18  0.4835656378502863   
  2491.68  0.4834006823807489   
  2492.18  0.48323581626350665  
  2492.68  0.48307103943224716  
  2493.18  0.48290635182072034  
  2493.68  0.48274175336273867  
  2494.18  0.48257724399217683  
  2494.68  0.482412823642972    
  2495.18  0.4822485451255161   
  2495.68  0.4820843025924863   
  2496.18  0.4819201488830188   
  2496.68  0.48175608393129904  
  2497.18  0.48159210767157457  
  2497.68  0.48142822003815455  
  2498.18  0.4812644209654101   
  2498.68  0.481100710387774    
  2499.18  0.48093708823974074  
  2499.68  0.4807736070756402   
  2500.18  0.4806101615621333   
  2500.68  0.4804468042821027   
  2501.18  0.4802835351702887   
  2501.68  0.480120354161493    
  2502.18  0.4799572611905785   
  2502.68  0.4797942561924691   
  2503.18  0.47963133910214995  
  2503.68  0.4794685098546672   
  2504.18  0.4793058207499868   
  2504.68  0.4791431669653386   
  2505.18  0.4789806008290515   
  2505.68  0.47881812227641485  
  2506.18  0.47865573124277905  
  2506.68  0.4784934276635548   
  2507.18  0.4783312114742133   
  2507.68  0.47816908261028657  
  2508.18  0.47800704100736663  
  2508.68  0.4778451387127389   
  2509.18  0.47768327141081707  
  2509.68  0.4775214911770609   
  2510.18  0.4773597979473037   
  2510.68  0.47719819165743854  
  2511.18  0.4770366722434186   
  2511.68  0.47687523964125694  
  2512.18  0.47671389378702644  
  2512.68  0.47655263461685976  
  2513.18  0.47639146206694943  
  2513.68  0.47623042790578124  
  2514.18  0.47606942837737154  
  2514.68  0.47590851527817346  
  2515.18  0.47574768854461763  
  2515.68  0.47558694811319413  
  2516.18  0.4754262939204521   
  2516.68  0.4752657259030002   
  2517.18  0.47510524399750603  
  2517.68  0.4749448481406966   
  2518.18  0.47478458985188526  
  2518.68  0.47462436587521734  
  2519.18  0.47446422775778885  
  2519.68  0.4743041754365624   
  2520.18  0.47414420884855935  
  2520.68  0.4739843279308598   
  2521.18  0.4738245326206024   
  2521.68  0.4736648228549845   
  2522.18  0.473505198571262    
  2522.68  0.47334571104121625  
  2523.18  0.4731862575058233   
  2523.68  0.47302688926446373  
  2524.18  0.4728676062546267   
  2524.68  0.4727084084138596   
  2525.18  0.4725492956797679   
  2525.68  0.4723902679900152   
  2526.18  0.47223132528232303  
  2526.68  0.47207246749447085  
  2527.18  0.47191374565233446  
  2527.68  0.47175505749045016  
  2528.18  0.47159645406211104  
  2528.68  0.4714379353053276   
  2529.18  0.4712795011581679   
  2529.69  0.47111799256191245  
  2530.19  0.4709597291337176   
  2530.69  0.47080155012846375  
  2531.19  0.47064345548445     
  2531.69  0.47048544514003243  
  2532.19  0.4703275190336245   
  2532.69  0.47016972789219885  
  2533.19  0.4700119700502163   
  2533.69  0.46985429626184594  
  2534.19  0.46969670646572953  
  2534.69  0.4695392006005655   
  2535.19  0.46938177860510905  
  2535.69  0.4692244404181724   
  2536.19  0.4690671859786242   
  2536.69  0.46891001522538983  
  2537.19  0.46875292809745134  
  2537.69  0.46859597505261613  
  2538.19  0.4684390549655749   
  2538.69  0.4682822183211337   
  2539.19  0.4681254650585001   
  2539.69  0.4679687951169379   
  2540.19  0.467812208435767    
  2540.69  0.46765570495436365  
  2541.19  0.46749928461216     
  2541.69  0.4673429473486442   
  2542.19  0.46718674338104615  
  2542.69  0.4670305720669037   
  2543.19  0.46687448365026846  
  2543.69  0.466718478070852    
  2544.19  0.4665625552684214   
  2544.69  0.46640671518279964  
  2545.19  0.46625095775386505  
  2545.69  0.46609528292155145  
  2546.19  0.46593969062584834  
  2546.69  0.46578423084497667  
  2547.19  0.46562880341616714  
  2547.69  0.4654734583442874   
  2548.19  0.4653181955695476   
  2548.69  0.4651630150322136   
  2549.19  0.4650079166726058   
  2549.69  0.4648529004310999   
  2550.19  0.4646979662481265   
  2550.69  0.46454311406417104  
  2551.19  0.4643883936200015   
  2551.69  0.4642337052294136   
  2552.19  0.4640790986596478   
  2552.69  0.46392457385140845  
  2553.19  0.46377013074545437  
  2553.69  0.4636157692825991   
  2554.19  0.46346148940371057  
  2554.69  0.4633072910497109   
  2555.19  0.46315317416157686  
  2555.69  0.46299913868033926  
  2556.19  0.4628452340847376   
  2556.69  0.4626913612144486   
  2557.19  0.46253756957449266  
  2557.69  0.4623838591061171   
  2558.19  0.46223022975062333  
  2558.69  0.46207668144936653  
  2559.19  0.46192321414375564  
  2559.69  0.46176982777525377  
  2560.19  0.46161652228537736  
  2560.69  0.46146334691865515  
  2561.19  0.46131020298481     
  2561.69  0.46115713975448075  
  2562.19  0.46100415716939813  
  2562.69  0.46085125517134656  
  2563.19  0.4606984337021638   
  2563.69  0.4605456927037408   
  2564.19  0.4603930321180218   
  2564.69  0.4602404518870043   
  2565.19  0.4600880010225227   
  2565.69  0.4599355813012972   
  2566.19  0.4597832417611028   
  2566.69  0.4596309823441491   
  2567.19  0.45947880299269866  
  2567.69  0.45932670364906675  
  2568.19  0.4591746842556217   
  2568.69  0.4590227447547842   
  2569.19  0.45887088508902796  
  2569.69  0.45871915403899655  
  2570.19  0.45856745384538466  
  2570.69  0.45841583331460833  
  2571.19  0.4582642923893514   
  2571.69  0.45811283101234956  
  2572.19  0.4579614491263914   
  2572.69  0.4578101466743173   
  2573.19  0.45765892359902005  
  2573.69  0.4575077798434445   
  2574.19  0.45735671535058764  
  2574.69  0.4572057786459626   
  2575.19  0.45705487248227694  
  2575.69  0.4569040454106311   
  2576.19  0.45675329737422987  
  2576.69  0.45660262831632975  
  2577.19  0.456452038180239    
  2577.69  0.45630152690931747  
  2578.19  0.45615109444697677  
  2578.69  0.4560007407366802   
  2579.19  0.45585051407588434  
  2579.69  0.45570031767496977  
  2580.19  0.4555501998568156   
  2580.69  0.4554001605650906   
  2581.19  0.45525019974351494  
  2581.69  0.4551003173358598   
  2582.19  0.45495051328594793  
  2582.69  0.45480078753765274  
  2583.19  0.4546511400348989   
  2583.69  0.45450161884855306  
  2584.19  0.45435212764372146  
  2584.69  0.45420271451652916  
  2585.19  0.4540533794111044   
  2585.69  0.45390412227162624  
  2586.19  0.4537549430423246   
  2586.69  0.45360584166747997  
  2587.19  0.45345681809142335  
  2587.69  0.4533078722585365   
  2588.19  0.4531590520145494   
  2588.69  0.4530102614763717   
  2589.19  0.4528615485148293   
  2589.69  0.45271291307450545  
  2590.19  0.45256435510003384  
  2590.69  0.4524158745360982   
  2591.19  0.4522674713274325   
  2591.69  0.4521191454188208   
  2592.19  0.45197089675509733  
  2592.69  0.45182272528114603  
  2593.19  0.45167467859423543  
  2593.69  0.4515266613098813   
  2594.19  0.451378721050269    
  2594.69  0.45123085776048194  
  2595.19  0.4510830713856536   
  2595.69  0.4509353618709669   
  2596.19  0.4507877291616544   
  2596.69  0.4506401732029982   
  2597.19  0.45049269394033004  
  2597.69  0.45034533874881244  
  2598.19  0.45019801268967197  
  2598.69  0.4500507631628285   
  2599.19  0.4499035901138112   
  2599.69  0.4497564934881983   
  2600.19  0.4496094732316175   
  2600.69  0.4494625292897454   
  2601.19  0.44931566160830777  
  2601.69  0.4491688701330793   
  2602.19  0.4490222020185346   
  2602.69  0.4488755627687611   
  2603.19  0.4487289995628322   
  2603.69  0.44858251234671814  
  2604.19  0.4484361010664381   
  2604.69  0.4482897656680597   
  2605.19  0.44814350609769954  
  2605.69  0.44799732230152245  
  2606.19  0.44785121422574203  
  2606.69  0.44770522880555047  
  2607.19  0.44755927198507034  
  2607.69  0.4474133907239355   
  2608.19  0.4472675849685532   
  2608.69  0.44712185466537874  
  2609.19  0.44697619976091596  
  2609.69  0.44683062020171666  
  2610.19  0.44668511593438076  
  2610.69  0.4465396869055563   
  2611.19  0.4463943330619393   
  2611.7   0.4462461560864538   
  2612.2   0.44610100067298036  
  2612.7   0.4459558735380935   
  2613.2   0.44581082137463507  
  2613.7   0.44566584412954147  
  2614.2   0.44552094174979645  
  2614.7   0.44537611418243184  
  2615.2   0.4452313613745267   
  2615.7   0.4450866832732078   
  2616.2   0.4449420798256494   
  2616.7   0.44479755097907325  
  2617.2   0.44465314316193716  
  2617.7   0.44450876333521167  
  2618.2   0.44436445795143453  
  2618.7   0.44422022695801655  
  2619.2   0.44407607030241586  
  2619.7   0.4439319879321377   
  2620.2   0.4437879797947344   
  2620.7   0.4436440458378052   
  2621.2   0.4435001860089965   
  2621.7   0.4433564465220925   
  2622.2   0.44321273476883494  
  2622.7   0.44306909698693503  
  2623.2   0.4429255331242263   
  2623.7   0.4427820431285892   
  2624.2   0.44263862694795103  
  2624.7   0.44249528453028525  
  2625.2   0.4423520158236122   
  2625.7   0.44220882077599877  
  2626.2   0.4420657453879128   
  2626.7   0.441922697479139    
  2627.2   0.44177972307392044  
  2627.7   0.4416368221205095   
  2628.2   0.44149399456720484  
  2628.7   0.44135124036235124  
  2629.2   0.4412085594543399   
  2629.7   0.44106595179160774  
  2630.2   0.4409234173226381   
  2630.7   0.4407810018359294   
  2631.2   0.44063861357660206  
  2631.7   0.4404962983567792   
  2632.2   0.44035405612512796  
  2632.7   0.440211886830361    
  2633.2   0.4400697904212369   
  2633.7   0.43992776684655993  
  2634.2   0.43978581605518     
  2634.7   0.43964393799599283  
  2635.2   0.4395021326179394   
  2635.7   0.43936044547556213  
  2636.2   0.4392187852834301   
  2636.7   0.43907719761954467  
  2637.2   0.43893568243302866  
  2637.7   0.43879423967305037  
  2638.2   0.43865286928882335  
  2638.7   0.4385115712296064   
  2639.2   0.4383703454447033   
  2639.7   0.43822919188346326  
  2640.2   0.4380881558912669   
  2640.7   0.4379471466023756   
  2641.2   0.43780620938548104  
  2641.7   0.4376653441901123   
  2642.2   0.43752455096584353  
  2642.7   0.4373838296622932   
  2643.2   0.43724318022912534  
  2643.7   0.43710260261604794  
  2644.2   0.4369620967728142   
  2644.7   0.4368217078369567   
  2645.2   0.436681345359789    
  2645.7   0.43654105450200775  
  2646.2   0.43640083521354456  
  2646.7   0.436260687444375    
  2647.2   0.4361206111445194   
  2647.7   0.4359806062640422   
  2648.2   0.4358406727530524   
  2648.7   0.43570081056170296  
  2649.2   0.4355610646209813   
  2649.7   0.4354213448966345   
  2650.2   0.4352816963426686   
  2650.7   0.43514211890941323  
  2651.2   0.43500261254724215  
  2651.7   0.43486317720657314  
  2652.2   0.4347238128378677   
  2652.7   0.43458451939163145  
  2653.2   0.43444529681841354  
  2653.7   0.4343061450688074   
  2654.2   0.43416710884582044  
  2654.7   0.4340280985726366   
  2655.2   0.43388915897512187  
  2655.7   0.433750290004044    
  2656.2   0.4336114916102146   
  2656.7   0.4334727637444883   
  2657.2   0.43333410635776354  
  2657.7   0.43319551940098205  
  2658.2   0.43305700282512893  
  2658.7   0.4329186011293838   
  2659.2   0.4327802251459031   
  2659.7   0.4326419193965816   
  2660.2   0.4325036838325775   
  2660.7   0.432365518405092    
  2661.2   0.4322274230653694   
  2661.7   0.43208939776469724  
  2662.2   0.43195144245440575  
  2662.7   0.4318135570858684   
  2663.2   0.43167578595570766  
  2663.7   0.43153804030249815  
  2664.2   0.4314003644454355   
  2664.7   0.43126275833606453  
  2665.2   0.43112522192597263  
  2665.7   0.4309877551667899   
  2666.2   0.430850358010189    
  2666.7   0.4307130304078852   
  2667.2   0.43057577231163646  
  2667.7   0.4304386278167695   
  2668.2   0.4303015085657421   
  2668.7   0.4301644586763136   
  2669.2   0.43002747810041136  
  2669.7   0.4298905667900053   
  2670.2   0.4297537246971076   
  2670.7   0.4296169517737725   
  2671.2   0.42948024797209655  
  2671.7   0.4293436132442185   
  2672.2   0.42920704754231903  
  2672.7   0.4290705947395291   
  2673.2   0.4289341669241193   
  2673.7   0.4287978079914977   
  2674.2   0.42866151789401313  
  2674.7   0.4285252965840559   
  2675.2   0.4283891440140584   
  2675.7   0.42825306013649483  
  2676.2   0.4281170449038809   
  2676.7   0.4279810982687742   
  2677.2   0.42784526390563954  
  2677.7   0.42770945430134616  
  2678.2   0.42757371315249737  
  2678.7   0.4274380404118172   
  2679.2   0.42730243603207074  
  2679.7   0.42716689996606483  
  2680.2   0.42703143216664746  
  2680.7   0.4268960325867081   
  2681.2   0.42676070117917747  
  2681.7   0.42662548142108486  
  2682.2   0.4264902861954249   
  2682.7   0.4263551590012282   
  2683.2   0.42622009979159026  
  2683.7   0.42608510851964737  
  2684.2   0.42595018513857713  
  2684.7   0.42581532960159807  
  2685.2   0.4256805418619696   
  2685.7   0.425545821872992    
  2686.2   0.4254112129154798   
  2686.7   0.4252766282661002   
  2687.2   0.42514211122753237  
  2687.7   0.42500766175323995  
  2688.2   0.424873279796727    
  2688.7   0.4247389653115383   
  2689.2   0.42460471825125934  
  2689.7   0.424470538569516    
  2690.2   0.42433642621997464  
  2690.7   0.42420238115634235  
  2691.2   0.42406844644283637  
  2691.7   0.42393453579068535  
  2692.2   0.4238006922858213   
  2692.7   0.4236669158821125   
  2693.21  0.4235305390534518   
  2693.71  0.42339689805051195  
  2694.21  0.4232633240096561   
  2694.71  0.423129816884914    
  2695.21  0.4229963766303556   
  2695.71  0.422863003200091    
  2696.21  0.42272969654827014  
  2696.71  0.42259649950213696  
  2697.21  0.42246332624835736  
  2697.71  0.4223302196357257   
  2698.21  0.4221971796185517   
  2698.71  0.42206420615118456  
  2699.21  0.4219312991880135   
  2699.71  0.4217984586834671   
  2700.21  0.4216657273151909   
  2700.71  0.4215329768681622   
  2701.21  0.4214003781469442   
  2701.71  0.42126776034149255  
  2702.21  0.4211352940857397   
  2702.71  0.4210028087403134   
  2703.21  0.4208704747687485   
  2703.71  0.4207382068501382   
  2704.21  0.420605919833772    
  2704.71  0.4204737839280533   
  2705.21  0.42034162891924093  
  2705.71  0.4202096248459227   
  2706.21  0.4200776016642139   
  2706.71  0.41994572924311857  
  2707.21  0.419813837708376    
  2707.71  0.4196820967596386   
  2708.21  0.4195504214585998   
  2708.71  0.41941872703610517  
  2709.21  0.4192871829382406   
  2709.71  0.41915561971376414  
  2710.21  0.41902420663998746  
  2710.71  0.41889277443448325  
  2711.21  0.4187614922060187   
  2711.71  0.4186301908407507   
  2712.21  0.4184990392791323   
  2712.71  0.4183679529631097   
  2713.21  0.41823684750274515  
  2713.71  0.4181058915864776   
  2714.21  0.4179749165208914   
  2714.71  0.4178440908266843   
  2715.21  0.41771324597822146  
  2715.71  0.4175825503286877   
  2716.21  0.4174518355200005   
  2716.71  0.4173212697380598   
  2717.21  0.41719076880273553  
  2717.71  0.4170602487009855   
  2718.21  0.4169298773682362   
  2718.71  0.41679948686426127  
  2719.21  0.4166692449577709   
  2719.71  0.41653898387529387  
  2720.21  0.41640887121905096  
  2720.71  0.41627873938209925  
  2721.21  0.4161487558003963   
  2721.71  0.41601875303330105  
  2722.21  0.41588889835073367  
  2722.71  0.4157591080313371   
  2723.21  0.41562929851959607  
  2723.71  0.4154996368368242   
  2724.21  0.4153699559571208   
  2724.71  0.41524042273632494  
  2725.21  0.4151108703140486   
  2725.71  0.41498146538088104  
  2726.21  0.41485204124172215  
  2726.71  0.41472276442213585  
  2727.21  0.41459355157357713  
  2727.71  0.4144643195123327   
  2728.21  0.4143352345168742   
  2728.71  0.41420613030431397  
  2729.21  0.4140771729886569   
  2729.71  0.41394819645151976  
  2730.21  0.4138193666426635   
  2730.71  0.4136905176079865   
  2731.21  0.41356181513322815  
  2731.71  0.41343317624038434  
  2732.21  0.4133045181152796   
  2732.71  0.4131760062980638   
  2733.21  0.41304747524433977  
  2733.71  0.41291909033079044  
  2734.21  0.4127906861765228   
  2734.71  0.4126624279949739   
  2735.21  0.41253415056853376  
  2735.71  0.41240601894761403  
  2736.21  0.41227795052249716  
  2736.71  0.4121498628462997   
  2737.21  0.41202192072533433  
  2737.71  0.4118939593492075   
  2738.21  0.4117661433617569   
  2738.71  0.4116383081151006   
  2739.21  0.41151061809082073  
  2739.71  0.41138290880332756  
  2740.21  0.41125534457216656  
  2740.71  0.41112784315367046  
  2741.21  0.41100032246601853  
  2741.71  0.41087294658613716  
  2742.21  0.41074555143318314  
  2742.71  0.41061830092259216  
  2743.21  0.4104910311350479   
  2743.71  0.41036390582471305  
  2744.21  0.4102367612335804   
  2744.71  0.4101097609547567   
  2745.21  0.4099828231084058   
  2745.71  0.409855865975558    
  2746.21  0.4097290529081694   
  2746.71  0.40960222055052886  
  2747.21  0.4094755320940784   
  2747.71  0.40934882434365666  
  2748.21  0.40922226033040765  
  2748.71  0.4090956770195035   
  2749.21  0.40896923728200585  
  2749.71  0.40884285959970723  
  2750.21  0.40871646261429434  
  2750.71  0.40859020895713516  
  2751.21  0.4084639359932662   
  2751.71  0.4083378061945105   
  2752.21  0.40821165708548446  
  2752.71  0.40808565097868105  
  2753.21  0.4079596255580818   
  2753.71  0.4078337429770633   
  2754.21  0.4077079220768613   
  2754.71  0.4075820818576411   
  2755.21  0.4074563842345312   
  2755.71  0.40733066728896455  
  2756.21  0.40720509277748695  
  2756.71  0.40707949894014883  
  2757.21  0.4069540473751257   
  2757.71  0.40682857648087284  
  2758.21  0.40670324769740795  
  2758.71  0.4065779802232415   
  2759.21  0.4064526934148561   
  2759.71  0.40632754847545616  
  2760.21  0.40620238419855376  
  2760.71  0.406077361629725    
  2761.21  0.4059523197201443   
  2761.71  0.40582741935797056  
  2762.21  0.40570249965182964  
  2762.71  0.40557772133267384  
  2763.21  0.40545292366636926  
  2763.71  0.4053282672268724   
  2764.21  0.4052036716464448   
  2764.71  0.4050790567141599   
  2765.21  0.40495458276889934  
  2765.71  0.4048300894686844   
  2766.21  0.404705736995925    
  2766.71  0.40458136516514753  
  2767.21  0.40445713400249955  
  2767.71  0.40433288347880336  
  2768.21  0.40420877346415285  
  2768.71  0.4040847239433244   
  2769.21  0.40396065505696505  
  2769.71  0.4038367264415046   
  2770.21  0.4037127784575661   
  2770.71  0.4035889705860462   
  2771.21  0.4034651433431341   
  2771.71  0.403341456054401    
  2772.21  0.40321774939139476  
  2772.71  0.40309418252456786  
  2773.21  0.40297067578909584  
  2773.71  0.4028471496750908   
  2774.21  0.40272376312074076  
  2774.72  0.40259789603030804  
  2775.22  0.40247463069357864  
  2775.72  0.4023513459727229   
  2776.22  0.40222820049539165  
  2776.72  0.4021050356312003   
  2777.22  0.4019820098536115   
  2777.72  0.401858964686461    
  2778.22  0.40173605844922883  
  2778.72  0.40161321190327787  
  2779.22  0.40149034596377386  
  2779.72  0.4013676187196315   
  2780.22  0.40124487207931514  
  2780.72  0.4011222639782682   
  2781.22  0.4009996364784584   
  2781.72  0.4008771473620619   
  2782.22  0.40075463884434537  
  2782.72  0.40063226855442197  
  2783.22  0.400509957599405    
  2783.72  0.4003876272392922   
  2784.22  0.40026543487400795  
  2784.72  0.40014322310115014  
  2785.22  0.4000211491680875   
  2785.72  0.3998990558250051   
  2786.22  0.3997771001669188   
  2786.72  0.3996551250963981   
  2787.22  0.3995332875563079   
  2787.72  0.39941150899744776  
  2788.22  0.3992897110225902   
  2788.72  0.3991680503467769   
  2789.22  0.3990463702526296   
  2789.72  0.39892482730354334  
  2790.22  0.3988032649338176   
  2790.72  0.3986818395554017   
  2791.22  0.39856039475407196  
  2791.72  0.3984390867905324   
  2792.22  0.3983178374572201   
  2792.72  0.39819656869764053  
  2793.22  0.39807543654603006  
  2793.72  0.397954284965955    
  2794.22  0.39783326984090667  
  2794.72  0.3977122352852271   
  2795.22  0.3975913370318621   
  2795.72  0.39747041934572974  
  2796.22  0.3973496378094296   
  2796.72  0.397228914555003    
  2797.22  0.39710817186466213  
  2797.72  0.39698756509588423  
  2798.22  0.3968669388891319   
  2798.72  0.3967464484520324   
  2799.22  0.39662593857492856  
  2799.72  0.3965055643157957   
  2800.22  0.3963851706146587   
  2800.72  0.3962649123800387   
  2801.22  0.39614463470144473  
  2801.72  0.396024492338141    
  2802.22  0.39590440783450487  
  2802.72  0.39578430388399644  
  2803.22  0.39566433502238785  
  2803.72  0.3955443467120118   
  2804.22  0.39542449333987545  
  2804.72  0.3953046205171062   
  2805.22  0.3951848824821422   
  2805.72  0.3950651249947094   
  2806.22  0.394945502144873    
  2806.72  0.3948259368121512   
  2807.22  0.3947063520242624   
  2807.72  0.3945869016491025   
  2808.22  0.39446743181701327  
  2808.72  0.39434809624800565  
  2809.22  0.3942287412203357   
  2809.72  0.3941095203063242   
  2810.22  0.39399027993194646  
  2810.72  0.3938711735220275   
  2811.22  0.3937521242892423   
  2811.72  0.39363305559358963  
  2812.22  0.39351412063903846  
  2812.72  0.3933951662199886   
  2813.22  0.39327634539339745  
  2813.72  0.39315750510070513  
  2814.22  0.39303879825205085  
  2814.72  0.3929200719357217   
  2815.22  0.3928014789152316   
  2815.72  0.39268294273444293  
  2816.22  0.39256438708367275  
  2816.72  0.3924459645068817   
  2817.22  0.3923275224586067   
  2817.72  0.3922092133366643   
  2818.22  0.3920908847417642   
  2818.72  0.39197268892577014  
  2819.22  0.39185447363537274  
  2819.72  0.3917363909766749   
  2820.22  0.3916183648227719   
  2820.72  0.39150031919235045  
  2821.22  0.3913824059732535   
  2821.72  0.39126447327626307  
  2822.22  0.3911466728439382   
  2822.72  0.3910288529323728   
  2823.22  0.3909111651390324   
  2823.72  0.39079345786513237  
  2824.22  0.39067588256323477  
  2824.72  0.390558363433728    
  2825.22  0.3904408248217352   
  2825.72  0.39032341796284237  
  2826.22  0.39020599162021374  
  2826.72  0.39008869688500564  
  2827.22  0.38997138266483977  
  2827.72  0.38985419990663145  
  2828.22  0.38973699766227077  
  2828.72  0.38961992673462104  
  2829.22  0.38950291164943807  
  2829.72  0.3893858770763624   
  2830.22  0.38926897360255525  
  2830.72  0.3891520506397293   
  2831.22  0.3890352586314638   
  2831.72  0.3889184471330806   
  2832.22  0.38880176644476433  
  2832.72  0.38868506626525856  
  2833.22  0.3885684967515408   
  2833.72  0.38845198275282333  
  2834.22  0.3883354492613595   
  2834.72  0.3882190462196893   
  2835.22  0.38810262368426823  
  2835.72  0.38798633145489597  
  2836.22  0.3878700197307953   
  2836.72  0.38775383816921144  
  2837.22  0.3876376371119484   
  2837.72  0.38752156607388266  
  2838.22  0.3874054755392136   
  2838.72  0.3872895148806347   
  2839.22  0.38717360934012196  
  2839.72  0.38705768430166965  
  2840.22  0.3869418889250665   
  2840.72  0.3868260740496658   
  2841.22  0.38671038869353574  
  2841.72  0.38659468383777656  
  2842.22  0.38647910835892024  
  2842.72  0.38636351337962954  
  2843.22  0.38624804763508436  
  2843.72  0.38613263668652126  
  2844.22  0.3860172062363651   
  2844.72  0.38590190480813485  
  2845.22  0.38578658387757153  
  2845.72  0.38567139182730104  
  2846.22  0.38555618027398336  
  2846.72  0.3854410974595346   
  2847.22  0.3853259951413505   
  2847.72  0.38521102142081987  
  2848.22  0.3850961021765744   
  2848.72  0.38498116342760985  
  2849.22  0.3848663530648888   
  2849.72  0.3847515231968248   
  2850.22  0.38463682157430906  
  2850.72  0.3845221004458522   
  2851.22  0.38440750742245544  
  2851.72  0.38429289489254476  
  2852.22  0.38417841032741307  
  2852.72  0.38406397992123503  
  2853.22  0.3839495300077318   
  2853.72  0.3838352078489955   
  2854.22  0.3837208661824246   
  2854.72  0.38360665213085526  
  2855.22  0.38349241857096733  
  2855.72  0.38337831248652093  
  2856.23  0.38326191080556815  
  2856.73  0.38314791362357115  
  2857.23  0.3830338969323586   
  2857.73  0.38292000743669574  
  2858.23  0.38280617171462145  
  2858.73  0.38269231648272795  
  2859.23  0.3825785882380681   
  2859.73  0.3824648404832176   
  2860.23  0.38235121957696355  
  2860.73  0.38223757916017226  
  2861.23  0.3821240654535436   
  2861.73  0.38201053223605574  
  2862.23  0.3818971255904999   
  2862.73  0.3817837724063875   
  2863.23  0.3816703997109794   
  2863.73  0.3815571533805594   
  2864.23  0.3814438875385832   
  2864.73  0.3813307479238708   
  2865.23  0.38121758879736595  
  2865.73  0.3811045557606024   
  2866.23  0.3809915032118346   
  2866.73  0.38087857661548696  
  2867.23  0.380765703170736    
  2867.73  0.3806528102137085   
  2868.23  0.3805400430035186   
  2868.73  0.380427256280901    
  2869.23  0.38031459516830196  
  2869.73  0.38020191454314795  
  2870.23  0.3800893593913937   
  2870.73  0.3799767847269812   
  2871.23  0.37986433539954945  
  2871.73  0.3797519389161449   
  2872.23  0.37963952291997194  
  2872.73  0.379527232056547    
  2873.23  0.3794149216803101   
  2873.73  0.3793027363009001   
  2874.23  0.3791905314086581   
  2874.73  0.3790784513775206   
  2875.23  0.37896635183355476  
  2875.73  0.37885437701516905  
  2876.23  0.3787424547354984   
  2876.73  0.378630512943049    
  2877.23  0.3785186956732859   
  2877.73  0.37840685889080633  
  2878.23  0.3782951464959826   
  2878.73  0.37818341458852833  
  2879.23  0.3780718069338962   
  2879.73  0.37796017976674245  
  2880.23  0.37784867671777406  
  2880.73  0.3777371541564162   
  2881.23  0.3776257555788029   
  2881.73  0.3775144091697792   
  2882.23  0.37740304324860774  
  2882.73  0.37729180110990834  
  2883.23  0.3771805394592511   
  2883.73  0.3770694014571141   
  2884.23  0.3769582439432321   
  2884.73  0.37684720994411325  
  2885.23  0.3767361564334853   
  2885.73  0.3766252263040582   
  2886.23  0.3765143480428534   
  2886.73  0.37640345027053557  
  2887.23  0.3762926756794607   
  2887.73  0.37618188157756544  
  2888.23  0.3760712105238358   
  2888.73  0.3759605199596009   
  2889.23  0.37584995231064755  
  2889.73  0.37573936515152667  
  2890.23  0.37562890077499644  
  2890.73  0.3755184879685143   
  2891.23  0.3754080556524132   
  2891.73  0.37529774592024856  
  2892.23  0.3751874166788586   
  2892.73  0.3750772098891951   
  2893.23  0.3749669835907221   
  2893.73  0.3748568796119574   
  2894.23  0.3747467561248215   
  2894.73  0.37463675482556696  
  2895.23  0.3745268048003606   
  2895.73  0.3744168352674816   
  2896.23  0.37430698772512316  
  2896.73  0.37419712067558536  
  2897.23  0.37408737548521837  
  2897.73  0.3739776107881873   
  2898.23  0.37386796781916753  
  2898.73  0.37375830534402077  
  2899.23  0.37364876446591566  
  2899.73  0.3735392745680135   
  2900.23  0.37342976516483095  
  2900.73  0.37332037716261174  
  2901.23  0.37321096965570366  
  2901.73  0.3731016834192624   
  2902.23  0.37299237767874543  
  2902.73  0.3728831930783875   
  2903.23  0.3727739889745885   
  2903.73  0.37266490588082907  
  2904.23  0.37255587347556324  
  2904.73  0.37244682156784853  
  2905.23  0.37233789047536736  
  2905.73  0.37222893988112565  
  2906.23  0.37212010997246736  
  2906.73  0.372011260562758    
  2907.23  0.3719025317091691   
  2907.73  0.37179378335525987  
  2908.23  0.37168515542819497  
  2908.73  0.3715765779000312   
  2909.23  0.3714679808726829   
  2909.73  0.37135950407863483  
  2910.23  0.3712510077861858   
  2910.73  0.3711426315982263   
  2911.23  0.3710342359126703   
  2911.73  0.37092596020297885  
  2912.23  0.37081766499651647  
  2912.73  0.37070948963747874  
  2913.23  0.37060136438984836  
  2913.73  0.3704932196467241   
  2914.23  0.37038519455873226  
  2914.73  0.3702771499761241   
  2915.23  0.37016922492067034  
  2915.73  0.37006128037149844  
  2916.23  0.36995345522168704  
  2916.73  0.3698456105790762   
  2917.23  0.36973788520821593  
  2917.73  0.36963014034549546  
  2918.23  0.3695225146270989   
  2918.73  0.3694149386715487   
  2919.23  0.3693073432255854   
  2919.73  0.3691998667331699   
  2920.23  0.3690923707513317   
  2920.73  0.36898499359607195  
  2921.23  0.36887759695240013  
  2921.73  0.36877031900851953  
  2922.23  0.3686630215772579   
  2922.73  0.36855584271918235  
  2923.23  0.36844871334105667  
  2923.73  0.36834156447713395  
  2924.23  0.3682345339968504   
  2924.73  0.3681274840318511   
  2925.23  0.3680205523243394   
  2925.73  0.367913601133213    
  2926.23  0.36780676807360346  
  2926.73  0.36769991553150044  
  2927.23  0.36759318099512417  
  2927.73  0.36748649565784103  
  2928.23  0.3673797908397831   
  2928.73  0.36727320383912443  
  2929.23  0.3671665973588617   
  2929.73  0.3670601085706579   
  2930.23  0.36695360030404034  
  2930.73  0.3668472096043208   
  2931.23  0.36674079942739757  
  2931.73  0.36663450669239034  
  2932.23  0.36652826287764156  
  2932.73  0.3664219995875407   
  2933.23  0.366315853552238    
  2933.73  0.36620968804284204  
  2934.23  0.3661036396637088   
  2934.73  0.36599757181176035  
  2935.23  0.3658916209657169   
  2935.73  0.36578565064815594  
  2936.23  0.36567979721231986  
  2936.73  0.36557399241991184  
  2937.23  0.36546816815796856  
  2937.74  0.3653603510188635   
  2938.24  0.3652546249540066   
  2938.74  0.36514901545998557  
  2939.24  0.3650433864991536   
  2939.74  0.36493787398559835  
  2940.24  0.36483234200661624  
  2940.74  0.3647269263515279   
  2941.24  0.3646214912324158   
  2941.74  0.3645161723139904   
  2942.24  0.3644109017027328   
  2942.74  0.3643056116295913   
  2943.24  0.36420043757267473  
  2943.74  0.3640952440553245   
  2944.24  0.36399016643143056  
  2944.74  0.36388506934857195  
  2945.24  0.36378008803657574  
  2945.74  0.36367508726710257  
  2946.24  0.3635702021460723   
  2946.74  0.3634653650597756   
  2947.24  0.36336050851826834  
  2947.74  0.3632557674419209   
  2948.24  0.3631510069118971   
  2948.74  0.36304636172504856  
  2949.24  0.3629416970860763   
  2949.74  0.3628371476684681   
  2950.24  0.3627325788003074   
  2950.74  0.36262812503187253  
  2951.24  0.36252371902768576  
  2951.74  0.3624192935753375   
  2952.24  0.3623149830406011   
  2952.74  0.3622106530593202   
  2953.24  0.3621064378744445   
  2953.74  0.36200220324465937  
  2954.24  0.3618980832902446   
  2954.74  0.36179394389257385  
  2955.24  0.36168991904941034  
  2955.74  0.36158594170194125  
  2956.24  0.3614819449137298   
  2956.74  0.3613780624990716   
  2957.24  0.36127416064536955  
  2957.74  0.3611703730447856   
  2958.24  0.36106656600687415  
  2958.74  0.3609628731018163   
  2959.24  0.3608591607611652   
  2959.74  0.36075556243327345  
  2960.24  0.3606519446715406   
  2960.74  0.360548440802643    
  2961.24  0.3604449841038045   
  2961.74  0.360341507973786    
  2962.24  0.36023814555705386  
  2962.74  0.3601347637109381   
  2963.24  0.36003149545860835  
  2963.74  0.35992820777870904  
  2964.24  0.3598250335732642   
  2964.74  0.35972183994208135  
  2965.24  0.3596187596661902   
  2965.74  0.3595157262960379   
  2966.24  0.3594126735029275   
  2966.74  0.35930973388669935  
  2967.24  0.35920677484938823  
  2967.74  0.3591039288702171   
  2968.24  0.35900106347185545  
  2968.74  0.35889831101305913  
  2969.24  0.3587955391369821   
  2969.74  0.3586928800820629   
  2970.24  0.3585902676704409   
  2970.74  0.3584876358444349   
  2971.24  0.3583851166623078   
  2971.74  0.3582825780677495   
  2972.24  0.3581801519990798   
  2972.74  0.35807770651994875  
  2973.24  0.35797537344888225  
  2973.74  0.3578730209693413   
  2974.24  0.3577707807802069   
  2974.74  0.3576685869737904   
  2975.24  0.3575663737619112   
  2975.74  0.35746427266428105  
  2976.24  0.35736215216321743  
  2976.74  0.3572601436591587   
  2977.24  0.3571581157537124   
  2977.74  0.3570561997281918   
  2978.24  0.35695426430334637  
  2978.74  0.35685244064151206  
  2979.24  0.35675066310366277  
  2979.74  0.3566488661696139   
  2980.24  0.3565471808235312   
  2980.74  0.3564454760833534   
  2981.24  0.35634388281463775  
  2981.74  0.3562422701539479   
  2982.24  0.3561407688483798   
  2982.74  0.35603924815297516  
  2983.24  0.3559378386965153   
  2983.74  0.35583647510713806  
  2984.24  0.35573509213116117  
  2984.74  0.3556338202201879   
  2985.24  0.3555325289247934   
  2985.74  0.3554313485786329   
  2986.24  0.35533014885024605  
  2986.74  0.35522905995548576  
  2987.24  0.35512795168071026  
  2987.74  0.35502695412411617  
  2988.24  0.3549260021795175   
  2988.74  0.3548250308582503   
  2989.24  0.35472417008231855  
  2989.74  0.3546232899319699   
  2990.24  0.35452252021191544  
  2990.74  0.35442173111971165  
  2991.24  0.354321052342922    
  2991.74  0.3542203541962668   
  2992.24  0.35411976625030633  
  2992.74  0.35401922366305333  
  2993.24  0.35391866170938974  
  2993.74  0.3538182097846615   
  2994.24  0.3537177384958459   
  2994.74  0.35361737712164754  
  2995.24  0.353516996385701    
  2995.74  0.353416725450213    
  2996.24  0.3533164351553321   
  2996.74  0.35321625454691064  
  2997.24  0.35311605458146705  
  2997.74  0.3530159641886432   
  2998.24  0.3529159188473718   
  2998.74  0.35281585415266314  
  2999.24  0.3527158988601312   
  2999.74  0.35261592421657195  
  3000.24  0.3525160588617467   
  3000.74  0.3524161741583194   
  3001.24  0.35231639863034175  
  3001.74  0.3522166037562028   
  3002.24  0.3521169179443873   
  3002.74  0.35201727693477997  
  3003.24  0.351917616582701    
  3003.74  0.35181806512356983  
  3004.24  0.3517184943244464   
  3004.74  0.35161903230553837  
  3005.24  0.35151955094913245  
  3005.74  0.3514201782603667   
  3006.24  0.3513207862366128   
  3006.74  0.35122150276808056  
  3007.24  0.3511222638541627   
  3007.74  0.35102300560904937  
  3008.24  0.3509238557508413   
  3008.74  0.3508246865639855   
  3009.24  0.35072562565200727  
  3009.74  0.3506265454139439   
  3010.24  0.35052757333888623  
  3010.74  0.3504285819403211   
  3011.24  0.3503296985930455   
  3011.74  0.35023085955452593  
  3012.24  0.35013200119639304  
  3012.74  0.35003325072228414  
  3013.24  0.3499344809311769   
  3013.74  0.3498358189127652   
  3014.24  0.34973713757998487  
  3014.74  0.3496385639087262   
  3015.24  0.3495399709257434   
  3015.74  0.34944148549326276  
  3016.24  0.34934304412540074  
  3016.74  0.34924458344980847  
  3017.24  0.3491462301584958   
  3017.74  0.34904785756213413  
  3018.24  0.34894959223941724  
  3018.74  0.3488513076143473   
  3019.25  0.3487511708430212   
  3019.75  0.34865297495758507  
  3020.25  0.348554886123884    
  3020.75  0.34845677799329233  
  3021.25  0.34835877680426197  
  3021.75  0.34826081938323883  
  3022.25  0.34816284266943914  
  3022.75  0.34806497273224385  
  3023.25  0.34796708350503314  
  3023.75  0.3478693009446341   
  3024.25  0.3477714990969949   
  3024.75  0.34767380380652657  
  3025.25  0.3475760892316077   
  3025.75  0.3474784811043707   
  3026.25  0.347380916504779    
  3026.75  0.3472833326249473   
  3027.25  0.34718585502886534  
  3027.75  0.3470883581553684   
  3028.25  0.34699096745651015  
  3028.75  0.3468935574830761   
  3029.25  0.34679625357532057  
  3029.75  0.3466989303958424   
  3030.25  0.3466017131732331   
  3030.75  0.3465045392395816   
  3031.25  0.3464073460385129   
  3031.75  0.34631025863139775  
  3032.25  0.34621315195975355  
  3032.75  0.3461161509736283   
  3033.25  0.3460191307258759   
  3033.75  0.34592221605535767  
  3034.25  0.345825282126128    
  3034.75  0.3457284536659969   
  3035.25  0.3456316682577963   
  3035.75  0.34553486359528324  
  3036.25  0.34543816423996226  
  3036.75  0.34534144563327906  
  3037.25  0.34524483222602464  
  3037.75  0.3451481995703717   
  3038.25  0.3450516720065328   
  3038.75  0.34495512519727267  
  3039.25  0.3448586833723599   
  3039.75  0.344762222305017    
  3040.25  0.34466586611470273  
  3040.75  0.344569552688851    
  3041.25  0.34447322002508035  
  3041.75  0.3443769920776544   
  3042.25  0.34428074489533406  
  3042.75  0.3441846023224085   
  3043.25  0.3440884405176266   
  3043.75  0.3439923832154365   
  3044.25  0.34389630668444154  
  3044.75  0.3438003345493823   
  3045.25  0.3437044049453975   
  3045.75  0.3436084561172094   
  3046.25  0.3435126115252645   
  3046.75  0.3434167477122009   
  3047.25  0.34332098802909033  
  3047.75  0.34322520912795856  
  3048.25  0.3431295342506357   
  3048.75  0.3430338401584025   
  3049.25  0.3429382499839794   
  3049.75  0.3428427021088585   
  3050.25  0.34274713502351756  
  3050.75  0.3426516716972785   
  3051.25  0.34255618916396285  
  3051.75  0.34246081028411346  
  3052.25  0.34236541220034405  
  3052.75  0.34227011766455007  
  3053.25  0.34217480392800553  
  3053.75  0.3420795936340901   
  3054.25  0.3419844254093064   
  3054.75  0.3418892379885498   
  3055.25  0.34179415385269046  
  3055.75  0.34169905052405974  
  3056.25  0.3416040503753402   
  3056.75  0.3415090310370637   
  3057.25  0.34141411477385597  
  3057.75  0.3413191793243183   
  3058.25  0.3412243468451507   
  3058.75  0.34112955620653296  
  3059.25  0.34103474638644904  
  3059.75  0.34094003937997197  
  3060.25  0.3408453131952874   
  3060.75  0.34075068971986827  
  3061.25  0.34065604706951275  
  3061.75  0.340561507024224    
  3062.25  0.34046694780728254  
  3062.75  0.34037249109135126  
  3063.25  0.3402780759889636   
  3063.75  0.3401836417198718   
  3064.25  0.34008930979598845  
  3064.75  0.33999495870871577  
  3065.25  0.3399007098629499   
  3065.75  0.3398064418571219   
  3066.25  0.3397122759892404   
  3066.75  0.3396180909646364   
  3067.25  0.3395240079745598   
  3067.75  0.33942996637258255  
  3068.25  0.3393359056189147   
  3068.75  0.33924194674492647  
  3069.25  0.3391479687226178   
  3069.75  0.33905409247692186  
  3070.25  0.3389601970862878   
  3070.75  0.3388664033693397   
  3071.25  0.338772590510848    
  3071.75  0.338678879223256    
  3072.25  0.33858520909986833  
  3072.75  0.33849151984005077  
  3073.25  0.33839793199723195  
  3073.75  0.33830432502140784  
  3074.25  0.3382108193601453   
  3074.75  0.3381172945693141   
  3075.25  0.3380238709907467   
  3075.75  0.33793042828605907  
  3076.25  0.3378370866914765   
  3076.75  0.3377437259742342   
  3077.25  0.33765046626507705  
  3077.75  0.33755724744855803  
  3078.25  0.3374640095145916   
  3078.75  0.3373708724359566   
  3079.25  0.3372777162433641   
  3079.75  0.3371846608044293   
  3080.25  0.3370915862550387   
  3080.75  0.33699861235777     
  3081.25  0.33690561935355884  
  3081.75  0.3368127269000716   
  3082.25  0.33671987511872414  
  3082.75  0.33662700423572567  
  3083.25  0.3365342337516281   
  3083.75  0.33644144416942207  
  3084.25  0.33634875488506233  
  3084.75  0.33625604650614804  
  3085.25  0.3361634383241625   
  3085.75  0.33607081105118797  
  3086.25  0.3359782838743613   
  3086.75  0.3358857971506842   
  3087.25  0.33579329134138736  
  3087.75  0.33570088547733906  
  3088.25  0.33560846053126514  
  3088.75  0.3355161354299997   
  3089.25  0.3354237912503142   
  3089.75  0.3353315468151329   
  3090.25  0.33523928330514835  
  3090.75  0.33514711943949965  
  3091.25  0.335054995809506    
  3091.75  0.33496285311015483  
  3092.25  0.33487080990515683  
  3092.75  0.3347787476344463   
  3093.25  0.3346867847582587   
  3093.75  0.33459480282001475  
  3094.25  0.3345029201765984   
  3094.75  0.33441101847479293  
  3095.25  0.33431921596825437  
  3095.75  0.3342274534813594   
  3096.25  0.33413567194159655  
  3096.75  0.3340439894480275   
  3097.25  0.3339522879052855   
  3097.75  0.3338606853095123   
  3098.25  0.3337690636682722   
  3098.75  0.33367754087490964  
  3099.25  0.333585999039797    
  3099.75  0.33349455595360455  
  3100.25  0.3334031526725153   
  3100.75  0.33331173035527123  
  3101.26  0.33321858409729627  
  3101.76  0.33312724214180395  
  3102.26  0.33303599868745354  
  3102.76  0.33294473620448506  
  3103.26  0.3328535721241683   
  3103.76  0.3327623890189994   
  3104.26  0.3326713042181245   
  3104.76  0.3325802003961741   
  3105.26  0.33248919478029254  
  3105.76  0.3323982287088062   
  3106.26  0.33230724362192876  
  3106.76  0.33221635659404586  
  3107.26  0.33212545055457515  
  3107.76  0.3320346424762037   
  3108.26  0.33194381539005835  
  3108.76  0.33185308616724873  
  3109.26  0.3317623379404897   
  3109.76  0.3316716874794342   
  3110.26  0.3315810763514624   
  3110.76  0.331490446225297    
  3111.26  0.3313999137186484   
  3111.76  0.331309362217657    
  3112.26  0.33121890823887773  
  3112.76  0.3311284352696169   
  3113.26  0.331038059725394    
  3113.76  0.33094766519456115  
  3114.26  0.3308573679917227   
  3114.76  0.3307671099120887   
  3115.26  0.3306768328516706   
  3115.76  0.33058665297394124  
  3116.26  0.3304964541193253   
  3116.76  0.3304063523506794   
  3117.26  0.33031623160905454  
  3117.76  0.33022620785681084  
  3118.26  0.3301361651355061   
  3118.76  0.3300462193071229   
  3119.26  0.3299562545136067   
  3119.76  0.3298663865166819   
  3120.26  0.3297765573883685   
  3120.76  0.3296867093008325   
  3121.26  0.32959695786564963  
  3121.76  0.3295071874751976   
  3122.26  0.32941751364109034  
  3122.76  0.3293278208556773   
  3123.26  0.3292382245307293   
  3123.76  0.329148609258449    
  3124.26  0.3290590903508821   
  3124.76  0.32896961010518844  
  3125.26  0.3288801109181404   
  3125.76  0.3287907079524339   
  3126.26  0.32870128604937154  
  3126.76  0.3286119602722188   
  3127.26  0.32852261556171825  
  3127.76  0.32843336688182284  
  3128.26  0.32834409927259767  
  3128.76  0.3282549275988006   
  3129.26  0.32816579438153304  
  3129.76  0.3280766422409805   
  3130.26  0.32798758589334365  
  3130.76  0.32789851062646436  
  3131.26  0.3278095310576408   
  3131.76  0.32772053257362704  
  3132.26  0.32763162969293563  
  3132.76  0.32754270790111595  
  3133.26  0.3274538816180114   
  3133.76  0.3273650935874763   
  3134.26  0.3272762866519232   
  3134.76  0.3271875750834262   
  3135.26  0.32709884461399713  
  3135.76  0.32701020941733205  
  3136.26  0.3269215553238304   
  3136.76  0.32683299640892605  
  3137.26  0.32674441860129005  
  3137.76  0.3266559358782102   
  3138.26  0.32656749120511164  
  3138.76  0.3264790276454563   
  3139.26  0.3263906590295447   
  3139.76  0.3263022715312049   
  3140.26  0.3262139788828802   
  3140.76  0.32612566735626525  
  3141.26  0.32603745058606126  
  3141.76  0.32594921494171464  
  3142.26  0.32586107396029923  
  3142.76  0.32577297082763806  
  3143.26  0.3256848488270722   
  3143.76  0.3255968213494659   
  3144.26  0.3255087750081255   
  3144.76  0.32542082309657505  
  3145.26  0.3253328523254706   
  3145.76  0.3252449758911102   
  3146.26  0.3251570806013849   
  3146.76  0.32506927955548137  
  3147.26  0.32498151615845494  
  3147.76  0.3248937339123638   
  3148.26  0.324806045770957    
  3148.76  0.3247183387846975   
  3149.26  0.3246307258105078   
  3149.76  0.3245430939956865   
  3150.26  0.3244555561004432   
  3150.76  0.32436799936879857  
  3151.26  0.32428053646436283  
  3151.76  0.3241931110102659   
  3152.26  0.324105666726129    
  3152.76  0.3240183161308916   
  3153.26  0.3239309467098667   
  3153.76  0.3238436708856777   
  3154.26  0.32375637623996295  
  3154.76  0.3236691750991423   
  3155.26  0.32358195514106625  
  3155.76  0.3234948285960643   
  3156.26  0.3234076832380863   
  3156.76  0.32332063120148374  
  3157.26  0.3232336163743631   
  3157.76  0.3231465827407011   
  3158.26  0.3230596422911089   
  3158.76  0.3229726830392766   
  3159.26  0.3228858168801183   
  3159.76  0.32279893192303005  
  3160.26  0.32271213996734066  
  3160.76  0.32262532921804005  
  3161.26  0.3225386113789839   
  3161.76  0.3224519305538079   
  3162.26  0.32236523094151437  
  3162.76  0.3222786241029738   
  3163.26  0.3221919984816562   
  3163.76  0.3221054655432376   
  3164.26  0.3220189138263908   
  3164.76  0.32193245470170895  
  3165.26  0.32184597680295657  
  3165.76  0.3217595914057547   
  3166.26  0.3216732428281356   
  3166.76  0.3215868754829974   
  3167.26  0.3215006005037267   
  3167.76  0.3214143067613158   
  3168.26  0.32132810529445616  
  3168.76  0.32124188506884355  
  3169.26  0.32115575702858506  
  3169.76  0.32106961023396935  
  3170.26  0.3209835555346293   
  3170.76  0.32089753746186844  
  3171.26  0.32081150064135877  
  3171.76  0.320725555781244    
  3172.26  0.3206395921777971   
  3172.76  0.3205537204449628   
  3173.26  0.3204678299732211   
  3173.76  0.3203820312824279   
  3174.26  0.3202962138571604   
  3174.76  0.3202104881232951   
  3175.26  0.3201247988242886   
  3175.76  0.32003909079747234  
  3176.26  0.3199534743279738   
  3176.76  0.31986783913511896  
  3177.26  0.31978229541032965  
  3177.76  0.3196967329666458   
  3178.26  0.3196112619018922   
  3178.76  0.3195257721227141   
  3179.26  0.3194403736334481   
  3179.76  0.3193550113885937   
  3180.26  0.31926963043603396  
  3180.76  0.3191843406400925   
  3181.26  0.319099032140936    
  3181.76  0.3190138147096712   
  3182.26  0.3189285785796894   
  3182.77  0.3188417341830855   
  3183.27  0.3187565710589733   
  3183.77  0.31867149882476675  
  3184.27  0.31858640790090836  
  3184.77  0.3185014077785787   
  3185.27  0.31841644366918653  
  3185.77  0.31833146087692776  
  3186.27  0.3182465687538639   
  3186.77  0.3181616579524674   
  3187.27  0.3180768377321781   
  3187.77  0.3179919988380978   
  3188.27  0.31790725043715234  
  3188.77  0.3178224833669655   
  3189.27  0.3177378067020563   
  3189.77  0.3176531658624322   
  3190.27  0.3175685063604048   
  3190.77  0.3174839371320987   
  3191.27  0.3173993492459582   
  3191.77  0.3173148515459687   
  3192.27  0.3172303351927214   
  3192.77  0.31714590893816935  
  3193.27  0.31706146403494373  
  3193.77  0.3169771091430718   
  3194.27  0.3168927898900732   
  3194.77  0.31680845199529095  
  3195.27  0.31672420398107803  
  3195.77  0.31663993732968493  
  3196.27  0.31655576047180434  
  3196.77  0.3164715649813545   
  3197.27  0.31638745919747413  
  3197.77  0.3163033347856429   
  3198.27  0.3162192999935515   
  3198.77  0.3161352465781352   
  3199.27  0.31605128269574234  
  3199.77  0.3159673542260545   
  3200.27  0.31588340713999385  
  3200.77  0.31579954945710803  
  3201.27  0.315715673162494    
  3201.77  0.3156318861846207   
  3202.27  0.3155480805996711   
  3202.77  0.3154643642451408   
  3203.27  0.31538062928819355  
  3203.77  0.31529698347545654  
  3204.27  0.31521337289173346  
  3204.77  0.3151297437125955   
  3205.27  0.3150462035485784   
  3205.77  0.3149626447938241   
  3206.27  0.31487917496826173  
  3206.77  0.31479568655664714  
  3207.27  0.3147122869884074   
  3207.77  0.31462886883880764  
  3208.27  0.31454553944687735  
  3208.77  0.3144622451014786   
  3209.27  0.3143789321817707   
  3209.77  0.31429570789139677  
  3210.27  0.3142124650314238   
  3210.77  0.3141293107153575   
  3211.27  0.31404613783440954  
  3211.77  0.31396305341205183  
  3212.27  0.3138799504295368   
  3212.77  0.31379693582040663  
  3213.27  0.3137139560765246   
  3213.77  0.31363095777958433  
  3214.27  0.3135480477284416   
  3214.77  0.31346511912898267  
  3215.27  0.3133822786903918   
  3215.77  0.3132994197082339   
  3216.27  0.3132166488021247   
  3216.77  0.3131338593572045   
  3217.27  0.3130511579036238   
  3217.77  0.31296849113519754  
  3218.27  0.3128858058351064   
  3218.77  0.3128032083995104   
  3219.27  0.312720592437023    
  3219.77  0.3126380642545955   
  3220.27  0.31255551755005684  
  3220.77  0.31247305854125235  
  3221.27  0.3123905810151238   
  3221.77  0.3123081911005127   
  3222.27  0.3122258356921422   
  3222.77  0.3121434617736403   
  3223.27  0.3120611753405488   
  3223.77  0.31197887040213     
  3224.27  0.3118966528651772   
  3224.77  0.311814416827708    
  3225.27  0.3117322681078688   
  3225.77  0.3116501008923308   
  3226.27  0.3115680209106952   
  3226.77  0.311485975257557    
  3227.27  0.3114039111159582   
  3227.77  0.3113219340828868   
  3228.27  0.31123993856618903  
  3228.77  0.3111580300745613   
  3229.27  0.3110761031041482   
  3229.77  0.3109942630754554   
  3230.27  0.3109124045728248   
  3230.77  0.31083063292867247  
  3231.27  0.3107488954364357   
  3231.77  0.3106671394775441   
  3232.27  0.3105854702524823   
  3232.77  0.31050378256562955  
  3233.27  0.3104221815296328   
  3233.77  0.3103405620367156   
  3234.27  0.31025902911178743  
  3234.77  0.3101774777348158   
  3235.27  0.3100960128430731   
  3235.77  0.3100145295041703   
  3236.27  0.30993313256784305  
  3236.77  0.30985176956917165  
  3237.27  0.30977038813067653  
  3237.77  0.3096890929709896   
  3238.27  0.30960777937637834  
  3238.77  0.3095265519781877   
  3239.27  0.30944530614997845  
  3239.77  0.3093641464359082   
  3240.27  0.30928296829673146  
  3240.77  0.3092018761895181   
  3241.27  0.30912081784592693  
  3241.77  0.3090397410846085   
  3242.27  0.30895875023220115  
  3242.77  0.30887774096699433  
  3243.27  0.3087968175287867   
  3243.77  0.3087158756827138   
  3244.27  0.3086350195818334   
  3244.77  0.3085541450780281   
  3245.27  0.30847335623771394  
  3245.77  0.3083926009881204   
  3246.27  0.3083118273430231   
  3246.77  0.3082311392390746   
  3247.27  0.30815043274457804  
  3247.77  0.30806981170979075  
  3248.27  0.30798917228941725  
  3248.77  0.3079086182474181   
  3249.27  0.3078280458248008   
  3249.77  0.307747558699327    
  3250.27  0.3076671049927956   
  3250.77  0.30758663291310845  
  3251.27  0.3075062460089273   
  3251.77  0.30742584073657364  
  3252.27  0.3073455205587553   
  3252.77  0.3072651820177536   
  3253.27  0.3071849284904205   
  3253.77  0.3071046566048991   
  3254.27  0.3070244696522831   
  3254.77  0.30694431594794525  
  3255.27  0.3068641438929221   
  3255.77  0.30678405664986635  
  3256.27  0.3067039510611353   
  3256.77  0.3066239302038665   
  3257.27  0.3065438910059384   
  3257.77  0.30646393645907055  
  3258.27  0.306383963576565    
  3258.77  0.3063040752648207   
  3259.27  0.306224220031796    
  3259.77  0.3061443464706764   
  3260.27  0.30606455736007454  
  3260.77  0.305984749926414    
  3261.27  0.3059050268632285   
  3261.77  0.3058252854820263   
  3262.27  0.30574562839135866  
  3262.77  0.30566595298772226  
  3263.27  0.3055863617947819   
  3263.77  0.3055068035120995   
  3264.28  0.3054256398237928   
  3264.78  0.30534614798286547  
  3265.28  0.30526663784166364  
  3265.78  0.3051872117112267   
  3266.28  0.30510776728558314  
  3266.78  0.30502840679122306  
  3267.28  0.3049490280067299   
  3267.78  0.3048697330741401   
  3268.28  0.3047904198564964   
  3268.78  0.30471119041147743  
  3269.28  0.30463199367192534  
  3269.78  0.3045527786549477   
  3270.28  0.3044736472918785   
  3270.78  0.3043944976564768   
  3271.28  0.30431543159595714  
  3271.78  0.3042363472682036   
  3272.28  0.3041573464364062   
  3272.78  0.30407832734247886  
  3273.28  0.30399939166568235  
  3273.78  0.3039204885283005   
  3274.28  0.3038415671364545   
  3274.78  0.30376272904370183  
  3275.28  0.3036838727016028   
  3275.78  0.3036050995800221   
  3276.28  0.3035263082142183   
  3276.78  0.3034475999904578   
  3277.28  0.3033688735276029   
  3277.78  0.30329023012841594  
  3278.28  0.30321156849526865  
  3278.78  0.3031329898475137   
  3279.28  0.3030544435376708   
  3279.78  0.3029758790015778   
  3280.28  0.30289739733366255  
  3280.78  0.30281889744464463  
  3281.28  0.3027404803457771   
  3281.78  0.3026620450309594   
  3282.28  0.3025836924283638   
  3282.78  0.3025053216149761   
  3283.28  0.302427033435981    
  3283.78  0.302348777431211    
  3284.28  0.3022705032233948   
  3284.78  0.3021923115334247   
  3285.28  0.3021141016455793   
  3285.78  0.30203597419799705  
  3286.28  0.3019578285577158   
  3286.78  0.30187976528021304  
  3287.28  0.30180168381519273  
  3287.78  0.3017236846355645   
  3288.28  0.30164571746752533  
  3288.78  0.30156773211974963  
  3289.28  0.30148982894148246  
  3289.78  0.301411907588673    
  3290.28  0.30133406832823034  
  3290.78  0.3012562108984447   
  3291.28  0.3011784354839819   
  3291.78  0.30110064190538044  
  3292.28  0.30102293026515525  
  3292.78  0.30094525047492615  
  3293.28  0.30086755252837355  
  3293.78  0.3007899364049723   
  3294.28  0.3007123021304645   
  3294.78  0.30063474960240444  
  3295.28  0.30055717892845984  
  3295.78  0.30047968992435636  
  3296.28  0.3004021827795953   
  3296.78  0.30032475722816554  
  3297.28  0.30024736336617347  
  3297.78  0.30016995137137253  
  3298.28  0.3000926208553316   
  3298.78  0.3000152722117212   
  3299.28  0.29993800497060213  
  3299.78  0.29986071960715766  
  3300.28  0.2997835155700324   
  3300.78  0.29970629341583066  
  3301.28  0.2996291525118719   
  3301.78  0.29955204313781925  
  3302.28  0.29947491565457185  
  3302.78  0.2993978693076453   
  3303.28  0.29932080485678497  
  3303.78  0.2992438214664089   
  3304.28  0.29916681997736483  
  3304.78  0.29908989947306397  
  3305.28  0.2990129608753659   
  3305.78  0.2989361031867653   
  3306.28  0.29885927686955804  
  3306.78  0.2987824324668674   
  3307.28  0.29870566885999666  
  3307.78  0.29862888717292485  
  3308.28  0.2985521862062653   
  3308.78  0.29847546716469175  
  3309.28  0.2983988287682176   
  3309.78  0.29832217230212127  
  3310.28  0.2982455964059061   
  3310.78  0.2981690517235824   
  3311.28  0.29809248897958207  
  3311.78  0.29801600669282513  
  3312.28  0.29793950634969496  
  3312.78  0.2978630863888262   
  3313.28  0.2977866483768922   
  3313.78  0.2977102906723319   
  3314.28  0.2976339149220188   
  3314.78  0.2975576194042858   
  3315.28  0.29748130584611715  
  3315.78  0.2974050724458288   
  3316.28  0.29732887006828984  
  3316.78  0.2972526496582983   
  3317.28  0.29717650929432543  
  3317.78  0.2971003509032283   
  3318.28  0.2970242724836842   
  3318.78  0.29694817604234874  
  3319.28  0.2968721594981942   
  3319.78  0.2967961249375855   
  3320.28  0.2967201701998788   
  3320.78  0.2966442463296381   
  3321.28  0.2965683044509568   
  3321.78  0.2964924422839454   
  3322.28  0.29641656211384165  
  3322.78  0.2963407615813616   
  3323.28  0.2962649430511417   
  3323.78  0.2961892040845919   
  3324.28  0.29611344712565935  
  3324.78  0.2960377696565357   
  3325.28  0.295962122900581    
  3325.78  0.29588645816028636  
  3326.28  0.29581087279919427  
  3326.78  0.2957352694591302   
  3327.28  0.2956597454246384   
  3327.78  0.2955842034165468   
  3328.28  0.29550874064048943  
  3328.78  0.2954332598962086   
  3329.28  0.29535785831051586  
  3329.78  0.29528248728467305  
  3330.28  0.2952070982986785   
  3330.78  0.29513178836128673  
  3331.28  0.2950564604691302   
  3331.78  0.2949812115523594   
  3332.28  0.2949059446862151   
  3332.78  0.2948307567223311   
  3333.28  0.29475555081446897  
  3333.78  0.29468042373583286  
  3334.28  0.2946053270646989   
  3334.78  0.29453021245768657  
  3335.28  0.29445517657053183  
  3335.78  0.2943801227529045   
  3336.28  0.29430514758232806  
  3336.78  0.294230154486689    
  3337.28  0.2941552399653851   
  3337.78  0.2940803075244323   
  3338.28  0.29400545358518965  
  3338.78  0.29393062990206453  
  3339.28  0.29385578830741815  
  3339.78  0.29378102510572557  
  3340.28  0.2937062439979358   
  3340.78  0.2936315412107008   
  3341.28  0.29355682052279664  
  3341.78  0.2934821780831382   
  3342.28  0.2934075177482427   
  3342.78  0.2933329355893741   
  3343.28  0.2932583835361946   
  3343.78  0.29318381359593276  
  3344.28  0.2931093217235495   
  3344.78  0.29303481196952574  
  3345.28  0.2929603802113862   
  3345.79  0.2928844457227421   
  3346.29  0.29281007461117764  
  3346.79  0.29273568562892277  
  3347.29  0.2926613744981156   
  3347.79  0.29258704550207165  
  3348.29  0.29251279428575006  
  3348.79  0.29243857299221726  
  3349.29  0.2923643338416346   
  3349.79  0.29229017236336485  
  3350.29  0.29221599303350854  
  3350.79  0.2921418913044623   
  3351.29  0.29206777172929665  
  3351.79  0.291993729683527    
  3352.29  0.2919196697971089   
  3352.79  0.2918456873687613   
  3353.29  0.2917717347148747   
  3353.79  0.2916977642285524   
  3354.29  0.2916238710934897   
  3354.79  0.29154996013147166  
  3355.29  0.29147612644960874  
  3355.79  0.2914022749462746   
  3356.29  0.29132850065207927  
  3356.79  0.2912547085419005   
  3357.29  0.29118099356993216  
  3357.79  0.291107260787472    
  3358.29  0.29103360507238185  
  3358.79  0.2909599789517279   
  3359.29  0.29088633502882544  
  3359.79  0.29081276806720807  
  3360.29  0.29073918330884285  
  3360.79  0.29066567544114147  
  3361.29  0.29059214978219644  
  3361.79  0.2905187009433812   
  3362.29  0.2904452343188304   
  3362.79  0.29037184444396263  
  3363.29  0.2902984840172665   
  3363.79  0.2902251058131024   
  3364.29  0.290151804253126    
  3364.79  0.29007848492119853  
  3365.29  0.2900052421632296   
  3365.79  0.28993198163883     
  3366.29  0.28985879761824657  
  3366.79  0.28978559583675645  
  3367.29  0.2897124704890268   
  3367.79  0.2896393744441211   
  3368.29  0.2895662606466003   
  3368.79  0.28949322317792975  
  3369.29  0.28942016796217696  
  3369.79  0.28934718900543466  
  3370.29  0.28927419230714624  
  3370.79  0.28920127179811494  
  3371.29  0.28912833355307704  
  3371.79  0.28905547142762883  
  3372.29  0.28898263846056693  
  3372.79  0.28890978776581344  
  3373.29  0.2888370130863207   
  3373.79  0.28876422068468455  
  3374.29  0.28869150422885625  
  3374.79  0.288618770056436    
  3375.29  0.28854611176045625  
  3375.79  0.28847343575343953  
  3376.29  0.2884008355535815   
  3376.79  0.28832826436857534  
  3377.29  0.28825567548087     
  3377.79  0.2881831622965716   
  3378.29  0.2881106314151371   
  3378.79  0.2880381761680408   
  3379.29  0.2879657032293749   
  3379.79  0.28789330585606343  
  3380.29  0.2878208907967523   
  3380.79  0.28774855123389653  
  3381.29  0.28767624054325464  
  3381.79  0.2876039121749731   
  3382.29  0.28753165919996837  
  3382.79  0.287459388552902    
  3383.29  0.287387193230425    
  3383.79  0.28731498024146757  
  3384.29  0.2872428425084966   
  3384.79  0.28717068711462956  
  3385.29  0.2870986069082303   
  3385.79  0.2870265554322964   
  3386.29  0.2869544863038481   
  3386.79  0.28688249226025825  
  3387.29  0.2868104805697464   
  3387.79  0.28673854389578446  
  3388.29  0.28666658958049596  
  3388.79  0.2865947102135326   
  3389.29  0.2865228132108414   
  3389.79  0.28645099108833416  
  3390.29  0.28637919755542657  
  3390.79  0.28630738639519404  
  3391.29  0.2862356500131014   
  3391.79  0.28616389600929026  
  3392.29  0.2860922167156867   
  3392.79  0.2860205198059739   
  3393.29  0.28594889753861963  
  3393.79  0.2858772576607687   
  3394.29  0.28580569235751013  
  3394.79  0.2857341094493704   
  3395.29  0.28566260104814     
  3395.79  0.2855911210655282   
  3396.29  0.28551962348646326  
  3396.79  0.28544820031294926  
  3397.29  0.28537675954860536  
  3397.79  0.2853053931223361   
  3398.29  0.28523400911086294  
  3398.79  0.28516269937007094  
  3399.29  0.285091372049704    
  3399.79  0.2850201189327069   
  3400.29  0.2849488940954008   
  3400.79  0.2848776516869678   
  3401.29  0.28480648338110304  
  3401.79  0.2847352975097478   
  3402.29  0.28466418567385493  
  3402.79  0.2845930562781108   
  3403.29  0.2845220008508054   
  3403.79  0.2844509278692908   
  3404.29  0.2843799287892731   
  3404.79  0.2843089578508803   
  3405.29  0.2842379693667459   
  3405.79  0.2841670546838594   
  3406.29  0.2840961224608807   
  3406.79  0.284025263972412    
  3407.29  0.2839543879495032   
  3407.79  0.283883585594448    
  3408.29  0.2838127657106075   
  3408.79  0.2837420194280455   
  3409.29  0.2836713011498975   
  3409.79  0.283600565351451    
  3410.29  0.28352990305458303  
  3410.79  0.2834592232430783   
  3411.29  0.28338861686677985  
  3411.79  0.2833179929815092   
  3412.29  0.28324744246515315  
  3412.79  0.2831768744454923   
  3413.29  0.28310637972853503  
  3413.79  0.2830359128796296   
  3414.29  0.28296542853592466  
  3414.79  0.2828950173957687   
  3415.29  0.2828245887664875   
  3415.79  0.28275423327474547  
  3416.29  0.28268386029955506  
  3416.79  0.2826135603959747   
  3417.29  0.28254324301462524  
  3417.79  0.28247299863903674  
  3418.29  0.28240278199598007  
  3418.79  0.28233254788367773  
  3419.29  0.28226238667852316  
  3419.79  0.282192208009809    
  3420.29  0.28212210218259337  
  3420.79  0.2820519788975069   
  3421.29  0.28198192838834935  
  3421.79  0.2819118604270123   
  3422.29  0.28184186517611437  
  3422.79  0.2817718975230644   
  3423.29  0.2817019124263759   
  3423.79  0.2816319999420511   
  3424.29  0.2815620700197855   
  3424.79  0.2814922126445923   
  3425.29  0.28142233783715853  
  3425.79  0.28135253551158507  
  3426.29  0.2812827157594738   
  3426.79  0.28121296842408977  
  3427.3   0.28114181224389795  
  3427.8   0.28107212038712664  
  3428.3   0.28100245596441953  
  3428.8   0.2809327741294987   
  3429.3   0.28086316454818055  
  3429.8   0.2807935375603602   
  3430.3   0.28072398276128613  
  3430.8   0.2806544105614239   
  3431.3   0.28058491048552997  
  3431.8   0.2805153930145644   
  3432.3   0.2804459476028677   
  3432.8   0.28037648480181815  
  3433.3   0.2803070939954163   
  3433.8   0.28023773046082084  
  3434.3   0.28016834954545444  
  3434.8   0.2800990405279609   
  3435.3   0.2800297141354215   
  3435.8   0.27996045957632887  
  3436.3   0.2798911876479177   
  3436.8   0.27982198748860526  
  3437.3   0.27975276996570386  
  3437.8   0.2796836241476309   
  3438.3   0.27961450546951455  
  3438.8   0.27954536943640707  
  3439.3   0.27947630501187853  
  3439.8   0.2794072232380944   
  3440.3   0.2793382130088129   
  3440.8   0.2792691854360136   
  3441.3   0.2792002293437177   
  3441.8   0.27913125591364424  
  3442.3   0.2790623539001525   
  3442.8   0.278993478895576    
  3443.3   0.27892458656183533  
  3443.8   0.2788557655489485   
  3444.3   0.27878692721264325  
  3444.8   0.2787181601334626   
  3445.3   0.27864937573661164  
  3445.8   0.27858066253323277  
  3446.3   0.2785119320179338   
  3446.8   0.27844327263253144  
  3447.3   0.27837464012580576  
  3447.8   0.2783059903157886   
  3448.3   0.27823741154045833  
  3448.8   0.27816881546759215  
  3449.3   0.2781002903660284   
  3449.8   0.2780317479726868   
  3450.3   0.2779632764873396   
  3450.8   0.27789478771597453  
  3451.3   0.2778263697893719   
  3451.8   0.2777579786120044   
  3452.3   0.27768957015726226  
  3452.8   0.27762123245258763  
  3453.3   0.2775528774763038   
  3453.8   0.2774845931870455   
  3454.3   0.2774162916319456   
  3454.8   0.2773480607009051   
  3455.3   0.2772798125097927   
  3455.8   0.27721163487984923  
  3456.3   0.2771434838704898   
  3456.8   0.2770753156097161   
  3457.3   0.27700721781592724  
  3457.8   0.2769391027764989   
  3458.3   0.2768710581413538   
  3458.8   0.276802996266346    
  3459.3   0.2767350047329951   
  3459.8   0.2766669959655604   
  3460.3   0.2765990574772312   
  3460.8   0.27653114548162006  
  3461.3   0.27646321626059644  
  3461.8   0.27639535722500225  
  3462.3   0.27632748096977944  
  3462.8   0.27625967483762204  
  3463.3   0.2761918514916221   
  3463.8   0.27612409820639855  
  3464.3   0.2760563277131203   
  3464.8   0.2759886272184039   
  3465.3   0.2759209530893188   
  3465.8   0.2758532617608637   
  3466.3   0.27578564033779857  
  3466.8   0.2757180017211562   
  3467.3   0.2756504329478755   
  3467.8   0.27558284698681235  
  3468.3   0.27551533080715673  
  3468.8   0.27544779744551545  
  3469.3   0.2753803338034018   
  3469.8   0.275312896400606    
  3470.3   0.2752454418245221   
  3470.8   0.27517805687529473  
  3471.3   0.2751106547585806   
  3471.8   0.27504332220702815  
  3472.3   0.2749759724937921   
  3472.8   0.27490869228409653  
  3473.3   0.27484139491852255  
  3473.8   0.27477416699494145  
  3474.3   0.27470692192128876  
  3474.8   0.274639746228155    
  3475.3   0.274572596620997    
  3475.8   0.27450542987248033  
  3476.3   0.2744383324124191   
  3476.8   0.2743712178168107   
  3477.3   0.274304172448367    
  3477.8   0.2742371099501895   
  3478.3   0.2741701166179593   
  3478.8   0.2741031061618102   
  3479.3   0.27403616481046406  
  3479.8   0.27396924942047857  
  3480.3   0.27390231691529915  
  3480.8   0.2738354534233525   
  3481.3   0.27376857282203143  
  3481.8   0.2737017611729809   
  3482.3   0.27363493242037706  
  3482.8   0.2735681725591542   
  3483.3   0.2735013956002009   
  3483.8   0.27343468747181154  
  3484.3   0.27336800518092297  
  3484.8   0.2733013058010405   
  3485.3   0.273234675160642    
  3485.8   0.27316802743707685  
  3486.3   0.27310144839235945  
  3486.8   0.2730348522703043   
  3487.3   0.2729683247665328   
  3487.8   0.27290178019125416  
  3488.3   0.27283530417376733  
  3488.8   0.2727688538706712   
  3489.3   0.27270238650481543  
  3489.8   0.27263598760615854  
  3490.3   0.2725695716505767   
  3490.8   0.2725032241018815   
  3491.3   0.27243685950209756  
  3491.8   0.2723705632489598   
  3492.3   0.2723042499505712   
  3492.8   0.27223800493865985  
  3493.3   0.27217178551877297  
  3493.8   0.2721055490623939   
  3494.3   0.2720393808023826   
  3494.8   0.27197319551172083  
  3495.3   0.27190707835743627  
  3495.8   0.27184094417834476  
  3496.3   0.27177487807571127  
  3496.8   0.27170879495411565  
  3497.3   0.27164277984913016  
  3497.8   0.2715767902145418   
  3498.3   0.2715107835697605   
  3498.8   0.27144484485195997  
  3499.3   0.2713788891298151   
  3499.8   0.2713130012749803   
  3500.3   0.27124709642165146  
  3500.8   0.27118125937603266  
  3501.3   0.27111540533777145  
  3501.8   0.2710496190476909   
  3502.3   0.27098385810711356  
  3502.8   0.2709180801826733   
  3503.3   0.27085236991726147  
  3503.8   0.27078664267384195  
  3504.3   0.2707209830300976   
  3504.8   0.27065530641420255  
  3505.3   0.2705896973386997   
  3505.8   0.2705240712969043   
  3506.3   0.27045851273628835  
  3506.8   0.2703929794050096   
  3507.3   0.2703274291162274   
  3507.8   0.27026194621994637  
  3508.3   0.2701964463720237   
  3508.81  0.27012970799145397  
  3509.31  0.27006425903369013  
  3509.81  0.26999887734983347  
  3510.31  0.26993347872612156  
  3510.81  0.2698681473174192   
  3511.31  0.2698027989747276   
  3511.81  0.26973751778821736  
  3512.31  0.26967221967358523  
  3512.81  0.2696069886563761   
  3513.31  0.26954178269594026  
  3513.81  0.26947655981618496  
  3514.31  0.26941140394585433  
  3514.81  0.26934623116207496  
  3515.31  0.2692811253291349   
  3515.81  0.2692160025886181   
  3516.31  0.26915094674042456  
  3516.81  0.2690858739905275   
  3517.31  0.2690208680745066   
  3517.81  0.26895588709685175  
  3518.31  0.26889088922630483  
  3518.81  0.26882595810210197  
  3519.31  0.26876101009088355  
  3519.81  0.2686961287677342   
  3520.31  0.268631230563447    
  3520.81  0.2685663989890225   
  3521.31  0.2685015505393393   
  3521.81  0.26843676866138105  
  3522.31  0.26837201160409146  
  3522.81  0.26830723768036313  
  3523.31  0.26824253024129074  
  3523.81  0.2681778059416617   
  3524.31  0.2681131480687217   
  3524.81  0.2680484733411085   
  3525.31  0.2679838649822858   
  3525.81  0.26791923977467436  
  3526.31  0.267854680878023    
  3526.81  0.26779014668504775  
  3527.31  0.2677255956521118   
  3527.81  0.267661110843527    
  3528.31  0.2675966092008691   
  3528.81  0.2675321737249017   
  3529.31  0.26746772142074976  
  3529.81  0.26740333522569554  
  3530.31  0.2673389322083466   
  3530.81  0.2672745952425702   
  3531.31  0.26721028286417686  
  3531.81  0.26714595367232463  
  3532.31  0.2670816904458931   
  3532.81  0.2670174104118953   
  3533.31  0.2669531962859617   
  3533.81  0.2668889653583556   
  3534.31  0.26682480028152455  
  3534.81  0.2667606184089158   
  3535.31  0.2666965023298602   
  3535.81  0.2666324107225892   
  3536.31  0.2665683023283838   
  3536.81  0.2665042596420336   
  3537.31  0.26644020017464676  
  3537.81  0.2663762063580607   
  3538.31  0.2663121957663365   
  3538.81  0.26624825076842573  
  3539.31  0.26618428900127644  
  3539.81  0.2661203927710199   
  3540.31  0.26605652089763887  
  3540.81  0.2659926322638699   
  3541.31  0.26592880908174665  
  3541.81  0.2658649691451377   
  3542.31  0.26580119460342033  
  3542.81  0.26573740331312046  
  3543.31  0.2656736773610244   
  3543.81  0.26560993466625005  
  3544.31  0.2655462572530582   
  3544.81  0.26548260408251734  
  3545.31  0.26541893417815554  
  3545.81  0.2653553294705772   
  3546.31  0.2652917080350846   
  3546.81  0.26522815173991954  
  3547.31  0.2651645787227478   
  3547.81  0.2651010707895135   
  3548.31  0.2650375461401812   
  3548.81  0.26497408651846227  
  3549.31  0.2649106101865549   
  3549.81  0.2648471988260024   
  3550.31  0.26478381156941483  
  3550.81  0.26472040761150395  
  3551.31  0.26465706854069276  
  3551.81  0.2645937127744701   
  3552.31  0.2645304218392528   
  3552.81  0.2644671142145369   
  3553.31  0.2644038713647975   
  3553.81  0.2643406118314731   
  3554.31  0.2642774170171619   
  3554.81  0.2642142461940945   
  3555.31  0.2641510586963135   
  3555.81  0.2640879358337316   
  3556.31  0.2640247963023519   
  3556.81  0.263961721350371    
  3557.31  0.263898629735509    
  3557.81  0.2638356026443102   
  3558.31  0.263772558896148    
  3558.81  0.2637095796159786   
  3559.31  0.26364662421500085  
  3559.81  0.26358365216593654  
  3560.31  0.2635207445014899   
  3560.81  0.2634578201948763   
  3561.31  0.26339496021737163  
  3561.81  0.2633320836036206   
  3562.31  0.26326927126353455  
  3562.81  0.26320644229312334  
  3563.31  0.2631436775409976   
  3563.81  0.26308093655667547  
  3564.31  0.26301817895091056  
  3564.81  0.2629554854804916   
  3565.31  0.26289277539455314  
  3565.81  0.26283012938874206  
  3566.31  0.26276746677333546  
  3566.81  0.2627048681829018   
  3567.31  0.2626422529887973   
  3567.81  0.2625797017645755   
  3568.31  0.26251717419742815  
  3568.81  0.2624546300354975   
  3569.31  0.2623921497609428   
  3569.81  0.2623296528975315   
  3570.31  0.2622672198665656   
  3570.81  0.2622047702526703   
  3571.31  0.2621423844163537   
  3571.81  0.2620799820030357   
  3572.31  0.2620176433124933   
  3572.81  0.26195532816895073  
  3573.31  0.26189299645729924  
  3573.81  0.2618307283863466   
  3574.31  0.2617684437532148   
  3574.81  0.26170622270613747  
  3575.31  0.2616439851028114   
  3575.81  0.26158181103095884  
  3576.31  0.2615196204087886   
  3576.81  0.2614574932635742   
  3577.31  0.2613953895559348   
  3577.81  0.26133326930687467  
  3578.31  0.26127121245312085  
  3578.81  0.26120913906387894  
  3579.31  0.26114712901558335  
  3579.81  0.26108510243773314  
  3580.31  0.261023139146532    
  3580.81  0.26096115933171027  
  3581.31  0.26089924274930343  
  3581.81  0.260837349495692    
  3582.31  0.26077543972736095  
  3582.81  0.2607135931102198   
  3583.31  0.26065172998429464  
  3583.81  0.26058992995548175  
  3584.31  0.2605281134238209   
  3584.81  0.26046635993525724  
  3585.31  0.26040458994978233  
  3585.81  0.2603428829534521   
  3586.31  0.26028119917777803  
  3586.81  0.2602194989140978   
  3587.31  0.2601578615587588   
  3587.81  0.2600962077213516   
  3588.31  0.26003461673848877  
  3588.81  0.25997300927949635  
  3589.31  0.25991146462131337  
  3589.81  0.25984990349294007  
  3590.31  0.2597884051117035   
  3590.82  0.2597256633714504   
  3591.32  0.2596642116805      
  3591.82  0.2596027435312985   
  3592.32  0.25954133802153967  
  3592.82  0.25947995557711895  
  3593.32  0.25941855668335717  
  3593.82  0.25935722034884     
  3594.32  0.25929586757092327  
  3594.82  0.25923457729885696  
  3595.32  0.2591732705893329   
  3595.82  0.2591120263323267   
  3596.32  0.25905076564380525  
  3596.82  0.25898956735453027  
  3597.32  0.25892839202400214  
  3597.82  0.2588672002708723   
  3598.32  0.2588060708372057   
  3598.82  0.2587449249868809   
  3599.32  0.25868384140290135  
  3599.82  0.2586227414082076   
  3600.32  0.2585617036268023   
  3600.82  0.25850064944062723  
  3601.32  0.2584396574147447   
  3601.82  0.2583786882416427   
  3602.32  0.2583177026726874   
  3602.82  0.2582567791846537   
  3603.32  0.25819583930671214  
  3603.82  0.25813496145684856  
  3604.32  0.25807406722302306  
  3604.82  0.2580132349644926   
  3605.32  0.2579523863279465   
  3605.82  0.2578915996139731   
  3606.32  0.25783083564743464  
  3606.82  0.25777005531179964  
  3607.32  0.25770933681977604  
  3607.82  0.2576486019646032   
  3608.32  0.2575879289004708   
  3608.82  0.2575272394791367   
  3609.32  0.25746661179633235  
  3609.82  0.25740596776227426  
  3610.32  0.25734538541429547  
  3610.82  0.25728482570902184  
  3611.32  0.257224249661416    
  3611.82  0.2571637352213351   
  3612.32  0.25710320444487084  
  3612.82  0.2570427352236313   
  3613.32  0.25698224967195754  
  3613.82  0.25692182562326826  
  3614.32  0.2568613852500941   
  3614.82  0.2568010063277242   
  3615.32  0.2567406499439414   
  3615.82  0.2566802772445976   
  3616.32  0.2566199659179078   
  3616.82  0.25655963828160705  
  3617.32  0.25649937196592937  
  3617.82  0.2564390893465911   
  3618.32  0.25637886799590437  
  3618.82  0.25631863034750785  
  3619.32  0.2562584539158509   
  3619.82  0.2561982999192706   
  3620.32  0.2561381296339061   
  3620.82  0.2560780204875328   
  3621.32  0.2560178950583266   
  3621.82  0.25595783071634787  
  3622.32  0.2558977500974879   
  3622.82  0.2558377305141509   
  3623.32  0.2557776946598845   
  3623.82  0.2557177197894956   
  3624.32  0.25565776725127604  
  3624.82  0.2555977984510543   
  3625.32  0.25553789055736087  
  3625.82  0.25547796640761766  
  3626.32  0.2554181031129047   
  3626.82  0.2553582235680945   
  3627.32  0.2552984048268754   
  3627.82  0.25523856984151183  
  3628.32  0.2551787956083587   
  3628.82  0.25511900513701424  
  3629.32  0.25505927536655826  
  3629.82  0.25499956780330796  
  3630.32  0.2549398440107951   
  3630.82  0.2548801808423059   
  3631.32  0.2548205014505076   
  3631.82  0.2547608826315573   
  3632.32  0.2547012475952514   
  3632.82  0.2546416730806761   
  3633.32  0.25458208235469904  
  3633.82  0.2545225520993934   
  3634.32  0.25446304394971114  
  3634.82  0.25440351959755697  
  3635.32  0.25434405563960283  
  3635.82  0.25428457548513095  
  3636.32  0.2542251556739452   
  3636.82  0.254165719672196    
  3637.32  0.25410634396287696  
  3637.82  0.25404695206894873  
  3638.32  0.2539876204166528   
  3638.82  0.2539283107689873   
  3639.32  0.2538689849456434   
  3639.82  0.2538097192878512   
  3640.32  0.25375043746033515  
  3640.82  0.2536912157477171   
  3641.32  0.25363197787132985  
  3641.82  0.2535728000592446   
  3642.32  0.25351360608934487  
  3642.82  0.2534544721332085   
  3643.32  0.25339536008129526  
  3643.82  0.25333623188049875  
  3644.32  0.25327716361777364  
  3644.82  0.2532180792121202   
  3645.32  0.2531590546941429   
  3645.82  0.2531000140391923   
  3646.32  0.2530410332215799   
  3646.82  0.2529820362729492   
  3647.32  0.2529230991113759   
  3647.82  0.25286418375419945  
  3648.32  0.25280525227493633  
  3648.82  0.25274638050742443  
  3649.32  0.25268749262378093  
  3649.82  0.25262866440175036  
  3650.32  0.25256982006954326  
  3650.82  0.2525110353488676   
  3651.32  0.25245223452397053  
  3651.82  0.25239349326058025  
  3652.32  0.25233477370233787  
  3652.82  0.25227603804880583  
  3653.32  0.25221736188185784  
  3653.82  0.2521586696255752   
  3654.32  0.2521000368059935   
  3654.82  0.25204138790303227  
  3655.32  0.25198279838694543  
  3655.82  0.251924192793434    
  3656.32  0.25186564653702675  
  3656.82  0.2518071218870917   
  3657.32  0.2517485811686636   
  3657.82  0.25169009971279804  
  3658.32  0.2516316021943944   
  3658.82  0.2515731638889237   
  3659.32  0.2515147095268699   
  3659.82  0.25145631432817567  
  3660.32  0.25139790307885307  
  3660.82  0.2513395509433728   
  3661.32  0.25128122031625794  
  3661.82  0.2512228736474459   
  3662.32  0.251164586018313    
  3662.82  0.25110628235343757  
  3663.32  0.25104803767886374  
  3663.82  0.2509897769745019   
  3664.32  0.2509315752111199   
  3664.82  0.2508733574239044   
  3665.32  0.2508151985284026   
  3665.82  0.25075702361502167  
  3666.32  0.25069890754414403  
  3666.82  0.25064081286249     
  3667.32  0.2505827021718872   
  3667.82  0.250524650250084    
  3668.32  0.25046658232528607  
  3668.82  0.250408573120216    
  3669.32  0.2503505479181051   
  3669.82  0.2502925813867057   
  3670.32  0.2502345988642193   
  3670.82  0.25017667496348306  
  3671.32  0.2501187723551145   
  3671.82  0.25006085376458836  
  3672.33  0.2500018389735196   
  3672.83  0.24994396337975616  
  3673.33  0.24988614628510236  
  3673.83  0.24982831322025714  
  3674.33  0.24977053860575374  
  3674.83  0.24971274802701207  
  3675.33  0.2496550158498993   
  3675.83  0.24959726771450114  
  3676.33  0.24953957793207387  
  3676.83  0.24948190932417635  
  3677.33  0.24942422476692158  
  3677.83  0.24936659848976103  
  3678.33  0.2493089562691956   
  3678.83  0.2492513722802031   
  3679.33  0.24919377235375803  
  3679.83  0.2491362306104191   
  3680.33  0.24907867293557961  
  3680.83  0.249021173395434    
  3681.33  0.24896369493419465  
  3681.83  0.2489062005503814   
  3682.33  0.24884876422875343  
  3682.83  0.2487913119905031   
  3683.33  0.24873391776616163  
  3683.83  0.24867650763114907  
  3684.33  0.24861915546182317  
  3684.83  0.24856178738777723  
  3685.33  0.2485044772312499   
  3685.83  0.24844718805855315  
  3686.33  0.24838988299006137  
  3686.83  0.24833263576694528  
  3687.33  0.24827537265398464  
  3687.83  0.24821816733836666  
  3688.33  0.2481609461388542   
  3688.83  0.24810378268870525  
  3689.33  0.24804660336061174  
  3689.83  0.24798948173395635  
  3690.33  0.2479323809965999   
  3690.83  0.24787526439022212  
  3691.33  0.2478182054135029   
  3691.83  0.24776113057371152  
  3692.33  0.24770411331578754  
  3692.83  0.24764708020074022  
  3693.33  0.24759010461982264  
  3693.83  0.2475331131877303   
  3694.33  0.24747617924208348  
  3694.83  0.24741926609174425  
  3695.33  0.24736233709915154  
  3695.83  0.2473054655215858   
  3696.33  0.24724857810771433  
  3696.83  0.247191748061319    
  3697.33  0.24713490218456538  
  3697.83  0.24707811362779017  
  3698.33  0.24702130924660376  
  3698.83  0.24696456213795126  
  3699.33  0.24690783573115155  
  3699.83  0.24685109350885973  
  3700.33  0.246794408488042    
  3700.83  0.24673770765767838  
  3701.33  0.24668106398147677  
  3701.83  0.2466244045016752   
  3702.33  0.24656780212877638  
  3702.83  0.2465111839582231   
  3703.33  0.24645462284736616  
  3703.83  0.24639808234544014  
  3704.33  0.2463415260547763   
  3704.83  0.24628502675310554  
  3705.33  0.24622851166864154  
  3705.83  0.24617205352609584  
  3706.33  0.24611557960670108  
  3706.83  0.24605916258220237  
  3707.33  0.2460027297867984   
  3707.83  0.24594635383932067  
  3708.33  0.24588996212688108  
  3708.83  0.2458336272154503   
  3709.33  0.24577731280009676  
  3709.83  0.2457209826286948   
  3710.33  0.24566470918803102  
  3710.83  0.24560841999726124  
  3711.33  0.24555218749044289  
  3711.83  0.24549593923946045  
  3712.33  0.24543974762569476  
  3712.83  0.24538354027370654  
  3713.33  0.24532738951225244  
  3713.83  0.24527125915512465  
  3714.33  0.24521511306868488  
  3714.83  0.2451590235028602   
  3715.33  0.24510291821366398  
  3715.83  0.24504686939853004  
  3716.33  0.24499080486596456  
  3716.83  0.2449347967609603   
  3717.33  0.24487877294446406  
  3717.83  0.2448228055090798   
  3718.33  0.244766858386792    
  3718.83  0.2447108955619197   
  3719.33  0.24465498904858968  
  3719.83  0.24459906683861346  
  3720.33  0.24454320089385928  
  3720.83  0.24448731925839678  
  3721.33  0.2444314938418875   
  3721.83  0.24437565274060732  
  3722.33  0.24431986781206286  
  3722.83  0.24426410310590263  
  3723.33  0.24420832272387571  
  3723.83  0.24415259844536205  
  3724.33  0.2440968584969179   
  3724.83  0.24404117460589778  
  3725.33  0.24398547505088278  
  3725.83  0.24392983150725372  
  3726.33  0.24387417230556493  
  3726.83  0.2438185690692751   
  3727.33  0.2437629859651711   
  3727.83  0.24370738721190818  
  3728.33  0.24365184435516665  
  3728.83  0.24359628585520005  
  3729.33  0.2435407832058952   
  3729.83  0.2434852649192986   
  3730.33  0.24342980243755494  
  3730.83  0.24337432432445227  
  3731.33  0.2433189019704446   
  3731.83  0.24326349965893482  
  3732.33  0.24320808172496317  
  3732.83  0.2431527194815518   
  3733.33  0.24309734162160992  
  3733.83  0.2430420194065969   
  3734.33  0.24298668158098416  
  3734.83  0.24293139935471936  
  3735.33  0.2428761015237851   
  3735.83  0.24282085924666827  
  3736.33  0.2427656369228684   
  3736.83  0.24271039900329244  
  3737.33  0.24265521656933992  
  3737.83  0.2426000185455401   
  3738.33  0.24254487596195903  
  3738.83  0.2424897177944589   
  3739.33  0.24243461502182306  
  3739.83  0.24237949667119577  
  3740.33  0.24232443367012835  
  3740.83  0.24226939053370034  
  3741.33  0.2422143318281703   
  3741.83  0.24215932840434468  
  3742.33  0.24210430941734315  
  3742.83  0.24204934566686667  
  3743.33  0.24199436635913982  
  3743.83  0.24193944224280853  
  3744.33  0.24188450257515173  
  3744.83  0.2418296180538109   
  3745.33  0.2417747179870688   
  3745.83  0.2417198730216127   
  3746.33  0.24166504781309045  
  3746.83  0.24161020706805114  
  3747.33  0.2415554213568534   
  3747.83  0.24150062011506135  
  3748.33  0.24144587386220498  
  3748.83  0.24139111208467628  
  3749.33  0.241336405251227    
  3749.83  0.2412816828990267   
  3750.33  0.24122701544609895  
  3750.83  0.241172367662534    
  3751.33  0.24111770436909793  
  3751.83  0.2410630959078238   
  3752.33  0.24100847194259822  
  3752.83  0.240953902764851    
  3753.33  0.24089931808907145  
  3753.84  0.24084369986381016  
  3754.34  0.24078915483018862  
  3754.84  0.24073466449438113  
  3755.34  0.24068015867243636  
  3755.84  0.24062570750376996  
  3756.34  0.24057127589791055  
  3756.84  0.24051682881478817  
  3757.34  0.24046243631823955  
  3757.84  0.24040802835034392  
  3758.34  0.24035367492460863  
  3758.84  0.2402993060334416   
  3759.34  0.24024499164007038  
  3759.84  0.24019066178718196  
  3760.34  0.24013638638777357  
  3760.84  0.2400821304646921   
  3761.34  0.24002785909096291  
  3761.84  0.23997364210433855  
  3762.34  0.23991940967297917  
  3762.84  0.2398652315845304   
  3763.34  0.23981103805725867  
  3763.84  0.2397568988287519   
  3764.34  0.23970274416733345  
  3764.84  0.23964864376058273  
  3765.34  0.2395945627441639   
  3765.84  0.239540466303698    
  3766.34  0.2394864240518518   
  3766.84  0.23943236638186796  
  3767.34  0.23937836285652753  
  3767.84  0.23932434391895807  
  3768.34  0.23927037908210388  
  3768.84  0.23921639883892862  
  3769.34  0.23916247265258864  
  3769.84  0.23910856577106723  
  3770.34  0.23905464349208427  
  3770.84  0.2390007752042138   
  3771.34  0.23894689152478776  
  3771.84  0.23889306179271438  
  3772.34  0.23883921667499064  
  3772.84  0.23878542546090759  
  3773.34  0.23873161886707867  
  3773.84  0.2386778661332263   
  3774.34  0.23862413261915771  
  3774.84  0.23857038373419745  
  3775.34  0.23851668864381426  
  3775.84  0.2384629781884419   
  3776.34  0.23840932148410185  
  3776.84  0.2383556494206743   
  3777.34  0.23830203106478198  
  3777.84  0.23824839735570302  
  3778.34  0.23819481731070974  
  3778.84  0.2381412564009406   
  3779.34  0.23808768014683368  
  3779.84  0.23803415749173412  
  3780.34  0.2379806194981956   
  3780.84  0.23792713506033353  
  3781.34  0.23787363528993052  
  3781.84  0.23782018903192037  
  3782.34  0.23776672744726648  
  3782.84  0.23771331933176912  
  3783.34  0.23765993026740834  
  3783.84  0.23760652588524706  
  3784.34  0.23755317490748326  
  3784.84  0.2374998086178141   
  3785.34  0.237446495689424    
  3785.84  0.23739316745502279  
  3786.34  0.23733989253882923  
  3786.84  0.23728660232251797  
  3787.34  0.23723336538138998  
  3787.84  0.23718011314603682  
  3788.34  0.23712691414288944  
  3788.84  0.23707373408874058  
  3789.34  0.2370205387492028   
  3789.84  0.23696739657749935  
  3790.34  0.23691423912629736  
  3790.84  0.23686113480006912  
  3791.34  0.23680801520023187  
  3791.84  0.23675494868255462  
  3792.34  0.236701866897157    
  3792.84  0.2366488381511522   
  3793.34  0.2365958282710959   
  3793.84  0.2365428031321496   
  3794.34  0.2364898309685395   
  3794.84  0.2364368435519258   
  3795.34  0.23638390906799744  
  3795.84  0.236330959336951    
  3796.34  0.23627806249598543  
  3796.84  0.23622515041378642  
  3797.34  0.23617229117911012  
  3797.84  0.23611945072779408  
  3798.34  0.2360665950440689   
  3798.84  0.23601379214412285  
  3799.34  0.23596097401764998  
  3799.84  0.23590820863251363  
  3800.34  0.23585542802673193  
  3800.84  0.23580270011989032  
  3801.34  0.23574995699828385  
  3801.84  0.23569726653326709  
  3802.34  0.2356445947694811   
  3802.84  0.23559190779974834  
  3803.34  0.23553927342317274  
  3803.84  0.23548662384652858  
  3804.34  0.235434026820806    
  3804.84  0.23538141460089212  
  3805.34  0.23532885488971014  
  3805.84  0.2352762799902132   
  3806.34  0.2352237575573042   
  3806.84  0.23517125374395215  
  3807.34  0.2351187347510968   
  3807.84  0.23506626816170606  
  3808.34  0.23501378639868598  
  3808.84  0.23496135699710075  
  3809.34  0.23490891242775916  
  3809.84  0.23485652017786818  
  3810.34  0.23480411276609287  
  3810.84  0.23475175763182948  
  3811.34  0.2346994210359017   
  3811.84  0.2346470692868948   
  3812.34  0.23459476975258367  
  3812.84  0.23454245507106303  
  3813.34  0.23449019256241294  
  3813.84  0.2344379149124219   
  3814.34  0.23438568939352147  
  3814.84  0.23433344873914772  
  3815.34  0.2342812601741298   
  3815.84  0.23422909006667564  
  3816.34  0.23417690483254683  
  3816.84  0.23412477162526305  
  3817.34  0.23407262329716974  
  3817.84  0.23402052695429948  
  3818.34  0.2339684154964838   
  3818.84  0.23391635598231422  
  3819.34  0.23386428135906237  
  3819.84  0.23381225863792457  
  3820.34  0.23376025429402528  
  3820.84  0.23370823484983555  
  3821.34  0.2336562672455526   
  3821.84  0.23360428454683985  
  3822.34  0.23355235364661395  
  3822.84  0.23350040765781777  
  3823.34  0.2334485134261332   
  3823.84  0.2333966041117369   
  3824.34  0.2333447465131217   
  3824.84  0.2332928738376523   
  3825.34  0.23324105283667798  
  3825.84  0.23318925011536826  
  3826.34  0.23313743232598766  
  3826.84  0.2330856661492634   
  3827.34  0.23303388491032326  
  3827.84  0.23298215524286478  
  3828.34  0.23293041051904423  
  3828.84  0.23287871732557505  
  3829.34  0.23282700908159665  
  3829.84  0.2327753523268836   
  3830.34  0.2327237137724914   
  3830.84  0.23267206017636632  
  3831.34  0.23262045800796724  
  3831.84  0.23256884080368548  
  3832.34  0.2325172749861543   
  3832.84  0.23246569413858953  
  3833.34  0.23241416463684414  
  3833.84  0.23236262011091313  
  3834.34  0.23231112688991432  
  3834.84  0.2322596517903296   
  3835.35  0.23220713470818405  
  3835.85  0.23215569619816373  
  3836.35  0.23210424267863064  
  3836.85  0.23205284036160398  
  3837.35  0.23200142304090884  
  3837.85  0.23195005688198714  
  3838.35  0.2318986757252401   
  3838.85  0.2318473456895773   
  3839.35  0.23179600066193118  
  3839.85  0.23174470671472389  
  3840.35  0.23169343079290436  
  3840.85  0.23164213988786167  
  3841.35  0.23159090000237795  
  3841.85  0.23153964513951036  
  3842.35  0.2314884412556654   
  3842.85  0.23143722240027484  
  3843.35  0.23138605448341396  
  3843.85  0.2313348716008446   
  3844.35  0.2312837396163556   
  3844.85  0.23123262557930924  
  3845.35  0.23118149658530696  
  3845.85  0.23113041842879883  
  3846.35  0.23107932532116915  
  3846.85  0.23102828301069267  
  3847.35  0.2309772257549278   
  3847.85  0.23092621925601847  
  3848.35  0.23087519781765278  
  3848.85  0.23082422709588815  
  3849.35  0.23077327424404862  
  3849.85  0.23072230646149774  
  3850.35  0.2306713893352536   
  3850.85  0.23062045728412728  
  3851.35  0.230569575849161    
  3851.85  0.2305186794951406   
  3852.35  0.23046783371717652  
  3852.85  0.2304169730259853   
  3853.35  0.2303661628707896   
  3853.85  0.23031537050842632  
  3854.35  0.23026456324157316  
  3854.85  0.2302138064507112   
  3855.35  0.23016303476118344  
  3855.85  0.2301123135076933   
  3856.35  0.23006157736136015  
  3856.85  0.23001089161115373  
  3857.35  0.22996019097392603  
  3857.85  0.22990954069295688  
  3858.35  0.22985890812814938  
  3858.85  0.22980826068504998  
  3859.35  0.2297576635384932   
  3859.85  0.22970705151946325  
  3860.35  0.22965648975721417  
  3860.85  0.22960591312830955  
  3861.35  0.22955538671646655  
  3861.85  0.2295048454437844   
  3862.35  0.22945435434848707  
  3862.85  0.22940388089309985  
  3863.35  0.22935339258559492  
  3863.85  0.22930295439604542  
  3864.35  0.22925250136019162  
  3864.85  0.2292020984027223   
  3865.35  0.22915168060476088  
  3865.85  0.2291013128456552   
  3866.35  0.22905093025186843  
  3866.85  0.22900059765745082  
  3867.35  0.228950250234162    
  3867.85  0.22889995277079786  
  3868.35  0.22884967285471214  
  3868.85  0.2287993781184667   
  3869.35  0.22874913328306454  
  3869.85  0.22869887363330937  
  3870.35  0.2286486638450581   
  3870.85  0.22859843924825946  
  3871.35  0.22854826447366722  
  3871.85  0.22849807489633195  
  3872.35  0.22844793510194744  
  3872.85  0.22839781277951143  
  3873.35  0.22834767566303568  
  3873.85  0.228297588270712    
  3874.35  0.22824748609014983  
  3874.85  0.22819743359458858  
  3875.35  0.22814736631658888  
  3875.85  0.2280973486844806   
  3876.35  0.22804731627573266  
  3876.85  0.22799733347380818  
  3877.35  0.22794736806891258  
  3877.85  0.22789738789607228  
  3878.35  0.2278474572715378   
  3878.85  0.2277975118848543   
  3879.35  0.22774761600751256  
  3879.85  0.2276977053738162   
  3880.35  0.22764784421053894  
  3880.85  0.2275979682967002   
  3881.35  0.22754814181439922  
  3881.85  0.22749833265461514  
  3882.35  0.22744850875295602  
  3882.85  0.22739873422459642  
  3883.35  0.22734894496015187  
  3883.85  0.22729920503022866  
  3884.35  0.2272494503700092   
  3884.85  0.22719974500557416  
  3885.35  0.2271500249166304   
  3885.85  0.22710035408477514  
  3886.35  0.2270507005013296   
  3886.85  0.22700103220205328  
  3887.35  0.22695141310190486  
  3887.85  0.2269017792917099   
  3888.35  0.22685219464204956  
  3888.85  0.22680259528812569  
  3889.35  0.22675304505618404  
  3889.85  0.22670348012576058  
  3890.35  0.22665396427880788  
  3890.85  0.22660446560656008  
  3891.35  0.22655495224449967  
  3891.85  0.22650548790822547  
  3892.35  0.2264560088879171   
  3892.85  0.22640657885498536  
  3893.35  0.22635713414379663  
  3893.85  0.2263077383816157   
  3894.35  0.2262583279469536   
  3894.85  0.2262089664229711   
  3895.35  0.22615962200038825  
  3895.85  0.2261102629139847   
  3896.35  0.22606095268085052  
  3896.85  0.2260116277896682   
  3897.35  0.22596235171352835  
  3897.85  0.22591306098511166  
  3898.35  0.22586381903355093  
  3898.85  0.22581456243548326  
  3899.35  0.2257653545761255   
  3899.85  0.22571616374525924  
  3900.35  0.2256669582765376   
  3900.85  0.2256178014893884   
  3901.35  0.22556863007015046  
  3901.85  0.22551950729443965  
  3902.35  0.22547036989240538  
  3902.85  0.22542128109589304  
  3903.35  0.22537217767882126  
  3903.85  0.22532312282930636  
  3904.35  0.22527405336499468  
  3904.85  0.22522503243031491  
  3905.35  0.22517602843555137  
  3905.85  0.22512700983463146  
  3906.35  0.22507803970653728  
  3906.85  0.22502905497804607  
  3907.35  0.2249801186845556   
  3907.85  0.22493116779642605  
  3908.35  0.22488226530551225  
  3908.85  0.22483334822571585  
  3909.35  0.22478447950539004  
  3909.85  0.22473562765294508  
  3910.35  0.22468676122024892  
  3910.85  0.22463794309048626  
  3911.35  0.22458911038622553  
  3911.85  0.2245403259472525   
  3912.35  0.2244915269395333   
  3912.85  0.22444277615949565  
  3913.35  0.22439401081646224  
  3913.85  0.22434529366354392  
  3914.35  0.22429659330685972  
  3914.85  0.22424787839580196  
  3915.35  0.2241992116185897   
  3915.85  0.22415053029275078  
  3916.35  0.22410189706328976  
  3916.86  0.22405227901052477  
  3917.36  0.22400367963137838  
  3917.86  0.22395506571515256  
  3918.36  0.22390649982011457  
  3918.86  0.22385791939373995  
  3919.36  0.22380938695120406  
  3919.86  0.2237608712177003   
  3920.36  0.22371234096147075  
  3920.86  0.22366385863313568  
  3921.36  0.22361536178781416  
  3921.86  0.22356691283313612  
  3922.36  0.22351844936720955  
  3922.86  0.22347003375471455  
  3923.36  0.2234216036367076   
  3923.86  0.22337322133495935  
  3924.36  0.2233248556714521   
  3924.86  0.22327647551103422  
  3925.36  0.22322814311119496  
  3925.86  0.22317979622017808  
  3926.36  0.22313149705266455  
  3926.86  0.223083183399705    
  3927.36  0.2230349174332124   
  3927.86  0.22298663698700405  
  3928.36  0.22293840419026506  
  3928.86  0.22289018796135643  
  3929.36  0.22284195726132386  
  3929.86  0.222793774155343    
  3930.36  0.22274557658396485  
  3930.86  0.2226974265697378   
  3931.36  0.2226492620958387   
  3931.86  0.22260114514222884  
  3932.36  0.2225530137346707   
  3932.86  0.2225049298105785   
  3933.36  0.22245686238428408  
  3933.86  0.22240878051262358  
  3934.36  0.22236074606927228  
  3934.86  0.22231269718627517  
  3935.36  0.22226469569486024  
  3935.86  0.2222166797695183   
  3936.36  0.2221687111990701   
  3936.86  0.22212072820041226  
  3937.36  0.22207279251999806  
  3937.86  0.22202487326772471  
  3938.36  0.22197693959581413  
  3938.86  0.22192905318724987  
  3939.36  0.2218811523647621   
  3939.86  0.22183329876906638  
  3940.36  0.22178543076515947  
  3940.86  0.2217376099515285   
  3941.36  0.22168977473539717  
  3941.86  0.2216419866730639   
  3942.36  0.2215942149695877   
  3942.86  0.2215464288721738   
  3943.36  0.2214986898739184   
  3943.86  0.2214509364874325   
  3944.36  0.22140323016372246  
  3944.86  0.22135550945748764  
  3945.36  0.221307835777684    
  3945.86  0.22126014772105987  
  3946.36  0.22121250665456021  
  3946.86  0.2211648512169428   
  3947.36  0.22111724273318112  
  3947.86  0.22106965052409894  
  3948.36  0.2210220439524496   
  3948.86  0.22097448428032945  
  3949.36  0.22092691025134117  
  3949.86  0.22087938308570793  
  3950.36  0.22083184156890415  
  3950.86  0.2207843468793188   
  3951.36  0.2207368378442591   
  3951.86  0.22068937560031895  
  3952.36  0.22064192956259523  
  3952.86  0.22059446918793763  
  3953.36  0.22054705555032766  
  3953.86  0.22049962758147626  
  3954.36  0.22045224631366755  
  3954.86  0.22040485072030838  
  3955.36  0.22035750179202454  
  3955.86  0.2203101385438796   
  3956.36  0.22026282192488014  
  3956.86  0.2202155214439993   
  3957.36  0.2201682066517878   
  3957.86  0.22012093843490277  
  3958.36  0.22007365591237277  
  3958.86  0.22002641992933272  
  3959.36  0.2199791696463319   
  3959.86  0.2199319658670218   
  3960.36  0.2198847477934336   
  3960.86  0.2198375761877742   
  3961.36  0.21979042065249874  
  3961.86  0.2197432508314654   
  3962.36  0.21969612742479339  
  3962.86  0.21964898973804237  
  3963.36  0.2196018984299836   
  3963.86  0.21955479284752316  
  3964.36  0.21950773360812292  
  3964.86  0.21946066009999693  
  3965.36  0.21941363289933616  
  3965.86  0.21936662170168536  
  3966.36  0.2193195962438188   
  3966.86  0.21927261704009998  
  3967.36  0.2192256235818374   
  3967.86  0.21917867634221988  
  3968.36  0.21913171485372912  
  3968.86  0.2190847995484176   
  3969.36  0.21903786999990188  
  3969.86  0.21899098659913635  
  3970.36  0.2189441191343653   
  3970.86  0.21889723743488962  
  3971.36  0.2188504018300953   
  3971.86  0.21880355199626147  
  3972.36  0.21875674822177177  
  3972.86  0.2187099302239062   
  3973.36  0.21866315825008414  
  3973.86  0.21861637205854825  
  3974.36  0.21856963185579187  
  3974.86  0.21852290752237052  
  3975.36  0.21847616897972455  
  3975.86  0.21842947637303634  
  3976.36  0.21838276956278166  
  3976.86  0.218336108653312    
  3977.36  0.21828943354593253  
  3977.86  0.2182428043042017   
  3978.36  0.21819616087021618  
  3978.86  0.21814956326677937  
  3979.36  0.2181029814663719   
  3979.86  0.21805638548218842  
  3980.36  0.21800983527597753  
  3980.86  0.2179632708916418   
  3981.36  0.21791675225026944  
  3981.86  0.21787021943642185  
  3982.36  0.21782373233056462  
  3982.86  0.2177772310578802   
  3983.36  0.21773077545824926  
  3983.86  0.21768430569743763  
  3984.36  0.21763788157477873  
  3984.86  0.21759147317458552  
  3985.36  0.21754505062167742  
  3985.86  0.21749867365464423  
  3986.36  0.21745228254053867  
  3986.86  0.21740593697749733  
  3987.36  0.2173595772730246   
  3987.86  0.21731326308484142  
  3988.36  0.21726693476086617  
  3988.86  0.2172206519184417   
  3989.36  0.21717438473295528  
  3989.86  0.217128103420132    
  3990.36  0.2170818675368241   
  3990.86  0.21703561753181472  
  3991.36  0.2169894129216714   
  3991.86  0.2169431941954605   
  3992.36  0.21689702082950216  
  3992.86  0.21685083335310842  
  3993.36  0.21680469120238946  
  3993.86  0.21675856464342752  
  3994.36  0.21671242398247462  
  3994.86  0.2166663285954022   
  3995.36  0.216620219111967    
  3995.86  0.21657415486792347  
  3996.36  0.21652807653314388  
  3996.86  0.21648204340330274  
  3997.36  0.21643599618835052  
  3997.86  0.21638999414391893  
  3998.36  0.21634400762640768  
  3998.87  0.21629708954648819  
  3999.37  0.21625113438084428  
  3999.87  0.21620516514420007  
  4000.37  0.21615924099185027  
  4000.87  0.21611330277411955  
  4001.37  0.21606740960638968  
  4001.87  0.21602150237889664  
  4002.37  0.2159756401671462   
  4002.87  0.21592976390124877  
  4003.37  0.21588393261687086  
  4003.87  0.21583811678048967  
  4004.37  0.21579228689838184  
  4004.87  0.2157465019465304   
  4005.37  0.21570070295456442  
  4005.87  0.2156549488587197   
  4006.37  0.21560918072837088  
  4006.87  0.21556345746004324  
  4007.37  0.2155177201628204   
  4007.87  0.21547202769355367  
  4008.37  0.21542635060820495  
  4008.87  0.21538065950237037  
  4009.37  0.21533501317346537  
  4009.87  0.21528935282967934  
  4010.37  0.21524373722884518  
  4010.87  0.21519810761873315  
  4011.37  0.21515252271763016  
  4011.87  0.21510692381285088  
  4012.37  0.21506136958317268  
  4012.87  0.21501583067367097  
  4013.37  0.21497027776889124  
  4013.87  0.21492476948842126  
  4014.37  0.21487924721827073  
  4014.87  0.21483376953860883  
  4015.37  0.21478827787486215  
  4015.87  0.21474283076781764  
  4016.37  0.21469736968228248  
  4016.87  0.21465195311969773  
  4017.37  0.21460655181388308  
  4017.87  0.21456113653796505  
  4018.37  0.21451576573443987  
  4018.87  0.2144703809664013   
  4019.37  0.2144250406370902   
  4019.87  0.21437968634885407  
  4020.37  0.21433437646571438  
  4020.87  0.21428905262923637  
  4021.37  0.21424377316425827  
  4021.87  0.21419850889297692  
  4022.37  0.2141532306767333   
  4022.87  0.21410799678166462  
  4023.37  0.21406274894721622  
  4023.87  0.21401754540043208  
  4024.37  0.21397232791984916  
  4024.87  0.21392715469345402  
  4025.37  0.21388196753883937  
  4025.87  0.2138368246049703   
  4026.37  0.2137916677484593   
  4026.87  0.21374655507928592  
  4027.37  0.21370145752716818  
  4027.87  0.21365634606077075  
  4028.37  0.21361127873166832  
  4028.87  0.21356619749385966  
  4029.37  0.21352116036002322  
  4029.87  0.21347610932305222  
  4030.37  0.2134311023567648   
  4030.87  0.21338608149291285  
  4031.37  0.21334110466648973  
  4031.87  0.21329614289478122  
  4032.37  0.21325116723385923  
  4032.87  0.21320623556055293  
  4033.37  0.213161290003599    
  4033.87  0.21311638840109082  
  4034.37  0.21307147292049913  
  4034.87  0.21302660136121712  
  4035.37  0.21298171592941406  
  4035.87  0.21293687438581832  
  4036.37  0.21289204783492235  
  4036.87  0.21284720741984509  
  4037.37  0.21280241084339016  
  4037.87  0.21275760040831218  
  4038.37  0.21271283377883848  
  4038.87  0.2126680532962983   
  4039.37  0.212623316586378    
  4039.87  0.2125785660289461   
  4040.37  0.21253385921118323  
  4040.87  0.21248916732442952  
  4041.37  0.2124444615984924   
  4041.87  0.21239979956286636  
  4042.37  0.2123551236936075   
  4042.87  0.21231049148179268  
  4043.37  0.21226584544189403  
  4043.87  0.21222124302660583  
  4044.37  0.21217662678878096  
  4044.87  0.21213205414276642  
  4045.37  0.2120874963663925   
  4045.87  0.21204292477579859  
  4046.37  0.21199839672788257  
  4046.87  0.2119538548712896   
  4047.37  0.21190935652465764  
  4047.87  0.21186484437488998  
  4048.37  0.21182037570239973  
  4048.87  0.21177589323231333  
  4049.37  0.21173145420685394  
  4049.87  0.21168702998998656  
  4050.37  0.21164259198382826  
  4050.87  0.21159819737338878  
  4051.37  0.2115537889791936   
  4051.87  0.21150942394814973  
  4052.37  0.21146504513888367  
  4052.87  0.21142070966023446  
  4053.37  0.21137636040889485  
  4053.87  0.21133205445567058  
  4054.37  0.21128776325030788  
  4054.87  0.21124345828054839  
  4055.37  0.2111991965602191   
  4055.87  0.21115492108102055  
  4056.37  0.21111068881883308  
  4056.87  0.2110664428033021   
  4057.37  0.21102223997239603  
  4057.87  0.21097802339367044  
  4058.37  0.2109338499672164   
  4058.87  0.21088969122820939  
  4059.37  0.21084551874966484  
  4059.87  0.21080138937492837  
  4060.37  0.21075724626617406  
  4060.87  0.21071314622895634  
  4061.37  0.21066903246323876  
  4061.87  0.21062496173681894  
  4062.37  0.2105808772874155   
  4062.87  0.2105368358451037   
  4063.37  0.21049278068532276  
  4063.87  0.21044876850045982  
  4064.37  0.21040477092962984  
  4064.87  0.21036075964959836  
  4065.37  0.21031679129629072  
  4065.87  0.21027280923929179  
  4066.37  0.21022887007692445  
  4066.87  0.2101849172163742   
  4067.37  0.21014100721839574  
  4067.87  0.21009708352774104  
  4068.37  0.2100532026676308   
  4068.87  0.21000933636183416  
  4069.37  0.20996545637161707  
  4069.87  0.20992161916396923  
  4070.37  0.20987776827740323  
  4070.87  0.20983396014145994  
  4071.37  0.209790138332099    
  4071.87  0.20974635924144655  
  4072.37  0.20970256648287527  
  4072.87  0.20965881641113046  
  4073.37  0.20961508083428956  
  4073.87  0.2095713315977738   
  4074.37  0.20952762500032698  
  4074.87  0.20948390474869966  
  4075.37  0.20944022710433963  
  4075.87  0.20939653581129175  
  4076.37  0.2093528870937417   
  4076.87  0.2093092247329946   
  4077.37  0.20926560491600782  
  4077.87  0.20922199953482304  
  4078.37  0.20917838051867332  
  4078.87  0.20913480399874282  
  4079.37  0.20909121384933382  
  4079.87  0.2090476661644865   
  4080.38  0.2090032640455865   
  4080.88  0.20895974544772222  
  4081.38  0.2089162132314      
  4081.88  0.2088727234161151   
  4082.38  0.20882921998785345  
  4082.88  0.20878575892906748  
  4083.38  0.20874228426278407  
  4083.88  0.2086988519344465   
  4084.38  0.2086554060040891   
  4084.88  0.20861200238017943  
  4085.38  0.20856861309412023  
  4085.88  0.2085252102142533   
  4086.38  0.20848184959365143  
  4086.88  0.208438475384715    
  4087.38  0.20839514340362472  
  4087.88  0.20835179783967125  
  4088.38  0.20830849447217656  
  4088.88  0.20826517752728824  
  4089.38  0.208221902747503    
  4089.88  0.20817864224727803  
  4090.38  0.20813536817785958  
  4090.88  0.20809213622657463  
  4091.38  0.20804889071156135  
  4091.88  0.20800568728340457  
  4092.38  0.20796247029698273  
  4092.88  0.20791929536617176  
  4093.38  0.2078761068825573   
  4093.88  0.20783296042333954  
  4094.38  0.2077898281856926   
  4094.88  0.20774668240343022  
  4095.38  0.20770357859880695  
  4095.88  0.20766046125502532  
  4096.38  0.20761738585774686  
  4096.88  0.2075742969267653   
  4097.38  0.2075312499111822   
  4097.88  0.20748818936734945  
  4098.38  0.20744517070784171  
  4098.88  0.20740213852553602  
  4099.38  0.207359148196513    
  4099.88  0.20731617201858998  
  4100.38  0.20727318232604225  
  4100.88  0.20723023444027708  
  4101.38  0.20718727304533432  
  4101.88  0.2071443534262096   
  4102.38  0.20710142030335268  
  4102.88  0.2070585289253802   
  4103.38  0.20701562404911908  
  4103.88  0.20697276088683988  
  4104.38  0.20692991181833276  
  4104.88  0.20688704925969809  
  4105.38  0.20684422836875446  
  4105.88  0.20680139399312236  
  4106.38  0.20675860125435608  
  4106.88  0.20671579503633852  
  4107.38  0.20667303042439242  
  4107.88  0.20663025233863044  
  4108.38  0.2065875158281764   
  4108.88  0.20654479335446108  
  4109.38  0.2065020574150788   
  4109.88  0.20645936300492168  
  4110.38  0.20641665513452848  
  4110.88  0.20637398876267368  
  4111.38  0.20633130893601193  
  4111.88  0.20628867057723255  
  4112.38  0.20624601876907342  
  4112.88  0.20620340839817133  
  4113.38  0.2061608120072676   
  4113.88  0.20611820217512075  
  4114.38  0.2060756337343551   
  4114.88  0.2060330518577691   
  4115.38  0.2059905113420153   
  4115.88  0.20594795739586202  
  4116.38  0.2059054447800225   
  4116.88  0.2058629187392026   
  4117.38  0.20582043399820849  
  4117.88  0.20577796318076338  
  4118.38  0.20573547894646216  
  4118.88  0.20569303596631672  
  4119.38  0.20565057957472965  
  4119.88  0.20560816440688642  
  4120.38  0.2055657358330142   
  4120.88  0.2055233484525042   
  4121.38  0.20548094767137604  
  4121.88  0.20543858805325876  
  4122.38  0.20539624230253034  
  4122.88  0.20535388315929576  
  4123.38  0.20531156513360657  
  4123.88  0.20526923372081748  
  4124.38  0.20522694339529812  
  4124.88  0.20518463968808326  
  4125.38  0.20514237703789245  
  4125.88  0.20510010101140877  
  4126.38  0.20505786601173367  
  4126.88  0.2050156448235747   
  4127.38  0.20497341026722243  
  4127.88  0.2049312166924168   
  4128.38  0.2048890097548158   
  4128.88  0.2048468437686212   
  4129.38  0.20480466442502737  
  4129.88  0.20476252600272954  
  4130.38  0.20472037422842684  
  4130.88  0.2046782633453398   
  4131.38  0.20463616621818173  
  4131.88  0.20459405574710604  
  4132.38  0.20455198612218628  
  4132.88  0.2045099031587385   
  4133.38  0.20446786101144107  
  4133.88  0.20442580553100348  
  4134.38  0.20438379083674038  
  4134.88  0.2043417628147232   
  4135.38  0.20429977554893441  
  4135.88  0.20425777496077566  
  4136.38  0.20421581509892914  
  4136.88  0.20417386892545675  
  4137.38  0.2041319094376863   
  4137.88  0.20408999063141414  
  4138.38  0.20404805851622349  
  4138.88  0.20400616705268898  
  4139.38  0.20396426228561365  
  4139.88  0.20392239814038207  
  4140.38  0.20388052069698548  
  4140.88  0.2038386838456498   
  4141.38  0.20379686062772964  
  4141.88  0.2037550241197039   
  4142.38  0.2037132281591249   
  4142.88  0.2036714189138115   
  4143.38  0.2036296501862358   
  4143.88  0.203587868179295    
  4144.38  0.2035461266604123   
  4144.88  0.20350437186753195  
  4145.38  0.2034626575330596   
  4145.88  0.20342095677732414  
  4146.38  0.20337924275563785  
  4146.88  0.20333756914794407  
  4147.38  0.2032958822796623   
  4147.88  0.20325423579579627  
  4148.38  0.20321257605670315  
  4148.88  0.20317095667247825  
  4149.38  0.20312932403838538  
  4149.88  0.20308773172964245  
  4150.38  0.20304615294523612  
  4150.88  0.20300456091899602  
  4151.38  0.20296300917388804  
  4151.88  0.2029214441923007   
  4152.38  0.20287991946240025  
  4152.88  0.202838381501373    
  4153.38  0.20279688376261643  
  4153.88  0.20275537279808376  
  4154.38  0.2027139020264347   
  4154.88  0.20267244472499835  
  4155.38  0.20263097420580756  
  4155.88  0.20258954383547897  
  4156.38  0.20254810025274192  
  4156.88  0.20250669678955258  
  4157.38  0.20246528011929887  
  4157.88  0.20242390353930742  
  4158.38  0.20238251375759378  
  4158.88  0.2023411640368858   
  4159.38  0.20229982773254154  
  4159.88  0.20225847823448412  
  4160.38  0.20221716875360632  
  4160.88  0.20217584608435285  
  4161.38  0.2021345634030946   
  4161.89  0.20209241731431377  
  4162.39  0.2020511616845039   
  4162.89  0.20200991942924212  
  4163.39  0.2019686639989944   
  4163.89  0.20192744848361172  
  4164.39  0.20188621979857402  
  4164.89  0.20184503099931786  
  4165.39  0.20180382903573574  
  4165.89  0.20176266692888037  
  4166.39  0.2017214916630262   
  4166.89  0.2016803562248726   
  4167.39  0.20163923410790324  
  4167.89  0.2015980988399214   
  4168.39  0.20155700335615925  
  4168.89  0.2015158947267071   
  4169.39  0.20147482585251988  
  4169.89  0.2014337438379632   
  4170.39  0.2013927015497453   
  4170.89  0.20135164612647663  
  4171.39  0.20131063040064895  
  4171.89  0.20126962794291178  
  4172.39  0.2012286123580975   
  4172.89  0.2011876364274356   
  4173.39  0.2011466473750105   
  4173.89  0.2011056979479112   
  4174.39  0.20106473540436073  
  4174.89  0.20102381245733775  
  4175.39  0.20098287639917378  
  4175.89  0.2009419799087673   
  4176.39  0.2009010966336261   
  4176.89  0.20086020025530468  
  4177.39  0.20081934340164356  
  4177.89  0.2007784734501076   
  4178.39  0.2007376429945326   
  4178.89  0.20069679944638627  
  4179.39  0.2006559953655298   
  4179.89  0.20061517819740365  
  4180.39  0.2005744004679244   
  4180.89  0.20053363590115203  
  4181.39  0.20049285825505805  
  4181.89  0.20045212000470386  
  4182.39  0.2004113686803249   
  4182.89  0.20037065672311302  
  4183.39  0.20032993169717134  
  4183.89  0.20028924600985215  
  4184.39  0.20024854725909622  
  4184.89  0.20020788781844612  
  4185.39  0.20016721531965045  
  4185.89  0.200126582102472    
  4186.39  0.2000859619841221   
  4186.89  0.20004532881555892  
  4187.39  0.20000473488593695  
  4187.89  0.1999641279113881   
  4188.39  0.1999235601473616   
  4188.89  0.19988297934369265  
  4189.39  0.1998424377221551   
  4189.89  0.1998018830662577   
  4190.39  0.1997613675641285   
  4190.89  0.1997208651088567   
  4191.39  0.1996803496271445   
  4191.89  0.1996398732567124   
  4192.39  0.19959938386511766  
  4192.89  0.19955893355650925  
  4193.39  0.19951847023201408  
  4193.89  0.19947804596223917  
  4194.39  0.19943760868185148  
  4194.89  0.19939721042794564  
  4195.39  0.19935682516918776  
  4195.89  0.1993164269077236   
  4196.39  0.1992760676304401   
  4196.89  0.19923569535571947  
  4197.39  0.19919536203701008  
  4197.89  0.19915501572613087  
  4198.39  0.19911470834312103  
  4198.89  0.19907438797320676  
  4199.39  0.19903410650304756  
  4199.89  0.19899383797658687  
  4200.39  0.19895355647111532  
  4200.89  0.19891331382328342  
  4201.39  0.19887305820170117  
  4201.89  0.19883284140971288  
  4202.39  0.19879261164923293  
  4202.89  0.19875242069032864  
  4203.39  0.19871221676818937  
  4203.89  0.1986720516196349   
  4204.39  0.19863189936358797  
  4204.89  0.1985917341521867   
  4205.39  0.19855160767243954  
  4205.89  0.19851146824258992  
  4206.39  0.1984713675164718   
  4206.89  0.19843125384550114  
  4207.39  0.1983911788503666   
  4207.89  0.1983510909156276   
  4208.39  0.1983110416288565   
  4208.89  0.19827100518365892  
  4209.39  0.19823095580672453  
  4209.89  0.19819094503601115  
  4210.39  0.19815092133880421  
  4210.89  0.19811093622001796  
  4211.39  0.19807093817997945  
  4211.89  0.19803097869058844  
  4212.39  0.19799100628518454  
  4212.89  0.19795107240268198  
  4213.39  0.19791115131107423  
  4213.89  0.1978712173113082   
  4214.39  0.1978313217928794   
  4214.89  0.1977914133715269   
  4215.39  0.197751543403833    
  4215.89  0.19771166053844796  
  4216.39  0.1976718160990699   
  4216.89  0.19763195876723136  
  4217.39  0.19759213983377497  
  4217.89  0.19755233364078847  
  4218.39  0.1975125145631831   
  4218.89  0.19747273384257755  
  4219.39  0.19743294024257896  
  4219.89  0.19739318497202257  
  4220.39  0.19735341682729707  
  4220.89  0.1973136869844829   
  4221.39  0.19727394427272163  
  4221.89  0.1972342398353676   
  4222.39  0.1971945225342865   
  4222.89  0.1971548434801353   
  4223.39  0.19711517710516552  
  4223.89  0.19707549787429426  
  4224.39  0.1970358568491914   
  4224.89  0.19699620297340223  
  4225.39  0.1969565872759708   
  4225.89  0.19691695873306633  
  4226.39  0.1968773683411356   
  4226.89  0.19683776510894307  
  4227.39  0.19679820000036685  
  4227.89  0.19675864752110558  
  4228.39  0.1967190822093951   
  4228.89  0.19667955498031886  
  4229.39  0.19664001492399988  
  4229.89  0.19660051292302405  
  4230.39  0.19656099810001     
  4230.89  0.19652152130507441  
  4231.39  0.1964820316933032   
  4231.89  0.19644258008237223  
  4232.39  0.19640314105113862  
  4232.89  0.19636368921086875  
  4233.39  0.19632427533063573  
  4233.89  0.19628484864656418  
  4234.39  0.1962454598953572   
  4234.89  0.19620605834550744  
  4235.39  0.19616669470137638  
  4235.89  0.1961273182637963   
  4236.39  0.1960879797048153   
  4236.89  0.19604865367616145  
  4237.39  0.19600931486184486  
  4237.89  0.19597001388550148  
  4238.39  0.19593070012868433  
  4238.89  0.19589142418278638  
  4239.39  0.19585213546160163  
  4239.89  0.19581288452430826  
  4240.39  0.19577362081691313  
  4240.89  0.19573439486640767  
  4241.39  0.19569518139710498  
  4241.89  0.19565595516547363  
  4242.39  0.19561676665028271  
  4242.89  0.19557756537794332  
  4243.4   0.19553762016333118  
  4243.9   0.19549846928305764  
  4244.4   0.19545933085126715  
  4244.9   0.19542017967273262  
  4245.4   0.19538106612964784  
  4245.9   0.19534193984499335  
  4246.4   0.19530285116893037  
  4246.9   0.19526374975647004  
  4247.4   0.19522468592576905  
  4247.9   0.19518560936384102  
  4248.4   0.1951465703568661   
  4248.9   0.19510754374965683  
  4249.4   0.19506850441897158  
  4249.9   0.19502950260308283  
  4250.4   0.19499048806888356  
  4250.9   0.1949515110227391   
  4251.4   0.19491252126344769  
  4251.9   0.19487356896549518  
  4252.4   0.19483460395955732  
  4252.9   0.1947956763882683   
  4253.4   0.19475676116826954  
  4253.9   0.19471783324802328  
  4254.4   0.19467894272244332  
  4254.9   0.1946400395017725   
  4255.4   0.19460117364914215  
  4255.9   0.1945622951065757   
  4256.4   0.19452345390544964  
  4256.9   0.19448460001954015  
  4257.4   0.1944457834484966   
  4257.9   0.19440695419782048  
  4258.4   0.19436816223546133  
  4258.9   0.19432938256547078  
  4259.4   0.19429059022356926  
  4259.9   0.19425183513021368  
  4260.4   0.19421306737009303  
  4260.9   0.19417433683203328  
  4261.4   0.19413559363235244  
  4261.9   0.1940968876282729   
  4262.4   0.19405816896771427  
  4262.9   0.1940194874763229   
  4263.4   0.19398081822935706  
  4263.9   0.1939421363336205   
  4264.4   0.1939034915674521   
  4264.9   0.19386483415764996  
  4265.4   0.19382621385104545  
  4265.9   0.1937875809059423   
  4266.4   0.19374898503769156  
  4266.9   0.1937103765360753   
  4267.4   0.19367180508499163  
  4267.9   0.19363324583062771  
  4268.4   0.19359467395059346  
  4268.9   0.1935561390816636   
  4269.4   0.19351759159219162  
  4269.9   0.1934790810875673   
  4270.4   0.19344055796752702  
  4270.9   0.19340207180610305  
  4271.4   0.1933635730343873   
  4271.9   0.19332511119508158  
  4272.4   0.19328666150502577  
  4272.9   0.1932481992123601   
  4273.4   0.1932097738128464   
  4273.9   0.19317133581584212  
  4274.4   0.19313293468584633  
  4274.9   0.19309452096347735  
  4275.4   0.1930561440819985   
  4275.9   0.19301775461326184  
  4276.4   0.19297940195932198  
  4276.9   0.19294106140739664  
  4277.4   0.192902708275882    
  4277.9   0.19286439192007532  
  4278.4   0.19282606298978977  
  4278.9   0.19278777080918139  
  4279.4   0.19274946605920262  
  4279.9   0.1927111980328951   
  4280.4   0.19267291744232373  
  4280.9   0.19263467354944264  
  4281.4   0.19259644171157364  
  4281.9   0.19255819731709597  
  4282.4   0.19251998958138797  
  4282.9   0.1924817692941729   
  4283.4   0.19244358563980868  
  4283.9   0.19240538943903698  
  4284.4   0.19236722984522212  
  4284.9   0.19232905771009734  
  4285.4   0.19229092215606025  
  4285.9   0.19225279861026445  
  4286.4   0.19221466253080066  
  4286.9   0.1921765629936712   
  4287.4   0.19213845092796644  
  4287.9   0.1921003753787886   
  4288.4   0.19206228730612612  
  4288.9   0.19202423572420788  
  4289.4   0.19198617162389364  
  4289.9   0.1919481439885656   
  4290.4   0.1919101283149384   
  4290.9   0.19187210013054373  
  4291.4   0.19183410837254844  
  4291.9   0.19179610410886944  
  4292.4   0.19175813624589316  
  4292.9   0.191720155882315    
  4293.4   0.19168221189376752  
  4293.9   0.19164425540969793  
  4294.4   0.1916063352750115   
  4294.9   0.19156840264988073  
  4295.4   0.19153050634851007  
  4295.9   0.19149262195226777  
  4296.4   0.19145472507319336  
  4296.9   0.1914168644794944   
  4297.4   0.1913789914080362   
  4297.9   0.1913411545963915   
  4298.4   0.1913033053120584   
  4298.9   0.19126549226200124  
  4299.4   0.19122766674432454  
  4299.9   0.19118987743541055  
  4300.4   0.19115209998559118  
  4300.9   0.1911143100757511   
  4301.4   0.1910765563364535   
  4301.9   0.19103879014219918  
  4302.4   0.19100106009303486  
  4302.9   0.19096331759397572  
  4303.4   0.19092561121457832  
  4303.9   0.1908878923903461   
  4304.4   0.1908502096603716   
  4304.9   0.1908125387436839   
  4305.4   0.19077485538974676  
  4305.9   0.19073720809201075  
  4306.4   0.19069954836208028  
  4306.9   0.19066192466300735  
  4307.4   0.19062428853679295  
  4307.9   0.1905866884161167   
  4308.4   0.1905490758733499   
  4308.9   0.19051149931082584  
  4309.4   0.19047393451600533  
  4309.9   0.1904363573066663   
  4310.4   0.19039881603967607  
  4310.9   0.1903612623632134   
  4311.4   0.19032374460386425  
  4311.9   0.19028621444008678  
  4312.4   0.19024872016821148  
  4312.9   0.19021121349694986  
  4313.4   0.19017374269240317  
  4313.9   0.19013628361019985  
  4314.4   0.1900988121361688   
  4314.9   0.1900613764911205   
  4315.4   0.19002392845928165  
  4315.9   0.18998651623129795  
  4316.4   0.18994909162155876  
  4316.9   0.18991170279057107  
  4317.4   0.189874301582861    
  4317.9   0.18983693612882255  
  4318.4   0.18979958235198927  
  4318.9   0.18976221620597872  
  4319.4   0.18972488577606864  
  4319.9   0.18968754298200946  
  4320.4   0.18965023587903035  
  4320.9   0.1896129164169283   
  4321.4   0.18957563262090957  
  4321.9   0.18953833647079207  
  4322.4   0.18950107596178498  
  4322.9   0.18946382708506534  
  4323.4   0.18942656586177858  
  4323.9   0.18938934024219115  
  4324.4   0.18935210228105578  
  4324.91  0.18931413345526543  
  4325.41  0.18927691897566087  
  4325.91  0.18923974004969535  
  4326.41  0.18920257272113114  
  4326.91  0.18916539306360902  
  4327.41  0.18912824892243918  
  4327.91  0.18909109245732358  
  4328.41  0.1890539714837291   
  4328.91  0.18901683819119908  
  4329.41  0.18897974036538262  
  4329.91  0.18894263022563876  
  4330.41  0.1889055555278244   
  4330.91  0.188868492382883    
  4331.41  0.18883141693152197  
  4331.91  0.18879437688496215  
  4332.41  0.18875732453698585  
  4332.91  0.18872030756908525  
  4333.41  0.18868327830476941  
  4333.91  0.18864628439582706  
  4334.41  0.18860927819546863  
  4334.91  0.18857230732580496  
  4335.41  0.18853534796470295  
  4335.91  0.1884983763196791   
  4336.41  0.1884614399683795   
  4336.91  0.18842449133815228  
  4337.41  0.18838757797702876  
  4337.91  0.18835065234196982  
  4338.41  0.18831376195141725  
  4338.91  0.18827685929191956  
  4339.41  0.18823999185235415  
  4339.91  0.1882031121488318   
  4340.41  0.18816626764069092  
  4340.91  0.1881294345872458   
  4341.41  0.18809258927732148  
  4341.91  0.18805577912599974  
  4342.41  0.18801895672318206  
  4342.91  0.187982169454474    
  4343.41  0.18794536993925118  
  4343.91  0.18790860553366812  
  4344.41  0.18787182888654952  
  4344.91  0.18783508732462392  
  4345.41  0.1877983571735602   
  4345.91  0.1877616147884253   
  4346.41  0.18772490745186024  
  4346.91  0.18768818788619823  
  4347.41  0.18765150334471692  
  4347.91  0.1876148065791108   
  4348.41  0.1875781448133192   
  4348.91  0.187541470828373    
  4349.41  0.18750483181889796  
  4349.91  0.1874682041766639   
  4350.41  0.18743156432272612  
  4350.91  0.18739495940779144  
  4351.41  0.18735834228611825  
  4351.91  0.18732176007916218  
  4352.41  0.18728516567043083  
  4352.91  0.1872486061521534   
  4353.41  0.1872120344370619   
  4353.91  0.1871754975881841   
  4354.41  0.1871389720631379   
  4354.91  0.18710243434871487  
  4355.41  0.18706593146419165  
  4355.91  0.1870294163952479   
  4356.41  0.1869929361320206   
  4356.91  0.18695644368932687  
  4357.41  0.18691998602818904  
  4357.91  0.186883516192537    
  4358.41  0.18684708111430295  
  4358.91  0.18681065731670152  
  4359.41  0.18677422135200966  
  4359.91  0.1867378201085753   
  4360.41  0.18670140670299773  
  4360.91  0.18666502799459642  
  4361.41  0.1866286371289971   
  4361.91  0.1865922809365154   
  4362.41  0.18655591259177892  
  4362.91  0.186519578896124    
  4363.41  0.18648325643811178  
  4363.91  0.18644692183525508  
  4364.41  0.18641062184547202  
  4364.91  0.1863743097157826   
  4365.41  0.18633803217518718  
  4365.91  0.18630174249962161  
  4366.41  0.18626548738919282  
  4366.91  0.18622922014872806  
  4367.41  0.1861929874494654   
  4367.91  0.1861567659450635   
  4368.41  0.1861205323180223   
  4368.91  0.1860843331963271   
  4369.41  0.1860481219569218   
  4369.91  0.18601194519898379  
  4370.41  0.18597575632826285  
  4370.91  0.18593960191515296  
  4371.41  0.18590343539418533  
  4371.91  0.18586730330699477  
  4372.41  0.18583118237208965  
  4372.91  0.18579504933670998  
  4373.41  0.1857589506994022   
  4373.91  0.18572283996654004  
  4374.41  0.1856867636079716   
  4374.91  0.18565067515876688  
  4375.41  0.18561462106010002  
  4375.91  0.185578554875713    
  4376.41  0.18554252301813023  
  4376.91  0.1855064790797414   
  4377.41  0.18547046944444537  
  4377.91  0.18543447090967682  
  4378.41  0.18539846030146892  
  4378.91  0.185362483960832    
  4379.41  0.18532649555166478  
  4379.91  0.1852905413864125   
  4380.41  0.18525457515753704  
  4380.91  0.18521864314894257  
  4381.41  0.18518269908163004  
  4381.91  0.18514678921098668  
  4382.41  0.1851108903987505   
  4382.91  0.18507497953514937  
  4383.41  0.18503910283284478  
  4383.91  0.1850032140840753   
  4384.41  0.18496735947304563  
  4384.91  0.18493149282044918  
  4385.41  0.18489566028205778  
  4385.91  0.18485981570699567  
  4386.41  0.18482400522262588  
  4386.91  0.18478820575474575  
  4387.41  0.18475239425753442  
  4387.91  0.18471661681579124  
  4388.41  0.18468082734960792  
  4388.91  0.18464507191543472  
  4389.41  0.1846093044617105   
  4389.91  0.18457357101656036  
  4390.41  0.18453782555674617  
  4390.91  0.1845021140820919   
  4391.41  0.1844664135822114   
  4391.91  0.18443070107499288  
  4392.41  0.18439502251785767  
  4392.91  0.1843593319582664   
  4393.41  0.1843236753253988   
  4393.91  0.18428800669495518  
  4394.41  0.1842523719678973   
  4394.91  0.1842167252481414   
  4395.41  0.18418111240845508  
  4395.91  0.18414551050202713  
  4396.41  0.18410989661021354  
  4396.91  0.18407431656353984  
  4397.41  0.1840387245363535   
  4397.91  0.1840031663310451   
  4398.41  0.1839675961500951   
  4398.91  0.1839320597677827   
  4399.41  0.18389651141469765  
  4399.91  0.18386099683703166  
  4400.41  0.18382549315130783  
  4400.91  0.18378997750211024  
  4401.41  0.18375449559354792  
  4401.91  0.1837190017263758   
  4402.41  0.18368354157667435  
  4402.91  0.18364806947322498  
  4403.41  0.1836126310641031   
  4403.91  0.18357718070609327  
  4404.41  0.18354176401928934  
  4404.91  0.18350635818330957  
  4405.41  0.18347094040572715  
  4405.91  0.18343555626471217  
  4406.42  0.18339947697171738  
  4406.92  0.18336409194987022  
  4407.42  0.18332874052977044  
  4407.92  0.18329339993310356  
  4408.42  0.18325804740943955  
  4408.92  0.18322272845298124  
  4409.42  0.18318739757437463  
  4409.92  0.1831521002399702   
  4410.42  0.18311679098826428  
  4410.92  0.18308151525777838  
  4411.42  0.1830462276148359   
  4411.92  0.18301097347015255  
  4412.42  0.18297570741785538  
  4412.92  0.18294047484087783  
  4413.42  0.18290525303750502  
  4413.92  0.1828700193337781   
  4414.42  0.18283481907100504  
  4414.92  0.18279960691271568  
  4415.42  0.18276442817249378  
  4415.92  0.18272923754159134  
  4416.42  0.1826940803058912   
  4416.92  0.1826589111843443   
  4417.42  0.18262377543515568  
  4417.92  0.18258865041902012  
  4418.42  0.18255351352428392  
  4418.92  0.18251840996768337  
  4419.42  0.18248329453731096  
  4419.92  0.18244821242228304  
  4420.42  0.18241311843831     
  4420.92  0.18237805774691146  
  4421.42  0.1823429851913925   
  4421.92  0.1823079459056991   
  4422.42  0.18227291731270076  
  4422.92  0.1822378768628146   
  4423.42  0.18220286964867363  
  4423.92  0.1821678505824646   
  4424.42  0.1821328647293044   
  4424.92  0.1820978670288938   
  4425.42  0.1820629025188567   
  4425.92  0.18202792616638488  
  4426.42  0.18199298298163222  
  4426.92  0.18195805044940913  
  4427.42  0.18192310608197038  
  4427.92  0.18188819484831203  
  4428.42  0.1818532717842486   
  4428.92  0.1818183818313635   
  4429.42  0.18178348005288206  
  4429.92  0.18174861136299772  
  4430.42  0.18171373085232362  
  4430.92  0.18167888340768631  
  4431.42  0.1816440465756047   
  4431.92  0.1816091979299388   
  4432.42  0.18157438231651182  
  4432.92  0.18153955489430215  
  4433.42  0.18150476048182318  
  4433.92  0.18146995426536108  
  4434.42  0.18143518103614217  
  4434.92  0.18140039600773777  
  4435.42  0.18136564394410976  
  4435.92  0.18133090245325378  
  4436.42  0.18129614917040424  
  4436.92  0.18126142881867335  
  4437.42  0.18122669667974145  
  4437.92  0.1811919974495132   
  4438.42  0.18115728643687448  
  4438.92  0.1811226083105451   
  4439.42  0.18108791840659383  
  4439.92  0.18105326136657818  
  4440.42  0.18101861485974027  
  4440.92  0.18098395658245878  
  4441.42  0.1809493311355946   
  4441.92  0.18091469392307039  
  4442.42  0.18088008951864132  
  4442.92  0.18084547335333367  
  4443.42  0.1808108899738196   
  4443.92  0.18077629483820645  
  4444.42  0.18074173246610573  
  4444.92  0.18070718058777657  
  4445.42  0.18067261696051312  
  4445.92  0.18063808606338244  
  4446.42  0.18060354342209198  
  4446.92  0.18056903348870446  
  4447.42  0.1805345118159296   
  4447.92  0.18050002282884828  
  4448.42  0.1804655221071501   
  4448.92  0.18043105404895649  
  4449.42  0.18039657426091446  
  4449.92  0.18036212711420838  
  4450.42  0.18032769041336436  
  4450.92  0.18029324198982014  
  4451.42  0.18025882617440073  
  4451.92  0.18022439864104456  
  4452.42  0.18019000369369553  
  4452.92  0.1801555970331712   
  4453.42  0.1801212229365566   
  4453.92  0.18008683713152618  
  4454.42  0.18005248386832845  
  4454.92  0.18001814101200087  
  4455.42  0.17998378645439198  
  4455.92  0.1799494644055418   
  4456.42  0.1799151306601647   
  4456.92  0.17988082940151992  
  4457.42  0.1798465164511006   
  4457.92  0.1798122359654074   
  4458.42  0.1797779437926901   
  4458.92  0.17974368406271285  
  4459.42  0.17970943470079853  
  4459.92  0.17967517365898114  
  4460.42  0.17964094502696618  
  4460.92  0.17960670471979348  
  4461.42  0.17957249680048762  
  4461.92  0.17953827721076734  
  4462.42  0.1795040899869984   
  4462.92  0.17946989109755643  
  4463.42  0.17943572455217033  
  4463.92  0.1794015683362236   
  4464.42  0.17936740046171126  
  4464.92  0.17933326489845286  
  4465.42  0.1792991176813652   
  4465.92  0.17926500275368615  
  4466.42  0.17923087617691216  
  4466.92  0.17919678186772148  
  4467.42  0.17916267591416818  
  4467.92  0.17912860220639287  
  4468.42  0.1790945387896159   
  4468.92  0.17906046373557025  
  4469.42  0.17902642089463555  
  4469.92  0.17899236642115945  
  4470.42  0.17895834413903883  
  4470.92  0.17892431022910213  
  4471.42  0.17889030848878537  
  4471.92  0.17885629512537576  
  4472.42  0.17882231390987044  
  4472.92  0.17878834294710397  
  4473.42  0.17875436036832507  
  4473.92  0.17872040990491764  
  4474.42  0.17868644783021606  
  4474.92  0.17865251784921984  
  4475.42  0.17861857626164576  
  4475.92  0.17858466674613077  
  4476.42  0.1785507456287521   
  4476.92  0.17851685656180608  
  4477.42  0.17848297770952     
  4477.92  0.17844908726243708  
  4478.42  0.17841522883338762  
  4478.92  0.1783813588142505   
  4479.42  0.17834752079156965  
  4479.92  0.17831367118350847  
  4480.42  0.1782798535503461   
  4480.92  0.17824602433650852  
  4481.42  0.17821222707603201  
  4481.92  0.178178439992316    
  4482.42  0.1781446413349781   
  4482.92  0.17811087459873493  
  4483.42  0.17807709629357005  
  4483.92  0.17804334988801124  
  4484.42  0.1780095919182289   
  4484.92  0.1779758658265836   
  4485.42  0.17794212817541097  
  4485.92  0.17790842238092577  
  4486.42  0.17787472672548005  
  4486.92  0.17784101951754674  
  4487.42  0.17780734413416677  
  4487.92  0.1777736572029904   
  4488.43  0.1777393087080329   
  4488.93  0.17770564224547988  
  4489.43  0.17767200756447826  
  4489.93  0.17763838299321463  
  4490.43  0.1776047468859213   
  4490.93  0.1775711425281478   
  4491.43  0.17753752663902872  
  4491.93  0.1775039424780972   
  4492.43  0.17747034679050222  
  4492.93  0.17743678280978187  
  4493.43  0.17740320730707818  
  4493.93  0.1773696634899556   
  4494.43  0.17733612974516513  
  4494.93  0.177302584485407    
  4495.43  0.17726907087932947  
  4495.93  0.1772355457629594   
  4496.43  0.17720205227902475  
  4496.93  0.17716854728947073  
  4497.43  0.17713507391112632  
  4497.93  0.1771015890318336   
  4498.43  0.17706813574254407  
  4498.93  0.17703467095697523  
  4499.43  0.17700123774022236  
  4499.93  0.17696781455032137  
  4500.43  0.1769343798711403   
  4500.93  0.17690097672903382  
  4501.43  0.17686756210231133  
  4501.93  0.17683417899152426  
  4502.43  0.17680078440078328  
  4502.93  0.1767674213048578   
  4503.43  0.1767340467336385   
  4503.93  0.1767007036361339   
  4504.43  0.1766673705284642   
  4504.93  0.17663402595248634  
  4505.43  0.1766007128186113   
  4505.93  0.17656738822108317  
  4506.43  0.17653409504460493  
  4506.93  0.1765007904091267   
  4507.43  0.1764675171736645   
  4507.93  0.17643423248385337  
  4508.43  0.17640097917304357  
  4508.93  0.1763677358152251   
  4509.43  0.1763344810100298   
  4509.93  0.1763012575523528   
  4510.43  0.17626802265194505  
  4510.93  0.1762348190780884   
  4511.43  0.17620160406614507  
  4511.93  0.17616842035980468  
  4512.43  0.17613522522001968  
  4512.93  0.17610206136490847  
  4513.43  0.17606890742611747  
  4513.93  0.17603574206084047  
  4514.43  0.1760026079488824   
  4514.93  0.17596946241507538  
  4515.43  0.17593634811370543  
  4515.93  0.1759032223951216   
  4516.43  0.17587012788811193  
  4516.93  0.17583702196852144  
  4517.43  0.17580394723966106  
  4517.93  0.17577088239062127  
  4518.43  0.17573780613594578  
  4518.93  0.17570476104077304  
  4519.43  0.17567170454459266  
  4519.93  0.17563867918711806  
  4520.43  0.17560564243326196  
  4520.93  0.1755726367973335   
  4521.43  0.17553961976964758  
  4521.93  0.17550663383912998  
  4522.43  0.1754736577521038   
  4522.93  0.1754406702802517   
  4523.43  0.1754077138744675   
  4523.93  0.17537474608847645  
  4524.43  0.17534180934784077  
  4524.93  0.17530886123161538  
  4525.43  0.17527594414005154  
  4525.93  0.1752430156775131   
  4526.43  0.17521011821896115  
  4526.93  0.17517723056774098  
  4527.43  0.17514433155246428  
  4527.93  0.17511146351019982  
  4528.43  0.17507858410848887  
  4528.93  0.17504573565916173  
  4529.43  0.17501287585499625  
  4529.93  0.17498004698260472  
  4530.43  0.1749472067599809   
  4530.93  0.17491439744853984  
  4531.43  0.1748815979084394   
  4531.93  0.17484878702501133  
  4532.43  0.1748160070219173   
  4532.93  0.17478321568009672  
  4533.43  0.17475045519806529  
  4533.93  0.1747176833819064   
  4534.43  0.17468494240501037  
  4534.93  0.17465219009858404  
  4535.43  0.17461946861091265  
  4535.93  0.17458673579830605  
  4536.43  0.17455403378396514  
  4536.93  0.17452134149720303  
  4537.43  0.17448863789239386  
  4537.93  0.17445596505515423  
  4538.43  0.1744232809044577   
  4538.93  0.17439062750088744  
  4539.43  0.17435796278844837  
  4539.93  0.17432532880271076  
  4540.43  0.17429268351269048  
  4540.93  0.17426006892896523  
  4541.43  0.17422746403719883  
  4541.93  0.1741948478480245   
  4542.43  0.1741622623345732   
  4542.93  0.1741296655282951   
  4543.43  0.1740970993773794   
  4543.93  0.1740645219382161   
  4544.43  0.17403197513407292  
  4544.93  0.17399941704625924  
  4545.43  0.17396688957314174  
  4545.93  0.17393437175652882  
  4546.43  0.1739018426631066   
  4546.93  0.1738693441539321   
  4547.43  0.17383683437252057  
  4547.93  0.1738043551550784   
  4548.43  0.17377186466996933  
  4548.93  0.17373940472856952  
  4549.43  0.17370693352407104  
  4549.93  0.17367449284303985  
  4550.43  0.17364206178322336  
  4550.93  0.17360961946715606  
  4551.43  0.17357720764423043  
  4551.93  0.1735447845696172   
  4552.43  0.17351239196794913  
  4552.93  0.17347998811915463  
  4553.43  0.17344761472312695  
  4553.93  0.17341523008453205  
  4554.43  0.17338287587854365  
  4554.93  0.17335053125864386  
  4555.43  0.17331817540301123  
  4555.93  0.17328584994978177  
  4556.43  0.17325351326537378  
  4556.93  0.17322120696325383  
  4557.43  0.17318888943450758  
  4557.93  0.1731566022679523   
  4558.43  0.17312430387932098  
  4558.93  0.17309203583280156  
  4559.43  0.17305977733740738  
  4559.93  0.17302750762675806  
  4560.43  0.172995268228139    
  4560.93  0.17296301761881017  
  4561.43  0.1729307973014774   
  4561.93  0.1728985657779782   
  4562.43  0.1728663645264589   
  4562.93  0.17283415207331446  
  4563.43  0.17280196987215166  
  4563.93  0.1727697971873125   
  4564.43  0.17273761330765572  
  4564.93  0.1727054596500199   
  4565.43  0.17267329480210286  
  4565.93  0.1726411601562533   
  4566.43  0.17260901432465683  
  4566.93  0.17257689867519213  
  4567.43  0.17254477184451286  
  4567.93  0.17251267517604754  
  4568.43  0.17248058798926522  
  4568.93  0.17244848962806247  
  4569.43  0.1724164213992334   
  4569.94  0.17238372280036993  
  4570.44  0.17235165306312633  
  4570.94  0.17231961342825816  
  4571.44  0.17228756263032874  
  4571.94  0.17225554191492817  
  4572.44  0.1722235306504783   
  4572.94  0.1721915082297494   
  4573.44  0.17215951586181588  
  4573.94  0.1721275123421228   
  4574.44  0.17209553885542286  
  4574.94  0.17206355422148073  
  4575.44  0.17203159960074718  
  4575.94  0.17199963383728697  
  4576.44  0.1719676980672684   
  4576.94  0.1719357717138617   
  4577.44  0.17190383422449715  
  4577.94  0.17187192669896006  
  4578.44  0.1718400080419756   
  4578.94  0.17180811932909576  
  4579.44  0.1717762194892771   
  4579.94  0.17174434957385773  
  4580.44  0.17171246853600614  
  4580.94  0.1716806174028661   
  4581.44  0.17164877565215758  
  4581.94  0.17161692278577217  
  4582.44  0.1715850997946029   
  4582.94  0.1715532656922584   
  4583.44  0.17152146144548613  
  4583.94  0.17148964609203823  
  4584.44  0.1714578605745362   
  4584.94  0.17142606395485627  
  4585.44  0.1713942971515133   
  4585.94  0.17136253969657878  
  4586.44  0.17133077114620834  
  4586.94  0.1712990323827975   
  4587.44  0.1712672825284434   
  4587.94  0.1712355624414836   
  4588.44  0.1712038312680713   
  4588.94  0.1711721298425055   
  4589.44  0.1711404173349759   
  4589.94  0.17110873455576234  
  4590.44  0.1710770610910908   
  4590.94  0.1710453765511841   
  4591.44  0.17101372171033355  
  4591.94  0.17098205579873163  
  4592.44  0.17095041956669882  
  4592.94  0.1709187722683964   
  4593.44  0.17088715463019338  
  4593.94  0.17085552593020062  
  4594.44  0.17082392687085488  
  4594.94  0.17079233709234037  
  4595.44  0.17076073625875143  
  4595.94  0.17072916503666644  
  4596.44  0.1706975827639819   
  4596.94  0.1706660300833921   
  4597.44  0.1706344663566756   
  4597.94  0.1706029322026619   
  4598.44  0.17057138700699245  
  4598.94  0.17053987136465104  
  4599.44  0.170508364969585    
  4599.94  0.1704768475395651   
  4600.44  0.17044535963384655  
  4600.94  0.17041386069764017  
  4601.44  0.17038239126640328  
  4601.94  0.17035091080914264  
  4602.44  0.17031945983753685  
  4602.94  0.17028799784436932  
  4603.44  0.17025656531755917  
  4603.94  0.1702251420046224   
  4604.44  0.17019370767681255  
  4604.94  0.170162302786449    
  4605.44  0.17013088688566946  
  4605.94  0.17009950040308153  
  4606.44  0.17006810291453275  
  4606.94  0.17003673482493786  
  4607.44  0.17000535573383527  
  4607.94  0.16997400602246598  
  4608.44  0.16994264531404019  
  4608.94  0.16991131396614412  
  4609.44  0.16987999179150437  
  4609.94  0.16984865862648044  
  4610.44  0.16981735479321583  
  4610.94  0.16978603997401331  
  4611.44  0.16975475446740904  
  4611.94  0.16972345797931107  
  4612.44  0.16969219078466724  
  4612.94  0.16966091261297206  
  4613.44  0.1696296637156038   
  4613.94  0.169598423958429    
  4614.44  0.16956717323086193  
  4614.94  0.1695359517489658   
  4615.44  0.16950471930111474  
  4615.94  0.16947351607984976  
  4616.44  0.16944230189706525  
  4616.94  0.16941111692179875  
  4617.44  0.1693799209894462   
  4617.94  0.16934875424556053  
  4618.44  0.16931759660895665  
  4618.94  0.16928642802191246  
  4619.44  0.16925528859479305  
  4619.94  0.16922413822166185  
  4620.44  0.16919301698944628  
  4620.94  0.16916188481564545  
  4621.44  0.16913078176376797  
  4621.94  0.16909966777472987  
  4622.44  0.16906858288863957  
  4622.94  0.16903750707706983  
  4623.44  0.16900642033497193  
  4623.94  0.168975362667393    
  4624.44  0.1689442940737056   
  4624.94  0.16891325453560346  
  4625.44  0.16888220407581056  
  4625.94  0.168851182652686    
  4626.44  0.16882015031228637  
  4626.94  0.16878914698965483  
  4627.44  0.16875815270893216  
  4627.94  0.16872714751755366  
  4628.44  0.1686961713156271   
  4628.94  0.16866518420745555  
  4629.44  0.16863422606987732  
  4629.94  0.16860325703046297  
  4630.44  0.16857231694279992  
  4630.94  0.16854136595770763  
  4631.44  0.16851044390554132  
  4631.94  0.16847953086282091  
  4632.44  0.16844860692927718  
  4632.94  0.16841771190045549  
  4633.44  0.16838680598521247  
  4633.94  0.1683559289559075   
  4634.44  0.1683250410445813   
  4634.94  0.16829418200042576  
  4635.44  0.16826331207864695  
  4635.94  0.168232471005288    
  4636.44  0.16820163890905984  
  4636.94  0.1681707959418012   
  4637.44  0.16813998179487002  
  4637.94  0.16810915678130148  
  4638.44  0.16807836056935074  
  4638.94  0.16804755349515388  
  4639.44  0.1680167752038816   
  4639.94  0.16798598605475248  
  4640.44  0.16795522566987126  
  4640.94  0.1679244742299529   
  4641.44  0.1678937119387571   
  4641.94  0.16786297838382794  
  4642.44  0.16783223398200564  
  4642.94  0.1678015182978143   
  4643.44  0.1677707917711122   
  4643.94  0.16774009394342174  
  4644.44  0.16770938527760096  
  4644.94  0.1676787052921888   
  4645.44  0.16764801447302483  
  4645.94  0.1676173523156829   
  4646.44  0.16758669906418575  
  4646.94  0.16755603498550006  
  4647.44  0.16752539954079013  
  4647.94  0.16749475327326524  
  4648.44  0.1674641356211702   
  4648.94  0.16743350715063185  
  4649.44  0.16740290727699386  
  4649.94  0.16737229658928215  
  4650.44  0.1673417144799575   
  4650.94  0.16731114124463364  
  4651.45  0.16727992750785237  
  4651.95  0.1672493721983243   
  4652.45  0.16721880608568238  
  4652.95  0.16718826850502816  
  4653.45  0.16715773978067408  
  4653.95  0.1671272002597489   
  4654.45  0.16709668924313592  
  4654.95  0.1670661674343117   
  4655.45  0.16703567411136763  
  4655.95  0.16700517000057025  
  4656.45  0.16697469435723705  
  4656.95  0.16694420793040649  
  4657.45  0.16691374995264036  
  4657.95  0.1668832811957309   
  4658.45  0.16685284086950214  
  4658.95  0.1668224093609471   
  4659.45  0.16679196707977534  
  4659.95  0.16676155320174194  
  4660.45  0.16673112855544103  
  4660.95  0.16670073229393503  
  4661.45  0.16667032526850867  
  4661.95  0.1666399466095499   
  4662.45  0.16660955719101594  
  4662.95  0.1665791961206382   
  4663.45  0.16654884383648988  
  4663.95  0.16651848079927986  
  4664.45  0.16648814608279208  
  4664.95  0.16645780061758295  
  4665.45  0.16642748345482467  
  4665.95  0.1663971555476835   
  4666.45  0.16636685592473782  
  4666.95  0.1663365455617457   
  4667.45  0.16630626346470972  
  4667.95  0.16627599012260116  
  4668.45  0.16624570604694655  
  4668.95  0.16621545020992176  
  4669.45  0.16618518364368245  
  4669.95  0.16615494529787345  
  4670.45  0.1661246962271796   
  4670.95  0.16609447535873234  
  4671.45  0.16606424376972792  
  4671.95  0.16603404036480238  
  4672.45  0.16600384568364385  
  4672.95  0.16597364028841533  
  4673.45  0.1659434630500467   
  4673.95  0.16591327510193088  
  4674.45  0.16588311529254676  
  4674.95  0.1658529447777364   
  4675.45  0.16582280238354538  
  4675.95  0.16579264928824705  
  4676.45  0.16576252429547156  
  4676.95  0.16573240799544342  
  4677.45  0.16570228100078205  
  4677.95  0.1656721820815312   
  4678.45  0.16564207247196122  
  4678.95  0.16561199091974468  
  4679.45  0.16558189868152112  
  4679.95  0.16555183448260966  
  4680.45  0.16552175960200138  
  4680.95  0.1654917127426796   
  4681.45  0.16546167454522545  
  4681.95  0.16543162567253544  
  4682.45  0.1654016047941258   
  4682.95  0.16537157324478566  
  4683.45  0.1653415696717395   
  4683.95  0.16531155543206627  
  4684.45  0.16528156915071626  
  4684.95  0.16525157220704068  
  4685.45  0.16522160320373322  
  4685.95  0.1651916428315529   
  4686.45  0.16516167180349486  
  4686.95  0.16513172868890458  
  4687.45  0.16510177492273317  
  4687.95  0.16507184905211345  
  4688.45  0.1650419125342073   
  4688.95  0.16501200389395246  
  4689.45  0.16498208461070385  
  4689.95  0.16495219318722165  
  4690.45  0.16492231036426455  
  4690.95  0.16489241690474857  
  4691.45  0.16486255127820368  
  4691.95  0.16483267501938778  
  4692.45  0.16480282657569698  
  4692.95  0.16477296750402118  
  4693.45  0.1647431362296399   
  4693.95  0.16471329433155762  
  4694.45  0.16468348021295495  
  4694.95  0.16465365547493332  
  4695.45  0.16462385849859174  
  4695.95  0.16459407008555943  
  4696.45  0.16456427105952706  
  4696.95  0.16453449976850723  
  4697.45  0.16450471786876458  
  4697.95  0.16447496368627357  
  4698.45  0.1644451988993351   
  4698.95  0.16441546181190272  
  4699.45  0.16438571412429626  
  4699.95  0.16435599411846585  
  4700.45  0.1643262826456476   
  4700.95  0.16429656057906109  
  4701.45  0.16426686616768713  
  4701.95  0.1642371611668134   
  4702.45  0.16420748380346062  
  4702.95  0.1641777958548747   
  4703.45  0.16414813552613336  
  4703.95  0.16411846461642363  
  4704.45  0.16408882130889746  
  4704.95  0.16405918650422244  
  4705.45  0.16402954112497173  
  4705.95  0.1639999233214447   
  4706.45  0.16397029494760185  
  4706.95  0.16394069413185983  
  4707.45  0.16391108275006003  
  4707.95  0.16388149890875356  
  4708.45  0.16385190450564532  
  4708.95  0.16382233762543819  
  4709.45  0.16379277921805638  
  4709.95  0.16376321025525256  
  4710.45  0.16373366878899284  
  4710.95  0.16370411677156235  
  4711.45  0.16367459223312172  
  4711.95  0.16364505714775954  
  4712.45  0.1636155495238483   
  4712.95  0.16358603135726285  
  4713.45  0.16355654063460448  
  4713.95  0.16352705835488032  
  4714.45  0.16349756553884867  
  4714.95  0.16346810014048965  
  4715.45  0.16343862421006572  
  4715.95  0.16340917567982843  
  4716.45  0.1633797166217668   
  4716.95  0.163350284946421    
  4717.45  0.16332084274748962  
  4717.95  0.16329142791381832  
  4718.45  0.1632620214933238   
  4718.95  0.16323260455559743  
  4719.45  0.16320321495697865  
  4719.95  0.16317381484536186  
  4720.45  0.1631444420554346   
  4720.95  0.16311505875674134  
  4721.45  0.16308570276233458  
  4721.95  0.1630563362633919   
  4722.45  0.16302699705134768  
  4722.95  0.162997666222856    
  4723.45  0.16296832489616916  
  4723.95  0.16293901083032983  
  4724.45  0.16290968627052055  
  4724.95  0.16288038895420828  
  4725.45  0.16285108114814945  
  4725.95  0.16282180056825207  
  4726.45  0.16279250950282953  
  4726.95  0.1627632456462479   
  4727.45  0.1627339901437269   
  4727.95  0.16270472416200854  
  4728.45  0.16267548536318108  
  4728.95  0.1626462360893729   
  4729.45  0.16261701398117231  
  4729.95  0.16258778140220576  
  4730.45  0.1625585759715784   
  4730.95  0.16252936007439786  
  4731.45  0.16250017130830316  
  4731.95  0.16247097207986602  
  4732.45  0.1624417999652761   
  4732.96  0.1624120541043483   
  4733.46  0.16238289878883994  
  4733.96  0.16235373301944575  
  4734.46  0.16232459432930008  
  4734.96  0.16229544518947367  
  4735.46  0.1622663231117018   
  4735.96  0.1622372093325788   
  4736.46  0.16220808511007842  
  4736.96  0.1621789879238722   
  4737.46  0.16214988029848898  
  4737.96  0.16212079969224288  
  4738.46  0.16209170865101818  
  4738.96  0.1620626446117884   
  4739.46  0.16203357014177652  
  4739.96  0.1620045226566321   
  4740.46  0.16197548344102328  
  4740.96  0.16194643380092288  
  4741.46  0.16191741112002905  
  4741.96  0.16188837801883532  
  4742.46  0.1618593718597575   
  4742.96  0.16183035528456957  
  4743.46  0.1618013656344216   
  4743.96  0.1617723655723514   
  4744.46  0.16174339241825977  
  4744.96  0.16171442750472023  
  4745.46  0.1616854521855361   
  4745.96  0.16165650374876875  
  4746.46  0.16162754491053996  
  4746.96  0.1615986129377033   
  4747.46  0.16156967056758637  
  4747.96  0.16154075504585147  
  4748.46  0.16151182913101564  
  4748.96  0.16148293004756636  
  4749.46  0.16145403917581444  
  4749.96  0.16142513791722635  
  4750.46  0.1613962634645616   
  4750.96  0.1613673786292352   
  4751.46  0.16133852058287315  
  4751.96  0.16130965215802207  
  4752.46  0.16128081050519077  
  4752.96  0.1612519584780412   
  4753.46  0.1612231332059815   
  4753.96  0.16119431611689278  
  4754.46  0.1611654886597376   
  4754.96  0.16113668793230726  
  4755.46  0.16110787684097647  
  4755.96  0.1610790924624768   
  4756.46  0.1610502977242407   
  4756.96  0.16102152968195654  
  4757.46  0.16099275128409815  
  4757.96  0.1609639995653269   
  4758.46  0.16093525600092765  
  4758.96  0.16090650208719323  
  4759.46  0.16087777482727855  
  4759.96  0.16084903722218613  
  4760.46  0.16082032625408474  
  4760.96  0.1607916049449611   
  4761.46  0.1607629102560142   
  4761.96  0.1607342052301987   
  4762.46  0.16070552680776004  
  4762.96  0.16067685651122138  
  4763.46  0.16064817588404026  
  4763.96  0.16061952183506586  
  4764.46  0.1605908574595979   
  4764.96  0.1605622196455726   
  4765.46  0.16053357150920075  
  4765.96  0.1605049499175219   
  4766.46  0.16047631800764156  
  4766.96  0.16044771262571897  
  4767.46  0.16041909692973802  
  4767.96  0.16039050774499378  
  4768.46  0.16036192665152132  
  4768.96  0.16033333525020116  
  4769.46  0.1603047703350656   
  4769.96  0.1602761951162207   
  4770.46  0.16024764636687516  
  4770.96  0.1602190873179568   
  4771.46  0.16019055472186666  
  4771.96  0.16016201183033849  
  4772.46  0.16013349537498164  
  4772.96  0.160104986982704    
  4773.46  0.16007646830118602  
  4773.96  0.1600479760308835   
  4774.46  0.1600194734754706   
  4774.96  0.15999099731465183  
  4775.46  0.15996251087285068  
  4775.96  0.15993405080903655  
  4776.46  0.1599055804683662   
  4776.96  0.15987713648908988  
  4777.46  0.15984870054482483  
  4777.96  0.15982025432988856  
  4778.46  0.15979183445148606  
  4778.96  0.15976340430653377  
  4779.46  0.15973500048155764  
  4779.5   0.159732714624186    
  4780.5   0.15967593231999241  
  4781.5   0.15961916380186594  
  4782.5   0.1595624273316472   
  4783.5   0.15950572288454826  
  4784.5   0.15944905043580568  
  4785.5   0.15939240996068027  
  4786.5   0.1593358014344571   
  4787.5   0.15927922483244555  
  4788.5   0.15922268012997925  
  4789.5   0.15916616730241598  
  4790.5   0.159109704498638    
  4791.5   0.15905325533681164  
  4792.5   0.15899683797611452  
  4793.5   0.15894045239200105  
  4794.5   0.15888409855994956  
  4795.5   0.1588277764554625   
  4796.5   0.15877148605406627  
  4797.5   0.15871522733131133  
  4798.5   0.15865900026277197  
  4799.5   0.1586028229056805   
  4800.5   0.15854665906222262  
  4801.5   0.15849052679985456  
  4802.5   0.15843442609424627  
  4803.5   0.15837835692109128  
  4804.5   0.1583223192561071   
  4805.5   0.15826631307503483  
  4806.5   0.15821033835363946  
  4807.5   0.15815439506770948  
  4808.5   0.15809850118346017  
  4809.5   0.15804262068582325  
  4810.5   0.15798677155116717  
  4811.5   0.15793095375537497  
  4812.5   0.1578751672743533   
  4813.5   0.15781941208403225  
  4814.5   0.15776368816036548  
  4815.5   0.15770799547933015  
  4816.5   0.15765233401692674  
  4817.5   0.1575967216489808   
  4818.5   0.15754112254190802  
  4819.5   0.15748555458161687  
  4820.5   0.15743001774420143  
  4821.5   0.157374512005779    
  4822.5   0.1573190373424902   
  4823.5   0.1572635937304989   
  4824.5   0.1572081811459921   
  4825.5   0.1571527995651802   
  4826.5   0.1570974489642965   
  4827.5   0.15704214711946227  
  4828.5   0.156986858397276    
  4829.5   0.1569316005838646   
  4830.5   0.1568763736555539   
  4831.5   0.1568211775886928   
  4832.5   0.156766012359653    
  4833.5   0.1567108779448295   
  4834.5   0.1566557743206399   
  4835.5   0.156600701463525    
  4836.5   0.1565456770605227   
  4837.5   0.15649066565708714  
  4838.5   0.1564356849501931   
  4839.5   0.1563807349163727   
  4840.5   0.15632581553218078  
  4841.5   0.156270926774195    
  4842.5   0.15621606861901574  
  4843.5   0.15616124104326606  
  4844.5   0.1561064440235917   
  4845.5   0.1560516951585578   
  4846.5   0.15599695917124615  
  4847.5   0.15594225367009035  
  4848.5   0.15588757863182662  
  4849.5   0.15583293403321372  
  4850.5   0.1557783198510329   
  4851.5   0.15572373606208795  
  4852.5   0.15566918264320503  
  4853.5   0.1556146595712328   
  4854.5   0.15556018435686886  
  4855.5   0.15550572189960502  
  4856.5   0.15545128971993966  
  4857.5   0.15539688779481095  
  4858.5   0.15534251610117933  
  4859.5   0.15528817461602756  
  4860.5   0.15523386331636063  
  4861.5   0.15517958217920577  
  4862.5   0.15512533118161237  
  4863.5   0.1550711103006521   
  4864.5   0.15501693695009486  
  4865.5   0.15496277622402946  
  4866.5   0.15490864554595216  
  4867.5   0.154854544893023    
  4868.5   0.1548004742424241   
  4869.5   0.15474643357135956  
  4870.5   0.15469242285705556  
  4871.5   0.15463844207676014  
  4872.5   0.15458449120774337  
  4873.5   0.15453058757716798  
  4874.5   0.15447669645299744  
  4875.5   0.1544228351720544   
  4876.5   0.15436900371169637  
  4877.5   0.15431520204930277  
  4878.5   0.15426143016227473  
  4879.5   0.15420768802803517  
  4880.5   0.15415397562402886  
  4881.5   0.1541002929277221   
  4882.5   0.15404665718025953  
  4883.5   0.15399303382229443  
  4884.5   0.15393944010456534  
  4885.5   0.15388587600462533  
  4886.5   0.1538323415000489   
  4887.5   0.15377883656843222  
  4888.5   0.15372536118739302  
  4889.5   0.15367191533457053  
  4890.5   0.15361849898762533  
  4891.5   0.15356512930226793  
  4892.5   0.1535117718906667   
  4893.5   0.1534584439180608   
  4894.5   0.15340514536219657  
  4895.5   0.15335187620084176  
  4896.5   0.15329863641178548  
  4897.5   0.15324542597283813  
  4898.5   0.15319224486183142  
  4899.5   0.15313909305661833  
  4900.5   0.153085970535073    
  4901.5   0.1530328943586575   
  4902.5   0.15297983032874793  
  4903.5   0.15292679551626312  
  4904.5   0.15287378989916187  
  4905.5   0.15282081345542434  
  4906.5   0.15276786616305155  
  4907.5   0.1527149480000657   
  4908.5   0.15266205894451004  
  4909.5   0.15260919897444883  
  4910.5   0.1525563850671262   
  4911.5   0.1525035831929869   
  4912.5   0.15245081033866775  
  4913.5   0.15239806648231674  
  4914.5   0.1523453516021029   
  4915.5   0.15229266567621605  
  4916.5   0.1522400086828669   
  4917.5   0.152187380600287    
  4918.5   0.15213478140672862  
  4919.5   0.15208222799578655  
  4920.5   0.15202968650583074  
  4921.5   0.15197717383978496  
  4922.5   0.1519246899759845   
  4923.5   0.15187223489278528  
  4924.5   0.15181980856856403  
  4925.5   0.1517674109817179   
  4926.5   0.15171504211066475  
  4927.5   0.15166270193384307  
  4928.5   0.1516104072617619   
  4929.5   0.15155812439958258  
  4930.5   0.15150587016708028  
  4931.5   0.1514536445427754   
  4932.5   0.15140144750520904  
  4933.5   0.15134927903294262  
  4934.5   0.151297139104558    
  4935.5   0.15124502769865744  
  4936.5   0.15119294479386358  
  4937.5   0.1511408903688194   
  4938.5   0.15108888114237137  
  4939.5   0.15103688360368758  
  4940.5   0.15098491448081114  
  4941.5   0.1509329737524661   
  4942.5   0.1508810613973969   
  4943.5   0.1508291773943681   
  4944.5   0.15077732172216446  
  4945.5   0.15072549435959084  
  4946.5   0.1506736952854724   
  4947.5   0.1506219411367439   
  4948.5   0.15057019856700354  
  4949.5   0.1505184842223208   
  4950.5   0.15046679808160118  
  4951.5   0.15041514012376994  
  4952.5   0.15036351032777254  
  4953.5   0.15031190867257438  
  4954.5   0.1502603351371607   
  4955.5   0.1502087897005368   
  4956.5   0.1501572889182748   
  4957.5   0.150105799607299    
  4958.5   0.15005433833225476  
  4959.5   0.15000290507222694  
  4960.5   0.14995149980632     
  4961.5   0.1499001225136583   
  4962.5   0.14984877317338602  
  4963.5   0.14979745176466697  
  4964.5   0.14974615826668478  
  4965.5   0.1496949091541929   
  4966.5   0.1496436714063475   
  4967.5   0.1495924615069145   
  4968.5   0.1495412794351562   
  4969.5   0.14949012517035443  
  4970.5   0.14943899869181068  
  4971.5   0.149387899978846    
  4972.5   0.14933682901080095  
  4973.5   0.1492857857670356   
  4974.5   0.14923477022692963  
  4975.5   0.14918379877607024  
  4976.5   0.14913283857259962  
  4977.5   0.1490819060110505   
  4978.5   0.14903100107088027  
  4979.5   0.14898012373156572  
  4980.5   0.14892927397260292  
  4981.5   0.14887845177350736  
  4982.5   0.14882765711381385  
  4983.5   0.14877688997307645  
  4984.5   0.14872616665719757  
  4985.5   0.14867545448427116  
  4986.5   0.14862476976908529  
  4987.5   0.1485741124912711   
  4988.5   0.1485234826304787   
  4989.5   0.14847288016637766  
  4990.5   0.1484223050786565   
  4991.5   0.1483717573470229   
  4992.5   0.1483212369512037   
  4993.5   0.14827076011794627  
  4994.5   0.14822029432423064  
  4995.5   0.14816985580563072  
  4996.5   0.14811944454194947  
  4997.5   0.1480690605130089   
  4998.5   0.14801870369864992  
  4999.5   0.14796837407873245  
  5000.5   0.14791807163313533  
  5001.5   0.14786779634175629  
  5002.5   0.14781756435271323  
  5003.5   0.14776734330081556  
  5004.5   0.14771714934294888  
  5005.5   0.14766698245908635  
  5006.5   0.14761684262921995  
  5007.5   0.14756672983336033  
  5008.5   0.14751664405153705  
  5009.5   0.1474665852637983   
  5010.5   0.14741655345021099  
  5011.5   0.1473665485908608   
  5012.5   0.14731658674711007  
  5013.5   0.1472666357279063   
  5014.5   0.14721671160331487  
  5015.5   0.14716681435349593  
  5016.5   0.14711694395862834  
  5017.5   0.14706710039890936  
  5018.5   0.14701728365455485  
  5019.5   0.1469674937057993   
  5020.5   0.1469177305328956   
  5021.5   0.1468680101196715   
  5022.5   0.14681830043070204  
  5023.5   0.14676861745846034  
  5024.5   0.14671896118327304  
  5025.5   0.1466693315854853   
  5026.5   0.14661972864546058  
  5027.5   0.14657015234358073  
  5028.5   0.14652060266024594  
  5029.5   0.14647107957587466  
  5030.5   0.14642159899727195  
  5031.5   0.14637212904361113  
  5032.5   0.14632268563028533  
  5033.5   0.146273268737786    
  5034.5   0.146223878346623    
  5035.5   0.14617451443732418  
  5036.5   0.14612517699043573  
  5037.5   0.14607586598652186  
  5038.5   0.14602658140616498  
  5039.5   0.145977339079655    
  5040.5   0.14592810727974276  
  5041.5   0.1458789018452495   
  5042.5   0.14582972275682993  
  5043.5   0.14578056999515673  
  5044.5   0.1457314435409207   
  5045.5   0.14568234337483052  
  5046.5   0.14563326947761288  
  5047.5   0.14558422183001238  
  5048.5   0.14553520041279164  
  5049.5   0.14548622097181352  
  5050.5   0.14543725194928458  
  5051.5   0.14538830909953662  
  5052.5   0.14533939240340363  
  5053.5   0.14529050184173747  
  5054.5   0.14524163739540785  
  5055.5   0.14519279904530225  
  5056.5   0.14514398677232587  
  5057.5   0.14509520055740172  
  5058.5   0.1450464560709352   
  5059.5   0.1449977219065837   
  5060.5   0.14494901374316568  
  5061.5   0.14490033156167495  
  5062.5   0.14485167534312288  
  5063.5   0.14480304506853847  
  5064.5   0.1447544407189684   
  5065.5   0.14470586227547677  
  5066.5   0.14465730971914542  
  5067.5   0.14460879864541692  
  5068.5   0.1445602977984049   
  5069.5   0.1445118227819098   
  5070.5   0.14446337357708333  
  5071.5   0.14441495016509487  
  5072.5   0.1443665525271311   
  5073.5   0.14431818064439628  
  5074.5   0.1442698344981119   
  5075.5   0.14422151406951697  
  5076.5   0.14417323487958159  
  5077.5   0.14412496582188966  
  5078.5   0.14407672242571426  
  5079.5   0.1440285046723637   
  5080.5   0.14398031254316357  
  5081.5   0.14393214601945678  
  5082.5   0.14388400508260346  
  5083.5   0.143835889713981    
  5084.5   0.14378779989498397  
  5085.5   0.14373973560702413  
  5086.5   0.14369171228889435  
  5087.5   0.14364369899911061  
  5088.5   0.1435957111847084   
  5089.5   0.143547748827168    
  5090.5   0.1434998119079869   
  5091.5   0.14345190040867967  
  5092.5   0.14340401431077787  
  5093.5   0.14335615359583018  
  5094.5   0.1433083182454022   
  5095.5   0.14326052362483632  
  5096.5   0.14321273894006392  
  5097.5   0.14316497956461607  
  5098.5   0.1431172454801264   
  5099.5   0.1430695366682453   
  5100.5   0.1430218531106402   
  5101.5   0.1429741947889954   
  5102.5   0.14292656168501197  
  5103.5   0.142878953780408    
  5104.5   0.14283138636755327  
  5105.5   0.14278382879883358  
  5106.5   0.14273629637475413  
  5107.5   0.14268878907710006  
  5108.5   0.14264130688767337  
  5109.5   0.14259384978829276  
  5110.5   0.1425464177607937   
  5111.5   0.14249901078702829  
  5112.5   0.14245162884886528  
  5113.5   0.1424042871661761   
  5114.5   0.1423569552368479   
  5115.5   0.14230964828883433  
  5116.5   0.14226236630407074  
  5117.5   0.1422151092645091   
  5118.5   0.14216787715211787  
  5119.5   0.14212066994888217  
  5120.5   0.1420734876368036   
  5121.5   0.14202633019790029  
  5122.5   0.1419791976142068   
  5123.5   0.14193210502559142  
  5124.5   0.14188502209050213  
  5125.5   0.14183796395683115  
  5126.5   0.14179093060667888  
  5127.5   0.14174392202216216  
  5128.5   0.14169693818541418  
  5129.5   0.14164997907858456  
  5130.5   0.14160304468383925  
  5131.5   0.14155613498336053  
  5132.5   0.14150926504550584  
  5133.5   0.14146240467223867  
  5134.5   0.14141556893988846  
  5135.5   0.14136875783070257  
  5136.5   0.14132197132694474  
  5137.5   0.14127520941089483  
  5138.5   0.14122847206484895  
  5139.5   0.1411817592711194   
  5140.5   0.14113507101203457  
  5141.5   0.14108842228490326  
  5142.5   0.1410417830342756   
  5143.5   0.1409951682653806   
  5144.5   0.1409485779606113   
  5145.5   0.14090201210237666  
  5146.5   0.14085547067310178  
  5147.5   0.1408089536552279   
  5148.5   0.14076246103121212  
  5149.5   0.1407159927835277   
  5150.5   0.14066956383889268  
  5151.5   0.1406231442835229   
  5152.5   0.14057674905200557  
  5153.5   0.14053037812687774  
  5154.5   0.14048403149069233  
  5155.5   0.14043770912601833  
  5156.5   0.14039141101544042  
  5157.5   0.14034513714155927  
  5158.5   0.1402988874869914   
  5159.5   0.14025266203436915  
  5160.5   0.14020647563250904  
  5161.5   0.14016029852396267  
  5162.5   0.14011414556535923  
  5163.5   0.14006801673939429  
  5164.5   0.1400219120287791   
  5165.5   0.13997583141624054  
  5166.5   0.13992977488452138  
  5167.5   0.1398837424163799   
  5168.5   0.13983773399459026  
  5169.5   0.13979176439833335  
  5170.5   0.1397458040099065   
  5171.5   0.13969986761625297  
  5172.5   0.13965395520020943  
  5173.5   0.13960806674462803  
  5174.5   0.13956220223237656  
  5175.5   0.13951636164633827  
  5176.5   0.13947054496941202  
  5177.5   0.13942475218451222  
  5178.5   0.1393789980016309   
  5179.5   0.13933325294191312  
  5180.5   0.13928753172306338  
  5181.5   0.13924183432805798  
  5182.5   0.1391961607398886   
  5183.5   0.13915051094156244  
  5184.5   0.13910488491610207  
  5185.5   0.13905928264654538  
  5186.5   0.13901370411594574  
  5187.5   0.13896816396554917  
  5188.5   0.1389226328544581   
  5189.5   0.1388771254315815   
  5190.5   0.13883164168003403  
  5191.5   0.13878618158294556  
  5192.5   0.1387407451234613   
  5193.5   0.13869533228474165  
  5194.5   0.1386499430499623   
  5195.5   0.1386045774023142   
  5196.5   0.13855923532500336  
  5197.5   0.1385139313834063   
  5198.5   0.1384686363888763   
  5199.5   0.1384233649143983   
  5200.5   0.13837811694323907  
  5201.5   0.13833289245868038  
  5202.5   0.13828769144401923  
  5203.5   0.13824251388256767  
  5204.5   0.1381973597576528   
  5205.5   0.13815222905261676  
  5206.5   0.13810713626501356  
  5207.5   0.13806205234229746  
  5208.5   0.13801699178958218  
  5209.5   0.13797195459026998  
  5210.5   0.13792694072777795  
  5211.5   0.13788195018553828  
  5212.5   0.13783698294699803  
  5213.5   0.13779203899561923  
  5214.5   0.13774711831487874  
  5215.5   0.13770223533493997  
  5216.5   0.1376573611384899   
  5217.5   0.1376125101632034   
  5218.5   0.1375676823926168   
  5219.5   0.13752287781028136  
  5220.5   0.13747809639976302  
  5221.5   0.13743333814464256  
  5222.5   0.13738860302851558  
  5223.5   0.13734389103499234  
  5224.5   0.13729921652727414  
  5225.5   0.1372545507224194   
  5226.5   0.137209907991093    
  5227.5   0.13716528831696417  
  5228.5   0.13712069168371677  
  5229.5   0.13707611807504932  
  5230.5   0.13703156747467501  
  5231.5   0.13698703986632163  
  5232.5   0.13694253523373165  
  5233.5   0.13689805356066206  
  5234.5   0.13685360913640984  
  5235.5   0.1368091733263339   
  5236.5   0.1367647604271421   
  5237.5   0.13672037042264973  
  5238.5   0.1366760032966865   
  5239.5   0.1366316590330968   
  5240.5   0.13658733761573932  
  5241.5   0.13654303902848736  
  5242.5   0.13649876325522858  
  5243.5   0.13645452451919107  
  5244.5   0.1364102943183098   
  5245.5   0.13636608688317658  
  5246.5   0.1363219021977369   
  5247.5   0.1362777402459504   
  5248.5   0.1362336010117913   
  5249.5   0.13618948447924797  
  5250.5   0.13614539063232328  
  5251.5   0.13610131945503431  
  5252.5   0.136057285104958    
  5253.5   0.13601325921176555  
  5254.5   0.13596925594035109  
  5255.5   0.13592527527478876  
  5256.5   0.13588131719916713  
  5257.5   0.13583738169758877  
  5258.5   0.13579346875417067  
  5259.5   0.1357495783530439   
  5260.5   0.1357057104783537   
  5261.5   0.13566187922244025  
  5262.5   0.13561805634587815  
  5263.5   0.1355742559482784   
  5264.5   0.13553047801384285  
  5265.5   0.13548672252678742  
  5266.5   0.1354429894713421   
  5267.5   0.13539927883175099  
  5268.5   0.1353555905922722   
  5269.5   0.13531192473717787  
  5270.5   0.13526828125075427  
  5271.5   0.1352246741533382   
  5272.5   0.13518107534998378  
  5273.5   0.13513749886824764  
  5274.5   0.13509394469247202  
  5275.5   0.1350504128070129   
  5276.5   0.1350069031962404   
  5277.5   0.1349634158445384   
  5278.5   0.13491995073630478  
  5279.5   0.13487650785595123  
  5280.5   0.13483310115944208  
  5281.5   0.13478970268099782  
  5282.5   0.13474632638375708  
  5283.5   0.13470297225218697  
  5284.5   0.13465964027076843  
  5285.5   0.13461633042399623  
  5286.5   0.13457304269637893  
  5287.5   0.13452977707243882  
  5288.5   0.13448653353671194  
  5289.5   0.1344433259811943   
  5290.5   0.1344001265684603   
  5291.5   0.13435694919763505  
  5292.5   0.13431379385330955  
  5293.5   0.13427066052008832  
  5294.5   0.1342275491825897   
  5295.5   0.13418445982544563  
  5296.5   0.13414139243330161  
  5297.5   0.13409834699081685  
  5298.5   0.13405533732642008  
  5299.5   0.13401233573023358  
  5300.5   0.13396935603777047  
  5301.5   0.13392639823374416  
  5302.5   0.1338834623028818   
  5303.5   0.13384054822992403  
  5304.5   0.13379765599962493  
  5305.5   0.13375478559675213  
  5306.5   0.13371193700608675  
  5307.5   0.13366911021242342  
  5308.5   0.13362631897402677  
  5309.5   0.1335835357218019   
  5310.5   0.1335407742210485   
  5311.5   0.1334980344566149   
  5312.5   0.13345531641336286  
  5313.5   0.1334126200761675   
  5314.5   0.13336994542991742  
  5315.5   0.1333272924595144   
  5316.5   0.13328466114987383  
  5317.5   0.13324206519652912  
  5318.5   0.13319947715625277  
  5319.5   0.13315691073156932  
  5320.5   0.13311436590744719  
  5321.5   0.13307184266886815  
  5322.5   0.1330293410008272   
  5323.5   0.13298686088833261  
  5324.5   0.1329444023164059   
  5325.5   0.13290196527008172  
  5326.5   0.1328595633825538   
  5327.5   0.13281716933567567  
  5328.5   0.1327747967695882   
  5329.5   0.13273244566937886  
  5330.5   0.13269011602014827  
  5331.5   0.13264780780701008  
  5332.5   0.13260552101509118  
  5333.5   0.13256325562953156  
  5334.5   0.1325210116354842   
  5335.5   0.132478802604191    
  5336.5   0.13243660134180663  
  5337.5   0.13239442142647687  
  5338.5   0.13235226284340693  
  5339.5   0.13231012557781519  
  5340.5   0.13226800961493287  
  5341.5   0.13222591494000432  
  5342.5   0.13218384153828677  
  5343.5   0.13214178939505053  
  5344.5   0.1320997584955787   
  5345.5   0.13205776234272917  
  5346.5   0.13201577387986202  
  5347.5   0.13197380661669125  
  5348.5   0.1319318605385517   
  5349.5   0.1318899356307911   
  5350.5   0.13184803187877003  
  5351.5   0.1318061492678621   
  5352.5   0.13176428778345348  
  5353.5   0.13172244741094344  
  5354.5   0.1316806415920473   
  5355.5   0.13163884339279974  
  5356.5   0.13159706626172973  
  5357.5   0.13155531018428754  
  5358.5   0.13151357514593623  
  5359.5   0.13147186113215167  
  5360.5   0.13143016812842245  
  5361.5   0.13138849612024983  
  5362.5   0.1313468450931478   
  5363.5   0.13130522842806808  
  5364.5   0.13126361931295882  
  5365.5   0.1312220311355429   
  5366.5   0.13118046388138502  
  5367.5   0.13113891753606255  
  5368.5   0.13109739208516533  
  5369.5   0.13105588751429606  
  5370.5   0.13101440380906978  
  5371.5   0.13097294095511433  
  5372.5   0.1309315122729933   
  5373.5   0.13089009107181349  
  5374.5   0.13084869067886767  
  5375.5   0.1308073110798339   
  5376.5   0.1307659522604026   
  5377.5   0.1307246142062768   
  5378.5   0.1306832969031719   
  5379.5   0.13064200033681592  
  5380.5   0.13060072449294927  
  5381.5   0.13055946935732485  
  5382.5   0.13051824818384525  
  5383.5   0.13047703441536004  
  5384.5   0.1304358413124548   
  5385.5   0.13039466886093215  
  5386.5   0.13035351704660697  
  5387.5   0.13031238585530663  
  5388.5   0.13027127527287075  
  5389.5   0.13023018528515143  
  5390.5   0.13018911587801296  
  5391.5   0.13014808024575356  
  5392.5   0.13010705195080666  
  5393.5   0.13006604419411213  
  5394.5   0.1300250569615836   
  5395.5   0.1299840902391468   
  5396.5   0.12994314401274     
  5397.5   0.12990221826831336  
  5398.5   0.12986131299182957  
  5399.5   0.12982042816926334  
  5400.5   0.12980601126341096  
  5401.5   0.1298180252195643   
  5402.5   0.1298300457988865   
  5403.5   0.12984205753118525  
  5404.5   0.1298540758858387   
  5405.5   0.1298660853955174   
  5406.5   0.12987809379470605  
  5407.5   0.12989010881502872  
  5408.5   0.12990211499344675  
  5409.5   0.12991412779218509  
  5410.5   0.12992613175106404  
  5411.5   0.12993814232944992  
  5412.5   0.12995014407002034  
  5413.5   0.12996215242928452  
  5414.5   0.12997415195277576  
  5415.5   0.12998615036854463  
  5416.5   0.12999815540178802  
  5417.5   0.13001015160231946  
  5418.5   0.13002215441951276  
  5419.5   0.13003414840603325  
  5420.5   0.13004614900840325  
  5421.5   0.13005814078213818  
  5422.5   0.13007013917091043  
  5423.5   0.1300821287330841   
  5424.5   0.1300941171902916   
  5425.5   0.13010611226131868  
  5426.5   0.130118098508799    
  5427.5   0.13013009136928724  
  5428.5   0.13014207540826184  
  5429.5   0.13015406605943297  
  5430.5   0.13016604789112216  
  5431.5   0.1301780363341967   
  5432.5   0.13019001595981966  
  5433.5   0.13020199448322117  
  5434.5   0.13021397961679188  
  5435.5   0.13022595593595365  
  5436.5   0.13023793886447405  
  5437.5   0.13024991298061253  
  5438.5   0.13026189370529923  
  5439.5   0.13027386561962967  
  5440.5   0.13028584414169816  
  5441.5   0.13029781385543474  
  5442.5   0.1303097824696833   
  5443.5   0.13032175769045518  
  5444.5   0.1303337241059288   
  5445.5   0.1303456971271162   
  5446.5   0.1303576613450263   
  5447.5   0.13036963216784078  
  5448.5   0.1303815941893976   
  5449.5   0.13039356281504963  
  5450.5   0.13040552264146235  
  5451.5   0.13041748137110917  
  5452.5   0.130429446703638    
  5453.5   0.13044140323995215  
  5454.5   0.13045336637833974  
  5455.5   0.13046532072252762  
  5456.5   0.13047728166798053  
  5457.5   0.13048923382124744  
  5458.5   0.1305011925749712   
  5459.5   0.1305131425385213   
  5460.5   0.13052509140801638  
  5461.5   0.13053704687675668  
  5462.5   0.13054899355833896  
  5463.5   0.13056094683835884  
  5464.5   0.13057289133322975  
  5465.5   0.13058484242573087  
  5466.5   0.13059678473509068  
  5467.5   0.13060873364127357  
  5468.5   0.13062067376632158  
  5469.5   0.1306326128000143   
  5470.5   0.13064455842932     
  5471.5   0.13065649528049747  
  5472.5   0.1306684387264813   
  5473.5   0.13068037339634003  
  5474.5   0.13069231466019868  
  5475.5   0.13070424714993403  
  5476.5   0.1307161862328632   
  5477.5   0.13072811654366953  
  5478.5   0.13074005344686368  
  5479.5   0.1307519815799341   
  5480.5   0.130763908624934    
  5481.5   0.1307758422611134   
  5482.5   0.13078776713016502  
  5483.5   0.13079969858959087  
  5484.5   0.13081162128388468  
  5485.5   0.13082355056774758  
  5486.5   0.13083547108847304  
  5487.5   0.13084739819796265  
  5488.5   0.13085931654630809  
  5489.5   0.13087123380925816  
  5490.5   0.13088315765976558  
  5491.5   0.13089507275211587  
  5492.5   0.13090699443121917  
  5493.5   0.1309189073541553   
  5494.5   0.1309308268630403   
  5495.5   0.13094273761774686  
  5496.5   0.13095465495759834  
  5497.5   0.1309665635452587   
  5498.5   0.130978471050188    
  5499.5   0.13099038513905698  
  5500.5   0.13100229047871315  
  5501.5   0.13101420240150558  
  5502.5   0.13102610557706937  
  5503.5   0.1310380153349663   
  5504.5   0.13104991634761742  
  5505.5   0.13106182394179877  
  5506.5   0.13107372279271584  
  5507.5   0.13108562056355524  
  5508.5   0.13109752491472107  
  5509.5   0.13110942052559213  
  5510.5   0.13112132271598734  
  5511.5   0.1311332161680661   
  5512.5   0.13114511619886687  
  5513.5   0.1311570074933282   
  5514.5   0.13116890536570963  
  5515.5   0.13118079450372733  
  5516.5   0.13119268256430996  
  5517.5   0.13120457720161038  
  5518.5   0.13121646310750795  
  5519.5   0.13122835558932197  
  5520.5   0.13124023934170564  
  5521.5   0.1312521296692047   
  5522.5   0.1312640112692446   
  5523.5   0.131275899443599    
  5524.5   0.1312877788924642   
  5525.5   0.13129965726652612  
  5526.5   0.1313115422137017   
  5527.5   0.1313234184383403   
  5528.5   0.13133530123529225  
  5529.5   0.13134717531167395  
  5530.5   0.13135905595956887  
  5531.5   0.13137092788885904  
  5532.5   0.13138280638886254  
  5533.5   0.1313946761722255   
  5534.5   0.13140654488340622  
  5535.5   0.13141842016410102  
  5536.5   0.13143028673109883  
  5537.5   0.13144215986681132  
  5538.5   0.13145402429078784  
  5539.5   0.13146589528268     
  5540.5   0.13147775756479588  
  5541.5   0.13148962641402845  
  5542.5   0.13150148655544325  
  5543.5   0.1315133456272864   
  5544.5   0.1315252112650484   
  5545.5   0.13153706819792768  
  5546.5   0.13154893169592757  
  5547.5   0.13156078649099995  
  5548.5   0.13157264785039482  
  5549.5   0.13158450050881626  
  5550.5   0.1315963597307623   
  5551.5   0.13160821025368763  
  5552.5   0.13162006733933998  
  5553.5   0.1316319157279231   
  5554.5   0.13164376305011075  
  5555.5   0.13165561693382946  
  5556.5   0.13166746212340352  
  5557.5   0.1316793138737115   
  5558.5   0.1316911569318232   
  5559.5   0.131703006549872    
  5560.5   0.13171484747767156  
  5561.5   0.13172669496461156  
  5562.5   0.13173853376324815  
  5563.5   0.13175037149807636  
  5564.5   0.13176221579085057  
  5565.5   0.13177405139823745  
  5566.5   0.13178589356277426  
  5567.5   0.13179772704386641  
  5568.5   0.13180956708131264  
  5569.5   0.13182139843725565  
  5570.5   0.1318332363487571   
  5571.5   0.13184506558069553  
  5572.5   0.1318568937514022   
  5573.5   0.13186872847647427  
  5574.5   0.13188055452489103  
  5575.5   0.13189238712687812  
  5576.5   0.13190421105414699  
  5577.5   0.1319160415341913   
  5578.5   0.13192786334145315  
  5579.5   0.1319396917006959   
  5580.5   0.1319515113890907   
  5581.5   0.13196333001881996  
  5582.5   0.13197515519933867  
  5583.5   0.13198697171190868  
  5584.5   0.13199879477447404  
  5585.5   0.13201060917102223  
  5586.5   0.13202243011677187  
  5587.5   0.13203424239843453  
  5588.5   0.13204606122850507  
  5589.5   0.13205787139641756  
  5590.5   0.13206968050822043  
  5591.5   0.1320814961672412   
  5592.5   0.13209330316699486  
  5593.5   0.13210511671317335  
  5594.5   0.13211692160201058  
  5595.5   0.13212873303647976  
  5596.5   0.13214053581553237  
  5597.5   0.13215234513942434  
  5598.5   0.13216414580982314  
  5599.5   0.1321759454266579   
  5600.5   0.1321877515871436   
  5601.5   0.13219954909701861  
  5602.5   0.13221135314975252  
  5603.5   0.1322231485537961   
  5604.5   0.13223495049990666  
  5605.5   0.13224674379924606  
  5606.5   0.13225854363986078  
  5607.5   0.13227033483562223  
  5608.5   0.13228212498035505  
  5609.5   0.1322939216651763   
  5610.5   0.13230570970801853  
  5611.5   0.13231750429015807  
  5612.5   0.1323292902322334   
  5613.5   0.1323410827128152   
  5614.5   0.1323528665552464   
  5615.5   0.1323646569353934   
  5616.5   0.13237643867930216  
  5617.5   0.1323882193747076   
  5618.5   0.1324000066066435   
  5619.5   0.13241178520520708  
  5620.5   0.13242357033951105  
  5621.5   0.13243534684235206  
  5622.5   0.1324471298801436   
  5623.5   0.13245890428838025  
  5624.5   0.13247068523077782  
  5625.5   0.13248245754552743  
  5626.5   0.1324942363936485   
  5627.5   0.1325060066160273   
  5628.5   0.13251777579297552  
  5629.5   0.13252955150211165  
  5630.5   0.1325413185883614   
  5631.5   0.13255309220601022  
  5632.5   0.13256485720267536  
  5633.5   0.1325766287299509   
  5634.5   0.13258839163814418  
  5635.5   0.13260016107615946  
  5636.5   0.1326119218969927   
  5637.5   0.1326236816748983   
  5638.5   0.13263544798144383  
  5639.5   0.13264720567365507  
  5640.5   0.1326589698937184   
  5641.5   0.13267072550134465  
  5642.5   0.13268248763603535  
  5643.5   0.132694241160185    
  5644.5   0.13270600121061168  
  5645.5   0.13271775265239208  
  5646.5   0.13272950305373776  
  5647.5   0.1327412599801799   
  5648.5   0.13275300830081543  
  5649.5   0.1327647631457606   
  5650.5   0.13277650938679086  
  5651.5   0.13278826215134418  
  5652.5   0.13280000631387318  
  5653.5   0.1328117569991388   
  5654.5   0.13282349908426955  
  5655.5   0.1328352401314486   
  5656.5   0.13284698770018516  
  5657.5   0.13285872667161838  
  5658.5   0.13287047216382328  
  5659.5   0.13288220906061124  
  5660.5   0.13289395247738525  
  5661.5   0.13290568730062752  
  5662.5   0.13291742864307046  
  5663.5   0.13292916139386562  
  5664.5   0.13294089310918233  
  5665.5   0.13295263134252205  
  5666.5   0.13296436098703754  
  5667.5   0.13297609714879124  
  5668.5   0.13298782472360177  
  5669.5   0.13299955881486586  
  5670.5   0.1330112843210666   
  5671.5   0.13302301634293648  
  5672.5   0.13303473978162172  
  5673.5   0.1330464621872918   
  5674.5   0.13305819110745493  
  5675.5   0.13306991144724886  
  5676.5   0.13308163830075206  
  5677.5   0.1330933565757617   
  5678.5   0.13310508136369698  
  5679.5   0.1331167975750132   
  5680.5   0.13312852029847166  
  5681.5   0.13314023444718442  
  5682.5   0.13315194756533563  
  5683.5   0.13316366719445447  
  5684.5   0.1331753782516351   
  5685.5   0.1331870958190005   
  5686.5   0.13319880481629812  
  5687.5   0.13321052032299782  
  5688.5   0.13322222726149896  
  5689.5   0.13323394070861977  
  5690.5   0.13324564558941004  
  5691.5   0.13325734944208265  
  5692.5   0.13326905980220186  
  5693.5   0.13328076159879007  
  5694.5   0.13329246990204305  
  5695.5   0.1333041696436301   
  5696.5   0.13331587589110025  
  5697.5   0.1333275735787684   
  5698.5   0.13333927777153826  
  5699.5   0.13335097340636884  
  5700.5   0.13336267554551998  
  5701.5   0.1333743691285934   
  5702.5   0.1333860616865231   
  5703.5   0.13339776074760204  
  5704.5   0.1334094512553932   
  5705.5   0.13342114826555299  
  5706.5   0.1334328367242836   
  5707.5   0.13344453168460246  
  5708.5   0.1334562180953496   
  5709.5   0.1334679110069048   
  5710.5   0.13347959537074464  
  5711.5   0.1334912787118633   
  5712.5   0.13350296855262025  
  5713.5   0.13351464984844386  
  5714.5   0.13352633764312605  
  5715.5   0.13353801689472836  
  5716.5   0.13354970264440985  
  5717.5   0.13356137985286373  
  5718.5   0.13357306355861756  
  5719.5   0.13358473872499488  
  5720.5   0.13359641287106402  
  5721.5   0.1336080935132649   
  5722.5   0.13361976561886343  
  5723.5   0.13363144421981502  
  5724.5   0.13364311428601244  
  5725.5   0.13365479084678455  
  5726.5   0.13366645887464954  
  5727.5   0.133678133396311    
  5728.5   0.13368979938691122  
  5729.5   0.1337014643596069   
  5730.5   0.1337131358249322   
  5731.5   0.13372479876196272  
  5732.5   0.13373646819084523  
  5733.5   0.13374812909327596  
  5734.5   0.1337597964867813   
  5735.5   0.13377145535567672  
  5736.5   0.13378312071486947  
  5737.5   0.1337947775512931   
  5738.5   0.1338064333722062   
  5739.5   0.1338180956822514   
  5740.5   0.13382974947228604  
  5741.5   0.13384140975067613  
  5742.5   0.13385306151089352  
  5743.5   0.13386471975868988  
  5744.5   0.13387636949015025  
  5745.5   0.1338880257084134   
  5746.5   0.13389967341217612  
  5747.5   0.13391132010281312  
  5748.5   0.13392297327908914  
  5749.5   0.1339346179436156   
  5750.5   0.13394626909300542  
  5751.5   0.1339579117324784   
  5752.5   0.13396956085603925  
  5753.5   0.1339812014715149   
  5754.5   0.1339928485703032   
  5755.5   0.13400448716283667  
  5756.5   0.13401612474461988  
  5757.5   0.13402776880855344  
  5758.5   0.1340394043689754   
  5759.5   0.1340510464107731   
  5760.5   0.13406267995088678  
  5761.5   0.1340743199716017   
  5762.5   0.13408595149245908  
  5763.5   0.1340975894931435   
  5764.5   0.13410921899579567  
  5765.5   0.13412084749006375  
  5766.5   0.13413248246299805  
  5767.5   0.13414410894063566  
  5768.5   0.13415574189616586  
  5769.5   0.13416736635822188  
  5770.5   0.134178997297397    
  5771.5   0.13419061974491928  
  5772.5   0.1342022486687874   
  5773.5   0.134213869102823    
  5774.5   0.13422548853083147  
  5775.5   0.13423711443402644  
  5776.5   0.1342487318501168   
  5777.5   0.134260355740621    
  5778.5   0.134271971145838    
  5779.5   0.1342835930246964   
  5780.5   0.1342952064200839   
  5781.5   0.13430682628834056  
  5782.5   0.13431843767494148  
  5783.5   0.1343300555336395   
  5784.5   0.1343416649124959   
  5785.5   0.13435327328819344  
  5786.5   0.13436488813483055  
  5787.5   0.13437649450434472  
  5788.5   0.134388107344027    
  5789.5   0.13439971170839757  
  5790.5   0.134411322542165    
  5791.5   0.13442292490243088  
  5792.5   0.13443453373132255  
  5793.5   0.1344461340885217   
  5794.5   0.13445773344489867  
  5795.5   0.13446933926874538  
  5796.5   0.13448093662361074  
  5797.5   0.13449254044517542  
  5798.5   0.13450413579956494  
  5799.5   0.1345157376198835   
  5800.5   0.13452733097483202  
  5801.5   0.13453893079493956  
  5802.5   0.13455052215148103  
  5803.5   0.1345621125095279   
  5804.5   0.13457370933157925  
  5805.5   0.13458529769276822  
  5806.5   0.13459689251719217  
  5807.5   0.1346084788825549   
  5808.5   0.1346200717103834   
  5809.5   0.13463165608095085  
  5810.5   0.13464324691321491  
  5811.5   0.134654829290017    
  5812.5   0.13466641067064303  
  5813.5   0.13467799851181267  
  5814.5   0.13468957790021643  
  5815.5   0.1347011637483953   
  5816.5   0.13471274114560458  
  5817.5   0.13472432500182066  
  5818.5   0.13473590040886227  
  5819.5   0.13474748227414265  
  5820.5   0.1347590556920426   
  5821.5   0.13477062811607618  
  5822.5   0.13478220699719692  
  5823.5   0.134793777433626    
  5824.5   0.13480535432637472  
  5825.5   0.13481692277622304  
  5826.5   0.13482849768162378  
  5827.5   0.1348400641459143   
  5828.5   0.13485163706499012  
  5829.5   0.13486320154474488  
  5830.5   0.1348747650329339   
  5831.5   0.13488633497475816  
  5832.5   0.13489789647994263  
  5833.5   0.13490946443799584  
  5834.5   0.1349210239611956   
  5835.5   0.13493258993649776  
  5836.5   0.1349441474787318   
  5837.5   0.1349557114723021   
  5838.5   0.13496726703458842  
  5839.5   0.13497882160760094  
  5840.5   0.13499038263080113  
  5841.5   0.1350019352253913   
  5842.5   0.13501349426940362  
  5843.5   0.1350250448865874   
  5844.5   0.135036601952428    
  5845.5   0.13504815059322042  
  5846.5   0.13505970568190453  
  5847.5   0.13507125234731973  
  5848.5   0.13508279802574416  
  5849.5   0.13509435015091315  
  5850.5   0.1351058938554798   
  5851.5   0.13511744400602654  
  5852.5   0.1351289857377475   
  5853.5   0.1351405339146842   
  5854.5   0.13515207367457063  
  5855.5   0.13516361987890863  
  5856.5   0.13517515766797078  
  5857.5   0.1351867019007206   
  5858.5   0.13519823771996792  
  5859.5   0.13520977255500288  
  5860.5   0.13522131383258018  
  5861.5   0.13523284669931268  
  5862.5   0.13524438600782412  
  5863.5   0.13525591690726138  
  5864.5   0.13526745424771447  
  5865.5   0.1352789831808629   
  5866.5   0.13529051855426427  
  5867.5   0.1353020455221294   
  5868.5   0.13531357150804585  
  5869.5   0.1353251039330714   
  5870.5   0.13533662795521112  
  5871.5   0.13534815841569758  
  5872.5   0.135359680475064    
  5873.5   0.13537120897201502  
  5874.5   0.13538272906961069  
  5875.5   0.13539425560402904  
  5876.5   0.13540577374085572  
  5877.5   0.1354172908979886   
  5878.5   0.1354288144908018   
  5879.5   0.13544032968866646  
  5880.5   0.13545185132145002  
  5881.5   0.135463364561046    
  5882.5   0.13547488423479973  
  5883.5   0.1354863955171258   
  5884.5   0.13549791323284865  
  5885.5   0.13550942255890266  
  5886.5   0.13552093090750925  
  5887.5   0.13553244568837172  
  5888.5   0.13554395208220132  
  5889.5   0.1355554649075264   
  5890.5   0.13556696934757478  
  5891.5   0.13557848021835847  
  5892.5   0.13558998270562053  
  5893.5   0.13560149162285795  
  5894.5   0.13561299215832778  
  5895.5   0.13562449171858793  
  5896.5   0.135635997707684    
  5897.5   0.13564749531764128  
  5898.5   0.13565899935567508  
  5899.5   0.13567049501632147  
  5900.5   0.13568199710428516  
  5901.5   0.13569349081661175  
  5902.5   0.1357049909554967   
  5903.5   0.13571648272049383  
  5904.5   0.1357279735125105   
  5905.5   0.13573947072994755  
  5906.5   0.13575095957611844  
  5907.5   0.13576245484695126  
  5908.5   0.13577394174826457  
  5909.5   0.13578543507348156  
  5910.5   0.13579692003092458  
  5911.5   0.13580841141151334  
  5912.5   0.13581989442607265  
  5913.5   0.1358313764698723   
  5914.5   0.13584286493568118  
  5915.5   0.13585434503807514  
  5916.5   0.13586583156172088  
  5917.5   0.1358773097236936   
  5918.5   0.13588879430616088  
  5919.5   0.135900270528696    
  5920.5   0.1359117531709686   
  5921.5   0.13592322745504887  
  5922.5   0.13593470077058178  
  5923.5   0.13594618050471716  
  5924.5   0.1359576518832677   
  5925.5   0.13596912967966418  
  5926.5   0.135980599122213    
  5927.5   0.13599207498185154  
  5928.5   0.13600354248937851  
  5929.5   0.13601501641323915  
  5930.5   0.13602648198672337  
  5931.5   0.13603795397578544  
  5932.5   0.13604941761620507  
  5933.5   0.13606088029076996  
  5934.5   0.13607234937977944  
  5935.5   0.1360838101227454   
  5936.5   0.13609527727940068  
  5937.5   0.13610673609174387  
  5938.5   0.13611820131702135  
  5939.5   0.1361296581997171   
  5940.5   0.13614112149459232  
  5941.5   0.13615257644861517  
  5942.5   0.136164030438977    
  5943.5   0.13617549084038652  
  5944.5   0.13618694290353556  
  5945.5   0.13619840137697795  
  5946.5   0.13620985151388662  
  5947.5   0.13622130806033458  
  5948.5   0.13623275627197462  
  5949.5   0.13624421089240002  
  5950.5   0.1362556571797422   
  5951.5   0.13626710250560875  
  5952.5   0.13627855423913046  
  5953.5   0.13628999764215377  
  5954.5   0.13630144745207884  
  5955.5   0.13631288893322768  
  5956.5   0.13632433682052522  
  5957.5   0.1363357763807676   
  5958.5   0.1363472223464057   
  5959.5   0.13635865998670876  
  5960.5   0.13637009666771346  
  5961.5   0.1363815397529851   
  5962.5   0.13639297451549953  
  5963.5   0.13640441568152858  
  5964.5   0.13641584852651797  
  5965.5   0.13642728777426985  
  5966.5   0.13643871870269852  
  5967.5   0.1364501560331377   
  5968.5   0.1364615850459692   
  5969.5   0.1364730131016713   
  5970.5   0.13648444755825653  
  5971.5   0.13649587369980506  
  5972.5   0.13650730624148538  
  5973.5   0.13651873046984186  
  5974.5   0.13653016109757896  
  5975.5   0.13654158341370412  
  5976.5   0.13655301212845894  
  5977.5   0.13656443253331269  
  5978.5   0.13657585198319785  
  5979.5   0.1365872778305868   
  5980.5   0.13659869537063873  
  5981.5   0.13661011930744404  
  5982.5   0.1366215349386207   
  5983.5   0.1366329569658005   
  5984.5   0.13664437068905894  
  5985.5   0.13665579080757057  
  5986.5   0.13666720262386708  
  5987.5   0.13667861348734775  
  5988.5   0.13669003074495714  
  5989.5   0.1367014397029087   
  5990.5   0.13671285505423958  
  5991.5   0.13672426210761637  
  5992.5   0.13673567555362323  
  5993.5   0.13674708070337874  
  5994.5   0.1367584922450153   
  5995.5   0.13676989549210225  
  5996.5   0.13678129778851794  
  5997.5   0.13679270647569178  
  5998.5   0.13680410687086633  
  5999.5   0.13681551365605057  
  6000.5   0.13682691215093476  
  6001.5   0.1368383170350803   
  6002.5   0.13684971363062404  
  6003.5   0.1368611166146811   
  6004.5   0.13687251131183353  
  6005.5   0.1368839123967515   
  6006.5   0.13689530519646095  
  6007.5   0.13690669704810954  
  6008.5   0.13691809528640245  
  6009.5   0.136929485242029    
  6010.5   0.1369408815835526   
  6011.5   0.1369522696441035   
  6012.5   0.1369636640898044   
  6013.5   0.13697505025622522  
  6014.5   0.1369864428070492   
  6015.5   0.1369978270802848   
  6016.5   0.1370092104075864   
  6017.5   0.13702060011817133  
  6018.5   0.13703198155370325  
  6019.5   0.13704336937177225  
  6020.5   0.1370547489164774   
  6021.5   0.1370661348429735   
  6022.5   0.13707751249779393  
  6023.5   0.13708889653365947  
  6024.5   0.13710027229953647  
  6025.5   0.13711164712159835  
  6026.5   0.13712302832358697  
  6027.5   0.13713440125811574  
  6028.5   0.13714578057182597  
  6029.5   0.13715715161976094  
  6030.5   0.13716852904613225  
  6031.5   0.137179898208412    
  6032.5   0.1371912737483832   
  6033.5   0.13720264102594557  
  6034.5   0.13721400736180375  
  6035.5   0.1372253800742365   
  6036.5   0.13723674452678233  
  6037.5   0.13724811535515838  
  6038.5   0.13725947792532767  
  6039.5   0.13727084687058302  
  6040.5   0.13728220755931086  
  6041.5   0.13729357462238082  
  6042.5   0.1373049334306015   
  6043.5   0.13731629129922115  
  6044.5   0.13732765554106754  
  6045.5   0.13733901153057987  
  6046.5   0.1373503738925755   
  6047.5   0.1373617280039129   
  6048.5   0.13737308848699037  
  6049.5   0.13738444072108436  
  6050.5   0.13739579932617546  
  6051.5   0.13740714968395687  
  6052.5   0.13741849910423265  
  6053.5   0.13742985489439158  
  6054.5   0.13744120243974944  
  6055.5   0.137452556354248    
  6056.5   0.13746390202561679  
  6057.5   0.1374752540653841   
  6058.5   0.13748659786369205  
  6059.5   0.13749794802965645  
  6060.5   0.13750928995583087  
  6061.5   0.13752063094658712  
  6062.5   0.13753197830388741  
  6063.5   0.13754331742389964  
  6064.5   0.13755466290971435  
  6065.5   0.137566000159908    
  6066.5   0.13757734377516284  
  6067.5   0.13758867915646256  
  6068.5   0.13760002090208245  
  6069.5   0.13761135441541222  
  6070.5   0.13762268699540367  
  6071.5   0.13763402593860422  
  6072.5   0.13764535665201003  
  6073.5   0.13765669372788442  
  6074.5   0.1376680225756266   
  6075.5   0.13767935778509707  
  6076.5   0.13769068476809687  
  6077.5   0.1377020181120849   
  6078.5   0.13771334323126289  
  6079.5   0.1377246747106892   
  6080.5   0.13773599796696506  
  6081.5   0.13774732029243425  
  6082.5   0.13775864897704246  
  6083.5   0.1377699694409876   
  6084.5   0.13778129626333246  
  6085.5   0.13779261486667146  
  6086.5   0.13780393982767108  
  6087.5   0.13781525657132104  
  6088.5   0.13782657967189268  
  6089.5   0.13783789455676998  
  6090.5   0.1378492085129033   
  6091.5   0.13786052882485048  
  6092.5   0.13787184092358415  
  6093.5   0.13788315937739323  
  6094.5   0.13789446961964166  
  6095.5   0.1379057862162274   
  6096.5   0.13791709460290436  
  6097.5   0.13792840934318065  
  6098.5   0.13793971587519915  
  6099.5   0.13795102148052882  
  6100.5   0.13796233343835143  
  6101.5   0.13797363719039055  
  6102.5   0.13798494729418515  
  6103.5   0.1379962491938448   
  6104.5   0.13800755744452273  
  6105.5   0.1380188574927133   
  6106.5   0.13803016389118516  
  6107.5   0.13804146208881626  
  6108.5   0.13805275936180614  
  6109.5   0.13806406298397236  
  6110.5   0.1380753584077657   
  6111.5   0.13808666017999885  
  6112.5   0.13809795375550332  
  6113.5   0.13810925367871144  
  6114.5   0.13812054540683413  
  6115.5   0.13813184348192442  
  6116.5   0.13814313336357156  
  6117.5   0.1381544223226176   
  6118.5   0.1381657176275277   
  6119.5   0.13817700474145608  
  6120.5   0.138188298200513    
  6121.5   0.13819958347022818  
  6122.5   0.1382108750843366   
  6123.5   0.13822215851074227  
  6124.5   0.1382334482808061   
  6125.5   0.13824472986480518  
  6126.5   0.13825601052823563  
  6127.5   0.13826729753422226  
  6128.5   0.1382785763565991   
  6129.5   0.13828986152079747  
  6130.5   0.13830113850302173  
  6131.5   0.13831242182633322  
  6132.5   0.13832369696930527  
  6133.5   0.13833497845263043  
  6134.5   0.13834625175724993  
  6135.5   0.138357524143326    
  6136.5   0.13836880286865452  
  6137.5   0.13838007341772599  
  6138.5   0.13839135030531627  
  6139.5   0.13840261901828094  
  6140.5   0.1384138940690311   
  6141.5   0.13842516094678603  
  6142.5   0.1384364341615933   
  6143.5   0.13844769920503486  
  6144.5   0.13845896333195068  
  6145.5   0.13847023379481962  
  6146.5   0.1384814960887651   
  6147.5   0.138492764717931    
  6148.5   0.13850402517980065  
  6149.5   0.1385152919761583   
  6150.5   0.1385265506068459   
  6151.5   0.13853781557128936  
  6152.5   0.13854907237168798  
  6153.5   0.13856033550511046  
  6154.5   0.13857159047611248  
  6155.5   0.1385828445330449   
  6156.5   0.13859410492190358  
  6157.5   0.13860535715077638  
  6158.5   0.13861661571084402  
  6159.5   0.13862786611254777  
  6160.5   0.13863912284471513  
  6161.5   0.13865037142013958  
  6162.5   0.13866162632529666  
  6163.5   0.13867287307533097  
  6164.5   0.13868411891329704  
  6165.5   0.1386953710798996   
  6166.5   0.13870661509380766  
  6167.5   0.1387178654356217   
  6168.5   0.138729107626359    
  6169.5   0.13874035614427202  
  6170.5   0.1387515965127252   
  6171.5   0.13876284320762397  
  6172.5   0.1387740817546788   
  6173.5   0.1387853193916595   
  6174.5   0.13879656335399113  
  6175.5   0.13880779917090083  
  6176.5   0.1388190413124319   
  6177.5   0.13883027531015463  
  6178.5   0.13884151563176939  
  6179.5   0.13885274781118853  
  6180.5   0.13886398631377056  
  6181.5   0.13887521667576871  
  6182.5   0.1388864461296795   
  6183.5   0.13889768190566     
  6184.5   0.1389089095434723   
  6185.5   0.13892014350262563  
  6186.5   0.13893136932522027  
  6187.5   0.13894260146842757  
  6188.5   0.1389538254766847   
  6189.5   0.1389650558048263   
  6190.5   0.13897627799962534  
  6191.5   0.13898749928831658  
  6192.5   0.1389987268958005   
  6193.5   0.1390099463723513   
  6194.5   0.1390211721669672   
  6195.5   0.13903238983225522  
  6196.5   0.1390436138148808   
  6197.5   0.13905482966978305  
  6198.5   0.13906605184129558  
  6199.5   0.13907726588668823  
  6200.5   0.1390884790279455   
  6201.5   0.13909969848472267  
  6202.5   0.13911090981778323  
  6203.5   0.13912212746563704  
  6204.5   0.13913333699137534  
  6205.5   0.13914455283118038  
  6206.5   0.13915576055047024  
  6207.5   0.1391669745831005   
  6208.5   0.13917818049681493  
  6209.5   0.13918938550835927  
  6210.5   0.13920059683215513  
  6211.5   0.13921180003943218  
  6212.5   0.13922300955823497  
  6213.5   0.13923421096211605  
  6214.5   0.13924541867679732  
  6215.5   0.13925661827815308  
  6216.5   0.1392678241895836   
  6217.5   0.1392790219892839   
  6218.5   0.13929021888877224  
  6219.5   0.13930142209724788  
  6220.5   0.1393126171963842   
  6221.5   0.13932381860378293  
  6222.5   0.13933501190343534  
  6223.5   0.1393462115106256   
  6224.5   0.13935740301166158  
  6225.5   0.13936860081951097  
  6226.5   0.13937979052279728  
  6227.5   0.13939098653217286  
  6228.5   0.13940217443857555  
  6229.5   0.13941336144715005  
  6230.5   0.13942455476072801  
  6231.5   0.13943573997371658  
  6232.5   0.1394469314909849   
  6233.5   0.13945811490925183  
  6234.5   0.1394693046310751   
  6235.5   0.1394804862554841   
  6236.5   0.13949167418272612  
  6237.5   0.13950285401414006  
  6238.5   0.1395140329496683   
  6239.5   0.13952521818694522  
  6240.5   0.13953639533077142  
  6241.5   0.13954757877562354  
  6242.5   0.13955875412860894  
  6243.5   0.13956993578189772  
  6244.5   0.1395811093449028   
  6245.5   0.139592289207489    
  6246.5   0.1396034609813736   
  6247.5   0.13961463186130801  
  6248.5   0.13962580903974056  
  6249.5   0.13963697813184284  
  6250.5   0.13964815352172147  
  6251.5   0.13965932082684973  
  6252.5   0.1396704944290328   
  6253.5   0.1396816599480445   
  6254.5   0.13969283176338962  
  6255.5   0.13970399549714152  
  6256.5   0.1397151583388717   
  6257.5   0.13972632747585376  
  6258.5   0.13973748853360785  
  6259.5   0.13974865588589291  
  6260.5   0.13975981516052594  
  6261.5   0.13977098072896932  
  6262.5   0.1397821382213356   
  6263.5   0.1397933020067918   
  6264.5   0.13980445771774505  
  6265.5   0.1398156125385982   
  6266.5   0.13982677365146118  
  6267.5   0.13983792669218037  
  6268.5   0.13984908602418947  
  6269.5   0.13986023728562672  
  6270.5   0.1398713948376341   
  6271.5   0.13988254432064065  
  6272.5   0.1398937000934979   
  6273.5   0.13990484779892437  
  6274.5   0.13991599461616547  
  6275.5   0.13992714772217857  
  6276.5   0.13993829276311412  
  6277.5   0.1399494440921027   
  6278.5   0.1399605873575816   
  6279.5   0.13997173691039475  
  6280.5   0.1399828784012653   
  6281.5   0.1399940261787515   
  6282.5   0.1400051658958612   
  6283.5   0.14001630472669344  
  6284.5   0.14002744984306403  
  6285.5   0.1400385869014054   
  6286.5   0.14004973024456707  
  6287.5   0.14006086553126346  
  6288.5   0.14007200710206233  
  6289.5   0.1400831406179589   
  6290.5   0.1400942804172404   
  6291.5   0.1401054121631818   
  6292.5   0.14011654302474671  
  6293.5   0.14012768016862065  
  6294.5   0.1401388092614958   
  6295.5   0.14014994463596278  
  6296.5   0.14016107196099098  
  6297.5   0.14017220556689414  
  6298.5   0.14018333112491757  
  6299.5   0.14019446296309931  
  6300.5   0.1402055867549595   
  6301.5   0.14021671682626152  
  6302.5   0.14022783885279938  
  6303.5   0.1402389599972751   
  6304.5   0.14025008742011844  
  6305.5   0.1402612068005317   
  6306.5   0.1402723324585966   
  6307.5   0.1402834500757866   
  6308.5   0.1402945739699125   
  6309.5   0.14030568982471775  
  6310.5   0.14031681195574333  
  6311.5   0.1403279260490017   
  6312.5   0.140339039262084    
  6313.5   0.1403501587503138   
  6314.5   0.14036127020310463  
  6315.5   0.14037238793032794  
  6316.5   0.1403834976236635   
  6317.5   0.14039461359071675  
  6318.5   0.1404057215254326   
  6319.5   0.14041683573315156  
  6320.5   0.14042794191008257  
  6321.5   0.1404390472087168   
  6322.5   0.14045015877928269  
  6323.5   0.14046126232138303  
  6324.5   0.14047237213470096  
  6325.5   0.14048347392110067  
  6326.5   0.14049458197800407  
  6327.5   0.14050568200953567  
  6328.5   0.14051678831085734  
  6329.5   0.14052788658835283  
  6330.5   0.1405389839894241   
  6331.5   0.14055008765921542  
  6332.5   0.1405611833074971   
  6333.5   0.14057228522378562  
  6334.5   0.1405833791201079   
  6335.5   0.14059447928372412  
  6336.5   0.14060557142891666  
  6337.5   0.14061666984069038  
  6338.5   0.14062776023558216  
  6339.5   0.1406388497559157   
  6340.5   0.14064994554176183  
  6341.5   0.14066103331303675  
  6342.5   0.14067212734911194  
  6343.5   0.14068321337215547  
  6344.5   0.14069430565928728  
  6345.5   0.14070538993492615  
  6346.5   0.14071648047394147  
  6347.5   0.1407275630030017   
  6348.5   0.1407386446593631   
  6349.5   0.1407497325780337   
  6350.5   0.14076081248905412  
  6351.5   0.14077189866167253  
  6352.5   0.1407829768281764   
  6353.5   0.14079406125556712  
  6354.5   0.1408051376783782   
  6355.5   0.14081622036136526  
  6356.5   0.14082729504130667  
  6357.5   0.14083836885040202  
  6358.5   0.14084944891860754  
  6359.5   0.14086052098606652  
  6360.5   0.14087159931192525  
  6361.5   0.14088266963856938  
  6362.5   0.1408937462229031   
  6363.5   0.14090481480955316  
  6364.5   0.14091588965318286  
  6365.5   0.14092695650065912  
  6366.5   0.14093802247913556  
  6367.5   0.14094909471352718  
  6368.5   0.14096015895405878  
  6369.5   0.14097122944979606  
  6370.5   0.1409822919532014   
  6371.5   0.14099336071110313  
  6372.5   0.1410044214782001   
  6373.5   0.14101548849908452  
  6374.5   0.14102654753069047  
  6375.5   0.141037612815375    
  6376.5   0.1410486701123066   
  6377.5   0.14105972654248605  
  6378.5   0.1410707892246814   
  6379.5   0.14108184392141018  
  6380.5   0.14109290486944648  
  6381.5   0.14110395783353963  
  6382.5   0.1411150170482322   
  6383.5   0.14112606828050417  
  6384.5   0.14113712576266763  
  6385.5   0.14114817526393217  
  6386.5   0.14115922390027644  
  6387.5   0.14117027878545083  
  6388.5   0.14118132569200703  
  6389.5   0.14119237884668598  
  6390.5   0.14120342402426636  
  6391.5   0.14121447544926227  
  6392.5   0.14122551889867832  
  6393.5   0.14123656859480296  
  6394.5   0.1412476103168657   
  6395.5   0.14125865117583347  
  6396.5   0.14126969828044986  
  6397.5   0.14128073741327934  
  6398.5   0.14129178279105098  
  6399.5   0.14130282019855156  
  6400.5   0.14131386385028794  
  6401.5   0.1413248995332683   
  6402.5   0.14133594145977843  
  6403.5   0.14134697541904662  
  6404.5   0.14135800851703884  
  6405.5   0.14136904785750226  
  6406.5   0.14138007923299314  
  6407.5   0.14139111685024966  
  6408.5   0.14140214650404573  
  6409.5   0.1414131823989021   
  6410.5   0.1414242103318092   
  6411.5   0.14143524450507144  
  6412.5   0.14144627071789487  
  6413.5   0.14145729607125485  
  6414.5   0.1414683276639128   
  6415.5   0.14147935129839567  
  6416.5   0.1414903811714718   
  6417.5   0.14150140308788123  
  6418.5   0.1415124312421795   
  6419.5   0.1415234514413185   
  6420.5   0.14153447787764212  
  6421.5   0.14154549636031316  
  6422.5   0.141556513985327    
  6423.5   0.14156753784646967  
  6424.5   0.1415785537562179   
  6425.5   0.14158957590139118  
  6426.5   0.1416005900966746   
  6427.5   0.14161161052667964  
  6428.5   0.1416226230082986   
  6429.5   0.14163364172393575  
  6430.5   0.1416446524926898   
  6431.5   0.14165566240558658  
  6432.5   0.14166667855144713  
  6433.5   0.14167768675267714  
  6434.5   0.1416887011861681   
  6435.5   0.14169970767652945  
  6436.5   0.14171072039844915  
  6437.5   0.14172172517873924  
  6438.5   0.14173273618988533  
  6439.5   0.141743739260901    
  6440.5   0.141754741477853    
  6441.5   0.14176574992460794  
  6442.5   0.1417767504334795   
  6443.5   0.14178775717145212  
  6444.5   0.1417987559730385   
  6445.5   0.14180976100302425  
  6446.5   0.1418207580981202   
  6447.5   0.14183176142091397  
  6448.5   0.14184275681031341  
  6449.5   0.1418537513474366   
  6450.5   0.14186475211120594  
  6451.5   0.14187574494382246  
  6452.5   0.14188674400238419  
  6453.5   0.14189773513128656  
  6454.5   0.14190873248543337  
  6455.5   0.14191972191141353  
  6456.5   0.14193071756193754  
  6457.5   0.14194170528578676  
  6458.5   0.14195269923347945  
  6459.5   0.1419636852559884   
  6460.5   0.14197467042839718  
  6461.5   0.1419856618235994   
  6462.5   0.14199664529585262  
  6463.5   0.14200763499019944  
  6464.5   0.1420186167630863   
  6465.5   0.1420296047573671   
  6466.5   0.1420405848316761   
  6467.5   0.14205157112667957  
  6468.5   0.14206254950319866  
  6469.5   0.1420735270313911   
  6470.5   0.14208451077922937  
  6471.5   0.14209548661081256  
  6472.5   0.1421064686613426   
  6473.5   0.14211744279710287  
  6474.5   0.14212842315111127  
  6475.5   0.14213939559183442  
  6476.5   0.14215037425010718  
  6477.5   0.1421613449965784   
  6478.5   0.1421723148964905   
  6479.5   0.14218329101290483  
  6480.5   0.1421942592197415   
  6481.5   0.14220523364238244  
  6482.5   0.1422162001569274   
  6483.5   0.14222717288657877  
  6484.5   0.1422381377096151   
  6485.5   0.1422491087470602   
  6486.5   0.14226007187937037  
  6487.5   0.14227103416688258  
  6488.5   0.14228200266775773  
  6489.5   0.14229296326571622  
  6490.5   0.14230393007634048  
  6491.5   0.14231488898552627  
  6492.5   0.14232585410668083  
  6493.5   0.1423368113278742   
  6494.5   0.14234777476033966  
  6495.5   0.14235873029432036  
  6496.5   0.14236968498525837  
  6497.5   0.14238064588642388  
  6498.5   0.14239159889131767  
  6499.5   0.1424025581057427   
  6500.5   0.14241350942537048  
  6501.5   0.14242446695383354  
  6502.5   0.142435416588973    
  6503.5   0.14244637243225192  
  6504.5   0.14245732038368009  
  6505.5   0.14246826749381467  
  6506.5   0.14247922081104553  
  6507.5   0.1424901662386332   
  6508.5   0.14250111787262185  
  6509.5   0.14251206161843818  
  6510.5   0.14252301156996036  
  6511.5   0.14253395363478033  
  6512.5   0.14254490190461128  
  6513.5   0.14255584228920928  
  6514.5   0.14256678183425675  
  6515.5   0.1425777275832733   
  6516.5   0.1425886654492592   
  6517.5   0.1425996095185197   
  6518.5   0.14261054570621678  
  6519.5   0.14262148809649436  
  6520.5   0.14263242260667502  
  6521.5   0.14264336331874214  
  6522.5   0.1426542961521781   
  6523.5   0.14266522814780055  
  6524.5   0.14267616634426902  
  6525.5   0.14268709666430313  
  6526.5   0.14269803318448968  
  6527.5   0.14270896182970563  
  6528.5   0.14271989667438073  
  6529.5   0.14273082364554815  
  6530.5   0.14274175681548168  
  6531.5   0.14275268211336964  
  6532.5   0.14276361360933076  
  6533.5   0.14277453723470776  
  6534.5   0.14278546002438627  
  6535.5   0.14279638901109912  
  6536.5   0.1428073101294181   
  6537.5   0.14281823744407904  
  6538.5   0.14282915689180553  
  6539.5   0.14284008253518174  
  6540.5   0.14285100031308212  
  6541.5   0.14286192428594024  
  6542.5   0.14287284039478035  
  6543.5   0.1428837556696458   
  6544.5   0.1428946771384315   
  6545.5   0.14290559074538417  
  6546.5   0.14291651054556562  
  6547.5   0.1429274224853699   
  6548.5   0.14293834061771166  
  6549.5   0.14294925089113134  
  6550.5   0.14296016735639738  
  6551.5   0.14297107596419567  
  6552.5   0.14298198373973717  
  6553.5   0.1429928977060889   
  6554.5   0.14300380381715258  
  6555.5   0.14301471611833586  
  6556.5   0.14302562056568344  
  6557.5   0.14303653120246027  
  6558.5   0.14304743398685293  
  6559.5   0.14305834295998462  
  6560.5   0.14306924408218294  
  6561.5   0.1430801443738365   
  6562.5   0.1430910508531943   
  6563.5   0.14310194948379315  
  6564.5   0.14311285430140658  
  6565.5   0.1431237512717099   
  6566.5   0.14313465442833825  
  6567.5   0.14314554973910462  
  6568.5   0.1431564512355067   
  6569.5   0.14316734488749405  
  6570.5   0.14317823771064278  
  6571.5   0.14318913671839376  
  6572.5   0.1432000278838992   
  6573.5   0.1432109252333182   
  6574.5   0.14322181474193696  
  6575.5   0.1432327104337806   
  6576.5   0.14324359828626862  
  6577.5   0.14325449232129314  
  6578.5   0.1432653785184058   
  6579.5   0.14327626388838016  
  6580.5   0.1432871554398589   
  6581.5   0.14329803915558978  
  6582.5   0.14330892905213713  
  6583.5   0.14331981111437853  
  6584.5   0.14333069935674866  
  6585.5   0.1433415797662539   
  6586.5   0.1433524663552004   
  6587.5   0.14336334511272233  
  6588.5   0.1433742230448004   
  6589.5   0.14338510715528902  
  6590.5   0.1433959834365118   
  6591.5   0.14340686589545812  
  6592.5   0.143417740526577    
  6593.5   0.14342862133473255  
  6594.5   0.14343949431649833  
  6595.5   0.1434503734746142   
  6596.5   0.1434612448077771   
  6597.5   0.14347211531718493  
  6598.5   0.1434829920019134   
  6599.5   0.14349386086384253  
  6600.5   0.14350473590040622  
  6601.5   0.1435156031156055   
  6602.5   0.1435264765047534   
  6603.5   0.1435373420739711   
  6604.5   0.14354821381645166  
  6605.5   0.14355907774043541  
  6606.5   0.14356994783699656  
  6607.5   0.14358081011649354  
  6608.5   0.14359167157429162  
  6609.5   0.14360253920363933  
  6610.5   0.1436133990180701   
  6611.5   0.14362426500336548  
  6612.5   0.1436351231751747   
  6613.5   0.1436459875171637   
  6614.5   0.1436568440470965   
  6615.5   0.14366770674652443  
  6616.5   0.1436785616353254   
  6617.5   0.14368941570410348  
  6618.5   0.1437002759413502   
  6619.5   0.14371112837011213  
  6620.5   0.1437219869666586   
  6621.5   0.1437328377561476   
  6622.5   0.14374369471273715  
  6623.5   0.1437545438636958   
  6624.5   0.14376539918107129  
  6625.5   0.14377624669424163  
  6626.5   0.14378709338905937  
  6627.5   0.14379794624926887  
  6628.5   0.14380879130741026  
  6629.5   0.14381964253026017  
  6630.5   0.14383048595246584  
  6631.5   0.14384133553869696  
  6632.5   0.14385217732570704  
  6633.5   0.1438630252760597   
  6634.5   0.14387386542861372  
  6635.5   0.1438847047644798   
  6636.5   0.14389555026266465  
  6637.5   0.1439063879651828   
  6638.5   0.14391723182933738  
  6639.5   0.14392806789924575  
  6640.5   0.14393891013010846  
  6641.5   0.14394974456814466  
  6642.5   0.14396058516645321  
  6643.5   0.1439714179733543   
  6644.5   0.1439822499652264   
  6645.5   0.1439930881163484   
  6646.5   0.1440039184781898   
  6647.5   0.1440147549985996   
  6648.5   0.14402558373114593  
  6649.5   0.1440364186215794   
  6650.5   0.14404724572556574  
  6651.5   0.14405807898675815  
  6652.5   0.14406890446291912  
  6653.5   0.14407972912570446  
  6654.5   0.14409055994467473  
  6655.5   0.14410138298073533  
  6656.5   0.1441122121723003   
  6657.5   0.14412303358236933  
  6658.5   0.14413386114726232  
  6659.5   0.1441446809320724   
  6660.5   0.14415550687102618  
  6661.5   0.14416632503130938  
  6662.5   0.1441771423798648   
  6663.5   0.14418796588154414  
  6664.5   0.1441987816066696   
  6665.5   0.1442096034842393   
  6666.5   0.14422041758666554  
  6667.5   0.1442312378408565   
  6668.5   0.14424205032131363  
  6669.5   0.14425286895285622  
  6670.5   0.14426367981207386  
  6671.5   0.14427448986120597  
  6672.5   0.14428530606040504  
  6673.5   0.14429611448939095  
  6674.5   0.144306929067765    
  6675.5   0.14431773587733288  
  6676.5   0.1443285488356103   
  6677.5   0.14433935402648787  
  6678.5   0.1443501653653966   
  6679.5   0.144360968938311    
  6680.5   0.14437177865857834  
  6681.5   0.1443825806142562   
  6682.5   0.14439338176184824  
  6683.5   0.14440418905577632  
  6684.5   0.14441498858722054  
  6685.5   0.1444257942643231   
  6686.5   0.14443659218034477  
  6687.5   0.14444739624134723  
  6688.5   0.14445819254267106  
  6689.5   0.14446899498829832  
  6690.5   0.14447978967564845  
  6691.5   0.1444905835565428   
  6692.5   0.14450138358072498  
  6693.5   0.14451217584873072  
  6694.5   0.14452297425934743  
  6695.5   0.1445337649151874   
  6696.5   0.1445445617129617   
  6697.5   0.14455535075735818  
  6698.5   0.1445661459430125   
  6699.5   0.1445769333766872   
  6700.5   0.14458772000553058  
  6701.5   0.14459851277461758  
  6702.5   0.14460929779382065  
  6703.5   0.14462008895259135  
  6704.5   0.14463087236287447  
  6705.5   0.1446416619120495   
  6706.5   0.14465244371413252  
  6707.5   0.14466323165443187  
  6708.5   0.14467401184903414  
  6709.5   0.14468479124042422  
  6710.5   0.14469557676901762  
  6711.5   0.1447063545540047   
  6712.5   0.14471713847552012  
  6713.5   0.14472791465482227  
  6714.5   0.14473869696997776  
  6715.5   0.14474947154431242  
  6716.5   0.1447602522538257   
  6717.5   0.14477102522390972  
  6718.5   0.14478179739239513  
  6719.5   0.1447925756950476   
  6720.5   0.14480334626035668  
  6721.5   0.14481412295915852  
  6722.5   0.1448248919220068   
  6723.5   0.1448356670176738   
  6724.5   0.14484643437877628  
  6725.5   0.14485720787202366  
  6726.5   0.14486797363209486  
  6727.5   0.14487873859217573  
  6728.5   0.14488950968339123  
  6729.5   0.1449002730435115   
  6730.5   0.14491104253409304  
  6731.5   0.14492180429496582  
  6732.5   0.14493257218562677  
  6733.5   0.14494333234796475  
  6734.5   0.14495409863941794  
  6735.5   0.14496485720393326  
  6736.5   0.14497561497006115  
  6737.5   0.14498637886429522  
  6738.5   0.1449971350336675   
  6739.5   0.1450078973304735   
  6740.5   0.145018651903801    
  6741.5   0.14502941260388988  
  6742.5   0.14504016558188285  
  6743.5   0.14505092468596514  
  6744.5   0.14506167606933332  
  6745.5   0.14507242665591158  
  6746.5   0.14508318336757153  
  6747.5   0.14509393236058854  
  6748.5   0.14510468747801558  
  6749.5   0.14511543487817974  
  6750.5   0.14512618840208258  
  6751.5   0.14513693421010182  
  6752.5   0.14514768614118848  
  6753.5   0.14515843035777018  
  6754.5   0.14516918069674828  
  6755.5   0.14517992332259927  
  6756.5   0.14519066515360576  
  6757.5   0.14520141310600254  
  6758.5   0.14521215334733747  
  6759.5   0.14522289970939226  
  6760.5   0.14523363836176126  
  6761.5   0.14524438313417973  
  6762.5   0.14525512019828785  
  6763.5   0.14526586338177522  
  6764.5   0.14527659885832694  
  6765.5   0.14528733354161982  
  6766.5   0.14529807434328726  
  6767.5   0.14530880744007943  
  6768.5   0.14531954665457647  
  6769.5   0.14533027816557112  
  6770.5   0.14534101579360115  
  6771.5   0.145351745719501    
  6772.5   0.14536248176176686  
  6773.5   0.14537321010327406  
  6774.5   0.14538393765310295  
  6775.5   0.14539467131829442  
  6776.5   0.1454053972847828   
  6777.5   0.14541612936596496  
  6778.5   0.14542685374981373  
  6779.5   0.14543758424768766  
  6780.5   0.1454483070495972   
  6781.5   0.14545903596486345  
  6782.5   0.14546975718553357  
  6783.5   0.1454804776161006   
  6784.5   0.14549120415902222  
  6785.5   0.14550192300939854  
  6786.5   0.1455126479714615   
  6787.5   0.14552336524234566  
  6788.5   0.1455340886242487   
  6789.5   0.14554480431633873  
  6790.5   0.1455555261187801   
  6791.5   0.1455662402327735   
  6792.5   0.14557695355823386  
  6793.5   0.14558767299304468  
  6794.5   0.14559838474145367  
  6795.5   0.14560910259854604  
  6796.5   0.14561981277059988  
  6797.5   0.14563052905067023  
  6798.5   0.14564123764706463  
  6799.5   0.14565195235080886  
  6800.5   0.1456626593722391   
  6801.5   0.1456733656067011   
  6802.5   0.14568407794751334  
  6803.5   0.14569478260805294  
  6804.5   0.14570549337427652  
  6805.5   0.14571619646158762  
  6806.5   0.14572690565391666  
  6807.5   0.1457376071686927   
  6808.5   0.14574831478782085  
  6809.5   0.14575901473075475  
  6810.5   0.14576971388828008  
  6811.5   0.1457804191491593   
  6812.5   0.14579111673588083  
  6813.5   0.14580182042529088  
  6814.5   0.14581251644190021  
  6815.5   0.14582321856053293  
  6816.5   0.14583391300772128  
  6817.5   0.145844613556268    
  6818.5   0.14585530643472594  
  6819.5   0.14586599852932988  
  6820.5   0.1458766967242952   
  6821.5   0.14588738725120365  
  6822.5   0.145898083877809    
  6823.5   0.14590877283771136  
  6824.5   0.14591946789664628  
  6825.5   0.14593015529023137  
  6826.5   0.14594084878218497  
  6827.5   0.14595153461014118  
  6828.5   0.14596222653580196  
  6829.5   0.14597291079881713  
  6830.5   0.14598359427987137  
  6831.5   0.14599428385763472  
  6832.5   0.14600496577477862  
  6833.5   0.14601565378796827  
  6834.5   0.14602633414188848  
  6835.5   0.14603702059119122  
  6836.5   0.14604769938257384  
  6837.5   0.14605838426867593  
  6838.5   0.1460690614982066   
  6839.5   0.1460797379473194   
  6840.5   0.14609042049015755  
  6841.5   0.1461010953784458   
  6842.5   0.1461117763597967   
  6843.5   0.1461224496879446   
  6844.5   0.14613312910849283  
  6845.5   0.1461438008771843   
  6846.5   0.1461544787376139   
  6847.5   0.14616514894753224  
  6848.5   0.14617581837857088  
  6849.5   0.14618649390035482  
  6850.5   0.14619716177364436  
  6851.5   0.14620783573701743  
  6852.5   0.1462185020532399   
  6853.5   0.14622917445888445  
  6854.5   0.14623983921872152  
  6855.5   0.14625051006731926  
  6856.5   0.14626117327145202  
  6857.5   0.14627183569823812  
  6858.5   0.14628250421279335  
  6859.5   0.14629316508489576  
  6860.5   0.14630383204410644  
  6861.5   0.14631449136220498  
  6862.5   0.14632515676675112  
  6863.5   0.14633581453152522  
  6864.5   0.1463464783820864   
  6865.5   0.14635713459421493  
  6866.5   0.1463677900305248   
  6867.5   0.1463784515516315   
  6868.5   0.14638910543631312  
  6869.5   0.14639976540513147  
  6870.5   0.14641041773886238  
  6871.5   0.14642107615607025  
  6872.5   0.1464317269395276   
  6873.5   0.14644238380580232  
  6874.5   0.14645303303966284  
  6875.5   0.14646368149922773  
  6876.5   0.14647433604062102  
  6877.5   0.146484982951603    
  6878.5   0.14649563594375417  
  6879.5   0.14650628130682866  
  6880.5   0.14651693275041336  
  6881.5   0.14652757656625529  
  6882.5   0.14653822646194864  
  6883.5   0.14654886873123243  
  6884.5   0.14655951022773875  
  6885.5   0.14657015780310872  
  6886.5   0.14658079775406752  
  6887.5   0.14659144378323172  
  6888.5   0.14660208218931628  
  6889.5   0.14661272667294808  
  6890.5   0.1466233635348311   
  6891.5   0.14663400647360342  
  6892.5   0.14664464179195713  
  6893.5   0.1466552763390465   
  6894.5   0.14666591696203865  
  6895.5   0.14667654996660603  
  6896.5   0.1466871890464188   
  6897.5   0.1466978205091353   
  6898.5   0.14670845804643984  
  6899.5   0.14671908796797595  
  6900.5   0.14672972396344308  
  6901.5   0.14674035234446883  
  6902.5   0.14675098679876872  
  6903.5   0.14676161363995371  
  6904.5   0.14677223971171696  
  6905.5   0.14678287185576946  
  6906.5   0.1467934963886953   
  6907.5   0.14680412699325396  
  6908.5   0.14681474998801072  
  6909.5   0.14682537905374407  
  6910.5   0.14683600051099965  
  6911.5   0.14684662803857573  
  6912.5   0.1468572479589975   
  6913.5   0.1468678671114997   
  6914.5   0.14687849233333883  
  6915.5   0.14688910995000726  
  6916.5   0.14689973363535708  
  6917.5   0.14691034971685799  
  6918.5   0.14692097186638486  
  6919.5   0.14693158641338394  
  6920.5   0.14694220702775376  
  6921.5   0.14695282004091623  
  6922.5   0.14696343228765638  
  6923.5   0.14697405060078494  
  6924.5   0.14698466131468535  
  6925.5   0.14699527809431936  
  6926.5   0.14700588727604397  
  6927.5   0.1470165025228477   
  6928.5   0.14702711017306005  
  6929.5   0.1470377238876972   
  6930.5   0.14704833000706038  
  6931.5   0.14705893536149373  
  6932.5   0.14706954677937079  
  6933.5   0.14708015060394855  
  6934.5   0.1470907604913161   
  6935.5   0.14710136278670016  
  6936.5   0.1471119711442203   
  6937.5   0.14712257191107206  
  6938.5   0.14713317873940637  
  6939.5   0.1471437779783867   
  6940.5   0.1471543764539248   
  6941.5   0.14716498098996567  
  6942.5   0.1471755779386227   
  6943.5   0.14718618094712949  
  6944.5   0.14719677636956527  
  6945.5   0.14720737785119786  
  6946.5   0.14721797174807155  
  6947.5   0.14722857170348944  
  6948.5   0.14723916407545987  
  6949.5   0.14724975568547083  
  6950.5   0.1472603533530474   
  6951.5   0.14727094343914227  
  6952.5   0.1472815395821505   
  6953.5   0.14729212814498685  
  6954.5   0.1473027227640846   
  6955.5   0.14731330980431953  
  6956.5   0.14732390290016403  
  6957.5   0.1473344884184542   
  6958.5   0.14734507317626294  
  6959.5   0.14735566398870392  
  6960.5   0.14736624722555183  
  6961.5   0.1473768365163807   
  6962.5   0.14738741823292334  
  6963.5   0.1473980060027957   
  6964.5   0.14740858619968802  
  6965.5   0.1474191724492591   
  6966.5   0.14742975112715562  
  6967.5   0.14744032904604393  
  6968.5   0.14745091301663493  
  6969.5   0.14746148941750825  
  6970.5   0.14747207186943373  
  6971.5   0.14748264675294542  
  6972.5   0.147493227686859    
  6973.5   0.14750380105366195  
  6974.5   0.1475143804702166   
  6975.5   0.14752495232096322  
  6976.5   0.1475355302208116   
  6977.5   0.14754610055615386  
  6978.5   0.14755667013428203  
  6979.5   0.14756724576053745  
  6980.5   0.1475778138242382   
  6981.5   0.1475883879354167   
  6982.5   0.14759895448534083  
  6983.5   0.14760952708209332  
  6984.5   0.14762009211889113  
  6985.5   0.14763066320186818  
  6986.5   0.1476412267261895   
  6987.5   0.14765178949475943  
  6988.5   0.14766235830853536  
  6989.5   0.14767291956560263  
  6990.5   0.14768348686722724  
  6991.5   0.1476940466134405   
  6992.5   0.14770461240356264  
  6993.5   0.14771517063957018  
  6994.5   0.14772573491883825  
  6995.5   0.1477362916452878   
  6996.5   0.1477468476174439   
  6997.5   0.14775740963188858  
  6998.5   0.14776796409545737  
  6999.5   0.14777852460066687  
  7000.5   0.14778907755629497  
  7001.5   0.14779963655291614  
  7002.5   0.14781018800124962  
  7003.5   0.14782074548992877  
  7004.5   0.14783129543161336  
  7005.5   0.14784184462045788  
  7006.5   0.14785239984867726  
  7007.5   0.14786294753184046  
  7008.5   0.14787350125373153  
  7009.5   0.1478840474318579   
  7010.5   0.14789459964806534  
  7011.5   0.147905144321799    
  7012.5   0.1479156950329671   
  7013.5   0.1479262382029516   
  7014.5   0.1479367806215447   
  7015.5   0.14794732907660268  
  7016.5   0.14795786999241112  
  7017.5   0.14796841694403834  
  7018.5   0.14797895635770453  
  7019.5   0.14798950180654358  
  7020.5   0.1480000397187096   
  7021.5   0.14801058366540262  
  7022.5   0.14802112007671003  
  7023.5   0.14803165573806998  
  7024.5   0.1480421974329887   
  7025.5   0.14805273159445137  
  7026.5   0.14806327178882747  
  7027.5   0.1480738044510333   
  7028.5   0.1480843431455074   
  7029.5   0.14809487430909635  
  7030.5   0.1481054115043086   
  7031.5   0.14811594116992013  
  7032.5   0.1481264700870236   
  7033.5   0.14813700503478336  
  7034.5   0.14814753245486775  
  7035.5   0.1481580659049639   
  7036.5   0.14816859182866754  
  7037.5   0.14817912378173864  
  7038.5   0.14818964820969943  
  7039.5   0.14820017866638355  
  7040.5   0.148210701599239    
  7041.5   0.14822122378502114  
  7042.5   0.1482317519985609   
  7043.5   0.1482422726901929   
  7044.5   0.14825279940893882  
  7045.5   0.14826331860705705  
  7046.5   0.14827384383164566  
  7047.5   0.14828436153688596  
  7048.5   0.1482948852679533   
  7049.5   0.1483054014809511   
  7050.5   0.14831592371913283  
  7051.5   0.1483264384405231   
  7052.5   0.14833695241658748  
  7053.5   0.1483474724168716   
  7054.5   0.14835798490227997  
  7055.5   0.1483685034112654   
  7056.5   0.14837901440665163  
  7057.5   0.14838953142497238  
  7058.5   0.14840004093096984  
  7059.5   0.14841055645925952  
  7060.5   0.14842106447650116  
  7061.5   0.1484315717498416   
  7062.5   0.14844208504451126  
  7063.5   0.14845259083004433  
  7064.5   0.1484631026362648   
  7065.5   0.14847360693462242  
  7066.5   0.14848411725302574  
  7067.5   0.1484946200648392   
  7068.5   0.14850512889605696  
  7069.5   0.14851563022195724  
  7070.5   0.14852613080537647  
  7071.5   0.14853663740723816  
  7072.5   0.14854713650568965  
  7073.5   0.1485576416219426   
  7074.5   0.1485681392360562   
  7075.5   0.14857864286733044  
  7076.5   0.14858913899773554  
  7077.5   0.14859964114466062  
  7078.5   0.14861013579198618  
  7079.5   0.14862062969824624  
  7080.5   0.14863112962006567  
  7081.5   0.14864162204418863  
  7082.5   0.1486521204832308   
  7083.5   0.14866261142584442  
  7084.5   0.14867310838273728  
  7085.5   0.14868359784446905  
  7086.5   0.14869409331984018  
  7087.5   0.148704581301317    
  7088.5   0.14871506854313943  
  7089.5   0.14872556179764188  
  7090.5   0.1487360475601488   
  7091.5   0.1487465393346964   
  7092.5   0.1487570236185137   
  7093.5   0.14876751391373244  
  7094.5   0.1487779967194855   
  7095.5   0.14878848553600096  
  7096.5   0.1487989668643147   
  7097.5   0.14880944745438068  
  7098.5   0.148819934054251    
  7099.5   0.14883041316781417  
  7100.5   0.14884089829054317  
  7101.5   0.14885137592822736  
  7102.5   0.14886185957443904  
  7103.5   0.14887233573686773  
  7104.5   0.14888281790718563  
  7105.5   0.14889329259498177  
  7106.5   0.14890376654593232  
  7107.5   0.14891424650381524  
  7108.5   0.14892471898106677  
  7109.5   0.1489351974646129   
  7110.5   0.1489456684687873   
  7111.5   0.14895614547861874  
  7112.5   0.14896661501033745  
  7113.5   0.1489770905470758   
  7114.5   0.1489875586069598   
  7115.5   0.14899802593139597  
  7116.5   0.14900849925989618  
  7117.5   0.14901896511342821  
  7118.5   0.1490294369703874   
  7119.5   0.14903990135363526  
  7120.5   0.1490503717396735   
  7121.5   0.14906083465325665  
  7122.5   0.14907130356899365  
  7123.5   0.14908176501353113  
  7124.5   0.1490922257240141   
  7125.5   0.14910269243569652  
  7126.5   0.14911315167806147  
  7127.5   0.14912361692098974  
  7128.5   0.14913407469585466  
  7129.5   0.14914453847064696  
  7130.5   0.14915499477862937  
  7131.5   0.14916545708590337  
  7132.5   0.14917591192762034  
  7133.5   0.14918637276799337  
  7134.5   0.14919682614406157  
  7135.5   0.14920727878777226  
  7136.5   0.1492177374291861   
  7137.5   0.14922818860817208  
  7138.5   0.14923864578422613  
  7139.5   0.14924909549910303  
  7140.5   0.14925955121041304  
  7141.5   0.14926999946179598  
  7142.5   0.14928045370897727  
  7143.5   0.14929090049748095  
  7144.5   0.14930134655501076  
  7145.5   0.1493117986073872   
  7146.5   0.14932224320295892  
  7147.5   0.14933269379274303  
  7148.5   0.14934313692697032  
  7149.5   0.1493535860547759   
  7150.5   0.14936402772827198  
  7151.5   0.14937447539471238  
  7152.5   0.14938491560809006  
  7153.5   0.14939535509187307  
  7154.5   0.14940580056764993  
  7155.5   0.1494162385922328   
  7156.5   0.14942668260817604  
  7157.5   0.1494371191741705   
  7158.5   0.14944756173089196  
  7159.5   0.1494579968389093   
  7160.5   0.14946843793702055  
  7161.5   0.1494788715876716   
  7162.5   0.14948930451010292  
  7163.5   0.14949974342167885  
  7164.5   0.1495101748876593   
  7165.5   0.1495206123421517   
  7166.5   0.14953104235229106  
  7167.5   0.14954147835030987  
  7168.5   0.14955190690521752  
  7169.5   0.14956234144737232  
  7170.5   0.14957276854765725  
  7171.5   0.149583194921093    
  7172.5   0.14959362728082784  
  7173.5   0.14960405220055337  
  7174.5   0.1496144831059461   
  7175.5   0.1496249065725693   
  7176.5   0.149635336024228    
  7177.5   0.1496457580383563   
  7178.5   0.14965618603688863  
  7179.5   0.14966660659912912  
  7180.5   0.1496770264358867   
  7181.5   0.1496874522561015   
  7182.5   0.14969787064188095  
  7183.5   0.14970829501048652  
  7184.5   0.14971871194589378  
  7185.5   0.1497291348634963   
  7186.5   0.1497395503491369   
  7187.5   0.1497499718163421   
  7188.5   0.14976038585282125  
  7189.5   0.14977079916517957  
  7190.5   0.1497812184581568   
  7191.5   0.1497916303222605   
  7192.5   0.1498020481663528   
  7193.5   0.14981245858280592  
  7194.5   0.1498228749786176   
  7195.5   0.14983328394802384  
  7196.5   0.1498436988961587   
  7197.5   0.1498541064191213   
  7198.5   0.14986451321932084  
  7199.5   0.1498749259973046   
  7200.5   0.14988533135196447  
  7201.5   0.14989574268377912  
  7202.5   0.14990614659350154  
  7203.5   0.14991655647974947  
  7204.5   0.14992695894513625  
  7205.5   0.14993736738641938  
  7206.5   0.1499477684080719   
  7207.5   0.14995817540499184  
  7208.5   0.14996857498351096  
  7209.5   0.14997897384092082  
  7210.5   0.14998937867265516  
  7211.5   0.14999977608783222  
  7212.5   0.1500101794767053   
  7213.5   0.15002057545024947  
  7214.5   0.1500309773968614   
  7215.5   0.15004137192937214  
  7216.5   0.15005177243432255  
  7217.5   0.15006216552639903  
  7218.5   0.15007255789871457  
  7219.5   0.150082956242528    
  7220.5   0.15009334717530698  
  7221.5   0.15010374407895616  
  7222.5   0.15011413357279663  
  7223.5   0.15012452903687978  
  7224.5   0.15013491709237933  
  7225.5   0.15014531111749427  
  7226.5   0.15015569773525014  
  7227.5   0.15016608363458928  
  7228.5   0.15017647550260327  
  7229.5   0.15018685996509368  
  7230.5   0.15019725039563206  
  7231.5   0.1502076334218699   
  7232.5   0.15021802241552903  
  7233.5   0.15022840400611012  
  7234.5   0.15023879156348596  
  7235.5   0.15024917171900562  
  7236.5   0.15025955115744855  
  7237.5   0.15026993656174686  
  7238.5   0.15028031456602056  
  7239.5   0.15029069853552357  
  7240.5   0.1503010751062223   
  7241.5   0.1503114576415245   
  7242.5   0.15032183277924227  
  7243.5   0.15033221388093773  
  7244.5   0.150342587586268    
  7245.5   0.15035296057585737  
  7246.5   0.15036333952848632  
  7247.5   0.1503737110865776   
  7248.5   0.1503840886070832   
  7249.5   0.15039445873426888  
  7250.5   0.15040483482324377  
  7251.5   0.15041520352011595  
  7252.5   0.15042557817815239  
  7253.5   0.15043594544530273  
  7254.5   0.15044631199804384  
  7255.5   0.1504566845110123   
  7256.5   0.15046704963491822  
  7257.5   0.15047742071842699  
  7258.5   0.15048778441408836  
  7259.5   0.1504981540687283   
  7260.5   0.15050851633673534  
  7261.5   0.1505188845630968   
  7262.5   0.15052924540403942  
  7263.5   0.1505396055319004   
  7264.5   0.15054997161718003  
  7265.5   0.15056033031886046  
  7266.5   0.15057069497733583  
  7267.5   0.15058105225342452  
  7268.5   0.15059141548568467  
  7269.5   0.15060177133677     
  7270.5   0.15061213314340346  
  7271.5   0.15062248757007352  
  7272.5   0.1506328412849854   
  7273.5   0.15064320095451086  
  7274.5   0.15065355324588864  
  7275.5   0.15066391149125705  
  7276.5   0.15067426235968767  
  7277.5   0.15068461918148623  
  7278.5   0.15069496862755632  
  7279.5   0.15070532402637182  
  7280.5   0.15071567205066758  
  7281.5   0.15072602602708637  
  7282.5   0.15073637263019357  
  7283.5   0.1507467185231547   
  7284.5   0.1507570703673057   
  7285.5   0.15076741483995612  
  7286.5   0.15077776526317452  
  7287.5   0.15078810831609904  
  7288.5   0.15079845731896976  
  7289.5   0.1508087989527528   
  7290.5   0.15081914653586043  
  7291.5   0.1508294867510859   
  7292.5   0.1508398262574797   
  7293.5   0.1508501717122662   
  7294.5   0.15086050980097757  
  7295.5   0.15087085383746054  
  7296.5   0.15088119050907253  
  7297.5   0.15089153312783515  
  7298.5   0.15090186838293035  
  7299.5   0.15091220958455537  
  7300.5   0.15092254342371594  
  7301.5   0.15093287655535517  
  7302.5   0.1509432156325935   
  7303.5   0.15095354734917057  
  7304.5   0.15096388501072636  
  7305.5   0.15097421531282246  
  7306.5   0.15098455155927712  
  7307.5   0.15099488044747297  
  7308.5   0.15100521527940747  
  7309.5   0.15101554275428358  
  7310.5   0.1510258695229447   
  7311.5   0.1510362022344148   
  7312.5   0.15104652759062587  
  7313.5   0.15105685888902642  
  7314.5   0.1510671828333669   
  7315.5   0.15107751271927744  
  7316.5   0.1510878352523263   
  7317.5   0.15109816372632603  
  7318.5   0.1511084848486619   
  7319.5   0.15111880526608507  
  7320.5   0.15112913162353073  
  7321.5   0.151139450631108    
  7322.5   0.151149775578089    
  7323.5   0.151160093176398    
  7324.5   0.15117041671349213  
  7325.5   0.1511807329031101   
  7326.5   0.1511910550308948   
  7327.5   0.1512013698123986   
  7328.5   0.15121168389028797  
  7329.5   0.15122200390541685  
  7330.5   0.15123231657605649  
  7331.5   0.15124263518331763  
  7332.5   0.15125294644728332  
  7333.5   0.15126326364725273  
  7334.5   0.15127357350512002  
  7335.5   0.15128388929837336  
  7336.5   0.15129419775071729  
  7337.5   0.15130450550074112  
  7338.5   0.151314819185225    
  7339.5   0.15132512553058727  
  7340.5   0.15133543780979233  
  7341.5   0.1513457427510671   
  7342.5   0.15135605362556767  
  7343.5   0.15136635716332866  
  7344.5   0.15137666663369856  
  7345.5   0.15138696876851906  
  7346.5   0.15139727020230986  
  7347.5   0.15140757756778478  
  7348.5   0.15141787759949427  
  7349.5   0.15142818356227136  
  7350.5   0.15143848219247183  
  7351.5   0.15144878675312373  
  7352.5   0.15145908398238714  
  7353.5   0.15146938714148592  
  7354.5   0.15147968297038386  
  7355.5   0.15148998472850123  
  7356.5   0.15150027915760483  
  7357.5   0.1515105728872505   
  7358.5   0.1515208725451922   
  7359.5   0.15153116487589952  
  7360.5   0.15154146313428735  
  7361.5   0.15155175406662647  
  7362.5   0.15156205092603087  
  7363.5   0.15157234046057158  
  7364.5   0.1515826359215625   
  7365.5   0.15159292405887428  
  7366.5   0.15160321149800973  
  7367.5   0.15161350486267314  
  7368.5   0.15162379090543301  
  7369.5   0.1516340828731061   
  7370.5   0.15164436752005878  
  7371.5   0.15165465809131018  
  7372.5   0.1516649413430238   
  7373.5   0.1516752305184218   
  7374.5   0.15168551237546402  
  7375.5   0.15169579353560764  
  7376.5   0.15170608061851457  
  7377.5   0.15171636038483755  
  7378.5   0.15172664607330985  
  7379.5   0.15173692444637887  
  7380.5   0.15174720874098352  
  7381.5   0.15175748572136494  
  7382.5   0.15176776862266841  
  7383.5   0.1517780442109282   
  7384.5   0.15178831910356322  
  7385.5   0.15179859991620037  
  7386.5   0.15180887341756186  
  7387.5   0.1518191528383124   
  7388.5   0.1518294249489654   
  7389.5   0.15183970297839447  
  7390.5   0.15184997369890357  
  7391.5   0.151860250337576    
  7392.5   0.15187051966850548  
  7393.5   0.15188078830508012  
  7394.5   0.15189106285889928  
  7395.5   0.15190133010673987  
  7396.5   0.15191160327121261  
  7397.5   0.15192186913088235  
  7398.5   0.15193214090657212  
  7399.5   0.151942405378634    
  7400.5   0.1519526757661038   
  7401.5   0.15196293885112033  
  7402.5   0.15197320124304806  
  7403.5   0.15198346954946623  
  7404.5   0.1519937305551916   
  7405.5   0.15200399747479576  
  7406.5   0.15201425709488034  
  7407.5   0.15202452262823227  
  7408.5   0.15203478086323724  
  7409.5   0.15204504501089836  
  7410.5   0.1520553018613845   
  7411.5   0.15206555802004415  
  7412.5   0.15207582009044357  
  7413.5   0.15208607486542486  
  7414.5   0.15209633555153504  
  7415.5   0.15210658894339785  
  7416.5   0.15211684824577895  
  7417.5   0.15212710025508275  
  7418.5   0.15213735817429436  
  7419.5   0.15214760880159828  
  7420.5   0.15215785873833412  
  7421.5   0.15216811458406254  
  7422.5   0.15217836313963637  
  7423.5   0.15218861760359273  
  7424.5   0.15219886477856276  
  7425.5   0.15220911786130542  
  7426.5   0.15221936365622943  
  7427.5   0.15222961535831642  
  7428.5   0.15223985977375182  
  7429.5   0.15225011009574066  
  7430.5   0.15226035313224454  
  7431.5   0.15227059547971322  
  7432.5   0.15228084373282152  
  7433.5   0.15229108470219346  
  7434.5   0.15230133157659587  
  7435.5   0.15231157116842717  
  7436.5   0.15232181666468003  
  7437.5   0.15233205487952642  
  7438.5   0.15234229899818558  
  7439.5   0.15235253583660247  
  7440.5   0.15236277198723414  
  7441.5   0.15237301404076586  
  7442.5   0.15238324881580026  
  7443.5   0.1523934894931264   
  7444.5   0.15240372289311793  
  7445.5   0.1524139621947931   
  7446.5   0.15242419422029585  
  7447.5   0.15243443214687424  
  7448.5   0.15244466279844193  
  7449.5   0.15245489276347063  
  7450.5   0.15246512862866335  
  7451.5   0.1524753572205867   
  7452.5   0.15248559171206655  
  7453.5   0.1524958189314373   
  7454.5   0.15250605204975717  
  7455.5   0.15251627789712774  
  7456.5   0.15252650964284023  
  7457.5   0.15253673411876267  
  7458.5   0.15254695790938852  
  7459.5   0.15255718759744585  
  7460.5   0.15256741001745078  
  7461.5   0.15257763833428042  
  7462.5   0.15258785938421554  
  7463.5   0.15259808633036875  
  7464.5   0.1526083060107848   
  7465.5   0.15261853158681243  
  7466.5   0.15262874989825975  
  7467.5   0.15263896752564915  
  7468.5   0.15264919104774094  
  7469.5   0.1526594073069864   
  7470.5   0.1526696294603282   
  7471.5   0.15267984435197912  
  7472.5   0.15269006513712052  
  7473.5   0.15270027866172595  
  7474.5   0.15271049807921622  
  7475.5   0.1527207102373249   
  7476.5   0.15273092171261066  
  7477.5   0.1527411390798731   
  7478.5   0.15275134918948444  
  7479.5   0.15276156519046713  
  7480.5   0.1527717739349517   
  7481.5   0.15278198857020264  
  7482.5   0.15279219595010796  
  7483.5   0.15280240922017468  
  7484.5   0.15281261523604778  
  7485.5   0.1528228205703292   
  7486.5   0.15283303179386507  
  7487.5   0.15284323576493408  
  7488.5   0.15285344562465303  
  7489.5   0.1528636482330558   
  7490.5   0.15287385672950415  
  7491.5   0.1528840579757864   
  7492.5   0.1528942651095101   
  7493.5   0.15290446499421723  
  7494.5   0.1529146641985603   
  7495.5   0.152924869289439    
  7496.5   0.15293506713302432  
  7497.5   0.15294527086254153  
  7498.5   0.15295546734591364  
  7499.5   0.152965669714614    
  7500.5   0.15297586483831704  
  7501.5   0.15298606584674496  
  7502.5   0.15299625961132263  
  7503.5   0.153006459260022    
  7504.5   0.1530166516660178   
  7505.5   0.15302684339314487  
  7506.5   0.15303704100348914  
  7507.5   0.1530472313728487   
  7508.5   0.15305742762482263  
  7509.5   0.15306761663695714  
  7510.5   0.15307781153110336  
  7511.5   0.153087999186555    
  7512.5   0.15309819272341593  
  7513.5   0.15310837902272642  
  7514.5   0.15311856464438764  
  7515.5   0.15312875614655483  
  7516.5   0.15313894041288684  
  7517.5   0.1531491305591228   
  7518.5   0.15315931347066655  
  7519.5   0.15316950226151235  
  7520.5   0.15317968381880834  
  7521.5   0.15318987125480465  
  7522.5   0.15320005145839308  
  7523.5   0.1532102309855479   
  7524.5   0.1532204163905009   
  7525.5   0.15323059456475766  
  7526.5   0.15324077861621124  
  7527.5   0.15325095543810918  
  7528.5   0.15326113813660286  
  7529.5   0.1532713136066809   
  7530.5   0.1532814949527537   
  7531.5   0.15329166907155037  
  7532.5   0.1533018425151256   
  7533.5   0.15331202183379458  
  7534.5   0.15332219392689553  
  7535.5   0.15333237189448973  
  7536.5   0.15334254263765407  
  7537.5   0.15335271925471128  
  7538.5   0.15336288864847633  
  7539.5   0.15337306391553404  
  7540.5   0.15338323196043674  
  7541.5   0.1533933993313265   
  7542.5   0.15340357257460902  
  7543.5   0.15341373859744112  
  7544.5   0.15342391049206616  
  7545.5   0.15343407516737664  
  7546.5   0.15344424571388046  
  7547.5   0.15345440904220503  
  7548.5   0.1534645782411235   
  7549.5   0.1534747402229975   
  7550.5   0.15348490153206348  
  7551.5   0.15349506871082458  
  7552.5   0.15350522867424232  
  7553.5   0.15351539450675608  
  7554.5   0.15352555312505997  
  7555.5   0.15353571761186108  
  7556.5   0.15354587488558527  
  7557.5   0.153556038027208    
  7558.5   0.15356619395688623  
  7559.5   0.15357634921495777  
  7560.5   0.15358651034003015  
  7561.5   0.15359666425485566  
  7562.5   0.15360682403608372  
  7563.5   0.153616976608196    
  7564.5   0.15362713504611278  
  7565.5   0.15363728627604442  
  7566.5   0.1536474433711826   
  7567.5   0.1536575932594658   
  7568.5   0.15366774247734     
  7569.5   0.1536778975595242   
  7570.5   0.15368804543654746  
  7571.5   0.15369819917728317  
  7572.5   0.15370834571398675  
  7573.5   0.15371849811380545  
  7574.5   0.15372864331072025  
  7575.5   0.15373879437015303  
  7576.5   0.15374893822780974  
  7577.5   0.15375908794738732  
  7578.5   0.15376923046631613  
  7579.5   0.1537793723162951   
  7580.5   0.1537895200272998   
  7581.5   0.15379966053934546  
  7582.5   0.15380980691182028  
  7583.5   0.15381994608646204  
  7584.5   0.15383009112093649  
  7585.5   0.15384022895870342  
  7586.5   0.15385037265570667  
  7587.5   0.15386050915712737  
  7588.5   0.15387064499078806  
  7589.5   0.15388078668279115  
  7590.5   0.1538909211808979   
  7591.5   0.15390106153675115  
  7592.5   0.15391119469983175  
  7593.5   0.15392133372006317  
  7594.5   0.15393146554864512  
  7595.5   0.15394160323378228  
  7596.5   0.15395173372839263  
  7597.5   0.15396186355642932  
  7598.5   0.1539719992401284   
  7599.5   0.15398212773498343  
  7600.5   0.1539922620849057   
  7601.5   0.15400238924710535  
  7602.5   0.15401252226377726  
  7603.5   0.15402264809384736  
  7604.5   0.15403277977779495  
  7605.5   0.15404290427626108  
  7606.5   0.15405302810933638  
  7607.5   0.15406315779539742  
  7608.5   0.15407328029765635  
  7609.5   0.15408340865230663  
  7610.5   0.15409352982427385  
  7611.5   0.1541036568480382   
  7612.5   0.15411377669023807  
  7613.5   0.15412390238364101  
  7614.5   0.15413402089659753  
  7615.5   0.15414413874534258  
  7616.5   0.1541542624444      
  7617.5   0.15416437896468693  
  7618.5   0.15417450133469265  
  7619.5   0.15418461652704463  
  7620.5   0.15419473756852192  
  7621.5   0.1542048514334617   
  7622.5   0.15421497114693353  
  7623.5   0.15422508368498358  
  7624.5   0.15423519555999807  
  7625.5   0.15424531328265498  
  7626.5   0.15425542383156268  
  7627.5   0.15426554022751995  
  7628.5   0.1542756494508425   
  7629.5   0.15428576452062182  
  7630.5   0.15429587241888043  
  7631.5   0.15430598616300328  
  7632.5   0.15431609273671887  
  7633.5   0.15432619864857125  
  7634.5   0.15433631040539947  
  7635.5   0.15434641499348944  
  7636.5   0.15435652542596315  
  7637.5   0.15436662869081083  
  7638.5   0.15437673779945021  
  7639.5   0.15438683974157527  
  7640.5   0.15439694752690025  
  7641.5   0.15440704814682213  
  7642.5   0.15441714810604973  
  7643.5   0.1544272539075899   
  7644.5   0.15443735254539265  
  7645.5   0.15444745702491652  
  7646.5   0.1544575543418129   
  7647.5   0.15446765749983918  
  7648.5   0.15447775349634743  
  7649.5   0.15448785533339446  
  7650.5   0.15449795001003241  
  7651.5   0.15450805052661823  
  7652.5   0.1545181438839034   
  7653.5   0.15452823658191833  
  7654.5   0.15453833511899517  
  7655.5   0.1545484264984329   
  7656.5   0.15455852371634202  
  7657.5   0.15456861377771913  
  7658.5   0.15457870967697732  
  7659.5   0.15458879842081025  
  7660.5   0.154598893001934    
  7661.5   0.15460898042873866  
  7662.5   0.15461906719743446  
  7663.5   0.15462915980253622  
  7664.5   0.15463924525497705  
  7665.5   0.1546493365432341   
  7666.5   0.1546594206799351   
  7667.5   0.1546695106518627   
  7668.5   0.15467959347333873  
  7669.5   0.1546896821294519   
  7670.5   0.15469976363621737  
  7671.5   0.15470984448603192  
  7672.5   0.15471993116959984  
  7673.5   0.1547300107054749   
  7674.5   0.15474009607451428  
  7675.5   0.15475017429696344  
  7676.5   0.1547602583519881   
  7677.5   0.1547703352615247   
  7678.5   0.1547804180030481   
  7679.5   0.15479049360018513  
  7680.5   0.15480056854152574  
  7681.5   0.15481064931397046  
  7682.5   0.15482072294368027  
  7683.5   0.15483080240390587  
  7684.5   0.15484087472249694  
  7685.5   0.15485095287101572  
  7686.5   0.15486102387899994  
  7687.5   0.15487110071632385  
  7688.5   0.15488117041421265  
  7689.5   0.1548912394574562   
  7690.5   0.15490131432915788  
  7691.5   0.15491138206307253  
  7692.5   0.15492145562485773  
  7693.5   0.1549315220499541   
  7694.5   0.15494159430233367  
  7695.5   0.15495165941912212  
  7696.5   0.15496173036260646  
  7697.5   0.15497179417159695  
  7698.5   0.15498185732708994  
  7699.5   0.1549919263083984   
  7700.5   0.1550019881568577   
  7701.5   0.15501205583054564  
  7702.5   0.1550221163724804   
  7703.5   0.15503218273905708  
  7704.5   0.15504224197497612  
  7705.5   0.15505230703495057  
  7706.5   0.15506236496536235  
  7707.5   0.15507242224342113  
  7708.5   0.15508248534465593  
  7709.5   0.15509254131796954  
  7710.5   0.15510260311387306  
  7711.5   0.1551126577829491   
  7712.5   0.15512271827402913  
  7713.5   0.155132771639375    
  7714.5   0.15514283082613906  
  7715.5   0.15515288288826173  
  7716.5   0.15516293429917252  
  7717.5   0.1551729915306232   
  7718.5   0.1551830416390706   
  7719.5   0.15519309756747254  
  7720.5   0.15520314637396274  
  7721.5   0.1552132009998223   
  7722.5   0.15522324850486122  
  7723.5   0.15523330182868442  
  7724.5   0.15524334803277756  
  7725.5   0.15525340005507005  
  7726.5   0.1552634449587226   
  7727.5   0.1552734892125534   
  7728.5   0.1552835392837067   
  7729.5   0.15529358223785406  
  7730.5   0.15530363100873937  
  7731.5   0.15531367266370766  
  7732.5   0.1553237201348296   
  7733.5   0.15533376049112288  
  7734.5   0.15534380666298564  
  7735.5   0.15535384572110764  
  7736.5   0.15536388413054167  
  7737.5   0.15537392835466932  
  7738.5   0.15538396546668695  
  7739.5   0.1553940083928145   
  7740.5   0.15540404420791873  
  7741.5   0.15541408583654925  
  7742.5   0.15542412035524264  
  7743.5   0.15543416068687887  
  7744.5   0.15544419390966374  
  7745.5   0.15545422648489104  
  7746.5   0.15546426487218643  
  7747.5   0.15547429615225788  
  7748.5   0.15548433324381442  
  7749.5   0.15549436322923152  
  7750.5   0.1555043990255508   
  7751.5   0.15551442771681467  
  7752.5   0.15552446221839802  
  7753.5   0.1555344896160095   
  7754.5   0.15554451636719063  
  7755.5   0.1555545489278175   
  7756.5   0.15556457438609672  
  7757.5   0.15557460565323944  
  7758.5   0.1555846298191168   
  7759.5   0.15559465979327552  
  7760.5   0.15560468266725075  
  7761.5   0.15561471134892532  
  7762.5   0.15562473293149773  
  7763.5   0.15563475386876371  
  7764.5   0.15564478061285636  
  7765.5   0.1556548002594679   
  7766.5   0.15566482571232457  
  7767.5   0.15567484406878024  
  7768.5   0.1556848682308996   
  7769.5   0.15569488529769768  
  7770.5   0.1557049081695782   
  7771.5   0.15571492394721653  
  7772.5   0.15572493908066906  
  7773.5   0.1557349600183325   
  7774.5   0.15574497386337152  
  7775.5   0.1557549935120406   
  7776.5   0.15576500606916327  
  7777.5   0.1557750244293353   
  7778.5   0.1557850356990384   
  7779.5   0.15579505277121028  
  7780.5   0.1558050627539903   
  7781.5   0.15581507209370185  
  7782.5   0.15582508723501184  
  7783.5   0.1558350952885444   
  7784.5   0.15584510914309516  
  7785.5   0.15585511591094436  
  7786.5   0.1558651284792318   
  7787.5   0.155875133961893    
  7788.5   0.15588514524441266  
  7789.5   0.15589514944238095  
  7790.5   0.15590515299839497  
  7791.5   0.15591516235339806  
  7792.5   0.15592516462546108  
  7793.5   0.1559351726959337   
  7794.5   0.15594517368453994  
  7795.5   0.15595518047097653  
  7796.5   0.15596518017661995  
  7797.5   0.1559751856795146   
  7798.5   0.15598518410268877  
  7799.5   0.15599518188501968  
  7800.5   0.15600518546373357  
  7801.5   0.156015181964335    
  7802.5   0.15602518426074072  
  7803.5   0.15603517948010553  
  7804.5   0.15604518049469612  
  7805.5   0.15605517443331685  
  7806.5   0.1560651741665849   
  7807.5   0.15607516682495373  
  7808.5   0.15608516527739166  
  7809.5   0.1560951566560005   
  7810.5   0.15610514739511952  
  7811.5   0.15611514392744072  
  7812.5   0.1561251333875369   
  7813.5   0.15613512864025736  
  7814.5   0.1561451168218218   
  7815.5   0.15615511079543284  
  7816.5   0.1561650976989563   
  7817.5   0.1561750903939489   
  7818.5   0.15618507601992182  
  7819.5   0.15619506100750885  
  7820.5   0.15620505178569916  
  7821.5   0.15621503549647073  
  7822.5   0.15622502499726845  
  7823.5   0.15623500743171423  
  7824.5   0.15624499565560923  
  7825.5   0.1562549768142186   
  7826.5   0.15626496376170038  
  7827.5   0.15627494364496244  
  7828.5   0.15628492289093932  
  7829.5   0.1562949079249237   
  7830.5   0.15630488589628616  
  7831.5   0.15631486965507976  
  7832.5   0.15632484635231608  
  7833.5   0.15633482883640729  
  7834.5   0.15634480426000547  
  7835.5   0.15635478546988243  
  7836.5   0.1563647596203301   
  7837.5   0.1563747331345901   
  7838.5   0.15638471243426516  
  7839.5   0.1563946846761055   
  7840.5   0.1564046627027852   
  7841.5   0.1564146336726927   
  7842.5   0.15642461042686406  
  7843.5   0.1564345801253254   
  7844.5   0.15644455560747517  
  7845.5   0.15645452403497653  
  7846.5   0.15646449182738462  
  7847.5   0.15647446540261845  
  7848.5   0.1564844319247953   
  7849.5   0.15649440422922295  
  7850.5   0.15650436948165405  
  7851.5   0.15651434051576113  
  7852.5   0.15652430449893168  
  7853.5   0.15653427426320352  
  7854.5   0.15654423697759837  
  7855.5   0.15655419905799117  
  7856.5   0.1565641669186237   
  7857.5   0.1565741277309675   
  7858.5   0.15658409432297668  
  7859.5   0.15659405386775552  
  7860.5   0.15660401919162564  
  7861.5   0.1566139774693233   
  7862.5   0.15662394152553832  
  7863.5   0.1566338985366383   
  7864.5   0.1566438549148244   
  7865.5   0.1566538170706673   
  7866.5   0.1566637721829803   
  7867.5   0.1566737330723765   
  7868.5   0.1566836869192991   
  7869.5   0.15669364654273152  
  7870.5   0.15670359912474613  
  7871.5   0.1567135574826973   
  7872.5   0.15672350880028602  
  7873.5   0.1567334594860459   
  7874.5   0.15674341594688285  
  7875.5   0.1567533653689393   
  7876.5   0.1567633205655      
  7877.5   0.15677326872433442  
  7878.5   0.15678322265710037  
  7879.5   0.15679316955319375  
  7880.5   0.15680312222264614  
  7881.5   0.15681306785647922  
  7882.5   0.15682301926309894  
  7883.5   0.15683296363515214  
  7884.5   0.15684290737669845  
  7885.5   0.15685285689017317  
  7886.5   0.1568627993706596   
  7887.5   0.15687274762250242  
  7888.5   0.1568826888424086   
  7889.5   0.15689263583309937  
  7890.5   0.15690257579290465  
  7891.5   0.15691252152292284  
  7892.5   0.1569224602231063   
  7893.5   0.15693239829386105  
  7894.5   0.15694234213397154  
  7895.5   0.15695227894582234  
  7896.5   0.15696222152645764  
  7897.5   0.15697215707988285  
  7898.5   0.15698209840152144  
  7899.5   0.15699203269699905  
  7900.5   0.157001972760119    
  7901.5   0.1570119057981267   
  7902.5   0.15702183820778073  
  7903.5   0.15703177638422106  
  7904.5   0.15704170753712104  
  7905.5   0.15705164445623673  
  7906.5   0.15706157435285964  
  7907.5   0.15707151001512779  
  7908.5   0.1570814386559502   
  7909.5   0.1570913730618476   
  7910.5   0.15710130044734588  
  7911.5   0.15711122720556253  
  7912.5   0.1571211597279992   
  7913.5   0.15713108523160554  
  7914.5   0.15714101649886203  
  7915.5   0.15715094074833366  
  7916.5   0.15716087076088567  
  7917.5   0.15717079375669793  
  7918.5   0.15718072251502094  
  7919.5   0.1571906442576487   
  7920.5   0.15720056537406385  
  7921.5   0.15721049225213585  
  7922.5   0.15722041211607835  
  7923.5   0.1572303377411085   
  7924.5   0.15724025635305264  
  7925.5   0.15725018072551536  
  7926.5   0.157260098085935    
  7927.5   0.15727002120630443  
  7928.5   0.15727993731567322  
  7929.5   0.15728985279989538  
  7930.5   0.15729977404321432  
  7931.5   0.15730968827709546  
  7932.5   0.15731960826950492  
  7933.5   0.1573295212535179   
  7934.5   0.15733943999549088  
  7935.5   0.15734935173010828  
  7936.5   0.15735926922211754  
  7937.5   0.15736917970781167  
  7938.5   0.1573790895694221   
  7939.5   0.15738900518757248  
  7940.5   0.15739891380096743  
  7941.5   0.15740882817033455  
  7942.5   0.15741873553598557  
  7943.5   0.15742864865704115  
  7944.5   0.1574385547754195   
  7945.5   0.1574484666486349   
  7946.5   0.1574583715202115   
  7947.5   0.15746827576876432  
  7948.5   0.1574781857713034   
  7949.5   0.15748808877376028  
  7950.5   0.15749799752963634  
  7951.5   0.1575078992864675   
  7952.5   0.15751780679615093  
  7953.5   0.15752770730782628  
  7954.5   0.1575376135717871   
  7955.5   0.1575475128387763   
  7956.5   0.1575574178574843   
  7957.5   0.15756731588025663  
  7958.5   0.15757721328129656  
  7959.5   0.1575871164332058   
  7960.5   0.15759701259073228  
  7961.5   0.15760691449856176  
  7962.5   0.1576168094130433   
  7963.5   0.1576267100772618   
  7964.5   0.15763660374916671  
  7965.5   0.1576465031702427   
  7966.5   0.157656395600039    
  7967.5   0.15766628740915625  
  7968.5   0.157676184966596    
  7969.5   0.15768607553430597  
  7970.5   0.15769597184977296  
  7971.5   0.15770586117654298  
  7972.5   0.15771575625050457  
  7973.5   0.15772564433680158  
  7974.5   0.157735538169725    
  7975.5   0.15774542501601568  
  7976.5   0.15775531124267764  
  7977.5   0.15776520321511844  
  7978.5   0.15777508820247346  
  7979.5   0.1577849789350425   
  7980.5   0.15779486268355655  
  7981.5   0.15780475217671996  
  7982.5   0.1578146346868587   
  7983.5   0.15782452294108226  
  7984.5   0.15783440421331102  
  7985.5   0.15784428486695842  
  7986.5   0.15785417126384418  
  7987.5   0.15786405068027903  
  7988.5   0.15787393583938814  
  7989.5   0.1578838140190751   
  7990.5   0.15789369794087235  
  7991.5   0.15790357488427578  
  7992.5   0.15791345756922565  
  7993.5   0.1579233332768096   
  7994.5   0.1579332083668566   
  7995.5   0.1579430891976046   
  7996.5   0.15795296305252757  
  7997.5   0.15796284264758806  
  7998.5   0.15797271526785037  
  7999.5   0.15798259362768693  
  8000.5   0.1579924650137516   
  8001.5   0.15800234213882733  
  8002.5   0.15801221229115714  
  8003.5   0.1580220818269914   
  8004.5   0.1580319571009924   
  8005.5   0.1580418254037853   
  8006.5   0.15805169944418218  
  8007.5   0.15806156651439576  
  8008.5   0.1580714393216507   
  8009.5   0.15808130515974667  
  8010.5   0.15809117673432152  
  8011.5   0.1581010413407614   
  8012.5   0.15811090533174427  
  8013.5   0.1581207750583627   
  8014.5   0.158130637818381    
  8015.5   0.1581405063134728   
  8016.5   0.15815036784298728  
  8017.5   0.1581602351070133   
  8018.5   0.1581700954064844   
  8019.5   0.15817996143990526  
  8020.5   0.15818982050979313  
  8021.5   0.1581996789652597   
  8022.5   0.15820954315383368  
  8023.5   0.15821940038040663  
  8024.5   0.15822926333952567  
  8025.5   0.15823911933766446  
  8026.5   0.15824898106778806  
  8027.5   0.1582588358379519   
  8028.5   0.15826869633953944  
  8029.5   0.15827854988218715  
  8030.5   0.1582884091556976   
  8031.5   0.15829826147128775  
  8032.5   0.15830811317371846  
  8033.5   0.15831797060617087  
  8034.5   0.15832782108223128  
  8035.5   0.1583376772877529   
  8036.5   0.1583475265379009   
  8037.5   0.15835738151694972  
  8038.5   0.15836722954164295  
  8039.5   0.1583770832946767   
  8040.5   0.15838693009437244  
  8041.5   0.15839677628193788  
  8042.5   0.15840662819700382  
  8043.5   0.15841647316025714  
  8044.5   0.15842632385045108  
  8045.5   0.15843616758984883  
  8046.5   0.15844601705562747  
  8047.5   0.15845585957162597  
  8048.5   0.15846570781344582  
  8049.5   0.15847554910650113  
  8050.5   0.15848538978845242  
  8051.5   0.15849523619538614  
  8052.5   0.15850507565507768  
  8053.5   0.1585149208391924   
  8054.5   0.15852475907707947  
  8055.5   0.1585346030388307   
  8056.5   0.15854444005536833  
  8057.5   0.15855428279521122  
  8058.5   0.1585641185908542   
  8059.5   0.1585739537764167   
  8060.5   0.15858379468444647  
  8061.5   0.15859362864979576  
  8062.5   0.1586034683370539   
  8063.5   0.15861330108264413  
  8064.5   0.1586231395495848   
  8065.5   0.1586329710758697   
  8066.5   0.15864280832294683  
  8067.5   0.15865263863037987  
  8068.5   0.15866246832875303  
  8069.5   0.15867230374708152  
  8070.5   0.15868213222728245  
  8071.5   0.15869196642688088  
  8072.5   0.1587017936893624   
  8073.5   0.15871162667068373  
  8074.5   0.1587214527158983   
  8075.5   0.15873128447939516  
  8076.5   0.15874110930779503  
  8077.5   0.1587509335281528   
  8078.5   0.15876076346595694  
  8079.5   0.15877058647017772  
  8080.5   0.15878041519128774  
  8081.5   0.15879023697982309  
  8082.5   0.15880006448469067  
  8083.5   0.1588098850579918   
  8084.5   0.15881971134706832  
  8085.5   0.15882953070558625  
  8086.5   0.15883934945707695  
  8087.5   0.15884917392350817  
  8088.5   0.15885899146089155  
  8089.5   0.1588688147126589   
  8090.5   0.15887863103638514  
  8091.5   0.1588884530739391   
  8092.5   0.15889826818445818  
  8093.5   0.15890808900824882  
  8094.5   0.15891790290601054  
  8095.5   0.15892771619775717  
  8096.5   0.15893753520194145  
  8097.5   0.15894734728160467  
  8098.5   0.15895716507314972  
  8099.5   0.1589669759411785   
  8100.5   0.15897679252053354  
  8101.5   0.15898660217737665  
  8102.5   0.1589964175449905   
  8103.5   0.15900622599109637  
  8104.5   0.15901604014741766  
  8105.5   0.15902584738323455  
  8106.5   0.1590356540142696   
  8107.5   0.15904546635468741  
  8108.5   0.1590552717761051   
  8109.5   0.15906508290635063  
  8110.5   0.15907488711859852  
  8111.5   0.15908469703911934  
  8112.5   0.1590945000426446   
  8113.5   0.1591043087538882   
  8114.5   0.1591141105491378   
  8115.5   0.1591239117406114   
  8116.5   0.15913371863897177  
  8117.5   0.15914351862283957  
  8118.5   0.15915332431303977  
  8119.5   0.15916312308974803  
  8120.5   0.1591729275722345   
  8121.5   0.15918272514222917  
  8122.5   0.15919252841744805  
  8123.5   0.1592023247811748   
  8124.5   0.15921212054212872  
  8125.5   0.15922192200747626  
  8126.5   0.15923171656283028  
  8127.5   0.1592415168220243   
  8128.5   0.1592513101722234   
  8129.5   0.1592611092257091   
  8130.5   0.15927090137119806  
  8131.5   0.1592806992194203   
  8132.5   0.15929049016064362  
  8133.5   0.1593002805000944   
  8134.5   0.15931007654144885  
  8135.5   0.1593198656773001   
  8136.5   0.15932966051450206  
  8137.5   0.1593394484471976   
  8138.5   0.15934924208069104  
  8139.5   0.15935902881067435  
  8140.5   0.15936882124090293  
  8141.5   0.15937860676861726  
  8142.5   0.15938839169555663  
  8143.5   0.15939818232191266  
  8144.5   0.15940796604724738  
  8145.5   0.1594177554714465   
  8146.5   0.1594275379956191   
  8147.5   0.15943732621810397  
  8148.5   0.15944710754155675  
  8149.5   0.15945689456276982  
  8150.5   0.1594666746859448   
  8151.5   0.15947645420933967  
  8152.5   0.15948623942966725  
  8153.5   0.15949601775344674  
  8154.5   0.1595058017736074   
  8155.5   0.15951557889821294  
  8156.5   0.15952536171864812  
  8157.5   0.15953513764452076  
  8158.5   0.15954491926567174  
  8159.5   0.15955469399325228  
  8160.5   0.15956446812204475  
  8161.5   0.15957424794528902  
  8162.5   0.15958402087645002  
  8163.5   0.15959379950151184  
  8164.5   0.15960357123548152  
  8165.5   0.15961334866280127  
  8166.5   0.15962311920001945  
  8167.5   0.15963289543003706  
  8168.5   0.15964266477094338  
  8169.5   0.15965243351405098  
  8170.5   0.1596622079491324   
  8171.5   0.15967197549658693  
  8172.5   0.15968174873546503  
  8173.5   0.15969151508770543  
  8174.5   0.15970128713081927  
  8175.5   0.1597110522882842   
  8176.5   0.15972082313607258  
  8177.5   0.15973058709920038  
  8178.5   0.15974035675210185  
  8179.5   0.15975011952133064  
  8180.5   0.15975988169396624  
  8181.5   0.15976964955555112  
  8182.5   0.15977941053494435  
  8183.5   0.1597891772027374   
  8184.5   0.15979893698932568  
  8185.5   0.1598087024637645   
  8186.5   0.15981846105798497  
  8187.5   0.15982822533950694  
  8188.5   0.15983798274179656  
  8189.5   0.1598477395484763   
  8190.5   0.1598575020416341   
  8191.5   0.1598672576570378   
  8192.5   0.15987701895837075  
  8193.5   0.15988677338293464  
  8194.5   0.1598965334928792   
  8195.5   0.15990628672703927  
  8196.5   0.1599160456460315   
  8197.5   0.15992579769022347  
  8198.5   0.15993554913978614  
  8199.5   0.15994530627335857  
  8200.5   0.15995505653360614  
  8201.5   0.15996481247731537  
  8202.5   0.1599745615486829   
  8203.5   0.15998431630296409  
  8204.5   0.15999406418588635  
  8205.5   0.16000381775117448  
  8206.5   0.160013564446086    
  8207.5   0.16002331054734611  
  8208.5   0.16003306233015072  
  8209.5   0.16004280724405132  
  8210.5   0.16005255783894895  
  8211.5   0.16006230156592388  
  8212.5   0.16007205097334853  
  8213.5   0.1600817935138314   
  8214.5   0.16009154173421683  
  8215.5   0.16010128308864094  
  8216.5   0.1601110238503889   
  8217.5   0.16012077029121904  
  8218.5   0.1601305098675577   
  8219.5   0.16014025512243174  
  8220.5   0.16014999351379378  
  8221.5   0.16015973758314453  
  8222.5   0.16016947478996232  
  8223.5   0.16017921767422238  
  8224.5   0.16018895369692807  
  8225.5   0.16019868912793023  
  8226.5   0.1602084302355552   
  8227.5   0.16021816448309295  
  8228.5   0.1602279044067074   
  8229.5   0.16023763747121214  
  8230.5   0.16024737621124768  
  8231.5   0.16025710809315075  
  8232.5   0.16026684565003874  
  8233.5   0.16027657634977108  
  8234.5   0.16028630645876976  
  8235.5   0.16029604224193494  
  8236.5   0.16030577116940875  
  8237.5   0.16031550577050366  
  8238.5   0.16032523351688294  
  8239.5   0.16033496693633792  
  8240.5   0.16034469350205272  
  8241.5   0.1603544257402981   
  8242.5   0.16036415112577818  
  8243.5   0.16037387592149194  
  8244.5   0.16038360638891877  
  8245.5   0.1603933300050419   
  8246.5   0.16040305929233337  
  8247.5   0.16041278172929507  
  8248.5   0.16042250983688044  
  8249.5   0.16043223109510962  
  8250.5   0.1604419580234179   
  8251.5   0.16045167810334318  
  8252.5   0.16046140385280316  
  8253.5   0.16047112275485284  
  8254.5   0.16048084106831478  
  8255.5   0.16049056505049522  
  8256.5   0.16050028218672358  
  8257.5   0.16051000499112644  
  8258.5   0.1605197209505489   
  8259.5   0.16052944257760202  
  8260.5   0.16053915736064608  
  8261.5   0.16054887781077704  
  8262.5   0.16055859141786988  
  8263.5   0.16056830443733638  
  8264.5   0.16057802312307456  
  8265.5   0.16058773496723006  
  8266.5   0.1605974524771139   
  8267.5   0.16060716314638498  
  8268.5   0.16061687948084116  
  8269.5   0.16062658897565407  
  8270.5   0.16063630413510901  
  8271.5   0.16064601245588983  
  8272.5   0.16065572019000307  
  8273.5   0.16066543358794416  
  8274.5   0.1606751401486638   
  8275.5   0.16068485237266855  
  8276.5   0.16069455776041996  
  8277.5   0.16070426881091393  
  8278.5   0.16071397302612223  
  8279.5   0.16072368290353067  
  8280.5   0.16073338594662073  
  8281.5   0.16074308840399948  
  8282.5   0.1607527965227651   
  8283.5   0.1607624978086624   
  8284.5   0.16077220475540452  
  8285.5   0.16078190487024457  
  8286.5   0.16079161064538755  
  8287.5   0.16080130958959435  
  8288.5   0.1608110141935623   
  8289.5   0.16082071196755957  
  8290.5   0.16083040915679914  
  8291.5   0.16084011200498757  
  8292.5   0.16084980802465265  
  8293.5   0.16085950970272522  
  8294.5   0.16086920455323883  
  8295.5   0.16087890506161875  
  8296.5   0.1608885987434038   
  8297.5   0.160898298082514    
  8298.5   0.16090799059599306  
  8299.5   0.16091768252566543  
  8300.5   0.16092738011185165  
  8301.5   0.1609370708738513   
  8302.5   0.16094676729182408  
  8303.5   0.160956456886573    
  8304.5   0.16096615213675441  
  8305.5   0.16097584056467426  
  8306.5   0.16098553464748613  
  8307.5   0.16099522190899834  
  8308.5   0.16100490858765232  
  8309.5   0.161014600920388    
  8310.5   0.16102428643326594  
  8311.5   0.16103397759968546  
  8312.5   0.16104366194720818  
  8313.5   0.16105335194773251  
  8314.5   0.1610630351303205   
  8315.5   0.16107272396537034  
  8316.5   0.16108240598344392  
  8317.5   0.16109208741960512  
  8318.5   0.1611017745074189   
  8319.5   0.16111145477969557  
  8320.5   0.16112114070308536  
  8321.5   0.1611308198118972   
  8322.5   0.16114050457128284  
  8323.5   0.16115018251704924  
  8324.5   0.16115986611285024  
  8325.5   0.16116954289599034  
  8326.5   0.16117922532862605  
  8327.5   0.16118890094955876  
  8328.5   0.16119857598973175  
  8329.5   0.16120825667859218  
  8330.5   0.16121793055718558  
  8331.5   0.1612276100839278   
  8332.5   0.1612372828013599   
  8333.5   0.16124696116640228  
  8334.5   0.16125663272309113  
  8335.5   0.16126630992685184  
  8336.5   0.1612759803232152   
  8337.5   0.16128565013975904  
  8338.5   0.16129532560256757  
  8339.5   0.16130499425941203  
  8340.5   0.16131466856198318  
  8341.5   0.16132433605954538  
  8342.5   0.16133400920229643  
  8343.5   0.16134367554099335  
  8344.5   0.16135334752434133  
  8345.5   0.16136301270458955  
  8346.5   0.16137267730595592  
  8347.5   0.1613823475511672   
  8348.5   0.16139201099470932  
  8349.5   0.16140168008155897  
  8350.5   0.1614113423676929   
  8351.5   0.16142101029659708  
  8352.5   0.16143067142573855  
  8353.5   0.1614403381971132   
  8354.5   0.16144999816967776  
  8355.5   0.16145965756429564  
  8356.5   0.16146932260034147  
  8357.5   0.1614789808390052   
  8358.5   0.16148864471856014  
  8359.5   0.16149830180168456  
  8360.5   0.16150796452516367  
  8361.5   0.1615176204531635   
  8362.5   0.1615272820209816   
  8363.5   0.16153693679427122  
  8364.5   0.16154659099054688  
  8365.5   0.1615562508258364   
  8366.5   0.16156590386802294  
  8367.5   0.16157556254868732  
  8368.5   0.1615852144371985   
  8369.5   0.1615948719636516   
  8370.5   0.16160452269890102  
  8371.5   0.16161417907155656  
  8372.5   0.1616238286539575   
  8373.5   0.16163347766027453  
  8374.5   0.16164313230319438  
  8375.5   0.16165278015728235  
  8376.5   0.16166243364743768  
  8377.5   0.16167208034970929  
  8378.5   0.16168173268751293  
  8379.5   0.16169137823838056  
  8380.5   0.1617010294242451   
  8381.5   0.16171067382412097  
  8382.5   0.1617203176488406   
  8383.5   0.16172996710775475  
  8384.5   0.16173960978210034  
  8385.5   0.1617492580901057   
  8386.5   0.16175889961448886  
  8387.5   0.1617685467719971   
  8388.5   0.16177818714682915  
  8389.5   0.16178783315425177  
  8390.5   0.16179747237994377  
  8391.5   0.16180711103140466  
  8392.5   0.1618167553146548   
  8393.5   0.16182639281759176  
  8394.5   0.16183603595178378  
  8395.5   0.1618456723066073   
  8396.5   0.1618553142921518   
  8397.5   0.16186494949927208  
  8398.5   0.1618745903365795   
  8399.5   0.1618842243964065   
  8400.5   0.1618938640858869   
  8401.5   0.16190349699883042  
  8402.5   0.16191312933867022  
  8403.5   0.16192276730736319  
  8404.5   0.16193239850093352  
  8405.5   0.1619420353228237   
  8406.5   0.1619516653705337   
  8407.5   0.16196130104603035  
  8408.5   0.16197092994828893  
  8409.5   0.16198056447780104  
  8410.5   0.16199019223501687  
  8411.5   0.16199981942004865  
  8412.5   0.16200945223153465  
  8413.5   0.1620190782721361   
  8414.5   0.16202870993865903  
  8415.5   0.16203833483523816  
  8416.5   0.16204796535720617  
  8417.5   0.16205758911017082  
  8418.5   0.16206721848799185  
  8419.5   0.1620768410977495   
  8420.5   0.16208646313624034  
  8421.5   0.16209609079878928  
  8422.5   0.16210571169468396  
  8423.5   0.16211533821410462  
  8424.5   0.1621249579678101   
  8425.5   0.16213458334450956  
  8426.5   0.16214420195643253  
  8427.5   0.1621538261908177   
  8428.5   0.1621634436613646   
  8429.5   0.16217306056155945  
  8430.5   0.16218268308341913  
  8431.5   0.1621922988428471   
  8432.5   0.16220192022340846  
  8433.5   0.1622115348424754   
  8434.5   0.1622211550821444   
  8435.5   0.16223076856125598  
  8436.5   0.16224038766043844  
  8437.5   0.16225              
  8438.5   0.16225961177012183  
  8439.5   0.16226922915951808  
  8440.5   0.16227883979069746  
  8441.5   0.16228845604062042  
  8442.5   0.1622980655332621   
  8443.5   0.16230768064411671  
  8444.5   0.16231728899862527  
  8445.5   0.1623269029708162   
  8446.5   0.1623365101875959   
  8447.5   0.16234611683584577  
  8448.5   0.16235572910098253  
  8449.5   0.16236533461210947  
  8450.5   0.16237494573959313  
  8451.5   0.1623845501140009   
  8452.5   0.1623941601042353   
  8453.5   0.16240376334232734  
  8454.5   0.16241337219571608  
  8455.5   0.1624229742978956   
  8456.5   0.16243257583245274  
  8457.5   0.16244218298151208  
  8458.5   0.16245178338076102  
  8459.5   0.1624613893939826   
  8460.5   0.16247098865832602  
  8461.5   0.1624805935361126   
  8462.5   0.16249019166595283  
  8463.5   0.162499795408707    
  8464.5   0.16250939240444623  
  8465.5   0.16251898883346813  
  8466.5   0.16252859087461038  
  8467.5   0.162538186170134    
  8468.5   0.16254778707724896  
  8469.5   0.16255738123967586  
  8470.5   0.16256698101316536  
  8471.5   0.16257657404289685  
  8472.5   0.16258617268316225  
  8473.5   0.1625957645805994   
  8474.5   0.16260535591222194  
  8475.5   0.1626149528535857   
  8476.5   0.16262454305351504  
  8477.5   0.1626341388626573   
  8478.5   0.16264372793129392  
  8479.5   0.16265332260861534  
  8480.5   0.16266291054635948  
  8481.5   0.16267250409226044  
  8482.5   0.1626820908995122   
  8483.5   0.1626916833143928   
  8484.5   0.1627012689915519   
  8485.5   0.16271085410399636  
  8486.5   0.1627204448232782   
  8487.5   0.1627300288062292   
  8488.5   0.16273961839549003  
  8489.5   0.16274920124934678  
  8490.5   0.16275878970898597  
  8491.5   0.16276837143414738  
  8492.5   0.16277795876456402  
  8493.5   0.1627875393614289   
  8494.5   0.16279711939447644  
  8495.5   0.16280670503198863  
  8496.5   0.16281628393733721  
  8497.5   0.1628258684466235   
  8498.5   0.16283544622467125  
  8499.5   0.16284502960612995  
  8500.5   0.16285460625727477  
  8501.5   0.1628641885113039   
  8502.5   0.16287376403594345  
  8503.5   0.1628833389976607   
  8504.5   0.1628929195614726   
  8505.5   0.16290249339728058  
  8506.5   0.16291207283465697  
  8507.5   0.16292164554495278  
  8508.5   0.16293122385629089  
  8509.5   0.16294079544147141  
  8510.5   0.1629503726271682   
  8511.5   0.16295994308763     
  8512.5   0.16296951298606213  
  8513.5   0.16297908848422185  
  8514.5   0.1629886572585297   
  8515.5   0.1629982316320395   
  8516.5   0.1630077992826192   
  8517.5   0.16301737253187523  
  8518.5   0.16302693905912252  
  8519.5   0.16303651118452084  
  8520.5   0.1630460765888313   
  8521.5   0.1630556414320023   
  8522.5   0.16306521187253656  
  8523.5   0.1630747755933636   
  8524.5   0.16308434491102888  
  8525.5   0.16309390750990696  
  8526.5   0.1631034757050984   
  8527.5   0.1631130371824223   
  8528.5   0.1631226042555348   
  8529.5   0.16313216461169905  
  8530.5   0.1631417244076117   
  8531.5   0.16315128979852617  
  8532.5   0.1631608484738705   
  8533.5   0.16317041274369218  
  8534.5   0.16317997029886208  
  8535.5   0.16318953344798512  
  8536.5   0.16319908988337437  
  8537.5   0.1632086519121926   
  8538.5   0.16321820722819466  
  8539.5   0.16322776198483074  
  8540.5   0.1632373223341099   
  8541.5   0.16324687597194854  
  8542.5   0.1632564352019065   
  8543.5   0.1632659877213406   
  8544.5   0.1632755458323704   
  8545.5   0.1632850972337927   
  8546.5   0.16329465422628714  
  8547.5   0.1633042045100901   
  8548.5   0.16331375423541028  
  8549.5   0.16332330955101762  
  8550.5   0.16333285815930665  
  8551.5   0.16334241235735963  
  8552.5   0.16335195984900938  
  8553.5   0.16336151292990006  
  8554.5   0.16337105930530219  
  8555.5   0.16338061126942235  
  8556.5   0.1633901565289683   
  8557.5   0.1633997073767095   
  8558.5   0.16340925152079044  
  8559.5   0.16341879510746493  
  8560.5   0.16342834428155095  
  8561.5   0.16343788675334675  
  8562.5   0.16344743481203167  
  8563.5   0.16345697616933944  
  8564.5   0.163466523113014    
  8565.5   0.16347606335622406  
  8566.5   0.16348560918527885  
  8567.5   0.16349514831478146  
  8568.5   0.1635046868877557   
  8569.5   0.16351423104579177  
  8570.5   0.16352376850564335  
  8571.5   0.16353331155003487  
  8572.5   0.16354284789715332  
  8573.5   0.16355238982829007  
  8574.5   0.16356192506306477  
  8575.5   0.16357146588133625  
  8576.5   0.16358100000415637  
  8577.5   0.16359053357132394  
  8578.5   0.16360007272120633  
  8579.5   0.16360960517700254  
  8580.5   0.16361914321499238  
  8581.5   0.16362867455980584  
  8582.5   0.16363821148629187  
  8583.5   0.16364774172051091  
  8584.5   0.1636572775358816   
  8585.5   0.16366680665989436  
  8586.5   0.163676335229128    
  8587.5   0.16368586937873236  
  8588.5   0.16369539683834144  
  8589.5   0.16370492987780064  
  8590.5   0.1637144562281727   
  8591.5   0.16372398815787445  
  8592.5   0.16373351339939687  
  8593.5   0.16374304421972863  
  8594.5   0.16375256835278848  
  8595.5   0.16376209193194047  
  8596.5   0.16377162108912174  
  8597.5   0.16378114356039133  
  8598.5   0.16379067160917024  
  8599.5   0.16380019297294404  
  8600.5   0.16380971991370732  
  8601.5   0.16381924017037164  
  8602.5   0.16382876600350574  
  8603.5   0.16383828515344664  
  8604.5   0.16384780375034863  
  8605.5   0.1638573279229412   
  8606.5   0.16386684541369848  
  8607.5   0.16387636847962697  
  8608.5   0.16388588486462505  
  8609.5   0.1638954068242752   
  8610.5   0.1639049221038994   
  8611.5   0.16391444295765661  
  8612.5   0.16392395713229205  
  8613.5   0.1639334707547552   
  8614.5   0.1639429899505731   
  8615.5   0.16395250246862464  
  8616.5   0.1639620205595122   
  8617.5   0.1639715319735367   
  8618.5   0.16398104895987858  
  8619.5   0.16399055927026032  
  8620.5   0.164000075152441    
  8621.5   0.16400958435956403  
  8622.5   0.1640190930153792   
  8623.5   0.164028607242216    
  8624.5   0.16403811479534808  
  8625.5   0.16404762791898375  
  8626.5   0.1640571343698164   
  8627.5   0.1640666463906346   
  8628.5   0.16407615173955106  
  8629.5   0.16408566265793526  
  8630.5   0.16409516690531864  
  8631.5   0.16410467672165202  
  8632.5   0.16411417986788518  
  8633.5   0.1641236824638639   
  8634.5   0.16413319062801637  
  8635.5   0.1641426921234187   
  8636.5   0.16415219918647742  
  8637.5   0.16416169958168567  
  8638.5   0.16417120554403306  
  8639.5   0.16418070483942931  
  8640.5   0.16419020970144763  
  8641.5   0.16419970789741375  
  8642.5   0.16420920554398483  
  8643.5   0.16421870875640263  
  8644.5   0.16422820530411594  
  8645.5   0.1642377074171592   
  8646.5   0.16424720286639602  
  8647.5   0.16425670388044616  
  8648.5   0.1642661982315876   
  8649.5   0.16427569814702592  
  8650.5   0.16428519140045283  
  8651.5   0.1642946841053419   
  8652.5   0.1643041823737534   
  8653.5   0.16431367398149882  
  8654.5   0.1643231711522505   
  8655.5   0.16433266166323257  
  8656.5   0.16434215773670494  
  8657.5   0.1643516471513038   
  8658.5   0.16436114212787703  
  8659.5   0.16437063044647257  
  8660.5   0.16438011821738516  
  8661.5   0.1643896115494986   
  8662.5   0.16439909822497722  
  8663.5   0.16440859046114117  
  8664.5   0.16441807604156514  
  8665.5   0.16442756718215906  
  8666.5   0.16443705166790754  
  8667.5   0.16444654171331066  
  8668.5   0.16445602510476254  
  8669.5   0.16446550794938417  
  8670.5   0.16447499635288787  
  8671.5   0.16448447810378075  
  8672.5   0.16449396541304082  
  8673.5   0.16450344607058337  
  8674.5   0.16451293228597824  
  8675.5   0.16452241185054856  
  8676.5   0.16453189697245654  
  8677.5   0.16454137544443256  
  8678.5   0.16455085337042885  
  8679.5   0.16456033685299112  
  8680.5   0.1645698136869595   
  8681.5   0.16457929607697958  
  8682.5   0.16458877181929743  
  8683.5   0.1645982531171528   
  8684.5   0.1646077277681973   
  8685.5   0.1646172079742652   
  8686.5   0.16462668153441332  
  8687.5   0.16463615454943     
  8688.5   0.1646456331186993   
  8689.5   0.16465510504338451  
  8690.5   0.16466458252180863  
  8691.5   0.16467405335653879  
  8692.5   0.16468352974449424  
  8693.5   0.16469299948964553  
  8694.5   0.16470247478750863  
  8695.5   0.16471194344345697  
  8696.5   0.16472141155512002  
  8697.5   0.16473088521872503  
  8698.5   0.16474035224174866  
  8699.5   0.16474982481620112  
  8700.5   0.16475929075096074  
  8701.5   0.1647687622366362   
  8702.5   0.164778227083507    
  8703.5   0.16478769748078084  
  8704.5   0.16479716124013788  
  8705.5   0.16480663054938516  
  8706.5   0.16481609322160318  
  8707.5   0.16482555535056706  
  8708.5   0.16483502302865244  
  8709.5   0.16484448407103905  
  8710.5   0.16485395066203473  
  8711.5   0.16486341061821824  
  8712.5   0.1648728761224986   
  8713.5   0.16488233499285307  
  8714.5   0.1648917994107923   
  8715.5   0.16490125719569154  
  8716.5   0.16491071443817795  
  8717.5   0.1649201772274812   
  8718.5   0.16492963338507263  
  8719.5   0.16493909508896915  
  8720.5   0.16494855016203888  
  8721.5   0.16495801078090203  
  8722.5   0.16496746476982319  
  8723.5   0.1649769243040262   
  8724.5   0.16498637720917156  
  8725.5   0.16499582957274317  
  8726.5   0.16500528748082965  
  8727.5   0.16501473876118428  
  8728.5   0.16502419558554265  
  8729.5   0.16503364578305266  
  8730.5   0.1650431015240553   
  8731.5   0.16505255063909277  
  8732.5   0.16506200529711196  
  8733.5   0.1650714533300488   
  8734.5   0.16508090082224877  
  8735.5   0.1650903538566644   
  8736.5   0.16509980026732113  
  8737.5   0.1651092522196829   
  8738.5   0.16511869754916772  
  8739.5   0.1651281484198471   
  8740.5   0.16513759266853112  
  8741.5   0.16514704245789943  
  8742.5   0.16515648562615368  
  8743.5   0.16516592825450582  
  8744.5   0.16517537642277708  
  8745.5   0.1651848179712553   
  8746.5   0.1651942650591427   
  8747.5   0.16520370552811744  
  8748.5   0.16521315153599148  
  8749.5   0.16522259092583297  
  8750.5   0.16523203585406393  
  8751.5   0.16524147416514212  
  8752.5   0.16525091193715086  
  8753.5   0.16526035524678484  
  8754.5   0.16526979194058478  
  8755.5   0.16527923417150056  
  8756.5   0.16528866978746118  
  8757.5   0.1652981109400283   
  8758.5   0.16530754547851884  
  8759.5   0.16531698555310673  
  8760.5   0.16532641901449618  
  8761.5   0.16533585193764666  
  8762.5   0.1653452903961312   
  8763.5   0.16535472224273368  
  8764.5   0.16536415962416146  
  8765.5   0.1653735903945845   
  8766.5   0.16538302669932406  
  8767.5   0.16539245639393593  
  8768.5   0.1654018916223558   
  8769.5   0.16541132024152455  
  8770.5   0.16542074832328274  
  8771.5   0.16543018193808645  
  8772.5   0.16543960894495321  
  8773.5   0.16544904148435727  
  8774.5   0.16545846741670017  
  8775.5   0.1654678988810723   
  8776.5   0.16547732373925866  
  8777.5   0.16548675412896632  
  8778.5   0.16549617791336335  
  8779.5   0.16550560722877383  
  8780.5   0.1655150299397484   
  8781.5   0.16552445211432198  
  8782.5   0.1655338798191476   
  8783.5   0.16554330092084868  
  8784.5   0.16555272755229436  
  8785.5   0.16556214758148932  
  8786.5   0.16557157313992152  
  8787.5   0.16558099209697666  
  8788.5   0.16559041658276177  
  8789.5   0.165599834468043    
  8790.5   0.16560925181774686  
  8791.5   0.16561867469542024  
  8792.5   0.16562809097389877  
  8793.5   0.1656375127798399   
  8794.5   0.16564692798745856  
  8795.5   0.16565634872203305  
  8796.5   0.1656657628591571   
  8797.5   0.16567518252273034  
  8798.5   0.16568459558972481  
  8799.5   0.16569400812196355  
  8800.5   0.1657034261798918   
  8801.5   0.16571283764254813  
  8802.5   0.16572225463038767  
  8803.5   0.1657316650238261   
  8804.5   0.16574108094194165  
  8805.5   0.16575049026652652  
  8806.5   0.16575990511528244  
  8807.5   0.16576931337137793  
  8808.5   0.16577872109353708  
  8809.5   0.1657881343391085   
  8810.5   0.16579754099332397  
  8811.5   0.165806953170446    
  8812.5   0.16581635875708142  
  8813.5   0.16582576986611783  
  8814.5   0.16583517438553658  
  8815.5   0.16584458442685085  
  8816.5   0.16585398787941616  
  8817.5   0.16586339079886248  
  8818.5   0.16587279923944648  
  8819.5   0.1658822010925837   
  8820.5   0.16589160846635345  
  8821.5   0.1659010092535442   
  8822.5   0.16591041556086256  
  8823.5   0.16591981528246938  
  8824.5   0.16592922052369888  
  8825.5   0.16593861918008404  
  8826.5   0.16594801730416547  
  8827.5   0.16595742094711266  
  8828.5   0.1659668180065154   
  8829.5   0.16597622058427927  
  8830.5   0.16598561657936506  
  8831.5   0.16599501809230763  
  8832.5   0.16600441302343796  
  8833.5   0.16601381347192082  
  8834.5   0.16602320733945716  
  8835.5   0.166032600675503    
  8836.5   0.1660419995281452   
  8837.5   0.1660513918011386   
  8838.5   0.16606078959022436  
  8839.5   0.16607018080052607  
  8840.5   0.16607957752641642  
  8841.5   0.16608896767438713  
  8842.5   0.16609836333744277  
  8843.5   0.16610775242344292  
  8844.5   0.16611714097876373  
  8845.5   0.1661265350484142   
  8846.5   0.16613592254230466  
  8847.5   0.16614531555002143  
  8848.5   0.16615470198284144  
  8849.5   0.1661640939289845   
  8850.5   0.1661734793010938   
  8851.5   0.166182870186023    
  8852.5   0.16619225449778108  
  8853.5   0.16620164432185613  
  8854.5   0.16621102757362227  
  8855.5   0.1662204102956977   
  8856.5   0.16622979852933598  
  8857.5   0.166239180191958    
  8858.5   0.16624856736564023  
  8859.5   0.1662579479691677   
  8860.5   0.16626733408325284  
  8861.5   0.16627671362804433  
  8862.5   0.1662860986828911   
  8863.5   0.16629547716930504  
  8864.5   0.16630485512683482  
  8865.5   0.16631423859366656  
  8866.5   0.16632361549335592  
  8867.5   0.16633299790184522  
  8868.5   0.16634237374405206  
  8869.5   0.1663517550945569   
  8870.5   0.16636112987963894  
  8871.5   0.16637051017251714  
  8872.5   0.16637988390083183  
  8873.5   0.1663892571010669   
  8874.5   0.16639863580834574  
  8875.5   0.16640800795234925  
  8876.5   0.16641738560289507  
  8877.5   0.16642675669102408  
  8878.5   0.16643613328519402  
  8879.5   0.16644550331780525  
  8880.5   0.1664548788559562   
  8881.5   0.1664642478334063   
  8882.5   0.16647361628357923  
  8883.5   0.1664829902385403   
  8884.5   0.1664923576340865   
  8885.5   0.16650173053391998  
  8886.5   0.16651109687519555  
  8887.5   0.1665204687202576   
  8888.5   0.16652983400761845  
  8889.5   0.16653920479826512  
  8890.5   0.16654856903206688  
  8891.5   0.16655793273939193  
  8892.5   0.16656730194925212  
  8893.5   0.16657666460355122  
  8894.5   0.16658603275988515  
  8895.5   0.16659539436151344  
  8896.5   0.1666047614646764   
  8897.5   0.1666141220139889   
  8898.5   0.166623488064336    
  8899.5   0.16663284756168747  
  8900.5   0.16664220653336065  
  8901.5   0.16665157100531863  
  8902.5   0.16666092892556258  
  8903.5   0.16667029234559158  
  8904.5   0.1666796492147605   
  8905.5   0.1666890115832149   
  8906.5   0.16669836740166297  
  8907.5   0.16670772871889697  
  8908.5   0.166717083486978    
  8909.5   0.1667264377301772   
  8910.5   0.1667357974714134   
  8911.5   0.16674515066477602  
  8912.5   0.16675450935567643  
  8913.5   0.16676386149955583  
  8914.5   0.16677321914047405  
  8915.5   0.16678257023522342  
  8916.5   0.16679192682651273  
  8917.5   0.16680127687248508  
  8918.5   0.16681062639436997  
  8919.5   0.16681998141204674  
  8920.5   0.1668293298856837   
  8921.5   0.16683868385461392  
  8922.5   0.16684803128035547  
  8923.5   0.16685738420089177  
  8924.5   0.16686673057909016  
  8925.5   0.166876082451585    
  8926.5   0.16688542778259238  
  8927.5   0.16689477860739801  
  8928.5   0.16690412289156625  
  8929.5   0.16691346665261525  
  8930.5   0.16692281590671554  
  8931.5   0.1669321586214529   
  8932.5   0.16694150682874356  
  8933.5   0.16695084849752065  
  8934.5   0.16696019565835335  
  8935.5   0.16696953628152136  
  8936.5   0.1669788823962474   
  8937.5   0.1669882219741574   
  8938.5   0.1669975610297382   
  8939.5   0.1670069055761308   
  8940.5   0.16701624358697967  
  8941.5   0.16702558708814305  
  8942.5   0.16703492405461057  
  8943.5   0.1670442665108954   
  8944.5   0.1670536024333319   
  8945.5   0.16706294384508866  
  8946.5   0.16707227872384425  
  8947.5   0.16708161308105857  
  8948.5   0.1670909529268479   
  8949.5   0.16710028624090612  
  8950.5   0.16710962504304258  
  8951.5   0.16711895731429438  
  8952.5   0.16712829507312782  
  8953.5   0.16713762630192264  
  8954.5   0.1671469630178026   
  8955.5   0.16715629320448971  
  8956.5   0.16716562287042153  
  8957.5   0.16717495802269408  
  8958.5   0.16718428664704163  
  8959.5   0.16719362075723382  
  8960.5   0.16720294834034588  
  8961.5   0.16721228140880653  
  8962.5   0.16722160795103178  
  8963.5   0.16723093997810962  
  8964.5   0.16724026547979637  
  8965.5   0.1672495904615118   
  8966.5   0.16725892092733632  
  8967.5   0.16726824486903547  
  8968.5   0.1672775742943481   
  8969.5   0.1672868971963788   
  8970.5   0.1672962255815275   
  8971.5   0.16730554744423748  
  8972.5   0.16731487478957013  
  8973.5   0.1673241956133069   
  8974.5   0.16733351591785445  
  8975.5   0.167342841704282    
  8976.5   0.1673521609703772   
  8977.5   0.16736148571785736  
  8978.5   0.16737080394584725  
  8979.5   0.16738012765472718  
  8980.5   0.16738944484495857  
  8981.5   0.16739876751558525  
  8982.5   0.1674080836684048   
  8983.5   0.16741739930281524  
  8984.5   0.16742672041687912  
  8985.5   0.16743603501439727  
  8986.5   0.16744535509107442  
  8987.5   0.16745466865204642  
  8988.5   0.16746398769168314  
  8989.5   0.16747330021645496  
  8990.5   0.16748261821939728  
  8991.5   0.16749192970831472  
  8992.5   0.16750124067960123  
  8993.5   0.16751055712831725  
  8994.5   0.16751986706426764  
  8995.5   0.16752918247715362  
  8996.5   0.16753849137811314  
  8997.5   0.16754780575551453  
  8998.5   0.1675571136218283   
  8999.5   0.16756642696409033  
  9000.5   0.16757573379610327  
  9001.5   0.16758504610357097  
  9002.5   0.16759435190162783  
  9003.5   0.16760365718300219  
  9004.5   0.16761296793909133  
  9005.5   0.16762227218702624  
  9006.5   0.16763158190918276  
  9007.5   0.1676408851240225   
  9008.5   0.16765019381259078  
  9009.5   0.16765949599467933  
  9010.5   0.16766880365000356  
  9011.5   0.16767810479968487  
  9012.5   0.1676874054334575   
  9013.5   0.16769671153972665  
  9014.5   0.1677060111416074   
  9015.5   0.16771531621549202  
  9016.5   0.16772461478582426  
  9017.5   0.1677339188276679   
  9018.5   0.1677432163667948   
  9019.5   0.16775251937694072  
  9020.5   0.1677618158852053   
  9021.5   0.16777111187833316  
  9022.5   0.16778041334174176  
  9023.5   0.1677897083045214   
  9024.5   0.16779900873708972  
  9025.5   0.16780830266986366  
  9026.5   0.16781760207193436  
  9027.5   0.16782689497504494  
  9028.5   0.16783619334696048  
  9029.5   0.16784548522074985  
  9030.5   0.16785477658017245  
  9031.5   0.16786407340766263  
  9032.5   0.16787336373827685  
  9033.5   0.16788265953646714  
  9034.5   0.16789194883861464  
  9035.5   0.16790124360784683  
  9036.5   0.16791053188186914  
  9037.5   0.16791982562248486  
  9038.5   0.16792911286872322  
  9039.5   0.16793839960136286  
  9040.5   0.16794769179985944  
  9041.5   0.16795697750522673  
  9042.5   0.16796626867595996  
  9043.5   0.16797555335439565  
  9044.5   0.16798484349770654  
  9045.5   0.16799412714955134  
  9046.5   0.1680034162657806   
  9047.5   0.1680126988913749   
  9048.5   0.16802198100413665  
  9049.5   0.16803126858054723  
  9050.5   0.16804054966756882  
  9051.5   0.1680498362177488   
  9052.5   0.16805911627937012  
  9053.5   0.16806840180365964  
  9054.5   0.16807768084022054  
  9055.5   0.16808696533895953  
  9056.5   0.1680962433507996   
  9057.5   0.1681055208505714   
  9058.5   0.1681148038117864   
  9059.5   0.16812408028734635  
  9060.5   0.16813336222385974  
  9061.5   0.16814263767554702  
  9062.5   0.168151918587698    
  9063.5   0.16816119301585153  
  9064.5   0.1681704729039792   
  9065.5   0.16817974630893776  
  9066.5   0.1681890192025904   
  9067.5   0.16819829755548318  
  9068.5   0.16820756942644857  
  9069.5   0.16821684675616486  
  9070.5   0.16822611760478132  
  9071.5   0.1682353939116595   
  9072.5   0.1682446637382651   
  9073.5   0.1682539390226435   
  9074.5   0.16826320782757617  
  9075.5   0.16827248208979279  
  9076.5   0.16828174987339026  
  9077.5   0.16829101714661107  
  9078.5   0.16830028987638282  
  9079.5   0.16830955612877463  
  9080.5   0.16831882783722882  
  9081.5   0.16832809306912894  
  9082.5   0.16833736375660296  
  9083.5   0.16834662796834846  
  9084.5   0.16835589763517958  
  9085.5   0.1683651608271073   
  9086.5   0.16837442350941656  
  9087.5   0.16838369164607928  
  9088.5   0.16839295330907575  
  9089.5   0.1684022204259377   
  9090.5   0.1684114810699578   
  9091.5   0.1684207471673555   
  9092.5   0.16843000679273556  
  9093.5   0.16843927187100546  
  9094.5   0.16844853047808148  
  9095.5   0.16845778857629526  
  9096.5   0.1684670521266676   
  9097.5   0.16847630920708107  
  9098.5   0.16848557173916565  
  9099.5   0.16849482780211442  
  9100.5   0.1685040893162469   
  9101.5   0.16851334436206641  
  9102.5   0.16852260485858245  
  9103.5   0.16853185888760785  
  9104.5   0.1685411124085255   
  9105.5   0.16855037137940918  
  9106.5   0.16855962388403525  
  9107.5   0.16856888183814045  
  9108.5   0.16857813332680965  
  9109.5   0.1685873902644713   
  9110.5   0.1685966407375183   
  9111.5   0.16860589665907103  
  9112.5   0.1686151461168302   
  9113.5   0.16862439506723412  
  9114.5   0.16863364946541423  
  9115.5   0.16864289740103153  
  9116.5   0.1686521507839387   
  9117.5   0.16866139770510336  
  9118.5   0.16867065007307164  
  9119.5   0.16867989598011743  
  9120.5   0.16868914733348073  
  9121.5   0.1686983922267412   
  9122.5   0.16870763661339722  
  9123.5   0.1687168864456419   
  9124.5   0.16872612981901255  
  9125.5   0.16873537863748614  
  9126.5   0.1687446209979046   
  9127.5   0.16875386880294035  
  9128.5   0.16876311015073958  
  9129.5   0.16877235694267056  
  9130.5   0.16878159727818332  
  9131.5   0.1687908371078404   
  9132.5   0.16880008238090125  
  9133.5   0.16880932119877062  
  9134.5   0.1688185654595585   
  9135.5   0.16882780326597244  
  9136.5   0.16883704651481982  
  9137.5   0.16884628331011048  
  9138.5   0.16885552554734956  
  9139.5   0.16886476133184888  
  9140.5   0.16887399661123953  
  9141.5   0.1688832373318515   
  9142.5   0.1688924716009483   
  9143.5   0.16890171131078177  
  9144.5   0.1689109445699163   
  9145.5   0.16892018326930286  
  9146.5   0.16892941551880633  
  9147.5   0.16893865320807744  
  9148.5   0.16894788444828102  
  9149.5   0.1689571151841211   
  9150.5   0.16896635135900254  
  9151.5   0.16897558108603905  
  9152.5   0.16898481625163278  
  9153.5   0.16899404497019638  
  9154.5   0.1690032791268332   
  9155.5   0.16901250683725433  
  9156.5   0.16902173998526487  
  9157.5   0.1690309666878739   
  9158.5   0.16904019882758856  
  9159.5   0.16904942452271562  
  9160.5   0.16905864971438755  
  9161.5   0.16906788034243975  
  9162.5   0.16907710452712452  
  9163.5   0.1690863341477061   
  9164.5   0.16909555732573336  
  9165.5   0.16910478593917416  
  9166.5   0.16911400811087346  
  9167.5   0.16912323571750307  
  9168.5   0.16913245688320372  
  9169.5   0.1691416775461903   
  9170.5   0.16915090364338273  
  9171.5   0.1691601233008643   
  9172.5   0.1691693483920688   
  9173.5   0.16917856704437415  
  9174.5   0.16918779112991972  
  9175.5   0.16919700877737762  
  9176.5   0.16920623185759304  
  9177.5   0.16921544850053197  
  9178.5   0.1692246646414962   
  9179.5   0.16923388621449423  
  9180.5   0.16924310135143186  
  9181.5   0.169252321919921    
  9182.5   0.16926153605316016  
  9183.5   0.16927075561746857  
  9184.5   0.1692799687473371   
  9185.5   0.16928918730779283  
  9186.5   0.16929839943461847  
  9187.5   0.16930761106020684  
  9188.5   0.16931682811565957  
  9189.5   0.16932603873869626  
  9190.5   0.16933525479111552  
  9191.5   0.16934446441192774  
  9192.5   0.16935367946164087  
  9193.5   0.16936288808055575  
  9194.5   0.16937210212788997  
  9195.5   0.1693813097452344   
  9196.5   0.16939051686207734  
  9197.5   0.16939972940661752  
  9198.5   0.16940893552237998  
  9199.5   0.16941814706535846  
  9200.5   0.16942735218036695  
  9201.5   0.1694365627221103   
  9202.5   0.16944576683669108  
  9203.5   0.16945497637752577  
  9204.5   0.16946417949200496  
  9205.5   0.16947338210671647  
  9206.5   0.16948259014696074  
  9207.5   0.16949179176205945  
  9208.5   0.1695009988022102   
  9209.5   0.16951019941802178  
  9210.5   0.16951940545840483  
  9211.5   0.16952860507525483  
  9212.5   0.16953781011619576  
  9213.5   0.16954700873440942  
  9214.5   0.16955620685358752  
  9215.5   0.1695654103961362   
  9216.5   0.16957460751716558  
  9217.5   0.1695838100610854   
  9218.5   0.16959300618429096  
  9219.5   0.1696022077299069   
  9220.5   0.1696114028556133   
  9221.5   0.16962060340325014  
  9222.5   0.16962979753178192  
  9223.5   0.16963899116200848  
  9224.5   0.1696481902134459   
  9225.5   0.16965738284698426  
  9226.5   0.16966658090125386  
  9227.5   0.16967577253842805  
  9228.5   0.16968496959585402  
  9229.5   0.16969416023698802  
  9230.5   0.16970335629789443  
  9231.5   0.16971254594331192  
  9232.5   0.1697217410080226   
  9233.5   0.16973092965804717  
  9234.5   0.16974011781065668  
  9235.5   0.1697493113818408   
  9236.5   0.16975849853954234  
  9237.5   0.16976769111533954  
  9238.5   0.16977687727845625  
  9239.5   0.1697860688591898   
  9240.5   0.16979525402804457  
  9241.5   0.1698044446140375   
  9242.5   0.16981362878895315  
  9243.5   0.16982281246718015  
  9244.5   0.16983200156182748  
  9245.5   0.1698411842465991   
  9246.5   0.1698503723473127   
  9247.5   0.1698595540389513   
  9248.5   0.1698687411460536   
  9249.5   0.16987792184488135  
  9250.5   0.16988710795869458  
  9251.5   0.16989628766503348  
  9252.5   0.16990546687540828  
  9253.5   0.16991465150005164  
  9254.5   0.1699238297184202   
  9255.5   0.1699330133505794   
  9256.5   0.16994219057726323  
  9257.5   0.16995137321725998  
  9258.5   0.16996054945258043  
  9259.5   0.1699697311007362   
  9260.5   0.16997890634501459  
  9261.5   0.1699880810940517   
  9262.5   0.16999726125520795  
  9263.5   0.17000643501368437  
  9264.5   0.17001561418380262  
  9265.5   0.1700247869520391   
  9266.5   0.17003396513144017  
  9267.5   0.17004313690975734  
  9268.5   0.17005231409876198  
  9269.5   0.17006148488748024  
  9270.5   0.17007065518167833  
  9271.5   0.1700798308858486   
  9272.5   0.170089000190928    
  9273.5   0.17009817490550289  
  9274.5   0.17010734322178367  
  9275.5   0.17011651694708319  
  9276.5   0.17012568427488514  
  9277.5   0.1701348570112293   
  9278.5   0.17014402335087203  
  9279.5   0.17015318919671402  
  9280.5   0.17016236045038363  
  9281.5   0.1701715253085455   
  9282.5   0.17018069557405882  
  9283.5   0.1701898594448598   
  9284.5   0.17019902872253612  
  9285.5   0.17020819160629527  
  9286.5   0.17021735989645376  
  9287.5   0.17022652179349     
  9288.5   0.170235683197443    
  9289.5   0.17024485000708162  
  9290.5   0.17025401042478963  
  9291.5   0.1702631762477075   
  9292.5   0.17027233567948896  
  9293.5   0.17028150051600469  
  9294.5   0.17029065896217782  
  9295.5   0.1702998228126098   
  9296.5   0.17030898027349275  
  9297.5   0.1703181372420084   
  9298.5   0.17032729961406992  
  9299.5   0.17033645559777214  
  9300.5   0.1703456169845451   
  9301.5   0.17035477198375157  
  9302.5   0.17036393238555375  
  9303.5   0.17037308640058205  
  9304.5   0.170382245817731    
  9305.5   0.1703913988488984   
  9306.5   0.17040055728171172  
  9307.5   0.17040970932933538  
  9308.5   0.1704188608854643   
  9309.5   0.17042801784252717  
  9310.5   0.17043716841558776  
  9311.5   0.17044632438910778  
  9312.5   0.17045547397941674  
  9313.5   0.17046462896971074  
  9314.5   0.17047377757758467  
  9315.5   0.17048293158496938  
  9316.5   0.17049207921072462  
  9317.5   0.17050122634569717  
  9318.5   0.17051037887946938  
  9319.5   0.1705195250327975   
  9320.5   0.17052867658445128  
  9321.5   0.170537821756451    
  9322.5   0.17054697232630248  
  9323.5   0.1705561165172895   
  9324.5   0.17056526610565462  
  9325.5   0.17057440931594464  
  9326.5   0.17058355203616227  
  9327.5   0.17059270015304764  
  9328.5   0.17060184189304137  
  9329.5   0.17061098902922933  
  9330.5   0.17062012978931432  
  9331.5   0.17062927594512028  
  9332.5   0.17063841572561164  
  9333.5   0.1706475609013507   
  9334.5   0.17065669970256325  
  9335.5   0.17066583801441199  
  9336.5   0.17067498172079895  
  9337.5   0.17068411905384082  
  9338.5   0.17069326178094799  
  9339.5   0.1707023981354975   
  9340.5   0.1707115398836395   
  9341.5   0.17072067526001086  
  9342.5   0.17072981602950207  
  9343.5   0.17073895042800952  
  9344.5   0.17074808433785998  
  9345.5   0.17075722364012152  
  9346.5   0.17076635657257883  
  9347.5   0.1707754948969748   
  9348.5   0.17078462685235263  
  9349.5   0.17079376419919687  
  9350.5   0.17080289517780875  
  9351.5   0.1708120315474149   
  9352.5   0.17082116154957416  
  9353.5   0.17083029106378167  
  9354.5   0.17083942596827556  
  9355.5   0.17084855450650016  
  9356.5   0.1708576884345393   
  9357.5   0.17086681599709394  
  9358.5   0.17087594894899133  
  9359.5   0.1708850755361888   
  9360.5   0.17089420751225737  
  9361.5   0.17090333312441025  
  9362.5   0.17091245824931486  
  9363.5   0.17092158876238348  
  9364.5   0.17093071291271206  
  9365.5   0.1709398424507333   
  9366.5   0.17094896562679804  
  9367.5   0.17095809419008426  
  9368.5   0.17096721639219717  
  9369.5   0.17097634398106046  
  9370.5   0.17098546520953342  
  9371.5   0.17099458595145994  
  9372.5   0.1710037120794305   
  9373.5   0.17101283184818447  
  9374.5   0.17102195700251166  
  9375.5   0.17103107579840457  
  9376.5   0.17104019997940004  
  9377.5   0.1710493178027431   
  9378.5   0.17105844101071815  
  9379.5   0.1710675578618225   
  9380.5   0.17107668009708843  
  9381.5   0.17108579597626505  
  9382.5   0.17109491136975072  
  9383.5   0.1711040321466925   
  9384.5   0.17111314656871646  
  9385.5   0.1711222663737264   
  9386.5   0.17113137982459917  
  9387.5   0.17114049865798794  
  9388.5   0.1711496111380199   
  9389.5   0.1711587290000979   
  9390.5   0.1711678405095993   
  9391.5   0.17117695153410775  
  9392.5   0.1711860679399577   
  9393.5   0.17119517799440048  
  9394.5   0.17120429342971516  
  9395.5   0.1712134025144021   
  9396.5   0.1712225169794913   
  9397.5   0.17123162509473203  
  9398.5   0.1712407385899056   
  9399.5   0.1712498457360095   
  9400.5   0.17125895239781685  
  9401.5   0.1712680644388534   
  9402.5   0.1712771701319878   
  9403.5   0.17128628120388228  
  9404.5   0.17129538592865276  
  9405.5   0.1713044960317143   
  9406.5   0.17131359978842978  
  9407.5   0.17132270892296741  
  9408.5   0.17133181171193654  
  9409.5   0.17134091401730392  
  9410.5   0.1713500216997905   
  9411.5   0.17135912303787426  
  9412.5   0.17136822975260863  
  9413.5   0.17137733012371711  
  9414.5   0.17138643587100777  
  9415.5   0.17139553527544907  
  9416.5   0.17140464005560424  
  9417.5   0.17141373849368638  
  9418.5   0.1714228364488599   
  9419.5   0.17143193977904497  
  9420.5   0.1714410367683209   
  9421.5   0.17145013913214038  
  9422.5   0.1714592351558263   
  9423.5   0.1714683365535879   
  9424.5   0.17147743161199128  
  9425.5   0.17148653204400244  
  9426.5   0.1714956261374305   
  9427.5   0.1715047197486413   
  9428.5   0.17151381873275845  
  9429.5   0.17152291137945444  
  9430.5   0.17153200939858929  
  9431.5   0.17154110108107729  
  9432.5   0.17155019813553674  
  9433.5   0.17155928885412344  
  9434.5   0.1715683849442143   
  9435.5   0.17157747469920626  
  9436.5   0.1715865639726707   
  9437.5   0.17159565861693865  
  9438.5   0.17160474692726777  
  9439.5   0.17161384060793333  
  9440.5   0.17162292795543319  
  9441.5   0.17163202067280262  
  9442.5   0.17164110705777913  
  9443.5   0.17165019881215848  
  9444.5   0.17165928423491747  
  9445.5   0.17166836917683714  
  9446.5   0.17167745948745974  
  9447.5   0.1716865434676202   
  9448.5   0.1716956328160171   
  9449.5   0.17170471583472374  
  9450.5   0.1717138042212005   
  9451.5   0.1717228862787585   
  9452.5   0.17173197370362037  
  9453.5   0.17174105480033483  
  9454.5   0.17175014126388705  
  9455.5   0.17175922140006283  
  9456.5   0.17176830105623817  
  9457.5   0.17177738607855228  
  9458.5   0.1717864647746459   
  9459.5   0.17179554883641251  
  9460.5   0.171804626572729    
  9461.5   0.17181370967425266  
  9462.5   0.1718227864510963   
  9463.5   0.17183186859268157  
  9464.5   0.1718409444103565   
  9465.5   0.17185001974871544  
  9466.5   0.17185910045111788  
  9467.5   0.17186817483076408  
  9468.5   0.17187725457398845  
  9469.5   0.1718863279952256   
  9470.5   0.17189540677957574  
  9471.5   0.17190447924270755  
  9472.5   0.1719135570684872   
  9473.5   0.17192262857381707  
  9474.5   0.17193169960051383  
  9475.5   0.17194077598916105  
  9476.5   0.17194984605851069  
  9477.5   0.17195892148934597  
  9478.5   0.17196799060165152  
  9479.5   0.1719770650749781   
  9480.5   0.17198613323054246  
  9481.5   0.17199520674666324  
  9482.5   0.1720042739457892   
  9483.5   0.17201334066696325  
  9484.5   0.17202241274799715  
  9485.5   0.1720314785131865   
  9486.5   0.1720405496377714   
  9487.5   0.17204961444727837  
  9488.5   0.17205868461571672  
  9489.5   0.17206774846984352  
  9490.5   0.1720768176824376   
  9491.5   0.1720858805814862   
  9492.5   0.17209494300326253  
  9493.5   0.1721040107828104   
  9494.5   0.17211307224996122  
  9495.5   0.17212213907441978  
  9496.5   0.17213119958724674  
  9497.5   0.17214026545691774  
  9498.5   0.1721493250157222   
  9499.5   0.1721583899309072   
  9500.5   0.17216744853599056  
  9501.5   0.17217650666447964  
  9502.5   0.17218557014865427  
  9503.5   0.17219462732387383  
  9504.5   0.17220368985431567  
  9505.5   0.17221274607656656  
  9506.5   0.1722218076535766   
  9507.5   0.1722308629231596   
  9508.5   0.17223992354703868  
  9509.5   0.17224897786425436  
  9510.5   0.1722580317055522   
  9511.5   0.17226709090045195  
  9512.5   0.17227614378983305  
  9513.5   0.1722852020323532   
  9514.5   0.17229425397011772  
  9515.5   0.17230331126055864  
  9516.5   0.17231236224700658  
  9517.5   0.17232141858566843  
  9518.5   0.17233046862109966  
  9519.5   0.1723395181812879   
  9520.5   0.17234857309299662  
  9521.5   0.17235762170261767  
  9522.5   0.17236667566329694  
  9523.5   0.1723757233226502   
  9524.5   0.1723847763325996   
  9525.5   0.17239382304198442  
  9526.5   0.1724028751015034   
  9527.5   0.17241192086121898  
  9528.5   0.17242097197060677  
  9529.5   0.17243001678095213  
  9530.5   0.17243906111687712  
  9531.5   0.17244811080178182  
  9532.5   0.17245715418878477  
  9533.5   0.17246620292430578  
  9534.5   0.17247524536268524  
  9535.5   0.17248429314912128  
  9536.5   0.17249333463917574  
  9537.5   0.17250238147682542  
  9538.5   0.17251142201885317  
  9539.5   0.1725204620871319   
  9540.5   0.17252950750231408  
  9541.5   0.17253854662301324  
  9542.5   0.17254759109015474  
  9543.5   0.17255662926357218  
  9544.5   0.17256567278297105  
  9545.5   0.1725747100094046   
  9546.5   0.1725837525813587   
  9547.5   0.1725927888611059   
  9548.5   0.17260182466777385  
  9549.5   0.1726108658192713   
  9550.5   0.17261990067969898  
  9551.5   0.1726289408844956   
  9552.5   0.17263797479898021  
  9553.5   0.17264701405737332  
  9554.5   0.17265604702621196  
  9555.5   0.17266508533849875  
  9556.5   0.17267411736198832  
  9557.5   0.17268314891306671  
  9558.5   0.172692185806903    
  9559.5   0.1727012164130773   
  9560.5   0.17271025236154947  
  9561.5   0.17271928202311623  
  9562.5   0.17272831702652083  
  9563.5   0.17273734574377642  
  9564.5   0.17274637980241     
  9565.5   0.17275540757565055  
  9566.5   0.17276443487714652  
  9567.5   0.17277346751933104  
  9568.5   0.17278249387725597  
  9569.5   0.1727915255754099   
  9570.5   0.1728005509900596   
  9571.5   0.17280958174447886  
  9572.5   0.172818606216149    
  9573.5   0.1728276360271294   
  9574.5   0.1728366595561155   
  9575.5   0.172845682614022    
  9576.5   0.17285471101055003  
  9577.5   0.17286373312621542  
  9578.5   0.17287276058004325  
  9579.5   0.17288178175376265  
  9580.5   0.17289080826518555  
  9581.5   0.17289982849725388  
  9582.5   0.17290885406656692  
  9583.5   0.17291787335727904  
  9584.5   0.172926892177575    
  9585.5   0.17293591633442776  
  9586.5   0.17294493421380935  
  9587.5   0.1729539574292892   
  9588.5   0.17296297436805094  
  9589.5   0.17297199664245244  
  9590.5   0.17298101264088853  
  9591.5   0.1729900339745061   
  9592.5   0.17299904903291066  
  9593.5   0.17300806362156096  
  9594.5   0.17301708354470557  
  9595.5   0.1730260971937652   
  9596.5   0.17303511617686107  
  9597.5   0.1730441288866238   
  9598.5   0.17305314692996485  
  9599.5   0.17306215870072425  
  9600.5   0.17307117580460415  
  9601.5   0.17308018663665364  
  9602.5   0.17308920280136594  
  9603.5   0.1730982126949988   
  9604.5   0.17310722211968424  
  9605.5   0.1731162368763463   
  9606.5   0.17312524536305474  
  9607.5   0.1731342591812823   
  9608.5   0.17314326673030658  
  9609.5   0.17315227961039273  
  9610.5   0.17316128622202562  
  9611.5   0.17317029816426321  
  9612.5   0.17317930383879732  
  9613.5   0.17318830904504245  
  9614.5   0.17319731958120677  
  9615.5   0.17320632385079168  
  9616.5   0.17321533344983883  
  9617.5   0.17322433678305574  
  9618.5   0.1732333454452781   
  9619.5   0.17324234784241904  
  9620.5   0.17325135556810875  
  9621.5   0.17326035702946563  
  9622.5   0.1732693580231905   
  9623.5   0.17327836434477936  
  9624.5   0.17328736440315767  
  9625.5   0.1732963697889436   
  9626.5   0.17330536891226694  
  9627.5   0.17331437336254166  
  9628.5   0.1733233715511014   
  9629.5   0.17333237506615629  
  9630.5   0.17334137232024366  
  9631.5   0.17335036910735432  
  9632.5   0.1733593712202762   
  9633.5   0.17336836707335102  
  9634.5   0.1733773682517811   
  9635.5   0.17338636317111095  
  9636.5   0.17339536341534023  
  9637.5   0.17340435740121576  
  9638.5   0.17341335671153507  
  9639.5   0.17342234976424684  
  9640.5   0.17343134235063573  
  9641.5   0.1734403402607852   
  9642.5   0.17344933191444586  
  9643.5   0.17345832889141166  
  9644.5   0.17346731961263426  
  9645.5   0.1734763156567067   
  9646.5   0.1734853054457812   
  9647.5   0.17349430055725037  
  9648.5   0.1735032894144667   
  9649.5   0.17351227780601247  
  9650.5   0.17352127151927046  
  9651.5   0.1735302589793925   
  9652.5   0.1735392517607719   
  9653.5   0.17354823828975977  
  9654.5   0.17355723013955013  
  9655.5   0.1735662157376931   
  9656.5   0.17357520665618395  
  9657.5   0.17358419132377123  
  9658.5   0.1735931755263388   
  9659.5   0.1736021650485725   
  9660.5   0.17361114832101787  
  9661.5   0.17362013691267497  
  9662.5   0.17362911925528696  
  9663.5   0.17363810691665638  
  9664.5   0.17364708832972367  
  9665.5   0.17365607506109423  
  9666.5   0.1736650555449053   
  9667.5   0.17367403556434596  
  9668.5   0.1736830209014089   
  9669.5   0.1736919999920258   
  9670.5   0.17370098439981116  
  9671.5   0.17370996256189247  
  9672.5   0.17371894604068847  
  9673.5   0.17372792327452222  
  9674.5   0.17373690582461696  
  9675.5   0.173745882130491    
  9676.5   0.17375486375217244  
  9677.5   0.1737638391303745   
  9678.5   0.17377281404499764  
  9679.5   0.17378179427474805  
  9680.5   0.1737907682621304   
  9681.5   0.17379974756418679  
  9682.5   0.1738087206246157   
  9683.5   0.17381769899926547  
  9684.5   0.17382667113302808  
  9685.5   0.17383564858055853  
  9686.5   0.17384461978794194  
  9687.5   0.17385359053239235  
  9688.5   0.17386256658993127  
  9689.5   0.17387153640843273  
  9690.5   0.17388051153956985  
  9691.5   0.17388948043240895  
  9692.5   0.17389845463743106  
  9693.5   0.1739074226048944   
  9694.5   0.1739163958840881   
  9695.5   0.17392536292646202  
  9696.5   0.17393432950654733  
  9697.5   0.17394330139768452  
  9698.5   0.17395226705310962  
  9699.5   0.17396123801913435  
  9700.5   0.17397020275018527  
  9701.5   0.17397917279138359  
  9702.5   0.17398813659834617  
  9703.5   0.17399710571500407  
  9704.5   0.17400606859816398  
  9705.5   0.17401503101967833  
  9706.5   0.17402399875021016  
  9707.5   0.1740329602483501   
  9708.5   0.17404192705505572  
  9709.5   0.17405088763010662  
  9710.5   0.1740598535132715   
  9711.5   0.1740688131655185   
  9712.5   0.17407777812542793  
  9713.5   0.17408673685515616  
  9714.5   0.17409569512388018  
  9715.5   0.17410465869958958  
  9716.5   0.17411361604622205  
  9717.5   0.17412257869938857  
  9718.5   0.17413153512421412  
  9719.5   0.1741404968551226   
  9720.5   0.1741494523584258   
  9721.5   0.17415841316736078  
  9722.5   0.17416736774942604  
  9723.5   0.1741763218711271   
  9724.5   0.1741852812977836   
  9725.5   0.17419423449867294  
  9726.5   0.17420319300406692  
  9727.5   0.17421214528442858  
  9728.5   0.1742211028688442   
  9729.5   0.174230054228962    
  9730.5   0.1742390108926832   
  9731.5   0.17424796133284096  
  9732.5   0.174256911313273    
  9733.5   0.17426586659663282  
  9734.5   0.17427481565753009  
  9735.5   0.17428377002090478  
  9736.5   0.17429271816255054  
  9737.5   0.17430167160622362  
  9738.5   0.17431061882890117  
  9739.5   0.1743195713531559   
  9740.5   0.1743285176571483   
  9741.5   0.174337463502052    
  9742.5   0.17434641464785808  
  9743.5   0.17435535957450093  
  9744.5   0.17436430980159628  
  9745.5   0.174373253810261    
  9746.5   0.17438220311892852  
  9747.5   0.17439114620989765  
  9748.5   0.17440009460041997  
  9749.5   0.17440903677397596  
  9750.5   0.17441798424663563  
  9751.5   0.17442692550306071  
  9752.5   0.1744358663011737   
  9753.5   0.17444481239771645  
  9754.5   0.17445375227912163  
  9755.5   0.17446269745850734  
  9756.5   0.1744716364234867   
  9757.5   0.17448058068599745  
  9758.5   0.17448951873483268  
  9759.5   0.17449846208075032  
  9760.5   0.17450739921372305  
  9761.5   0.1745163358890175   
  9762.5   0.1745252778607211   
  9763.5   0.17453421362057517  
  9764.5   0.1745431546763897   
  9765.5   0.17455208952108467  
  9766.5   0.1745610296612915   
  9767.5   0.17456996359110852  
  9768.5   0.17457890281598887  
  9769.5   0.17458783583120888  
  9770.5   0.17459676838938284  
  9771.5   0.17460570624194768  
  9772.5   0.17461463788594583  
  9773.5   0.17462357482388663  
  9774.5   0.17463250555398954  
  9775.5   0.174641441577587    
  9776.5   0.17465037139407513  
  9777.5   0.1746593065036098   
  9778.5   0.17466823540676354  
  9779.5   0.17467716385350213  
  9780.5   0.17468609759261544  
  9781.5   0.17469502512643978  
  9782.5   0.1747039579521911   
  9783.5   0.1747128845733812   
  9784.5   0.17472181648605062  
  9785.5   0.17473074219488627  
  9786.5   0.17473967319475375  
  9787.5   0.17474859799151465  
  9788.5   0.17475752233248976  
  9789.5   0.1747664519638257   
  9790.5   0.17477537539314525  
  9791.5   0.17478430411237844  
  9792.5   0.17479322663032182  
  9793.5   0.17480215443773162  
  9794.5   0.17481107604457802  
  9795.5   0.17482000294044378  
  9796.5   0.1748289236364722   
  9797.5   0.17483784387734275  
  9798.5   0.17484676940656244  
  9799.5   0.1748556887370333   
  9800.5   0.1748646133554065   
  9801.5   0.17487353177575637  
  9802.5   0.17488245548356188  
  9803.5   0.17489137299406926  
  9804.5   0.17490029579158578  
  9805.5   0.1749092123925291   
  9806.5   0.17491812853894106  
  9807.5   0.17492704997169264  
  9808.5   0.17493596520895782  
  9809.5   0.17494488573211633  
  9810.5   0.17495380006051284  
  9811.5   0.17496271967435645  
  9812.5   0.1749716330941621   
  9813.5   0.17498055179896888  
  9814.5   0.1749894643104615   
  9815.5   0.17499837636804788  
  9816.5   0.17500729370996648  
  9817.5   0.17501620485965616  
  9818.5   0.17502512129323228  
  9819.5   0.17503403153530264  
  9820.5   0.1750429470608138   
  9821.5   0.17505185639554216  
  9822.5   0.17506077101326573  
  9823.5   0.17506967944092922  
  9824.5   0.17507858741531007  
  9825.5   0.175087500672018    
  9826.5   0.17509640773974935  
  9827.5   0.1751053200893625   
  9828.5   0.17511422625072115  
  9829.5   0.17512313769351637  
  9830.5   0.17513204294877893  
  9831.5   0.17514095348503297  
  9832.5   0.17514985783447595  
  9833.5   0.17515876746446543  
  9834.5   0.17516767090836521  
  9835.5   0.17517657389974264  
  9836.5   0.17518548217099933  
  9837.5   0.17519438425724776  
  9838.5   0.17520329162293075  
  9839.5   0.17521219280432618  
  9840.5   0.1752210992647116   
  9841.5   0.1752299995415299   
  9842.5   0.17523890509689366  
  9843.5   0.17524780446941057  
  9844.5   0.17525670339002564  
  9845.5   0.17526560758851964  
  9846.5   0.17527450560524657  
  9847.5   0.17528340889940822  
  9848.5   0.17529230601252244  
  9849.5   0.17530120840262722  
  9850.5   0.1753101046124039   
  9851.5   0.17531900609872716  
  9852.5   0.17532790140544144  
  9853.5   0.1753367962608729   
  9854.5   0.1753456963921852   
  9855.5   0.17535459034496656  
  9856.5   0.17536348957318504  
  9857.5   0.1753723826235911   
  9858.5   0.17538128094899058  
  9859.5   0.17539017309729593  
  9860.5   0.17539907052015116  
  9861.5   0.17540796176663026  
  9862.5   0.17541685256244416  
  9863.5   0.17542574863214297  
  9864.5   0.17543463852654204  
  9865.5   0.1754435336943827   
  9866.5   0.17545242268764105  
  9867.5   0.17546131695389783  
  9868.5   0.17547020504628943  
  9869.5   0.1754790984112364   
  9870.5   0.17548798560303508  
  9871.5   0.17549687234478484  
  9872.5   0.17550576435842566  
  9873.5   0.175514650199993    
  9874.5   0.17552354131300857  
  9875.5   0.17553242625466695  
  9876.5   0.1755413164673309   
  9877.5   0.1755502005093537   
  9878.5   0.1755590898219395   
  9879.5   0.1755679729645999   
  9880.5   0.1755768556578262   
  9881.5   0.17558574362095195  
  9882.5   0.17559462541522539  
  9883.5   0.175603512478956    
  9884.5   0.17561239337454948  
  9885.5   0.17562127953915793  
  9886.5   0.1756301595363442   
  9887.5   0.17563904480210327  
  9888.5   0.17564792390115488  
  9889.5   0.17565680255138588  
  9890.5   0.1756656864695268   
  9891.5   0.17567456422203173  
  9892.5   0.1756834472420048   
  9893.5   0.17569232409705596  
  9894.5   0.17570120621913352  
  9895.5   0.17571008217700299  
  9896.5   0.17571896340145726  
  9897.5   0.17572783846241702  
  9898.5   0.17573671307516817  
  9899.5   0.175745592953842    
  9900.5   0.17575446667009115  
  9901.5   0.1757633456518216   
  9902.5   0.17577221847184032  
  9903.5   0.17578109655689916  
  9904.5   0.175789968480959    
  9905.5   0.17579884566961781  
  9906.5   0.17580771669799014  
  9907.5   0.17581659299052035  
  9908.5   0.17582546312347638  
  9909.5   0.17583433280896996  
  9910.5   0.17584320775796017  
  9911.5   0.17585207654844398  
  9912.5   0.17586095060198367  
  9913.5   0.1758698184977286   
  9914.5   0.17587869165608871  
  9915.5   0.1758875586573655   
  9916.5   0.17589643092081694  
  9917.5   0.17590529702789617  
  9918.5   0.17591416268812193  
  9919.5   0.17592303360986183  
  9920.5   0.1759318983762957   
  9921.5   0.17594076840380332  
  9922.5   0.17594963227671556  
  9923.5   0.1759585014102614   
  9924.5   0.17596736438992208  
  9925.5   0.17597623262977632  
  9926.5   0.1759850947164555   
  9927.5   0.17599395635688875  
  9928.5   0.17600282325685573  
  9929.5   0.1760116840047122   
  9930.5   0.17602055001166256  
  9931.5   0.17602940986721183  
  9932.5   0.1760382749814153   
  9933.5   0.17604713394492694  
  9934.5   0.17605599816665315  
  9935.5   0.17606485623839652  
  9936.5   0.17607371386450021  
  9937.5   0.17608257674815936  
  9938.5   0.17609143348289855  
  9939.5   0.1761002954747539   
  9940.5   0.17610915131839763  
  9941.5   0.1761180124187183   
  9942.5   0.17612686737153557  
  9943.5   0.17613572758059054  
  9944.5   0.17614458164285007  
  9945.5   0.17615343526007468  
  9946.5   0.17616229413287865  
  9947.5   0.17617114685994842  
  9948.5   0.17618000484215868  
  9949.5   0.17618885667934198  
  9950.5   0.17619771377122703  
  9951.5   0.17620656471879217  
  9952.5   0.17621542092062045  
  9953.5   0.17622427097883564  
  9954.5   0.17623312059261945  
  9955.5   0.17624197546000867  
  9956.5   0.17625082418484442  
  9957.5   0.1762596781628472   
  9958.5   0.17626852599900283  
  9959.5   0.17627737908788715  
  9960.5   0.17628622603563027  
  9961.5   0.17629507823566393  
  9962.5   0.17630392429526215  
  9963.5   0.17631276991103106  
  9964.5   0.17632162077843352  
  9965.5   0.17633046550645856  
  9966.5   0.17633931548567922  
  9967.5   0.17634815932622763  
  9968.5   0.17635700841753385  
  9969.5   0.17636585137087268  
  9970.5   0.17637469957453164  
  9971.5   0.17638354164092793  
  9972.5   0.17639238326409565  
  9973.5   0.17640123013692716  
  9974.5   0.17641007087355245  
  9975.5   0.17641891685940408  
  9976.5   0.17642775670975355  
  9977.5   0.17643660180889204  
  9978.5   0.17644544077323218  
  9979.5   0.1764542849859241   
  9980.5   0.17646312306452128  
  9981.5   0.17647196639103307  
  9982.5   0.1764808035841535   
  9983.5   0.17648964033477782  
  9984.5   0.17649848233266133  
  9985.5   0.17650731819820792  
  9986.5   0.17651615931057688  
  9987.5   0.17652499429131166  
  9988.5   0.17653383451843205  
  9989.5   0.17654266861462076  
  9990.5   0.17655150795675845  
  9991.5   0.17656034116866676  
  9992.5   0.17656917393867666  
  9993.5   0.17657801195398082  
  9994.5   0.17658684384010845  
  9995.5   0.17659568097109393  
  9996.5   0.17660451197360458  
  9997.5   0.17661334822053676  
  9998.5   0.1766221783396956   
  9999.5   0.17663101370283976  
  10000.5  0.1766398429389118   
  10001.5  0.17664867173368184  
  10002.5  0.1766575057717832   
  10003.5  0.1766663336838637   
  10004.5  0.17667516683883963  
  10005.5  0.17668399386849526  
  10006.5  0.1766928261406105   
  10007.5  0.17670165228810586  
  10008.5  0.1767104836776251   
  10009.5  0.17671930894322457  
  10010.5  0.17672813376811716  
  10011.5  0.1767369638343803   
  10012.5  0.1767457877777734   
  10013.5  0.17675461696210157  
  10014.5  0.17676344002425928  
  10015.5  0.1767722683269167   
  10016.5  0.17678109050810298  
  10017.5  0.17678991792935372  
  10018.5  0.1767987392298324   
  10019.5  0.1768075600901979   
  10020.5  0.17681638618997528  
  10021.5  0.17682520617002864  
  10022.5  0.1768340313890589   
  10023.5  0.17684285048906367  
  10024.5  0.17685167482761044  
  10025.5  0.17686049304782997  
  10026.5  0.17686931650615675  
  10027.5  0.17687813384685433  
  10028.5  0.1768869507480311   
  10029.5  0.17689577288666314  
  10030.5  0.1769045889087125   
  10031.5  0.17691341016778264  
  10032.5  0.17692222531096752  
  10033.5  0.17693104569073878  
  10034.5  0.17693985995532197  
  10035.5  0.17694867945605722  
  10036.5  0.1769574928423014   
  10037.5  0.17696630578961575  
  10038.5  0.17697512397243104  
  10039.5  0.1769839360418001   
  10040.5  0.17699275334623596  
  10041.5  0.17700156453792207  
  10042.5  0.17701038096424096  
  10043.5  0.1770191912785062   
  10044.5  0.1770280068269705   
  10045.5  0.17703681626407702  
  10046.5  0.17704562526284354  
  10047.5  0.17705443949515856  
  10048.5  0.17706324761715916  
  10049.5  0.17707206097227465  
  10050.5  0.17708086821777108  
  10051.5  0.17708968069594894  
  10052.5  0.1770984870652028   
  10053.5  0.17710729866670472  
  10054.5  0.17711610415997747  
  10055.5  0.17712491488506504  
  10056.5  0.1771337195026181   
  10057.5  0.17714252368255018  
  10058.5  0.1771513330936473   
  10059.5  0.1771601363982514   
  10060.5  0.17716894493358756  
  10061.5  0.17717774736312467  
  10062.5  0.17718655502296096  
  10063.5  0.17719535657769203  
  10064.5  0.17720416336228945  
  10065.5  0.17721296404247525  
  10066.5  0.17722176428562683  
  10067.5  0.17723056975799578  
  10068.5  0.17723936912699298  
  10069.5  0.17724817372477497  
  10070.5  0.17725697221987818  
  10071.5  0.17726577594333373  
  10072.5  0.17727457356480328  
  10073.5  0.17728337641419287  
  10074.5  0.17729217316228893  
  10075.5  0.17730096947393634  
  10076.5  0.17730977101285547  
  10077.5  0.1773185664515194   
  10078.5  0.17732736711702296  
  10079.5  0.1773361616829633   
  10080.5  0.17734496147531123  
  10081.5  0.17735375516878768  
  10082.5  0.1773625540882399   
  10083.5  0.17737134690951206  
  10084.5  0.17738013929491975  
  10085.5  0.17738893690565563  
  10086.5  0.17739772841924817  
  10087.5  0.17740652515773728  
  10088.5  0.17741531579977396  
  10089.5  0.17742411166627567  
  10090.5  0.17743290143701565  
  10091.5  0.17744169643178923  
  10092.5  0.17745048533149158  
  10093.5  0.17745927379591228  
  10094.5  0.17746806748371974  
  10095.5  0.17747685507749106  
  10096.5  0.1774856478942179   
  10097.5  0.1774944346175985   
  10098.5  0.1775032265635036   
  10099.5  0.17751201241675207  
  10100.5  0.17752080349209406  
  10101.5  0.17752958847546887  
  10102.5  0.1775383730241437   
  10103.5  0.1775471627942658   
  10104.5  0.17755594647345432  
  10105.5  0.17756473537365947  
  10106.5  0.17757351818361988  
  10107.5  0.17758230621416626  
  10108.5  0.1775910881551565   
  10109.5  0.17759987531630225  
  10110.5  0.17760865638858023  
  10111.5  0.17761743702673852  
  10112.5  0.17762622288440677  
  10113.5  0.17763500265423934  
  10114.5  0.17764378764315164  
  10115.5  0.177652566544916    
  10116.5  0.17766135066532995  
  10117.5  0.17767012869928359  
  10118.5  0.17767891195145677  
  10119.5  0.17768768911785698  
  10120.5  0.1776964658507165   
  10121.5  0.1777052478011507   
  10122.5  0.17771402366684247  
  10123.5  0.17772280474967914  
  10124.5  0.1777315797484601   
  10125.5  0.17774035996395632  
  10126.5  0.17774913409608337  
  10127.5  0.17775791344449607  
  10128.5  0.17776668671022594  
  10129.5  0.17777546519181198  
  10130.5  0.17778423759140125  
  10131.5  0.17779300955815577  
  10132.5  0.1778017867401225   
  10133.5  0.17781055784112104  
  10134.5  0.17781933415690263  
  10135.5  0.17782810439240151  
  10136.5  0.17783687984225427  
  10137.5  0.17784564921250967  
  10138.5  0.17785442379668992  
  10139.5  0.17786319230195782  
  10140.5  0.1778719603749672   
  10141.5  0.1778807336612581   
  10142.5  0.17788950086966374  
  10143.5  0.17789827329092214  
  10144.5  0.1779070396349798   
  10145.5  0.17791581119146163  
  10146.5  0.17792457667142692  
  10147.5  0.17793334736338776  
  10148.5  0.17794211197951618  
  10149.5  0.17795087616396082  
  10150.5  0.17795964555975846  
  10151.5  0.17796840888074916  
  10152.5  0.1779771774126645   
  10153.5  0.17798593987045636  
  10154.5  0.17799470753874466  
  10155.5  0.17800346913359272  
  10156.5  0.17801223593850912  
  10157.5  0.17802099667066829  
  10158.5  0.17802975697171736  
  10159.5  0.17803852248219285  
  10160.5  0.1780472819209351   
  10161.5  0.1780560465686759   
  10162.5  0.17806480514536593  
  10163.5  0.17807356893062673  
  10164.5  0.178082326645519    
  10165.5  0.1780910895685544   
  10166.5  0.17809984642190327  
  10167.5  0.1781086028447143   
  10168.5  0.1781173644750273   
  10169.5  0.1781261200366762   
  10170.5  0.17813488080539955  
  10171.5  0.1781436355061403   
  10172.5  0.1781523954135282   
  10173.5  0.17816114925361468  
  10174.5  0.1781699082999211   
  10175.5  0.17817866127960708  
  10176.5  0.17818741382932637  
  10177.5  0.17819617158462508  
  10178.5  0.17820492327432427  
  10179.5  0.17821368016917596  
  10180.5  0.17822243099910853  
  10181.5  0.1782311870337667   
  10182.5  0.17823993700418597  
  10183.5  0.17824869217890413  
  10184.5  0.17825744129006335  
  10185.5  0.17826618997182567  
  10186.5  0.17827494385724701  
  10187.5  0.1782836916801288   
  10188.5  0.17829244470624314  
  10189.5  0.17830119167049732  
  10190.5  0.17830994383755763  
  10191.5  0.178318689943437    
  10192.5  0.17832744125169617  
  10193.5  0.17833618649945335  
  10194.5  0.17834493131838222  
  10195.5  0.17835368133905172  
  10196.5  0.1783624253002371   
  10197.5  0.1783711744627371   
  10198.5  0.17837991756643137  
  10199.5  0.17838866587101432  
  10200.5  0.1783974081174697   
  10201.5  0.1784061555643879   
  10202.5  0.1784148969538565   
  10203.5  0.17842364354336218  
  10204.5  0.17843238407609596  
  10205.5  0.17844112418069463  
  10206.5  0.17844986948469202  
  10207.5  0.1784586087329336   
  10208.5  0.1784673531801484   
  10209.5  0.17847609157228447  
  10210.5  0.1784848351629684   
  10211.5  0.1784935726992506   
  10212.5  0.17850231543365536  
  10213.5  0.1785110521143351   
  10214.5  0.17851978836744548  
  10215.5  0.1785285298180407   
  10216.5  0.17853726521592544  
  10217.5  0.17854600581087007  
  10218.5  0.1785547403537803   
  10219.5  0.17856348009332546  
  10220.5  0.1785722137815122   
  10221.5  0.178580952665909    
  10222.5  0.1785896854996231   
  10223.5  0.17859841790633238  
  10224.5  0.17860715550861472  
  10225.5  0.17861588706122739  
  10226.5  0.17862462380898853  
  10227.5  0.17863335450775517  
  10228.5  0.17864209040124576  
  10229.5  0.1786508202464168   
  10230.5  0.17865955528588742  
  10231.5  0.1786682842777131   
  10232.5  0.17867701284309734  
  10233.5  0.1786857466021448   
  10234.5  0.17869447431455895  
  10235.5  0.17870320722021218  
  10236.5  0.17871193407990624  
  10237.5  0.17872066613241538  
  10238.5  0.17872939213963926  
  10239.5  0.1787381233392543   
  10240.5  0.17874684849425776  
  10241.5  0.17875557322338176  
  10242.5  0.17876430314426126  
  10243.5  0.17877302702153922  
  10244.5  0.17878175609014899  
  10245.5  0.17879047911583038  
  10246.5  0.17879920733242002  
  10247.5  0.1788079295067542   
  10248.5  0.1788166568715731   
  10249.5  0.1788253781948093   
  10250.5  0.1788340990927268   
  10251.5  0.17884282518049405  
  10252.5  0.17885154522768715  
  10253.5  0.17886027046430672  
  10254.5  0.1788689896610243   
  10255.5  0.1788777140467452   
  10256.5  0.17888643239323604  
  10257.5  0.17889515592830718  
  10258.5  0.17890387342481995  
  10259.5  0.17891259049657363  
  10260.5  0.17892131275627338  
  10261.5  0.17893002897842175  
  10262.5  0.17893875038809337  
  10263.5  0.1789474657608848   
  10264.5  0.17895618632077678  
  10265.5  0.17896490084445954  
  10266.5  0.17897362055482022  
  10267.5  0.1789823342296424   
  10268.5  0.17899104748026387  
  10269.5  0.17899976591692968  
  10270.5  0.17900847831906253  
  10271.5  0.17901719590681733  
  10272.5  0.17902590746070934  
  10273.5  0.1790346241998011   
  10274.5  0.17904333490570004  
  10275.5  0.17905205079637654  
  10276.5  0.17906076065452992  
  10277.5  0.17906947569703885  
  10278.5  0.1790781847076942   
  10279.5  0.17908689329482966  
  10280.5  0.1790956070656878   
  10281.5  0.1791043148056961   
  10282.5  0.1791130277290053   
  10283.5  0.1791217346221337   
  10284.5  0.17913044669814127  
  10285.5  0.17913915274463674  
  10286.5  0.17914786397358975  
  10287.5  0.17915656917369924  
  10288.5  0.17916527395084444  
  10289.5  0.17917398390981507  
  10290.5  0.1791826878409444   
  10291.5  0.17919139695347783  
  10292.5  0.1792001000388379   
  10293.5  0.17920880830518085  
  10294.5  0.17921751054501822  
  10295.5  0.17922621796541724  
  10296.5  0.17923491935997826  
  10297.5  0.1792436203321294   
  10298.5  0.17925232648421077  
  10299.5  0.17926102661145493  
  10300.5  0.17926973191820836  
  10301.5  0.17927843120079154  
  10302.5  0.1792871356624632   
  10303.5  0.1792958341006314   
  10304.5  0.17930453771746735  
  10305.5  0.17931323531146642  
  10306.5  0.1793219324836089   
  10307.5  0.1793306348337883   
  10308.5  0.17933933116213013  
  10309.5  0.17934803266808844  
  10310.5  0.1793567281528752   
  10311.5  0.17936542881485806  
  10312.5  0.17937412345633516  
  10313.5  0.1793828232745881   
  10314.5  0.17939151707300088  
  10315.5  0.17940021045010907  
  10316.5  0.1794089090033629   
  10317.5  0.17941760153777447  
  10318.5  0.17942629924791165  
  10319.5  0.1794349909398716   
  10320.5  0.17944368780713726  
  10321.5  0.17945237865689048  
  10322.5  0.17946107468152955  
  10323.5  0.17946976468932083  
  10324.5  0.1794784542763583   
  10325.5  0.17948714903765223  
  10326.5  0.17949583778309466  
  10327.5  0.17950453170237396  
  10328.5  0.17951321960646585  
  10329.5  0.17952191268397505  
  10330.5  0.17953059974696076  
  10331.5  0.17953929198294438  
  10332.5  0.17954797820506813  
  10333.5  0.17955666400698772  
  10334.5  0.17956535498127643  
  10335.5  0.17957403994270016  
  10336.5  0.17958273007607387  
  10337.5  0.1795914141972457   
  10338.5  0.17960010348994845  
  10339.5  0.1796087867711122   
  10340.5  0.17961747522338797  
  10341.5  0.17962615766478734  
  10342.5  0.17963483968653104  
  10343.5  0.17964352687875854  
  10344.5  0.17965220806110313  
  10345.5  0.17966089441351288  
  10346.5  0.1796695747567019   
  10347.5  0.17967826026953743  
  10348.5  0.17968693977381406  
  10349.5  0.17969562444731874  
  10350.5  0.17970430311292626  
  10351.5  0.1797129869473434   
  10352.5  0.1797216647745248   
  10353.5  0.1797303421827192   
  10354.5  0.1797390247590958   
  10355.5  0.17974770132922846  
  10356.5  0.17975638306712519  
  10357.5  0.17976505879943888  
  10358.5  0.17977373969909857  
  10359.5  0.1797824145938359   
  10360.5  0.17979109465550133  
  10361.5  0.1797997687129049   
  10362.5  0.1798084423518672   
  10363.5  0.1798171211571309   
  10364.5  0.17982579395912296  
  10365.5  0.1798344719269987   
  10366.5  0.17984314389226277  
  10367.5  0.1798518210229929   
  10368.5  0.17986049215177113  
  10369.5  0.1798691684455979   
  10370.5  0.1798778387381323   
  10371.5  0.17988650861277003  
  10372.5  0.1798951836518302   
  10373.5  0.17990385269058687  
  10374.5  0.1799125268933487   
  10375.5  0.17992119509646595  
  10376.5  0.17992986846317122  
  10377.5  0.17993853583089078  
  10378.5  0.17994720836178119  
  10379.5  0.17995587489434445  
  10380.5  0.17996454100955447  
  10381.5  0.17997321228730997  
  10382.5  0.1799818775677257   
  10383.5  0.1799905480102701   
  10384.5  0.1799992124561327   
  10385.5  0.18000788206370721  
  10386.5  0.18001654567525782  
  10387.5  0.18002521444810368  
  10388.5  0.18003387722558326  
  10389.5  0.18004253958625177  
  10390.5  0.18005120710759084  
  10391.5  0.18005986863454954  
  10392.5  0.1800685353217623   
  10393.5  0.18007719601525182  
  10394.5  0.1800858618685791   
  10395.5  0.18009452172884     
  10396.5  0.18010318674852246  
  10397.5  0.18011184577579514  
  10398.5  0.18012050438679786  
  10399.5  0.18012916815659813  
  10400.5  0.18013782593497307  
  10401.5  0.1801464888717296   
  10402.5  0.1801551458177169   
  10403.5  0.18016380792166994  
  10404.5  0.18017246403550974  
  10405.5  0.1801811253068994   
  10406.5  0.1801897805888315   
  10407.5  0.18019843545503356  
  10408.5  0.1802070954781621   
  10409.5  0.1802157495128161   
  10410.5  0.1802244087039811   
  10411.5  0.18023306190732677  
  10412.5  0.18024172026676794  
  10413.5  0.1802503726390447   
  10414.5  0.18025903016700165  
  10415.5  0.18026768170844898  
  10416.5  0.18027633283470496  
  10417.5  0.18028498911601837  
  10418.5  0.18029363941180376  
  10419.5  0.18030229486223143  
  10420.5  0.18031094432778536  
  10421.5  0.18031959894756655  
  10422.5  0.18032824758312796  
  10423.5  0.18033690137250177  
  10424.5  0.18034554917830964  
  10425.5  0.18035420213751502  
  10426.5  0.18036284911380804  
  10427.5  0.1803714956755666   
  10428.5  0.18038014739010078  
  10429.5  0.18038879312270242  
  10430.5  0.1803974440076651   
  10431.5  0.18040608891134835  
  10432.5  0.18041473896697816  
  10433.5  0.18042338304198133  
  10434.5  0.18043203226851673  
  10435.5  0.18044067551507814  
  10436.5  0.18044931834764122  
  10437.5  0.18045796633111522  
  10438.5  0.18046660833559366  
  10439.5  0.18047525549056884  
  10440.5  0.18048389666720063  
  10441.5  0.18049254299391512  
  10442.5  0.1805011833429381   
  10443.5  0.18050982884162978  
  10444.5  0.1805184683632817   
  10445.5  0.18052710747147033  
  10446.5  0.180535751728707    
  10447.5  0.18054439000988093  
  10448.5  0.1805530334396892   
  10449.5  0.1805616708940859   
  10450.5  0.18057031349670333  
  10451.5  0.18057895012456016  
  10452.5  0.1805875919002242   
  10453.5  0.18059622770177836  
  10454.5  0.18060486309040305  
  10455.5  0.18061350362621495  
  10456.5  0.1806221381888926   
  10457.5  0.18063077789834422  
  10458.5  0.1806394116353118   
  10459.5  0.1806480505186401   
  10460.5  0.1806566834301344   
  10461.5  0.1806653214875764   
  10462.5  0.1806739535738342   
  10463.5  0.18068258524769523  
  10464.5  0.18069122206688457  
  10465.5  0.1806998529158639   
  10466.5  0.1807084889097587   
  10467.5  0.18071711893409279  
  10468.5  0.18072575410292963  
  10469.5  0.1807343833028548   
  10470.5  0.18074301764687004  
  10471.5  0.1807516460226225   
  10472.5  0.1807602739865098   
  10473.5  0.1807689070938684   
  10474.5  0.18077753423393705  
  10475.5  0.1807861665170646   
  10476.5  0.18079479283355057  
  10477.5  0.18080342429268315  
  10478.5  0.18081204978582224  
  10479.5  0.18082068042119573  
  10480.5  0.1808293050912237   
  10481.5  0.18083792934991685  
  10482.5  0.1808465587502263   
  10483.5  0.18085518218616162  
  10484.5  0.18086381076330124  
  10485.5  0.18087243337671416  
  10486.5  0.18088106113091948  
  10487.5  0.18088968292204533  
  10488.5  0.18089830985355176  
  10489.5  0.1809069308226257   
  10490.5  0.18091555138089413  
  10491.5  0.18092417707892572  
  10492.5  0.18093279681549485  
  10493.5  0.18094142169141555  
  10494.5  0.18095004060652026  
  10495.5  0.18095866466056512  
  10496.5  0.18096728275444024  
  10497.5  0.18097590598684415  
  10498.5  0.1809845232597244   
  10499.5  0.1809931401223272   
  10500.5  0.18100176212284208  
  10501.5  0.1810103781648018   
  10502.5  0.18101899934426247  
  10503.5  0.18102761456581357  
  10504.5  0.18103623492445453  
  10505.5  0.18104484932583126  
  10506.5  0.18105346886388696  
  10507.5  0.18106208244532354  
  10508.5  0.18107070116302823  
  10509.5  0.1810793139247588   
  10510.5  0.18108792627685585  
  10511.5  0.1810965437646051   
  10512.5  0.18110515529734703  
  10513.5  0.18111377196533046  
  10514.5  0.18112238267895103  
  10515.5  0.18113099852740258  
  10516.5  0.18113960842213547  
  10517.5  0.18114822345128892  
  10518.5  0.18115683252736775  
  10519.5  0.18116544119433878  
  10520.5  0.181174054995115    
  10521.5  0.18118266284378207  
  10522.5  0.18119127582584418  
  10523.5  0.18119988285644062  
  10524.5  0.181208495020022    
  10525.5  0.18121710123278098  
  10526.5  0.18122571257811496  
  10527.5  0.18123431797326958  
  10528.5  0.18124292295984096  
  10529.5  0.18125153307837258  
  10530.5  0.18126013724768894  
  10531.5  0.18126874654855585  
  10532.5  0.1812773499008501   
  10533.5  0.18128595838428516  
  10534.5  0.18129456091978993  
  10535.5  0.181303168586026    
  10536.5  0.1813117703049739   
  10537.5  0.18132037161586195  
  10538.5  0.18132897805686715  
  10539.5  0.18133757855154697  
  10540.5  0.18134618417593462  
  10541.5  0.18135478385463855  
  10542.5  0.18136338866264107  
  10543.5  0.18137198752560124  
  10544.5  0.18138059151745092  
  10545.5  0.1813891895648995   
  10546.5  0.18139778720481048  
  10547.5  0.18140638997299746  
  10548.5  0.18141498679774473  
  10549.5  0.18142358875035913  
  10550.5  0.1814321847601745   
  10551.5  0.18144078589744816  
  10552.5  0.18144938109256334  
  10553.5  0.18145798141472813  
  10554.5  0.18146657579537473  
  10555.5  0.18147516976900485  
  10556.5  0.18148376886907178  
  10557.5  0.1814923620285805   
  10558.5  0.1815009603141175   
  10559.5  0.1815095526597361   
  10560.5  0.18151815013097466  
  10561.5  0.18152674166293437  
  10562.5  0.1815353383201057   
  10563.5  0.18154392903863767  
  10564.5  0.18155251935067318  
  10565.5  0.1815611147873082   
  10566.5  0.18156970428626235  
  10567.5  0.18157829890940794  
  10568.5  0.18158688759551156  
  10569.5  0.18159548140539863  
  10570.5  0.18160406927888245  
  10571.5  0.18161266227574185  
  10572.5  0.1816212493368365   
  10573.5  0.18162983599195368  
  10574.5  0.18163842776983488  
  10575.5  0.18164701361290853  
  10576.5  0.18165560457833863  
  10577.5  0.18166418960959912  
  10578.5  0.18167277976280846  
  10579.5  0.18168136398248602  
  10580.5  0.181689953323705    
  10581.5  0.18169853673202974  
  10582.5  0.18170712526148858  
  10583.5  0.18171570785869048  
  10584.5  0.18172429005054777  
  10585.5  0.1817328773629283   
  10586.5  0.18174145874400757  
  10587.5  0.181750045245203    
  10588.5  0.18175862581573396  
  10589.5  0.1817672115059741   
  10590.5  0.18177579126618645  
  10591.5  0.18178437614570103  
  10592.5  0.18179295509582427  
  10593.5  0.1818015336411193   
  10594.5  0.18181011730510646  
  10595.5  0.18181869504065645  
  10596.5  0.18182727789449185  
  10597.5  0.18183585482052603  
  10598.5  0.18184443686443905  
  10599.5  0.18185301298118658  
  10600.5  0.18186159421540643  
  10601.5  0.18187016952309637  
  10602.5  0.1818787444264735   
  10603.5  0.18188732444671343  
  10604.5  0.1818958985413763   
  10605.5  0.18190447775249566  
  10606.5  0.181913051038673    
  10607.5  0.1819216294409007   
  10608.5  0.18193020191882117  
  10609.5  0.1819387795123859   
  10610.5  0.18194735118227812  
  10611.5  0.1819559224483718   
  10612.5  0.1819644988295009   
  10613.5  0.18197306928790888  
  10614.5  0.18198164486094642  
  10615.5  0.18199021451189698  
  10616.5  0.18199878927707133  
  10617.5  0.18200735812079266  
  10618.5  0.1820159320783321   
  10619.5  0.18202450011505228  
  10620.5  0.18203306774848715  
  10621.5  0.1820416404951319   
  10622.5  0.18205020732190752  
  10623.5  0.18205877926148753  
  10624.5  0.18206734528183163  
  10625.5  0.18207591641457485  
  10626.5  0.18208448162871516  
  10627.5  0.18209305195484926  
  10628.5  0.18210161636301336  
  10629.5  0.18211018036840432  
  10630.5  0.18211874948518147  
  10631.5  0.18212731268493737  
  10632.5  0.18213588099567446  
  10633.5  0.18214444339002256  
  10634.5  0.18215301089494695  
  10635.5  0.18216157248411458  
  10636.5  0.18217013918345362  
  10637.5  0.1821786999676678   
  10638.5  0.18218726034961988  
  10639.5  0.18219582584113642  
  10640.5  0.1822043854184755   
  10641.5  0.18221295010497446  
  10642.5  0.18222150887792737  
  10643.5  0.18223007275963565  
  10644.5  0.18223863072842914  
  10645.5  0.18224719380557358  
  10646.5  0.18225575097043428  
  10647.5  0.18226430773354285  
  10648.5  0.18227286960439598  
  10649.5  0.1822814255639115   
  10650.5  0.18228998663076734  
  10651.5  0.1822985417869161   
  10652.5  0.18230710205000114  
  10653.5  0.1823156564030094   
  10654.5  0.18232421586254996  
  10655.5  0.18233276941264392  
  10656.5  0.18234132806886627  
  10657.5  0.1823498808162719   
  10658.5  0.18235843316254727  
  10659.5  0.18236699061434544  
  10660.5  0.18237554215827137  
  10661.5  0.18238409880731643  
  10662.5  0.18239264954911866  
  10663.5  0.18240120539563645  
  10664.5  0.18240975533554066  
  10665.5  0.18241831037975695  
  10666.5  0.18242685951798873  
  10667.5  0.18243540825559784  
  10668.5  0.18244396209691402  
  10669.5  0.18245251003318877  
  10670.5  0.18246106307276735  
  10671.5  0.1824696102079331   
  10672.5  0.18247816244599951  
  10673.5  0.1824867087802814   
  10674.5  0.1824952602170609   
  10675.5  0.1825038057506841   
  10676.5  0.1825123508841911   
  10677.5  0.1825209011195913   
  10678.5  0.18252944545277697  
  10679.5  0.18253799488745298  
  10680.5  0.18254653842054214  
  10681.5  0.18255508705471893  
  10682.5  0.18256362978793628  
  10683.5  0.18257217762183864  
  10684.5  0.18258071955540883  
  10685.5  0.18258926108936832  
  10686.5  0.182597807723409    
  10687.5  0.182606348458058    
  10688.5  0.1826148942923858   
  10689.5  0.1826234342279487   
  10690.5  0.182631979262788    
  10691.5  0.18264051839948905  
  10692.5  0.18264906263506428  
  10693.5  0.18265760097312753  
  10694.5  0.18266613891208447  
  10695.5  0.18267468194931252  
  10696.5  0.18268321908996768  
  10697.5  0.18269176132849194  
  10698.5  0.1827002976710693   
  10699.5  0.1827088391111138   
  10700.5  0.18271737465583704  
  10701.5  0.18272591529762564  
  10702.5  0.18273445004471847  
  10703.5  0.1827429843932083   
  10704.5  0.18275152383816093  
  10705.5  0.18276005738935563  
  10706.5  0.18276859603661152  
  10707.5  0.18277712879073454  
  10708.5  0.18278566664051724  
  10709.5  0.1827941985977918   
  10710.5  0.18280273565032468  
  10711.5  0.18281126681097407  
  10712.5  0.18281979757352265  
  10713.5  0.18282833343072769  
  10714.5  0.18283686339698563  
  10715.5  0.18284539845749884  
  10716.5  0.18285392762768915  
  10717.5  0.18286246189173358  
  10718.5  0.18287099026607906  
  10719.5  0.18287952373387764  
  10720.5  0.18288805131260097  
  10721.5  0.1828965784937248   
  10722.5  0.18290511076770044  
  10723.5  0.18291363715353598  
  10724.5  0.18292216863182262  
  10725.5  0.18293069422259245  
  10726.5  0.18293922490541262  
  10727.5  0.18294774970133906  
  10728.5  0.18295627958891528  
  10729.5  0.18296480359022058  
  10730.5  0.1829733326827752   
  10731.5  0.18298185588968155  
  10732.5  0.18299037869959953  
  10733.5  0.18299890660016627  
  10734.5  0.18300742861601832  
  10735.5  0.18301595572211887  
  10736.5  0.18302447694412688  
  10737.5  0.18303300325598323  
  10738.5  0.18304152368436902  
  10739.5  0.18305004920220308  
  10740.5  0.18305856883718832  
  10741.5  0.1830670880756841   
  10742.5  0.1830756124030282   
  10743.5  0.18308413084845576  
  10744.5  0.1830926543823318   
  10745.5  0.1831011720349126   
  10746.5  0.18310969477554212  
  10747.5  0.1831182116354975   
  10748.5  0.18312673358310194  
  10749.5  0.18313524965065311  
  10750.5  0.18314376532221266  
  10751.5  0.18315228608082193  
  10752.5  0.1831608009603089   
  10753.5  0.1831693209264462   
  10754.5  0.18317783501408158  
  10755.5  0.1831863541879679   
  10756.5  0.1831948674839726   
  10757.5  0.18320338586582896  
  10758.5  0.18321189837042373  
  10759.5  0.18322041047952364  
  10760.5  0.18322892767387652  
  10761.5  0.1832374389918974   
  10762.5  0.18324595539477226  
  10763.5  0.1832544659219347   
  10764.5  0.18326298153355208  
  10765.5  0.18327149127007644  
  10766.5  0.18328000609065692  
  10767.5  0.18328851503676358  
  10768.5  0.18329702358787106  
  10769.5  0.18330553722243662  
  10770.5  0.1833140449834566   
  10771.5  0.183322557827536    
  10772.5  0.18333106479868858  
  10773.5  0.183339576852502    
  10774.5  0.18334808303400701  
  10775.5  0.1833565942977745   
  10776.5  0.1833650996898519   
  10777.5  0.18337360468742492  
  10778.5  0.1833821147666629   
  10779.5  0.18339061897513784  
  10780.5  0.18339912826487947  
  10781.5  0.1834076316844759   
  10782.5  0.18341614018494093  
  10783.5  0.1834246428158784   
  10784.5  0.18343315052728637  
  10785.5  0.1834416523697842   
  10786.5  0.18345015381827134  
  10787.5  0.1834586603466322   
  10788.5  0.18346716100700858  
  10789.5  0.1834756667468609   
  10790.5  0.18348416661934566  
  10791.5  0.18349267157090862  
  10792.5  0.18350117065572089  
  10793.5  0.18350967481921363  
  10794.5  0.1835181731165723   
  10795.5  0.18352667102041284  
  10796.5  0.1835351740023377   
  10797.5  0.18354367111905287  
  10798.5  0.18355217331345486  
  10799.5  0.18356066964326326  
  10800.5  0.18356916557982686  
  10801.5  0.18357766659348143  
  10802.5  0.18358616721349394  
  10803.5  0.18359466743991912  
  10804.5  0.1836031563337686   
  10805.5  0.1836116557736894   
  10806.5  0.18362015482018673  
  10807.5  0.1836286425357905   
  10808.5  0.1836371407961109   
  10809.5  0.18364563866317163  
  10810.5  0.18365413613702725  
  10811.5  0.18366262228223115  
  10812.5  0.18367111897034616  
  10813.5  0.18367961526541965  
  10814.5  0.18368810023352183  
  10815.5  0.18369659574318162  
  10816.5  0.18370509085996348  
  10817.5  0.18371358558392184  
  10818.5  0.1837220689831484   
  10819.5  0.18373056292212867  
  10820.5  0.1837390564684488   
  10821.5  0.18374754962216328  
  10822.5  0.1837560314533842   
  10823.5  0.1837645238225558   
  10824.5  0.18377301579928487  
  10825.5  0.18378149645519806  
  10826.5  0.18378998764771032  
  10827.5  0.18379847844794323  
  10828.5  0.18380696885595113  
  10829.5  0.1838154479453791   
  10830.5  0.18382393756960463  
  10831.5  0.18383242680176815  
  10832.5  0.18384090471702758  
  10833.5  0.1838493931657343   
  10834.5  0.1838578812225418   
  10835.5  0.18386636888750432  
  10836.5  0.18387484523779646  
  10837.5  0.183883332119736    
  10838.5  0.1838918186099933   
  10839.5  0.1839003047086225   
  10840.5  0.18390877949481363  
  10841.5  0.18391726481085324  
  10842.5  0.18392574973542739  
  10843.5  0.18393422334923654  
  10844.5  0.1839427074915458   
  10845.5  0.1839511912425519   
  10846.5  0.18395967460230908  
  10847.5  0.18396814665353137  
  10848.5  0.18397662923145636  
  10849.5  0.18398511141829466  
  10850.5  0.18399359321410036  
  10851.5  0.18400206370359984  
  10852.5  0.1840105447180056   
  10853.5  0.1840190253415409   
  10854.5  0.18402749466044052  
  10855.5  0.18403597450289982  
  10856.5  0.18404445395465066  
  10857.5  0.18405293301574704  
  10858.5  0.1840614007744341   
  10859.5  0.18406987905488603  
  10860.5  0.1840783569448454   
  10861.5  0.18408682353406422  
  10862.5  0.18409530064370255  
  10863.5  0.18410377736301003  
  10864.5  0.18411225369204057  
  10865.5  0.18412071872255462  
  10866.5  0.18412919427169505  
  10867.5  0.1841376694307201   
  10868.5  0.18414614419968367  
  10869.5  0.18415460767235356  
  10870.5  0.18416308166185752  
  10871.5  0.18417155526146142  
  10872.5  0.18418001756643773  
  10873.5  0.1841884903869046   
  10874.5  0.18419696281763276  
  10875.5  0.184205434858676    
  10876.5  0.18421389560731216  
  10877.5  0.18422236686964816  
  10878.5  0.1842308377424604   
  10879.5  0.18423929732452995  
  10880.5  0.18424776741895704  
  10881.5  0.18425623712402148  
  10882.5  0.1842647064397769   
  10883.5  0.1842731644670079   
  10884.5  0.18428163300480727  
  10885.5  0.18429010115345862  
  10886.5  0.18429856891301555  
  10887.5  0.18430702538626498  
  10888.5  0.1843154923682946   
  10889.5  0.18432395896139056  
  10890.5  0.1843324142698407   
  10891.5  0.18434088008573057  
  10892.5  0.18434934551284754  
  10893.5  0.18435781055124512  
  10894.5  0.18436626430721145  
  10895.5  0.18437472856883097  
  10896.5  0.18438319244189158  
  10897.5  0.184391645034181    
  10898.5  0.1844001081307843   
  10899.5  0.18440857083898915  
  10900.5  0.184417033158849    
  10901.5  0.18442548420015006  
  10902.5  0.18443394574397992  
  10903.5  0.18444240689962507  
  10904.5  0.18445086766713895  
  10905.5  0.18445931715830508  
  10906.5  0.1844677771502159   
  10907.5  0.18447623675415553  
  10908.5  0.18448468508340476  
  10909.5  0.18449314391206129  
  10910.5  0.1845016023529067   
  10911.5  0.18451006040599424  
  10912.5  0.18451850718660015  
  10913.5  0.18452696446483086  
  10914.5  0.18453542135546358  
  10915.5  0.18454387785855164  
  10916.5  0.1845523230913656   
  10917.5  0.18456077882002267  
  10918.5  0.1845692341612948   
  10919.5  0.18457767823394747  
  10920.5  0.18458613280110775  
  10921.5  0.18459458698104264  
  10922.5  0.1846030407738054   
  10923.5  0.184611483300154    
  10924.5  0.18461993631923007  
  10925.5  0.18462838895129347  
  10926.5  0.18463683031859565  
  10927.5  0.184645282177291    
  10928.5  0.184653733649133    
  10929.5  0.18466218473417478  
  10930.5  0.18467062455665836  
  10931.5  0.18467907486875662  
  10932.5  0.1846875247942138   
  10933.5  0.18469597433308307  
  10934.5  0.18470441261159587  
  10935.5  0.18471286137794574  
  10936.5  0.18472130975786666  
  10937.5  0.18472974687908147  
  10938.5  0.18473819448680082  
  10939.5  0.1847466417082502   
  10940.5  0.18475508854348263  
  10941.5  0.18476352412220842  
  10942.5  0.1847719701856627   
  10943.5  0.18478041586305882  
  10944.5  0.1847888502855969   
  10945.5  0.18479729519153215  
  10946.5  0.18480573971156797  
  10947.5  0.1848141838457572   
  10948.5  0.18482261672728564  
  10949.5  0.18483106009043682  
  10950.5  0.18483950306789995  
  10951.5  0.18484794565972792  
  10952.5  0.18485637700109106  
  10953.5  0.18486481882230338  
  10954.5  0.18487326025803888  
  10955.5  0.18488169044495553  
  10956.5  0.18489013111039188  
  10957.5  0.18489857139050977  
  10958.5  0.18490701128536194  
  10959.5  0.18491543993358897  
  10960.5  0.18492387905856367  
  10961.5  0.18493231779843083  
  10962.5  0.1849407452933171   
  10963.5  0.1849491832636228   
  10964.5  0.18495762084897902  
  10965.5  0.18496605804943836  
  10966.5  0.18497448400710834  
  10967.5  0.1849829204384273   
  10968.5  0.1849913564850073   
  10969.5  0.18499979214690104  
  10970.5  0.1850082165681956   
  10971.5  0.18501665146136959  
  10972.5  0.185025085970015    
  10973.5  0.18503350923970288  
  10974.5  0.18504194297994375  
  10975.5  0.18505037633581373  
  10976.5  0.18505880930736537  
  10977.5  0.18506723104214748  
  10978.5  0.18507566324571456  
  10979.5  0.18508409506512083  
  10980.5  0.1850925156493975   
  10981.5  0.18510094670113383  
  10982.5  0.18510937736886676  
  10983.5  0.18511780765264876  
  10984.5  0.18512622670348694  
  10985.5  0.18513465622001835  
  10986.5  0.18514308535275606  
  10987.5  0.18515151410175248  
  10988.5  0.18515993161998962  
  10989.5  0.1851683596021544   
  10990.5  0.18517678720073502  
  10991.5  0.1851852035701937   
  10992.5  0.1851936304022566   
  10993.5  0.1852020568508923   
  10994.5  0.18521048291615322  
  10995.5  0.18521889775447445  
  10996.5  0.1852273230536359   
  10997.5  0.1852357479695794   
  10998.5  0.1852441725023572   
  10999.5  0.18525258581037635  
  11000.5  0.18526100957747257  
  11001.5  0.18526943296155984  
  11002.5  0.1852778451225232   
  11003.5  0.18528626774124204  
  11004.5  0.18529468997710855  
  11005.5  0.18530311183017492  
  11006.5  0.18531152246229615  
  11007.5  0.18531994355041126  
  11008.5  0.18532836425588273  
  11009.5  0.18533677374204216  
  11010.5  0.18534519368287505  
  11011.5  0.18535361324122063  
  11012.5  0.18536203241713106  
  11013.5  0.18537044037590597  
  11014.5  0.18537885878759436  
  11015.5  0.1853872768170038   
  11016.5  0.18539569446418633  
  11017.5  0.1854041008964087   
  11018.5  0.1854125177797854   
  11019.5  0.18542093428109127  
  11020.5  0.18542933956906754  
  11021.5  0.18543775530687942  
  11022.5  0.1854461706627765   
  11023.5  0.1854545856368107   
  11024.5  0.18546298939968842  
  11025.5  0.18547140361064415  
  11026.5  0.18547981743989295  
  11027.5  0.185488220059614    
  11028.5  0.18549663312609566  
  11029.5  0.18550504581102603  
  11030.5  0.18551345811445702  
  11031.5  0.18552185921053124  
  11032.5  0.18553027075161     
  11033.5  0.18553868191134498  
  11034.5  0.18554709268978803  
  11035.5  0.18555549226304394  
  11036.5  0.18556390227954922  
  11037.5  0.18557231191491805  
  11038.5  0.185580710346726    
  11039.5  0.1855891192204676   
  11040.5  0.18559752771322813  
  11041.5  0.18560593582505924  
  11042.5  0.185614332735497    
  11043.5  0.18562274008611482  
  11044.5  0.18563114705595846  
  11045.5  0.18563954282603326  
  11046.5  0.18564794903497367  
  11047.5  0.185656354863295    
  11048.5  0.18566476031104892  
  11049.5  0.18567315456119937  
  11050.5  0.18568155924846325  
  11051.5  0.1856899635553147   
  11052.5  0.1856983674818054   
  11053.5  0.1857067602128566   
  11054.5  0.18571516337927002  
  11055.5  0.18572356616547747  
  11056.5  0.18573195775786747  
  11057.5  0.18574035978430697  
  11058.5  0.18574876143069524  
  11059.5  0.18575716269708384  
  11060.5  0.1857655527718168   
  11061.5  0.18577395327884957  
  11062.5  0.18578235340603724  
  11063.5  0.18579075315343133  
  11064.5  0.18579914171133038  
  11065.5  0.18580754069978045  
  11066.5  0.18581593930859136  
  11067.5  0.1858243267295267   
  11068.5  0.1858327245797021   
  11069.5  0.18584112205039272  
  11070.5  0.1858495191416499   
  11071.5  0.18585790504718994  
  11072.5  0.1858663013802228   
  11073.5  0.1858746973339764   
  11074.5  0.18588308210363072  
  11075.5  0.1858914772994681   
  11076.5  0.1858998721161803   
  11077.5  0.18590826655381876  
  11078.5  0.18591664980951414  
  11079.5  0.18592504348964678  
  11080.5  0.18593343679085958  
  11081.5  0.18594182971320392  
  11082.5  0.1859502114557601   
  11083.5  0.18595860362100872  
  11084.5  0.18596699540754258  
  11085.5  0.18597537601590364  
  11086.5  0.18598376704564912  
  11087.5  0.18599215769683358  
  11088.5  0.1860005479695083   
  11089.5  0.18600892706616295  
  11090.5  0.1860173165824587   
  11091.5  0.18602570572039823  
  11092.5  0.18603408368393134  
  11093.5  0.18604247206579877  
  11094.5  0.18605086006946342  
  11095.5  0.18605924769497642  
  11096.5  0.1860676241482337   
  11097.5  0.1860760110180834   
  11098.5  0.1860843975099348   
  11099.5  0.18609278362383905  
  11100.5  0.18610115856763693  
  11101.5  0.18610954392628629  
  11102.5  0.18611792890714163  
  11103.5  0.18612630271950173  
  11104.5  0.18613468694540827  
  11105.5  0.18614307079367384  
  11106.5  0.1861514542643495   
  11107.5  0.18615982656867724  
  11108.5  0.1861682092848119   
  11109.5  0.18617659162350958  
  11110.5  0.1861849627974688   
  11111.5  0.18619334438193103  
  11112.5  0.18620172558910916  
  11113.5  0.18621010641905408  
  11114.5  0.18621847608640563  
  11115.5  0.18622685616252224  
  11116.5  0.1862352358615584   
  11117.5  0.18624361518356497  
  11118.5  0.186251983345122    
  11119.5  0.18626036191370707  
  11120.5  0.1862687401054151   
  11121.5  0.18627710713828058  
  11122.5  0.18628548457687194  
  11123.5  0.1862938616387387   
  11124.5  0.18630223832393175  
  11125.5  0.18631060385242393  
  11126.5  0.18631897978490647  
  11127.5  0.18632735534086753  
  11128.5  0.18633571974173307  
  11129.5  0.186344094545288    
  11130.5  0.18635246897247368  
  11131.5  0.18636084302334088  
  11132.5  0.1863692059212521   
  11133.5  0.1863775792201187   
  11134.5  0.1863859521428188   
  11135.5  0.18639432468940326  
  11136.5  0.1864026860851701   
  11137.5  0.18641105788015902  
  11138.5  0.1864194292991842   
  11139.5  0.18642778956899456  
  11140.5  0.1864361602367278   
  11141.5  0.18644453052864915  
  11142.5  0.18645290044480917  
  11143.5  0.1864612592138906   
  11144.5  0.18646962837916323  
  11145.5  0.18647799716882624  
  11146.5  0.18648636558293022  
  11147.5  0.1864947228520906   
  11148.5  0.18650309051571134  
  11149.5  0.18651145780392464  
  11150.5  0.18651981394879455  
  11151.5  0.18652818048682743  
  11152.5  0.1865365466496043   
  11153.5  0.18654491243717566  
  11154.5  0.18655326708353653  
  11155.5  0.18656163212133103  
  11156.5  0.18656999678407135  
  11157.5  0.1865783503071998   
  11158.5  0.18658671422046563  
  11159.5  0.18659507775882847  
  11160.5  0.18660344092233877  
  11161.5  0.18661179294836794  
  11162.5  0.18662015536280666  
  11163.5  0.18662851740254388  
  11164.5  0.18663687906763005  
  11165.5  0.18664522959736457  
  11166.5  0.18665359051378166  
  11167.5  0.18666195105569858  
  11168.5  0.18667030046386004  
  11169.5  0.1866786602574095   
  11170.5  0.18668701967660972  
  11171.5  0.18669537872151093  
  11172.5  0.18670372663478407  
  11173.5  0.1867120849317197   
  11174.5  0.1867204428545071   
  11175.5  0.18672878964726095  
  11176.5  0.1867371468223839   
  11177.5  0.18674550362350922  
  11178.5  0.18675386005068711  
  11179.5  0.18676220534995674  
  11180.5  0.18677056102987147  
  11181.5  0.18677891633598928  
  11182.5  0.18678727126836028  
  11183.5  0.1867956150749471   
  11184.5  0.18680396926045584  
  11185.5  0.1868123230723682   
  11186.5  0.18682066576008832  
  11187.5  0.18682901882543884  
  11188.5  0.18683737151734317  
  11189.5  0.1868457238358514   
  11190.5  0.18685406503228938  
  11191.5  0.1868624166046361   
  11192.5  0.18687076780373676  
  11193.5  0.18687910788235768  
  11194.5  0.18688745833559675  
  11195.5  0.18689580841573988  
  11196.5  0.1869041581228371   
  11197.5  0.18691249671157428  
  11198.5  0.1869208456732095   
  11199.5  0.18692919426194868  
  11200.5  0.18693754247784172  
  11201.5  0.1869458795774934   
  11202.5  0.18695422704832376  
  11203.5  0.18696257414645778  
  11204.5  0.1869709101299384   
  11205.5  0.18697925648330896  
  11206.5  0.18698760246413285  
  11207.5  0.18699594807245987  
  11208.5  0.18700428256825002  
  11209.5  0.18701262743221223  
  11210.5  0.18702097192382722  
  11211.5  0.18702930530449163  
  11212.5  0.18703764905204054  
  11213.5  0.18704599242739156  
  11214.5  0.18705433543059446  
  11215.5  0.18706266732496124  
  11216.5  0.18707100958449616  
  11217.5  0.18707935147203233  
  11218.5  0.1870876929876194   
  11219.5  0.1870960233964835   
  11220.5  0.18710436416880033  
  11221.5  0.18711270456931722  
  11222.5  0.18712103386469509  
  11223.5  0.18712937352223966  
  11224.5  0.18713771280813343  
  11225.5  0.18714605172242607  
  11226.5  0.1871543795336907   
  11227.5  0.1871627177054081   
  11228.5  0.18717105550567326  
  11229.5  0.1871793929345358   
  11230.5  0.1871877192624803   
  11231.5  0.18719605594916433  
  11232.5  0.1872043922645946   
  11233.5  0.1872127174806882   
  11234.5  0.18722105305423725  
  11235.5  0.18722938825668117  
  11236.5  0.1872377230880695   
  11237.5  0.18724604682222898  
  11238.5  0.1872543809121322   
  11239.5  0.18726271463112842  
  11240.5  0.18727103725447566  
  11241.5  0.1872793702322836   
  11242.5  0.18728770283933296  
  11243.5  0.18729603507567325  
  11244.5  0.18730435621847027  
  11245.5  0.18731268771401777  
  11246.5  0.18732101883900448  
  11247.5  0.1873293495934799   
  11248.5  0.18733766925651654  
  11249.5  0.1873459992705943   
  11250.5  0.18735432891430895  
  11251.5  0.18736264746816222  
  11252.5  0.1873709763717753   
  11253.5  0.18737930490517332  
  11254.5  0.1873876330684057   
  11255.5  0.1873959501438791   
  11256.5  0.18740427756740444  
  11257.5  0.18741260462091203  
  11258.5  0.18742092058823656  
  11259.5  0.18742924690233273  
  11260.5  0.18743757284655907  
  11261.5  0.18744589842096487  
  11262.5  0.18745421291128792  
  11263.5  0.1874625377466762   
  11264.5  0.18747086221239165  
  11265.5  0.1874791863084835   
  11266.5  0.18748749932259176  
  11267.5  0.18749582268005965  
  11268.5  0.18750414566805162  
  11269.5  0.18751245757563334  
  11270.5  0.18752077982529625  
  11271.5  0.18752910170563067  
  11272.5  0.18753742321668573  
  11273.5  0.1875457336494277   
  11274.5  0.18755405442254672  
  11275.5  0.18756237482653376  
  11276.5  0.18757068415377956  
  11277.5  0.187579003820125    
  11278.5  0.18758732311748574  
  11279.5  0.18759564204591092  
  11280.5  0.1876039498996898   
  11281.5  0.18761226809086567  
  11282.5  0.1876205859132531   
  11283.5  0.18762890336690113  
  11284.5  0.1876372097479967   
  11285.5  0.1876455264647874   
  11286.5  0.18765384281298578  
  11287.5  0.18766214809020107  
  11288.5  0.18767046370183585  
  11289.5  0.18767877894502516  
  11290.5  0.187687093819818    
  11291.5  0.18769539762571946  
  11292.5  0.18770371176434011  
  11293.5  0.18771202553471106  
  11294.5  0.18772033893688117  
  11295.5  0.18772864127225053  
  11296.5  0.1877369539386395   
  11297.5  0.18774526623697438  
  11298.5  0.18775356747007546  
  11299.5  0.1877618790329222   
  11300.5  0.18777019022786137  
  11301.5  0.18777850105494182  
  11302.5  0.18778680081887691  
  11303.5  0.1877951109108597   
  11304.5  0.18780342063513014  
  11305.5  0.18781171929782073  
  11306.5  0.18782002828728608  
  11307.5  0.18782833690918543  
  11308.5  0.18783664516356763  
  11309.5  0.18784494235845636  
  11310.5  0.18785324987842328  
  11311.5  0.18786155703101914  
  11312.5  0.18786986381629278  
  11313.5  0.18787815954415824  
  11314.5  0.1878864655954061   
  11315.5  0.18789477127947773  
  11316.5  0.1879030659077042   
  11317.5  0.1879113708580419   
  11318.5  0.18791967544134944  
  11319.5  0.18792797965767533  
  11320.5  0.18793627282023928  
  11321.5  0.18794457630322017  
  11322.5  0.18795287941936534  
  11323.5  0.18796117148330999  
  11324.5  0.1879694738664015   
  11325.5  0.18797777588280304  
  11326.5  0.18798607753256322  
  11327.5  0.18799436813220405  
  11328.5  0.18800266904929883  
  11329.5  0.18801096959989788  
  11330.5  0.18801926978404968  
  11331.5  0.18802755892016212  
  11332.5  0.1880358583720365   
  11333.5  0.18804415745760916  
  11334.5  0.1880524454967015   
  11335.5  0.18806074385028743  
  11336.5  0.18806904183771703  
  11337.5  0.18807733945903876  
  11338.5  0.18808562603595808  
  11339.5  0.18809392292568042  
  11340.5  0.18810221944944017  
  11341.5  0.188110504930355    
  11342.5  0.18811880072280562  
  11343.5  0.18812709614943882  
  11344.5  0.18813539121030295  
  11345.5  0.18814367523039807  
  11346.5  0.18815196956033983  
  11347.5  0.18816026352465756  
  11348.5  0.18816855712339967  
  11349.5  0.18817683968344748  
  11350.5  0.1881851325516536   
  11351.5  0.18819342505442896  
  11352.5  0.18820170652006518  
  11353.5  0.18820999829259413  
  11354.5  0.18821828969983714  
  11355.5  0.18822658074184248  
  11356.5  0.1882348607487814   
  11357.5  0.18824315106092615  
  11358.5  0.18825144100797794  
  11359.5  0.18825971992151685  
  11360.5  0.18826800913899716  
  11361.5  0.18827629799152906  
  11362.5  0.1882845864791608   
  11363.5  0.18829286393535036  
  11364.5  0.1883011516937958   
  11365.5  0.18830943908748557  
  11366.5  0.18831772611646777  
  11367.5  0.1883260021160773   
  11368.5  0.18833428841625807  
  11369.5  0.18834257435187568  
  11370.5  0.18835084925967177  
  11371.5  0.18835913446677635  
  11372.5  0.188367419309462    
  11373.5  0.18837570378777674  
  11374.5  0.18838397724033745  
  11375.5  0.18839226099052347  
  11376.5  0.18840054437648276  
  11377.5  0.18840882739826334  
  11378.5  0.1884170993963562   
  11379.5  0.188425381690392    
  11380.5  0.18843366362039307  
  11381.5  0.1884419345282552   
  11382.5  0.1884502157307992   
  11383.5  0.18845849656945238  
  11384.5  0.1884667770442627   
  11385.5  0.18847504649899838  
  11386.5  0.188483326246735    
  11387.5  0.18849160563077255  
  11388.5  0.1884998739962827   
  11389.5  0.18850815265353377  
  11390.5  0.18851643094722945  
  11391.5  0.18852470887741762  
  11392.5  0.1885329757911407   
  11393.5  0.18854125299492516  
  11394.5  0.1885495298353457   
  11395.5  0.1885578063124501   
  11396.5  0.18856607177515053  
  11397.5  0.1885743475262337   
  11398.5  0.18858262291414418  
  11399.5  0.1885908872891956   
  11400.5  0.18859916195137139  
  11401.5  0.18860743625051785  
  11402.5  0.1886157101866827   
  11403.5  0.18862397311204762  
  11404.5  0.18863224632285963  
  11405.5  0.18864051917083333  
  11406.5  0.18864878100955043  
  11407.5  0.1886570531324574   
  11408.5  0.1886653248926691   
  11409.5  0.18867359629023325  
  11410.5  0.18868185668059792  
  11411.5  0.18869012735347662  
  11412.5  0.18869839766385077  
  11413.5  0.18870666761176805  
  11414.5  0.18871492655454175  
  11415.5  0.18872319577815447  
  11416.5  0.18873146463945314  
  11417.5  0.18873972249714932  
  11418.5  0.18874799063442893  
  11419.5  0.18875625840953725  
  11420.5  0.1887645258225219   
  11421.5  0.188772782233958    
  11422.5  0.18878104892330388  
  11423.5  0.18878931525066875  
  11424.5  0.18879757057802457  
  11425.5  0.18880583618203572  
  11426.5  0.18881410142420835  
  11427.5  0.18882236630459     
  11428.5  0.18883062018701455  
  11429.5  0.18883888434442225  
  11430.5  0.18884714814018141  
  11431.5  0.1888554115743395   
  11432.5  0.18886366401259122  
  11433.5  0.18887192672415473  
  11434.5  0.18888018907425946  
  11435.5  0.18888844042999506  
  11436.5  0.18889670205778958  
  11437.5  0.18890496332426754  
  11438.5  0.18891322422947632  
  11439.5  0.18892147414236468  
  11440.5  0.1889297343256421   
  11441.5  0.18893799414779242  
  11442.5  0.18894625360886302  
  11443.5  0.18895450207966086  
  11444.5  0.1889627608191786   
  11445.5  0.18897101919775855  
  11446.5  0.1889792665876006   
  11447.5  0.18898752424491133  
  11448.5  0.18899578154142616  
  11449.5  0.18900403847719238  
  11450.5  0.1890122844262663   
  11451.5  0.18902054064114124  
  11452.5  0.18902879649540932  
  11453.5  0.18903704136451843  
  11454.5  0.1890452964981784   
  11455.5  0.18905355127137313  
  11456.5  0.1890618056841499   
  11457.5  0.18907004911381134  
  11458.5  0.18907830280635737  
  11459.5  0.18908655613862688  
  11460.5  0.18909480911066714  
  11461.5  0.18910305110163456  
  11462.5  0.18911130335382112  
  11463.5  0.18911955524591972  
  11464.5  0.18912779615847658  
  11465.5  0.18913604733100406  
  11466.5  0.18914429814358494  
  11467.5  0.18915254859626626  
  11468.5  0.18916078807144637  
  11469.5  0.18916903780493305  
  11470.5  0.1891772871786614   
  11471.5  0.189185525576418    
  11472.5  0.18919377423123374  
  11473.5  0.18920202252643226  
  11474.5  0.18921027046206057  
  11475.5  0.18921850742375568  
  11476.5  0.1892267546408473   
  11477.5  0.1892350014985097   
  11478.5  0.18924324799678982  
  11479.5  0.1892514835231742   
  11480.5  0.18925972930329318  
  11481.5  0.18926797472417076  
  11482.5  0.18927620917467977  
  11483.5  0.1892844538776776   
  11484.5  0.18929269822157482  
  11485.5  0.18930094220641833  
  11486.5  0.18930917522292867  
  11487.5  0.1893174184902674   
  11488.5  0.18932566139869308  
  11489.5  0.18933389334031125  
  11490.5  0.18934213553151313  
  11491.5  0.1893503773639425   
  11492.5  0.18935861883764615  
  11493.5  0.18936684934657583  
  11494.5  0.18937509010343012  
  11495.5  0.18938333050169917  
  11496.5  0.18939157054142972  
  11497.5  0.18939979961841863  
  11498.5  0.18940803894167393  
  11499.5  0.18941627790653104  
  11500.5  0.18942450591016985  
  11501.5  0.18943274415883204  
  11502.5  0.18944098204923626  
  11503.5  0.18944921958142924  
  11504.5  0.18945744615443427  
  11505.5  0.18946568297080582  
  11506.5  0.1894739194291062   
  11507.5  0.18948214492974058  
  11508.5  0.18949038067249946  
  11509.5  0.18949861605732715  
  11510.5  0.18950685108427034  
  11511.5  0.18951507515557597  
  11512.5  0.18952330946735058  
  11513.5  0.18953154342138057  
  11514.5  0.1895397770177126   
  11515.5  0.18954799966043426  
  11516.5  0.1895562325419703   
  11517.5  0.1895644650659481   
  11518.5  0.18957268663783514  
  11519.5  0.18958091844729622  
  11520.5  0.18958914989933867  
  11521.5  0.1895973809940091   
  11522.5  0.1896056011386141   
  11523.5  0.18961383151913988  
  11524.5  0.18962206154243313  
  11525.5  0.18963029120854039  
  11526.5  0.1896385099266064   
  11527.5  0.18964673887894076  
  11528.5  0.18965496747422853  
  11529.5  0.18966318512299232  
  11530.5  0.1896714130047857   
  11531.5  0.18967964052967184  
  11532.5  0.1896878676976972   
  11533.5  0.18969608392122078  
  11534.5  0.18970431037612293  
  11535.5  0.18971253647430344  
  11536.5  0.18972075162949806  
  11537.5  0.18972897701483352  
  11538.5  0.18973720204358652  
  11539.5  0.18974542671580336  
  11540.5  0.1897536404470546   
  11541.5  0.18976186440679702  
  11542.5  0.1897700880101423   
  11543.5  0.18977831125713676  
  11544.5  0.18978652356518486  
  11545.5  0.18979474610007516  
  11546.5  0.18980296827875356  
  11547.5  0.18981117951999907  
  11548.5  0.1898194009868508   
  11549.5  0.18982762209762938  
  11550.5  0.1898358428523811   
  11551.5  0.1898440526717171   
  11552.5  0.18985227271501187  
  11553.5  0.18986049240241837  
  11554.5  0.18986870115592128  
  11555.5  0.18987692013214794  
  11556.5  0.18988513875262492  
  11557.5  0.18989335701739848  
  11558.5  0.18990156435028369  
  11559.5  0.1899097819042465   
  11560.5  0.1899179991026443   
  11561.5  0.18992621594552328  
  11562.5  0.18993442185852813  
  11563.5  0.18994263799096522  
  11564.5  0.1899508537680218   
  11565.5  0.18995905861671397  
  11566.5  0.18996727368360508  
  11567.5  0.18997548839525388  
  11568.5  0.18998370275170653  
  11569.5  0.189991906181807    
  11570.5  0.19000011982846243  
  11571.5  0.19000833312005982  
  11572.5  0.19001653548681338  
  11573.5  0.19002474806888955  
  11574.5  0.1900329602960457   
  11575.5  0.1900411721683278   
  11576.5  0.19004937311777642  
  11577.5  0.19005758428090505  
  11578.5  0.1900657950892976   
  11579.5  0.19007400554300002  
  11580.5  0.19008220507587809  
  11581.5  0.19009041482079447  
  11582.5  0.1900986242111585   
  11583.5  0.1901068226822042   
  11584.5  0.1901150313640575   
  11585.5  0.19012323969149617  
  11586.5  0.1901314476645661   
  11587.5  0.190139644720325    
  11588.5  0.19014785198525108  
  11589.5  0.190156058895946    
  11590.5  0.19016426545245566  
  11591.5  0.19017246109366046  
  11592.5  0.1901806669423928   
  11593.5  0.19018887243707733  
  11594.5  0.19019706701796074  
  11595.5  0.19020527180514263  
  11596.5  0.1902134762384141   
  11597.5  0.1902216803178209   
  11598.5  0.19022987348543088  
  11599.5  0.19023807685770106  
  11600.5  0.19024627987624385  
  11601.5  0.19025447198449208  
  11602.5  0.19026267429617252  
  11603.5  0.1902708762542627   
  11604.5  0.19027907785880846  
  11605.5  0.19028726855506195  
  11606.5  0.19029546945311074  
  11607.5  0.1903036699977521   
  11608.5  0.19031187018903176  
  11609.5  0.19032005947402036  
  11610.5  0.19032825895916822  
  11611.5  0.1903364580910912   
  11612.5  0.19034464631822326  
  11613.5  0.19035284474428807  
  11614.5  0.19036104281726493  
  11615.5  0.19036924053719947  
  11616.5  0.19037742735434232  
  11617.5  0.19038562436878323  
  11618.5  0.19039382103031854  
  11619.5  0.19040200679056074  
  11620.5  0.19041020274687562  
  11621.5  0.1904183983504215   
  11622.5  0.190426593601244    
  11623.5  0.19043477795277083  
  11624.5  0.1904429724987369   
  11625.5  0.19045116669211612  
  11626.5  0.19045936053295395  
  11627.5  0.1904675434764924   
  11628.5  0.1904757366128375   
  11629.5  0.1904839293967777   
  11630.5  0.19049211128491478  
  11631.5  0.19050030336463483  
  11632.5  0.1905084950920862   
  11633.5  0.1905166864673144   
  11634.5  0.19052486694873388  
  11635.5  0.19053305762010508  
  11636.5  0.19054124793938929  
  11637.5  0.1905494273663597   
  11638.5  0.19055761698205909  
  11639.5  0.19056580624580757  
  11640.5  0.19057399515765053  
  11641.5  0.1905821731791722   
  11642.5  0.19059036138779295  
  11643.5  0.19059854924464417  
  11644.5  0.19060673674977122  
  11645.5  0.19061491336656838  
  11646.5  0.19062310016883552  
  11647.5  0.1906312866195144   
  11648.5  0.190639462183356    
  11649.5  0.19064764793144645  
  11650.5  0.19065583332808436  
  11651.5  0.19066401837331506  
  11652.5  0.19067219253369802  
  11653.5  0.19068037687670208  
  11654.5  0.19068856086843458  
  11655.5  0.19069673397681056  
  11656.5  0.1907049172665875   
  11657.5  0.1907131002052285   
  11658.5  0.1907212827927787   
  11659.5  0.19072945449895995  
  11660.5  0.19073763638491584  
  11661.5  0.19074581791991643  
  11662.5  0.19075399910400684  
  11663.5  0.19076216940871485  
  11664.5  0.19077034989157188  
  11665.5  0.19077853002365414  
  11666.5  0.19078669927784295  
  11667.5  0.19079487870896225  
  11668.5  0.190803057789442    
  11669.5  0.19081123651932735  
  11670.5  0.19081940437330389  
  11671.5  0.19082758240258665  
  11672.5  0.19083576008141012  
  11673.5  0.1908439374098194   
  11674.5  0.1908521038643034   
  11675.5  0.19086028049247017  
  11676.5  0.19086845677035774  
  11677.5  0.1908766221758068   
  11678.5  0.1908847977537217   
  11679.5  0.19089297298149235  
  11680.5  0.19090114785916373  
  11681.5  0.19090931186637827  
  11682.5  0.19091748604443654  
  11683.5  0.19092565987253038  
  11684.5  0.1909338228316527   
  11685.5  0.19094199596040276  
  11686.5  0.19095016873932322  
  11687.5  0.1909583411684589   
  11688.5  0.19096650273060278  
  11689.5  0.1909746744607537   
  11690.5  0.1909828458412545   
  11691.5  0.1909910168721501   
  11692.5  0.19099917703803257  
  11693.5  0.1910073473703021   
  11694.5  0.19101551735310085  
  11695.5  0.19102367647236967  
  11696.5  0.19103184575681115  
  11697.5  0.1910400146919164   
  11698.5  0.19104818327773013  
  11699.5  0.19105634100199068  
  11700.5  0.19106450888980528  
  11701.5  0.1910726764284627   
  11702.5  0.19108083310704868  
  11703.5  0.19108899994797535  
  11704.5  0.1910971664398791   
  11705.5  0.1911053325828047   
  11706.5  0.19111348786763369  
  11707.5  0.19112165331318615  
  11708.5  0.19112981840989451  
  11709.5  0.1911379831578035   
  11710.5  0.1911461370495898   
  11711.5  0.19115430110048295  
  11712.5  0.19116246480271076  
  11713.5  0.19117061765029533  
  11714.5  0.19117878065577504  
  11715.5  0.19118694331272332  
  11716.5  0.1911951056211848   
  11717.5  0.19120325707697503  
  11718.5  0.19121141868904518  
  11719.5  0.19121957995276234  
  11720.5  0.1912277303652863   
  11721.5  0.1912358909328795   
  11722.5  0.19124405115225343  
  11723.5  0.19125221102345263  
  11724.5  0.19126036004542873  
  11725.5  0.1912685192208602   
  11726.5  0.19127667804825058  
  11727.5  0.1912848365276444   
  11728.5  0.1912929841597841   
  11729.5  0.19130114194376613  
  11730.5  0.19130929937988506  
  11731.5  0.1913174459702258   
  11732.5  0.19132560271119964  
  11733.5  0.19133375910444383  
  11734.5  0.1913419151500028   
  11735.5  0.19135006035175073  
  11736.5  0.19135821570252004  
  11737.5  0.19136637070573745  
  11738.5  0.19137452536144736  
  11739.5  0.19138266917531233  
  11740.5  0.19139082313658765  
  11741.5  0.1913989767504887   
  11742.5  0.19140711952401845  
  11743.5  0.191415272443751    
  11744.5  0.19142342501624238  
  11745.5  0.19143157724153687  
  11746.5  0.1914397186284243   
  11747.5  0.1914478701599049   
  11748.5  0.19145602134432163  
  11749.5  0.19146416169180364  
  11750.5  0.19147231218267216  
  11751.5  0.19148046232660967  
  11752.5  0.19148861212366058  
  11753.5  0.19149675108573908  
  11754.5  0.1915049001895958   
  11755.5  0.19151304894669863  
  11756.5  0.19152119735709183  
  11757.5  0.19152933493447394  
  11758.5  0.19153748265202672  
  11759.5  0.1915456300230025   
  11760.5  0.19155376656243736  
  11761.5  0.19156191324083785  
  11762.5  0.1915700595727939   
  11763.5  0.19157820555834987  
  11764.5  0.19158634071432423  
  11765.5  0.19159448600765802  
  11766.5  0.19160263095472413  
  11767.5  0.19161076507367739  
  11768.5  0.19161890932878603  
  11769.5  0.19162705323775933  
  11770.5  0.19163519680064145  
  11771.5  0.19164332953736837  
  11772.5  0.19165147240864575  
  11773.5  0.1916596149339642   
  11774.5  0.19166775711336786  
  11775.5  0.19167588846857278  
  11776.5  0.19168402995672404  
  11777.5  0.19169217109909267  
  11778.5  0.19170030141872912  
  11779.5  0.19170844187010944  
  11780.5  0.1917165819758392   
  11781.5  0.1917247217359624   
  11782.5  0.1917328506753081   
  11783.5  0.19174098974479487  
  11784.5  0.191749128468807    
  11785.5  0.19175725637350685  
  11786.5  0.19176539440714627  
  11787.5  0.191773532095443    
  11788.5  0.19178166943844097  
  11789.5  0.1917897959640794   
  11790.5  0.19179793261705602  
  11791.5  0.1918060689248656   
  11792.5  0.19181420488755213  
  11793.5  0.19182233003483096  
  11794.5  0.19183046530784714  
  11795.5  0.1918386002358719   
  11796.5  0.19184672434995198  
  11797.5  0.1918548585885695   
  11798.5  0.19186299248232716  
  11799.5  0.19187112603126885  
  11800.5  0.1918792487682158   
  11801.5  0.19188738162810073  
  11802.5  0.1918955141433012   
  11803.5  0.19190363584796846  
  11804.5  0.19191176767437484  
  11805.5  0.1919198991562281   
  11806.5  0.191928030293572    
  11807.5  0.19193615062233085  
  11808.5  0.1919442810712307   
  11809.5  0.19195241117575249  
  11810.5  0.19196054093593995  
  11811.5  0.19196865988948944  
  11812.5  0.19197678896158255  
  11813.5  0.1919849176894725   
  11814.5  0.1919930356121839   
  11815.5  0.19200116365224157  
  11816.5  0.19200929134822717  
  11817.5  0.19201741870018438  
  11818.5  0.19202553524890825  
  11819.5  0.19203366191338236  
  11820.5  0.19204178823395904  
  11821.5  0.19204991421068196  
  11822.5  0.1920580293861157   
  11823.5  0.19206615467570443  
  11824.5  0.19207427962157025  
  11825.5  0.19208239376760416  
  11826.5  0.1920905180265972   
  11827.5  0.19209864194199816  
  11828.5  0.1921067655138505   
  11829.5  0.1921148782878133   
  11830.5  0.19212300117314132  
  11831.5  0.19213112371505142  
  11832.5  0.19213923546052789  
  11833.5  0.1921473573161747   
  11834.5  0.19215547882853418  
  11835.5  0.19216359999764987  
  11836.5  0.19217171037227243  
  11837.5  0.1921798308554727   
  11838.5  0.1921879509955596   
  11839.5  0.19219607079257672  
  11840.5  0.19220417979704016  
  11841.5  0.1922122989084894   
  11842.5  0.19222041767699918  
  11843.5  0.192228525654409    
  11844.5  0.1922366437376114   
  11845.5  0.19224476147800454  
  11846.5  0.19225287887563192  
  11847.5  0.19226098548409704  
  11848.5  0.1922691021967641   
  11849.5  0.1922772185667955   
  11850.5  0.19228532414911706  
  11851.5  0.19229343983444822  
  11852.5  0.19230155517727385  
  11853.5  0.19230967017763728  
  11854.5  0.19231777439222672  
  11855.5  0.19232588870823644  
  11856.5  0.19233400268191397  
  11857.5  0.19234211631330259  
  11858.5  0.19235021916085202  
  11859.5  0.1923583321082332   
  11860.5  0.19236644471345535  
  11861.5  0.19237454653628855  
  11862.5  0.19238265845776273  
  11863.5  0.19239077003720767  
  11864.5  0.19239888127466662  
  11865.5  0.1924069817316696   
  11866.5  0.19241509228572629  
  11867.5  0.1924232024979267   
  11868.5  0.19243130193112004  
  11869.5  0.19243941146017732  
  11870.5  0.19244752064750784  
  11871.5  0.19245562949315484  
  11872.5  0.19246372756172597  
  11873.5  0.19247183572457505  
  11874.5  0.19247994354587009  
  11875.5  0.19248805102565428  
  11876.5  0.19249614773029267  
  11877.5  0.19250425452762385  
  11878.5  0.19251236098357352  
  11879.5  0.19252045666582424  
  11880.5  0.19252856243957944  
  11881.5  0.19253666787208243  
  11882.5  0.19254477296337627  
  11883.5  0.19255286728289947  
  11884.5  0.19256097169234326  
  11885.5  0.19256907576070711  
  11886.5  0.19257716905874575  
  11887.5  0.1925852724455177   
  11888.5  0.1925933754913388   
  11889.5  0.19260147819625204  
  11890.5  0.19260957013276656  
  11891.5  0.19261767215643183  
  11892.5  0.19262577383931828  
  11893.5  0.19263387518146888  
  11894.5  0.19264196575714623  
  11895.5  0.19265006641839252  
  11896.5  0.19265816673903183  
  11897.5  0.19266625629464118  
  11898.5  0.19267435593463364  
  11899.5  0.19268245523414798  
  11900.5  0.19269055419322703  
  11901.5  0.1926986423891999   
  11902.5  0.1927067406679753   
  11903.5  0.19271483860644414  
  11904.5  0.1927229362046494   
  11905.5  0.19273102304167103  
  11906.5  0.1927391199599154   
  11907.5  0.19274721653802476  
  11908.5  0.19275530235639168  
  11909.5  0.1927633982547971   
  11910.5  0.19277149381319597  
  11911.5  0.19277958903163112  
  11912.5  0.19278767349224474  
  11913.5  0.19279576803131832  
  11914.5  0.19280386223055657  
  11915.5  0.19281194567341314  
  11916.5  0.19282003919354637  
  11917.5  0.1928281323739726   
  11918.5  0.19283622521473456  
  11919.5  0.1928443073010339   
  11920.5  0.1928523994630327   
  11921.5  0.19286049128549548  
  11922.5  0.19286858276846494  
  11923.5  0.19287666349888985  
  11924.5  0.19288475430343768  
  11925.5  0.19289284476862034  
  11926.5  0.19290092448269616  
  11927.5  0.1929090142697131   
  11928.5  0.1929171037174929   
  11929.5  0.19292519282607817  
  11930.5  0.1929332711854729   
  11931.5  0.19294135961623357  
  11932.5  0.1929494477079276   
  11933.5  0.1929575250518675   
  11934.5  0.19296561246599253  
  11935.5  0.19297369954117877  
  11936.5  0.1929817862774689   
  11937.5  0.19298986226791928  
  11938.5  0.19299794832698092  
  11939.5  0.1930060340472741   
  11940.5  0.19301411942884145  
  11941.5  0.19302219406648252  
  11942.5  0.19303027877116163  
  11943.5  0.1930383631372425   
  11944.5  0.19304643676083147  
  11945.5  0.1930545204502791   
  11946.5  0.19306260380125606  
  11947.5  0.19307068681380482  
  11948.5  0.1930787590857733   
  11949.5  0.1930868414220286   
  11950.5  0.19309492341998316  
  11951.5  0.19310299467879036  
  11952.5  0.19311107600070604  
  11953.5  0.19311915698444834  
  11954.5  0.19312723763005968  
  11955.5  0.19313530753843358  
  11956.5  0.19314338750834534  
  11957.5  0.19315146714025339  
  11958.5  0.19315954643420014  
  11959.5  0.19316761499281834  
  11960.5  0.19317569361140452  
  11961.5  0.19318377189215655  
  11962.5  0.19319183943901086  
  11963.5  0.19319991704465633  
  11964.5  0.1932079943125947   
  11965.5  0.1932160712428683   
  11966.5  0.19322413744115133  
  11967.5  0.19323221369665688  
  11968.5  0.19324028961462464  
  11969.5  0.19324836519509692  
  11970.5  0.1932564300454847   
  11971.5  0.19326450495152714  
  11972.5  0.19327257952020094  
  11973.5  0.19328064336021902  
  11974.5  0.1932887172547164   
  11975.5  0.19329679081197193  
  11976.5  0.19330486403202787  
  11977.5  0.19331292652533238  
  11978.5  0.19332099907154965  
  11979.5  0.1933290712806939   
  11980.5  0.19333713276451425  
  11981.5  0.19334520430007293  
  11982.5  0.19335327549868525  
  11983.5  0.1933613463603934   
  11984.5  0.19336940649868012  
  11985.5  0.19337747668713987  
  11986.5  0.19338554653882195  
  11987.5  0.19339361605376845  
  11988.5  0.1934016748471951   
  11989.5  0.19340974368923017  
  11990.5  0.1934178121946561   
  11991.5  0.1934258699799875   
  11992.5  0.19343393781275448  
  11993.5  0.19344200530903857  
  11994.5  0.19345007246888185  
  11995.5  0.19345812891053044  
  11996.5  0.19346619539805124  
  11997.5  0.19347426154925748  
  11998.5  0.193482316983693    
  11999.5  0.19349038246282887  
  12000.5  0.19349844760577625  
  12001.5  0.19350651241257716  
  12002.5  0.1935145665045054   
  12003.5  0.19352263063957192  
  12004.5  0.193530694438618    
  12005.5  0.19353875790168557  
  12006.5  0.19354681065177756  
  12007.5  0.19355487344344646  
  12008.5  0.19356293589926277  
  12009.5  0.19357098764352546  
  12010.5  0.19357904942819462  
  12011.5  0.19358711087713706  
  12012.5  0.19359517199039467  
  12013.5  0.1936032223939939   
  12014.5  0.19361128283643958  
  12015.5  0.19361934294332617  
  12016.5  0.19362739234197499  
  12017.5  0.1936354517783008   
  12018.5  0.19364351087919315  
  12019.5  0.1936515696446939   
  12020.5  0.19365961770385046  
  12021.5  0.19366767579912514  
  12022.5  0.19367573355913378  
  12023.5  0.19368379098391822  
  12024.5  0.19369183770425094  
  12025.5  0.19369989445914376  
  12026.5  0.19370795087893777  
  12027.5  0.1937159965956987   
  12028.5  0.19372405234585166  
  12029.5  0.19373210776103122  
  12030.5  0.19374016284127912  
  12031.5  0.1937482072203847   
  12032.5  0.19375626163132553  
  12033.5  0.19376431570745992  
  12034.5  0.19377235908386928  
  12035.5  0.19378041249094688  
  12036.5  0.1937884655633432   
  12037.5  0.19379651830109998  
  12038.5  0.19380456034102078  
  12039.5  0.1938126124100542   
  12040.5  0.19382066414457316  
  12041.5  0.19382871554461936  
  12042.5  0.19383675624871757  
  12043.5  0.19384480698037357  
  12044.5  0.19385285737768174  
  12045.5  0.19386089708045715  
  12046.5  0.1938689468096248   
  12047.5  0.19387699620456952  
  12048.5  0.19388504526533293  
  12049.5  0.19389308363344987  
  12050.5  0.19390113202640544  
  12051.5  0.19390918008530453  
  12052.5  0.19391722781018864  
  12053.5  0.19392526484431152  
  12054.5  0.19393331190172025  
  12055.5  0.1939413586252387   
  12056.5  0.19394939465940908  
  12057.5  0.19395744071570123  
  12058.5  0.1939654864382277   
  12059.5  0.19397353182703     
  12060.5  0.19398156652836787  
  12061.5  0.1939896112502758   
  12062.5  0.19399765563858415  
  12063.5  0.19400568934083984  
  12064.5  0.19401373306250252  
  12065.5  0.19402177645069002  
  12066.5  0.1940298195054437   
  12067.5  0.1940378518760266   
  12068.5  0.19404589426446617  
  12069.5  0.19405393631959622  
  12070.5  0.19406197804145833  
  12071.5  0.19407000908103042  
  12072.5  0.1940780501369095   
  12073.5  0.19408609085964482  
  12074.5  0.19409412090149994  
  12075.5  0.19410216095850044  
  12076.5  0.19411020068248128  
  12077.5  0.1941182400734838   
  12078.5  0.19412626878548525  
  12079.5  0.19413430751108368  
  12080.5  0.1941423459038278   
  12081.5  0.19415037361897947  
  12082.5  0.19415841134656733  
  12083.5  0.1941664487414249   
  12084.5  0.19417448580359345  
  12085.5  0.19418251219004687  
  12086.5  0.19419054858738938  
  12087.5  0.19419858465216674  
  12088.5  0.19420662038442021  
  12089.5  0.19421464544283493  
  12090.5  0.1942226805105923   
  12091.5  0.1942307152459496   
  12092.5  0.19423873930887456  
  12093.5  0.194246773379983    
  12094.5  0.194254807118815    
  12095.5  0.19426284052541168  
  12096.5  0.19427086326145082  
  12097.5  0.19427889600412818  
  12098.5  0.1942869284146939   
  12099.5  0.19429495015610715  
  12100.5  0.1943029819030004   
  12101.5  0.19431101331790548  
  12102.5  0.19431904440086353  
  12103.5  0.1943270648165421   
  12104.5  0.19433509523615666  
  12105.5  0.19434312532394765  
  12106.5  0.19435115507995612  
  12107.5  0.19435917417055706  
  12108.5  0.1943672032635508   
  12109.5  0.19437523202488532  
  12110.5  0.1943832501222155   
  12111.5  0.19439127822078162  
  12112.5  0.19439930598781177  
  12113.5  0.19440733342334698  
  12114.5  0.19441535019674802  
  12115.5  0.1944233769698431   
  12116.5  0.1944314034115663   
  12117.5  0.1944394295219588   
  12118.5  0.19444744497208638  
  12119.5  0.19445547042036668  
  12120.5  0.1944634955374392   
  12121.5  0.19447150999564797  
  12122.5  0.19447953445085409  
  12123.5  0.1944875585749754   
  12124.5  0.19449558236805284  
  12125.5  0.19450359550413404  
  12126.5  0.1945116186356726   
  12127.5  0.1945196414362901   
  12128.5  0.1945276535813113   
  12129.5  0.1945356757206353   
  12130.5  0.19454369752916106  
  12131.5  0.1945517190069295   
  12132.5  0.19455972983096742  
  12133.5  0.19456775064776938  
  12134.5  0.19457577113393668  
  12135.5  0.19458379128951014  
  12136.5  0.19459180079321797  
  12137.5  0.19459982028815176  
  12138.5  0.19460783945261426  
  12139.5  0.194615847966609    
  12140.5  0.19462386647067673  
  12141.5  0.19463188464439568  
  12142.5  0.19463990248780663  
  12143.5  0.19464790968261297  
  12144.5  0.19465592686595545  
  12145.5  0.1946639437191123   
  12146.5  0.19467194992506112  
  12147.5  0.194679966118394    
  12148.5  0.19468798198166362  
  12149.5  0.19469599751491068  
  12150.5  0.19470400240281116  
  12151.5  0.19471201727656007  
  12152.5  0.19472003182040865  
  12153.5  0.19472804603439767  
  12154.5  0.1947360496049005   
  12155.5  0.19474406315971693  
  12156.5  0.19475207638479583  
  12157.5  0.19476007896778316  
  12158.5  0.1947680915339334   
  12159.5  0.1947761037704682   
  12160.5  0.1947841156774282   
  12161.5  0.19479211694415538  
  12162.5  0.19480012819251186  
  12163.5  0.19480813911141542  
  12164.5  0.1948161393914795   
  12165.5  0.1948241496520231   
  12166.5  0.19483215958323571  
  12167.5  0.19484016918515795  
  12168.5  0.19484816815009767  
  12169.5  0.1948561770939846   
  12170.5  0.19486418570870281  
  12171.5  0.19487219399429295  
  12172.5  0.19488019164475678  
  12173.5  0.19488819927263595  
  12174.5  0.19489620657150872  
  12175.5  0.19490420323664645  
  12176.5  0.19491220987805127  
  12177.5  0.1949202161905713   
  12178.5  0.19492822217424696  
  12179.5  0.194936217526042    
  12180.5  0.19494422285257365  
  12181.5  0.19495222785038244  
  12182.5  0.19496022221770062  
  12183.5  0.19496822655860813  
  12184.5  0.19497623057091418  
  12185.5  0.19498423425465922  
  12186.5  0.1949922273097664   
  12187.5  0.19500023033693353  
  12188.5  0.19500823303566103  
  12189.5  0.19501623540598925  
  12190.5  0.19502422714953133  
  12191.5  0.1950322288636048   
  12192.5  0.19504023024940026  
  12193.5  0.19504822100979757  
  12194.5  0.19505622173958045  
  12195.5  0.19506422214120636  
  12196.5  0.19507222221471576  
  12197.5  0.19508021166467712  
  12198.5  0.19508821108249663  
  12199.5  0.19509621017232062  
  12200.5  0.1951042089341894   
  12201.5  0.19511219707435928  
  12202.5  0.19512019518086063  
  12203.5  0.1951281929595277   
  12204.5  0.19513618011788192  
  12205.5  0.1951441772414232   
  12206.5  0.19515217403725107  
  12207.5  0.19516017050540582  
  12208.5  0.1951681563550951   
  12209.5  0.195176152168446    
  12210.5  0.1951841476542445   
  12211.5  0.19519213252296236  
  12212.5  0.19520012735419828  
  12213.5  0.19520812185800251  
  12214.5  0.19521611603441533  
  12215.5  0.19522409959559317  
  12216.5  0.19523209311776488  
  12217.5  0.19524008631266568  
  12218.5  0.19524807918033582  
  12219.5  0.1952560614346158   
  12220.5  0.1952640536483661   
  12221.5  0.19527204553500618  
  12222.5  0.19528002680963896  
  12223.5  0.19528801804259996  
  12224.5  0.19529600894857116  
  12225.5  0.19530399952759267  
  12226.5  0.19531197949645     
  12227.5  0.19531996942211322  
  12228.5  0.19532795902094705  
  12229.5  0.19533593801099824  
  12230.5  0.19534392695671418  
  12231.5  0.19535191557572099  
  12232.5  0.19535990386805877  
  12233.5  0.1953678815534553   
  12234.5  0.19537586919299543  
  12235.5  0.19538385650598672  
  12236.5  0.1953918434924691   
  12237.5  0.19539981987385074  
  12238.5  0.1954078062078556   
  12239.5  0.19541579221547167  
  12240.5  0.19542376761936653  
  12241.5  0.19543175297474488  
  12242.5  0.1954397380038544   
  12243.5  0.195447722706735    
  12244.5  0.19545569680773328  
  12245.5  0.1954636808586958   
  12246.5  0.19547166458354936  
  12247.5  0.1954796377078989   
  12248.5  0.19548762078107385  
  12249.5  0.19549560352825962  
  12250.5  0.1955035859494961   
  12251.5  0.19551155777206572  
  12252.5  0.1955195395419428   
  12253.5  0.19552752098599027  
  12254.5  0.19553550210424808  
  12255.5  0.19554347262567517  
  12256.5  0.19555145309289243  
  12257.5  0.1955594332344396   
  12258.5  0.1955674027805325   
  12259.5  0.19557538227127813  
  12260.5  0.19558336143647317  
  12261.5  0.1955913402761575   
  12262.5  0.19559930852222207  
  12263.5  0.19560728671142327  
  12264.5  0.19561526457523318  
  12265.5  0.19562324211369167  
  12266.5  0.19563120906036388  
  12267.5  0.19563918594865737  
  12268.5  0.1956471625117187   
  12269.5  0.19565512848436825  
  12270.5  0.19566310439750306  
  12271.5  0.195671079985525    
  12272.5  0.1956790552484738   
  12273.5  0.19568701992284268  
  12274.5  0.1956949945361827   
  12275.5  0.1957029688245687   
  12276.5  0.195710932525748    
  12277.5  0.19571890616476328  
  12278.5  0.1957268794789437   
  12279.5  0.19573485246832892  
  12280.5  0.1957428148723377   
  12281.5  0.19575078721266947  
  12282.5  0.19575875922832506  
  12283.5  0.1957667309193441   
  12284.5  0.19577469202681602  
  12285.5  0.1957826630690986   
  12286.5  0.19579063378686357  
  12287.5  0.19579859392245264  
  12288.5  0.19580656399171872  
  12289.5  0.195814533736586    
  12290.5  0.19582250315709407  
  12291.5  0.19583046199725385  
  12292.5  0.1958384307695796   
  12293.5  0.1958463992176649   
  12294.5  0.19585435708677185  
  12295.5  0.19586232488691202  
  12296.5  0.19587029236293035  
  12297.5  0.1958782595148664   
  12298.5  0.19588621608965018  
  12299.5  0.19589418259395724  
  12300.5  0.1959021487743006   
  12301.5  0.1959101146307197   
  12302.5  0.19591806991181165  
  12303.5  0.19592603512091764  
  12304.5  0.19593400000621788  
  12305.5  0.19594195431755895  
  12306.5  0.19594991855578275  
  12307.5  0.1959578824703192   
  12308.5  0.19596584606120776  
  12309.5  0.19597379907996057  
  12310.5  0.19598176202408807  
  12311.5  0.19598972464468598  
  12312.5  0.19599767669451493  
  12313.5  0.19600563866858814  
  12314.5  0.19601360031924997  
  12315.5  0.1960215616465398   
  12316.5  0.1960295124048825   
  12317.5  0.19603747308596262  
  12318.5  0.19604543344378886  
  12319.5  0.19605339347840064  
  12320.5  0.19606134294588612  
  12321.5  0.19606930233460285  
  12322.5  0.19607726140022316  
  12323.5  0.19608520990008202  
  12324.5  0.1960931683200431   
  12325.5  0.1961011264170257   
  12326.5  0.1961090841910691   
  12327.5  0.19611703140117026  
  12328.5  0.19612498852986873  
  12329.5  0.19613294533574588  
  12330.5  0.1961408915790444   
  12331.5  0.19614884773981212  
  12332.5  0.19615680357787627  
  12333.5  0.19616475909327613  
  12334.5  0.19617270404791498  
  12335.5  0.1961806589185192   
  12336.5  0.19618861346657687  
  12337.5  0.1961965676921272   
  12338.5  0.1962045113587331   
  12339.5  0.19621246493980132  
  12340.5  0.19622041819847977  
  12341.5  0.19622836089957557  
  12342.5  0.19623631351400692  
  12343.5  0.19624426580616605  
  12344.5  0.19625221777609209  
  12345.5  0.19626015919025047  
  12346.5  0.19626811051624254  
  12347.5  0.19627606152011898  
  12348.5  0.19628401220191896  
  12349.5  0.1962919523297653   
  12350.5  0.1962999023679441   
  12351.5  0.19630785208416376  
  12352.5  0.19631579124778958  
  12353.5  0.19632374032062253  
  12354.5  0.1963316890716136   
  12355.5  0.1963396375008019   
  12356.5  0.1963475753792088   
  12357.5  0.1963555231653228   
  12358.5  0.19636347062975118  
  12359.5  0.1963714075447567   
  12360.5  0.1963793543663449   
  12361.5  0.19638730086636458  
  12362.5  0.19639524704485478  
  12363.5  0.19640318267573292  
  12364.5  0.1964111282116949   
  12365.5  0.1964190734262444   
  12366.5  0.19642701831942042  
  12367.5  0.19643495266679425  
  12368.5  0.19644289691775377  
  12369.5  0.19645084084745673  
  12370.5  0.19645877423271416  
  12371.5  0.1964667175204342   
  12372.5  0.19647466048701454  
  12373.5  0.19648260313249405  
  12374.5  0.1964905352353363   
  12375.5  0.1964984772391442   
  12376.5  0.19650641892196807  
  12377.5  0.1965143500635101   
  12378.5  0.19652229110489558  
  12379.5  0.19653023182541374  
  12380.5  0.19653817222510336  
  12381.5  0.19654610208531784  
  12382.5  0.19655404184387995  
  12383.5  0.1965619812817302   
  12384.5  0.1965699203989074   
  12385.5  0.19657784897841504  
  12386.5  0.1965857874547753   
  12387.5  0.19659372561057903  
  12388.5  0.19660165323006673  
  12389.5  0.19660959074528622  
  12390.5  0.19661752794006562  
  12391.5  0.19662546481444365  
  12392.5  0.19663339115430978  
  12393.5  0.1966413273884138   
  12394.5  0.19664926330223276  
  12395.5  0.19665718868289214  
  12396.5  0.1966651239566695   
  12397.5  0.1966730589102781   
  12398.5  0.19668099354375665  
  12399.5  0.19668891764587815  
  12400.5  0.1966968516396248   
  12401.5  0.1967047853133576   
  12402.5  0.1967127186671153   
  12403.5  0.19672064149131735  
  12404.5  0.1967285742056526   
  12405.5  0.1967365066001287   
  12406.5  0.1967444284663997   
  12407.5  0.19675236022168527  
  12408.5  0.19676029165722778  
  12409.5  0.19676822277306585  
  12410.5  0.19677614336249874  
  12411.5  0.1967840738394553   
  12412.5  0.19679200399682334  
  12413.5  0.19679993383464145  
  12414.5  0.19680785314785343  
  12415.5  0.19681578234709882  
  12416.5  0.19682371122691014  
  12417.5  0.19683162958346376  
  12418.5  0.1968395578249337   
  12419.5  0.19684748574708533  
  12420.5  0.19685541334995718  
  12421.5  0.19686333043136875  
  12422.5  0.19687125739620753  
  12423.5  0.19687918404188223  
  12424.5  0.19688710016744398  
  12425.5  0.19689502617531673  
  12426.5  0.19690295186414092  
  12427.5  0.1969108772339551   
  12428.5  0.19691879208545207  
  12429.5  0.19692671681777218  
  12430.5  0.19693464123119778  
  12431.5  0.1969425653257673   
  12432.5  0.19695047890381454  
  12433.5  0.19695840236119766  
  12434.5  0.1969663254998401   
  12435.5  0.19697423812330572  
  12436.5  0.19698216062499233  
  12437.5  0.1969900828080536   
  12438.5  0.19699800467252795  
  12439.5  0.19700591602361875  
  12440.5  0.19701383725144453  
  12441.5  0.19702175816079856  
  12442.5  0.1970296685581133   
  12443.5  0.19703758883104897  
  12444.5  0.19704550878562813  
  12445.5  0.19705342842188914  
  12446.5  0.1970613375479025   
  12447.5  0.19706925654805194  
  12448.5  0.19707717522999824  
  12449.5  0.19708509359377988  
  12450.5  0.1970930014491046   
  12451.5  0.19710091917708117  
  12452.5  0.197108836587008    
  12453.5  0.19711674348982028  
  12454.5  0.19712466026417175  
  12455.5  0.1971325767205884   
  12456.5  0.19714049285910848  
  12457.5  0.19714839849230323  
  12458.5  0.19715631399555408  
  12459.5  0.19716422918102325  
  12460.5  0.19717213386250815  
  12461.5  0.1971800484129375   
  12462.5  0.19718796264569982  
  12463.5  0.1971958765608334   
  12464.5  0.19720377997377034  
  12465.5  0.1972116932541698   
  12466.5  0.19721960621705512  
  12467.5  0.1972275188624646   
  12468.5  0.19723542100746408  
  12469.5  0.19724333301844485  
  12470.5  0.19725124471206432  
  12471.5  0.19725914590661303  
  12472.5  0.1972670569660327   
  12473.5  0.19727496770820552  
  12474.5  0.19728287813316966  
  12475.5  0.19729077806084816  
  12476.5  0.1972986878519175   
  12477.5  0.19730659732589256  
  12478.5  0.1973144963039201   
  12479.5  0.19732240514422894  
  12480.5  0.19733031366755782  
  12481.5  0.1973382218739449   
  12482.5  0.1973461195861679   
  12483.5  0.19735402715919334  
  12484.5  0.19736193441539113  
  12485.5  0.1973698413547994   
  12486.5  0.19737773780182624  
  12487.5  0.19738564410817722  
  12488.5  0.19739355009785284  
  12489.5  0.19740144559648318  
  12490.5  0.1974093509533296   
  12491.5  0.19741725599361468  
  12492.5  0.19742516071737645  
  12493.5  0.197433054951874    
  12494.5  0.1974409590431105   
  12495.5  0.19744886281793766  
  12496.5  0.19745676627639355  
  12497.5  0.19746465924736528  
  12498.5  0.19747256207359953  
  12499.5  0.19748046458357638  
  12500.5  0.19748835660740338  
  12501.5  0.19749625848538618  
  12502.5  0.19750416004722535  
  12503.5  0.1975120612929589   
  12504.5  0.19751995205432113  
  12505.5  0.19752785266836387  
  12506.5  0.19753575296641462  
  12507.5  0.19754364278142733  
  12508.5  0.19755154244801457  
  12509.5  0.19755944179872356  
  12510.5  0.19756734083359218  
  12511.5  0.19757522938719965  
  12512.5  0.1975831277909075   
  12513.5  0.1975910258788886   
  12514.5  0.19759892365118076  
  12515.5  0.1976068109439878   
  12516.5  0.1976147080854218   
  12517.5  0.19762260491128036  
  12518.5  0.1976304912589851   
  12519.5  0.19763838745421225  
  12520.5  0.19764628333397738  
  12521.5  0.19765417889831827  
  12522.5  0.1976620639862798   
  12523.5  0.19766995892029143  
  12524.5  0.1976778535389922   
  12525.5  0.19768573768264372  
  12526.5  0.19769363167124165  
  12527.5  0.19770152534464194  
  12528.5  0.19770941870288233  
  12529.5  0.1977173015878464   
  12530.5  0.1977251943162857   
  12531.5  0.19773308672967832  
  12532.5  0.19774097882806188  
  12533.5  0.1977488604549412   
  12534.5  0.1977567519238252   
  12535.5  0.19776464307781325  
  12536.5  0.1977725237616253   
  12537.5  0.19778041428633975  
  12538.5  0.19778830449627127  
  12539.5  0.1977961943914575   
  12540.5  0.1978040738182382   
  12541.5  0.19781196308445192  
  12542.5  0.1978198520360333   
  12543.5  0.19782773052053618  
  12544.5  0.19783561884337061  
  12545.5  0.19784350685168556  
  12546.5  0.19785139454551867  
  12547.5  0.19785927177404214  
  12548.5  0.19786715883942896  
  12549.5  0.19787504559044664  
  12550.5  0.19788293202713284  
  12551.5  0.19789080800027742  
  12552.5  0.19789869380881772  
  12553.5  0.19790657930313918  
  12554.5  0.19791445433524432  
  12555.5  0.19792233920164504  
  12556.5  0.19793022375393954  
  12557.5  0.19793810799216535  
  12558.5  0.1979459817699412   
  12559.5  0.19795386538054624  
  12560.5  0.1979617486771951   
  12561.5  0.1979696215147181   
  12562.5  0.19797750418397106  
  12563.5  0.19798538653938025  
  12564.5  0.1979932685809832   
  12565.5  0.19800114016522513  
  12566.5  0.19800902157973171  
  12567.5  0.19801690268054442  
  12568.5  0.19802478346770067  
  12569.5  0.19803265379925986  
  12570.5  0.1980405339596191   
  12571.5  0.19804841380643415  
  12572.5  0.19805628319897445  
  12573.5  0.19806416241921682  
  12574.5  0.1980720413260272   
  12575.5  0.19807991991944304  
  12576.5  0.1980877880603465   
  12577.5  0.19809566602748857  
  12578.5  0.19810354368134814  
  12579.5  0.19811142102196266  
  12580.5  0.19811928791182634  
  12581.5  0.19812716462646576  
  12582.5  0.19813504102797214  
  12583.5  0.19814290698004808  
  12584.5  0.19815078275580322  
  12585.5  0.19815865821853723  
  12586.5  0.19816653336828746  
  12587.5  0.1981743980703672   
  12588.5  0.1981822725946645   
  12589.5  0.19819014680608985  
  12590.5  0.19819801057116396  
  12591.5  0.19820588415735985  
  12592.5  0.19821375743079564  
  12593.5  0.19822163039150853  
  12594.5  0.19822949290762867  
  12595.5  0.19823736524341     
  12596.5  0.19824523726658017  
  12597.5  0.19825310897717646  
  12598.5  0.1982609702449375   
  12599.5  0.1982688413308998   
  12600.5  0.19827671210439984  
  12601.5  0.19828457243638206  
  12602.5  0.19829244258547116  
  12603.5  0.19830031242220955  
  12604.5  0.19830818194663438  
  12605.5  0.19831604103129738  
  12606.5  0.1983239099316085   
  12607.5  0.19833177851971756  
  12608.5  0.19833963666938104  
  12609.5  0.1983475046335991   
  12610.5  0.19835537228572647  
  12611.5  0.19836323962580032  
  12612.5  0.19837109652918303  
  12613.5  0.1983789632456627   
  12614.5  0.19838682965020016  
  12615.5  0.19839469574283247  
  12616.5  0.19840255140052723  
  12617.5  0.19841041686986188  
  12618.5  0.1984182820274027   
  12619.5  0.19842613675132037  
  12620.5  0.19843400128578578  
  12621.5  0.19844186550856846  
  12622.5  0.19844972941970543  
  12623.5  0.19845758289897134  
  12624.5  0.1984654461873291   
  12625.5  0.1984733091641522   
  12626.5  0.19848116171041755  
  12627.5  0.19848902406468338  
  12628.5  0.19849688610752564  
  12629.5  0.19850474783898125  
  12630.5  0.19851259914162958  
  12631.5  0.19852046025082365  
  12632.5  0.19852832104874202  
  12633.5  0.1985361815354217   
  12634.5  0.19854403159504366  
  12635.5  0.1985518914597573   
  12636.5  0.19855975101334303  
  12637.5  0.19856760014118252  
  12638.5  0.19857545907302365  
  12639.5  0.19858331769384763  
  12640.5  0.19859117600369147  
  12641.5  0.19859902388953712  
  12642.5  0.1986068815779314   
  12643.5  0.1986147389554562   
  12644.5  0.19862259602214838  
  12645.5  0.19863044266658955  
  12646.5  0.19863829911212705  
  12647.5  0.19864615524694254  
  12648.5  0.19865400096081673  
  12649.5  0.19866185647469853  
  12650.5  0.1986697116779688   
  12651.5  0.1986775665706644   
  12652.5  0.19868541104416437  
  12653.5  0.19869326531622075  
  12654.5  0.1987011192778129   
  12655.5  0.19870896282151798  
  12656.5  0.19871681616269155  
  12657.5  0.19872466919351126  
  12658.5  0.1987325219140139   
  12659.5  0.1987403642183736   
  12660.5  0.19874821631875172  
  12661.5  0.19875606810892307  
  12662.5  0.1987639195889244   
  12663.5  0.19877176065452604  
  12664.5  0.19877961151469664  
  12665.5  0.19878746206480744  
  12666.5  0.19879530220182526  
  12667.5  0.19880315213232552  
  12668.5  0.19881100175287608  
  12669.5  0.19881885106351366  
  12670.5  0.19882668996280006  
  12671.5  0.19883453865412054  
  12672.5  0.19884238703563806  
  12673.5  0.19885022500711     
  12674.5  0.19885807276953027  
  12675.5  0.19886592022225763  
  12676.5  0.19887376736532866  
  12677.5  0.1988816041000943   
  12678.5  0.19888945062436114  
  12679.5  0.19889729683908156  
  12680.5  0.1989051427442922   
  12681.5  0.19891297824293674  
  12682.5  0.19892082352963597  
  12683.5  0.1989286685069352   
  12684.5  0.19893650307897212  
  12685.5  0.19894434743797929  
  12686.5  0.19895219148769624  
  12687.5  0.19896003522815955  
  12688.5  0.1989678685650984   
  12689.5  0.198975711687562    
  12690.5  0.19898355450088168  
  12691.5  0.19899138691197948  
  12692.5  0.19899922910751855  
  12693.5  0.1990070709940232   
  12694.5  0.19901491257153     
  12695.5  0.19902274374855128  
  12696.5  0.19903058470856946  
  12697.5  0.1990384253596993   
  12698.5  0.19904626570197723  
  12699.5  0.1990540956455051   
  12700.5  0.19906193537058617  
  12701.5  0.1990697747869248   
  12702.5  0.19907760380581424  
  12703.5  0.1990854426051746   
  12704.5  0.1990932810959019   
  12705.5  0.19910111927803256  
  12706.5  0.19910894706444793  
  12707.5  0.19911678462989166  
  12708.5  0.199124621886848    
  12709.5  0.19913244874938885  
  12710.5  0.19914028538987663  
  12711.5  0.19914812172198623  
  12712.5  0.19915595774575406  
  12713.5  0.19916378337683877  
  12714.5  0.19917161878442896  
  12715.5  0.19917945388378652  
  12716.5  0.19918728867494775  
  12717.5  0.19919511307515742  
  12718.5  0.19920294725043172  
  12719.5  0.19921078111761878  
  12720.5  0.1992186045951522   
  12721.5  0.19922643784667016  
  12722.5  0.19923427079020986  
  12723.5  0.1992421034258076   
  12724.5  0.1992499256734817   
  12725.5  0.19925775769370066  
  12726.5  0.19926558940608652  
  12727.5  0.1992734208106756   
  12728.5  0.19928124182907023  
  12729.5  0.1992890726185706   
  12730.5  0.19929690310038298  
  12731.5  0.1993047231972971   
  12732.5  0.19931255306423817  
  12733.5  0.19932038262359994  
  12734.5  0.19932821187541874  
  12735.5  0.19933603074406697  
  12736.5  0.19934385938130408  
  12737.5  0.19935168771110687  
  12738.5  0.1993595056590341   
  12739.5  0.19936733337447235  
  12740.5  0.19937516078258477  
  12741.5  0.1993829878834076   
  12742.5  0.1993908046040811   
  12743.5  0.19939863109082864  
  12744.5  0.1994064572703951   
  12745.5  0.19941428314281665  
  12746.5  0.19942209863681415  
  12747.5  0.19942992389544947  
  12748.5  0.19943774884704826  
  12749.5  0.1994455634215163   
  12750.5  0.1994533877595455   
  12751.5  0.19946121179064652  
  12752.5  0.19946903551485548  
  12753.5  0.19947684886365752  
  12754.5  0.19948467197458555  
  12755.5  0.1994924947787298   
  12756.5  0.19950030720875922  
  12757.5  0.19950812939983886  
  12758.5  0.1995159512842429   
  12759.5  0.1995237728620074   
  12760.5  0.19953158406737942  
  12761.5  0.19953940503236756  
  12762.5  0.1995472256908243   
  12763.5  0.19955504604278568  
  12764.5  0.19956285602407597  
  12765.5  0.19957067576354903  
  12766.5  0.19957849519663473  
  12767.5  0.1995863042603398   
  12768.5  0.19959412308115304  
  12769.5  0.1996019415956869   
  12770.5  0.19960975980397735  
  12771.5  0.19961756764460717  
  12772.5  0.19962538524091283  
  12773.5  0.19963320253108296  
  12774.5  0.1996410094548817   
  12775.5  0.1996488261332826   
  12776.5  0.1996566425056558   
  12777.5  0.19966445857203724  
  12778.5  0.19967226427376575  
  12779.5  0.1996800797286652   
  12780.5  0.19968789487768063  
  12781.5  0.19969570972084794  
  12782.5  0.19970351420107993  
  12783.5  0.19971132843305228  
  12784.5  0.19971914235928417  
  12785.5  0.19972694592386825  
  12786.5  0.19973475923912024  
  12787.5  0.19974257224873934  
  12788.5  0.19975038495276148  
  12789.5  0.19975818729685194  
  12790.5  0.1997659993901808   
  12791.5  0.19977381117802015  
  12792.5  0.19978162266040583  
  12793.5  0.19978942378457515  
  12794.5  0.19979723465655397  
  12795.5  0.1998050452231866   
  12796.5  0.19981284543288855  
  12797.5  0.19982065538932894  
  12798.5  0.1998284650405304   
  12799.5  0.19983627438652876  
  12800.5  0.19984407337731033  
  12801.5  0.19985188211340252  
  12802.5  0.19985969054439884  
  12803.5  0.199867488621463    
  12804.5  0.1998752964427675   
  12805.5  0.19988310395908335  
  12806.5  0.1998909111704463   
  12807.5  0.19989870802958942  
  12808.5  0.19990651463154613  
  12809.5  0.1999143209286571   
  12810.5  0.199922126920958    
  12811.5  0.19992992256275052  
  12812.5  0.1999377279459306   
  12813.5  0.19994553302440762  
  12814.5  0.1999533277536592   
  12815.5  0.19996113222322934  
  12816.5  0.1999689363882034   
  12817.5  0.19997674024861709  
  12818.5  0.19998453376151532  
  12819.5  0.19999233701330704  
  12820.5  0.20000013996064533  
  12821.5  0.20000793256174992  
  12822.5  0.20001573490067984  
  12823.5  0.20002353693526312  
  12824.5  0.20003133866553538  
  12825.5  0.20003913005128246  
  12826.5  0.20004693117343095  
  12827.5  0.2000547319913752   
  12828.5  0.20006253250515074  
  12829.5  0.20007032267610875  
  12830.5  0.20007812258204496  
  12831.5  0.20008592218391916  
  12832.5  0.20009371144425586  
  12833.5  0.20010151043850383  
  12834.5  0.2001093091287964   
  12835.5  0.20011710751516906  
  12836.5  0.20012489556171043  
  12837.5  0.2001326933407409   
  12838.5  0.20014049081595803  
  12839.5  0.20014827795262283  
  12840.5  0.2001560748207106   
  12841.5  0.20016387138509145  
  12842.5  0.20017166764580088  
  12843.5  0.20017945356966269  
  12844.5  0.20018724922352643  
  12845.5  0.2001950445738251   
  12846.5  0.20020283962059418  
  12847.5  0.20021062433221953  
  12848.5  0.2002184187724263   
  12849.5  0.20022621290920975  
  12850.5  0.20023399671212672  
  12851.5  0.2002417902425603   
  12852.5  0.20024958346967678  
  12853.5  0.20025737639351163  
  12854.5  0.20026515898518235  
  12855.5  0.2002729513029503   
  12856.5  0.20028074331754273  
  12857.5  0.20028852500124716  
  12858.5  0.20029631640998483  
  12859.5  0.20030410751565303  
  12860.5  0.2003118983182872   
  12861.5  0.2003196787917343   
  12862.5  0.2003274689887963   
  12863.5  0.20033525888293022  
  12864.5  0.20034304847417145  
  12865.5  0.2003508277379257   
  12866.5  0.2003586167238772   
  12867.5  0.20036640540704187  
  12868.5  0.200374183763994    
  12869.5  0.2003819718420806   
  12870.5  0.2003897596174862   
  12871.5  0.2003975470902462   
  12872.5  0.20040532423849228  
  12873.5  0.20041311110645618  
  12874.5  0.20042089767188023  
  12875.5  0.20042868393479968  
  12876.5  0.20043645987490302  
  12877.5  0.2004442455333082   
  12878.5  0.20045203088931446  
  12879.5  0.2004598059237773   
  12880.5  0.2004675906754805   
  12881.5  0.20047537512489041  
  12882.5  0.20048315927204227  
  12883.5  0.20049093309934704  
  12884.5  0.20049871664247723  
  12885.5  0.20050649988345495  
  12886.5  0.20051427280585712  
  12887.5  0.2005220554430241   
  12888.5  0.20052983777814404  
  12889.5  0.20053761981125212  
  12890.5  0.20054539152747958  
  12891.5  0.200553172957058    
  12892.5  0.20056095408472996  
  12893.5  0.20056873491053057  
  12894.5  0.20057650542114466  
  12895.5  0.20058428564369643  
  12896.5  0.20059206556448225  
  12897.5  0.2005998351713513   
  12898.5  0.20060761448909872  
  12899.5  0.2006153935051854   
  12900.5  0.20062317221964646  
  12901.5  0.2006309406218834   
  12902.5  0.2006387187335865   
  12903.5  0.20064649654376918  
  12904.5  0.2006542640429965   
  12905.5  0.20066204125063136  
  12906.5  0.20066981815685092  
  12907.5  0.20067759476169023  
  12908.5  0.20068536105726528  
  12909.5  0.20069313705983688  
  12910.5  0.20070091276113322  
  12911.5  0.2007086881611893   
  12912.5  0.20071645325367157  
  12913.5  0.2007242280517398   
  12914.5  0.20073200254867282  
  12915.5  0.200739766739299    
  12916.5  0.20074754063445385  
  12917.5  0.2007553142285784   
  12918.5  0.2007630875217075   
  12919.5  0.20077085051021862  
  12920.5  0.20077862320184908  
  12921.5  0.20078639559258898  
  12922.5  0.20079415767997685  
  12923.5  0.20080192946942751  
  12924.5  0.20080970095809236  
  12925.5  0.20081747214600632  
  12926.5  0.20082523303225566  
  12927.5  0.20083300361915948  
  12928.5  0.2008407739054171   
  12929.5  0.20084854389106332  
  12930.5  0.20085630357673165  
  12931.5  0.20086407296164666  
  12932.5  0.20087184204605496  
  12933.5  0.20087960083174955  
  12934.5  0.20088736931563558  
  12935.5  0.20089513749911944  
  12936.5  0.2009029053822359   
  12937.5  0.20091066296832383  
  12938.5  0.20091843025119657  
  12939.5  0.20092619723380642  
  12940.5  0.2009339639161882   
  12941.5  0.20094172030322574  
  12942.5  0.20094948638564206  
  12943.5  0.2009572521679346   
  12944.5  0.20096500765614556  
  12945.5  0.20097277283868126  
  12946.5  0.2009805377211976   
  12947.5  0.20098830230372924  
  12948.5  0.20099605659386213  
  12949.5  0.20100382057691485  
  12950.5  0.20101158426008714  
  12951.5  0.20101933765212213  
  12952.5  0.2010271007360237   
  12953.5  0.20103486352014907  
  12954.5  0.2010426260045329   
  12955.5  0.20105037819946092  
  12956.5  0.2010581400848516   
  12957.5  0.20106590167060487  
  12958.5  0.2010736629567554   
  12959.5  0.20108141395513074  
  12960.5  0.20108917464256545  
  12961.5  0.20109693503050147  
  12962.5  0.20110468513192203  
  12963.5  0.20111244492135003  
  12964.5  0.20112020441138323  
  12965.5  0.20112796360205637  
  12966.5  0.20113571250789325  
  12967.5  0.2011434711003353   
  12968.5  0.20115122939352115  
  12969.5  0.20115897740312946  
  12970.5  0.20116673509829172  
  12971.5  0.2011744924943016   
  12972.5  0.20118224959119366  
  12973.5  0.20118999640618598  
  12974.5  0.2011977529053311   
  12975.5  0.20120550910546212  
  12976.5  0.20121326500661363  
  12977.5  0.20122101062754236  
  12978.5  0.20122876593122327  
  12979.5  0.20123652093602837  
  12980.5  0.20124426566186765  
  12981.5  0.20125202006940923  
  12982.5  0.20125977417817859  
  12983.5  0.20126752798821018  
  12984.5  0.20127527152095148  
  12985.5  0.2012830247339956   
  12986.5  0.2012907776484055   
  12987.5  0.20129852028678105  
  12988.5  0.20130627260441025  
  12989.5  0.2013140246235087   
  12990.5  0.2013217763441109   
  12991.5  0.2013295177903528   
  12992.5  0.20133726891444992  
  12993.5  0.20134501974015412  
  12994.5  0.2013527702674999   
  12995.5  0.20136051052215864  
  12996.5  0.20136826045327477  
  12997.5  0.20137601008613573  
  12998.5  0.20138374944756396  
  12999.5  0.20139149848440166  
  13000.5  0.20139924722308744  
  13001.5  0.2014069956636557   
  13002.5  0.20141473383446307  
  13003.5  0.20142248167928312  
  13004.5  0.2014302292260888   
  13005.5  0.20143796650438678  
  13006.5  0.20144571345565035  
  13007.5  0.20145346010900264  
  13008.5  0.2014612064644781   
  13009.5  0.20146894255311623  
  13010.5  0.20147668831332416  
  13011.5  0.20148443377575825  
  13012.5  0.2014921789404528   
  13013.5  0.20149991383997967  
  13014.5  0.20150765840968118  
  13015.5  0.20151540268174611  
  13016.5  0.2015231366898949   
  13017.5  0.20153088036717254  
  13018.5  0.20153862374691642  
  13019.5  0.20154636682916088  
  13020.5  0.20155409964915738  
  13021.5  0.20156184213688857  
  13022.5  0.20156958432722316  
  13023.5  0.20157732622019536  
  13024.5  0.20158505785258699  
  13025.5  0.20159279915131986  
  13026.5  0.20160054015279302  
  13027.5  0.2016082708949355   
  13028.5  0.20161601130237458  
  13029.5  0.20162375141265665  
  13030.5  0.20163149122581597  
  13031.5  0.2016392207813105   
  13032.5  0.20164696000070922  
  13033.5  0.2016546989230877   
  13034.5  0.20166242758905023  
  13035.5  0.20167016591787312  
  13036.5  0.2016779039497783   
  13037.5  0.20168564168480002  
  13038.5  0.20169336916507025  
  13039.5  0.20170110630680946  
  13040.5  0.20170884315176763  
  13041.5  0.20171657969997886  
  13042.5  0.20172430599510238  
  13043.5  0.20173204195030406  
  13044.5  0.2017397776088612   
  13045.5  0.20174750301557773  
  13046.5  0.20175523808132986  
  13047.5  0.2017629728505397   
  13048.5  0.20177070732324145  
  13049.5  0.2017784315457649   
  13050.5  0.20178616542593417  
  13051.5  0.20179389900969755  
  13052.5  0.2018016223445287   
  13053.5  0.20180935533596384  
  13054.5  0.20181708803109527  
  13055.5  0.201824820429957    
  13056.5  0.20183254258154745  
  13057.5  0.20184027438835322  
  13058.5  0.20184800589899135  
  13059.5  0.20185573711349591  
  13060.5  0.20186345808238934  
  13061.5  0.20187118870510992  
  13062.5  0.20187891903179894  
  13063.5  0.2018866391141212   
  13064.5  0.20189436884923004  
  13065.5  0.20190209828840927  
  13066.5  0.20190982743169292  
  13067.5  0.20191754633226852  
  13068.5  0.20192527488424356  
  13069.5  0.20193300314042492  
  13070.5  0.20194072115514158  
  13071.5  0.20194844882021792  
  13072.5  0.20195617618960235  
  13073.5  0.20196390326332886  
  13074.5  0.2019716200972479   
  13075.5  0.20197934658014063  
  13076.5  0.20198707276747715  
  13077.5  0.20199479865929132  
  13078.5  0.20200251431295455  
  13079.5  0.20201023961420608  
  13080.5  0.2020179646200369   
  13081.5  0.20202567938895852  
  13082.5  0.20203340380442983  
  13083.5  0.20204112792458206  
  13084.5  0.20204885174944914  
  13085.5  0.20205656533906205  
  13086.5  0.20206428857384026  
  13087.5  0.2020720115134348   
  13088.5  0.2020797341578795   
  13089.5  0.2020874465687244   
  13090.5  0.20209516862335075  
  13091.5  0.20210289038292875  
  13092.5  0.20211060191014693  
  13093.5  0.20211832308010924  
  13094.5  0.2021260439551246   
  13095.5  0.20213376453522675  
  13096.5  0.20214147488462203  
  13097.5  0.20214919487537863  
  13098.5  0.2021569145713234   
  13099.5  0.20216462403780025  
  13100.5  0.2021723431446019   
  13101.5  0.20218006195669294  
  13102.5  0.20218778047410713  
  13103.5  0.20219548876370488  
  13104.5  0.20220320669224573  
  13105.5  0.20221092432621088  
  13106.5  0.20221864166563405  
  13107.5  0.20222634877889156  
  13108.5  0.20223406552971096  
  13109.5  0.20224178198608952  
  13110.5  0.2022494882175397   
  13111.5  0.20225720408551653  
  13112.5  0.20226491965915347  
  13113.5  0.20227263493848432  
  13114.5  0.20228033999453612  
  13115.5  0.2022880546857344   
  13116.5  0.20229576908272748  
  13117.5  0.20230347325767786  
  13118.5  0.20231118706674012  
  13119.5  0.2023189005816981   
  13120.5  0.20232661380258551  
  13121.5  0.2023343168030781   
  13122.5  0.20234202943630347  
  13123.5  0.2023497417755591   
  13124.5  0.2023574538208785   
  13125.5  0.20236515564745022  
  13126.5  0.20237286710537628  
  13127.5  0.20238057826946693  
  13128.5  0.20238827921604452  
  13129.5  0.2023959897929431   
  13130.5  0.202403700076107    
  13131.5  0.20241141006556967  
  13132.5  0.20241910983916508  
  13133.5  0.20242681924170405  
  13134.5  0.20243452835064243  
  13135.5  0.2024422272449472   
  13136.5  0.2024499357671629   
  13137.5  0.2024576439958786   
  13138.5  0.20246535193112783  
  13139.5  0.20247304965338778  
  13140.5  0.2024807570021822   
  13141.5  0.20248846405761067  
  13142.5  0.2024961708197067   
  13143.5  0.20250386737045692  
  13144.5  0.20251157354636587  
  13145.5  0.2025192794290427   
  13146.5  0.20252697510160578  
  13147.5  0.20253468039829622  
  13148.5  0.2025423854018549   
  13149.5  0.20255009011231534  
  13150.5  0.20255778461430418  
  13151.5  0.2025654887390455   
  13152.5  0.20257319257078887  
  13153.5  0.2025808861952916   
  13154.5  0.20258858944151623  
  13155.5  0.2025962923948431   
  13156.5  0.2026039950553056   
  13157.5  0.20261168751016828  
  13158.5  0.20261938958537906  
  13159.5  0.2026270913678256   
  13160.5  0.20263479285754135  
  13161.5  0.20264248414329722  
  13162.5  0.20265018504802804  
  13163.5  0.20265788566012805  
  13164.5  0.2026655760694976   
  13165.5  0.20267327609681263  
  13166.5  0.20268097583159694  
  13167.5  0.20268867527388382  
  13168.5  0.2026963645150788   
  13169.5  0.20270406337284716  
  13170.5  0.202711761938218    
  13171.5  0.20271946021122467  
  13172.5  0.2027271482847773   
  13173.5  0.2027348459735317   
  13174.5  0.20274254337002176  
  13175.5  0.2027502305682855   
  13176.5  0.20275792738072282  
  13177.5  0.20276562390099562  
  13178.5  0.20277332012913718  
  13179.5  0.20278100616068884  
  13180.5  0.20278870180504352  
  13181.5  0.20279639715736666  
  13182.5  0.20280408231432662  
  13183.5  0.20281177708306217  
  13184.5  0.20281947155986588  
  13185.5  0.20282716574477094  
  13186.5  0.20283484973594787  
  13187.5  0.20284254333753088  
  13188.5  0.2028502366473148   
  13189.5  0.20285792966533292  
  13190.5  0.20286561249125723  
  13191.5  0.2028733049262186   
  13192.5  0.20288099706951365  
  13193.5  0.20288867902194     
  13194.5  0.20289637058237717  
  13195.5  0.20290406185124749  
  13196.5  0.20291175282858406  
  13197.5  0.20291943361668488  
  13198.5  0.20292712401142857  
  13199.5  0.20293481411473796  
  13200.5  0.20294249403003556  
  13201.5  0.20295018355095065  
  13202.5  0.20295787278053073  
  13203.5  0.20296556171880892  
  13204.5  0.20297324047070692  
  13205.5  0.20298092882685542  
  13206.5  0.2029886168918013   
  13207.5  0.20299630466557764  
  13208.5  0.20300398225460453  
  13209.5  0.20301166944651564  
  13210.5  0.20301935634735635  
  13211.5  0.2030270330646701   
  13212.5  0.20303471938384376  
  13213.5  0.20304240541204618  
  13214.5  0.20305009114931039  
  13215.5  0.203057766704677    
  13216.5  0.20306545186053823  
  13217.5  0.2030731367255603   
  13218.5  0.2030808114099062   
  13219.5  0.20308849569372317  
  13220.5  0.2030961796868      
  13221.5  0.20310386338916964  
  13222.5  0.2031115369124912   
  13223.5  0.2031192200339195   
  13224.5  0.20312690286473956  
  13225.5  0.20313458540498433  
  13226.5  0.20314225776780825  
  13227.5  0.20314993972737522  
  13228.5  0.20315762139646576  
  13229.5  0.20316529288935525  
  13230.5  0.2031729739779655   
  13231.5  0.20318065477619807  
  13232.5  0.20318833528408592  
  13233.5  0.2031960056173986   
  13234.5  0.20320368554506935  
  13235.5  0.20321136518249405  
  13236.5  0.20321903464656244  
  13237.5  0.20322671370396728  
  13238.5  0.20323439247122474  
  13239.5  0.20324207094836774  
  13240.5  0.20324973925377893  
  13241.5  0.2032574171511649   
  13242.5  0.20326509475853496  
  13243.5  0.203272772075922    
  13244.5  0.203280439223201    
  13245.5  0.2032881159610936   
  13246.5  0.20329579240910173  
  13247.5  0.20330345868821897  
  13248.5  0.2033111345569295   
  13249.5  0.20331881013585396  
  13250.5  0.20332648542502516  
  13251.5  0.2033341505469279   
  13252.5  0.20334182525706382  
  13253.5  0.20334949967754487  
  13254.5  0.20335717380840382  
  13255.5  0.20336483777361594  
  13256.5  0.2033725113257017   
  13257.5  0.20338018458826368  
  13258.5  0.20338784768639442  
  13259.5  0.20339552037037964  
  13260.5  0.2034031927649393   
  13261.5  0.20341086487010618  
  13262.5  0.2034185268124621   
  13263.5  0.20342619833931394  
  13264.5  0.2034338695768712   
  13265.5  0.20344153065283208  
  13266.5  0.20344920131227048  
  13267.5  0.20345687168251234  
  13268.5  0.2034645417635904   
  13269.5  0.20347220168469107  
  13270.5  0.2034798711879117   
  13271.5  0.20348754040206657  
  13272.5  0.20349520932718837  
  13273.5  0.20350286809395093  
  13274.5  0.20351053644147646  
  13275.5  0.2035182045000669   
  13276.5  0.20352586240151113  
  13277.5  0.2035335298827011   
  13278.5  0.20354119707505386  
  13279.5  0.20354886397860206  
  13280.5  0.20355652072662087  
  13281.5  0.20356418705302945  
  13282.5  0.2035718530907313   
  13283.5  0.20357950897411572  
  13284.5  0.2035871744348735   
  13285.5  0.20359483960702232  
  13286.5  0.2036025044905948   
  13287.5  0.20361015922146533  
  13288.5  0.2036178235283542   
  13289.5  0.2036254875467645   
  13290.5  0.20363315127672868  
  13291.5  0.20364080485560562  
  13292.5  0.20364846800914654  
  13293.5  0.20365613087433904  
  13294.5  0.20366378358965467  
  13295.5  0.20367144587861902  
  13296.5  0.2036791078793325   
  13297.5  0.2036867695918277   
  13298.5  0.20369442115605937  
  13299.5  0.20370208229258635  
  13300.5  0.20370974314099252  
  13301.5  0.20371739384234458  
  13302.5  0.20372505411497738  
  13303.5  0.20373271409958685  
  13304.5  0.2037403737962055   
  13305.5  0.20374802334738198  
  13306.5  0.20375568246848688  
  13307.5  0.2037633413016983   
  13308.5  0.20377099984704872  
  13309.5  0.20377864824856826  
  13310.5  0.20378630621866434  
  13311.5  0.20379396390099677  
  13312.5  0.20380161144070613  
  13313.5  0.20380926854797868  
  13314.5  0.20381692536758478  
  13315.5  0.20382458189955685  
  13316.5  0.20383222829051575  
  13317.5  0.2038398842476871   
  13318.5  0.20384753991732157  
  13319.5  0.20385519529945156  
  13320.5  0.20386284054217757  
  13321.5  0.20387049534976576  
  13322.5  0.20387814986994657  
  13323.5  0.2038857942519296   
  13324.5  0.20389344819776262  
  13325.5  0.20390110185628535  
  13326.5  0.20390875522753008  
  13327.5  0.20391639846218487  
  13328.5  0.2039240512593404   
  13329.5  0.20393170376931496  
  13330.5  0.2039393461439048   
  13331.5  0.20394699807998387  
  13332.5  0.20395464972897892  
  13333.5  0.20396230109092223  
  13334.5  0.20396994231908727  
  13335.5  0.20397759310739336  
  13336.5  0.20398524360874457  
  13337.5  0.20399289382317315  
  13338.5  0.20400053390542922  
  13339.5  0.20400818354647862  
  13340.5  0.20401583290070224  
  13341.5  0.2040234721239569   
  13342.5  0.2040311209049947   
  13343.5  0.20403876939930338  
  13344.5  0.20404641760691522  
  13345.5  0.20405405568516255  
  13346.5  0.20406170331984624  
  13347.5  0.20406935066792975  
  13348.5  0.20407698788785142  
  13349.5  0.20408463466319998  
  13350.5  0.2040922811520449   
  13351.5  0.2040999273544184   
  13352.5  0.20410756343023317  
  13353.5  0.20411520906012903  
  13354.5  0.20412285440365008  
  13355.5  0.20413049946082837  
  13356.5  0.20413813439305023  
  13357.5  0.20414577887800808  
  13358.5  0.20415342307671971  
  13359.5  0.20416105715167593  
  13360.5  0.2041687007783598   
  13361.5  0.20417634411889382  
  13362.5  0.20418398717331018  
  13363.5  0.2041916201055721   
  13364.5  0.20419926258821752  
  13365.5  0.20420690478484155  
  13366.5  0.20421453686051128  
  13367.5  0.20422217848555688  
  13368.5  0.20422981982467742  
  13369.5  0.20423746087790487  
  13370.5  0.2042450918117777   
  13371.5  0.20425273229368326  
  13372.5  0.204260372489792    
  13373.5  0.204268012400136    
  13374.5  0.2042756421927242   
  13375.5  0.20428328153200256  
  13376.5  0.20429092058561232  
  13377.5  0.20429854952266485  
  13378.5  0.20430618800540104  
  13379.5  0.2043138262025647   
  13380.5  0.20432146411418786  
  13381.5  0.2043290919108513   
  13382.5  0.20433672925185686  
  13383.5  0.20434436630741792  
  13384.5  0.20435199324921688  
  13385.5  0.20435962973435215  
  13386.5  0.2043672659341389   
  13387.5  0.20437490184860907  
  13388.5  0.20438252765091336  
  13389.5  0.2043901629952134   
  13390.5  0.20439779805429273  
  13391.5  0.20440543282818333  
  13392.5  0.2044130574915036   
  13393.5  0.2044206916954795   
  13394.5  0.2044283256143625   
  13395.5  0.20443594942387114  
  13396.5  0.2044435827730309   
  13397.5  0.20445121583719347  
  13398.5  0.20445884861639077  
  13399.5  0.20446647128780793  
  13400.5  0.2044741034975371   
  13401.5  0.20448173542239673  
  13402.5  0.20448936706241866  
  13403.5  0.20449698859625381  
  13404.5  0.20450461966706254  
  13405.5  0.2045122504531292   
  13406.5  0.20451987113420353  
  13407.5  0.204527501351248    
  13408.5  0.20453513128364595  
  13409.5  0.20454276093142926  
  13410.5  0.20455038047581237  
  13411.5  0.20455800955482809  
  13412.5  0.20456563834932462  
  13413.5  0.20457325704161444  
  13414.5  0.2045808852675342   
  13415.5  0.20458851320903018  
  13416.5  0.20459614086613429  
  13417.5  0.20460375842262243  
  13418.5  0.20461138551140395  
  13419.5  0.20461901231588894  
  13420.5  0.20462663883610915  
  13421.5  0.20463425525730347  
  13422.5  0.2046418812094552   
  13423.5  0.2046495068774374   
  13424.5  0.2046571224475857   
  13425.5  0.20466474754768985  
  13426.5  0.20467237236371974  
  13427.5  0.20467999689570712  
  13428.5  0.20468761133144933  
  13429.5  0.2046952352958124   
  13430.5  0.2047028589762281   
  13431.5  0.20471047256158956  
  13432.5  0.2047180956745711   
  13433.5  0.20472571850370042  
  13434.5  0.2047333410490092   
  13435.5  0.20474095350085117  
  13436.5  0.20474857547897918  
  13437.5  0.2047561971733817   
  13438.5  0.20476381858409046  
  13439.5  0.20477142990291902  
  13440.5  0.2047790507467002   
  13441.5  0.20478667130688255  
  13442.5  0.20479428177637415  
  13443.5  0.2048019017698187   
  13444.5  0.20480952147975934  
  13445.5  0.2048171409062277   
  13446.5  0.2048247502435907   
  13447.5  0.2048323691035742   
  13448.5  0.20483998768018022  
  13449.5  0.20484759616886933  
  13450.5  0.20485521417917998  
  13451.5  0.20486283190620802  
  13452.5  0.20487044934998502  
  13453.5  0.20487805670742915  
  13454.5  0.20488567358516332  
  13455.5  0.20489329017974117  
  13456.5  0.20490090649119433  
  13457.5  0.20490851271789792  
  13458.5  0.2049161284635606   
  13459.5  0.20492374392619322  
  13460.5  0.2049313493052632   
  13461.5  0.20493896420229446  
  13462.5  0.20494657881639025  
  13463.5  0.20495419314758212  
  13464.5  0.20496179739679338  
  13465.5  0.20496941116263595  
  13466.5  0.2049770246456691   
  13467.5  0.2049846378459244   
  13468.5  0.20499224096578036  
  13469.5  0.2049998536009382   
  13470.5  0.2050074659534126   
  13471.5  0.20501506822667306  
  13472.5  0.2050226800142388   
  13473.5  0.20503029151921548  
  13474.5  0.2050379027416346   
  13475.5  0.2050455038864198   
  13476.5  0.2050531145441818   
  13477.5  0.20506072491948055  
  13478.5  0.2050683252183297   
  13479.5  0.20507593502915983  
  13480.5  0.20508354455762098  
  13481.5  0.20509115380374468  
  13482.5  0.20509875297499747  
  13483.5  0.20510636165690369  
  13484.5  0.20511397005656662  
  13485.5  0.20512157817401766  
  13486.5  0.2051291762181758   
  13487.5  0.2051367837716604   
  13488.5  0.20514439104302726  
  13489.5  0.2051519882422841   
  13490.5  0.20515959494987263  
  13491.5  0.20516720137543754  
  13492.5  0.20517480751901018  
  13493.5  0.2051824035920494   
  13494.5  0.2051900091720944   
  13495.5  0.20519761447024118  
  13496.5  0.2052052096990364   
  13497.5  0.20521281443384337  
  13498.5  0.20522041888684608  
  13499.5  0.20522802305807586  
  13500.5  0.20523561716152947  
  13501.5  0.20524322076966983  
  13502.5  0.2052508240961311   
  13503.5  0.20525842714094467  
  13504.5  0.20526602011955675  
  13505.5  0.20527362260153106  
  13506.5  0.2052812248019515   
  13507.5  0.2052888169373508   
  13508.5  0.20529641857511946  
  13509.5  0.20530401993142802  
  13510.5  0.2053116210063077   
  13511.5  0.20531921201773962  
  13512.5  0.20532681253021742  
  13513.5  0.20533441276136005  
  13514.5  0.20534200293023433  
  13515.5  0.20534960259916232  
  13516.5  0.20535720198684884  
  13517.5  0.20536480109332506  
  13518.5  0.20537239013910497  
  13519.5  0.2053799886836161   
  13520.5  0.20538758694701054  
  13521.5  0.2053951849293195   
  13522.5  0.20540277285250347  
  13523.5  0.20541037027309664  
  13524.5  0.20541796741269785  
  13525.5  0.20542555449435201  
  13526.5  0.20543315107242432  
  13527.5  0.20544074736959816  
  13528.5  0.20544834338590465  
  13529.5  0.20545592934583407  
  13530.5  0.2054635248008607   
  13531.5  0.2054711199751134   
  13532.5  0.20547870509416596  
  13533.5  0.20548629970732538  
  13534.5  0.20549389403980423  
  13535.5  0.2055014880916336   
  13536.5  0.2055090720898316   
  13537.5  0.20551666558081644  
  13538.5  0.20552425879124506  
  13539.5  0.20553185172114857  
  13540.5  0.20553943459898877  
  13541.5  0.2055470269682963   
  13542.5  0.2055546190571719   
  13543.5  0.2055622010951596   
  13544.5  0.20556979262362546  
  13545.5  0.20557738387175256  
  13546.5  0.20558497483957197  
  13547.5  0.20559255575807026  
  13548.5  0.2056001461657281   
  13549.5  0.20560773629317133  
  13550.5  0.20561532614043104  
  13551.5  0.20562290593993562  
  13552.5  0.20563049522728175  
  13553.5  0.20563808423453736  
  13554.5  0.20564566319521174  
  13555.5  0.20565325164273965  
  13556.5  0.20566083981026997  
  13557.5  0.20566842769783372  
  13558.5  0.205676005540381    
  13559.5  0.20568359286846477  
  13560.5  0.20569117991667488  
  13561.5  0.20569875692104142  
  13562.5  0.20570634340995717  
  13563.5  0.20571392961909207  
  13564.5  0.2057215155484771   
  13565.5  0.20572909143558205  
  13566.5  0.2057366768059201   
  13567.5  0.20574426189660103  
  13568.5  0.20575184670765578  
  13569.5  0.20575942147799325  
  13570.5  0.20576700573024823  
  13571.5  0.20577458970296975  
  13572.5  0.20578216363614538  
  13573.5  0.20578974705025235  
  13574.5  0.20579733018491853  
  13575.5  0.20580491304017484  
  13576.5  0.20581248585744671  
  13577.5  0.20582006815433532  
  13578.5  0.2058276501719066   
  13579.5  0.20583522215266403  
  13580.5  0.20584280361205268  
  13581.5  0.20585038479221657  
  13582.5  0.2058579656931865   
  13583.5  0.20586553655890277  
  13584.5  0.20587311690193663  
  13585.5  0.20588069696586905  
  13586.5  0.20588827675073088  
  13587.5  0.20589584650189843  
  13588.5  0.20590342572907053  
  13589.5  0.2059110046772644   
  13590.5  0.20591857359293303  
  13591.5  0.2059261519836218   
  13592.5  0.20593373009542473  
  13593.5  0.2059413079283726   
  13594.5  0.20594887573035342  
  13595.5  0.20595645300604226  
  13596.5  0.20596403000296828  
  13597.5  0.20597159697009537  
  13598.5  0.20597917340994681  
  13599.5  0.2059867495711277   
  13600.5  0.2059943254536688   
  13601.5  0.20600189130796784  
  13602.5  0.20600946663368003  
  13603.5  0.20601704168084461  
  13604.5  0.20602461644949227  
  13605.5  0.2060321811914541   
  13606.5  0.20603975540351846  
  13607.5  0.206047329337158    
  13608.5  0.2060548932452783   
  13609.5  0.20606246662251854  
  13610.5  0.20607003972142604  
  13611.5  0.20607761254203144  
  13612.5  0.20608517533867257  
  13613.5  0.20609274760312393  
  13614.5  0.20610031958936523  
  13615.5  0.20610789129742707  
  13616.5  0.20611545298307887  
  13617.5  0.20612302413523176  
  13618.5  0.20613059500929712  
  13619.5  0.2061381558621175   
  13620.5  0.20614572618045754  
  13621.5  0.20615329622080195  
  13622.5  0.20616086598318134  
  13623.5  0.2061684257258687   
  13624.5  0.2061759949327675   
  13625.5  0.20618356386179307  
  13626.5  0.20619112277229076  
  13627.5  0.20619869114601921  
  13628.5  0.20620625924196617  
  13629.5  0.20621382706016222  
  13630.5  0.20622138486138208  
  13631.5  0.20622895212452544  
  13632.5  0.20623651911000956  
  13633.5  0.20624408581786502  
  13634.5  0.2062516425102953   
  13635.5  0.20625920866334232  
  13636.5  0.20626677453885228  
  13637.5  0.2062743304000997   
  13638.5  0.2062818957209843   
  13639.5  0.2062894607644234   
  13640.5  0.20629702553044751  
  13641.5  0.2063045802837588   
  13642.5  0.20631214449540147  
  13643.5  0.20631970842972072  
  13644.5  0.2063272623524888   
  13645.5  0.2063348257326094   
  13646.5  0.2063423888354979   
  13647.5  0.20634995166118492  
  13648.5  0.2063575044768693   
  13649.5  0.20636506674860128  
  13650.5  0.2063726287432231   
  13651.5  0.20638019046076522  
  13652.5  0.20638774216985248  
  13653.5  0.20639530333368308  
  13654.5  0.20640286422052526  
  13655.5  0.2064104151000728   
  13656.5  0.2064179754333859   
  13657.5  0.20642553548980183  
  13658.5  0.20643309526935105  
  13659.5  0.20644064504315215  
  13660.5  0.20644820426941543  
  13661.5  0.2064557632189032   
  13662.5  0.20646331216380212  
  13663.5  0.20647087056018612  
  13664.5  0.20647842867988575  
  13665.5  0.20648598652293138  
  13666.5  0.20649353436293347  
  13667.5  0.2065010916531182   
  13668.5  0.20650864866673999  
  13669.5  0.20651620540382926  
  13670.5  0.20652375213941948  
  13671.5  0.20653130832389047  
  13672.5  0.2065388642319199   
  13673.5  0.20654641013960812  
  13674.5  0.20655396549520116  
  13675.5  0.2065615205744436   
  13676.5  0.2065690753773658   
  13677.5  0.20657662018149003  
  13678.5  0.20658417443221816  
  13679.5  0.20659172840671688  
  13680.5  0.20659927238357462  
  13681.5  0.20660682580606088  
  13682.5  0.20661437895240867  
  13683.5  0.20662193182264815  
  13684.5  0.2066294746967887   
  13685.5  0.20663702701525777  
  13686.5  0.2066445790577094   
  13687.5  0.2066521308241738   
  13688.5  0.20665967259608062  
  13689.5  0.20666722381101643  
  13690.5  0.2066747747500558   
  13691.5  0.20668231569569293  
  13692.5  0.20668986608338497  
  13693.5  0.20669741619527116  
  13694.5  0.20670496603138175  
  13695.5  0.20671250587563023  
  13696.5  0.20672005516063505  
  13697.5  0.20672760416995484  
  13698.5  0.20673515290361982  
  13699.5  0.20674269164696207  
  13700.5  0.20675023982976268  
  13701.5  0.20675778773699896  
  13702.5  0.2067653256550665   
  13703.5  0.20677287301161926  
  13704.5  0.20678042009269826  
  13705.5  0.2067879668983336   
  13706.5  0.20679550371633829  
  13707.5  0.20680304997153118  
  13708.5  0.2068105959513708   
  13709.5  0.20681813194473286  
  13710.5  0.20682567737431073  
  13711.5  0.2068332225286257   
  13712.5  0.20684076740770796  
  13713.5  0.2068483023018495   
  13714.5  0.2068558466309107   
  13715.5  0.20686339068482945  
  13716.5  0.20687093446363586  
  13717.5  0.20687846825903777  
  13718.5  0.20688601148806374  
  13719.5  0.20689355444206758  
  13720.5  0.2069010874138185   
  13721.5  0.20690862981822214  
  13722.5  0.2069161719476939   
  13723.5  0.20692371380226376  
  13724.5  0.20693124567611568  
  13725.5  0.20693878698132567  
  13726.5  0.20694632801172386  
  13727.5  0.20695385906255478  
  13728.5  0.20696139954377318  
  13729.5  0.20696893975026992  
  13730.5  0.20697647968207497  
  13731.5  0.20698400963584646  
  13732.5  0.20699154901871167  
  13733.5  0.2069990881269752   
  13734.5  0.20700662696066707  
  13735.5  0.2070141558178584   
  13736.5  0.20702169410285023  
  13737.5  0.20702923211336033  
  13738.5  0.20703676014851907  
  13739.5  0.20704429761050883  
  13740.5  0.2070518347981067   
  13741.5  0.20705937171134278  
  13742.5  0.20706689865075922  
  13743.5  0.2070744350157144   
  13744.5  0.20708197110639753  
  13745.5  0.20708949722440934  
  13746.5  0.2070970327669911   
  13747.5  0.20710456803539054  
  13748.5  0.20711210302963767  
  13749.5  0.20711962805274403  
  13750.5  0.20712716249912894  
  13751.5  0.2071346966714512   
  13752.5  0.20714223056974074  
  13753.5  0.20714975449841938  
  13754.5  0.20715728784908571  
  13755.5  0.20716482092580896  
  13756.5  0.2071723440340681   
  13757.5  0.20717987656334724  
  13758.5  0.2071874088187729   
  13759.5  0.20719494080037493  
  13760.5  0.20720246281504148  
  13761.5  0.20720999424943815  
  13762.5  0.2072175254101007   
  13763.5  0.20722505629705898  
  13764.5  0.20723257721860971  
  13765.5  0.20724010755860114  
  13766.5  0.2072476376249778   
  13767.5  0.20725515772709224  
  13768.5  0.2072626872466808   
  13769.5  0.20727021649274396  
  13770.5  0.20727774546531155  
  13771.5  0.20728526447514373  
  13772.5  0.20729279290116143  
  13773.5  0.20730032105377297  
  13774.5  0.20730783924479343  
  13775.5  0.20731536685103363  
  13776.5  0.2073228941839569   
  13777.5  0.20733042124359302  
  13778.5  0.2073379383431636   
  13779.5  0.2073454648566663   
  13780.5  0.2073529910969711   
  13781.5  0.20736051706410774  
  13782.5  0.2073680330727036   
  13783.5  0.2073755584939446   
  13784.5  0.20738308364210656  
  13785.5  0.20739059883287078  
  13786.5  0.2073981234353153   
  13787.5  0.20740564776476994  
  13788.5  0.2074131718212644   
  13789.5  0.20742068592188467  
  13790.5  0.20742820943289914  
  13791.5  0.20743573267104248  
  13792.5  0.2074432459544537   
  13793.5  0.207450768647295    
  13794.5  0.2074582910673542   
  13795.5  0.20746581321466095  
  13796.5  0.20747332540875793  
  13797.5  0.20748084701099978  
  13798.5  0.20748836834057816  
  13799.5  0.2074958893975227   
  13800.5  0.2075034005027791   
  13801.5  0.2075109210148957   
  13802.5  0.20751844125446736  
  13803.5  0.20752595154349154  
  13804.5  0.20753347123841287  
  13805.5  0.20754099066087806  
  13806.5  0.20754850981091674  
  13807.5  0.20755601901192838  
  13808.5  0.20756353761755345  
  13809.5  0.20757105595084072  
  13810.5  0.20757856433624072  
  13811.5  0.20758608212529175  
  13812.5  0.20759359964209376  
  13813.5  0.20760111688667632  
  13814.5  0.20760862418489082  
  13815.5  0.20761614088547342  
  13816.5  0.2076236573139253   
  13817.5  0.20763117347027596  
  13818.5  0.20763867968177702  
  13819.5  0.20764619529436398  
  13820.5  0.2076537106349383   
  13821.5  0.20766121603180132  
  13822.5  0.20766873082878895  
  13823.5  0.20767624535385246  
  13824.5  0.20768375960702143  
  13825.5  0.20769126391799644  
  13826.5  0.2076987776278146   
  13827.5  0.2077062910658267   
  13828.5  0.20771379456278222  
  13829.5  0.20772130745762032  
  13830.5  0.20772882008074076  
  13831.5  0.20773633243217304  
  13832.5  0.20774383484406483  
  13833.5  0.20775134665255868  
  13834.5  0.20775885818945278  
  13835.5  0.2077663694547765   
  13836.5  0.20777387078207515  
  13837.5  0.20778138150469594  
  13838.5  0.20778889195583466  
  13839.5  0.2077963924700843   
  13840.5  0.20780390237869656  
  13841.5  0.20781141201591502  
  13842.5  0.20781892138176908  
  13843.5  0.20782642081224828  
  13844.5  0.207833929635811    
  13845.5  0.20784143818809753  
  13846.5  0.2078489464691373   
  13847.5  0.20785644481631568  
  13848.5  0.20786395255529905  
  13849.5  0.2078714600231238   
  13850.5  0.20787895755822167  
  13851.5  0.20788646448416614  
  13852.5  0.20789397113904004  
  13853.5  0.20790147752287272  
  13854.5  0.20790897397549082  
  13855.5  0.20791647981767789  
  13856.5  0.20792398538891177  
  13857.5  0.20793148103006473  
  13858.5  0.20793898605982888  
  13859.5  0.2079464908187278   
  13860.5  0.20795399530679082  
  13861.5  0.20796148986628404  
  13862.5  0.20796899381311168  
  13863.5  0.20797649748919136  
  13864.5  0.20798400089455238  
  13865.5  0.20799149437285394  
  13866.5  0.20799899723721382  
  13867.5  0.2080064998309428   
  13868.5  0.20801399249874464  
  13869.5  0.20802149455164803  
  13870.5  0.20802899633400837  
  13871.5  0.20803649784585493  
  13872.5  0.2080439894332835   
  13873.5  0.20805149040453835  
  13874.5  0.20805899110536716  
  13875.5  0.20806648188290933  
  13876.5  0.2080739820433217   
  13877.5  0.20808148193339573  
  13878.5  0.20808898155316063  
  13879.5  0.20809647125114691  
  13880.5  0.20810397033072903  
  13881.5  0.20811146914008963  
  13882.5  0.20811896767925794  
  13883.5  0.20812645629815493  
  13884.5  0.2081339542973739   
  13885.5  0.20814145202648818  
  13886.5  0.20814893983646096  
  13887.5  0.20815643702580083  
  13888.5  0.20816393394512347  
  13889.5  0.20817143059445803  
  13890.5  0.2081789173261573   
  13891.5  0.20818641343595062  
  13892.5  0.20819390927584336  
  13893.5  0.20820139519922984  
  13894.5  0.20820889049975608  
  13895.5  0.20821638553046912  
  13896.5  0.20822388029139813  
  13897.5  0.2082313651373257   
  13898.5  0.20823885935912106  
  13899.5  0.20824635331121968  
  13900.5  0.20825384699365068  
  13901.5  0.20826133076258457  
  13902.5  0.20826882390611465  
  13903.5  0.20827631678006436  
  13904.5  0.20828379974164457  
  13905.5  0.20829129207686778  
  13906.5  0.20829878414259786  
  13907.5  0.20830627593886392  
  13908.5  0.20831375782426345  
  13909.5  0.2083212490820354   
  13910.5  0.20832874007043042  
  13911.5  0.2083362211490857   
  13912.5  0.20834371159916076  
  13913.5  0.2083512017799461   
  13914.5  0.2083586916914707   
  13915.5  0.2083661716947574   
  13916.5  0.20837366106819416  
  13917.5  0.20838115017245729  
  13918.5  0.20838863900757576  
  13919.5  0.2083961179359575   
  13920.5  0.20840360623322007  
  13921.5  0.208411094261425    
  13922.5  0.2084185723840185   
  13923.5  0.20842605987454135  
  13924.5  0.20843354709609352  
  13925.5  0.20844103404870395  
  13926.5  0.20844851109720294  
  13927.5  0.208455997512363    
  13928.5  0.2084634836586682   
  13929.5  0.20847096953614755  
  13930.5  0.20847844551101471  
  13931.5  0.20848593085127512  
  13932.5  0.2084934159227965   
  13933.5  0.20850089109282957  
  13934.5  0.20850837562730548  
  13935.5  0.20851585989312912  
  13936.5  0.20852334389032942  
  13937.5  0.20853081798753959  
  13938.5  0.20853830144792562  
  13939.5  0.20854578463977505  
  13940.5  0.20855325793275736  
  13941.5  0.20856074058796575  
  13942.5  0.20856822297472424  
  13943.5  0.20857570509306167  
  13944.5  0.20858317731402887  
  13945.5  0.20859065889595618  
  13946.5  0.20859814020954903  
  13947.5  0.2086056212548363   
  13948.5  0.20861309240424963  
  13949.5  0.2086205729133575   
  13950.5  0.2086280531542464   
  13951.5  0.20863552350038292  
  13952.5  0.20864300320526538  
  13953.5  0.20865048264201524  
  13954.5  0.20865796181066143  
  13955.5  0.20866543108605035  
  13956.5  0.20867290971892052  
  13957.5  0.20868038808377345  
  13958.5  0.20868785655648983  
  13959.5  0.20869533438573945  
  13960.5  0.2087028119470582   
  13961.5  0.20871028924047488  
  13962.5  0.20871775664324888  
  13963.5  0.20872523340129243  
  13964.5  0.2087327098915202   
  13965.5  0.20874018611396097  
  13966.5  0.20874765244725232  
  13967.5  0.20875512813454997  
  13968.5  0.20876260355414694  
  13969.5  0.20877006908571374  
  13970.5  0.20877754397033996  
  13971.5  0.20878501858735166  
  13972.5  0.20879249293677754  
  13973.5  0.2087999573996654   
  13974.5  0.20880743121435028  
  13975.5  0.20881490476153552  
  13976.5  0.20882236842330118  
  13977.5  0.20882984143591757  
  13978.5  0.20883731418112045  
  13979.5  0.2088447866589385   
  13980.5  0.2088522492528278   
  13981.5  0.20885972119630644  
  13982.5  0.20886719287248628  
  13983.5  0.2088746642813961   
  13984.5  0.2088821258078673   
  13985.5  0.20888959668266688  
  13986.5  0.2088970672902824   
  13987.5  0.20890452801657639  
  13988.5  0.20891199809025351  
  13989.5  0.2089194678968325   
  13990.5  0.20892693743634197  
  13991.5  0.20893439709601896  
  13992.5  0.20894186610181903  
  13993.5  0.2089493348406355   
  13994.5  0.20895680331249697  
  13995.5  0.20896426190601425  
  13996.5  0.2089717298443951   
  13997.5  0.2089791975159068   
  13998.5  0.20898665531019     
  13999.5  0.20899412244839258  
  14000.5  0.20900158931981175  
  14001.5  0.2090090559244761   
  14002.5  0.20901651265339913  
  14003.5  0.20902397872498288  
  14004.5  0.20903144452989753  
  14005.5  0.20903890046018567  
  14006.5  0.20904636573219096  
  14007.5  0.20905383073761286  
  14008.5  0.20906129547647986  
  14009.5  0.20906875034220632  
  14010.5  0.2090762145483922   
  14011.5  0.20908367848810883  
  14012.5  0.20909114216138472  
  14013.5  0.2090985959630054   
  14014.5  0.20910605910382826  
  14015.5  0.20911352197829594  
  14016.5  0.2091209749822218   
  14017.5  0.20912843732440733  
  14018.5  0.20913589940032318  
  14019.5  0.20914336120999785  
  14020.5  0.20915081315061487  
  14021.5  0.20915827442823523  
  14022.5  0.2091657354396998   
  14023.5  0.20917318658321926  
  14024.5  0.20918064706280026  
  14025.5  0.20918810727631085  
  14026.5  0.20919556722377955  
  14027.5  0.20920301730478613  
  14028.5  0.20921047672059873  
  14029.5  0.20921793587045476  
  14030.5  0.20922539475438265  
  14031.5  0.20923284377333076  
  14032.5  0.2092403021258299   
  14033.5  0.20924776021248614  
  14034.5  0.2092552084352738   
  14035.5  0.2092626659906717   
  14036.5  0.20927012328031194  
  14037.5  0.20927758030422297  
  14038.5  0.2092850274657465   
  14039.5  0.2092924839586262   
  14040.5  0.20929994018586184  
  14041.5  0.2093073865518203   
  14042.5  0.20931484224819474  
  14043.5  0.20932229767901028  
  14044.5  0.20932975284429522  
  14045.5  0.20933719814978297  
  14046.5  0.20934465278443354  
  14047.5  0.20935210715363858  
  14048.5  0.2093595612574265   
  14049.5  0.2093670055028965   
  14050.5  0.2093744590762766   
  14051.5  0.20938191238432455  
  14052.5  0.20938935583516355  
  14053.5  0.20939680861297358  
  14054.5  0.20940426112553634  
  14055.5  0.20941171337288025  
  14056.5  0.20941915576449333  
  14057.5  0.20942660748182562  
  14058.5  0.20943405893402392  
  14059.5  0.20944150053159946  
  14060.5  0.20944895145395576  
  14061.5  0.20945640211126287  
  14062.5  0.20946385250354912  
  14063.5  0.20947129304268966  
  14064.5  0.20947874290535998  
  14065.5  0.20948619250309417  
  14066.5  0.2094936418359206   
  14067.5  0.20950108131707756  
  14068.5  0.2095085301205139   
  14069.5  0.20951597865912713  
  14070.5  0.20952341734717767  
  14071.5  0.20953086535657017  
  14072.5  0.2095383131012242   
  14073.5  0.20954576058116806  
  14074.5  0.2095531982120244   
  14075.5  0.2095606451629731   
  14076.5  0.2095680918492962   
  14077.5  0.20957553827102196  
  14078.5  0.20958297484513472  
  14079.5  0.20959042073809075  
  14080.5  0.209597866366534    
  14081.5  0.20960530214846956  
  14082.5  0.20961274724831208  
  14083.5  0.20962019208372626  
  14084.5  0.20962763665474032  
  14085.5  0.2096350713807201   
  14086.5  0.2096425154233586   
  14087.5  0.20964995920168142  
  14088.5  0.20965739313607437  
  14089.5  0.2096648363861904   
  14090.5  0.20967227937207514  
  14091.5  0.20967972209375677  
  14092.5  0.20968715497298074  
  14093.5  0.20969459716668043  
  14094.5  0.20970203909626134  
  14095.5  0.20970948076175155  
  14096.5  0.20971691258625574  
  14097.5  0.20972435372398876  
  14098.5  0.20973179459771543  
  14099.5  0.20973922563155914  
  14100.5  0.20974666597769703  
  14101.5  0.20975410605991282  
  14102.5  0.2097615458782345   
  14103.5  0.20976897585814366  
  14104.5  0.20977641514910106  
  14105.5  0.2097838541762486   
  14106.5  0.2097912833660858   
  14107.5  0.2097987218660372   
  14108.5  0.20980616010226294  
  14109.5  0.20981359807479097  
  14110.5  0.2098210262114779   
  14111.5  0.20982846365703398  
  14112.5  0.2098359008389765   
  14113.5  0.20984333775733338  
  14114.5  0.20985076484131784  
  14115.5  0.20985820123292684  
  14116.5  0.20986563736103428  
  14117.5  0.2098730636558702   
  14118.5  0.2098804992573976   
  14119.5  0.20988793459550742  
  14120.5  0.2098953696702277   
  14121.5  0.20990279491314384  
  14122.5  0.20991022946150778  
  14123.5  0.2099176637465661   
  14124.5  0.20992508820092032  
  14125.5  0.20993252195978998  
  14126.5  0.2099399554554379   
  14127.5  0.20994738868789195  
  14128.5  0.2099548120911082   
  14129.5  0.2099622447975971   
  14130.5  0.20996967724097598  
  14131.5  0.2099771094212728   
  14132.5  0.20998453177379742  
  14133.5  0.20999196342835236  
  14134.5  0.20999939481990895  
  14135.5  0.21000681638479213  
  14136.5  0.21001424725077422  
  14137.5  0.21002167785384168  
  14138.5  0.21002910819402248  
  14139.5  0.21003652870899428  
  14140.5  0.21004395852382357  
  14141.5  0.21005138807584978  
  14142.5  0.21005881736510085  
  14143.5  0.21006623683060674  
  14144.5  0.21007366559472915  
  14145.5  0.21008109409616     
  14146.5  0.21008851277494303  
  14147.5  0.2100959407514123   
  14148.5  0.2101033684652735   
  14149.5  0.2101107959165545   
  14150.5  0.21011821354665045  
  14151.5  0.21012564047319243  
  14152.5  0.21013306713723776  
  14153.5  0.21014048398119448  
  14154.5  0.21014791012066758  
  14155.5  0.21015533599772743  
  14156.5  0.21016276161240185  
  14157.5  0.21017017740844923  
  14158.5  0.21017760249877382  
  14159.5  0.21018502732679628  
  14160.5  0.2101924518925445   
  14161.5  0.2101998666411266   
  14162.5  0.21020729068274716  
  14163.5  0.2102147144621767   
  14164.5  0.2102221284255353   
  14165.5  0.21022955168100368  
  14166.5  0.21023697467436442  
  14167.5  0.2102443974056452   
  14168.5  0.21025181032231482  
  14169.5  0.21025923252985632  
  14170.5  0.21026665447540113  
  14171.5  0.21027406660742903  
  14172.5  0.2102814880294008   
  14173.5  0.21028890918945908  
  14174.5  0.2102963300876316   
  14175.5  0.21030374117374584  
  14176.5  0.21031116154856694  
  14177.5  0.2103185816615854   
  14178.5  0.21032600151282888  
  14179.5  0.2103334115534721   
  14180.5  0.21034083088158564  
  14181.5  0.2103482499480073   
  14182.5  0.2103556592049216   
  14183.5  0.21036307774837926  
  14184.5  0.21037049603022806  
  14185.5  0.21037791405049566  
  14186.5  0.21038532226271278  
  14187.5  0.21039273976023753  
  14188.5  0.2104001569962641   
  14189.5  0.2104075644253323   
  14190.5  0.2104149811387818   
  14191.5  0.21042239759081596  
  14192.5  0.21042981378146244  
  14193.5  0.21043722016660632  
  14194.5  0.21044463583489667  
  14195.5  0.21045205124188224  
  14196.5  0.21045946638759055  
  14197.5  0.21046687172925133  
  14198.5  0.21047428635282428  
  14199.5  0.2104817007152028   
  14200.5  0.21048910527462458  
  14201.5  0.21049651911503314  
  14202.5  0.2105039326943301   
  14203.5  0.21051134601254295  
  14204.5  0.210518749529253    
  14205.5  0.21052616232571641  
  14206.5  0.21053357486117846  
  14207.5  0.2105409775962276   
  14208.5  0.21054838961010544  
  14209.5  0.21055580136306454  
  14210.5  0.21056321285513246  
  14211.5  0.21057061454824033  
  14212.5  0.21057802551894425  
  14213.5  0.2105854362288396   
  14214.5  0.21059284667795392  
  14215.5  0.21060024732956034  
  14216.5  0.2106076572575307   
  14217.5  0.21061506692480256  
  14218.5  0.2106224667956551   
  14219.5  0.21062987594194793  
  14220.5  0.21063728482762473  
  14221.5  0.21064469345271303  
  14222.5  0.21065209228283308  
  14223.5  0.2106595003871621   
  14224.5  0.21066690823098508  
  14225.5  0.21067431581432947  
  14226.5  0.21068171360415597  
  14227.5  0.21068912066696074  
  14228.5  0.2106965274693693   
  14229.5  0.21070392447934722  
  14230.5  0.2107113307613807   
  14231.5  0.21071873678310035  
  14232.5  0.21072614254453353  
  14233.5  0.21073353851498544  
  14234.5  0.21074094375626293  
  14235.5  0.2107483487373363   
  14236.5  0.2107557439285148   
  14237.5  0.21076314838959687  
  14238.5  0.21077055259055702  
  14239.5  0.21077795653142264  
  14240.5  0.2107853506838416   
  14241.5  0.21079275410493506  
  14242.5  0.21080015726601617  
  14243.5  0.21080756016711233  
  14244.5  0.2108149532812093   
  14245.5  0.21082235566275223  
  14246.5  0.21082975778439234  
  14247.5  0.21083715012011836  
  14248.5  0.21084455172236927  
  14249.5  0.21085195306479945  
  14250.5  0.2108593541474362   
  14251.5  0.2108667454456053   
  14252.5  0.21087414600907156  
  14253.5  0.21088154631282646  
  14254.5  0.21088893683319793  
  14255.5  0.21089633661794624  
  14256.5  0.2109037361430651   
  14257.5  0.21091113540858186  
  14258.5  0.2109185248921605   
  14259.5  0.21092592363888907  
  14260.5  0.2109333221260975   
  14261.5  0.210940720353813    
  14262.5  0.21094810880103507  
  14263.5  0.21095550651018063  
  14264.5  0.21096290395991518  
  14265.5  0.21097029163023917  
  14266.5  0.21097768856156734  
  14267.5  0.2109850852335663   
  14268.5  0.21099248164626336  
  14269.5  0.21099986828099337  
  14270.5  0.211007264175502    
  14271.5  0.21101465981079046  
  14272.5  0.21102204566919402  
  14273.5  0.2110294407864574   
  14274.5  0.2110368356445824   
  14275.5  0.21104423024359611  
  14276.5  0.21105161506716738  
  14277.5  0.2110590091483738   
  14278.5  0.21106640297055063  
  14279.5  0.21107379653372513  
  14280.5  0.21108118032289894  
  14281.5  0.2110885733684837   
  14282.5  0.21109596615514767  
  14283.5  0.21110334916889176  
  14284.5  0.21111074143812902  
  14285.5  0.21111813344852712  
  14286.5  0.21112552520011318  
  14287.5  0.21113290718022004  
  14288.5  0.21114029841459672  
  14289.5  0.2111476893902429   
  14290.5  0.21115508010718573  
  14291.5  0.21116246105408934  
  14292.5  0.2111698512540399   
  14293.5  0.21117724119536857  
  14294.5  0.2111846213677375   
  14295.5  0.2111920107922366   
  14296.5  0.21119939995819523  
  14297.5  0.2112067888656405   
  14298.5  0.211214168005565    
  14299.5  0.2112215563963976   
  14300.5  0.2112289445287982   
  14301.5  0.21123632289475663  
  14302.5  0.2112437105107071   
  14303.5  0.21125109786830684  
  14304.5  0.21125848496758298  
  14305.5  0.2112658623018548   
  14306.5  0.2112732488848974   
  14307.5  0.21128063520969767  
  14308.5  0.21128802127628268  
  14309.5  0.21129539757930046  
  14310.5  0.2113027831298684   
  14311.5  0.2113101684223022   
  14312.5  0.21131754395224622  
  14313.5  0.2113249287288252   
  14314.5  0.2113323132473512   
  14315.5  0.21133969750785137  
  14316.5  0.21134707200729771  
  14317.5  0.21135445575215922  
  14318.5  0.2113618392390759   
  14319.5  0.21136921296601532  
  14320.5  0.2113765959374554   
  14321.5  0.21138397865103167  
  14322.5  0.2113913611067712   
  14323.5  0.21139873380396848  
  14324.5  0.21140611574444731  
  14325.5  0.21141349742717044  
  14326.5  0.2114208788521648   
  14327.5  0.21142825052005118  
  14328.5  0.21143563143000058  
  14329.5  0.21144301208230218  
  14330.5  0.21145038297857102  
  14331.5  0.2114577631159894   
  14332.5  0.2114651429958409   
  14333.5  0.21147252261815236  
  14334.5  0.21147989248586435  
  14335.5  0.21148727159350814  
  14336.5  0.21149465044369284  
  14337.5  0.21150201954035236  
  14338.5  0.21150939787603087  
  14339.5  0.21151677595433102  
  14340.5  0.21152415377527975  
  14341.5  0.2115315218441355   
  14342.5  0.21153889915079335  
  14343.5  0.21154627620018052  
  14344.5  0.21155365299232387  
  14345.5  0.21156102003380578  
  14346.5  0.21156839631187335  
  14347.5  0.21157577233277783  
  14348.5  0.21158313860409392  
  14349.5  0.2115905141110838   
  14350.5  0.21159788936099125  
  14351.5  0.21160526435384314  
  14352.5  0.21161262959853697  
  14353.5  0.21162000407768908  
  14354.5  0.2116273782998662   
  14355.5  0.21163474277495758  
  14356.5  0.21164211648359596  
  14357.5  0.21164948993533986  
  14358.5  0.21165686313021617  
  14359.5  0.21166422657943604  
  14360.5  0.2116715992609882   
  14361.5  0.21167897168575323  
  14362.5  0.21168634385375795  
  14363.5  0.21169370627753492  
  14364.5  0.2117010779324299   
  14365.5  0.21170844933064503  
  14366.5  0.21171581098570338  
  14367.5  0.21172318187096947  
  14368.5  0.21173055249963607  
  14369.5  0.21173792287173     
  14370.5  0.2117452835020947   
  14371.5  0.21175265336145377  
  14372.5  0.21176002296432045  
  14373.5  0.2117673923107216   
  14374.5  0.21177475191682044  
  14375.5  0.21178212075070074  
  14376.5  0.21178948932819572  
  14377.5  0.21179684816645808  
  14378.5  0.2118042162315926   
  14379.5  0.21181158404042205  
  14380.5  0.21181895159297315  
  14381.5  0.21182630940771754  
  14382.5  0.21183367644812195  
  14383.5  0.21184104323232822  
  14384.5  0.21184840027979662  
  14385.5  0.2118557665520164   
  14386.5  0.21186313256811815  
  14387.5  0.2118704983281286   
  14388.5  0.2118778543528259   
  14389.5  0.21188521960106338  
  14390.5  0.2118925845932896   
  14391.5  0.2118999493295313   
  14392.5  0.211907304331884    
  14393.5  0.21191466855656602  
  14394.5  0.21192203252534356  
  14395.5  0.21192938676129972  
  14396.5  0.21193675021867747  
  14397.5  0.2119441134202307   
  14398.5  0.2119514763659861   
  14399.5  0.21195882958034312  
  14400.5  0.21196619201491182  
  14401.5  0.2119735541937626   
  14402.5  0.21198090664228178  
  14403.5  0.2119882683101056   
  14404.5  0.21199562972229136  
  14405.5  0.21200299087886565  
  14406.5  0.21201034230653037  
  14407.5  0.21201770295229055  
  14408.5  0.2120250633425191   
  14409.5  0.21203242347724272  
  14410.5  0.212039773884478    
  14411.5  0.21204713350860016  
  14412.5  0.21205449287729708  
  14413.5  0.2120618425195712   
  14414.5  0.21206920137782606  
  14415.5  0.21207655998073544  
  14416.5  0.2120839183283259   
  14417.5  0.21209126695091382  
  14418.5  0.21209862478827468  
  14419.5  0.2121059823703963   
  14420.5  0.21211333022858003  
  14421.5  0.21212068730063124  
  14422.5  0.21212804411752284  
  14423.5  0.21213540067928138  
  14424.5  0.2121427475185212   
  14425.5  0.2121501035704215   
  14426.5  0.2121574593672683   
  14427.5  0.21216481490908815  
  14428.5  0.21217216072980782  
  14429.5  0.2121795157619815   
  14430.5  0.2121868705392077   
  14431.5  0.21219421559639712  
  14432.5  0.21220156986413602  
  14433.5  0.21220892387700696  
  14434.5  0.21221627763503645  
  14435.5  0.21222362167444664  
  14436.5  0.2122309749232006   
  14437.5  0.2122383279171925   
  14438.5  0.21224568065644886  
  14439.5  0.21225302367850274  
  14440.5  0.21226037590869515  
  14441.5  0.2122677278842314   
  14442.5  0.2122750701436273   
  14443.5  0.2122824216102582   
  14444.5  0.21228977282231226  
  14445.5  0.21229712377981594  
  14446.5  0.21230446502259503  
  14447.5  0.2123118154714047   
  14448.5  0.21231916566574327  
  14449.5  0.21232650614641854  
  14450.5  0.21233385583222159  
  14451.5  0.21234120526363268  
  14452.5  0.21234855444067835  
  14453.5  0.21235589390547538  
  14454.5  0.21236324257419653  
  14455.5  0.21237059098863142  
  14456.5  0.2123779391488064   
  14457.5  0.21238527759814685  
  14458.5  0.21239262525020833  
  14459.5  0.21239997264808902  
  14460.5  0.2124073103361952   
  14461.5  0.21241465722612052  
  14462.5  0.21242200386194415  
  14463.5  0.21242935024369242  
  14464.5  0.2124366869170792   
  14465.5  0.2124440327910828   
  14466.5  0.21245137841109007  
  14467.5  0.21245871432379512  
  14468.5  0.21246605943621563  
  14469.5  0.21247340429471884  
  14470.5  0.21248074889933108  
  14471.5  0.21248808379805295  
  14472.5  0.21249542789528886  
  14473.5  0.2125027717387127   
  14474.5  0.21251011532835085  
  14475.5  0.21251744921350987  
  14476.5  0.21252479229598198  
  14477.5  0.21253213512474725  
  14478.5  0.21253946825009137  
  14479.5  0.21254681057184824  
  14480.5  0.21255415263997707  
  14481.5  0.21256149445450417  
  14482.5  0.2125688265670204   
  14483.5  0.21257616787474914  
  14484.5  0.21258350892895495  
  14485.5  0.21259084028220698  
  14486.5  0.21259818082977183  
  14487.5  0.21260552112389253  
  14488.5  0.2126128611645952   
  14489.5  0.21262019150575331  
  14490.5  0.21262753104002494  
  14491.5  0.21263487032095724  
  14492.5  0.2126422093485765   
  14493.5  0.2126495386780597   
  14494.5  0.21265687719945747  
  14495.5  0.21266421546762088  
  14496.5  0.21267154403870409  
  14497.5  0.21267888180080313  
  14498.5  0.21268621930974638  
  14499.5  0.21269355656555997  
  14500.5  0.2127008841257009   
  14501.5  0.21270822087565958  
  14502.5  0.21271555737256717  
  14503.5  0.21272288417485716  
  14504.5  0.21273022016606674  
  14505.5  0.21273755590430377  
  14506.5  0.21274489138959435  
  14507.5  0.21275221718167378  
  14508.5  0.2127595521614755   
  14509.5  0.21276688688840928  
  14510.5  0.21277422136250126  
  14511.5  0.2127815461447878   
  14512.5  0.21278888011359992  
  14513.5  0.2127962138296486   
  14514.5  0.2128035378549457   
  14515.5  0.21281087106587118  
  14516.5  0.21281820402411158  
  14517.5  0.21282553672969304  
  14518.5  0.21283285974592764  
  14519.5  0.2128401919465946   
  14520.5  0.21284752389468092  
  14521.5  0.21285485559021272  
  14522.5  0.2128621775978017   
  14523.5  0.21286950878862765  
  14524.5  0.21287683972697724  
  14525.5  0.21288416097843668  
  14526.5  0.21289149141223673  
  14527.5  0.2128988215936387   
  14528.5  0.21290615152266865  
  14529.5  0.21291347176621145  
  14530.5  0.2129208011909002   
  14531.5  0.21292813036329508  
  14532.5  0.21293544985125462  
  14533.5  0.2129427785194645   
  14534.5  0.21295010693545857  
  14535.5  0.2129574350992629   
  14536.5  0.2129647535800339   
  14537.5  0.21297208123986133  
  14538.5  0.21297940864757706  
  14539.5  0.21298673580320715  
  14540.5  0.21299405327720522  
  14541.5  0.21300137992906637  
  14542.5  0.21300870632891983  
  14543.5  0.2130160230481918   
  14544.5  0.2130233489444322   
  14545.5  0.2130306745887429   
  14546.5  0.21303799998114983  
  14547.5  0.21304531569437565  
  14548.5  0.21305264058337722  
  14549.5  0.21305996522055298  
  14550.5  0.2130672801795973   
  14551.5  0.21307460431352337  
  14552.5  0.21308192819570151  
  14553.5  0.21308925182615765  
  14554.5  0.21309656577988162  
  14555.5  0.2131038889072955   
  14556.5  0.21311121178306522  
  14557.5  0.21311853440721673  
  14558.5  0.2131258473560347   
  14559.5  0.21313316947735125  
  14560.5  0.21314049134712734  
  14561.5  0.2131478035426184   
  14562.5  0.21315512490971494  
  14563.5  0.21316244602534876  
  14564.5  0.2131697668895457   
  14565.5  0.2131770780808552   
  14566.5  0.21318439844257966  
  14567.5  0.21319171855294497  
  14568.5  0.21319902899147053  
  14569.5  0.21320634859951854  
  14570.5  0.21321366795628502  
  14571.5  0.2132209870617958   
  14572.5  0.21322829649686337  
  14573.5  0.21323561510026368  
  14574.5  0.2132429334524859   
  14575.5  0.2132502515535559   
  14576.5  0.2132575599855786   
  14577.5  0.2132648775847448   
  14578.5  0.2132721949328363   
  14579.5  0.2132795026129269   
  14580.5  0.21328681945926956  
  14581.5  0.21329413605461492  
  14582.5  0.21330145239898884  
  14583.5  0.21330875907675684  
  14584.5  0.21331607491958832  
  14585.5  0.21332339051152585  
  14586.5  0.21333069643790303  
  14587.5  0.21333801152845283  
  14588.5  0.213345326368186    
  14589.5  0.2133526409571284   
  14590.5  0.21335994588190427  
  14591.5  0.21336725996966513  
  14592.5  0.2133745738067125   
  14593.5  0.21338188739307218  
  14594.5  0.21338919131665857  
  14595.5  0.21339650440204275  
  14596.5  0.2134038172368165   
  14597.5  0.2134111204098614   
  14598.5  0.21341843274381408  
  14599.5  0.2134257448272336   
  14600.5  0.21343305666014573  
  14601.5  0.21344035883272108  
  14602.5  0.21344767016501792  
  14603.5  0.2134549812468845   
  14604.5  0.2134622920783466   
  14605.5  0.21346959325086357  
  14606.5  0.213476903581916    
  14607.5  0.21348421366264111  
  14608.5  0.21349151408546427  
  14609.5  0.21349882366593387  
  14610.5  0.2135061329961532   
  14611.5  0.21351344207614795  
  14612.5  0.2135207414996313   
  14613.5  0.21352805007957595  
  14614.5  0.21353535840937313  
  14615.5  0.21354265708370124  
  14616.5  0.21354996491360226  
  14617.5  0.21355727249343276  
  14618.5  0.21356457982321841  
  14619.5  0.21357187749892448  
  14620.5  0.21357918432901912  
  14621.5  0.21358649090914592  
  14622.5  0.21359379723933045  
  14623.5  0.21360109391682428  
  14624.5  0.21360839974752285  
  14625.5  0.2136157053283561   
  14626.5  0.21362300125753977  
  14627.5  0.2136303063390407   
  14628.5  0.21363761117075314  
  14629.5  0.21364491575270272  
  14630.5  0.21365221068439058  
  14631.5  0.21365951476721265  
  14632.5  0.21366681860034864  
  14633.5  0.2136741127842633   
  14634.5  0.21368141611842525  
  14635.5  0.21368871920297794  
  14636.5  0.21369602203794688  
  14637.5  0.2137033152250813   
  14638.5  0.21371061756128074  
  14639.5  0.2137179196479732   
  14640.5  0.21372522148518425  
  14641.5  0.21373251367594692  
  14642.5  0.21373981501459285  
  14643.5  0.21374711610383407  
  14644.5  0.213754407547666    
  14645.5  0.21376170813849527  
  14646.5  0.2137690084799964   
  14647.5  0.21377630857219493  
  14648.5  0.2137835990203694   
  14649.5  0.21379089861436015  
  14650.5  0.21379819795912489  
  14651.5  0.2138054876609039   
  14652.5  0.21381278650761384  
  14653.5  0.21382008510517433  
  14654.5  0.21382738345361085  
  14655.5  0.21383467216044577  
  14656.5  0.2138419700110314   
  14657.5  0.21384926761256956  
  14658.5  0.2138565649650857   
  14659.5  0.21386385267738375  
  14660.5  0.2138711495322528   
  14661.5  0.2138784461381763   
  14662.5  0.2138857331049188   
  14663.5  0.21389302921334788  
  14664.5  0.2139003250729078   
  14665.5  0.21390762068362398  
  14666.5  0.21391490665654167  
  14667.5  0.21392220176996699  
  14668.5  0.21392949663462493  
  14669.5  0.213936791250541    
  14670.5  0.21394407623004036  
  14671.5  0.2139513703488689   
  14672.5  0.21395866421903179  
  14673.5  0.21396594845381395  
  14674.5  0.2139732418270418   
  14675.5  0.21398053495168023  
  14676.5  0.2139878278277547   
  14677.5  0.21399511106982924  
  14678.5  0.2140024034491718   
  14679.5  0.21400969558002653  
  14680.5  0.21401697807791653  
  14681.5  0.2140242697121916   
  14682.5  0.21403156109805505  
  14683.5  0.21403885223553226  
  14684.5  0.21404613374142453  
  14685.5  0.21405342438252495  
  14686.5  0.21406071477531524  
  14687.5  0.21406800491982075  
  14688.5  0.21407528543412052  
  14689.5  0.21408257508245204  
  14690.5  0.21408986448257483  
  14691.5  0.21409714425352577  
  14692.5  0.21410443315762653  
  14693.5  0.21411172181359453  
  14694.5  0.2141190102214552   
  14695.5  0.21412628900152222  
  14696.5  0.21413357691356333  
  14697.5  0.21414086457757306  
  14698.5  0.2141481426148223   
  14699.5  0.21415542978316426  
  14700.5  0.21416271670355078  
  14701.5  0.21417000337600706  
  14702.5  0.21417728042308     
  14703.5  0.21418456660007085  
  14704.5  0.21419185252920736  
  14705.5  0.21419913821051487  
  14706.5  0.21420641426781561  
  14707.5  0.2142136994538598   
  14708.5  0.2142209843921508   
  14709.5  0.2142282597074669   
  14710.5  0.21423554415064608  
  14711.5  0.21424282834614783  
  14712.5  0.2142501122939974   
  14713.5  0.21425738662024763  
  14714.5  0.2142646700731873   
  14715.5  0.21427195327855053  
  14716.5  0.21427922686334558  
  14717.5  0.21428650957395023  
  14718.5  0.2142937920370541   
  14719.5  0.21430107425268247  
  14720.5  0.21430834684911715  
  14721.5  0.2143156285701886   
  14722.5  0.21432291004386017  
  14723.5  0.21433019127015707  
  14724.5  0.2143374628786342   
  14725.5  0.2143447436105757   
  14726.5  0.21435202409521809  
  14727.5  0.21435929496307068  
  14728.5  0.21436657495350872  
  14729.5  0.21437385469672326  
  14730.5  0.21438113419273944  
  14731.5  0.21438840407333865  
  14732.5  0.21439568307535176  
  14733.5  0.214402961830242    
  14734.5  0.21441023097074444  
  14735.5  0.21441750923178246  
  14736.5  0.21442478724577307  
  14737.5  0.21443206501274148  
  14738.5  0.21443933316669392  
  14739.5  0.21444661044001115  
  14740.5  0.21445388746638153  
  14741.5  0.21446116424583023  
  14742.5  0.21446843141363425  
  14743.5  0.2144757076996327   
  14744.5  0.2144829837387848   
  14745.5  0.21449025016732018  
  14746.5  0.2144975257131726   
  14747.5  0.21450480101225397  
  14748.5  0.21451207606458944  
  14749.5  0.21451934150767848  
  14750.5  0.21452661606691492  
  14751.5  0.21453389037948073  
  14752.5  0.214541164445401    
  14753.5  0.2145484289034445   
  14754.5  0.21455570247646624  
  14755.5  0.21456297580291767  
  14756.5  0.2145702395225191   
  14757.5  0.21457751235622236  
  14758.5  0.21458478494343045  
  14759.5  0.21459205728416844  
  14760.5  0.21459932001942505  
  14761.5  0.21460659186761516  
  14762.5  0.21461386346941028  
  14763.5  0.21462112546675002  
  14764.5  0.21462839657614738  
  14765.5  0.21463566743922485  
  14766.5  0.21464293805600748  
  14767.5  0.21465019906970234  
  14768.5  0.21465746919428724  
  14769.5  0.21466473907265235  
  14770.5  0.21467200870482264  
  14771.5  0.2146792687352722   
  14772.5  0.21468653787544473  
  14773.5  0.21469380676949743  
  14774.5  0.2147010660628542   
  14775.5  0.21470833446505894  
  14776.5  0.2147156026212188   
  14777.5  0.21472287053135883  
  14778.5  0.2147301288421689   
  14779.5  0.21473739626066066  
  14780.5  0.21474466343320742  
  14781.5  0.2147519210074483   
  14782.5  0.21475918768849644  
  14783.5  0.21476645412367448  
  14784.5  0.2147737203130074   
  14785.5  0.21478097690539938  
  14786.5  0.2147882426034331   
  14787.5  0.21479550805569647  
  14788.5  0.21480277326221442  
  14789.5  0.21481002887315592  
  14790.5  0.21481729358857404  
  14791.5  0.21482455805832154  
  14792.5  0.21483181293351533  
  14793.5  0.21483907691231235  
  14794.5  0.21484634064551347  
  14795.5  0.2148536041331435   
  14796.5  0.21486085802758334  
  14797.5  0.214868121024462    
  14798.5  0.21487538377584434  
  14799.5  0.2148826369350585   
  14800.5  0.21488989919583867  
  14801.5  0.2148971612111971   
  14802.5  0.21490442298115872  
  14803.5  0.21491167516031454  
  14804.5  0.21491893643987284  
  14805.5  0.21492619747410885  
  14806.5  0.21493345826304744  
  14807.5  0.21494070946254212  
  14808.5  0.21494796976127614  
  14809.5  0.21495522981478726  
  14810.5  0.21496248027987533  
  14811.5  0.2149697398433308   
  14812.5  0.2149769991616379   
  14813.5  0.21498425823482145  
  14814.5  0.21499150772094272  
  14815.5  0.2149987663042691   
  14816.5  0.21500602464254634  
  14817.5  0.21501328273579934  
  14818.5  0.21502053124335024  
  14819.5  0.21502778884694437  
  14820.5  0.2150350462055886   
  14821.5  0.21504229397955046  
  14822.5  0.21504955084868452  
  14823.5  0.215056807472943    
  14824.5  0.2150640638523508   
  14825.5  0.21507131064843538  
  14826.5  0.21507856653853105  
  14827.5  0.21508582218385028  
  14828.5  0.21509306824686528  
  14829.5  0.2151003234030209   
  14830.5  0.21510757831447436  
  14831.5  0.2151148329812504   
  14832.5  0.2151220780670804   
  14833.5  0.2151293322448907   
  14834.5  0.2151365861780978   
  14835.5  0.21514383986672644  
  14836.5  0.2151510839757667   
  14837.5  0.21515833717562735  
  14838.5  0.21516559013098374  
  14839.5  0.21517283350776945  
  14840.5  0.215180085974506    
  14841.5  0.21518733819681246  
  14842.5  0.21519459017471343  
  14843.5  0.21520183257540038  
  14844.5  0.2152090840648791   
  14845.5  0.2152163353100264   
  14846.5  0.21522357697897668  
  14847.5  0.21523082773584976  
  14848.5  0.21523807824846555  
  14849.5  0.2152453285168487   
  14850.5  0.21525256921039035  
  14851.5  0.2152598189906965   
  14852.5  0.21526706852684402  
  14853.5  0.21527431781885756  
  14854.5  0.2152815575373847   
  14855.5  0.2152888063415184   
  14856.5  0.21529605490159207  
  14857.5  0.21530329388919514  
  14858.5  0.2153105419615367   
  14859.5  0.2153177897898922   
  14860.5  0.21532503737428618  
  14861.5  0.21533227538756355  
  14862.5  0.21533952248442237  
  14863.5  0.21534676933739355  
  14864.5  0.21535400662026316  
  14865.5  0.21536125298584677  
  14866.5  0.21536849910761657  
  14867.5  0.21537574498559714  
  14868.5  0.2153829812948292   
  14869.5  0.21539022668561886  
  14870.5  0.2153974718326931   
  14871.5  0.2154047167360765   
  14872.5  0.21541195207206382  
  14873.5  0.21541919648845287  
  14874.5  0.21542644066122477  
  14875.5  0.2154336752676145   
  14876.5  0.21544091895353934  
  14877.5  0.21544816239592077  
  14878.5  0.21545540559478332  
  14879.5  0.21546263922861514  
  14880.5  0.21546988194082695  
  14881.5  0.2154771244095935   
  14882.5  0.21548435731434248  
  14883.5  0.2154915992966054   
  14884.5  0.21549884103549674  
  14885.5  0.21550608253104092  
  14886.5  0.215513314463918    
  14887.5  0.21552055547315466  
  14888.5  0.2155277962391178   
  14889.5  0.21553503676183183  
  14890.5  0.21554226772322868  
  14891.5  0.21554950775983117  
  14892.5  0.21555674755325815  
  14893.5  0.21556397778637978  
  14894.5  0.21557121709384203  
  14895.5  0.2155784561582022   
  14896.5  0.21558569497948477  
  14897.5  0.2155929242418109   
  14898.5  0.2156001625773245   
  14899.5  0.2156074006698339   
  14900.5  0.2156146385193636   
  14901.5  0.21562186681128517  
  14902.5  0.2156291041752415   
  14903.5  0.21563634129629144  
  14904.5  0.21564356886074404  
  14905.5  0.2156508054963672   
  14906.5  0.2156580418891573   
  14907.5  0.21566527803913885  
  14908.5  0.2156725046338704   
  14909.5  0.2156797402986205   
  14910.5  0.2156869757206353   
  14911.5  0.2156942015884101   
  14912.5  0.21570143652533988  
  14913.5  0.2157086712196076   
  14914.5  0.21571590567123766  
  14915.5  0.21572313056997408  
  14916.5  0.21573036453671426  
  14917.5  0.21573759826088995  
  14918.5  0.21574483174252562  
  14919.5  0.21575205567261338  
  14920.5  0.21575928866955416  
  14921.5  0.215766521424028    
  14922.5  0.21577374462796284  
  14923.5  0.21578097689788794  
  14924.5  0.21578820892541922  
  14925.5  0.2157954407105811   
  14926.5  0.2158026629465487   
  14927.5  0.21580989424735658  
  14928.5  0.21581712530586808  
  14929.5  0.21582434681619345  
  14930.5  0.21583157739049696  
  14931.5  0.21583880772257713  
  14932.5  0.21584603781245826  
  14933.5  0.21585325835549699  
  14934.5  0.2158604879613647   
  14935.5  0.21586771732510632  
  14936.5  0.2158749464467462   
  14937.5  0.21588216602288693  
  14938.5  0.2158893946607078   
  14939.5  0.21589662305649987  
  14940.5  0.2159038419077997   
  14941.5  0.21591106981991848  
  14942.5  0.2159182974900813   
  14943.5  0.21592552491831246  
  14944.5  0.21593274280339367  
  14945.5  0.21593996974814572  
  14946.5  0.215947196451039    
  14947.5  0.21595441361178846  
  14948.5  0.21596163983134817  
  14949.5  0.21596886580912186  
  14950.5  0.2159760915451338   
  14951.5  0.21598330774034322  
  14952.5  0.21599053299321555  
  14953.5  0.21599775800439888  
  14954.5  0.21600498277391753  
  14955.5  0.21601219800397425  
  14956.5  0.21601942229054708  
  14957.5  0.2160266463355279   
  14958.5  0.21603386084205187  
  14959.5  0.21604108440423217  
  14960.5  0.21604830772489308  
  14961.5  0.21605553080405887  
  14962.5  0.2160627443461075   
  14963.5  0.2160699669426664   
  14964.5  0.21607718929780273  
  14965.5  0.21608441141154078  
  14966.5  0.2160916239895008   
  14967.5  0.21609884562082543  
  14968.5  0.21610606701082427  
  14969.5  0.21611327886604895  
  14970.5  0.21612049977377942  
  14971.5  0.2161277204402566   
  14972.5  0.2161349408655048   
  14973.5  0.21614215175731696  
  14974.5  0.21614937170048998  
  14975.5  0.2161565914025064   
  14976.5  0.21616380157208998  
  14977.5  0.2161710207921761   
  14978.5  0.21617823977117806  
  14979.5  0.2161854585091201   
  14980.5  0.21619266771596643  
  14981.5  0.21619988597217113  
  14982.5  0.2162071039873883   
  14983.5  0.21621432176164204  
  14984.5  0.21622153000613664  
  14985.5  0.21622874729884597  
  14986.5  0.21623596435066422  
  14987.5  0.21624317187372533  
  14988.5  0.2162503884441437   
  14989.5  0.21625760477374334  
  14990.5  0.21626482086254833  
  14991.5  0.21627202742393176  
  14992.5  0.21627924303152954  
  14993.5  0.216286458398405    
  14994.5  0.2162936642388601   
  14995.5  0.21630087912467272  
  14996.5  0.2163080937698352   
  14997.5  0.21631530817437158  
  14998.5  0.2163225130538223   
  14999.5  0.2163297269774884   
  15000.5  0.21633694066060052  
  15001.5  0.21634415410318283  
  15002.5  0.2163513580220136   
  15003.5  0.21635857098391792  
  15004.5  0.21636578370536452  
  15005.5  0.21637298690405965  
  15006.5  0.21638019914497236  
  15007.5  0.2163874111454995   
  15008.5  0.21639462290566502  
  15009.5  0.21640182514441217  
  15010.5  0.21640903642423595  
  15011.5  0.2164162474637702   
  15012.5  0.21642344898288537  
  15013.5  0.21643065954222182  
  15014.5  0.21643786986134073  
  15015.5  0.21644507994026616  
  15016.5  0.21645228050010465  
  15017.5  0.2164594900990241   
  15018.5  0.21646669945782204  
  15019.5  0.21647390857652243  
  15020.5  0.21648110817746746  
  15021.5  0.21648831681635364  
  15022.5  0.2164955252152142   
  15023.5  0.21650272409731758  
  15024.5  0.21650993201650764  
  15025.5  0.21651713969574393  
  15026.5  0.21652434713505045  
  15027.5  0.2165315450589304   
  15028.5  0.2165387520187579   
  15029.5  0.2165459587387275   
  15030.5  0.216553155944268    
  15031.5  0.21656036218490213  
  15032.5  0.21656756818575013  
  15033.5  0.21657477394683589  
  15034.5  0.21658197019482217  
  15035.5  0.2165891754767638   
  15036.5  0.21659638051901492  
  15037.5  0.21660358532159954  
  15038.5  0.2166107806124137   
  15039.5  0.2166179849360453   
  15040.5  0.2166251890200821   
  15041.5  0.21663238359334477  
  15042.5  0.21663958719857182  
  15043.5  0.21664679056427572  
  15044.5  0.2166539936904803   
  15045.5  0.2166611873072389   
  15046.5  0.21666838995482474  
  15047.5  0.21667559236298292  
  15048.5  0.21668279453173725  
  15049.5  0.21668998719237317  
  15050.5  0.2166971888826996   
  15051.5  0.2167043903336938   
  15052.5  0.2167115822775647   
  15053.5  0.21671878325027397  
  15054.5  0.21672598398372256  
  15055.5  0.2167331844779343   
  15056.5  0.21674037546634933  
  15057.5  0.21674757548246676  
  15058.5  0.2167547752594188   
  15059.5  0.2167619655315686   
  15060.5  0.21676916483056918  
  15061.5  0.21677636389047583  
  15062.5  0.21678356271131244  
  15063.5  0.21679075202867237  
  15064.5  0.21679795037174787  
  15065.5  0.2168051484758247   
  15066.5  0.21681234634092664  
  15067.5  0.21681953470387694  
  15068.5  0.21682673209140804  
  15069.5  0.2168339292400356   
  15070.5  0.2168411168875049   
  15071.5  0.2168483135587042   
  15072.5  0.2168555099910713   
  15073.5  0.21686270618463002  
  15074.5  0.21686989287835445  
  15075.5  0.21687708859467492  
  15076.5  0.21688428407225824  
  15077.5  0.2168914700509999   
  15078.5  0.21689866505148742  
  15079.5  0.21690585981330898  
  15080.5  0.21691305433648847  
  15081.5  0.21692023936214938  
  15082.5  0.2169274334084228   
  15083.5  0.2169346272161253   
  15084.5  0.21694182078528054  
  15085.5  0.2169490048582398   
  15086.5  0.21695619795067875  
  15087.5  0.21696339080464158  
  15088.5  0.21697057416339988  
  15089.5  0.21697776654078857  
  15090.5  0.21698495867977227  
  15091.5  0.21699215058037474  
  15092.5  0.2169993329870942   
  15093.5  0.21700652441131196  
  15094.5  0.2170137155972195   
  15095.5  0.2170208972902348   
  15096.5  0.21702808799989962  
  15097.5  0.2170352784713253   
  15098.5  0.21704246870453547  
  15099.5  0.21704964944617403  
  15100.5  0.21705683920333071  
  15101.5  0.2170640287223429   
  15102.5  0.21707121800323423  
  15103.5  0.21707839779387403  
  15104.5  0.217085586598901    
  15105.5  0.21709277516587808  
  15106.5  0.2170999542435932   
  15107.5  0.21710714233484765  
  15108.5  0.2171143301881231   
  15109.5  0.21712151780344316  
  15110.5  0.21712869593082038  
  15111.5  0.2171358830706067   
  15112.5  0.21714306997250848  
  15113.5  0.21715025663654938  
  15114.5  0.21715743381396602  
  15115.5  0.21716462000266198  
  15116.5  0.2171718059535678   
  15117.5  0.21717898241883787  
  15118.5  0.21718616789454023  
  15119.5  0.21719335313252328  
  15120.5  0.21720053813281057  
  15121.5  0.2172077136487797   
  15122.5  0.21721489817405204  
  15123.5  0.21722208246169944  
  15124.5  0.21722925726601638  
  15125.5  0.21723644107879014  
  15126.5  0.2172436246540096   
  15127.5  0.2172508079916982   
  15128.5  0.21725798184737313  
  15129.5  0.21726516471037655  
  15130.5  0.21727234733591982  
  15131.5  0.2172795297240265   
  15132.5  0.2172867026314355   
  15133.5  0.2172938845450452   
  15134.5  0.21730106622128886  
  15135.5  0.2173082384178215   
  15136.5  0.21731541961970918  
  15137.5  0.21732260058430145  
  15138.5  0.21732978131162178  
  15139.5  0.21733695256054625  
  15140.5  0.21734413281369863  
  15141.5  0.2173513128296496   
  15142.5  0.21735848336819058  
  15143.5  0.21736566291011447  
  15144.5  0.21737284221490746  
  15145.5  0.217380021282593    
  15146.5  0.21738719087418276  
  15147.5  0.21739436946802898  
  15148.5  0.21740154782483825  
  15149.5  0.217408725944634    
  15150.5  0.21741589458964758  
  15151.5  0.21742307223579166  
  15152.5  0.21743024964499263  
  15153.5  0.21743741758039623  
  15154.5  0.21744459451608616  
  15155.5  0.21745177121490336  
  15156.5  0.2174589476768712   
  15157.5  0.21746611466635435  
  15158.5  0.21747329065499865  
  15159.5  0.2174804664068639   
  15160.5  0.21748763268722854  
  15161.5  0.2174948079659107   
  15162.5  0.2175019830078841   
  15163.5  0.21750915781317218  
  15164.5  0.21751632314827138  
  15165.5  0.2175234974805636   
  15166.5  0.2175306715762407   
  15167.5  0.2175378454353261   
  15168.5  0.21754500982553382  
  15169.5  0.21755218321181047  
  15170.5  0.21755935636156556  
  15171.5  0.21756652004342594  
  15172.5  0.2175736927205125   
  15173.5  0.2175808651611477   
  15174.5  0.21758803736535484  
  15175.5  0.21759520010297756  
  15176.5  0.21760237183470307  
  15177.5  0.21760954333007068  
  15178.5  0.21761670535983602  
  15179.5  0.21762387638286207  
  15180.5  0.21763104716960022  
  15181.5  0.2176382177200739   
  15182.5  0.21764537880625465  
  15183.5  0.2176525488845734   
  15184.5  0.21765971872669768  
  15185.5  0.21766688833265083  
  15186.5  0.21767404847561977  
  15187.5  0.21768121760960454  
  15188.5  0.21768838650748812  
  15189.5  0.2176955459433686   
  15190.5  0.21770271436942362  
  15191.5  0.21770988255944743  
  15192.5  0.21771705051346327  
  15193.5  0.21772420900678385  
  15194.5  0.21773137648915747  
  15195.5  0.21773854373559307  
  15196.5  0.21774571074611393  
  15197.5  0.21775286829724672  
  15198.5  0.21776003483631157  
  15199.5  0.21776720113953146  
  15200.5  0.21777435798434336  
  15201.5  0.2177815238162468   
  15202.5  0.21778868941237514  
  15203.5  0.21779585477275168  
  15204.5  0.2178030106760265   
  15205.5  0.21781017556527257  
  15206.5  0.21781734021883656  
  15207.5  0.21782449541627813  
  15208.5  0.21783165959885104  
  15209.5  0.2178388235458116   
  15210.5  0.2178459872571831   
  15211.5  0.21785314151373752  
  15212.5  0.21786030475430374  
  15213.5  0.2178674677593505   
  15214.5  0.21787463052890108  
  15215.5  0.21788178384493953  
  15216.5  0.21788894614387044  
  15217.5  0.21789610820737484  
  15218.5  0.21790326081834524  
  15219.5  0.21791042241136913  
  15220.5  0.21791758376903608  
  15221.5  0.21792474489136932  
  15222.5  0.21793189656247242  
  15223.5  0.21793905721451057  
  15224.5  0.21794621763128455  
  15225.5  0.21795336859780584  
  15226.5  0.21796052854442377  
  15227.5  0.21796768825584698  
  15228.5  0.21797484773209874  
  15229.5  0.2179819977594008   
  15230.5  0.21798915676568167  
  15231.5  0.21799631553686058  
  15232.5  0.21800347407296064  
  15233.5  0.21801062316141337  
  15234.5  0.2180177812277277   
  15235.5  0.21802493905903259  
  15236.5  0.2180320874436665   
  15237.5  0.2180392448053244   
  15238.5  0.21804640193204225  
  15239.5  0.21805355882384322  
  15240.5  0.21806070627027474  
  15241.5  0.21806786269261358  
  15242.5  0.2180750188801049   
  15243.5  0.2180821656232024   
  15244.5  0.21808932134137018  
  15245.5  0.21809647682475974  
  15246.5  0.21810363207339417  
  15247.5  0.21811077787893535  
  15248.5  0.21811793265843094  
  15249.5  0.21812508720324067  
  15250.5  0.21813224151338764  
  15251.5  0.21813938638174138  
  15252.5  0.21814654022293406  
  15253.5  0.21815369382953323  
  15254.5  0.21816083799531366  
  15255.5  0.21816799113309687  
  15256.5  0.21817514403635574  
  15257.5  0.21818229670511335  
  15258.5  0.2181894399343513   
  15259.5  0.21819659213447729  
  15260.5  0.21820374410017113  
  15261.5  0.21821088662731916  
  15262.5  0.21821803812451956  
  15263.5  0.21822518938735694  
  15264.5  0.21823234041585438  
  15265.5  0.21823948200710414  
  15266.5  0.21824663256729224  
  15267.5  0.2182537828932094   
  15268.5  0.21826093298487875  
  15269.5  0.218268073640598    
  15270.5  0.21827522326414203  
  15271.5  0.2182823726535072   
  15272.5  0.21828951260789503  
  15273.5  0.21829666152927282  
  15274.5  0.21830381021654072  
  15275.5  0.21831095866972178  
  15276.5  0.21831809768922217  
  15277.5  0.21832524567459963  
  15278.5  0.21833239342595914  
  15279.5  0.21833954094332375  
  15280.5  0.21834667902830382  
  15281.5  0.21835382607804854  
  15282.5  0.2183609728938672   
  15283.5  0.21836811027827296  
  15284.5  0.21837525662660942  
  15285.5  0.21838240274108867  
  15286.5  0.2183895486217337   
  15287.5  0.21839668507226104  
  15288.5  0.21840383048560733  
  15289.5  0.21841097566518822  
  15290.5  0.21841811141562234  
  15291.5  0.218425256128042    
  15292.5  0.21843240060676503  
  15293.5  0.21843954485181438  
  15294.5  0.2184466796690112   
  15295.5  0.2184538234470826   
  15296.5  0.21846096699154904  
  15297.5  0.2184681103024334   
  15298.5  0.21847524418675904  
  15299.5  0.21848238703084863  
  15300.5  0.21848952964142485  
  15301.5  0.21849666282641214  
  15302.5  0.21850380497033084  
  15303.5  0.21851094688080483  
  15304.5  0.21851808855785704  
  15305.5  0.21852522081061312  
  15306.5  0.21853236202119072  
  15307.5  0.21853950299841512  
  15308.5  0.2185466345523126   
  15309.5  0.21855377506319953  
  15310.5  0.21856091534080183  
  15311.5  0.2185680553851424   
  15312.5  0.21857518600744794  
  15313.5  0.21858232558563376  
  15314.5  0.21858946493062636  
  15315.5  0.2185966040424486   
  15316.5  0.21860373373352718  
  15317.5  0.21861087237937726  
  15318.5  0.21861801079212553  
  15319.5  0.21862513978509812  
  15320.5  0.21863227773201108  
  15321.5  0.21863941544589063  
  15322.5  0.21864655292675964  
  15323.5  0.21865368098914337  
  15324.5  0.21866081800435946  
  15325.5  0.2186679547866334   
  15326.5  0.21867508215138945  
  15327.5  0.21868221846814723  
  15328.5  0.21868935455203117  
  15329.5  0.21869649040306416  
  15330.5  0.21870361683786876  
  15331.5  0.21871075222356776  
  15332.5  0.2187178873764841   
  15333.5  0.2187250222966406   
  15334.5  0.21873214780185765  
  15335.5  0.2187392822568622   
  15336.5  0.21874641647917523  
  15337.5  0.21875354128751504  
  15338.5  0.21876067504481259  
  15339.5  0.21876780856948683  
  15340.5  0.21877494186156046  
  15341.5  0.218782065740949    
  15342.5  0.2187891985681891   
  15343.5  0.2187963311628968   
  15344.5  0.21880346352509492  
  15345.5  0.21881058647589546  
  15346.5  0.21881771837344174  
  15347.5  0.21882485003854657  
  15348.5  0.21883197229321902  
  15349.5  0.21883910349380822  
  15350.5  0.21884623446202414  
  15351.5  0.21885336519788948  
  15352.5  0.218860486524609    
  15353.5  0.21886761679614025  
  15354.5  0.21887474683538902  
  15355.5  0.21888186746645644  
  15356.5  0.21888899704150722  
  15357.5  0.2188961263843435   
  15358.5  0.21890325549498804  
  15359.5  0.21891037519873696  
  15360.5  0.21891750384536485  
  15361.5  0.21892463225986897  
  15362.5  0.21893176044227206  
  15363.5  0.21893887921906466  
  15364.5  0.21894600693763225  
  15365.5  0.21895313442416678  
  15366.5  0.21896025250605422  
  15367.5  0.21896737952888912  
  15368.5  0.21897450631975884  
  15369.5  0.21898163287868605  
  15370.5  0.21898875003425042  
  15371.5  0.218995876129659    
  15372.5  0.21900300199319295  
  15373.5  0.21901011845432683  
  15374.5  0.2190172438544778   
  15375.5  0.21902436902282205  
  15376.5  0.2190314939593822   
  15377.5  0.21903860949482548  
  15378.5  0.21904573396818341  
  15379.5  0.21905285820982506  
  15380.5  0.219059982219773    
  15381.5  0.21906709682988687  
  15382.5  0.21907422037681334  
  15383.5  0.21908134369211382  
  15384.5  0.21908845760854195  
  15385.5  0.2190955804609564   
  15386.5  0.21910270308181268  
  15387.5  0.2191098254711333   
  15388.5  0.21911693846286343  
  15389.5  0.21912406038947846  
  15390.5  0.21913118208462562  
  15391.5  0.21913829438314317  
  15392.5  0.21914541561572     
  15393.5  0.21915253661689657  
  15394.5  0.21915965738669543  
  15395.5  0.21916676876114569  
  15396.5  0.2191738890685545   
  15397.5  0.21918100914465327  
  15398.5  0.21918812898946446  
  15399.5  0.2191952394402075   
  15400.5  0.21920235882280883  
  15401.5  0.21920947797419016  
  15402.5  0.21921658773246322  
  15403.5  0.21922370642176972  
  15404.5  0.2192308248799238   
  15405.5  0.21923794310694794  
  15406.5  0.21924505194214333  
  15407.5  0.21925216970727257  
  15408.5  0.21925928724133945  
  15409.5  0.2192663953845367   
  15410.5  0.2192735124568435   
  15411.5  0.21928062929815542  
  15412.5  0.2192877459084948   
  15413.5  0.21929485312924324  
  15414.5  0.21930196927800238  
  15415.5  0.21930908519585648  
  15416.5  0.21931620088282802  
  15417.5  0.21932330718148663  
  15418.5  0.21933042240705752  
  15419.5  0.21933753740181325  
  15420.5  0.21934464300921414  
  15421.5  0.21935175754270386  
  15422.5  0.2193588718454457   
  15423.5  0.21936598591746218  
  15424.5  0.21937309060340102  
  15425.5  0.21938020421433085  
  15426.5  0.21938731759460264  
  15427.5  0.21939443074423878  
  15428.5  0.21940153450907396  
  15429.5  0.21940864719780281  
  15430.5  0.21941575965596327  
  15431.5  0.21942286273027983  
  15432.5  0.2194299747276674   
  15433.5  0.21943708649455382  
  15434.5  0.21944419803096146  
  15435.5  0.2194513001848009   
  15436.5  0.2194584112606148   
  15437.5  0.21946552210601708  
  15438.5  0.21947262356980757  
  15439.5  0.21947973395475034  
  15440.5  0.21948684410934868  
  15441.5  0.21949395403362493  
  15442.5  0.21950105457756425  
  15443.5  0.21950816404155993  
  15444.5  0.21951527327530063  
  15445.5  0.21952238227880877  
  15446.5  0.21952948190325425  
  15447.5  0.21953659044666055  
  15448.5  0.21954369875990132  
  15449.5  0.21955079769503477  
  15450.5  0.21955790554830773  
  15451.5  0.2195650131714822   
  15452.5  0.2195721205645805   
  15453.5  0.2195792185808449   
  15454.5  0.219586325514154    
  15455.5  0.21959343221745395  
  15456.5  0.21960052954487452  
  15457.5  0.21960763578851908  
  15458.5  0.2196147418022214   
  15459.5  0.2196218475860039   
  15460.5  0.21962894399517952  
  15461.5  0.21963604931948497  
  15462.5  0.21964315441393745  
  15463.5  0.21965025927855925  
  15464.5  0.2196573547698462   
  15465.5  0.2196644591751693   
  15466.5  0.21967156335072857  
  15467.5  0.21967865815390655  
  15468.5  0.2196857618703007   
  15469.5  0.2196928653569979   
  15470.5  0.21969996861402039  
  15471.5  0.21970706249993266  
  15472.5  0.2197141652979681   
  15473.5  0.21972126786639565  
  15474.5  0.21972836106466587  
  15475.5  0.2197354631742398   
  15476.5  0.21974256505427264  
  15477.5  0.21974966670478654  
  15478.5  0.2197567589864133   
  15479.5  0.21976386017825153  
  15480.5  0.21977096114063757  
  15481.5  0.21977806187359364  
  15482.5  0.21978515323893225  
  15483.5  0.2197922535133904   
  15484.5  0.21979935355848526  
  15485.5  0.21980644423691448  
  15486.5  0.2198135438236446   
  15487.5  0.2198206431810781   
  15488.5  0.2198277423092372   
  15489.5  0.2198348320719994   
  15490.5  0.2198419307419713   
  15491.5  0.2198490291827354   
  15492.5  0.2198561273943139   
  15493.5  0.21986321624176372  
  15494.5  0.21987031399533247  
  15495.5  0.21987741151978216  
  15496.5  0.21988449968105392  
  15497.5  0.21989159674762687  
  15498.5  0.21989869358514724  
  15499.5  0.2199057901936373   
  15500.5  0.21991287744021673  
  15501.5  0.21991997359100726  
  15502.5  0.21992706951283386  
  15503.5  0.21993415607370004  
  15504.5  0.21994125153796     
  15505.5  0.21994834677332248  
  15506.5  0.2199554417798097   
  15507.5  0.2199625274266029   
  15508.5  0.21996962197570047  
  15509.5  0.21997671629598917  
  15510.5  0.21998381038749112  
  15511.5  0.21999089512056497  
  15512.5  0.21999798875485418  
  15513.5  0.22000508216042303  
  15514.5  0.2200121662085128   
  15515.5  0.22001925915700155  
  15516.5  0.2200263518768362   
  15517.5  0.2200334443680389   
  15518.5  0.22004052750302763  
  15519.5  0.22004761953732693  
  15520.5  0.2200547113430606   
  15521.5  0.2200617937935286   
  15522.5  0.22006888514249132  
  15523.5  0.22007597626295464  
  15524.5  0.22008306715494064  
  15525.5  0.22009014869292512  
  15526.5  0.22009723912831672  
  15527.5  0.22010432933529717  
  15528.5  0.22011141931388858  
  15529.5  0.22011849993974217  
  15530.5  0.22012558946191563  
  15531.5  0.22013267875576617  
  15532.5  0.22013975869782615  
  15533.5  0.22014684753539093  
  15534.5  0.22015393614469897  
  15535.5  0.22016102452577235  
  15536.5  0.22016810355631788  
  15537.5  0.22017519148128167  
  15538.5  0.22018227917807687  
  15539.5  0.22018935752529084  
  15540.5  0.22019644476610856  
  15541.5  0.22020353177882374  
  15542.5  0.2202106185634584   
  15543.5  0.2202176959997737   
  15544.5  0.2202247823286069   
  15545.5  0.22023186842942558  
  15546.5  0.22023895430225177  
  15547.5  0.22024603082802     
  15548.5  0.22025311624522062  
  15549.5  0.22026020143449476  
  15550.5  0.22026727727765644  
  15551.5  0.2202743620114368   
  15552.5  0.22028144651735662  
  15553.5  0.2202885307954379   
  15554.5  0.22029560572866716  
  15555.5  0.22030268955143034  
  15556.5  0.2203097731464209   
  15557.5  0.22031684739750435  
  15558.5  0.22032393053730853  
  15559.5  0.2203310134494059   
  15560.5  0.22033809613381844  
  15561.5  0.22034516947558347  
  15562.5  0.22035225170498515  
  15563.5  0.22035933370676783  
  15564.5  0.22036641548095345  
  15565.5  0.2203734879137506   
  15566.5  0.2203805692331008   
  15567.5  0.22038765032491964  
  15568.5  0.2203947220762939   
  15569.5  0.22040180271340878  
  15570.5  0.22040888312305817  
  15571.5  0.22041596330526392  
  15572.5  0.2204230341482832   
  15573.5  0.22043011387596015  
  15574.5  0.22043719337625922  
  15575.5  0.2204442726492023   
  15576.5  0.22045134258421656  
  15577.5  0.2204584214028059   
  15578.5  0.22046549999410495  
  15579.5  0.22047256924841796  
  15580.5  0.2204796473854945   
  15581.5  0.22048672529534638  
  15582.5  0.22049380297799542  
  15583.5  0.22050087132491528  
  15584.5  0.22050794855351674  
  15585.5  0.22051502555498098  
  15586.5  0.22052209322165817  
  15587.5  0.22052916976920586  
  15588.5  0.22053624608968198  
  15589.5  0.22054332218310826  
  15590.5  0.2205503889430034   
  15591.5  0.22055746458268785  
  15592.5  0.2205645399953881   
  15593.5  0.2205716151811259   
  15594.5  0.2205786810345879   
  15595.5  0.22058575576675843  
  15596.5  0.22059283027203205  
  15597.5  0.22059989544597094  
  15598.5  0.22060696949780811  
  15599.5  0.22061404332281387  
  15600.5  0.22062111692100989  
  15601.5  0.22062818118912575  
  15602.5  0.22063525433405978  
  15603.5  0.22064232725224953  
  15604.5  0.2206493908412995   
  15605.5  0.22065646330635794  
  15606.5  0.2206635355447375   
  15607.5  0.22067060755645992  
  15608.5  0.22067767024029628  
  15609.5  0.22068474179906156  
  15610.5  0.22069181313123512  
  15611.5  0.22069888423683873  
  15612.5  0.22070594601580928  
  15613.5  0.2207130166686298   
  15614.5  0.22072008709494567  
  15615.5  0.22072714819556785  
  15616.5  0.22073421816923108  
  15617.5  0.22074128791645492  
  15618.5  0.2207483574372611   
  15619.5  0.2207554176336258   
  15620.5  0.22076248670195328  
  15621.5  0.22076955554392827  
  15622.5  0.2207766150624006   
  15623.5  0.2207836834520272   
  15624.5  0.22079075161536654  
  15625.5  0.22079781955244035  
  15626.5  0.22080487816726285  
  15627.5  0.22081194565216197  
  15628.5  0.2208190129108607   
  15629.5  0.2208260799433808   
  15630.5  0.2208331376549004   
  15631.5  0.2208402042354193   
  15632.5  0.2208472705898247   
  15633.5  0.2208543276241673   
  15634.5  0.22086139352670164  
  15635.5  0.22086845920318748  
  15636.5  0.22087552465364657  
  15637.5  0.22088258078529283  
  15638.5  0.22088964578405423  
  15639.5  0.2208967105568539   
  15640.5  0.22090377510371348  
  15641.5  0.2209108303330097   
  15642.5  0.2209178944283449   
  15643.5  0.22092495829780498  
  15644.5  0.22093201285063838  
  15645.5  0.22093907626870393  
  15646.5  0.2209461394609594   
  15647.5  0.22095320242742636  
  15648.5  0.22096025607851524  
  15649.5  0.22096731859376076  
  15650.5  0.22097438088328275  
  15651.5  0.22098143385836258  
  15652.5  0.22098849569679282  
  15653.5  0.22099555730956438  
  15654.5  0.2210026186966989   
  15655.5  0.22100967077063907  
  15656.5  0.22101673170685474  
  15657.5  0.22102379241749823  
  15658.5  0.22103085290259114  
  15659.5  0.22103790407573687  
  15660.5  0.2210449641100837   
  15661.5  0.22105202391894477  
  15662.5  0.22105907441679362  
  15663.5  0.22106613377503812  
  15664.5  0.22107319290786157  
  15665.5  0.22108025181528565  
  15666.5  0.2210873014129439   
  15667.5  0.22109435986992393  
  15668.5  0.2211014181015693   
  15669.5  0.2211084670243832   
  15670.5  0.2211155248057139   
  15671.5  0.22112258236177465  
  15672.5  0.221129639692587    
  15673.5  0.22113668771581327  
  15674.5  0.22114374459648337  
  15675.5  0.22115080125196968  
  15676.5  0.22115785768229382  
  15677.5  0.22116490480627687  
  15678.5  0.221171960786631    
  15679.5  0.2211790165418876   
  15680.5  0.22118606299173635  
  15681.5  0.22119311829715202  
  15682.5  0.22120017337753475  
  15683.5  0.221207228232906    
  15684.5  0.22121427378411354  
  15685.5  0.22122132818981602  
  15686.5  0.22122838237057155  
  15687.5  0.22123542724809603  
  15688.5  0.2212424809793118   
  15689.5  0.22124953448564513  
  15690.5  0.2212565877671176   
  15691.5  0.22126363174660219  
  15692.5  0.22127068457870672  
  15693.5  0.22127773718601484  
  15694.5  0.22128478956854805  
  15695.5  0.2212918326503361   
  15696.5  0.22129888458367317  
  15697.5  0.22130593629229975  
  15698.5  0.22131297870111283  
  15699.5  0.22132002996067202  
  15700.5  0.22132708099558512  
  15701.5  0.2213341318058736   
  15702.5  0.22134117331759043  
  15703.5  0.22134822367898313  
  15704.5  0.22135527381581555  
  15705.5  0.22136231465500728  
  15706.5  0.22136936434307253  
  15707.5  0.22137641380664186  
  15708.5  0.2213834630457367   
  15709.5  0.22139050298843183  
  15710.5  0.22139755177893086  
  15711.5  0.22140460034501971  
  15712.5  0.22141164868671984  
  15713.5  0.22141868773326073  
  15714.5  0.2214257356265363   
  15715.5  0.2214327832954874   
  15716.5  0.22143982167020926  
  15717.5  0.22144686889086423  
  15718.5  0.22145391588725893  
  15719.5  0.22146096265941473  
  15720.5  0.2214680001385809   
  15721.5  0.22147504646261168  
  15722.5  0.22148209256246776  
  15723.5  0.22148913843817053  
  15724.5  0.2214961750221228   
  15725.5  0.2215032204498715   
  15726.5  0.22151026565353107  
  15727.5  0.22151730156636906  
  15728.5  0.22152434632220278  
  15729.5  0.2215313908540114   
  15730.5  0.22153843516181634  
  15731.5  0.22154547018003795  
  15732.5  0.2215525140401878   
  15733.5  0.22155955767639804  
  15734.5  0.22156659202395323  
  15735.5  0.2215736352126364   
  15736.5  0.221580678177444    
  15737.5  0.22158772091839735  
  15738.5  0.221594754371933    
  15739.5  0.2216017966655299   
  15740.5  0.22160883873533652  
  15741.5  0.22161588058137424  
  15742.5  0.2216229131412312   
  15743.5  0.22162995454008297  
  15744.5  0.22163699571522977  
  15745.5  0.22164402760512306  
  15746.5  0.22165106833321171  
  15747.5  0.22165810883765932  
  15748.5  0.22166514911848717  
  15749.5  0.2216721801152976   
  15750.5  0.22167921994923764  
  15751.5  0.22168625955962182  
  15752.5  0.2216932898869151   
  15753.5  0.2217003290505391   
  15754.5  0.22170736799067112  
  15755.5  0.22171440670733236  
  15756.5  0.221721436142138    
  15757.5  0.2217284744122092   
  15758.5  0.2217355124588735   
  15759.5  0.22174255028215215  
  15760.5  0.22174957882480986  
  15761.5  0.22175661620166848  
  15762.5  0.22176365335520523  
  15763.5  0.2217706812290466   
  15764.5  0.22177771793629078  
  15765.5  0.2217847544202768   
  15766.5  0.22179179068102592  
  15767.5  0.2217988176633135   
  15768.5  0.22180585347793988  
  15769.5  0.22181288906939306  
  15770.5  0.22181991538330964  
  15771.5  0.22182695052876733  
  15772.5  0.2218339854511155   
  15773.5  0.22184102015037535  
  15774.5  0.22184804557333163  
  15775.5  0.22185507982676567  
  15776.5  0.22186211385717503  
  15777.5  0.22186914766458096  
  15778.5  0.22187617219691577  
  15779.5  0.2218832055586654   
  15780.5  0.22189023869747512  
  15781.5  0.22189726256213765  
  15782.5  0.22190429525541816  
  15783.5  0.22191132772582237  
  15784.5  0.22191835997337145  
  15785.5  0.22192538294800496  
  15786.5  0.22193241475019412  
  15787.5  0.22193944632959173  
  15788.5  0.2219464776862189   
  15789.5  0.2219534997711616   
  15790.5  0.22196053068259808  
  15791.5  0.22196756137132764  
  15792.5  0.2219745827892957   
  15793.5  0.22198161303296143  
  15794.5  0.22198864305398364  
  15795.5  0.22199567285238353  
  15796.5  0.2220026933812522   
  15797.5  0.2220097227347573   
  15798.5  0.22201675186570347  
  15799.5  0.2220237717280407   
  15800.5  0.2220308004142188   
  15801.5  0.22203782887790133  
  15802.5  0.22204485711910943  
  15803.5  0.22205187609293806  
  15804.5  0.22205890388954694  
  15805.5  0.22206593146374473  
  15806.5  0.22207295881555258  
  15807.5  0.22207997690120984  
  15808.5  0.2220870038085872   
  15809.5  0.2220940304936379   
  15810.5  0.2221010479134593   
  15811.5  0.222108074154206    
  15812.5  0.22211510017268934  
  15813.5  0.22212212596893033  
  15814.5  0.22212914250117008  
  15815.5  0.22213616785327567  
  15816.5  0.22214319298320218  
  15817.5  0.22215020885004808  
  15818.5  0.2221572335359655   
  15819.5  0.22216425799976702  
  15820.5  0.22217128224147376  
  15821.5  0.2221782972213271   
  15822.5  0.22218532101919314  
  15823.5  0.22219234459502749  
  15824.5  0.22219936794885123  
  15825.5  0.22220638204204837  
  15826.5  0.22221340495219968  
  15827.5  0.22222042764040353  
  15828.5  0.22222744106890038  
  15829.5  0.22223446331355795  
  15830.5  0.2222414853363311   
  15831.5  0.22224850713724087  
  15832.5  0.22225551967966958  
  15833.5  0.22226254103720114  
  15834.5  0.2222695621729324   
  15835.5  0.22227657405110154  
  15836.5  0.22228359474358061  
  15837.5  0.22229061521432233  
  15838.5  0.22229763546334774  
  15839.5  0.22230464645603612  
  15840.5  0.22231166626197726  
  15841.5  0.22231868584626505  
  15842.5  0.22232570520892053  
  15843.5  0.2223327153164635   
  15844.5  0.22233973423620249  
  15845.5  0.22234675293437203  
  15846.5  0.22235376237834711  
  15847.5  0.22236078063372597  
  15848.5  0.2223677986675983   
  15849.5  0.22237481647998514  
  15850.5  0.22238182503940118  
  15851.5  0.2223888424091649   
  15852.5  0.22239585955750593  
  15853.5  0.22240286745379362  
  15854.5  0.22240988415963717  
  15855.5  0.22241690064412092  
  15856.5  0.22242391690726585  
  15857.5  0.22243092391958022  
  15858.5  0.22243793974039505  
  15859.5  0.2224449553399338   
  15860.5  0.22245197071821746  
  15861.5  0.22245897684689298  
  15862.5  0.22246599178301388  
  15863.5  0.22247300649794244  
  15864.5  0.2224800119641792   
  15865.5  0.22248702623707037  
  15866.5  0.22249404028883196  
  15867.5  0.22250105411948484  
  15868.5  0.22250805870266746  
  15869.5  0.22251507209145008  
  15870.5  0.22252208525918674  
  15871.5  0.22252909820589825  
  15872.5  0.22253610190636056  
  15873.5  0.22254311441136887  
  15874.5  0.22255012669541474  
  15875.5  0.22255712973412675  
  15876.5  0.22256414157659468  
  15877.5  0.2225711531981627   
  15878.5  0.22257816459885177  
  15879.5  0.22258516675542717  
  15880.5  0.22259217771470508  
  15881.5  0.22259918845316662  
  15882.5  0.2226061899484293   
  15883.5  0.22261320024560471  
  15884.5  0.22262021032202634  
  15885.5  0.22262722017771497  
  15886.5  0.22263422079142406  
  15887.5  0.22264123020599327  
  15888.5  0.222648239399892    
  15889.5  0.22265524837314113  
  15890.5  0.2226622481056296   
  15891.5  0.22266925663792583  
  15892.5  0.2226762649496349   
  15893.5  0.2226832640214971   
  15894.5  0.2226902718923782   
  15895.5  0.22269727954273455  
  15896.5  0.222704286972587    
  15897.5  0.22271128516381064  
  15898.5  0.22271829215300146  
  15899.5  0.2227252989217508   
  15900.5  0.2227322964527844   
  15901.5  0.2227393027809968   
  15902.5  0.22274630888883007  
  15903.5  0.22275331477630503  
  15904.5  0.22276031142728145  
  15905.5  0.22276731687438564  
  15906.5  0.22277432210119388  
  15907.5  0.2227813271077269   
  15908.5  0.2227883228789781   
  15909.5  0.22279532744530647  
  15910.5  0.22280233179142195  
  15911.5  0.22280932690316768  
  15912.5  0.222816330809203    
  15913.5  0.22282333449508765  
  15914.5  0.22283033796084242  
  15915.5  0.22283733219344337  
  15916.5  0.2228443352192839   
  15917.5  0.22285133802505674  
  15918.5  0.22285833159858726  
  15919.5  0.22286533396457023  
  15920.5  0.22287233611054774  
  15921.5  0.2228793380365405   
  15922.5  0.22288633073150596  
  15923.5  0.22289333221787458  
  15924.5  0.22290033348432062  
  15925.5  0.22290733453086484  
  15926.5  0.22291432634759628  
  15927.5  0.22292132695468192  
  15928.5  0.22292832734192783  
  15929.5  0.2229353185002715   
  15930.5  0.22294231844818302  
  15931.5  0.22294931817631689  
  15932.5  0.22295631768469382  
  15933.5  0.22296330796538225  
  15934.5  0.2229703070345902   
  15935.5  0.2229773058841033   
  15936.5  0.22298429550683774  
  15937.5  0.22299129391730582  
  15938.5  0.22299829210814107  
  15939.5  0.22300529007936415  
  15940.5  0.22301227882502148  
  15941.5  0.2230192763573648   
  15942.5  0.22302627367015795  
  15943.5  0.2230332707634216   
  15944.5  0.22304025863233193  
  15945.5  0.22304725528688096  
  15946.5  0.22305425172196242  
  15947.5  0.2230612389335995   
  15948.5  0.22306823493009015  
  15949.5  0.2230752307071752   
  15950.5  0.22308222626487517  
  15951.5  0.22308921260034234  
  15952.5  0.2230962077196165   
  15953.5  0.22310320261956756  
  15954.5  0.22311019730021608  
  15955.5  0.2231171827598429   
  15956.5  0.22312417700223047  
  15957.5  0.22313117102537736  
  15958.5  0.22313815582841043  
  15959.5  0.22314514941341995  
  15960.5  0.2231521427792506   
  15961.5  0.22315913592592304  
  15962.5  0.22316611985369186  
  15963.5  0.22317311256239158  
  15964.5  0.22318010505199481  
  15965.5  0.22318708832360176  
  15966.5  0.22319408037535574  
  15967.5  0.22320107220807497  
  15968.5  0.22320806382178002  
  15969.5  0.22321504621869825  
  15970.5  0.22322203739471858  
  15971.5  0.22322902835178646  
  15972.5  0.22323601908992244  
  15973.5  0.22324300061248054  
  15974.5  0.2232499909130962   
  15975.5  0.2232569809948416   
  15976.5  0.22326396186191547  
  15977.5  0.22327095150626375  
  15978.5  0.22327794093180345  
  15979.5  0.22328493013855513  
  15980.5  0.22329191013184338  
  15981.5  0.22329889890136215  
  15982.5  0.22330588745215452  
  15983.5  0.22331286679038911  
  15984.5  0.22331985490407164  
  15985.5  0.2233268427990893   
  15986.5  0.22333383047546265  
  15987.5  0.22334080894048552  
  15988.5  0.22334779617991307  
  15989.5  0.22335478320075783  
  15990.5  0.2233617700030403   
  15991.5  0.22336874759517913  
  15992.5  0.22337573396067978  
  15993.5  0.2233827201076796   
  15994.5  0.2233896970454405   
  15995.5  0.2233966827557814   
  15996.5  0.22340366824768293  
  15997.5  0.2234106535211656   
  15998.5  0.2234176295866154   
  15999.5  0.22342461442360287  
  16000.5  0.22343159904223295  
  16001.5  0.22343857445373422  
  16002.5  0.22344555863599183  
  16003.5  0.22345254259995342  
  16004.5  0.22345952634563945  
  16005.5  0.22346650088540188  
  16006.5  0.22347348419487903  
  16007.5  0.22348046728614201  
  16008.5  0.22348745015921123  
  16009.5  0.22349442382756154  
  16010.5  0.22350140626458537  
  16011.5  0.22350838848347676  
  16012.5  0.2235153614985524   
  16013.5  0.22352234328152093  
  16014.5  0.22352932484641835  
  16015.5  0.2235363061932651   
  16016.5  0.22354327833749987  
  16017.5  0.22355025924858704  
  16018.5  0.22355723994168475  
  16019.5  0.22356422041681343  
  16020.5  0.2235711916905336   
  16021.5  0.22357817173006594  
  16022.5  0.22358515155169045  
  16023.5  0.2235921221728086   
  16024.5  0.2235991015589591   
  16025.5  0.22360608072726296  
  16026.5  0.22361305967774062  
  16027.5  0.22362002942891443  
  16028.5  0.22362700794408108  
  16029.5  0.22363398624148262  
  16030.5  0.22364095534048187  
  16031.5  0.2236479332026946   
  16032.5  0.22365491084720335  
  16033.5  0.2236618882740285   
  16034.5  0.22366885650365317  
  16035.5  0.22367583349545236  
  16036.5  0.22368281026962905  
  16037.5  0.22368978682620358  
  16038.5  0.2236967541867789   
  16039.5  0.2237037303084902   
  16040.5  0.2237107062126604   
  16041.5  0.22371767292173192  
  16042.5  0.22372464839116088  
  16043.5  0.22373162364310975  
  16044.5  0.22373859867759885  
  16045.5  0.22374556451818978  
  16046.5  0.22375253911810017  
  16047.5  0.22375951350061185  
  16048.5  0.22376647869012523  
  16049.5  0.22377345263818002  
  16050.5  0.223780426368897    
  16051.5  0.22378739988229648  
  16052.5  0.22379436420389737  
  16053.5  0.22380133728300236  
  16054.5  0.2238083101448508   
  16055.5  0.22381528278946292  
  16056.5  0.2238222462434756   
  16057.5  0.2238292184539556   
  16058.5  0.22383619044726014  
  16059.5  0.2238431532508642   
  16060.5  0.22385012481015823  
  16061.5  0.22385709615233768  
  16062.5  0.22386406727742283  
  16063.5  0.22387102921400587  
  16064.5  0.2238779999052426   
  16065.5  0.22388497037944582  
  16066.5  0.22389193166604535  
  16067.5  0.22389890170652169  
  16068.5  0.22390587153002528  
  16069.5  0.22391284113657645  
  16070.5  0.22391980155672142  
  16071.5  0.22392677072970762  
  16072.5  0.2239337396858021   
  16073.5  0.22394070842502511  
  16074.5  0.223947667979039    
  16075.5  0.22395463628485887  
  16076.5  0.22396160437386797  
  16077.5  0.22396856327856537  
  16078.5  0.22397553093429265  
  16079.5  0.2239824983732698   
  16080.5  0.22398946559551713  
  16081.5  0.22399642363464897  
  16082.5  0.2240033904237761   
  16083.5  0.224010356996234    
  16084.5  0.2240173143864732   
  16085.5  0.22402428052593207  
  16086.5  0.22403124644878233  
  16087.5  0.22403821215504416  
  16088.5  0.2240451686802828   
  16089.5  0.22405213395370707  
  16090.5  0.22405909901060353  
  16091.5  0.22406606385099231  
  16092.5  0.22407301951155287  
  16093.5  0.2240799839192655   
  16094.5  0.22408694811053104  
  16095.5  0.22409390312286412  
  16096.5  0.2241008668815744   
  16097.5  0.2241078304238981   
  16098.5  0.22411479374985535  
  16099.5  0.22412174789807432  
  16100.5  0.22412871079163757  
  16101.5  0.22413567346889487  
  16102.5  0.2241426359298663   
  16103.5  0.22414958921429318  
  16104.5  0.22415655124303172  
  16105.5  0.22416351305554488  
  16106.5  0.22417046569240834  
  16107.5  0.22417742707280935  
  16108.5  0.2241843882370454   
  16109.5  0.22419134918513653  
  16110.5  0.22419830095877089  
  16111.5  0.22420526147491085  
  16112.5  0.2242122217749663   
  16113.5  0.22421917290145918  
  16114.5  0.2242261327696841   
  16115.5  0.2242330924218848   
  16116.5  0.22424005185808146  
  16117.5  0.2242470021219076   
  16118.5  0.22425396112643445  
  16119.5  0.22426091991501754  
  16120.5  0.22426787848767699  
  16121.5  0.22427482788915754  
  16122.5  0.22428178603030777  
  16123.5  0.22428874395559464  
  16124.5  0.22429569271059593  
  16125.5  0.22430265020449405  
  16126.5  0.22430960748258902  
  16127.5  0.22431656454490087  
  16128.5  0.22432351243811796  
  16129.5  0.22433046906920154  
  16130.5  0.2243374254845623   
  16131.5  0.2243443727317209   
  16132.5  0.22435132871597363  
  16133.5  0.22435828448456363  
  16134.5  0.22436524003751096  
  16135.5  0.22437218642344622  
  16136.5  0.22437914154544586  
  16137.5  0.224386096451863    
  16138.5  0.22439305114271765  
  16139.5  0.22439999666774973  
  16140.5  0.2244069509278169   
  16141.5  0.22441390497238167  
  16142.5  0.2244208498520156   
  16143.5  0.22442780346591298  
  16144.5  0.22443475686436806  
  16145.5  0.22444171004740082  
  16146.5  0.22444865406669143  
  16147.5  0.22445560681921684  
  16148.5  0.22446255935637996  
  16149.5  0.22446950273069205  
  16150.5  0.22447645483746775  
  16151.5  0.22448340672894118  
  16152.5  0.22449035840513237  
  16153.5  0.22449730091966041  
  16154.5  0.224504252165624    
  16155.5  0.22451120319636528  
  16156.5  0.22451815401190425  
  16157.5  0.22452509566696757  
  16158.5  0.22453204605243876  
  16159.5  0.22453899622276752  
  16160.5  0.22454593723351085  
  16161.5  0.22455288697389159  
  16162.5  0.2245598364991898   
  16163.5  0.22456678580942552  
  16164.5  0.22457372596126238  
  16165.5  0.22458067484170963  
  16166.5  0.22458762350715422  
  16167.5  0.22459457195761606  
  16168.5  0.22460151125086528  
  16169.5  0.22460845927169817  
  16170.5  0.22461540707760816  
  16171.5  0.22462234572719478  
  16172.5  0.22462929310359533  
  16173.5  0.22463624026513285  
  16174.5  0.22464318721182716  
  16175.5  0.22465012500338344  
  16176.5  0.22465707152072764  
  16177.5  0.22466401782328846  
  16178.5  0.22467095497159983  
  16179.5  0.22467790084492995  
  16180.5  0.22468484650353643  
  16181.5  0.2246917919474391   
  16182.5  0.22469872823827694  
  16183.5  0.22470567325310806  
  16184.5  0.22471261805329515  
  16185.5  0.22471956263885803  
  16186.5  0.2247264980725402   
  16187.5  0.22473344222919062  
  16188.5  0.22474038617127648  
  16189.5  0.22474732096236935  
  16190.5  0.22475426447566196  
  16191.5  0.2247612077744497   
  16192.5  0.22476815085875237  
  16193.5  0.2247750847932454   
  16194.5  0.22478202744891368  
  16195.5  0.2247889698901566   
  16196.5  0.22479590318247686  
  16197.5  0.2248028451952044   
  16198.5  0.22480978699356613  
  16199.5  0.22481672857758186  
  16200.5  0.22482366101385745  
  16201.5  0.22483060216951656  
  16202.5  0.22483754311088922  
  16203.5  0.2248444838379952   
  16204.5  0.22485141541854317  
  16205.5  0.2248583557174512   
  16206.5  0.22486529580215206  
  16207.5  0.224872226741181    
  16208.5  0.22487916639780275  
  16209.5  0.22488610584027682  
  16210.5  0.22489304506862307  
  16211.5  0.22489997515247864  
  16212.5  0.22490691395290416  
  16213.5  0.2249138525392613   
  16214.5  0.2249207819820133   
  16215.5  0.22492772014056847  
  16216.5  0.22493465808511465  
  16217.5  0.2249415958156716   
  16218.5  0.22494852440380386  
  16219.5  0.22495546170671715  
  16220.5  0.22496239879570057  
  16221.5  0.2249693356707739   
  16222.5  0.22497626340460258  
  16223.5  0.22498319985219045  
  16224.5  0.22499013608592755  
  16225.5  0.2249970631793046   
  16226.5  0.22500399898567472  
  16227.5  0.22501093457825344  
  16228.5  0.2250178699570605   
  16229.5  0.22502479619668667  
  16230.5  0.22503173114828473  
  16231.5  0.22503866588617039  
  16232.5  0.2250455914857592   
  16233.5  0.22505252579655433  
  16234.5  0.22505945989369627  
  16235.5  0.22506639377720483  
  16236.5  0.22507331852359488  
  16237.5  0.22508025198017068  
  16238.5  0.2250871852231723   
  16239.5  0.2250941182526194   
  16240.5  0.22510104214612597  
  16241.5  0.2251079747487981   
  16242.5  0.22511490713797488  
  16243.5  0.2251218303920942   
  16244.5  0.22512876235461424  
  16245.5  0.22513569410369808  
  16246.5  0.22514262563936543  
  16247.5  0.22514954804115248  
  16248.5  0.2251564791503206   
  16249.5  0.22516341004613136  
  16250.5  0.22517034072860445  
  16251.5  0.22517726227837395  
  16252.5  0.22518419253450528  
  16253.5  0.22519112257735802  
  16254.5  0.22519804348838923  
  16255.5  0.22520497310501827  
  16256.5  0.22521190250842768  
  16257.5  0.2252188316986372   
  16258.5  0.22522575175820114  
  16259.5  0.22523268052234421  
  16260.5  0.22523960907334642  
  16261.5  0.22524652849458454  
  16262.5  0.2252534566196382   
  16263.5  0.22526038453160993  
  16264.5  0.22526731223051938  
  16265.5  0.2252742308008399   
  16266.5  0.2252811580739579   
  16267.5  0.2252880851340726   
  16268.5  0.22529501198120364  
  16269.5  0.2253019297009204   
  16270.5  0.225308856122417    
  16271.5  0.2253157823309888   
  16272.5  0.225322699413027    
  16273.5  0.22532962519608213  
  16274.5  0.22533655076627135  
  16275.5  0.2253434761236143   
  16276.5  0.22535039235559742  
  16277.5  0.22535731728758052  
  16278.5  0.22536424200677616  
  16279.5  0.225371157601492    
  16280.5  0.2253780818954454   
  16281.5  0.22538500597667013  
  16282.5  0.2253919298451858   
  16283.5  0.22539884459039478  
  16284.5  0.22540576803382487  
  16285.5  0.22541269126460473  
  16286.5  0.2254196142827539   
  16287.5  0.225426528178769    
  16288.5  0.22543345077198917  
  16289.5  0.2254403731526374   
  16290.5  0.22544728641203063  
  16291.5  0.22545420836786725  
  16292.5  0.22546113011119065  
  16293.5  0.2254680516420204   
  16294.5  0.22547496405276699  
  16295.5  0.22548188515894152  
  16296.5  0.2254888060526811   
  16297.5  0.22549571782721597  
  16298.5  0.22550263829641762  
  16299.5  0.22550955855324287  
  16300.5  0.2255164785977114   
  16301.5  0.22552338952414622  
  16302.5  0.22553030914423303  
  16303.5  0.22553722855202168  
  16304.5  0.22554414774753168  
  16305.5  0.22555105782617862  
  16306.5  0.2255579765974631   
  16307.5  0.22556489515652753  
  16308.5  0.22557180459960643  
  16309.5  0.22557872273456236  
  16310.5  0.22558564065735678  
  16311.5  0.2255925583680092   
  16312.5  0.22559946696384592  
  16313.5  0.22560638425054585  
  16314.5  0.2256133013251623   
  16315.5  0.22562021818771477  
  16316.5  0.22562712593662093  
  16317.5  0.2256340423753768   
  16318.5  0.22564095860212716  
  16319.5  0.22564786571610787  
  16320.5  0.2256547815191785   
  16321.5  0.2256616971103021   
  16322.5  0.2256686124894981   
  16323.5  0.225675518757093    
  16324.5  0.225682433712765    
  16325.5  0.22568934845656785  
  16326.5  0.22569625408964564  
  16327.5  0.2257031684100412   
  16328.5  0.225710082518626    
  16329.5  0.22571699641541948  
  16330.5  0.2257239012026557   
  16331.5  0.2257308146761975   
  16332.5  0.22573772793800628  
  16333.5  0.2257446409881016   
  16334.5  0.22575154492980698  
  16335.5  0.22575845755680604  
  16336.5  0.2257653699721499   
  16337.5  0.22577227327997898  
  16338.5  0.22577918527234314  
  16339.5  0.22578609705311037  
  16340.5  0.22579300862230015  
  16341.5  0.2257999110851417   
  16342.5  0.22580682223150705  
  16343.5  0.2258137331663532   
  16344.5  0.22582063499572563  
  16345.5  0.22582754550786374  
  16346.5  0.2258344558085409   
  16347.5  0.22584136589777645  
  16348.5  0.22584826688270407  
  16349.5  0.22585517654938675  
  16350.5  0.22586208600468605  
  16351.5  0.22586899524862133  
  16352.5  0.22587589538941402  
  16353.5  0.2258828042109515   
  16354.5  0.22588971282118311  
  16355.5  0.22589661232914574  
  16356.5  0.22590352051709572  
  16357.5  0.22591042849379803  
  16358.5  0.225917336259272    
  16359.5  0.22592423492364147  
  16360.5  0.22593114226698868  
  16361.5  0.22593804939916565  
  16362.5  0.22594494743111118  
  16363.5  0.22595185414127747  
  16364.5  0.2259587606403316   
  16365.5  0.2259656669282929   
  16366.5  0.22597256411718655  
  16367.5  0.22597946998329188  
  16368.5  0.22598637563836244  
  16369.5  0.22599328108241756  
  16370.5  0.22600017742856834  
  16371.5  0.2260070824509221   
  16372.5  0.22601398726231844  
  16373.5  0.22602088297668252  
  16374.5  0.2260277873664934   
  16375.5  0.2260346915454048   
  16376.5  0.22604159551343603  
  16377.5  0.22604849038559757  
  16378.5  0.2260553939321978   
  16379.5  0.22606229726797583  
  16380.5  0.22606919150875568  
  16381.5  0.22607609442321847  
  16382.5  0.22608299712691693  
  16383.5  0.22608989961987036  
  16384.5  0.22609679301898744  
  16385.5  0.22610369509077993  
  16386.5  0.2261105969518853   
  16387.5  0.22611749860232278  
  16388.5  0.22612439116008523  
  16389.5  0.22613129238951596  
  16390.5  0.2261381934083367   
  16391.5  0.22614508533535296  
  16392.5  0.22615198593328253  
  16393.5  0.22615888632065984  
  16394.5  0.22616578649750427  
  16395.5  0.22617267758370474  
  16396.5  0.22617957733981198  
  16397.5  0.22618647688544408  
  16398.5  0.22619337622062027  
  16399.5  0.22620026646631267  
  16400.5  0.2262071653809056   
  16401.5  0.22621406408510042  
  16402.5  0.2262209537006811   
  16403.5  0.22622785198440803  
  16404.5  0.22623475005779453  
  16405.5  0.22624164792085982  
  16406.5  0.22624853669647035  
  16407.5  0.22625543413922156  
  16408.5  0.22626233137170923  
  16409.5  0.22626921951761123  
  16410.5  0.22627611632990008  
  16411.5  0.22628301293198302  
  16412.5  0.22628990932387935  
  16413.5  0.22629679663034852  
  16414.5  0.2263036926021996   
  16415.5  0.22631058836392165  
  16416.5  0.22631748391553386  
  16417.5  0.226324370382877    
  16418.5  0.2263312655145975   
  16419.5  0.22633816043626576  
  16420.5  0.22634504627453317  
  16421.5  0.22635194077642473  
  16422.5  0.2263588350683216   
  16423.5  0.22636572915024297  
  16424.5  0.22637261414992083  
  16425.5  0.22637950781221888  
  16426.5  0.22638640126459894  
  16427.5  0.22639328563560315  
  16428.5  0.2264001786684748   
  16429.5  0.226407071491486    
  16430.5  0.22641396410465586  
  16431.5  0.2264208476376064   
  16432.5  0.22642773983142106  
  16433.5  0.22643463181545187  
  16434.5  0.22644152358971792  
  16435.5  0.2264484062849208   
  16436.5  0.2264552976399848   
  16437.5  0.22646218878534144  
  16438.5  0.22646907085250162  
  16439.5  0.22647596157877098  
  16440.5  0.22648285209539037  
  16441.5  0.22648974240237904  
  16442.5  0.2264966236323266   
  16443.5  0.22650351352038078  
  16444.5  0.22651040319886162  
  16445.5  0.22651728380116748  
  16446.5  0.2265241730608285   
  16447.5  0.22653106211097346  
  16448.5  0.22653795095162146  
  16449.5  0.22654483071724907  
  16450.5  0.22655171913923003  
  16451.5  0.22655860735177133  
  16452.5  0.22656549535489212  
  16453.5  0.2265723742841466   
  16454.5  0.22657926186875302  
  16455.5  0.22658614924399614  
  16456.5  0.22659302754623822  
  16457.5  0.2265999145030814   
  16458.5  0.22660680125061855  
  16459.5  0.22661368778886873  
  16460.5  0.22662056525527124  
  16461.5  0.226627451375274    
  16462.5  0.226634337286047    
  16463.5  0.22664122298760933  
  16464.5  0.2266480996184769   
  16465.5  0.22665498490194425  
  16466.5  0.22666186997625806  
  16467.5  0.22666874598074144  
  16468.5  0.2266756306370745   
  16469.5  0.22668251508431114  
  16470.5  0.22668939932247054  
  16471.5  0.22669627449195162  
  16472.5  0.2267031583122825   
  16473.5  0.22671004192359312  
  16474.5  0.22671691646708925  
  16475.5  0.2267237996606855   
  16476.5  0.22673068264531862  
  16477.5  0.22673756542100765  
  16478.5  0.2267444391300336   
  16479.5  0.22675132148816032  
  16480.5  0.2267582036374      
  16481.5  0.22676508557777167  
  16482.5  0.2267719584526312   
  16483.5  0.22677883997559256  
  16484.5  0.22678572128974292  
  16485.5  0.226792593539244    
  16486.5  0.22679947443609802  
  16487.5  0.226806355124198    
  16488.5  0.22681323560356292  
  16489.5  0.22682010701942878  
  16490.5  0.22682698708164922  
  16491.5  0.22683386693519159  
  16492.5  0.2268407377260971   
  16493.5  0.2268476171626088   
  16494.5  0.2268544963904993   
  16495.5  0.2268613754097876   
  16496.5  0.22686824536758857  
  16497.5  0.22687512396999787  
  16498.5  0.2268820023638619   
  16499.5  0.22688888054919962  
  16500.5  0.22689574967419895  
  16501.5  0.22690262744280923  
  16502.5  0.22690950500295007  
  16503.5  0.22691637350361388  
  16504.5  0.22692325064714092  
  16505.5  0.2269301275822553   
  16506.5  0.22693700430897604  
  16507.5  0.22694387197736798  
  16508.5  0.22695074828762632  
  16509.5  0.2269576243895478   
  16510.5  0.22696449143400127  
  16511.5  0.22697136711957386  
  16512.5  0.22697824259686633  
  16513.5  0.22698511786589762  
  16514.5  0.22699198407860843  
  16515.5  0.22699885893144212  
  16516.5  0.22700573357607134  
  16517.5  0.2270126080125151   
  16518.5  0.22701947339378534  
  16519.5  0.22702634741418262  
  16520.5  0.2270332212264511   
  16521.5  0.22704008598440598  
  16522.5  0.22704695938074132  
  16523.5  0.2270538325690045   
  16524.5  0.22706070554921443  
  16525.5  0.2270675694762571   
  16526.5  0.22707444204068494  
  16527.5  0.22708131439711615  
  16528.5  0.22708817770123943  
  16529.5  0.22709504964200175  
  16530.5  0.22710192137482407  
  16531.5  0.22710879289972527  
  16532.5  0.227115655373464    
  16533.5  0.22712252648284717  
  16534.5  0.2271293973843658   
  16535.5  0.22713626807803874  
  16536.5  0.22714312972169434  
  16537.5  0.22715              
  16538.5  0.22715687007051652  
  16539.5  0.22716373109187415  
  16540.5  0.22717060074713638  
  16541.5  0.22717747019466605  
  16542.5  0.22718433943448196  
  16543.5  0.22719119962628326  
  16544.5  0.2271980684509955   
  16545.5  0.22720493706805045  
  16546.5  0.227211805477467    
  16547.5  0.22721866484001282  
  16548.5  0.22722553283447622  
  16549.5  0.2272324006213576   
  16550.5  0.22723925936222583  
  16551.5  0.22724612673426686  
  16552.5  0.22725299389878237  
  16553.5  0.2272598608557911   
  16554.5  0.22726671876792987  
  16555.5  0.22727358531024863  
  16556.5  0.22728045164511707  
  16557.5  0.22728730893597243  
  16558.5  0.22729417485626355  
  16559.5  0.2273010405691607   
  16560.5  0.2273079060746827   
  16561.5  0.22731476253733401  
  16562.5  0.22732162762842892  
  16563.5  0.22732849251220497  
  16564.5  0.22733535718868098  
  16565.5  0.22734221282342823  
  16566.5  0.22734907708562727  
  16567.5  0.2273559411405825   
  16568.5  0.2273627961546651   
  16569.5  0.22736965979545581  
  16570.5  0.2273765232290591   
  16571.5  0.2273833864554937   
  16572.5  0.22739024064219682  
  16573.5  0.22739710345461683  
  16574.5  0.22740396605992438  
  16575.5  0.227410819626356    
  16576.5  0.22741768181776137  
  16577.5  0.22742454380211055  
  16578.5  0.2274314055794222   
  16579.5  0.22743825831899833  
  16580.5  0.2274451196825576   
  16581.5  0.22745198083913556  
  16582.5  0.22745884178875092  
  16583.5  0.22746569370177078  
  16584.5  0.22747255423778345  
  16585.5  0.2274794145668897   
  16586.5  0.22748626586025505  
  16587.5  0.22749312577587083  
  16588.5  0.2274999854846363   
  16589.5  0.22750684498657014  
  16590.5  0.22751369545390238  
  16591.5  0.22752055454249526  
  16592.5  0.22752741342431268  
  16593.5  0.22753426327238252  
  16594.5  0.22754112174097108  
  16595.5  0.22754798000284018  
  16596.5  0.22755483805800855  
  16597.5  0.22756168708056781  
  16598.5  0.2275685447226567   
  16599.5  0.22757540215810088  
  16600.5  0.227582259386919    
  16601.5  0.22758910758426612  
  16602.5  0.22759596440015406  
  16603.5  0.22760282100947193  
  16604.5  0.22760966858817203  
  16605.5  0.22761652478467165  
  16606.5  0.22762338077465719  
  16607.5  0.22763023655814732  
  16608.5  0.22763708331215698  
  16609.5  0.22764393868297794  
  16610.5  0.22765079384735948  
  16611.5  0.2276576399831131   
  16612.5  0.22766449473493724  
  16613.5  0.22767134928037785  
  16614.5  0.22767820361945354  
  16615.5  0.2276850489310379   
  16616.5  0.2276919028577052   
  16617.5  0.22769875657806346  
  16618.5  0.2277056100921313   
  16619.5  0.227712454579844    
  16620.5  0.22771930768165233  
  16621.5  0.22772616057722614  
  16622.5  0.2277330044472965   
  16623.5  0.22773985693072238  
  16624.5  0.22774670920796952  
  16625.5  0.22775356127905658  
  16626.5  0.22776040432577552  
  16627.5  0.2277672559848634   
  16628.5  0.22777410743784687  
  16629.5  0.22778095868474466  
  16630.5  0.22778780090840933  
  16631.5  0.2277946517434566   
  16632.5  0.22780150237247385  
  16633.5  0.22780834397910885  
  16634.5  0.227815194196387    
  16635.5  0.22782204420769087  
  16636.5  0.22782889401303907  
  16637.5  0.22783573479713926  
  16638.5  0.2278425841908968   
  16639.5  0.2278494333787544   
  16640.5  0.22785627354621427  
  16641.5  0.2278631223225925   
  16642.5  0.2278699708931264   
  16643.5  0.2278768192578346   
  16644.5  0.22788365860327853  
  16645.5  0.22789050655665571  
  16646.5  0.22789735430426278  
  16647.5  0.22790420184611826  
  16648.5  0.22791104036984253  
  16649.5  0.22791788750051523  
  16650.5  0.227924734425492    
  16651.5  0.22793157233318695  
  16652.5  0.22793841884709207  
  16653.5  0.22794526515535676  
  16654.5  0.22795211125799963  
  16655.5  0.227958948344493    
  16656.5  0.22796579403621228  
  16657.5  0.22797263952236527  
  16658.5  0.22797947599321758  
  16659.5  0.22798632106855798  
  16660.5  0.22799316593838762  
  16661.5  0.22800001060272493  
  16662.5  0.22800684625289316  
  16663.5  0.22801369050656584  
  16664.5  0.22802053455480173  
  16665.5  0.22802737839761933  
  16666.5  0.22803421322739895  
  16667.5  0.22804105665969973  
  16668.5  0.22804789988663768  
  16669.5  0.22805473410138563  
  16670.5  0.22806157691791756  
  16671.5  0.2280684195291421   
  16672.5  0.22807526193507768  
  16673.5  0.2280820953299537   
  16674.5  0.22808893732563099  
  16675.5  0.22809577911607473  
  16676.5  0.2281026118963063   
  16677.5  0.22810945327660243  
  16678.5  0.2281162944517204   
  16679.5  0.22812313542167867  
  16680.5  0.22812996738255437  
  16681.5  0.22813680794251254  
  16682.5  0.22814364829736636  
  16683.5  0.22815048844713423  
  16684.5  0.22815731958894878  
  16685.5  0.228164159328864    
  16686.5  0.22817099886374864  
  16687.5  0.22817782939152645  
  16688.5  0.22818466851666896  
  16689.5  0.2281915074368361   
  16690.5  0.22819834615204634  
  16691.5  0.22820517586127828  
  16692.5  0.22821201416689366  
  16693.5  0.2282188522676074   
  16694.5  0.22822569016343786  
  16695.5  0.2282325190544181   
  16696.5  0.22823935654080094  
  16697.5  0.22824619382235575  
  16698.5  0.228253022099906    
  16699.5  0.2282598589721235   
  16700.5  0.22826669563956814  
  16701.5  0.22827353210225837  
  16702.5  0.2282803595620713   
  16703.5  0.22828719561557123  
  16704.5  0.22829403146437188  
  16705.5  0.22830085831114041  
  16706.5  0.22830769375086102  
  16707.5  0.22831452898593746  
  16708.5  0.2283213640163881   
  16709.5  0.22832819004593322  
  16710.5  0.22833502466745073  
  16711.5  0.22834185908439752  
  16712.5  0.22834869329679205  
  16713.5  0.22835551850940713  
  16714.5  0.22836235231301527  
  16715.5  0.22836918591212618  
  16716.5  0.2283760105123019   
  16717.5  0.22838284370273648  
  16718.5  0.22838967668872887  
  16719.5  0.22839650947029738  
  16720.5  0.22840333325405612  
  16721.5  0.22841016562709496  
  16722.5  0.22841699779576494  
  16723.5  0.22842382096746885  
  16724.5  0.2284306527277191   
  16725.5  0.22843748428365546  
  16726.5  0.2284443156352963   
  16727.5  0.2284511379910957   
  16728.5  0.22845796893446327  
  16729.5  0.22846479967359024  
  16730.5  0.22847163020849495  
  16731.5  0.2284784517486825   
  16732.5  0.22848528187546036  
  16733.5  0.22849211179807083  
  16734.5  0.22849893272680702  
  16735.5  0.22850576224140043  
  16736.5  0.22851259155188133  
  16737.5  0.2285194206582681   
  16738.5  0.22852624077190406  
  16739.5  0.22853306947041996  
  16740.5  0.22853989796489657  
  16741.5  0.2285467174674647   
  16742.5  0.22855354555418006  
  16743.5  0.22856037343691096  
  16744.5  0.22856720111567566  
  16745.5  0.22857401980365466  
  16746.5  0.22858084707480425  
  16747.5  0.22858767414204242  
  16748.5  0.2285945010053875   
  16749.5  0.22860131887906923  
  16750.5  0.2286081453349452   
  16751.5  0.22861497158698282  
  16752.5  0.22862178885019852  
  16753.5  0.22862861469487647  
  16754.5  0.22863544033577082  
  16755.5  0.2286422657728998   
  16756.5  0.2286490822223285   
  16757.5  0.2286559072522437   
  16758.5  0.22866273207844823  
  16759.5  0.22866954791779331  
  16760.5  0.22867637233689342  
  16761.5  0.22868319655233754  
  16762.5  0.22869002056414395  
  16763.5  0.22869683559021178  
  16764.5  0.22870365919505944  
  16765.5  0.22871048259632404  
  16766.5  0.22871730579402375  
  16767.5  0.2287241200071054   
  16768.5  0.228730942797992    
  16769.5  0.22873776538536839  
  16770.5  0.22874457898896663  
  16771.5  0.22875140116963902  
  16772.5  0.2287582231468558   
  16773.5  0.22876504492063512  
  16774.5  0.2287718577117561   
  16775.5  0.22877867907897692  
  16776.5  0.22878550024281488  
  16777.5  0.22879232120328816  
  16778.5  0.22879913318222245  
  16779.5  0.22880595373628262  
  16780.5  0.22881277408703266  
  16781.5  0.2288195854570828   
  16782.5  0.22882640540152868  
  16783.5  0.22883322514271895  
  16784.5  0.22884004468067173  
  16785.5  0.22884685523904322  
  16786.5  0.2288536743708371   
  16787.5  0.228860493299448    
  16788.5  0.2288673032493162   
  16789.5  0.22887412177187702  
  16790.5  0.22888094009130933  
  16791.5  0.22888775820763124  
  16792.5  0.22889456734632835  
  16793.5  0.2289013850567453   
  16794.5  0.2289082025641063   
  16795.5  0.22891501986842944  
  16796.5  0.22892182819624526  
  16797.5  0.22892864509480845  
  16798.5  0.2289354617903882   
  16799.5  0.22894226951029834  
  16800.5  0.2289490858002268   
  16801.5  0.22895590188722617  
  16802.5  0.22896271777131466  
  16803.5  0.22896952468085016  
  16804.5  0.2289763401594322   
  16805.5  0.2289831554351576   
  16806.5  0.22898996173716724  
  16807.5  0.22899677660749473  
  16808.5  0.22900359127501993  
  16809.5  0.22901040573976092  
  16810.5  0.2290172112319022   
  16811.5  0.22902402529139     
  16812.5  0.22903083914814784  
  16813.5  0.22903765280219388  
  16814.5  0.22904445748475574  
  16815.5  0.2290512707336932   
  16816.5  0.22905808377997305  
  16817.5  0.22906488785560508  
  16818.5  0.22907170049688474  
  16819.5  0.22907851293556103  
  16820.5  0.22908532517165203  
  16821.5  0.22909212843821003  
  16822.5  0.22909894026944527  
  16823.5  0.2291057518981494   
  16824.5  0.22911255455815635  
  16825.5  0.22911936578211303  
  16826.5  0.22912617680359276  
  16827.5  0.22913298762261355  
  16828.5  0.2291397894740513   
  16829.5  0.22914659988846897  
  16830.5  0.22915341010048187  
  16831.5  0.22916022011010803  
  16832.5  0.22916702115326484  
  16833.5  0.2291738307584321   
  16834.5  0.2291806401612667   
  16835.5  0.2291874405984669   
  16836.5  0.22919424959695067  
  16837.5  0.22920105839315588  
  16838.5  0.22920786698710058  
  16839.5  0.22921466661652384  
  16840.5  0.2292214748062618   
  16841.5  0.22922828279379323  
  16842.5  0.2292350905791362   
  16843.5  0.22924188940107032  
  16844.5  0.22924869678235052  
  16845.5  0.22925550396149627  
  16846.5  0.22926230217806723  
  16847.5  0.22926910895325814  
  16848.5  0.22927591552636853  
  16849.5  0.22928272189741647  
  16850.5  0.22928951930700145  
  16851.5  0.22929632527423838  
  16852.5  0.22930313103946676  
  16853.5  0.22930992784406576  
  16854.5  0.22931673320559096  
  16855.5  0.22932353836516153  
  16856.5  0.22933034332279548  
  16857.5  0.22933713932091118  
  16858.5  0.22934394387498566  
  16859.5  0.22935074822717735  
  16860.5  0.22935755237750433  
  16861.5  0.22936434756942373  
  16862.5  0.2293711513163348   
  16863.5  0.22937795486143495  
  16864.5  0.22938474944896023  
  16865.5  0.22939155259075214  
  16866.5  0.22939835553078697  
  16867.5  0.22940515826908267  
  16868.5  0.22941195205091353  
  16869.5  0.22941875438604445  
  16870.5  0.22942555651949004  
  16871.5  0.22943234969730292  
  16872.5  0.22943915142769125  
  16873.5  0.22944595295644804  
  16874.5  0.22945275428359127  
  16875.5  0.22945954665621104  
  16876.5  0.22946634758044027  
  16877.5  0.22947314830310964  
  16878.5  0.22947994882423714  
  16879.5  0.22948674039195002  
  16880.5  0.22949354051030676  
  16881.5  0.2295003404271753   
  16882.5  0.22950713139146053  
  16883.5  0.22951393090566563  
  16884.5  0.22952073021843625  
  16885.5  0.22952752932979026  
  16886.5  0.22953431948966915  
  16887.5  0.2295411181985028   
  16888.5  0.22954791670597358  
  16889.5  0.22955470626279995  
  16890.5  0.22956150436785758  
  16891.5  0.22956830227160593  
  16892.5  0.2295750999740629   
  16893.5  0.22958188872698287  
  16894.5  0.22958868602716964  
  16895.5  0.22959548312611863  
  16896.5  0.22960228002384767  
  16897.5  0.22960906797314679  
  16898.5  0.22961586446874846  
  16899.5  0.22962266076318383  
  16900.5  0.22962944811001917  
  16901.5  0.22963624400243424  
  16902.5  0.22964303969373653  
  16903.5  0.22964983518394388  
  16904.5  0.2296566217276575   
  16905.5  0.22966341681598726  
  16906.5  0.22967021170327562  
  16907.5  0.2296769976448996   
  16908.5  0.2296837921304173   
  16909.5  0.2296905864149471   
  16910.5  0.22969738049850683  
  16911.5  0.22970416563750776  
  16912.5  0.22971095931943938  
  16913.5  0.2297177528004544   
  16914.5  0.2297245460805706   
  16915.5  0.22973133041723323  
  16916.5  0.2297381232958638   
  16917.5  0.22974491597364904  
  16918.5  0.22975169970880918  
  16919.5  0.22975849198521558  
  16920.5  0.22976528406083     
  16921.5  0.2297720759356703   
  16922.5  0.22977885886899     
  16923.5  0.22978565034259374  
  16924.5  0.22979244161547677  
  16925.5  0.2297992326876568   
  16926.5  0.22980601481942026  
  16927.5  0.229812805490506    
  16928.5  0.22981959596094212  
  16929.5  0.22982637749178936  
  16930.5  0.22983316756123776  
  16931.5  0.22983995743008986  
  16932.5  0.22984674709836347  
  16933.5  0.22985352782815158  
  16934.5  0.22986031709557952  
  16935.5  0.22986710616248232  
  16936.5  0.2298738862917267   
  16937.5  0.22988067495789033  
  16938.5  0.22988746342358204  
  16939.5  0.22989425168881952  
  16940.5  0.22990103101750126  
  16941.5  0.22990781888214157  
  16942.5  0.22991460654638093  
  16943.5  0.2299213940102371   
  16944.5  0.2299281725386397   
  16945.5  0.22993495960204052  
  16946.5  0.2299417464651113   
  16947.5  0.2299485243935549   
  16948.5  0.2299553108562767   
  16949.5  0.22996209711872168  
  16950.5  0.2299688831809076   
  16951.5  0.2299756603095678   
  16952.5  0.22998244597154635  
  16953.5  0.229989231433319    
  16954.5  0.22999600796239172  
  16955.5  0.23000279302406326  
  16956.5  0.23000957788558202  
  16957.5  0.23001636254696567  
  16958.5  0.2300231382767502   
  16959.5  0.2300299225381743   
  16960.5  0.23003670659951644  
  16961.5  0.23004349046079428  
  16962.5  0.2300502653915733   
  16963.5  0.23005704885303307  
  16964.5  0.23006383211448164  
  16965.5  0.23007060644625632  
  16966.5  0.23007738930799287  
  16967.5  0.23008417196977118  
  16968.5  0.230090954431609    
  16969.5  0.2300977279648727   
  16970.5  0.23010451002713983  
  16971.5  0.23011129188951948  
  16972.5  0.23011806482414934  
  16973.5  0.23012484628706423  
  16974.5  0.2301316275501446   
  16975.5  0.23013840861340815  
  16976.5  0.2301451807500209   
  16977.5  0.23015196141396085  
  16978.5  0.23015874187813692  
  16979.5  0.23016552214256678  
  16980.5  0.2301722934814444   
  16981.5  0.2301790733466918   
  16982.5  0.23018585301224584  
  16983.5  0.23019262375307126  
  16984.5  0.2301994030195486   
  16985.5  0.23020618208638555  
  16986.5  0.23021296095359972  
  16987.5  0.23021973089718312  
  16988.5  0.23022650936546155  
  16989.5  0.23023328763417006  
  16990.5  0.2302400657033263   
  16991.5  0.23024683484994923  
  16992.5  0.2302536125203106   
  16993.5  0.23026038999117254  
  16994.5  0.23026715854032387  
  16995.5  0.23027393561249648  
  16996.5  0.23028071248522253  
  16997.5  0.23028748915851954  
  16998.5  0.2302942569112027   
  16999.5  0.23030103318595116  
  17000.5  0.23030780926132338  
  17001.5  0.23031457641690395  
  17002.5  0.2303213520938331   
  17003.5  0.23032812757143872  
  17004.5  0.23033490284973857  
  17005.5  0.23034166920934274  
  17006.5  0.23034844408934002  
  17007.5  0.23035521877008416  
  17008.5  0.2303619932515928   
  17009.5  0.2303687588155014   
  17010.5  0.23037553289884796  
  17011.5  0.2303823067830117   
  17012.5  0.23038907175039686  
  17013.5  0.23039584523650386  
  17014.5  0.2304026185234807   
  17015.5  0.23040939161134494  
  17016.5  0.2304161557835255   
  17017.5  0.23042292847347337  
  17018.5  0.23042970096436127  
  17019.5  0.23043646454038638  
  17020.5  0.2304432366334631   
  17021.5  0.23045000852753253  
  17022.5  0.23045678022261215  
  17023.5  0.2304635430039231   
  17024.5  0.23047031430133177  
  17025.5  0.23047708539980324  
  17026.5  0.230483856299355    
  17027.5  0.23049061828623202  
  17028.5  0.23049738878825296  
  17029.5  0.2305041590914068   
  17030.5  0.2305109204827059   
  17031.5  0.23051769038843395  
  17032.5  0.23052446009534744  
  17033.5  0.23053122960346387  
  17034.5  0.23053799020081864  
  17035.5  0.23054475931164925  
  17036.5  0.2305515282237353   
  17037.5  0.2305582882258792   
  17038.5  0.2305650567407844   
  17039.5  0.23057182505699753  
  17040.5  0.23057859317453605  
  17041.5  0.23058535238322486  
  17042.5  0.23059212010372238  
  17043.5  0.23059888762559774  
  17044.5  0.23060565494886848  
  17045.5  0.2306124133643815   
  17046.5  0.23061918029075099  
  17047.5  0.23062594701856823  
  17048.5  0.23063270483944642  
  17049.5  0.23063947117046715  
  17050.5  0.23064623730298808  
  17051.5  0.23065300323702664  
  17052.5  0.2306597602652175   
  17053.5  0.23066652580259914  
  17054.5  0.23067329114155083  
  17055.5  0.23068004757547295  
  17056.5  0.23068681251787237  
  17057.5  0.23069357726189416  
  17058.5  0.23070034180755578  
  17059.5  0.2307070974492784   
  17060.5  0.23071386159852722  
  17061.5  0.23072062554946818  
  17062.5  0.23072738930211872  
  17063.5  0.2307341441519205   
  17064.5  0.23074090750829765  
  17065.5  0.23074767066643662  
  17066.5  0.23075442492254417  
  17067.5  0.23076118768451423  
  17068.5  0.23076795024829846  
  17069.5  0.2307747126139142   
  17070.5  0.230781466078588    
  17071.5  0.23078822804817406  
  17072.5  0.2307949898196439   
  17073.5  0.23080175139301493  
  17074.5  0.23080850406653314  
  17075.5  0.23081526524401366  
  17076.5  0.23082202622344758  
  17077.5  0.23082877830384516  
  17078.5  0.23083553888749286  
  17079.5  0.23084229927314615  
  17080.5  0.23084905946082238  
  17081.5  0.2308558107505507   
  17082.5  0.23086257054257975  
  17083.5  0.23086933013668393  
  17084.5  0.23087608083365616  
  17085.5  0.23088284003221737  
  17086.5  0.2308895990329058   
  17087.5  0.2308963578357388   
  17088.5  0.23090310774252762  
  17089.5  0.23090986614995654  
  17090.5  0.2309166243595822   
  17091.5  0.23092338237142188  
  17092.5  0.2309301314883047   
  17093.5  0.2309368891048791   
  17094.5  0.23094364652371968  
  17095.5  0.23095039504841847  
  17096.5  0.23095715207209777  
  17097.5  0.2309639088980952   
  17098.5  0.2309706655264282   
  17099.5  0.23097741326170607  
  17100.5  0.2309841694950164   
  17101.5  0.23099092553071435  
  17102.5  0.23099767267417173  
  17103.5  0.23100442831495097  
  17104.5  0.23101118375816973  
  17105.5  0.23101793900384532  
  17106.5  0.23102468535836634  
  17107.5  0.2310314402092618   
  17108.5  0.23103819486266605  
  17109.5  0.23104494931859643  
  17110.5  0.23105169488445776  
  17111.5  0.2310584489457464   
  17112.5  0.2310652028096131   
  17113.5  0.2310719477842246   
  17114.5  0.23107870125355334  
  17115.5  0.23108545452551202  
  17116.5  0.23109220760011798  
  17117.5  0.23109895178655354  
  17118.5  0.23110570446675982  
  17119.5  0.23111245694966523  
  17120.5  0.23111920054521357  
  17121.5  0.231125952633823    
  17122.5  0.23113270452518336  
  17123.5  0.231139456219312    
  17124.5  0.2311461990271677   
  17125.5  0.23115295032713853  
  17126.5  0.2311597014299294   
  17127.5  0.23116645233555763  
  17128.5  0.23117319435599668  
  17129.5  0.23117994486760515  
  17130.5  0.23118669518210272  
  17131.5  0.2311934366122236   
  17132.5  0.23120018653280494  
  17133.5  0.23120693625632718  
  17134.5  0.2312136857828076   
  17135.5  0.23122042642599433  
  17136.5  0.23122717555869635  
  17137.5  0.2312339244944083   
  17138.5  0.2312406732331474   
  17139.5  0.23124741308967553  
  17140.5  0.23125416143477415  
  17141.5  0.2312609095829516   
  17142.5  0.23126764884972972  
  17143.5  0.23127439660437     
  17144.5  0.23128114416214082  
  17145.5  0.2312878915230594   
  17146.5  0.23129463000366063  
  17147.5  0.23130137697117978  
  17148.5  0.23130812374189832  
  17149.5  0.23131486163311063  
  17150.5  0.23132160801053295  
  17151.5  0.23132835419120631  
  17152.5  0.23133510017514794  
  17153.5  0.23134183728066463  
  17154.5  0.23134858287144758  
  17155.5  0.2313553282655504   
  17156.5  0.2313620734629903   
  17157.5  0.23136880978308613  
  17158.5  0.23137555458750483  
  17159.5  0.2313822991953122   
  17160.5  0.2313890349265858   
  17161.5  0.231395779141475    
  17162.5  0.23140252315980442  
  17163.5  0.2314092669815912   
  17164.5  0.23141600192792444  
  17165.5  0.23142274535693041  
  17166.5  0.23142948858944531  
  17167.5  0.23143622294731647  
  17168.5  0.2314429657871535   
  17169.5  0.23144970843055096  
  17170.5  0.23145645087752598  
  17171.5  0.23146318445093675  
  17172.5  0.2314699265053711   
  17173.5  0.2314766683634345   
  17174.5  0.23148341002514405  
  17175.5  0.23149014281436855  
  17176.5  0.2314968840836746   
  17177.5  0.23150362515667833  
  17178.5  0.2315103573580059   
  17179.5  0.23151709803870887  
  17180.5  0.23152383852316089  
  17181.5  0.23153057881137906  
  17182.5  0.23153731022899957  
  17183.5  0.23154405012505402  
  17184.5  0.231550789824926    
  17185.5  0.2315575206550088   
  17186.5  0.23156425996281976  
  17187.5  0.23157099907449963  
  17188.5  0.23157773799006554  
  17189.5  0.23158446803692     
  17190.5  0.2315912065605617   
  17191.5  0.23159794488814078  
  17192.5  0.23160468301967435  
  17193.5  0.23161141228357382  
  17194.5  0.23161815002331992  
  17195.5  0.23162488756707186  
  17196.5  0.23163161624399733  
  17197.5  0.23163835339606434  
  17198.5  0.23164509035218842  
  17199.5  0.2316518271123866   
  17200.5  0.2316585550068351   
  17201.5  0.23166529137548503  
  17202.5  0.23167202754826036  
  17203.5  0.23167875485609313  
  17204.5  0.23168549063742258  
  17205.5  0.23169222622292868  
  17206.5  0.23169896161262848  
  17207.5  0.2317056881384617   
  17208.5  0.23171242313685214  
  17209.5  0.2317191579394875   
  17210.5  0.23172589254638484  
  17211.5  0.23173261829049113  
  17212.5  0.2317393525062155   
  17213.5  0.23174608652625298  
  17214.5  0.2317528116843058   
  17215.5  0.23175954531327259  
  17216.5  0.23176627874660366  
  17217.5  0.23177301198431605  
  17218.5  0.23177973636111873  
  17219.5  0.23178646920789667  
  17220.5  0.2317932018591071   
  17221.5  0.23179993431476703  
  17222.5  0.2318066579105917   
  17223.5  0.23181338997545337  
  17224.5  0.23182012184481562  
  17225.5  0.23182684485514815  
  17226.5  0.23183357633381424  
  17227.5  0.23184030761703195  
  17228.5  0.23184703870481835  
  17229.5  0.23185376093464888  
  17230.5  0.23186049163187517  
  17231.5  0.23186722213372116  
  17232.5  0.2318739437784163   
  17233.5  0.23188067388980416  
  17234.5  0.23188740380586273  
  17235.5  0.23189413352660904  
  17236.5  0.23190085439127764  
  17237.5  0.23190758372170173  
  17238.5  0.2319143128568645   
  17239.5  0.231921041796783    
  17240.5  0.23192776188169656  
  17241.5  0.2319344904314287   
  17242.5  0.23194121878596743  
  17243.5  0.23194793828630553  
  17244.5  0.2319546662507597   
  17245.5  0.2319613940200715   
  17246.5  0.23196812159425786  
  17247.5  0.2319748403153156   
  17248.5  0.2319815674995531   
  17249.5  0.23198829448871605  
  17250.5  0.23199501262555414  
  17251.5  0.23200173922486994  
  17252.5  0.23200846562916214  
  17253.5  0.23201519183844757  
  17254.5  0.23202190919647958  
  17255.5  0.23202863501605345  
  17256.5  0.2320353606406715   
  17257.5  0.23204208607035065  
  17258.5  0.23204880264984734  
  17259.5  0.2320555276899504   
  17260.5  0.23206225253516538  
  17261.5  0.2320689685310008   
  17262.5  0.23207569298674124  
  17263.5  0.23208241724764442  
  17264.5  0.23208914131372724  
  17265.5  0.23209585653150086  
  17266.5  0.2321025802082445   
  17267.5  0.23210930369021857  
  17268.5  0.23211601832468584  
  17269.5  0.23212274141742212  
  17270.5  0.23212946431543963  
  17271.5  0.23213618701875519  
  17272.5  0.23214290087563366  
  17273.5  0.2321496231898467   
  17274.5  0.23215634530940854  
  17275.5  0.2321630672343361   
  17276.5  0.23216978031389585  
  17277.5  0.232176501849856    
  17278.5  0.2321832231912326   
  17279.5  0.23218993568804291  
  17280.5  0.23219665664055336  
  17281.5  0.2322033773985309   
  17282.5  0.2322100979619924   
  17283.5  0.23221680968195627  
  17284.5  0.23222352985668662  
  17285.5  0.23223024983695162  
  17286.5  0.23223696097452004  
  17287.5  0.23224368056615508  
  17288.5  0.23225039996337532  
  17289.5  0.23225711916619768  
  17290.5  0.23226382952739139  
  17291.5  0.23227054834171865  
  17292.5  0.2322772669616986   
  17293.5  0.2322839853873481   
  17294.5  0.23229069497243646  
  17295.5  0.23229741300972565  
  17296.5  0.2323041308527349   
  17297.5  0.2323108398559834   
  17298.5  0.2323175573107334   
  17299.5  0.23232427457125404  
  17300.5  0.23233099163756213  
  17301.5  0.2323376998651763   
  17302.5  0.2323444165433598   
  17303.5  0.23235113302738125  
  17304.5  0.23235784931725753  
  17305.5  0.23236455676950635  
  17306.5  0.23237127267139254  
  17307.5  0.23237798837918405  
  17308.5  0.2323846952501476   
  17309.5  0.23239141057004994  
  17310.5  0.232398125695908    
  17311.5  0.2324048406277386   
  17312.5  0.2324115467238071   
  17313.5  0.23241826126788295  
  17314.5  0.2324249756179818   
  17315.5  0.23243168113311752  
  17316.5  0.23243839509556236  
  17317.5  0.2324451088640806   
  17318.5  0.23245182243868906  
  17319.5  0.2324585271793995   
  17320.5  0.23246524036648822  
  17321.5  0.23247195335971751  
  17322.5  0.23247866615910417  
  17323.5  0.23248537012565756  
  17324.5  0.23249208253765874  
  17325.5  0.23249879475586763  
  17326.5  0.23250549814204144  
  17327.5  0.23251220997296543  
  17328.5  0.23251892161014748  
  17329.5  0.23252563305360432  
  17330.5  0.23253233566609016  
  17331.5  0.2325390467223962   
  17332.5  0.23254575758502732  
  17333.5  0.23255245961748516  
  17334.5  0.232559170093066    
  17335.5  0.23256588037502224  
  17336.5  0.23257259046337053  
  17337.5  0.232579291722609    
  17338.5  0.23258600142404098  
  17339.5  0.23259271093191533  
  17340.5  0.23259942024624883  
  17341.5  0.23260612073253542  
  17342.5  0.23261282966008642  
  17343.5  0.23261953839414676  
  17344.5  0.23262623830095713  
  17345.5  0.23263294664833534  
  17346.5  0.23263965480227303  
  17347.5  0.23264636276278702  
  17348.5  0.23265306189711338  
  17349.5  0.232659769471079    
  17350.5  0.232666476851671    
  17351.5  0.2326731754068718   
  17352.5  0.23267988240101564  
  17353.5  0.23268658920183605  
  17354.5  0.23269329580934972  
  17355.5  0.2326999935925339   
  17356.5  0.23270669981373301  
  17357.5  0.23271340584167555  
  17358.5  0.23272011167637816  
  17359.5  0.23272680868781256  
  17360.5  0.23273351413633414  
  17361.5  0.2327402193916659   
  17362.5  0.23274691582452506  
  17363.5  0.23275362069377586  
  17364.5  0.23276032536988692  
  17365.5  0.2327670298528749   
  17366.5  0.2327737255144509   
  17367.5  0.23278042961149134  
  17368.5  0.23278713351545874  
  17369.5  0.23279383722636976  
  17370.5  0.23280053211692908  
  17371.5  0.23280723544202583  
  17372.5  0.2328139385741163   
  17373.5  0.2328206328866498   
  17374.5  0.23282733563302593  
  17375.5  0.23283403818644569  
  17376.5  0.23284074054692572  
  17377.5  0.23284743408890843  
  17378.5  0.2328541360638073   
  17379.5  0.23286083784581646  
  17380.5  0.23286753081012262  
  17381.5  0.23287423220665043  
  17382.5  0.23288093341033841  
  17383.5  0.23288763442120325  
  17384.5  0.232894326615424    
  17385.5  0.23290102724094053  
  17386.5  0.2329077276736838   
  17387.5  0.23291442791367048  
  17388.5  0.23292111933807155  
  17389.5  0.2329278191928429   
  17390.5  0.23293451885490749  
  17391.5  0.23294120970218007  
  17392.5  0.232947908979129    
  17393.5  0.23295460806342103  
  17394.5  0.23296130695507275  
  17395.5  0.2329679970329904   
  17396.5  0.23297469553965933  
  17397.5  0.23298139385373778  
  17398.5  0.23298808335487517  
  17399.5  0.2329947812840704   
  17400.5  0.23300147902072496  
  17401.5  0.2330081765648555   
  17402.5  0.23301486529710214  
  17403.5  0.2330215624564821   
  17404.5  0.23302825942338778  
  17405.5  0.23303495619783582  
  17406.5  0.23304164416145678  
  17407.5  0.23304834055128684  
  17408.5  0.23305503674870903  
  17409.5  0.23306172413609638  
  17410.5  0.233068419949       
  17411.5  0.23307511556954544  
  17412.5  0.23308181099774922  
  17413.5  0.2330884976169744   
  17414.5  0.23309519266079212  
  17415.5  0.23310188751231797  
  17416.5  0.23310857355565692  
  17417.5  0.23311526802289603  
  17418.5  0.2331219622978929   
  17419.5  0.23312865638066405  
  17420.5  0.2331353416563038   
  17421.5  0.2331420353549206   
  17422.5  0.23314872886136132  
  17423.5  0.23315542217564256  
  17424.5  0.23316210668384751  
  17425.5  0.23316879961410666  
  17426.5  0.23317549235225593  
  17427.5  0.23318217628511992  
  17428.5  0.23318886863934624  
  17429.5  0.23319556080151227  
  17430.5  0.2332022527716346   
  17431.5  0.23320893593752606  
  17432.5  0.23321562752385755  
  17433.5  0.23322231891819487  
  17434.5  0.23322900150909187  
  17435.5  0.23323569251973744  
  17436.5  0.2332423833384384   
  17437.5  0.23324907396521125  
  17438.5  0.23325575578959754  
  17439.5  0.23326244603281066  
  17440.5  0.23326913608414515  
  17441.5  0.2332758259436176   
  17442.5  0.2332825070017569   
  17443.5  0.23328919647780152  
  17444.5  0.23329588576203358  
  17445.5  0.2333025662457222   
  17446.5  0.23330925514662537  
  17447.5  0.2333159438557654   
  17448.5  0.23332263237315878  
  17449.5  0.2333293120910615   
  17450.5  0.23333600022525783  
  17451.5  0.23334268816775694  
  17452.5  0.23334937591857535  
  17453.5  0.23335605487095545  
  17454.5  0.2333627422387085   
  17455.5  0.23336942941483024  
  17456.5  0.23337610779330265  
  17457.5  0.23338279458645778  
  17458.5  0.23338948118803104  
  17459.5  0.23339616759803883  
  17460.5  0.23340284521144897  
  17461.5  0.23340953123862176  
  17462.5  0.23341621707427845  
  17463.5  0.23342289411412595  
  17464.5  0.23342957956704627  
  17465.5  0.23343626482849988  
  17466.5  0.23344294989850317  
  17467.5  0.23344962617374831  
  17468.5  0.23345631086114674  
  17469.5  0.23346299535714415  
  17470.5  0.23346967966175705  
  17471.5  0.23347635517266246  
  17472.5  0.23348303909480184  
  17473.5  0.23348972282560596  
  17474.5  0.2334963977634903   
  17475.5  0.23350308111191942  
  17476.5  0.23350976426906253  
  17477.5  0.2335164472349361   
  17478.5  0.23352312140893985  
  17479.5  0.23352980399256965  
  17480.5  0.2335364863849791   
  17481.5  0.23354315998630598  
  17482.5  0.23354984199657008  
  17483.5  0.23355652381566305  
  17484.5  0.23356320544360132  
  17485.5  0.23356987828150638  
  17486.5  0.2335765595274304   
  17487.5  0.23358324058224889  
  17488.5  0.2335899214459783   
  17489.5  0.23359659352072343  
  17490.5  0.2336032740025696   
  17491.5  0.23360995429337586  
  17492.5  0.23361662579598425  
  17493.5  0.23362330570500553  
  17494.5  0.23362998542303598  
  17495.5  0.23363666495009197  
  17496.5  0.23364333568999848  
  17497.5  0.23365001483540046  
  17498.5  0.2336566937898771   
  17499.5  0.23366336395799014  
  17500.5  0.23367004253091087  
  17501.5  0.23367672091295538  
  17502.5  0.23368339910414     
  17503.5  0.2336900685100087   
  17504.5  0.2336967463197682   
  17505.5  0.23370342393871688  
  17506.5  0.2337101013668711   
  17507.5  0.2337167700107567   
  17508.5  0.23372344705761652  
  17509.5  0.23373012391373094  
  17510.5  0.23373679198636185  
  17511.5  0.23374346846127986  
  17512.5  0.23375014474550143  
  17513.5  0.2337568208390429   
  17514.5  0.23376348815014755  
  17515.5  0.23377016386262323  
  17516.5  0.2337768393844678   
  17517.5  0.23378351471569758  
  17518.5  0.23379018126553683  
  17519.5  0.2337968562158313   
  17520.5  0.23380353097555998  
  17521.5  0.23381019695468247  
  17522.5  0.23381687133357368  
  17523.5  0.233823545521948    
  17524.5  0.23383021951982172  
  17525.5  0.2338368847381349   
  17526.5  0.23384355835530157  
  17527.5  0.23385023178201655  
  17528.5  0.23385689642995489  
  17529.5  0.23386356947606052  
  17530.5  0.23387024233176334  
  17531.5  0.23387691499707972  
  17532.5  0.2338835788846644   
  17533.5  0.23389025116950163  
  17534.5  0.23389692326400127  
  17535.5  0.23390359516817957  
  17536.5  0.23391025829567078  
  17537.5  0.23391692981950013  
  17538.5  0.233923601153057    
  17539.5  0.23393026371070985  
  17540.5  0.23393693466401538  
  17541.5  0.2339436054270972   
  17542.5  0.2339502759999716   
  17543.5  0.2339569377979859   
  17544.5  0.233963607990739    
  17545.5  0.23397027799333342  
  17546.5  0.23397693922185048  
  17547.5  0.23398360884442107  
  17548.5  0.2339902782768818   
  17549.5  0.23399694751924888  
  17550.5  0.23400360798858186  
  17551.5  0.23401027685105505  
  17552.5  0.23401694552348332  
  17553.5  0.23402361400588295  
  17554.5  0.23403027371629143  
  17555.5  0.23403694181892698  
  17556.5  0.2340436097315826   
  17557.5  0.2340502688730289   
  17558.5  0.2340569364060178   
  17559.5  0.23406360374907542  
  17560.5  0.23407027090221802  
  17561.5  0.23407692928519358  
  17562.5  0.23408359605879914  
  17563.5  0.23409026264253835  
  17564.5  0.23409692045689187  
  17565.5  0.23410358666119127  
  17566.5  0.23411025267567295  
  17567.5  0.2341169185003531   
  17568.5  0.23412357555668917  
  17569.5  0.2341302410020591   
  17570.5  0.2341369062576761   
  17571.5  0.23414357132355643  
  17572.5  0.23415022762213392  
  17573.5  0.23415689230883355  
  17574.5  0.234163556805845    
  17575.5  0.2341702125363343   
  17576.5  0.23417687665426215  
  17577.5  0.23418354058255045  
  17578.5  0.23419020432121535  
  17579.5  0.23419685929439865  
  17580.5  0.23420352265410932  
  17581.5  0.23421018582424513  
  17582.5  0.2342168402296795   
  17583.5  0.23422350302095807  
  17584.5  0.23423016562271026  
  17585.5  0.2342368280349523   
  17586.5  0.23424348168353287  
  17587.5  0.23425014371704692  
  17588.5  0.23425680556109926  
  17589.5  0.2342634672157061   
  17590.5  0.23427012010769105  
  17591.5  0.23427678138369906  
  17592.5  0.23428344247031002  
  17593.5  0.23429009479507845  
  17594.5  0.23429675550318738  
  17595.5  0.23430341602194774  
  17596.5  0.23431007635137557  
  17597.5  0.23431672791999983  
  17598.5  0.23432338787105472  
  17599.5  0.23433004763282556  
  17600.5  0.23433670720532843  
  17601.5  0.23434335801806633  
  17602.5  0.23435001721232526  
  17603.5  0.2343566762173646   
  17604.5  0.2343633264634176   
  17605.5  0.2343699850903097   
  17606.5  0.23437664352803061  
  17607.5  0.23438330177659641  
  17608.5  0.23438995126721376  
  17609.5  0.23439660913776117  
  17610.5  0.23440326681920182  
  17611.5  0.23440991574347209  
  17612.5  0.2344165730469909   
  17613.5  0.2344232301614513   
  17614.5  0.23442988708686932  
  17615.5  0.2344365352561543   
  17616.5  0.23444319180377923  
  17617.5  0.2344498481624101   
  17618.5  0.23445650433206303  
  17619.5  0.2344631517466198   
  17620.5  0.23446980753860827  
  17621.5  0.23447646314166704  
  17622.5  0.234483109990407    
  17623.5  0.23448976521589773  
  17624.5  0.23449642025250703  
  17625.5  0.2345030751002509   
  17626.5  0.2345097211947123   
  17627.5  0.2345163756650167   
  17628.5  0.23452302994650392  
  17629.5  0.2345296754754855   
  17630.5  0.23453632937962954  
  17631.5  0.2345429830950046   
  17632.5  0.23454963662162676  
  17633.5  0.23455628139677892  
  17634.5  0.2345629345461863   
  17635.5  0.23456958750688892  
  17636.5  0.2345762402789028   
  17637.5  0.234582884300482    
  17638.5  0.23458953669540944  
  17639.5  0.23459618890169634  
  17640.5  0.23460283235832463  
  17641.5  0.23460948418762126  
  17642.5  0.23461613582832544  
  17643.5  0.23462278728045316  
  17644.5  0.23462942998395694  
  17645.5  0.23463608105922262  
  17646.5  0.23464273194596     
  17647.5  0.23464937408484898  
  17648.5  0.23465602459482035  
  17649.5  0.23466267491631146  
  17650.5  0.23466932504933835  
  17651.5  0.23467596643555086  
  17652.5  0.2346826161919398   
  17653.5  0.23468926575991256  
  17654.5  0.23469591513948512  
  17655.5  0.23470255577327698  
  17656.5  0.23470920477633958  
  17657.5  0.23471585359105004  
  17658.5  0.2347224936607547   
  17659.5  0.23472914209905119  
  17660.5  0.2347357903490435   
  17661.5  0.23474243841074763  
  17662.5  0.23474907772847886  
  17663.5  0.23475572541389686  
  17664.5  0.23476237291107466  
  17665.5  0.2347690202200282   
  17666.5  0.23477565878604154  
  17667.5  0.2347823057188368   
  17668.5  0.2347889524634557   
  17669.5  0.23479559046590853  
  17670.5  0.23480223683446497  
  17671.5  0.23480888301489303  
  17672.5  0.23481552900720867  
  17673.5  0.23482216625839017  
  17674.5  0.23482881187477095  
  17675.5  0.23483545730308725  
  17676.5  0.23484209399104303  
  17677.5  0.23484873904352013  
  17678.5  0.2348553839079806   
  17679.5  0.23486202858444039  
  17680.5  0.234868664521571    
  17681.5  0.23487530882231916  
  17682.5  0.2348819529351145   
  17683.5  0.23488859685997293  
  17684.5  0.23489523204653315  
  17685.5  0.23490187559580744  
  17686.5  0.2349085189571926   
  17687.5  0.23491515358105255  
  17688.5  0.23492179656694917  
  17689.5  0.23492843936500446  
  17690.5  0.2349350819752344   
  17691.5  0.23494171584896942  
  17692.5  0.23494835808383813  
  17693.5  0.23495500013092926  
  17694.5  0.23496163344229784  
  17695.5  0.23496827511412316  
  17696.5  0.23497491659821865  
  17697.5  0.2349815578946002   
  17698.5  0.23498819045628894  
  17699.5  0.2349948313775319   
  17700.5  0.2350014721111087   
  17701.5  0.23500811265703517  
  17702.5  0.23501474446929815  
  17703.5  0.23502138464021322  
  17704.5  0.23502802462352565  
  17705.5  0.2350346558739463   
  17706.5  0.23504129548234262  
  17707.5  0.23504793490318404  
  17708.5  0.23505457413648637  
  17709.5  0.23506120463792562  
  17710.5  0.2350678434964389   
  17711.5  0.23507448216746074  
  17712.5  0.23508111210739072  
  17713.5  0.23508775040371868  
  17714.5  0.2350943885126029   
  17715.5  0.2351010264340592   
  17716.5  0.2351076556254517   
  17717.5  0.235114293172341    
  17718.5  0.23512093053185004  
  17719.5  0.23512756770399465  
  17720.5  0.23513419614710312  
  17721.5  0.2351408329448076   
  17722.5  0.23514746955519517  
  17723.5  0.23515409743731708  
  17724.5  0.2351607336733596   
  17725.5  0.23516736972213276  
  17726.5  0.23517400558365253  
  17727.5  0.23518063271793366  
  17728.5  0.235187268205235    
  17729.5  0.2351939035053304   
  17730.5  0.2352005300789572   
  17731.5  0.23520716500492922  
  17732.5  0.23521379974374276  
  17733.5  0.23522043429541376  
  17734.5  0.23522706012164254  
  17735.5  0.23523369429931668  
  17736.5  0.23524032828989572  
  17737.5  0.23524696209339546  
  17738.5  0.23525358717247913  
  17739.5  0.2352602206021085   
  17740.5  0.23526685384470608  
  17741.5  0.23527347836365678  
  17742.5  0.23528011123247883  
  17743.5  0.23528674391431648  
  17744.5  0.23529337640918555  
  17745.5  0.23530000018143318  
  17746.5  0.2353066323026531   
  17747.5  0.23531326423695187  
  17748.5  0.23531989598434525  
  17749.5  0.23532651901014226  
  17750.5  0.23533315038401278  
  17751.5  0.23533978157102534  
  17752.5  0.23534640403721002  
  17753.5  0.23535303485079437  
  17754.5  0.23535966547756812  
  17755.5  0.23536629591754699  
  17756.5  0.23537291763772245  
  17757.5  0.23537954770439937  
  17758.5  0.23538617758432875  
  17759.5  0.2353927987452227   
  17760.5  0.23539942825194474  
  17761.5  0.2354060575719665   
  17762.5  0.23541268670530383  
  17763.5  0.23541930712062958  
  17764.5  0.2354259358808856   
  17765.5  0.23543256445450444  
  17766.5  0.23543919284150192  
  17767.5  0.23544581251151125  
  17768.5  0.23545244052555334  
  17769.5  0.23545906835302136  
  17770.5  0.23546568746426846  
  17771.5  0.23547231491887552  
  17772.5  0.2354789421869557   
  17773.5  0.23548556926852474  
  17774.5  0.23549218763489574  
  17775.5  0.2354988143437297   
  17776.5  0.23550544086609976  
  17777.5  0.23551205867403857  
  17778.5  0.23551868482376792  
  17779.5  0.2355253107870805   
  17780.5  0.2355319365639921   
  17781.5  0.23553855362749465  
  17782.5  0.23554517903189126  
  17783.5  0.23555180424993405  
  17784.5  0.23555842928163873  
  17785.5  0.23556504560095617  
  17786.5  0.23557167026027154  
  17787.5  0.2355782947332959   
  17788.5  0.23558491049469915  
  17789.5  0.23559153459542842  
  17790.5  0.23559815850991384  
  17791.5  0.23560478223817108  
  17792.5  0.23561139725582844  
  17793.5  0.2356180206119161   
  17794.5  0.23562464378182277  
  17795.5  0.2356312582418951   
  17796.5  0.23563788103972627  
  17797.5  0.23564450365142345  
  17798.5  0.23565112607700234  
  17799.5  0.2356577397937675   
  17800.5  0.23566436184739636  
  17801.5  0.23567098371495399  
  17802.5  0.23567760539645605  
  17803.5  0.23568421837016457  
  17804.5  0.23569083967984192  
  17805.5  0.23569746080351073  
  17806.5  0.2357040732201509   
  17807.5  0.23571069397208902  
  17808.5  0.23571731453806555  
  17809.5  0.23572393491809623  
  17810.5  0.23573054659211787  
  17811.5  0.23573716660054303  
  17812.5  0.2357437864230693   
  17813.5  0.23575040605971234  
  17814.5  0.23575701699136556  
  17815.5  0.23576363625652827  
  17816.5  0.2357702553358547   
  17817.5  0.23577686571095538  
  17818.5  0.23578348441889524  
  17819.5  0.23579010294104577  
  17820.5  0.23579672127742254  
  17821.5  0.23580333091059227  
  17822.5  0.23580994887570755  
  17823.5  0.23581656665509604  
  17824.5  0.23582317573204106  
  17825.5  0.23582979314026178  
  17826.5  0.23583641036280253  
  17827.5  0.23584302739967897  
  17828.5  0.23584963573513001  
  17829.5  0.2358562524009636   
  17830.5  0.23586286888117972  
  17831.5  0.23586948517579404  
  17832.5  0.23587609277000054  
  17833.5  0.23588270869369682  
  17834.5  0.2358893244318381   
  17835.5  0.2358959314703345   
  17836.5  0.23590254683765133  
  17837.5  0.23590916201945997  
  17838.5  0.235915777015776    
  17839.5  0.2359223833134642   
  17840.5  0.23592899793908054  
  17841.5  0.23593561237925106  
  17842.5  0.23594221812155614  
  17843.5  0.23594883219112045  
  17844.5  0.2359554460752857   
  17845.5  0.23596205977406745  
  17846.5  0.2359686647760002   
  17847.5  0.23597527810430038  
  17848.5  0.2359818912472638   
  17849.5  0.23598850420490608  
  17850.5  0.23599510846671537  
  17851.5  0.23600172105400055  
  17852.5  0.2360083334560113   
  17853.5  0.23601493716295077  
  17854.5  0.23602154919469778  
  17855.5  0.23602816104121702  
  17856.5  0.23603477270252407  
  17857.5  0.2360413756697753   
  17858.5  0.236047986960943    
  17859.5  0.2360545980669452   
  17860.5  0.23606120047965282  
  17861.5  0.23606781121560894  
  17862.5  0.23607442176644614  
  17863.5  0.2360810321321801   
  17864.5  0.2360876338056342   
  17865.5  0.23609424380144628  
  17866.5  0.23610085361220168  
  17867.5  0.23610746323791595  
  17868.5  0.2361140641723648   
  17869.5  0.23612067342828147  
  17870.5  0.23612728249920356  
  17871.5  0.23613388287962075  
  17872.5  0.23614049158083836  
  17873.5  0.23614710009710796  
  17874.5  0.2361537084284451   
  17875.5  0.2361603080702912   
  17876.5  0.23616691603204792  
  17877.5  0.23617352380891873  
  17878.5  0.2361801228970586   
  17879.5  0.236186730304442    
  17880.5  0.23619333752698607  
  17881.5  0.23619994456470625  
  17882.5  0.2362065429147086   
  17883.5  0.23621314958306536  
  17884.5  0.23621975606664475  
  17885.5  0.23622636236546227  
  17886.5  0.23623295997757482  
  17887.5  0.2362395659071528   
  17888.5  0.23624617165201542  
  17889.5  0.23625276871093237  
  17890.5  0.23625937408664835  
  17891.5  0.23626597927769538  
  17892.5  0.23627258428408895  
  17893.5  0.23627918060554912  
  17894.5  0.23628578524291985  
  17895.5  0.23629238969568353  
  17896.5  0.2362989939638557   
  17897.5  0.2363055895481063   
  17898.5  0.2363121934473793   
  17899.5  0.23631879716210719  
  17900.5  0.2363253921936721   
  17901.5  0.23633199553959355  
  17902.5  0.23633859870101628  
  17903.5  0.23634520167795567  
  17904.5  0.2363517959727434   
  17905.5  0.236358398581       
  17906.5  0.23636500100481966  
  17907.5  0.23637159474724576  
  17908.5  0.2363781968024752   
  17909.5  0.23638479867331408  
  17910.5  0.23639140035977785  
  17911.5  0.23639799336585865  
  17912.5  0.2364045946838557   
  17913.5  0.2364111958175239   
  17914.5  0.2364177967668787   
  17915.5  0.23642438903686086  
  17916.5  0.23643098961787237  
  17917.5  0.23643759001461678  
  17918.5  0.23644418173274595  
  17919.5  0.23645078176123954  
  17920.5  0.2364573816055123   
  17921.5  0.23646398126557966  
  17922.5  0.2364705722480414   
  17923.5  0.23647717153998124  
  17924.5  0.2364837706477619   
  17925.5  0.23649036107869392  
  17926.5  0.23649695981843946  
  17927.5  0.23650355837407203  
  17928.5  0.2365101567456071   
  17929.5  0.23651674644130255  
  17930.5  0.23652334444492568  
  17931.5  0.23652994226449744  
  17932.5  0.23653653990003323  
  17933.5  0.2365431288607382   
  17934.5  0.23654972612848515  
  17935.5  0.23655632321224235  
  17936.5  0.23656291162192492  
  17937.5  0.23656950833798548  
  17938.5  0.23657610487010247  
  17939.5  0.23658270121829122  
  17940.5  0.2365892888934134   
  17941.5  0.23659588487402852  
  17942.5  0.2366024806707616   
  17943.5  0.2366090677951838   
  17944.5  0.2366156632244354   
  17945.5  0.23662225846985097  
  17946.5  0.23662885353144592  
  17947.5  0.23663543992173758  
  17948.5  0.2366420346159739   
  17949.5  0.23664862912643575  
  17950.5  0.2366552234531384   
  17951.5  0.23666180910954485  
  17952.5  0.23666840306901168  
  17953.5  0.23667499684476542  
  17954.5  0.236681581950978    
  17955.5  0.23668817535958792  
  17956.5  0.23669476858453078  
  17957.5  0.2367013616258219   
  17958.5  0.23670794599857836  
  17959.5  0.23671453867284836  
  17960.5  0.23672113116351265  
  17961.5  0.23672771498639686  
  17962.5  0.23673430711013196  
  17963.5  0.23674089905030732  
  17964.5  0.23674749080693833  
  17965.5  0.23675407389679512  
  17966.5  0.2367606652866195   
  17967.5  0.23676725649294542  
  17968.5  0.23677384751578823  
  17969.5  0.2367804298728624   
  17970.5  0.2367870205290211   
  17971.5  0.23679361100174257  
  17972.5  0.2368001928094493   
  17973.5  0.23680678291557844  
  17974.5  0.23681337283831638  
  17975.5  0.23681996257767834  
  17976.5  0.2368265436530305   
  17977.5  0.23683313302592246  
  17978.5  0.2368397222154844   
  17979.5  0.2368463112217316   
  17980.5  0.23685289156497358  
  17981.5  0.2368594802048731   
  17982.5  0.23686606866150373  
  17983.5  0.23687264845588227  
  17984.5  0.23687923654625687  
  17985.5  0.23688582445340847  
  17986.5  0.23689241217735232  
  17987.5  0.23689899124004804  
  17988.5  0.23690557859785807  
  17989.5  0.23691216577250615  
  17990.5  0.2369187442866588   
  17991.5  0.2369253310952646   
  17992.5  0.23693191772075428  
  17993.5  0.2369385041631432   
  17994.5  0.23694508194603997  
  17995.5  0.23695166802250864  
  17996.5  0.23695825391592223  
  17997.5  0.23696483962629608  
  17998.5  0.2369714166781808   
  17999.5  0.23697800202275637  
  18000.5  0.2369845871843379   
  18001.5  0.23699116368818235  
  18002.5  0.23699774848405708  
  18003.5  0.23700433309698352  
  18004.5  0.2370109175269769   
  18005.5  0.23701749330023558  
  18006.5  0.237024077364644    
  18007.5  0.23703066124616515  
  18008.5  0.23703723647170308  
  18009.5  0.23704381998773055  
  18010.5  0.23705040332091643  
  18011.5  0.23705698647127588  
  18012.5  0.23706356096665396  
  18013.5  0.23707014375164157  
  18014.5  0.23707672635384844  
  18015.5  0.23708330877328979  
  18016.5  0.2370898825387512   
  18017.5  0.23709646459294237  
  18018.5  0.23710304646441369  
  18019.5  0.23710961968265584  
  18020.5  0.23711620118896817  
  18021.5  0.23712278251260627  
  18022.5  0.2371293636535853   
  18023.5  0.23713593614233605  
  18024.5  0.23714251691827767  
  18025.5  0.23714909751160587  
  18026.5  0.2371556694534561   
  18027.5  0.23716224968183802  
  18028.5  0.23716882972765202  
  18029.5  0.2371754095909134   
  18030.5  0.23718198080369704  
  18031.5  0.23718856030213356  
  18032.5  0.237195139618063    
  18033.5  0.23720171875150045  
  18034.5  0.2372082892354601   
  18035.5  0.2372148680041941   
  18036.5  0.23722144659048172  
  18037.5  0.23722801652804112  
  18038.5  0.23723459474971623  
  18039.5  0.23724117278899046  
  18040.5  0.23724775064587897  
  18041.5  0.23725431985503853  
  18042.5  0.2372608973474358   
  18043.5  0.23726747465749284  
  18044.5  0.2372740517852248   
  18045.5  0.23728062026622682  
  18046.5  0.23728719702958873  
  18047.5  0.23729377361067103  
  18048.5  0.2373003415457723   
  18049.5  0.23730691776257534  
  18050.5  0.2373134937971443   
  18051.5  0.2373200696494942   
  18052.5  0.2373266368568614   
  18053.5  0.23733321234505317  
  18054.5  0.23733978765107133  
  18055.5  0.23734635431285522  
  18056.5  0.237352929254806    
  18057.5  0.23735950401462858  
  18058.5  0.23736607859233808  
  18059.5  0.23737264452681103  
  18060.5  0.2373792187405741   
  18061.5  0.23738579277226945  
  18062.5  0.23739236662191227  
  18063.5  0.2373989318293159   
  18064.5  0.23740550531513316  
  18065.5  0.23741207861894315  
  18066.5  0.23741864328126178  
  18067.5  0.23742521622133686  
  18068.5  0.23743178897945005  
  18069.5  0.23743836155561643  
  18070.5  0.23744492549128823  
  18071.5  0.23745149770384047  
  18072.5  0.2374580697344912   
  18073.5  0.23746463312539465  
  18074.5  0.23747120479252173  
  18075.5  0.23747777627779265  
  18076.5  0.23748434758122244  
  18077.5  0.23749091024590108  
  18078.5  0.23749748118592792  
  18079.5  0.23750405194415888  
  18080.5  0.2375106225206091   
  18081.5  0.23751718445930398  
  18082.5  0.2375237546724718   
  18083.5  0.2375303247039041   
  18084.5  0.23753688609832768  
  18085.5  0.23754345576656793  
  18086.5  0.2375500252531179   
  18087.5  0.23755659455799263  
  18088.5  0.23756315522685387  
  18089.5  0.23756972416865707  
  18090.5  0.2375762929288302   
  18091.5  0.237582853053736    
  18092.5  0.23758942145092793  
  18093.5  0.23759598966653497  
  18094.5  0.23760255770057218  
  18095.5  0.23760911710033666  
  18096.5  0.237615684771513    
  18097.5  0.23762225226116468  
  18098.5  0.23762881956930668  
  18099.5  0.2376353782441703   
  18100.5  0.23764194518957174  
  18101.5  0.23764851195350867  
  18102.5  0.23765507008491266  
  18103.5  0.23766163648619917  
  18104.5  0.23766820270606628  
  18105.5  0.23767476874452903  
  18106.5  0.2376813261514525   
  18107.5  0.23768789182738498  
  18108.5  0.23769445732195818  
  18109.5  0.23770101418573708  
  18110.5  0.23770757931787012  
  18111.5  0.23771414426868892  
  18112.5  0.2377207090382085   
  18113.5  0.2377272651779269   
  18114.5  0.23773382958512634  
  18115.5  0.23774039381107165  
  18116.5  0.23774695785577776  
  18117.5  0.23775351327167546  
  18118.5  0.23776007695418147  
  18119.5  0.23776664045549328  
  18120.5  0.23777319532874097  
  18121.5  0.2377797584679426   
  18122.5  0.23778632142599512  
  18123.5  0.23779288420291347  
  18124.5  0.23779943835275974  
  18125.5  0.2378060007676878   
  18126.5  0.2378125630015266   
  18127.5  0.2378191250542912   
  18128.5  0.23782567848097558  
  18129.5  0.23783224017186969  
  18130.5  0.23783880168173452  
  18131.5  0.23784535456626268  
  18132.5  0.23785191571434686  
  18133.5  0.23785847668144663  
  18134.5  0.23786503746757703  
  18135.5  0.237871589629362    
  18136.5  0.23787815005383142  
  18137.5  0.23788471029737637  
  18138.5  0.23789126191731896  
  18139.5  0.23789782179929264  
  18140.5  0.23790438150038667  
  18141.5  0.23791094102061608  
  18142.5  0.2379174919182338   
  18143.5  0.23792405107701148  
  18144.5  0.23793061005496943  
  18145.5  0.2379371688521225   
  18146.5  0.23794371902765415  
  18147.5  0.23795027746347505  
  18148.5  0.23795683571853593  
  18149.5  0.23796338535271783  
  18150.5  0.2379699432465361   
  18151.5  0.23797650095963918  
  18152.5  0.237983058492042    
  18153.5  0.2379896074045555   
  18154.5  0.23799616457583514  
  18155.5  0.23800272156645924  
  18156.5  0.23800926993793606  
  18157.5  0.23801582656752648  
  18158.5  0.23802238301650622  
  18159.5  0.23802893928489013  
  18160.5  0.23803548693511584  
  18161.5  0.23804204284258534  
  18162.5  0.2380485985695038   
  18163.5  0.23805515411588615  
  18164.5  0.23806170104509897  
  18165.5  0.23806825623068611  
  18166.5  0.23807481123578184  
  18167.5  0.23808135762444932  
  18168.5  0.23808791226883919  
  18169.5  0.23809446673278237  
  18170.5  0.2381010210162937   
  18171.5  0.238107566684365    
  18172.5  0.2381141206072896   
  18173.5  0.23812067434982706  
  18174.5  0.23812721947766527  
  18175.5  0.23813377285970527  
  18176.5  0.2381403260614028   
  18177.5  0.23814687908277274  
  18178.5  0.23815342349043098  
  18179.5  0.2381599761514224   
  18180.5  0.2381665286321309   
  18181.5  0.2381730809325713   
  18182.5  0.23817962462028724  
  18183.5  0.2381861765604681   
  18184.5  0.23819272832042546  
  18185.5  0.23819927146839848  
  18186.5  0.23820582286818542  
  18187.5  0.23821237408779347  
  18188.5  0.2382189251272375   
  18189.5  0.23822546755568386  
  18190.5  0.23823201823507628  
  18191.5  0.23823856873434926  
  18192.5  0.2382451190535176   
  18193.5  0.23825166076267457  
  18194.5  0.23825821072191006  
  18195.5  0.2382647605010855   
  18196.5  0.23827130167098892  
  18197.5  0.23827785109032049  
  18198.5  0.23828440032963652  
  18199.5  0.23829094938895184  
  18200.5  0.2382974898399809   
  18201.5  0.238304038539571    
  18202.5  0.23831058705920488  
  18203.5  0.23831712697129145  
  18204.5  0.238323675131289    
  18205.5  0.23833022311137486  
  18206.5  0.2383367709115638   
  18207.5  0.23834331010519058  
  18208.5  0.2383498575458617   
  18209.5  0.2383564048066804   
  18210.5  0.23836295188766152  
  18211.5  0.23836949036306515  
  18212.5  0.2383760370846469   
  18213.5  0.23838258362643544  
  18214.5  0.23838912156338482  
  18215.5  0.2383956677458628   
  18216.5  0.238402213748592    
  18217.5  0.23840875957158722  
  18218.5  0.23841529679072743  
  18219.5  0.23842184225453042  
  18220.5  0.23842838753864384  
  18221.5  0.23843492421964008  
  18222.5  0.23844146914464992  
  18223.5  0.23844801389001455  
  18224.5  0.23845455845574878  
  18225.5  0.23846109441934946  
  18226.5  0.23846763862609832  
  18227.5  0.23847418265326115  
  18228.5  0.23848072650085267  
  18229.5  0.2384872617472939   
  18230.5  0.23849380523601826  
  18231.5  0.23850034854521562  
  18232.5  0.23850688325399988  
  18233.5  0.23851342620441862  
  18234.5  0.23851996897535477  
  18235.5  0.23852651156682297  
  18236.5  0.23853304555886068  
  18237.5  0.23853958779166834  
  18238.5  0.23854612984505236  
  18239.5  0.23855266329974262  
  18240.5  0.23855920499455455  
  18241.5  0.2385657465099871   
  18242.5  0.23857228784605508  
  18243.5  0.23857882058441138  
  18244.5  0.23858536156202517  
  18245.5  0.23859190236031863  
  18246.5  0.23859844297930646  
  18247.5  0.2386049750015643   
  18248.5  0.23861151526221583  
  18249.5  0.23861805534360597  
  18250.5  0.23862458682900214  
  18251.5  0.23863112655214433  
  18252.5  0.2386376660960693   
  18253.5  0.23864420546079174  
  18254.5  0.23865073623050143  
  18255.5  0.2386572752370937   
  18256.5  0.2386638140645277   
  18257.5  0.2386703442976844   
  18258.5  0.23867688276707644  
  18259.5  0.23868342105735432  
  18260.5  0.23868995916853272  
  18261.5  0.2386964886864145   
  18262.5  0.23870302643966862  
  18263.5  0.23870956401386745  
  18264.5  0.23871610140902563  
  18265.5  0.2387226302118674   
  18266.5  0.2387291672492189   
  18267.5  0.23873570410757386  
  18268.5  0.2387422323743473   
  18269.5  0.23874876887498367  
  18270.5  0.23875530519666763  
  18271.5  0.2387618413394139   
  18272.5  0.2387683688915582   
  18273.5  0.23877490467670331  
  18274.5  0.23878144028295475  
  18275.5  0.23878797571032723  
  18276.5  0.2387945025480771   
  18277.5  0.23880103761796587  
  18278.5  0.23880757250901966  
  18279.5  0.23881409881118504  
  18280.5  0.2388206333448431   
  18281.5  0.23882716769971027  
  18282.5  0.23883370187580116  
  18283.5  0.2388402274639824   
  18284.5  0.23884676128279483  
  18285.5  0.23885329492287502  
  18286.5  0.2388598199757793   
  18287.5  0.23886635325866895  
  18288.5  0.23887288636287035  
  18289.5  0.2388794192883981   
  18290.5  0.23888594362772808  
  18291.5  0.23889247619618248  
  18292.5  0.2388990085860072   
  18293.5  0.23890554079721693  
  18294.5  0.2389120644232067   
  18295.5  0.23891859627746018  
  18296.5  0.23892512795314252  
  18297.5  0.23893165104433803  
  18298.5  0.23893818236315192  
  18299.5  0.23894471350343865  
  18300.5  0.23895124446521288  
  18301.5  0.2389577668434774   
  18302.5  0.2389642974485001   
  18303.5  0.2389708278750542   
  18304.5  0.2389773497188312   
  18305.5  0.2389838797887215   
  18306.5  0.238990409680187    
  18307.5  0.23899693939324235  
  18308.5  0.23900346052449728  
  18309.5  0.23900998988100575  
  18310.5  0.2390165190591479   
  18311.5  0.23902304805893834  
  18312.5  0.23902956847790469  
  18313.5  0.23903609712126503  
  18314.5  0.23904262558631753  
  18315.5  0.23904914547127787  
  18316.5  0.2390556735799879   
  18317.5  0.23906220151043378  
  18318.5  0.2390687292626302   
  18319.5  0.2390752484357102   
  18320.5  0.23908177583168083  
  18321.5  0.23908830304944578  
  18322.5  0.23909482168882581  
  18323.5  0.23910134855045242  
  18324.5  0.2391078752339171   
  18325.5  0.23911440173923446  
  18326.5  0.23912091966714202  
  18327.5  0.23912744581643766  
  18328.5  0.23913397178762966  
  18329.5  0.23914049758073266  
  18330.5  0.23914701479740066  
  18331.5  0.23915354023459848  
  18332.5  0.23916006549375096  
  18333.5  0.2391665821771993   
  18334.5  0.23917310708053394  
  18335.5  0.239179631805867    
  18336.5  0.23918615635321294  
  18337.5  0.23919267232582903  
  18338.5  0.2391991965174736   
  18339.5  0.23920572053117478  
  18340.5  0.2392122443669471   
  18341.5  0.23921875962896344  
  18342.5  0.23922528310915075  
  18343.5  0.23923180641145286  
  18344.5  0.23923832114072915  
  18345.5  0.23924484408753344  
  18346.5  0.23925136685649617  
  18347.5  0.2392578894476319   
  18348.5  0.23926440346671513  
  18349.5  0.23927092570246927  
  18350.5  0.23927744776044005  
  18351.5  0.23928396124708795  
  18352.5  0.23929048294976427  
  18353.5  0.23929700447470076  
  18354.5  0.23930352582191197  
  18355.5  0.2393100385987731   
  18356.5  0.239316559590806    
  18357.5  0.2393230804051572   
  18358.5  0.2393296010418412   
  18359.5  0.2393361131091475   
  18360.5  0.23934263339076928  
  18361.5  0.2393491534947674   
  18362.5  0.23935566503011685  
  18363.5  0.23936218477913976  
  18364.5  0.2393687043505825   
  18365.5  0.23937522374445963  
  18366.5  0.23938173457065995  
  18367.5  0.2393882536096778   
  18368.5  0.23939477247117358  
  18369.5  0.23940128276572106  
  18370.5  0.2394078012724445   
  18371.5  0.23941431960168927  
  18372.5  0.23942083775346987  
  18373.5  0.2394273473392735   
  18374.5  0.23943386513639767  
  18375.5  0.2394403827561011   
  18376.5  0.23944690019839834  
  18377.5  0.23945340907568954  
  18378.5  0.23945992616344608  
  18379.5  0.23946644307383985  
  18380.5  0.2394729514199555   
  18381.5  0.23947946797589537  
  18382.5  0.23948598435451587  
  18383.5  0.23949250055583152  
  18384.5  0.23949900819383937  
  18385.5  0.23950552404081682  
  18386.5  0.23951203971053275  
  18387.5  0.23951854681766835  
  18388.5  0.2395250621331328   
  18389.5  0.2395315772713791   
  18390.5  0.23953809223242178  
  18391.5  0.2395445986318539   
  18392.5  0.23955111323876063  
  18393.5  0.23955762766850705  
  18394.5  0.23956414192110762  
  18395.5  0.2395706476130671   
  18396.5  0.23957716151164724  
  18397.5  0.23958367523312485  
  18398.5  0.23959018039468818  
  18399.5  0.23959669376223194  
  18400.5  0.2396032069527165   
  18401.5  0.23960971996615626  
  18402.5  0.23961622442065061  
  18403.5  0.23962273708027196  
  18404.5  0.2396292495628918   
  18405.5  0.23963575348729257  
  18406.5  0.23964226561618046  
  18407.5  0.23964877756811012  
  18408.5  0.239655289343096    
  18409.5  0.2396617925608311   
  18410.5  0.23966830398220032  
  18411.5  0.23967481522666895  
  18412.5  0.23968132629425148  
  18413.5  0.2396878288055512   
  18414.5  0.2396943395196323   
  18415.5  0.23970085005687047  
  18416.5  0.23970735203855154  
  18417.5  0.23971386222237465  
  18418.5  0.23972037222939802  
  18419.5  0.23972688205963613  
  18420.5  0.2397333833352845   
  18421.5  0.23973989281222263  
  18422.5  0.23974640211241863  
  18423.5  0.2397529112358869   
  18424.5  0.23975941180573257  
  18425.5  0.23976592057601592  
  18426.5  0.23977242916961475  
  18427.5  0.2397789292103159   
  18428.5  0.23978543745081607  
  18429.5  0.2397919455146748   
  18430.5  0.23979845340190648  
  18431.5  0.23980495273720698  
  18432.5  0.23981146027145495  
  18433.5  0.23981796762911897  
  18434.5  0.23982446643557645  
  18435.5  0.2398309734403429   
  18436.5  0.23983748026856855  
  18437.5  0.2398439869202677   
  18438.5  0.2398504850217262   
  18439.5  0.23985699132064267  
  18440.5  0.23986349744307572  
  18441.5  0.23987000338903972  
  18442.5  0.2398765007857287   
  18443.5  0.23988300637902477  
  18444.5  0.23988951179589485  
  18445.5  0.23989600866421382  
  18446.5  0.239902513728502    
  18447.5  0.23990901861640723  
  18448.5  0.23991552332794383  
  18449.5  0.23992201949189437  
  18450.5  0.23992852385096375  
  18451.5  0.2399350280337075   
  18452.5  0.23994152366958868  
  18453.5  0.23994802749995117  
  18454.5  0.23995453115403104  
  18455.5  0.23996103463184268  
  18456.5  0.23996752956375614  
  18457.5  0.239974032689301    
  18458.5  0.2399805356386206   
  18459.5  0.23998703841172916  
  18460.5  0.23999353263990378  
  18461.5  0.24000003506086015  
  18462.5  0.24000653730564847  
  18463.5  0.2400130310062256   
  18464.5  0.2400195328989475   
  18465.5  0.24002603461554434  
  18466.5  0.24003253615603035  
  18467.5  0.24003902915326875  
  18468.5  0.2400455303418027   
  18469.5  0.24005203135426884  
  18470.5  0.2400585238242097   
  18471.5  0.24006502448480949  
  18472.5  0.2400715249693843   
  18473.5  0.24007802527794844  
  18474.5  0.2400845170449503   
  18475.5  0.2400910170017624   
  18476.5  0.24009751678260668  
  18477.5  0.24010401638749743  
  18478.5  0.24011050745178858  
  18479.5  0.24011700670504152  
  18480.5  0.24012350578238378  
  18481.5  0.2401299963198481   
  18482.5  0.24013649504563817  
  18483.5  0.24014299359556035  
  18484.5  0.24014949196962895  
  18485.5  0.24015598180478173  
  18486.5  0.24016247982741223  
  18487.5  0.24016897767423195  
  18488.5  0.24017547534525516  
  18489.5  0.2401819644783243   
  18490.5  0.24018846179802347  
  18491.5  0.24019495894196885  
  18492.5  0.24020144754868128  
  18493.5  0.24020794434138812  
  18494.5  0.240214440958384    
  18495.5  0.24022093739968317  
  18496.5  0.24022742530471053  
  18497.5  0.24023392139488503  
  18498.5  0.2402404173094056   
  18499.5  0.24024690468837495  
  18500.5  0.2402534002518563   
  18501.5  0.24025989563972636  
  18502.5  0.24026639085199938  
  18503.5  0.24027287752968188  
  18504.5  0.2402793723910295   
  18505.5  0.24028586707682287  
  18506.5  0.24029236158707606  
  18507.5  0.2402988475636991   
  18508.5  0.2403053417231407   
  18509.5  0.2403118357070849   
  18510.5  0.24031832115811882  
  18511.5  0.2403248147913367   
  18512.5  0.24033130824909976  
  18513.5  0.24033780153142234  
  18514.5  0.24034428628179436  
  18515.5  0.24035077921350423  
  18516.5  0.2403572719698162   
  18517.5  0.2403637561948972   
  18518.5  0.24037024860068168  
  18519.5  0.24037674083111088  
  18520.5  0.240383232886199    
  18521.5  0.2403897164110153   
  18522.5  0.2403962081156895   
  18523.5  0.2404026996450652   
  18524.5  0.2404091909991566   
  18525.5  0.2404156738239351   
  18526.5  0.24042216482772608  
  18527.5  0.24042865565627533  
  18528.5  0.24043513795623053  
  18529.5  0.2404416284345644   
  18530.5  0.24044811873769917  
  18531.5  0.2404546088656489   
  18532.5  0.24046109046596287  
  18533.5  0.24046758024381068  
  18534.5  0.240474069846516    
  18535.5  0.24048055092230397  
  18536.5  0.24048704017499234  
  18537.5  0.24049352925258075  
  18538.5  0.24050001815508337  
  18539.5  0.24050649853162642  
  18540.5  0.2405129870842254   
  18541.5  0.24051947546178104  
  18542.5  0.24052596366430762  
  18543.5  0.24053244334183196  
  18544.5  0.24053893119456804  
  18545.5  0.2405454188723175   
  18546.5  0.24055189802578247  
  18547.5  0.24055838535382632  
  18548.5  0.24056487250692593  
  18549.5  0.24057135948509553  
  18550.5  0.24057783793993753  
  18551.5  0.2405843245685146   
  18552.5  0.24059081102220406  
  18553.5  0.24059728895328328  
  18554.5  0.24060377505746502  
  18555.5  0.24061026098680158  
  18556.5  0.24061674674130706  
  18557.5  0.24062322397415856  
  18558.5  0.24062970937926934  
  18559.5  0.2406361946095914   
  18560.5  0.24064267966513894  
  18561.5  0.2406491561999885   
  18562.5  0.24065564090625427  
  18563.5  0.24066212543778787  
  18564.5  0.24066860144934013  
  18565.5  0.24067508563167656  
  18566.5  0.2406815696393232   
  18567.5  0.24068805347229413  
  18568.5  0.24069452878623915  
  18569.5  0.24070101227012577  
  18570.5  0.24070749557937904  
  18571.5  0.24071397871401298  
  18572.5  0.24072045333057612  
  18573.5  0.2407269361162386   
  18574.5  0.2407334187273241   
  18575.5  0.24073989282105476  
  18576.5  0.24074637508325328  
  18577.5  0.2407528571709171   
  18578.5  0.24075933908406033  
  18579.5  0.24076581248080325  
  18580.5  0.2407722940451722   
  18581.5  0.2407787754350628   
  18582.5  0.24078524830926865  
  18583.5  0.24079172935046939  
  18584.5  0.24079821021723405  
  18585.5  0.2408046909095767   
  18586.5  0.2408111630871886   
  18587.5  0.240817643430954    
  18588.5  0.24082412360033956  
  18589.5  0.24083060359535946  
  18590.5  0.24083707507660224  
  18591.5  0.24084355472315733  
  18592.5  0.24085003419538892  
  18593.5  0.24085650515455834  
  18594.5  0.24086298427840946  
  18595.5  0.24086946322797928  
  18596.5  0.24087594200328183  
  18597.5  0.24088241226647533  
  18598.5  0.2408888906935098   
  18599.5  0.2408953689463192   
  18600.5  0.24090183868773402  
  18601.5  0.2409083165923596   
  18602.5  0.24091479432280222  
  18603.5  0.24092127187907597  
  18604.5  0.24092774092490762  
  18605.5  0.24093421813310983  
  18606.5  0.24094069516718525  
  18607.5  0.2409471720271479   
  18608.5  0.2409536403776208   
  18609.5  0.24096011688962413  
  18610.5  0.2409665932275569   
  18611.5  0.24097306105671365  
  18612.5  0.24097953704677122  
  18613.5  0.24098601286280025  
  18614.5  0.24099248850481472  
  18615.5  0.24099895563900486  
  18616.5  0.2410054309332563   
  18617.5  0.24101190605353526  
  18618.5  0.2410183726667033   
  18619.5  0.24102484743930327  
  18620.5  0.24103132203797278  
  18621.5  0.2410377964627259   
  18622.5  0.24104426238131924  
  18623.5  0.24105073645850536  
  18624.5  0.2410572103618171   
  18625.5  0.24106368409126844  
  18626.5  0.24107014931551077  
  18627.5  0.2410766226975071   
  18628.5  0.24108309590568505  
  18629.5  0.2410895606093667   
  18630.5  0.24109603347017355  
  18631.5  0.24110250615720397  
  18632.5  0.24110897867047196  
  18633.5  0.24111544268019394  
  18634.5  0.2411219148462027   
  18635.5  0.241128386838491    
  18636.5  0.24113485032794563  
  18637.5  0.24114132197305851  
  18638.5  0.24114779344449289  
  18639.5  0.24115426474226273  
  18640.5  0.24116072753814857  
  18641.5  0.24116719848885473  
  18642.5  0.2411736692659383   
  18643.5  0.24118013986941322  
  18644.5  0.24118660197195346  
  18645.5  0.24119307222847644  
  18646.5  0.24119954231143262  
  18647.5  0.24120600389416588  
  18648.5  0.2412124736302538   
  18649.5  0.24121894319281692  
  18650.5  0.2412254125818691   
  18651.5  0.24123187347164707  
  18652.5  0.24123834251394258  
  18653.5  0.24124481138276904  
  18654.5  0.24125128007814042  
  18655.5  0.24125774027518607  
  18656.5  0.24126420862391226  
  18657.5  0.24127067679922523  
  18658.5  0.24127713647692353  
  18659.5  0.24128360430567494  
  18660.5  0.2412900719610549   
  18661.5  0.24129653944307736  
  18662.5  0.24130299842843306  
  18663.5  0.24130946556400537  
  18664.5  0.241315932526262    
  18665.5  0.24132239099256253  
  18666.5  0.24132885760845252  
  18667.5  0.24133532405106858  
  18668.5  0.24134179032042466  
  18669.5  0.24134824809477196  
  18670.5  0.24135471401787273  
  18671.5  0.24136117976775526  
  18672.5  0.24136764534443345  
  18673.5  0.24137410242704993  
  18674.5  0.24138056765758406  
  18675.5  0.24138703271495562  
  18676.5  0.24139348927897547  
  18677.5  0.24139995399028635  
  18678.5  0.24140641852847639  
  18679.5  0.24141288289355944  
  18680.5  0.24141933876623725  
  18681.5  0.24142580278537082  
  18682.5  0.2414322666314391   
  18683.5  0.24143872198581168  
  18684.5  0.2414451854860138   
  18685.5  0.2414516488131923   
  18686.5  0.24145811196736108  
  18687.5  0.24146456663078014  
  18688.5  0.2414710294391938   
  18689.5  0.2414774920746394   
  18690.5  0.24148395453713084  
  18691.5  0.24149040850981815  
  18692.5  0.24149687062666542  
  18693.5  0.2415033325706002   
  18694.5  0.24150978602543977  
  18695.5  0.24151624762381357  
  18696.5  0.24152270904931644  
  18697.5  0.24152917030196228  
  18698.5  0.24153562306645798  
  18699.5  0.2415420839736538   
  18700.5  0.2415485447080341   
  18701.5  0.24155499695497282  
  18702.5  0.24156145734398618  
  18703.5  0.2415679175602257   
  18704.5  0.24157437760370518  
  18705.5  0.2415808291606876   
  18706.5  0.2415872888589109   
  18707.5  0.24159374838441577  
  18708.5  0.241600207737216    
  18709.5  0.24160665860446334  
  18710.5  0.24161311761211815  
  18711.5  0.24161957644710988  
  18712.5  0.24162602679725656  
  18713.5  0.24163248528718584  
  18714.5  0.24163894360449356  
  18715.5  0.24164540174919358  
  18716.5  0.24165185140999215  
  18717.5  0.24165830920974035  
  18718.5  0.24166476683692228  
  18719.5  0.24167122429155183  
  18720.5  0.2416776732632233   
  18721.5  0.2416841303730116   
  18722.5  0.24169058731028892  
  18723.5  0.24169703576531543  
  18724.5  0.2417034923578344   
  18725.5  0.24170994877788388  
  18726.5  0.2417164050254777   
  18727.5  0.2417228527917635   
  18728.5  0.24172930869470935  
  18729.5  0.24173576442524103  
  18730.5  0.24174221167517146  
  18731.5  0.24174866706113798  
  18732.5  0.24175512227473173  
  18733.5  0.24176157731596642  
  18734.5  0.24176802387754215  
  18735.5  0.24177447857432208  
  18736.5  0.24178093309878443  
  18737.5  0.24178738745094294  
  18738.5  0.24179383332438437  
  18739.5  0.2418002873321984   
  18740.5  0.24180674116775003  
  18741.5  0.24181318652529069  
  18742.5  0.24181964001658046  
  18743.5  0.24182609333564917  
  18744.5  0.24183254648251057  
  18745.5  0.24183899115230242  
  18746.5  0.2418454439550122   
  18747.5  0.24185189658555603  
  18748.5  0.24185834073973603  
  18749.5  0.2418647930262108   
  18750.5  0.24187124514056096  
  18751.5  0.24187769708280024  
  18752.5  0.24188414054961654  
  18753.5  0.24189059214789688  
  18754.5  0.24189704357410763  
  18755.5  0.24190349482826257  
  18756.5  0.24190993760793505  
  18757.5  0.2419163885182411   
  18758.5  0.24192283925653257  
  18759.5  0.24192928152104673  
  18760.5  0.2419357319155718   
  18761.5  0.24194218213812357  
  18762.5  0.24194863218871582  
  18763.5  0.24195507376647069  
  18764.5  0.24196152347340644  
  18765.5  0.24196797300842385  
  18766.5  0.24197441407130862  
  18767.5  0.24198086326275195  
  18768.5  0.2419873122823182   
  18769.5  0.24199376113002113  
  18770.5  0.2420002015065308   
  18771.5  0.2420066500107694   
  18772.5  0.2420130983431859   
  18773.5  0.242019546503794    
  18774.5  0.24202598619414795  
  18775.5  0.2420324340114015   
  18776.5  0.24203888165688786  
  18777.5  0.24204532083282407  
  18778.5  0.24205176813503815  
  18779.5  0.24205821526552618  
  18780.5  0.24206466222430184  
  18781.5  0.24207110071446597  
  18782.5  0.24207754733007905  
  18783.5  0.24208399377402093  
  18784.5  0.24209043175005487  
  18785.5  0.24209687785091635  
  18786.5  0.24210332378014773  
  18787.5  0.24210976953776273  
  18788.5  0.24211620682840782  
  18789.5  0.242122652243052    
  18790.5  0.24212909748612088  
  18791.5  0.2421355425576282   
  18792.5  0.2421419791631033   
  18793.5  0.2421484238917493   
  18794.5  0.2421548684488747   
  18795.5  0.24216130454067097  
  18796.5  0.2421677487550172   
  18797.5  0.24217419279788394  
  18798.5  0.24218063666928494  
  18799.5  0.24218707207629392  
  18800.5  0.24219351560502508  
  18801.5  0.24219995896233149  
  18802.5  0.24220640214822686  
  18803.5  0.24221283687066705  
  18804.5  0.24221927971400192  
  18805.5  0.24222572238596676  
  18806.5  0.2422321565951788   
  18807.5  0.2422385989246651   
  18808.5  0.24224504108282235  
  18809.5  0.24225148306966426  
  18810.5  0.24225791659468965  
  18811.5  0.24226435823916223  
  18812.5  0.24227079971236046  
  18813.5  0.2422772327244441   
  18814.5  0.24228367385535493  
  18815.5  0.24229011481503226  
  18816.5  0.24229655560348987  
  18817.5  0.24230298793176866  
  18818.5  0.242309428378048    
  18819.5  0.2423158686531485   
  18820.5  0.2423223087570838   
  18821.5  0.24232874040177577  
  18822.5  0.24233518016364186  
  18823.5  0.24234161975438373  
  18824.5  0.2423480508865835   
  18825.5  0.24235449013533794  
  18826.5  0.24236092921300897  
  18827.5  0.2423673681196103   
  18828.5  0.2423737985686045   
  18829.5  0.24238023713332738  
  18830.5  0.24238667552702137  
  18831.5  0.24239310546380916  
  18832.5  0.24239954351570642  
  18833.5  0.24240598139661568  
  18834.5  0.24241241910655056  
  18835.5  0.24241884836051364  
  18836.5  0.24242528572876063  
  18837.5  0.24243172292607412  
  18838.5  0.24243815995246767  
  18839.5  0.24244458852382347  
  18840.5  0.242451025208638    
  18841.5  0.2424574617225734   
  18842.5  0.24246388978217134  
  18843.5  0.24247032595460927  
  18844.5  0.2424767619562089   
  18845.5  0.24248319778698385  
  18846.5  0.24248962516435485  
  18847.5  0.24249606065374102  
  18848.5  0.2425024959723433   
  18849.5  0.24250892283824152  
  18850.5  0.24251535781553651  
  18851.5  0.24252179262208837  
  18852.5  0.2425282272579107   
  18853.5  0.24253465344196187  
  18854.5  0.24254108773658556  
  18855.5  0.2425475218605204   
  18856.5  0.24255395581378003  
  18857.5  0.24256038131620122  
  18858.5  0.2425668149283708   
  18859.5  0.24257324836990582  
  18860.5  0.24257967336130162  
  18861.5  0.24258610646182796  
  18862.5  0.24259253939176048  
  18863.5  0.24259897215111279  
  18864.5  0.24260539646125798  
  18865.5  0.24261182887971003  
  18866.5  0.24261826112762255  
  18867.5  0.24262469320500907  
  18868.5  0.24263111683412036  
  18869.5  0.24263754857071504  
  18870.5  0.2426439801368244   
  18871.5  0.2426504032553571   
  18872.5  0.24265683448075584  
  18873.5  0.24266326553570994  
  18874.5  0.24266969642023292  
  18875.5  0.24267611885811055  
  18876.5  0.24268254940203124  
  18877.5  0.24268897977556145  
  18878.5  0.24269540170314444  
  18879.5  0.24270183173615353  
  18880.5  0.24270826159881273  
  18881.5  0.2427146912911356   
  18882.5  0.242721112538442    
  18883.5  0.24272754189035198  
  18884.5  0.24273397107196618  
  18885.5  0.2427404000832981   
  18886.5  0.2427468206505441   
  18887.5  0.2427532493215713   
  18888.5  0.24275967782235683  
  18889.5  0.24276609787975392  
  18890.5  0.24277252604031577  
  18891.5  0.2427789540306765   
  18892.5  0.24278538185084966  
  18893.5  0.24279180122856425  
  18894.5  0.24279822870862175  
  18895.5  0.24280465601853216  
  18896.5  0.24281107488668122  
  18897.5  0.24281750185655696  
  18898.5  0.24282392865632615  
  18899.5  0.24283035528600233  
  18900.5  0.24283677347484647  
  18901.5  0.2428431997645959   
  18902.5  0.24284962588429276  
  18903.5  0.2428560518339506   
  18904.5  0.24286246934370548  
  18905.5  0.24286889495354444  
  18906.5  0.24287532039338486  
  18907.5  0.24288173739401883  
  18908.5  0.24288816249412126  
  18909.5  0.2428945874242656   
  18910.5  0.24290101218446522  
  18911.5  0.242907428506387    
  18912.5  0.2429138529269565   
  18913.5  0.24292027717762174  
  18914.5  0.24292669299070524  
  18915.5  0.24293311690182115  
  18916.5  0.24293954064307322  
  18917.5  0.24294596421447498  
  18918.5  0.24295237934922295  
  18919.5  0.24295880258118305  
  18920.5  0.2429652256433332   
  18921.5  0.2429716485356869   
  18922.5  0.24297806299231445  
  18923.5  0.24298448554533408  
  18924.5  0.24299090792859762  
  18925.5  0.24299732187683054  
  18926.5  0.24300374392084068  
  18927.5  0.2430101657951351   
  18928.5  0.24301658749972724  
  18929.5  0.2430230007702159   
  18930.5  0.2430294221356622   
  18931.5  0.24303584333144654  
  18932.5  0.24304225609382252  
  18933.5  0.24304867695054164  
  18934.5  0.2430550976376391   
  18935.5  0.24306151815512841  
  18936.5  0.24306793024013595  
  18937.5  0.24307435041866746  
  18938.5  0.24308077042763107  
  18939.5  0.2430871902670402   
  18940.5  0.2430936016748939   
  18941.5  0.24310002117545262  
  18942.5  0.24310644050649718  
  18943.5  0.24311285140668076  
  18944.5  0.24311927039895537  
  18945.5  0.24312568922175606  
  18946.5  0.24313210787509626  
  18947.5  0.24313851809850126  
  18948.5  0.24314493641317877  
  18949.5  0.2431513545584361   
  18950.5  0.24315777253428653  
  18951.5  0.24316418208112725  
  18952.5  0.24317059971842225  
  18953.5  0.24317701718635062  
  18954.5  0.24318342622596315  
  18955.5  0.24318984335541646  
  18956.5  0.24319626031554337  
  18957.5  0.24320267710635726  
  18958.5  0.24320908546978018  
  18959.5  0.2432155019222261   
  18960.5  0.2432219182053992   
  18961.5  0.2432283260618748   
  18962.5  0.24323474200676026  
  18963.5  0.24324115778241304  
  18964.5  0.2432475733888466   
  18965.5  0.24325398056950698  
  18966.5  0.24326039583775988  
  18967.5  0.2432668109368336   
  18968.5  0.24327322586674163  
  18969.5  0.2432796323718006   
  18970.5  0.24328604696363496  
  18971.5  0.2432924613863437   
  18972.5  0.24329886738489623  
  18973.5  0.24330528146961145  
  18974.5  0.24331169538524117  
  18975.5  0.24331810913179874  
  18976.5  0.2433245144551237   
  18977.5  0.24333092786379465  
  18978.5  0.24333734110343355  
  18979.5  0.24334374592053223  
  18980.5  0.2433501588223646   
  18981.5  0.24335657155520501  
  18982.5  0.2433629841190668   
  18983.5  0.2433693882613114   
  18984.5  0.24337580048747343  
  18985.5  0.24338221254469689  
  18986.5  0.2433886244329951   
  18987.5  0.24339502790059891  
  18988.5  0.2434014394513041   
  18989.5  0.24340785083312408  
  18990.5  0.24341425379494147  
  18991.5  0.2434206648392484   
  18992.5  0.24342707571471017  
  18993.5  0.2434334864213401   
  18994.5  0.2434398887088896   
  18995.5  0.2434462990781131   
  18996.5  0.24345270927854473  
  18997.5  0.24345911106058735  
  18998.5  0.24346552092369247  
  18999.5  0.24347193061804573  
  19000.5  0.24347834014366046  
  19001.5  0.24348474125180777  
  19002.5  0.2434911504402025   
  19003.5  0.24349755945989862  
  19004.5  0.24350396831090945  
  19005.5  0.24351036874537432  
  19006.5  0.24351677725927165  
  19007.5  0.2435231856045236   
  19008.5  0.24352958553392035  
  19009.5  0.24353599354213856  
  19010.5  0.24354240138175137  
  19011.5  0.24354880905277207  
  19012.5  0.2435552083088584   
  19013.5  0.24356161564295173  
  19014.5  0.24356802280849282  
  19015.5  0.243574429805495    
  19016.5  0.2435808283884834   
  19017.5  0.24358723504866453  
  19018.5  0.2435936415403466   
  19019.5  0.24360003961870502  
  19020.5  0.2436064457736457   
  19021.5  0.24361285176012723  
  19022.5  0.24361925757816286  
  19023.5  0.24362565498379485  
  19024.5  0.24363206046519528  
  19025.5  0.24363846577818968  
  19026.5  0.2436448626794702   
  19027.5  0.24365126765590903  
  19028.5  0.24365767246398165  
  19029.5  0.24366407710370128  
  19030.5  0.24367047333262656  
  19031.5  0.24367687763589677  
  19032.5  0.24368328177085383  
  19033.5  0.243689685737511    
  19034.5  0.243696081294293    
  19035.5  0.24370248492460678  
  19036.5  0.24370888838666047  
  19037.5  0.24371528343952809  
  19038.5  0.24372168656531787  
  19039.5  0.2437280895228873   
  19040.5  0.2437344923122497   
  19041.5  0.24374088669334468  
  19042.5  0.2437472891465491   
  19043.5  0.24375369143158626  
  19044.5  0.24376008530904467  
  19045.5  0.2437664872580033   
  19046.5  0.2437728890388343   
  19047.5  0.24377929065155093  
  19048.5  0.24378568385760702  
  19049.5  0.24379208513435105  
  19050.5  0.2437984862430204   
  19051.5  0.24380488718362833  
  19052.5  0.24381127971849356  
  19053.5  0.24381768032323467  
  19054.5  0.24382408075995401  
  19055.5  0.2438304727916188   
  19056.5  0.24383687289255063  
  19057.5  0.24384327282550042  
  19058.5  0.2438496725904814   
  19059.5  0.24385606395132509  
  19060.5  0.2438624633806242   
  19061.5  0.24386886264199417  
  19062.5  0.24387525349991457  
  19063.5  0.24388165242568194  
  19064.5  0.24388805118355977  
  19065.5  0.24389444977356126  
  19066.5  0.24390083996103     
  19067.5  0.24390723821553456  
  19068.5  0.2439136363022024   
  19069.5  0.2439200342210467   
  19070.5  0.24392642373827475  
  19071.5  0.24393282132172767  
  19072.5  0.24393921873739663  
  19073.5  0.24394560775213645  
  19074.5  0.24395200483249313  
  19075.5  0.24395840174510547  
  19076.5  0.2439647984899867   
  19077.5  0.24397118683485478  
  19078.5  0.24397758324452914  
  19079.5  0.24398397948651193  
  19080.5  0.24399036732916826  
  19081.5  0.24399676323602326  
  19082.5  0.24400315897522623  
  19083.5  0.24400955454679038  
  19084.5  0.24401594171994345  
  19085.5  0.24402233695648515  
  19086.5  0.24402873202542752  
  19087.5  0.24403512692678375  
  19088.5  0.24404151343064406  
  19089.5  0.24404790799708315  
  19090.5  0.2440543023959756   
  19091.5  0.24406068839805822  
  19092.5  0.24406708246211248  
  19093.5  0.24407347635865956  
  19094.5  0.24407987008771265  
  19095.5  0.24408625542087053  
  19096.5  0.24409264881519066  
  19097.5  0.2440990420420562   
  19098.5  0.24410543510148042  
  19099.5  0.24411181976592378  
  19100.5  0.24411821249072013  
  19101.5  0.24412460504811453  
  19102.5  0.24413098921121362  
  19103.5  0.24413738143405903  
  19104.5  0.24414377348954197  
  19105.5  0.24415016537767553  
  19106.5  0.2441565488724275   
  19107.5  0.2441629404261171   
  19108.5  0.24416933181249678  
  19109.5  0.24417571480617997  
  19110.5  0.24418210585819441  
  19111.5  0.24418849674293833  
  19112.5  0.2441948874604248   
  19113.5  0.2442012697861281   
  19114.5  0.24420766016935433  
  19115.5  0.24421405038536254  
  19116.5  0.2442204404341658   
  19117.5  0.24422682209209884  
  19118.5  0.24423321180674679  
  19119.5  0.24423960135422915  
  19120.5  0.24424598251152577  
  19121.5  0.24425237172493144  
  19122.5  0.2442587607712109   
  19123.5  0.24426514965037718  
  19124.5  0.2442715301402702   
  19125.5  0.24427791868546464  
  19126.5  0.24428430706358525  
  19127.5  0.24429068705311668  
  19128.5  0.24429707509734397  
  19129.5  0.24430346297453676  
  19130.5  0.24430985068470817  
  19131.5  0.2443162300072023   
  19132.5  0.24432261738358507  
  19133.5  0.24432900459298573  
  19134.5  0.24433539163541737  
  19135.5  0.2443417702910834   
  19136.5  0.2443481569998311   
  19137.5  0.24435454354164898  
  19138.5  0.24436092169738477  
  19139.5  0.2443673079055972   
  19140.5  0.2443736939469191   
  19141.5  0.24438007982136353  
  19142.5  0.244386457310637    
  19143.5  0.24439284285158053  
  19144.5  0.24439922822568583  
  19145.5  0.24440560521530322  
  19146.5  0.24441199025598595  
  19147.5  0.24441837512986972  
  19148.5  0.24442475983696751  
  19149.5  0.244431136160488    
  19150.5  0.24443752053426773  
  19151.5  0.2444439047413007   
  19152.5  0.2444502887816      
  19153.5  0.24445666443923228  
  19154.5  0.24446304814631792  
  19155.5  0.244469431686709    
  19156.5  0.24447580684511558  
  19157.5  0.2444821900523713   
  19158.5  0.24448857309297164  
  19159.5  0.24449495596692966  
  19160.5  0.24450133045981293  
  19161.5  0.2445077130007399   
  19162.5  0.24451409537506363  
  19163.5  0.24452047758279727  
  19164.5  0.24452685141036565  
  19165.5  0.24453323328517243  
  19166.5  0.24453961499342824  
  19167.5  0.24454598832220062  
  19168.5  0.24455236969760774  
  19169.5  0.24455875090650298  
  19170.5  0.24456513194889923  
  19171.5  0.24457150461272115  
  19172.5  0.24457788532237293  
  19173.5  0.24458426586556492  
  19174.5  0.24459063803086398  
  19175.5  0.24459701824138955  
  19176.5  0.24460339828549438  
  19177.5  0.24460977816319146  
  19178.5  0.24461614966390405  
  19179.5  0.2446225292090388   
  19180.5  0.24462890858780484  
  19181.5  0.24463528780021518  
  19182.5  0.24464165863654927  
  19183.5  0.2446480375165013   
  19184.5  0.24465441623013667  
  19185.5  0.24466078656837661  
  19186.5  0.2446671649496317   
  19187.5  0.24467354316460907  
  19188.5  0.24467992121332177  
  19189.5  0.2446862908875467   
  19190.5  0.24469266860398303  
  19191.5  0.24469904615419366  
  19192.5  0.244705415330597    
  19193.5  0.24471179254860914  
  19194.5  0.24471816960043455  
  19195.5  0.24472454648608624  
  19196.5  0.24473091499883778  
  19197.5  0.24473729155239482  
  19198.5  0.24474366793981706  
  19199.5  0.2447500441611175   
  19200.5  0.24475641201042467  
  19201.5  0.24476278789973424  
  19202.5  0.24476916362296094  
  19203.5  0.2447755309748742   
  19204.5  0.2447819063661878   
  19205.5  0.24478828159145746  
  19206.5  0.2447946566506961   
  19207.5  0.24480102333952772  
  19208.5  0.24480739806695695  
  19209.5  0.24481377262839413  
  19210.5  0.2448201388201037   
  19211.5  0.24482651304980915  
  19212.5  0.2448328871135614   
  19213.5  0.24483926101137343  
  19214.5  0.24484562654036365  
  19215.5  0.24485200010654753  
  19216.5  0.24485837350683004  
  19217.5  0.2448647467412241   
  19218.5  0.24487111160770192  
  19219.5  0.2448774845105714   
  19220.5  0.24488385724759132  
  19221.5  0.2448902216173738   
  19222.5  0.24489659402294675  
  19223.5  0.24490296626270888  
  19224.5  0.2449093383366732   
  19225.5  0.2449157020443051   
  19226.5  0.2449220737869259   
  19227.5  0.24492844536378766  
  19228.5  0.2449348085749955   
  19229.5  0.24494117982059127  
  19230.5  0.24494755090046677  
  19231.5  0.24495392181463496  
  19232.5  0.24496028436405376  
  19233.5  0.2449666549470593   
  19234.5  0.2449730253643963   
  19235.5  0.24497939561607765  
  19236.5  0.24498575750391383  
  19237.5  0.24499212742453583  
  19238.5  0.24499849717954095  
  19239.5  0.24500485857137877  
  19240.5  0.24501122799540195  
  19241.5  0.245017597253847    
  19242.5  0.24502396634672685  
  19243.5  0.24503032707734304  
  19244.5  0.24503669583934412  
  19245.5  0.24504306443581864  
  19246.5  0.24504943286677958  
  19247.5  0.24505579293638027  
  19248.5  0.2450621610365656   
  19249.5  0.245068528971276    
  19250.5  0.24507488854530352  
  19251.5  0.24508125614931564  
  19252.5  0.24508762358789155  
  19253.5  0.24509399086104403  
  19254.5  0.24510034977441653  
  19255.5  0.24510671671697382  
  19256.5  0.2451130834941464   
  19257.5  0.24511944191221585  
  19258.5  0.24512580835887052  
  19259.5  0.24513217464017906  
  19260.5  0.2451385407561544   
  19261.5  0.245144898513929    
  19262.5  0.24515126429948939  
  19263.5  0.24515762991975515  
  19264.5  0.24516399537473926  
  19265.5  0.24517035247242466  
  19266.5  0.24517671759709664  
  19267.5  0.24518308255652552  
  19268.5  0.24518943915933206  
  19269.5  0.24519580378852598  
  19270.5  0.24520216825251537  
  19271.5  0.24520853255131314  
  19272.5  0.2452148884943901   
  19273.5  0.24522125246305573  
  19274.5  0.24522761626656825  
  19275.5  0.24523397171503591  
  19276.5  0.24524033518849334  
  19277.5  0.24524669849683622  
  19278.5  0.24525306164007749  
  19279.5  0.24525941642917487  
  19280.5  0.24526577924246373  
  19281.5  0.2452721418906894   
  19282.5  0.24527850437386484  
  19283.5  0.24528485850379717  
  19284.5  0.24529122065712286  
  19285.5  0.24529758264543672  
  19286.5  0.2453039362811829   
  19287.5  0.24531029793972403  
  19288.5  0.24531665943329187  
  19289.5  0.24532302076189924  
  19290.5  0.24532937373883917  
  19291.5  0.24533573473777637  
  19292.5  0.24534209557179157  
  19293.5  0.24534844805481426  
  19294.5  0.24535480855923614  
  19295.5  0.24536116889877452  
  19296.5  0.24536752907344217  
  19297.5  0.24537388089801707  
  19298.5  0.24538024074319392  
  19299.5  0.24538660042353846  
  19300.5  0.2453929599390636   
  19301.5  0.24539931110539542  
  19302.5  0.24540567029153215  
  19303.5  0.24541202931288783  
  19304.5  0.24541837998572458  
  19305.5  0.24542473867776865  
  19306.5  0.24543109720507011  
  19307.5  0.24543745556764174  
  19308.5  0.24544380558259338  
  19309.5  0.24545016361595573  
  19310.5  0.24545652148462663  
  19311.5  0.24546287100635147  
  19312.5  0.2454692285458898   
  19313.5  0.24547558592077506  
  19314.5  0.24548194313102     
  19315.5  0.2454882919952174   
  19316.5  0.24549464887643205  
  19317.5  0.24550100559304477  
  19318.5  0.24550736214506835  
  19319.5  0.2455137103519425   
  19320.5  0.2455200665750379   
  19321.5  0.24552642263358251  
  19322.5  0.24553277034765106  
  19323.5  0.24553912607734413  
  19324.5  0.24554548164252468  
  19325.5  0.24555183704320555  
  19326.5  0.245558184100308    
  19327.5  0.24556453917223936  
  19328.5  0.2455708940797093   
  19329.5  0.24557724882273063  
  19330.5  0.24558359522307088  
  19331.5  0.2455899496374448   
  19332.5  0.2455963038874083   
  19333.5  0.24560264979536353  
  19334.5  0.2456090037167561   
  19335.5  0.24561535747377655  
  19336.5  0.24562171106643765  
  19337.5  0.24562805631798737  
  19338.5  0.24563440958217947  
  19339.5  0.24564076268205046  
  19340.5  0.24564710744148244  
  19341.5  0.2456534602129609   
  19342.5  0.24565981282015642  
  19343.5  0.2456661652630818   
  19344.5  0.24567250936646454  
  19345.5  0.24567886148109921  
  19346.5  0.24568521343150196  
  19347.5  0.2456915652176855   
  19348.5  0.24569790866522245  
  19349.5  0.24570426012321708  
  19350.5  0.24571061141703068  
  19351.5  0.2457169543728695   
  19352.5  0.24572330533857056  
  19353.5  0.24572965614012873  
  19354.5  0.2457360067775568   
  19355.5  0.24574234907790563  
  19356.5  0.24574869938732283  
  19357.5  0.24575504953264804  
  19358.5  0.24576139134156544  
  19359.5  0.24576774115895603  
  19360.5  0.2457740908122928   
  19361.5  0.24578044030158847  
  19362.5  0.2457867814553713   
  19363.5  0.24579313061683394  
  19364.5  0.2457994796142936   
  19365.5  0.24580582844776294  
  19366.5  0.24581216894661428  
  19367.5  0.2458185174523522   
  19368.5  0.2458248657941379   
  19369.5  0.24583120580197645  
  19370.5  0.24583755381610686  
  19371.5  0.24584390166632317  
  19372.5  0.24585024935263805  
  19373.5  0.24585658870590002  
  19374.5  0.24586293606466106  
  19375.5  0.24586928325955879  
  19376.5  0.245875622122074    
  19377.5  0.24588196898949394  
  19378.5  0.24588831569308858  
  19379.5  0.24589466223287063  
  19380.5  0.24590100044116395  
  19381.5  0.24590734665356961  
  19382.5  0.24591369270220068  
  19383.5  0.24592003858706984  
  19384.5  0.24592637614134377  
  19385.5  0.2459327216989379   
  19386.5  0.2459390670928081   
  19387.5  0.24594540415675295  
  19388.5  0.24595174922342408  
  19389.5  0.24595809412640932  
  19390.5  0.2459644388657213   
  19391.5  0.2459707752760009   
  19392.5  0.24597711968821506  
  19393.5  0.24598346393679393  
  19394.5  0.24598980802175024  
  19395.5  0.24599614377856685  
  19396.5  0.24600248753652645  
  19397.5  0.24600883113090147  
  19398.5  0.246015166397806    
  19399.5  0.24602150966526018  
  19400.5  0.24602785276916767  
  19401.5  0.2460341957095411   
  19402.5  0.24604053032333628  
  19403.5  0.24604687293689     
  19404.5  0.2460532153869476   
  19405.5  0.2460595495110958   
  19406.5  0.24606589163440945  
  19407.5  0.2460722335942649   
  19408.5  0.2460785753906748   
  19409.5  0.24608490886206694  
  19410.5  0.24609125033183388  
  19411.5  0.24609759163819314  
  19412.5  0.24610393278115733  
  19413.5  0.2461102655999952   
  19414.5  0.24611660641641742  
  19415.5  0.24612294706948243  
  19416.5  0.24612927939908943  
  19417.5  0.24613561972568812  
  19418.5  0.24614195988896753  
  19419.5  0.2461482998889402   
  19420.5  0.24615463156634573  
  19421.5  0.24616097123995295  
  19422.5  0.2461673107502913   
  19423.5  0.24617364193873045  
  19424.5  0.24617998112277895  
  19425.5  0.2461863201435964   
  19426.5  0.24619265900119539  
  19427.5  0.24619898953778557  
  19428.5  0.2462053280691955   
  19429.5  0.24621166643742476  
  19430.5  0.246218004642486    
  19431.5  0.24622433452742853  
  19432.5  0.2462306724064014   
  19433.5  0.24623701012224403  
  19434.5  0.24624333951863528  
  19435.5  0.24624967690846503  
  19436.5  0.24625601413520232  
  19437.5  0.24626235119885967  
  19438.5  0.24626867994395527  
  19439.5  0.2462750166817004   
  19440.5  0.24628135325640335  
  19441.5  0.24628768151321154  
  19442.5  0.24629401776207774  
  19443.5  0.24630035384793947  
  19444.5  0.24630668977080938  
  19445.5  0.2463130173766736   
  19446.5  0.24631935297380722  
  19447.5  0.24632568840798677  
  19448.5  0.2463320236792247   
  19449.5  0.24633835063434578  
  19450.5  0.246344685579948    
  19451.5  0.24635102036264628  
  19452.5  0.24635734682989413  
  19453.5  0.246363681287032    
  19454.5  0.24637001558130367  
  19455.5  0.2463763497127217   
  19456.5  0.24638267552957763  
  19457.5  0.24638900933553565  
  19458.5  0.24639534297867766  
  19459.5  0.24640166830792354  
  19460.5  0.2464080016256808   
  19461.5  0.24641433478065972  
  19462.5  0.2464206677728729   
  19463.5  0.2464269924520777   
  19464.5  0.24643332511900637  
  19465.5  0.24643965762320688  
  19466.5  0.2464459899646918   
  19467.5  0.24645231399405595  
  19468.5  0.24645864601035664  
  19469.5  0.24646497786397933  
  19470.5  0.24647130140614665  
  19471.5  0.2464776329346603   
  19472.5  0.24648396430053351  
  19473.5  0.24649029550377882  
  19474.5  0.24649661839645584  
  19475.5  0.24650294927469227  
  19476.5  0.24650927999033842  
  19477.5  0.24651561054340673  
  19478.5  0.24652193278679357  
  19479.5  0.24652826301495315  
  19480.5  0.24653459308057243  
  19481.5  0.2465409148371751   
  19482.5  0.24654724457796068  
  19483.5  0.24655357415624357  
  19484.5  0.24655990357203628  
  19485.5  0.2465662246796986   
  19486.5  0.2465725537707576   
  19487.5  0.24657888269936393  
  19488.5  0.24658520332050432  
  19489.5  0.24659153192445193  
  19490.5  0.24659786036598436  
  19491.5  0.2466041886451142   
  19492.5  0.24661050861766382  
  19493.5  0.24661683657223482  
  19494.5  0.24662316436444068  
  19495.5  0.24662949199429382  
  19496.5  0.24663581131845233  
  19497.5  0.2466421386238466   
  19498.5  0.24664846576692567  
  19499.5  0.24665478460497392  
  19500.5  0.24666111142366892  
  19501.5  0.24666743808008618  
  19502.5  0.24667376457423817  
  19503.5  0.24668008276424438  
  19504.5  0.24668640893411214  
  19505.5  0.24669273494175206  
  19506.5  0.24669905264590966  
  19507.5  0.24670537832934014  
  19508.5  0.2467117038505802   
  19509.5  0.2467180292096423   
  19510.5  0.24672434626610665  
  19511.5  0.24673067130105902  
  19512.5  0.24673699617387085  
  19513.5  0.24674332088455467  
  19514.5  0.24674963729352486  
  19515.5  0.24675596168019856  
  19516.5  0.24676228590478155  
  19517.5  0.2467686018283139   
  19518.5  0.2467749257289615   
  19519.5  0.24678124946755578  
  19520.5  0.24678757304410923  
  19521.5  0.24679388832049573  
  19522.5  0.24680021157321333  
  19523.5  0.24680653466392738  
  19524.5  0.2468128494551371   
  19525.5  0.24681917222208996  
  19526.5  0.24682549482707664  
  19527.5  0.2468318172701096   
  19528.5  0.24683813141452143  
  19529.5  0.24684445353389264  
  19530.5  0.24685077549134746  
  19531.5  0.24685709728689828  
  19532.5  0.24686341078471094  
  19533.5  0.24686973225669948  
  19534.5  0.24687605356682127  
  19535.5  0.24688236657986692  
  19536.5  0.24688868756650098  
  19537.5  0.2468950083913056   
  19538.5  0.24690132905429324  
  19539.5  0.2469076414210872   
  19540.5  0.2469139617606864   
  19541.5  0.2469202819385059   
  19542.5  0.24692660195455812  
  19543.5  0.24693291367529877  
  19544.5  0.2469392333680618   
  19545.5  0.2469455528990948   
  19546.5  0.24695186413547762  
  19547.5  0.2469581833432959   
  19548.5  0.2469645023894213   
  19549.5  0.2469708212738663   
  19550.5  0.24697713186454287  
  19551.5  0.24698345042587233  
  19552.5  0.24698976882555856  
  19553.5  0.2469960789321374   
  19554.5  0.24700239700878246  
  19555.5  0.2470087149238215   
  19556.5  0.24701503267726693  
  19557.5  0.24702134213848614  
  19558.5  0.2470276595689895   
  19559.5  0.2470339768379364   
  19560.5  0.24704029394533927  
  19561.5  0.24704660276139687  
  19562.5  0.2470529195459567   
  19563.5  0.24705923616900966  
  19564.5  0.24706554450137774  
  19565.5  0.24707186080166194  
  19566.5  0.24707817694047635  
  19567.5  0.24708449291783344  
  19568.5  0.24709080060538607  
  19569.5  0.2470971162600733   
  19570.5  0.24710343175334032  
  19571.5  0.247109738957463    
  19572.5  0.24711605412813437  
  19573.5  0.2471223691374226   
  19574.5  0.24712868398534013  
  19575.5  0.24713499054499322  
  19576.5  0.24714130507041396  
  19577.5  0.24714761943450106  
  19578.5  0.24715393363726684  
  19579.5  0.24716023955264788  
  19580.5  0.24716655343301572  
  19581.5  0.24717286715209935  
  19582.5  0.24717917258445768  
  19583.5  0.24718548598121745  
  19584.5  0.24719179921673007  
  19585.5  0.24719811229100785  
  19586.5  0.24720441707943955  
  19587.5  0.24721072983149225  
  19588.5  0.24721704242234713  
  19589.5  0.24722334672801508  
  19590.5  0.24722965899671887  
  19591.5  0.2472359711042619   
  19592.5  0.24724228305065654  
  19593.5  0.2472485867127429   
  19594.5  0.24725489833708508  
  19595.5  0.24726120980031585  
  19596.5  0.24726752110244754  
  19597.5  0.2472738241211494   
  19598.5  0.24728013510132726  
  19599.5  0.24728644592044305  
  19600.5  0.2472927484567875   
  19601.5  0.24729905895402335  
  19602.5  0.24730536929023408  
  19603.5  0.247311679465432    
  19604.5  0.24731798135873656  
  19605.5  0.24732429121215307  
  19606.5  0.24733060090459374  
  19607.5  0.24733690231579925  
  19608.5  0.24734321168653234  
  19609.5  0.24734952089632656  
  19610.5  0.24735582994519417  
  19611.5  0.24736213071370403  
  19612.5  0.2473684394409625   
  19613.5  0.2473747480073313   
  19614.5  0.24738105641282276  
  19615.5  0.24738735653883362  
  19616.5  0.2473936646228143   
  19617.5  0.24739997254595453  
  19618.5  0.24740627219027175  
  19619.5  0.24741257979197495  
  19620.5  0.24741888723287458  
  19621.5  0.24742519451298295  
  19622.5  0.24743149351514496  
  19623.5  0.24743780047391456  
  19624.5  0.24744410727192978  
  19625.5  0.2474504139092029   
  19626.5  0.24745671226940605  
  19627.5  0.24746301858543865  
  19628.5  0.24746932474076597  
  19629.5  0.24747562261968037  
  19630.5  0.24748192845384084  
  19631.5  0.24748823412733287  
  19632.5  0.24749453964016876  
  19633.5  0.24750083687746763  
  19634.5  0.2475071420692348   
  19635.5  0.24751344710038264  
  19636.5  0.24751974385665015  
  19637.5  0.24752604856680283  
  19638.5  0.24753235311637298  
  19639.5  0.24753865750537288  
  19640.5  0.24754495362036788  
  19641.5  0.24755125768847067  
  19642.5  0.24755756159604003  
  19643.5  0.24756386534308814  
  19644.5  0.2475701608170065   
  19645.5  0.24757646424325555  
  19646.5  0.24758276750902017  
  19647.5  0.2475890625023111   
  19648.5  0.2475953654473501   
  19649.5  0.24760166823194144  
  19650.5  0.2476079708560973   
  19651.5  0.24761426520865412  
  19652.5  0.2476205675121823   
  19653.5  0.24762686965531178  
  19654.5  0.24763316352749798  
  19655.5  0.24763946535007317  
  19656.5  0.24764576701228636  
  19657.5  0.2476520685141498   
  19658.5  0.24765836174594416  
  19659.5  0.24766466292735115  
  19660.5  0.24767096394844515  
  19661.5  0.2476772648092383   
  19662.5  0.2476835574008362   
  19663.5  0.2476898579412707   
  19664.5  0.24769615832144104  
  19665.5  0.24770245043307138  
  19666.5  0.24770875049295638  
  19667.5  0.2477150503926139   
  19668.5  0.2477213501320562   
  19669.5  0.24772764160383184  
  19670.5  0.2477339410230865   
  19671.5  0.24774024028216252  
  19672.5  0.24774653127422674  
  19673.5  0.24775283021318836  
  19674.5  0.24775912899200805  
  19675.5  0.24776542761069797  
  19676.5  0.24777171796324898  
  19677.5  0.24777801626192208  
  19678.5  0.24778431440050208  
  19679.5  0.24779061237900113  
  19680.5  0.24779690209223396  
  19681.5  0.24780319975081377  
  19682.5  0.24780949724934928  
  19683.5  0.24781578648327277  
  19684.5  0.24782208366196215  
  19685.5  0.2478283806806438   
  19686.5  0.2478346775393299   
  19687.5  0.24784096613427614  
  19688.5  0.2478472626732136   
  19689.5  0.2478535590521921   
  19690.5  0.24785985527122384  
  19691.5  0.24786614322738754  
  19692.5  0.24787243912676804  
  19693.5  0.24787873486623832  
  19694.5  0.24788502234349427  
  19695.5  0.24789131776338635  
  19696.5  0.2478976130234047   
  19697.5  0.24790390812356156  
  19698.5  0.2479101949623755   
  19699.5  0.24791648974305153  
  19700.5  0.24792278436390253  
  19701.5  0.2479290707240639   
  19702.5  0.24793536502550703  
  19703.5  0.24794165916716165  
  19704.5  0.2479479531490399   
  19705.5  0.2479542388710995   
  19706.5  0.24796053253366715  
  19707.5  0.24796682603649495  
  19708.5  0.247973119379595    
  19709.5  0.24797940446374708  
  19710.5  0.24798569748763372  
  19711.5  0.24799199035182914  
  19712.5  0.2479982749577293   
  19713.5  0.24800456750278418  
  19714.5  0.24801085988818428  
  19715.5  0.24801715211394174  
  19716.5  0.24802343608227406  
  19717.5  0.24802972798898812  
  19718.5  0.24803601973609593  
  19719.5  0.248042303226431    
  19720.5  0.2480485946545682   
  19721.5  0.2480548859231356   
  19722.5  0.24806117703214534  
  19723.5  0.24806745988525203  
  19724.5  0.2480737506753882   
  19725.5  0.24808004130600309  
  19726.5  0.24808633177710884  
  19727.5  0.248092613993181    
  19728.5  0.24809890414551017  
  19729.5  0.2481051941383666   
  19730.5  0.24811147587684124  
  19731.5  0.24811776555099374  
  19732.5  0.2481240550657099   
  19733.5  0.2481303444210018   
  19734.5  0.2481366255227808   
  19735.5  0.2481429145594657   
  19736.5  0.24814920343676264  
  19737.5  0.2481554840611982   
  19738.5  0.2481617726199608   
  19739.5  0.24816806101937183  
  19740.5  0.2481743492594434   
  19741.5  0.24818062924752202  
  19742.5  0.24818691716915606  
  19743.5  0.24819320493148692  
  19744.5  0.24819949253452675  
  19745.5  0.24820577188644177  
  19746.5  0.2482120591711408   
  19747.5  0.2482183462965851   
  19748.5  0.2482246251715555   
  19749.5  0.24823091197873154  
  19750.5  0.24823719862668908  
  19751.5  0.2482434851154403   
  19752.5  0.2482497633545853   
  19753.5  0.24825604952516495  
  19754.5  0.24826233553657445  
  19755.5  0.2482686132990283   
  19756.5  0.2482748989923387   
  19757.5  0.24828118452651526  
  19758.5  0.24828746990157008  
  19759.5  0.2482937470285364   
  19760.5  0.24830003208558868  
  19761.5  0.24830631698355546  
  19762.5  0.24831260172244873  
  19763.5  0.24831887821412052  
  19764.5  0.24832516263510784  
  19765.5  0.24833144689705794  
  19766.5  0.24833772291243647  
  19767.5  0.24834400685655295  
  19768.5  0.24835029064166836  
  19769.5  0.2483565742677948   
  19770.5  0.24836284964821623  
  19771.5  0.24836913295660554  
  19772.5  0.24837541610604205  
  19773.5  0.24838169909653784  
  19774.5  0.2483879738421948   
  19775.5  0.24839425651504984  
  19776.5  0.24840053902900033  
  19777.5  0.24840681329876138  
  19778.5  0.2484130954951434   
  19779.5  0.248419377532657    
  19780.5  0.24842565941131425  
  19781.5  0.2484319330466478   
  19782.5  0.24843821460783286  
  19783.5  0.24844449601019775  
  19784.5  0.24845076916988793  
  19785.5  0.24845705025485282  
  19786.5  0.24846333118103364  
  19787.5  0.24846961194844236  
  19788.5  0.2484758844740417   
  19789.5  0.2484821649241467   
  19790.5  0.24848844521551577  
  19791.5  0.24849472534816092  
  19792.5  0.2485009972398616   
  19793.5  0.2485072770552992   
  19794.5  0.24851355671204897  
  19795.5  0.24851982812850276  
  19796.5  0.2485261074681171   
  19797.5  0.24853238664907965  
  19798.5  0.24853866567140245  
  19799.5  0.2485449364542938   
  19800.5  0.2485512151595773   
  19801.5  0.24855749370625704  
  19802.5  0.2485637640141535   
  19803.5  0.24857004224386597  
  19804.5  0.2485763203150108   
  19805.5  0.24858259822759998  
  19806.5  0.24858886790226986  
  19807.5  0.24859514549798775  
  19808.5  0.24860142293518603  
  19809.5  0.24860770021387668  
  19810.5  0.2486139692555118   
  19811.5  0.24862024621742715  
  19812.5  0.24862652302087088  
  19813.5  0.24863279158790663  
  19814.5  0.248639068074647    
  19815.5  0.24864534440295172  
  19816.5  0.24865162057283283  
  19817.5  0.24865788850716922  
  19818.5  0.24866416436044284  
  19819.5  0.2486704400553288   
  19820.5  0.24867670751531726  
  19821.5  0.2486829828936676   
  19822.5  0.24868925811366624  
  19823.5  0.24869553317532514  
  19824.5  0.2487018000029494   
  19825.5  0.2487080747481685   
  19826.5  0.24871434933508382  
  19827.5  0.2487206237637073   
  19828.5  0.24872688995915865  
  19829.5  0.2487331640714381   
  19830.5  0.24873943802546167  
  19831.5  0.24874570374695973  
  19832.5  0.24875197738471105  
  19833.5  0.24875825086424236  
  19834.5  0.24876452418556566  
  19835.5  0.2487707892752255   
  19836.5  0.2487770622803722   
  19837.5  0.24878333512734674  
  19838.5  0.2487896078161611   
  19839.5  0.24879587227417385  
  19840.5  0.24880214464690728  
  19841.5  0.24880841686151636  
  19842.5  0.24881468084596994  
  19843.5  0.24882095274456978  
  19844.5  0.24882722448508113  
  19845.5  0.24883349606751598  
  19846.5  0.24883975942065664  
  19847.5  0.24884603068717773  
  19848.5  0.24885230179565818  
  19849.5  0.24885856467549017  
  19850.5  0.2488648354681285   
  19851.5  0.24887110610276192  
  19852.5  0.2488773765794025   
  19853.5  0.24888363882825545  
  19854.5  0.24888990898914934  
  19855.5  0.24889617899208613  
  19856.5  0.24890244883707777  
  19857.5  0.24890871045514235  
  19858.5  0.24891497998448273  
  19859.5  0.2489212493559137   
  19860.5  0.24892751050106282  
  19861.5  0.24893377955691404  
  19862.5  0.24894004845489165  
  19863.5  0.24894631719500765  
  19864.5  0.24895257770970183  
  19865.5  0.24895884613433333  
  19866.5  0.24896511440113894  
  19867.5  0.24897137444316764  
  19868.5  0.24897764239456022  
  19869.5  0.24898391018816265  
  19870.5  0.24899017782398686  
  19871.5  0.24899643723589374  
  19872.5  0.24900270455640014  
  19873.5  0.24900897171916403  
  19874.5  0.24901523872419729  
  19875.5  0.24902149750617267  
  19876.5  0.24902776419598335  
  19877.5  0.24903403072809913  
  19878.5  0.2490402890378013   
  19879.5  0.24904655525476585  
  19880.5  0.24905282131407117  
  19881.5  0.24905908721572922  
  19882.5  0.24906534489583246  
  19883.5  0.2490716104824344   
  19884.5  0.24907787591142466  
  19885.5  0.24908413311950411  
  19886.5  0.24909039823350954  
  19887.5  0.249096663189939    
  19888.5  0.24910292798880435  
  19889.5  0.2491091845676173   
  19890.5  0.24911544905159286  
  19891.5  0.24912171337803996  
  19892.5  0.24912797754697047  
  19893.5  0.24913423349670674  
  19894.5  0.24914049735084248  
  19895.5  0.24914676104749722  
  19896.5  0.2491530165256011   
  19897.5  0.24915927990753223  
  19898.5  0.249165543132018    
  19899.5  0.2491718061990703   
  19900.5  0.2491780610484295   
  19901.5  0.24918432380085306  
  19902.5  0.24919058639587877  
  19903.5  0.2491968407738543   
  19904.5  0.24920310305432242  
  19905.5  0.2492093651774282   
  19906.5  0.24921562714318357  
  19907.5  0.24922188089274602  
  19908.5  0.24922814254403858  
  19909.5  0.2492344040380163   
  19910.5  0.249240665374691    
  19911.5  0.2492469184960297   
  19912.5  0.2492531795183363   
  19913.5  0.24925944038337552  
  19914.5  0.24926569303372118  
  19915.5  0.24927195358446336  
  19916.5  0.24927821397797356  
  19917.5  0.24928447421426372  
  19918.5  0.24929072623671686  
  19919.5  0.24929698615880463  
  19920.5  0.24930324592370787  
  19921.5  0.24930950553143838  
  19922.5  0.24931575692618804  
  19923.5  0.24932201621981084  
  19924.5  0.2493282753562964   
  19925.5  0.24933452628044303  
  19926.5  0.24934078510289182  
  19927.5  0.24934704376823882  
  19928.5  0.2493533022764959   
  19929.5  0.24935955257326983  
  19930.5  0.24936581076758468  
  19931.5  0.24937206880484508  
  19932.5  0.2493783186312639   
  19933.5  0.24938457635465291  
  19934.5  0.24939083392102293  
  19935.5  0.24939709133038576  
  19936.5  0.24940334052976226  
  19937.5  0.2494095976253482   
  19938.5  0.24941585456396237  
  19939.5  0.2494221113456166   
  19940.5  0.2494283599181395   
  19941.5  0.24943461638611125  
  19942.5  0.24944087269715848  
  19943.5  0.24944712079971537  
  19944.5  0.24945337679715085  
  19945.5  0.24945963263769724  
  19946.5  0.2494658883213663   
  19947.5  0.24947213579739957  
  19948.5  0.24947839116755124  
  19949.5  0.24948464638086099  
  19950.5  0.2494908933871756   
  19951.5  0.24949714828703864  
  19952.5  0.24950340303009516  
  19953.5  0.24950965761635688  
  19954.5  0.24951590399647758  
  19955.5  0.24952215826938687  
  19956.5  0.24952841238553672  
  19957.5  0.24953466634493895  
  19958.5  0.249540912099054    
  19959.5  0.24954716574519803  
  19960.5  0.24955341923462973  
  19961.5  0.2495596645194144   
  19962.5  0.2495659176956585   
  19963.5  0.2495721707152256   
  19964.5  0.24957842357812754  
  19965.5  0.24958466823723574  
  19966.5  0.2495909207870442   
  19967.5  0.24959717318022273  
  19968.5  0.2496034173702473   
  19969.5  0.24960966945040294  
  19970.5  0.24961592137396396  
  19971.5  0.24962217314094212  
  19972.5  0.24962841670561922  
  19973.5  0.24963466815966848  
  19974.5  0.24964091945717018  
  19975.5  0.2496471705981361   
  19976.5  0.24965341353765355  
  19977.5  0.24965966436578454  
  19978.5  0.249665915037415    
  19979.5  0.2496721575082362   
  19980.5  0.2496784078671022   
  19981.5  0.24968465806950288  
  19982.5  0.24969090811545006  
  19983.5  0.24969714996144007  
  19984.5  0.24970339969471667  
  19985.5  0.24970964927157493  
  19986.5  0.24971589064911495  
  19987.5  0.24972213991337308  
  19988.5  0.24972838902124805  
  19989.5  0.24973463797275167  
  19990.5  0.24974087872578873  
  19991.5  0.24974712736478602  
  19992.5  0.24975337584744714  
  19993.5  0.2497596241737838   
  19994.5  0.24976586430250533  
  19995.5  0.24977211231642946  
  19996.5  0.24977836017406427  
  19997.5  0.24978459983472232  
  19998.5  0.2497908473800149   
  19999.5  0.24979709476905337  
  20000.5  0.24980334200184945  
