# lambda   Continuum_m1.6_p0.5  
  100.0    76.75465129857473    
  100.5    76.14458481169078    
  101.0    75.54235894431822    
  101.5    74.94782297439662    
  102.0    74.36086510665426    
  102.5    73.7813406323498     
  103.0    73.20910839925688    
  103.5    72.64406459230126    
  104.0    72.08607359293069    
  104.5    71.53501409280221    
  105.0    70.99075655629203    
  105.5    70.45320680649789    
  106.0    69.92224027000944    
  106.5    69.3977458389051     
  107.0    68.87960443040778    
  107.5    68.36773048881096    
  108.0    67.86200939010821    
  108.5    67.36232920994395    
  109.0    66.86861026512531    
  109.5    66.38074475157009    
  110.0    65.89863701726588    
  110.5    65.42218387031821    
  111.0    64.9513127524847     
  111.5    64.4859241865706     
  112.0    64.0259301788633     
  112.5    63.57123543827869    
  113.0    63.12177381190983    
  113.5    62.67745336382949    
  114.0    62.238193025005565   
  114.5    61.803904666028544   
  115.0    61.37452790218302    
  115.5    60.949977639802945   
  116.0    60.530170684692756   
  116.5    60.11505060375054    
  117.0    59.70453702222671    
  117.5    59.298559463116725   
  118.0    58.89704078877633    
  118.5    58.49992938671206    
  119.0    58.107150677793044   
  119.5    57.71863948212672    
  120.0    57.3343241783967     
  120.5    56.95415751411518    
  121.0    56.57807019340046    
  121.5    56.2059944118601     
  122.0    55.83788591494657    
  122.5    55.473679065132465   
  123.0    55.113316835214405   
  123.5    54.75673612339799    
  124.0    54.40389634528757    
  124.5    54.05473637380592    
  125.0    53.70920328372913    
  125.5    53.36723827516324    
  126.0    53.02880409621213    
  126.5    52.693843749207296   
  127.0    52.362308057259476   
  127.5    52.03414216170762    
  128.0    51.70931184058817    
  128.5    51.38776388235607    
  129.0    51.06944616908461    
  129.5    50.754326571490566   
  130.0    50.44235451263647    
  130.5    50.13348662841987    
  131.0    49.82767419392109    
  131.5    49.52488765273453    
  132.0    49.225079691624614   
  132.5    48.92820989296876    
  133.0    48.634232652466316   
  133.5    48.34312076098785    
  134.0    48.0548299091293     
  134.5    47.76931666986544    
  135.0    47.48655545996587    
  135.5    47.20650406709462    
  136.0    46.92912666584504    
  136.5    46.65438253327459    
  137.0    46.38224809071398    
  137.5    46.11268373183071    
  138.0    45.84565597047445    
  138.5    45.58112657959541    
  139.0    45.31907381498091    
  139.5    45.05946047724799    
  140.0    44.80225523616607    
  140.5    44.54742217124837    
  141.0    44.294941218835945   
  141.5    44.044777405338635   
  142.0    43.796896426184894   
  142.5    43.55127938590155    
  143.0    43.30789287108428    
  143.5    43.066708932461      
  144.0    42.82769528033493    
  144.5    42.59083446436691    
  145.0    42.35609501757424    
  145.5    42.12345072345483    
  146.0    41.89287116032079    
  146.5    41.66434020531793    
  147.0    41.437828197084194   
  147.5    41.213306026200534   
  148.0    40.990758494701254   
  148.5    40.77015721031334    
  149.0    40.55147868516023    
  149.5    40.33469545043534    
  150.0    40.11979345486663    
  150.5    39.90674589359633    
  151.0    39.69553068289772    
  151.5    39.486121879517135   
  152.0    39.27850648811745    
  152.5    39.072659180747166   
  153.0    38.86855508857775    
  153.5    38.66618195350555    
  154.0    38.465515488238516   
  154.5    38.2665358286859     
  155.0    38.06921945259695    
  155.5    37.87355501774325    
  156.0    37.67951954169583    
  156.5    37.48709430691158    
  157.0    37.29625704674375    
  157.5    37.10699726423442    
  158.0    36.91929319429357    
  158.5    36.733127186362736   
  159.0    36.54847814569294    
  159.5    36.365336356027456   
  160.0    36.18368118903565    
  160.5    36.003492377955624   
  161.0    35.824760752988695   
  161.5    35.64746648931413    
  162.0    35.471593631146085   
  162.5    35.297122952659144   
  163.0    35.12404596458808    
  163.5    34.95234385270386    
  164.0    34.78200154080494    
  164.5    34.61300077705179    
  165.0    34.445333701955676   
  165.5    34.278982447329554   
  166.0    34.11392945097435    
  166.5    33.95016729494959    
  167.0    33.78767878119608    
  167.5    33.62645023515973    
  168.0    33.46646496346989    
  168.5    33.307716098945775   
  169.0    33.150184131338364   
  169.5    32.993862453573385   
  170.0    32.838735114678876   
  170.5    32.684789516975144   
  171.0    32.53201323207513    
  171.5    32.38039399812289    
  172.0    32.22991971708504    
  172.5    32.08057246622895    
  173.0    31.93235248385271    
  173.5    31.785242116445303   
  174.0    31.639229895202295   
  174.5    31.494304502352996   
  175.0    31.350454768746037   
  175.5    31.207669671480268   
  176.0    31.065938331580046   
  176.5    30.925244372191404   
  177.0    30.785588515759954   
  177.5    30.646954620300836   
  178.0    30.509332360153486   
  178.5    30.372711542592338   
  179.0    30.23708210574916    
  179.5    30.102434116573548   
  180.0    29.96875240999974    
  180.5    29.83603806081493    
  181.0    29.704276112831888   
  181.5    29.573457128616784   
  182.0    29.443571789900922   
  182.5    29.31461089575401    
  183.0    29.186565360790294   
  183.5    29.059426213406915   
  184.0    28.933179532868486   
  184.5    28.807826727933524   
  185.0    28.68335406097575    
  185.5    28.559752998533696   
  186.0    28.4370151125814     
  186.5    28.315132078946696   
  187.0    28.1940956757575     
  187.5    28.07389296271174    
  188.0    27.95452558964521    
  188.5    27.835980779760174   
  189.0    27.71825070538914    
  189.5    27.60132763379477    
  190.0    27.485203925772016   
  190.5    27.369872034274472   
  191.0    27.255324503064397   
  191.5    27.14154940354904    
  192.0    27.028548611647697   
  192.5    26.916310342731588   
  193.0    26.80482749075974    
  193.5    26.694093034089704   
  194.0    26.584100034260388   
  194.5    26.474841634795524   
  195.0    26.36630670803031    
  195.5    26.25849729082291    
  196.0    26.151402384531153   
  196.5    26.045015449054596   
  197.0    25.93933002059064    
  197.5    25.834339710553678   
  198.0    25.73003820451225    
  198.5    25.6264151058547     
  199.0    25.52347258300817    
  199.5    25.42120035517784    
  200.0    25.319592394271087   
  200.5    25.218642741293255   
  201.0    25.118345505385882   
  201.5    25.018694862880576   
  202.0    24.919685056368348   
  202.5    24.8213064485434     
  203.0    24.723561327480695   
  203.5    24.626440158437227   
  204.0    24.52993744003659    
  204.5    24.43404773273027    
  205.0    24.33876565795378    
  205.5    24.244085897296348   
  206.0    24.149999418362444   
  206.5    24.056508590962036   
  207.0    23.96360447505965    
  207.5    23.8712819848207     
  208.0    23.77953609060727    
  208.5    23.688361818223974   
  209.0    23.597754248175747   
  209.5    23.507708514937278   
  210.0    23.418216216945005   
  210.5    23.329279795169423   
  211.0    23.24089093012317    
  211.5    23.153044965082863   
  212.0    23.06573729381012    
  212.5    22.97896335988678    
  213.0    22.8927186560605     
  213.5    22.806995285297784   
  214.0    22.721795734207692   
  214.5    22.6371121798838     
  215.0    22.55294030539381    
  215.5    22.469275839847054   
  216.0    22.386114557798052   
  216.5    22.303452278659208   
  217.0    22.221281570152264   
  217.5    22.13960495128287    
  218.0    22.0584150568056     
  218.5    21.977707879868916   
  219.0    21.897479455673253   
  219.5    21.817725860935      
  220.0    21.738443213358455   
  220.5    21.65962767111572    
  221.0    21.58127228923093    
  221.5    21.503379609902833   
  222.0    21.42594274799698    
  222.5    21.348958018510196   
  223.0    21.272421774420256   
  223.5    21.19633040621039    
  224.0    21.120680341400774   
  224.5    21.045465026803708   
  225.0    20.97068701460372    
  225.5    20.896339805865086   
  226.0    20.82241997170808    
  226.5    20.748924118048365   
  227.0    20.67584888516804    
  227.5    20.603190947292994   
  228.0    20.530947012176302   
  228.5    20.45911093881722    
  229.0    20.38768528086961    
  229.5    20.316663945898686   
  230.0    20.246043771720554   
  230.5    20.17582162768385    
  231.0    20.105994414287746   
  231.5    20.036559062805463   
  232.0    19.967509764721406   
  232.5    19.898849067594444   
  233.0    19.83057120704042    
  233.5    19.76267323377037    
  234.0    19.695152227465318   
  234.5    19.62800529643056    
  235.0    19.561229577254846   
  235.5    19.494822234474324   
  236.0    19.42877781047605    
  236.5    19.363098838772277   
  237.0    19.297779901355568   
  237.5    19.232818271284863   
  238.0    19.168211247955114   
  238.5    19.103956156788307   
  239.0    19.040050348928727   
  239.5    18.976488650683766   
  240.0    18.913273578053012   
  240.5    18.850399993408413   
  241.0    18.787865347820112   
  241.5    18.725667116618567   
  242.0    18.663802799113995   
  242.5    18.602269918319685   
  243.0    18.54106356482662    
  243.5    18.480186233033603   
  244.0    18.41963304640159    
  244.5    18.3594016200642     
  245.0    18.299489591529746   
  245.5    18.2398946204262     
  246.0    18.180614388249584   
  246.5    18.121646598115728   
  247.0    18.062986620731888   
  247.5    18.004636921632102   
  248.0    17.946592901118873   
  248.5    17.888852346371124   
  249.0    17.831413064995054   
  249.5    17.77427288479504    
  250.0    17.717429653547523   
  250.5    17.660878969548154   
  251.0    17.604623270044968   
  251.5    17.54865818035588    
  252.0    17.492981625944488   
  252.5    17.43759155115983    
  253.0    17.382485919027463   
  253.5    17.327662711043335   
  254.0    17.27311992697028    
  254.5    17.218853406975846   
  255.0    17.164865553163647   
  255.5    17.1111522300788     
  256.0    17.057711508569643   
  256.5    17.004541476772737   
  257.0    16.951640239924608   
  257.5    16.899005920175927   
  258.0    16.846634554724403   
  258.5    16.79452851292121    
  259.0    16.742683854258175   
  259.5    16.691098766731837   
  260.0    16.63977145435865    
  260.5    16.588700137002903   
  261.0    16.53788305020678    
  261.5    16.487316415694973   
  262.0    16.437002568573316   
  262.5    16.386937750969278   
  263.0    16.33712025948051    
  263.5    16.287548405564536   
  264.0    16.238220515381204   
  264.5    16.189134929637156   
  265.0    16.140290003432217   
  265.5    16.09168215531635    
  266.0    16.043313679824678   
  266.5    15.995181013958732   
  267.0    15.9472825688932     
  267.5    15.899616769455958   
  268.0    15.8521820539855     
  268.5    15.804976874190121   
  269.0    15.757997809525731   
  269.5    15.711247118072464   
  270.0    15.664721396195183   
  270.5    15.618419147707966   
  271.0    15.572338889116038   
  271.5    15.526479149484965   
  272.0    15.480838470311426   
  272.5    15.435415405395556   
  273.0    15.39020670622014    
  273.5    15.345214588416738   
  274.0    15.300435818782017   
  274.5    15.255868999084308   
  275.0    15.211512742779792   
  275.5    15.167365674893777   
  276.0    15.1234264319034     
  276.5    15.079691906241408   
  277.0    15.036164275929195   
  277.5    14.992840447449547   
  278.0    14.949719101942007   
  278.5    14.906798931432037   
  279.0    14.864078638721821   
  279.5    14.821556937282363   
  280.0    14.779232551146864   
  280.5    14.73710252376825    
  281.0    14.69516898987551    
  281.5    14.653429005661993   
  282.0    14.611881336368592   
  282.5    14.570524757283708   
  283.0    14.52935805364389    
  283.5    14.488380020535638   
  284.0    14.447587825413018   
  284.5    14.406983565014375   
  285.0    14.366564418494391   
  285.5    14.326329219380327   
  286.0    14.286276810575183   
  286.5    14.246406044266134   
  287.0    14.206715781833989   
  287.5    14.16720330770168    
  288.0    14.12787068064322    
  288.5    14.088715195831577   
  289.0    14.049735750537737   
  289.5    14.010931250788984   
  290.0    13.972300611284394   
  290.5    13.933842755311305   
  291.0    13.895556614662711   
  291.5    13.857439599460859   
  292.0    13.819493725258228   
  292.5    13.78171641193927    
  293.0    13.744106624512536   
  293.5    13.70666333609306    
  294.0    13.669385527825174   
  294.5    13.632272188806212   
  295.0    13.595320832668948   
  295.5    13.55853343739234    
  296.0    13.52190752558488    
  296.5    13.485442117410132   
  297.0    13.449136240615752   
  297.5    13.412988930462127   
  298.0    13.376999229651831   
  298.5    13.341166188259848   
  299.0    13.305487431366222   
  299.5    13.26996489438986    
  300.0    13.234596210567776   
  300.5    13.199380458782391   
  301.0    13.164316724951018   
  301.5    13.129404101960558   
  302.0    13.094641689602922   
  302.5    13.060027204902227   
  303.0    13.025562546441382   
  303.5    12.991245438748498   
  304.0    12.957075008603859   
  304.5    12.923050389380208   
  305.0    12.889170720982259   
  305.5    12.85543514978686    
  306.0    12.821841479922595   
  306.5    12.788391573568797   
  307.0    12.755083241758673   
  307.5    12.721915656172248   
  308.0    12.688887994672005   
  308.5    12.655999441246795   
  309.0    12.62324918595636    
  309.5    12.590636424876427   
  310.0    12.558159056162756   
  310.5    12.525818900976022   
  311.0    12.493613863751166   
  311.5    12.461543164090726   
  312.0    12.429606027347376   
  312.5    12.397801684572418   
  313.0    12.36612937246484    
  313.5    12.334587066949888   
  314.0    12.303176553849418   
  314.5    12.271895814867907   
  315.0    12.240744108796367   
  315.5    12.20972069982664    
  316.0    12.17882485750356    
  316.5    12.14805585667762    
  317.0    12.117412977458123   
  317.5    12.086894279859932   
  318.0    12.056501509988015   
  318.5    12.026232733113982   
  319.0    11.996087249923841   
  319.5    11.966064366135393   
  320.0    11.936163392454228   
  320.5    11.906383644530159   
  321.0    11.876723252041012   
  321.5    11.847183926951756   
  322.0    11.817763803778721   
  322.5    11.788462217522163   
  323.0    11.75927850791541    
  323.5    11.730212019383899   
  324.0    11.701262101004668   
  324.5    11.67242810646621    
  325.0    11.64370824088931    
  325.5    11.61510417794543    
  326.0    11.58661412715618    
  326.5    11.558237460263014   
  327.0    11.52997355342427    
  327.5    11.501821787177436   
  328.0    11.473781546401778   
  328.5    11.445851098814083   
  329.0    11.418032085227043   
  329.5    11.390322777407459   
  330.0    11.362722577235674   
  330.5    11.335230890752515   
  331.0    11.307847128124132   
  331.5    11.280570703607154   
  332.0    11.253399944527267   
  332.5    11.22633645945323    
  333.0    11.199378579437294   
  333.5    11.172525734756768   
  334.0    11.145777359610422   
  334.5    11.119132892085668   
  335.0    11.092591774126078   
  335.5    11.066153451499211   
  336.0    11.039816316225602   
  336.5    11.01358194078458    
  337.0    10.987448720584158   
  337.5    10.96141611637259    
  338.0    10.93548255121976    
  338.5    10.90965061721775    
  339.0    10.883915628610712   
  339.5    10.858281202118544   
  340.0    10.8327426908986     
  340.5    10.80730368711927    
  341.0    10.781959582398917   
  341.5    10.756711916923361   
  342.0    10.7315622032729     
  342.5    10.706505889925046   
  343.0    10.681546508616576   
  343.5    10.656679545184803   
  344.0    10.631908507567248   
  344.5    10.607228918531945   
  345.0    10.58264228782805    
  345.5    10.558150098528698   
  346.0    10.533747928008031   
  346.5    10.509439225618705   
  347.0    10.485219604620339   
  347.5    10.461092491291673   
  348.0    10.43705353437042    
  348.5    10.413106137263842   
  349.0    10.389245983786289   
  349.5    10.365474545498126   
  350.0    10.34179326842205    
  350.5    10.318197888248092   
  351.0    10.294691752076384   
  351.5    10.271270629695291   
  352.0    10.247937846025689   
  352.5    10.224689204572826   
  353.0    10.20152614792287    
  353.5    10.178450093967966   
  354.0    10.155456896086106   
  354.5    10.132549824590509   
  355.0    10.109724765646215   
  355.5    10.086984968054736   
  356.0    10.064326350405496   
  356.5    10.041750326940914   
  357.0    10.019258288018447   
  357.5    9.99684620019599     
  358.0    9.974517259306385    
  358.5    9.95226746344762     
  359.0    9.930099987584665    
  359.5    9.908010861010592    
  360.0    9.886001470247225    
  360.5    9.864073178707542    
  361.0    9.842222061841614    
  361.5    9.820451243226527    
  362.0    9.798756828665999    
  362.5    9.77714192149023     
  363.0    9.755602657528222    
  363.5    9.734140396196107    
  364.0    9.712756474545971    
  364.5    9.691447072839615    
  365.0    9.670215244544174    
  365.5    9.649057199145616    
  366.0    9.62797597046323     
  366.5    9.606967796894434    
  367.0    9.586035692777909    
  367.5    9.565175925114108    
  368.0    9.54438981935809     
  368.5    9.523678679514797    
  369.0    9.503038814920776    
  369.5    9.482473191933318    
  370.0    9.461978147739329    
  370.5    9.441556629787529    
  371.0    9.421205002821274    
  371.5    9.400924566560805    
  372.0    9.380716599954873    
  372.5    9.36057750853969     
  373.0    9.340510193187377    
  373.5    9.32051108627313     
  374.0    9.300583070312467    
  374.5    9.280722604239317    
  375.0    9.260930962622405    
  375.5    9.241209399910861    
  376.0    9.221554414360039    
  376.5    9.201968843264456    
  377.0    9.182449210753946    
  377.5    9.162998336299074    
  378.0    9.14361276963683     
  378.5    9.124293760757123    
  379.0    9.105042540156672    
  379.5    9.08585569549022     
  380.0    9.066736002315597    
  380.5    9.047680073241779    
  381.0    9.028690666516743    
  381.5    9.009764419448564    
  382.0    8.990904073118942    
  382.5    8.972106289283259    
  383.0    8.953372287154071    
  383.5    8.934703267220586    
  384.0    8.916095927444715    
  384.5    8.897552966610885    
  385.0    8.87907110651315     
  385.5    8.860653029260963    
  386.0    8.842295480240056    
  386.5    8.823999655351939    
  387.0    8.805766732347243    
  387.5    8.787593491555628    
  388.0    8.769482573996138    
  388.5    8.751430783002483    
  389.0    8.73344074339307     
  389.5    8.715509281275901    
  390.0    8.697637569777607    
  390.5    8.679826764424575    
  391.0    8.66207372506236     
  391.5    8.644381036584248    
  392.0    8.626745581048496    
  392.5    8.609169927605784    
  393.0    8.591650980307445    
  393.5    8.574189890030006    
  394.0    8.556787790579541    
  394.5    8.539441618591729    
  395.0    8.522153904417475    
  395.5    8.504921606148573    
  396.0    8.487747238835677    
  396.5    8.470627781816665    
  397.0    8.453564364231317    
  397.5    8.436558098658837    
  398.0    8.41960599591859     
  398.5    8.40271053334836     
  399.0    8.385868742499968    
  399.5    8.369083085838238    
  400.0    8.352350615446474    
  400.5    8.335673779035938    
  401.0    8.319049649022968    
  401.5    8.302479327336066    
  402.0    8.285963899970861    
  402.5    8.269500469476926    
  403.0    8.253091447196022    
  403.5    8.236733955525319    
  404.0    8.220430391461777    
  404.5    8.204177897060179    
  405.0    8.187977553642817    
  405.5    8.171830427066732    
  406.0    8.155733688522394    
  406.5    8.139689699641828    
  407.0    8.123695650808301    
  407.5    8.107753889704027    
  408.0    8.09186162572312     
  408.5    8.076019920057684    
  409.0    8.060229818885022    
  409.5    8.04448855977958     
  410.0    8.028798456029415    
  410.5    8.013156763774568    
  411.0    7.997565782735023    
  411.5    7.982022787442091    
  412.0    7.966528819422509    
  412.5    7.951084905622255    
  413.0    7.935688347837624    
  413.5    7.920341412332742    
  414.0    7.9050414188684845   
  414.5    7.889790620509902    
  415.0    7.874586354815348    
  415.5    7.859429644099965    
  416.0    7.844321496516458    
  416.5    7.829259276010815    
  417.0    7.814245203099278    
  417.5    7.7992766591162495   
  418.0    7.784355851735643    
  418.5    7.769480179520039    
  419.0    7.754651837400765    
  419.5    7.739868241010256    
  420.0    7.725130388612253    
  420.5    7.710439264823934    
  421.0    7.6957923105900745   
  421.5    7.681191689415415    
  422.0    7.666634858926882    
  422.5    7.652123970228297    
  423.0    7.637656497476843    
  423.5    7.623233420721083    
  424.0    7.608855706747955    
  424.5    7.594520854229425    
  425.0    7.580230983682774    
  425.5    7.565983609938198    
  426.0    7.551780841442511    
  426.5    7.537620209038358    
  427.0    7.523502674977632    
  427.5    7.5094291886219215   
  428.0    7.495397304563212    
  428.5    7.481409101474307    
  429.0    7.467462149602526    
  429.5    7.4535585158698625   
  430.0    7.439695786038997    
  430.5    7.425874904973295    
  431.0    7.412096805004113    
  431.5    7.398359094908566    
  432.0    7.384663812620696    
  432.5    7.371008582090052    
  433.0    7.35739542980914     
  433.5    7.343821994765503    
  434.0    7.330289204831958    
  434.5    7.316797975695123    
  435.0    7.3033459686511195   
  435.5    7.289935181965093    
  436.0    7.276563291641728    
  436.5    7.2632322848039035   
  437.0    7.249939852035702    
  437.5    7.236687969401458    
  438.0    7.223474341936947    
  438.5    7.210299876238791    
  439.0    7.19716546714452     
  439.5    7.1840688411314195   
  440.0    7.171011946978453    
  440.5    7.157992525301574    
  441.0    7.14501251410817     
  441.5    7.132069668030099    
  442.0    7.119164877546015    
  442.5    7.106299021694655    
  443.0    7.093469875904836    
  443.5    7.080679351604453    
  444.0    7.067925237937285    
  444.5    7.055209435837453    
  445.0    7.042529748045654    
  445.5    7.0298870492885674   
  446.0    7.017282203161273    
  446.5    7.004713032581632    
  447.0    6.9921814125876605   
  447.5    6.9796851794047      
  448.0    6.967226197845969    
  448.5    6.95480231733074     
  449.0    6.942414397190442    
  449.5    6.930063285922782    
  450.0    6.917746852528004    
  450.5    6.905466936584964    
  451.0    6.893221420009375    
  451.5    6.881012132415774    
  452.0    6.868836968526079    
  452.5    6.856696772624108    
  453.0    6.844592378447828    
  453.5    6.832521699726454    
  454.0    6.820486541481039    
  454.5    6.808484829979012    
  455.0    6.796518360529397    
  455.5    6.784585071832667    
  456.0    6.772686749556436    
  456.5    6.760821344730185    
  457.0    6.748989682787394    
  457.5    6.737192578971759    
  458.0    6.725428002613887    
  458.5    6.713697715582486    
  459.0    6.70199969928194     
  459.5    6.69033570618175     
  460.0    6.6787037296598895   
  460.5    6.667104580863876    
  461.0    6.655539061017922    
  461.5    6.64400518127511     
  462.0    6.632504670902077    
  462.5    6.62103555277968     
  463.0    6.609599547010033    
  463.5    6.598194688105265    
  464.0    6.5868217732462275   
  464.5    6.575481589948183    
  465.0    6.564172189991676    
  465.5    6.552895270853537    
  466.0    6.541648895708754    
  466.5    6.530434753097074    
  467.0    6.519250917494935    
  467.5    6.508098172427643    
  468.0    6.496977292004218    
  468.5    6.4858863674812826   
  469.0    6.474827065333097    
  469.5    6.463797487889499    
  470.0    6.4527992929081215   
  470.5    6.441830593702391    
  471.0    6.430893039375045    
  471.5    6.419984754134406    
  472.0    6.409106504393003    
  472.5    6.398259047455796    
  473.0    6.3874405237093645   
  473.5    6.37665256088559     
  474.0    6.365893310048208    
  474.5    6.355164390486045    
  475.0    6.344463963854459    
  475.5    6.333792783591939    
  476.0    6.323151594260686    
  476.5    6.312538573245272    
  477.0    6.301955318985177    
  477.5    6.291400019246612    
  478.0    6.280874264231415    
  478.5    6.270376252004946    
  479.0    6.259906723317319    
  479.5    6.249466410266261    
  480.0    6.239053526213228    
  480.5    6.228669641016439    
  481.0    6.218312978133928    
  481.5    6.207985099385487    
  482.0    6.197684238246143    
  482.5    6.187411123055984    
  483.0    6.177166473719513    
  483.5    6.166948538589973    
  484.0    6.156758859634052    
  484.5    6.146595695026516    
  485.0    6.136460578888865    
  485.5    6.126351779140582    
  486.0    6.116270011982951    
  486.5    6.106215985391636    
  487.0    6.096187981761043    
  487.5    6.086187515835407    
  488.0    6.076212879565181    
  488.5    6.066265580036879    
  489.0    6.056343918682851    
  489.5    6.046449394984426    
  490.0    6.036580319782435    
  490.5    6.026737394058535    
  491.0    6.0169213108290815   
  491.5    6.007130394911768    
  492.0    5.997366127001707    
  492.5    5.987626841144725    
  493.0    5.9779140106111015   
  493.5    5.968225978603908    
  494.0    5.958563434560168    
  494.5    5.948927060146901    
  495.0    5.939315212171822    
  495.5    5.929729345563185    
  496.0    5.920167826111755    
  496.5    5.910632101495992    
  497.0    5.901120546421237    
  497.5    5.891633839028997    
  498.0    5.882172649880029    
  498.5    5.8727353669247755   
  499.0    5.8633234199308      
  499.5    5.853935205594834    
  500.0    5.844572146604554    
  500.5    5.835232648336812    
  501.0    5.825917377880358    
  501.5    5.8166269949266445   
  502.0    5.807359917750228    
  502.5    5.798117551546414    
  503.0    5.7888983231072615   
  503.5    5.77970363071314     
  504.0    5.77053190960966     
  504.5    5.7613838160693955   
  505.0    5.752259999145494    
  505.5    5.7431589066455055   
  506.0    5.734081919763795    
  506.5    5.725027494604276    
  507.0    5.715997005606544    
  507.5    5.706988917109058    
  508.0    5.698004596841551    
  508.5    5.689042517315793    
  509.0    5.680103321235857    
  509.5    5.671187644307184    
  510.0    5.662293971188146    
  510.5    5.653423653027718    
  511.0    5.644575182507056    
  511.5    5.635749904219533    
  512.0    5.626946318809871    
  512.5    5.6181650586844505   
  513.0    5.609406749416855    
  513.5    5.6006699034875265   
  514.0    5.591955849289161    
  514.5    5.5832631071201835   
  515.0    5.5745929989675265   
  515.5    5.565944052890321    
  516.0    5.557316891214711    
  516.5    5.548712129594932    
  517.0    5.5401283076251175   
  517.5    5.531566731460748    
  518.0    5.523025948315818    
  518.5    5.514507258085619    
  519.0    5.506009215548589    
  519.5    5.497532433162623    
  520.0    5.489077516869807    
  520.5    5.480643032692636    
  521.0    5.472230265053681    
  521.5    5.4638377874035955   
  522.0    5.455466878046202    
  522.5    5.447116117806686    
  523.0    5.438786109481329    
  523.5    5.43047744950212     
  524.0    5.422188729656718    
  524.5    5.413921213124829    
  525.0    5.405673498936735    
  525.5    5.397446844290849    
  526.0    5.389239855408163    
  526.5    5.3810537835443615   
  527.0    5.3728872420597105   
  527.5    5.364740821623759    
  528.0    5.35661510673005     
  528.5    5.348508721352496    
  529.0    5.340422902056503    
  529.5    5.332356279828726    
  530.0    5.324310085424367    
  530.5    5.3162829567930245   
  531.0    5.308275475395734    
  531.5    5.300288216659112    
  532.0    5.292319828884913    
  532.5    5.284371528464734    
  533.0    5.276441970540737    
  533.5    5.2685323658231535   
  534.0    5.260641376246315    
  534.5    5.252769574252894    
  535.0    5.244917526388627    
  535.5    5.237083904686749    
  536.0    5.229269905811493    
  536.5    5.221474208469575    
  537.0    5.213698003769128    
  537.5    5.205939977043625    
  538.0    5.198200691902786    
  538.5    5.190480706192936    
  539.0    5.182778715101113    
  539.5    5.175095895998282    
  540.0    5.167430950583241    
  540.5    5.159785050792677    
  541.0    5.152156904791877    
  541.5    5.1445470675384275   
  542.0    5.136956088356249    
  542.5    5.129382685026468    
  543.0    5.121828016048952    
  543.5    5.114290805559881    
  544.0    5.10677220674332     
  544.5    5.099270950046622    
  545.0    5.091788183371309    
  545.5    5.084322643432412    
  546.0    5.076874874321881    
  546.5    5.069445414659379    
  547.0    5.062033010480877    
  547.5    5.054638796625204    
  548.0    5.047261525288954    
  548.5    5.0399023261427605   
  549.0    5.032559957501674    
  549.5    5.0252349552022295   
  550.0    5.017927849730155    
  550.5    5.010637408500073    
  551.0    5.003364748401899    
  551.5    4.99610864286492     
  552.0    4.988870203722105    
  552.5    4.981648210376525    
  553.0    4.974443190575881    
  553.5    4.967255666835157    
  554.0    4.9600844274423395   
  554.5    4.952930571724041    
  555.0    4.945792893841374    
  555.5    4.938672488172258    
  556.0    4.931568154711282    
  556.5    4.924480413279833    
  557.0    4.917409778581375    
  557.5    4.910355059287234    
  558.0    4.903317337535959    
  558.5    4.8962954277347235   
  559.0    4.889290407178737    
  559.5    4.882301095972557    
  560.0    4.875328566597637    
  560.5    4.868371644817784    
  561.0    4.861430840495847    
  561.5    4.8545066585196865   
  562.0    4.847597933071314    
  562.5    4.840705724725631    
  563.0    4.833828873229995    
  563.5    4.826968434447316    
  564.0    4.820123253653291    
  564.5    4.813293833141208    
  565.0    4.80648067033704     
  565.5    4.799682618740428    
  566.0    4.792900722558743    
  566.5    4.786133840728847    
  567.0    4.77938301284518     
  567.5    4.772647103245912    
  568.0    4.7659266068046575   
  568.5    4.759222013632457    
  569.0    4.7525321961028855   
  569.5    4.745858182399233    
  570.0    4.739198850207934    
  570.5    4.73255522319581     
  571.0    4.725926184327301    
  571.5    4.719312221202627    
  572.0    4.712713816761327    
  572.5    4.706129861820235    
  573.0    4.699561368872985    
  573.5    4.693007233928548    
  574.0    4.6864684650580175   
  574.5    4.679943963428661    
  575.0    4.67343420951007     
  575.5    4.666939679210286    
  576.0    4.660459281371291    
  576.5    4.653994013122733    
  577.0    4.647542788381513    
  577.5    4.641106599946224    
  578.0    4.634684366775823    
  578.5    4.628277077363542    
  579.0    4.621883655677807    
  579.5    4.6155045732245386   
  580.0    4.609140297071676    
  580.5    4.602789758641427    
  581.0    4.596453935774711    
  581.5    4.590131764822905    
  582.0    4.583824219410015    
  582.5    4.577530240784925    
  583.0    4.571250293636543    
  583.5    4.5649848383089635   
  584.0    4.558732823338651    
  584.5    4.5524952119155495   
  585.0    4.546270957395623    
  585.5    4.54006101883807     
  586.0    4.533864354387608    
  586.5    4.527681422047999    
  587.0    4.5215126755688955   
  587.5    4.515357080221124    
  588.0    4.509215584842457    
  588.5    4.5030871594166815   
  589.0    4.496972748734779    
  589.5    4.490871327463615    
  590.0    4.484783347050552    
  590.5    4.478709254777155    
  591.0    4.472648032279499    
  591.5    4.466600614334345    
  592.0    4.460565987187194    
  592.5    4.4545450816498375   
  593.0    4.44853688854816     
  593.5    4.442541852898834    
  594.0    4.436560415638726    
  594.5    4.430591574410452    
  595.0    4.42463625021351     
  595.5    4.418693445199311    
  596.0    4.412764076482126    
  596.5    4.406847150693935    
  597.0    4.4009435810861826   
  597.5    4.3950523787434195   
  598.0    4.389173980594261    
  598.5    4.3833088195948      
  599.0    4.377455913456504    
  599.5    4.371616165870664    
  600.0    4.365788598932287    
  600.5    4.359974112547005    
  601.0    4.35417173316613     
  601.5    4.3483818915639505   
  602.0    4.342605014623197    
  602.5    4.336840135279147    
  603.0    4.331088144067761    
  603.5    4.325348078213501    
  604.0    4.319620824541898    
  604.5    4.31390542454012     
  605.0    4.308202302944424    
  605.5    4.302511880678385    
  606.0    4.296833205574132    
  606.5    4.291167155273229    
  607.0    4.28551278180523     
  607.5    4.279870959174624    
  608.0    4.274240743582639    
  608.5    4.268622553841093    
  609.0    4.263016805025979    
  609.5    4.257422559548282    
  610.0    4.2518406824096155   
  610.5    4.246270240129142    
  611.0    4.240712094142922    
  611.5    4.235165315053253    
  612.0    4.229630315858474    
  612.5    4.224107505896       
  613.0    4.218595961846362    
  613.5    4.213096536319344    
  614.0    4.207608310016835    
  614.5    4.202132132052831    
  615.0    4.196667087126204    
  615.5    4.191214020874778    
  616.0    4.185772021970228    
  616.5    4.180341496095371    
  617.0    4.174922845365618    
  617.5    4.169515164366996    
  618.0    4.164119290131729    
  618.5    4.158734321159007    
  619.0    4.153361091072449    
  619.5    4.147998702260875    
  620.0    4.142647554837755    
  620.5    4.137308045419801    
  621.0    4.1319792821866255   
  621.5    4.126662090323089    
  622.0    4.121355581840391    
  622.5    4.1160605785807025   
  623.0    4.110776196363899    
  623.5    4.105502829836922    
  624.0    4.100240870218827    
  624.5    4.094989439000025    
  625.0    4.089749349746705    
  625.5    4.08451972770146     
  626.0    4.0793013831521      
  626.5    4.074093445071105    
  627.0    4.068896302739351    
  627.5    4.063710342076994    
  628.0    4.058534697609976    
  628.5    4.05337017150895     
  629.0    4.048215901974744    
  629.5    4.043072687962386    
  630.0    4.037939671325876    
  630.5    4.032817236078223    
  631.0    4.027705762937202    
  631.5    4.022604399196299    
  632.0    4.0175139358483785   
  632.5    4.012433523786542    
  633.0    4.007363950849276    
  633.5    4.00230437150816     
  634.0    3.997255570464531    
  634.5    3.992216705747461    
  635.0    3.9871881547377064   
  635.5    3.9821702916026336   
  636.0    3.9771622796686326   
  636.5    3.9721648958687      
  637.0    3.967177307034956    
  637.5    3.962200287022614    
  638.0    3.9572330061490906   
  638.5    3.952275836743471    
  639.0    3.9473291479833224   
  639.5    3.9423921153760935   
  640.0    3.937465505155294    
  640.5    3.9325484962632484   
  641.0    3.9276418519136365   
  641.5    3.922744754463751    
  642.0    3.9178575712821218   
  642.5    3.9129806666461273   
  643.0    3.908113227998581    
  643.5    3.903256011074617    
  644.0    3.8984082066828973   
  644.5    3.893570567595309    
  645.0    3.888742287966967    
  645.5    3.8839237302949328   
  646.0    3.879115254044014    
  646.5    3.874316058353027    
  647.0    3.8695268886550855   
  647.5    3.864746947387599    
  648.0    3.8599769770756787   
  648.5    3.8552161834364314   
  649.0    3.8504653061025103   
  649.5    3.8457235540519594   
  650.0    3.8409912836462463   
  650.5    3.8362688482882352   
  651.0    3.8315554618125724   
  651.5    3.8268518566880276   
  652.0    3.8221572499638885   
  652.5    3.8174723712700516   
  653.0    3.812796440852163    
  653.5    3.8081298103964847   
  654.0    3.803472828686395    
  654.5    3.798824720728151    
  655.0    3.7941862091201637   
  655.5    3.789556522019922    
  656.0    3.784936379239299    
  656.5    3.7803250120692      
  657.0    3.7757227676034515   
  657.5    3.7711299900873843   
  658.0    3.766545915478952    
  658.5    3.76197125668785     
  659.0    3.757405252761457    
  659.5    3.752848613874051    
  660.0    3.74830058214506     
  660.5    3.74376150015683     
  661.0    3.739231707696306    
  661.5    3.7347104514587515   
  662.0    3.730198434842586    
  662.5    3.7256949075722368   
  663.0    3.721200570360648    
  663.5    3.7167146759444685   
  664.0    3.712237562473744    
  664.5    3.707769565354963    
  665.0    3.7033099418116753   
  665.5    3.6988593859043704   
  666.0    3.6944171578270013   
  666.5    3.6899839490033735   
  667.0    3.6855590225813244   
  667.5    3.6811430673617065   
  668.0    3.676735349429843    
  668.5    3.6723362013506935   
  669.0    3.6679459530105327   
  669.5    3.6635638748704715   
  670.0    3.6591906492334236   
  670.5    3.6548255494574904   
  671.0    3.6504692552699938   
  671.5    3.6461210429100293   
  672.0    3.641781240684838    
  672.5    3.6374501742720913   
  673.0    3.6331271242026846   
  673.5    3.6288127638230487   
  674.0    3.624506376505578    
  674.5    3.6202086330673944   
  675.0    3.615918819706782    
  675.5    3.6116372605469445   
  676.0    3.607363933613356    
  676.5    3.6030995027189943   
  677.0    3.5988425732968023   
  677.5    3.594593810627719    
  678.0    3.5903531930341432   
  678.5    3.5861213793818862   
  679.0    3.5818969858980076   
  679.5    3.5776806728998896   
  680.0    3.573472419001988    
  680.5    3.5692722028910246   
  681.0    3.565080677319736    
  681.5    3.5608964718454255   
  682.0    3.5567202406522456   
  682.5    3.552551962713018    
  683.0    3.54839161707136     
  683.5    3.544239850444565    
  684.0    3.5400953055424953   
  684.5    3.5359586304940627   
  685.0    3.5318298046231704   
  685.5    3.527709469873855    
  686.0    3.5235962793520397   
  686.5    3.519490876397794    
  687.0    3.515393240610759    
  687.5    3.51130335165881     
  688.0    3.507221845587155    
  688.5    3.50314738834202     
  689.0    3.499080617345478    
  689.5    3.4950215125355752   
  690.0    3.4909700539172177   
  690.5    3.4869268717109945   
  691.0    3.482890644534057    
  691.5    3.4788620039650264   
  692.0    3.4748409302735452   
  692.5    3.4708280490731798   
  693.0    3.4668220489977095   
  693.5    3.4628235570039068   
  694.0    3.4588325536218933   
  694.5    3.45484901944626     
  695.0    3.450873574396571    
  695.5    3.4469049194798056   
  696.0    3.4429436759404908   
  696.5    3.438989824628491    
  697.0    3.435043980959353    
  697.5    3.431104855722102    
  698.0    3.427173065642882    
  698.5    3.4232485918227558   
  699.0    3.4193314154249617   
  699.5    3.4154221462979724   
  700.0    3.41151950731519     
  700.5    3.407624109618011    
  701.0    3.403735934615882    
  701.5    3.3998549637791937   
  702.0    3.395981801458314    
  702.5    3.392115182454294    
  703.0    3.3882557123930557   
  703.5    3.3844033729863265   
  704.0    3.3805587642349573   
  704.5    3.376720630370945    
  705.0    3.372889572657014    
  705.5    3.3690655730424135   
  706.0    3.3652486135351896   
  706.5    3.3614392887595246   
  707.0    3.3576363545994594   
  707.5    3.3538404069242156   
  708.0    3.3500514279746896   
  708.5    3.34626940004942     
  709.0    3.342494912461919    
  709.5    3.3387267325986802   
  710.0    3.3349654510017053   
  710.5    3.3312110501978234   
  711.0    3.327464115298873    
  711.5    3.323723422787179    
  712.0    3.3199895589900352   
  712.5    3.3162625066589873   
  713.0    3.3125422486012077   
  713.5    3.3088293647340956   
  714.0    3.305122642779306    
  714.5    3.3014226638536486   
  715.0    3.2977294109846387   
  715.5    3.294043459979689    
  716.0    3.2903636074488856   
  716.5    3.2866904303864155   
  717.0    3.2830239120367057   
  717.5    3.279364035697884    
  718.0    3.2757113720959454   
  718.5    3.27206472882485     
  719.0    3.2684246777818076   
  719.5    3.264791202477661    
  720.0    3.2611642864759185   
  720.5    3.2575444954826014   
  721.0    3.2539306479368326   
  721.5    3.2503233107005514   
  722.0    3.246722467545879    
  722.5    3.243128680206498    
  723.0    3.2395407756992265   
  723.5    3.2359593169016123   
  724.0    3.2323842877911755   
  724.5    3.2288156723962906   
  725.0    3.2252540275389134   
  725.5    3.2216981908369524   
  726.0    3.2181487202413894   
  726.5    3.2146055999820615   
  727.0    3.2110688143386894   
  727.5    3.20753891528036     
  728.0    3.2040147508935144   
  728.5    3.200496874261673    
  729.0    3.19698526986217     
  729.5    3.1934804858236086   
  730.0    3.1899813785131688   
  730.5    3.186488497162387    
  731.0    3.183001826443196    
  731.5    3.1795213510757168   
  732.0    3.1760476144393914   
  732.5    3.172579483136635    
  733.0    3.1691175016356623   
  733.5    3.165661654847499    
  734.0    3.1622124823929427   
  734.5    3.1587688589711815   
  735.0    3.1553313252806254   
  735.5    3.1518998664203073   
  736.0    3.1484744675358183   
  736.5    3.145055663599713    
  737.0    3.1416423393197315   
  737.5    3.138235030732296    
  738.0    3.1348337231674583   
  738.5    3.131438402000952    
  739.0    3.1280495976119775   
  739.5    3.1246662045936686   
  740.0    3.121288754375575    
  740.5    3.1179172325144227   
  741.0    3.1145521657537274   
  741.5    3.1111924565075038   
  742.0    3.1078386325589595   
  742.5    3.104490679643094    
  743.0    3.101148583539056    
  743.5    3.0978128664937548   
  744.0    3.0944824405897657   
  744.5    3.0911578291005632   
  745.0    3.0878390179802366   
  745.5    3.084525993226205    
  746.0    3.0812192726413996   
  746.5    3.077917777859125    
  747.0    3.0746220276959644   
  747.5    3.0713320083210185   
  748.0    3.068048234019438    
  748.5    3.0647696339814403   
  749.0    3.0614967234956487   
  749.5    3.0582294889002886   
  750.0    3.054967916575474    
  750.5    3.0517125164551655   
  751.0    3.048462227072803    
  751.5    3.045217559353276    
  752.0    3.0419784998426938   
  752.5    3.038745555030473    
  753.0    3.0355176708432867   
  753.5    3.0322953547515925   
  754.0    3.0290785934650377   
  754.5    3.025867373733777    
  755.0    3.022662197786374    
  755.5    3.0194620206909617   
  756.0    3.016267345644963    
  756.5    3.013078159559059    
  757.0    3.009894449383696    
  757.5    3.006716713135743    
  758.0    3.003543914915114    
  758.5    3.000376553695549    
  759.0    2.997214616585076    
  759.5    2.9940585982661494   
  760.0    2.990907469986209    
  760.5    2.9877617273751262   
  761.0    2.9846213576962013   
  761.5    2.981486348251195    
  762.0    2.9783571895975594   
  762.5    2.975232861821299    
  763.0    2.972113856415633    
  763.5    2.969000160834764    
  764.0    2.9658922623701702   
  764.5    2.962789148102937    
  765.0    2.9596913062511243   
  765.5    2.9565987244191514   
  766.0    2.9535113902486496   
  766.5    2.950429786990532    
  767.0    2.9473529103764973   
  767.5    2.9442812445727187   
  768.0    2.9412147773683217   
  768.5    2.93815349658897     
  769.0    2.935097881490974    
  769.5    2.932046936354436    
  770.0    2.9290011413397843   
  770.5    2.9259604844175096   
  771.0    2.9229254416809125   
  771.5    2.919895024176213    
  772.0    2.916869708892041    
  772.5    2.9138494839416214   
  773.0    2.9108343374735437   
  773.5    2.9078247416675778   
  774.0    2.9048197159382414   
  774.5    2.9018197333498      
  775.0    2.8988247821910127   
  775.5    2.8958348507853655   
  776.0    2.892850407443236    
  776.5    2.889870479849479    
  777.0    2.8868955371883005   
  777.5    2.8839255679208478   
  778.0    2.880961037293365    
  778.5    2.8780009795373727   
  779.0    2.875045860764533    
  779.5    2.872095669571681    
  780.0    2.86915039458927     
  780.5    2.8662104972720215   
  781.0    2.86327501994913     
  781.5    2.860344424930366    
  782.0    2.8574187009794536   
  782.5    2.8544983065484786   
  783.0    2.851582290377027    
  783.5    2.8486711117640504   
  784.0    2.8457647596046494   
  784.5    2.842863222826477    
  785.0    2.8399669561659846   
  785.5    2.8370750162923613   
  786.0    2.8341878587788414   
  786.5    2.8313054726821254   
  787.0    2.828427847090891    
  787.5    2.8255554330672847   
  788.0    2.822687295118655    
  788.5    2.819823885134001    
  789.0    2.816965192328769    
  789.5    2.814111664855053    
  790.0    2.811262373425741    
  790.5    2.8084177670119437   
  791.0    2.805577834954088    
  791.5    2.8027425666235724   
  792.0    2.7999124065711163   
  792.5    2.7970864331865464   
  793.0    2.794265091829936    
  793.5    2.7914483719954704   
  794.0    2.7886362632077635   
  794.5    2.785829206455887    
  795.0    2.7830262877188656   
  795.5    2.7802279487856083   
  796.0    2.7774341793013675   
  796.5    2.7746454174341464   
  797.0    2.771860755171971    
  797.5    2.769080631475176    
  798.0    2.766305036107963    
  798.5    2.763533958864014    
  799.0    2.7607678344197946   
  799.5    2.7580057621978176   
  800.0    2.755248177657619    
  800.5    2.7524950707097613   
  801.0    2.7497468732650265   
  801.5    2.747002690632781    
  802.0    2.744262955499569    
  802.5    2.7415276578912104   
  803.0    2.738796787862089    
  803.5    2.7360707738998147   
  804.0    2.7333487285975435   
  804.5    2.730631081209637    
  805.0    2.7279178219037408   
  805.5    2.725208940875572    
  806.0    2.7225048632268156   
  806.5    2.719804708752385    
  807.0    2.7171089033118423   
  807.5    2.714417437212211    
  808.0    2.7117307328729336   
  808.5    2.709047915792012    
  809.0    2.706369409139758    
  809.5    2.7036952033329684   
  810.0    2.701025288815646    
  810.5    2.6983600846870703   
  811.0    2.6956987235022978   
  811.5    2.6930416251028344   
  812.0    2.6903887800405735   
  812.5    2.68774017889415     
  813.0    2.685096237478509    
  813.5    2.6824560953269816   
  814.0    2.679820168988227    
  814.5    2.677188449146924    
  815.0    2.6745613490160416   
  815.5    2.671938013655519    
  816.0    2.669318857005317    
  816.5    2.66670386985471     
  817.0    2.6640930430188976   
  817.5    2.661486786489783    
  818.0    2.65888425216659     
  818.5    2.656285850759924    
  819.0    2.6536915731878006   
  819.5    2.65110182689014     
  820.0    2.648515769183003    
  820.5    2.6459338082184676   
  821.0    2.6433559350159666   
  821.5    2.640782140620073    
  822.0    2.638212829311369    
  822.5    2.635647165109735    
  823.0    2.633085552999836    
  823.5    2.6305279841259486   
  824.0    2.6279744496570614   
  824.5    2.6254253507480643   
  825.0    2.622879858048879    
  825.5    2.620338373410523    
  826.0    2.617800888100006    
  826.5    2.6152678007956016   
  827.0    2.6127382873988028   
  827.5    2.610212747277728    
  828.0    2.607691171796087    
  828.5    2.6051735523415607   
  829.0    2.602660284526149    
  829.5    2.6001505507511915   
  830.0    2.597644747310785    
  830.5    2.5951428656876865   
  831.0    2.5926448973882237   
  831.5    2.5901512349905174   
  832.0    2.5876610673248335   
  832.5    2.585174787643751    
  833.0    2.582692387547083    
  833.5    2.5802142572088953   
  834.0    2.57773959055216     
  834.5    2.575268778419368    
  835.0    2.5728018125025702   
  835.5    2.5703386845166842   
  836.0    2.5678797816591126   
  836.5    2.565424304156581    
  837.0    2.5629726398674744   
  837.5    2.5605247805974125   
  838.0    2.5580811111849675   
  838.5    2.555640836850681    
  839.0    2.55320434308823     
  839.5    2.55077162179273     
  840.0    2.5483426648814875   
  840.5    2.5459178542722625   
  841.0    2.54349640136728     
  841.5    2.5410786887321537   
  842.0    2.5386647083722034   
  842.5    2.5362544523145716   
  843.0    2.533848299586663    
  843.5    2.5314454677058746   
  844.0    2.529046336340313    
  844.5    2.526650897603684    
  845.0    2.5242595282327813   
  845.5    2.5218714505898276   
  846.0    2.519487042046672    
  846.5    2.517106294802442    
  847.0    2.514729201077445    
  847.5    2.5123561347719257   
  848.0    2.509986324245852    
  848.5    2.507620144027555    
  849.0    2.5052575864213606   
  849.5    2.5028986437524305   
  850.0    2.500543687113804    
  850.5    2.498191950799202    
  851.0    2.495843806522878    
  851.5    2.493499246692638    
  852.0    2.491158640176644    
  852.5    2.488821225970094    
  853.0    2.4864873735569373   
  853.5    2.4841570754265425   
  854.0    2.481830324088504    
  854.5    2.4795074856556303   
  855.0    2.4771878049438754   
  855.5    2.474871648675138    
  856.0    2.4725590094392462   
  856.5    2.470250251165128    
  857.0    2.46794462328092     
  857.5    2.4656424903193446   
  858.0    2.463343844949424    
  858.5    2.461048679859817    
  859.0    2.458757356274739    
  859.5    2.4564691293328247   
  860.0    2.4541843608555554   
  860.5    2.451903043609499    
  861.0    2.4496251703805445   
  861.5    2.4473510997158185   
  862.0    2.4450800924043556   
  862.5    2.442812507584106    
  863.0    2.44054833811761     
  863.5    2.4382879404299893   
  864.0    2.4360305797878326   
  864.5    2.4337766132019945   
  865.0    2.4315260336106794   
  865.5    2.4292788339708538   
  866.0    2.4270353680793746   
  866.5    2.4247949067470747   
  867.0    2.4225578043502645   
  867.5    2.420324053920357    
  868.0    2.418093648507229    
  868.5    2.415866939306109    
  869.0    2.413643202614203    
  869.5    2.411422790199996    
  870.0    2.4092056951866194   
  870.5    2.4069922667069625   
  871.0    2.404781785406145    
  871.5    2.402574600985417    
  872.0    2.400370706640228    
  872.5    2.3981700955839593   
  873.0    2.395973114394958    
  873.5    2.393779049102482    
  874.0    2.391588246847194    
  874.5    2.3894007009136407   
  875.0    2.387216755855064    
  875.5    2.385035701967825    
  876.0    2.3828578843627066   
  876.5    2.3806832963945137   
  877.0    2.378511931435476    
  877.5    2.3763441315302987   
  878.0    2.3741791922596716   
  878.5    2.3720174562199445   
  879.0    2.369858916852492    
  879.5    2.3677035676158362   
  880.0    2.365551748071251    
  880.5    2.363402759029328    
  881.0    2.361256940597168    
  881.5    2.3591142863013452   
  882.0    2.3569751337342635   
  882.5    2.3548387878516976   
  883.0    2.3527055867872813   
  883.5    2.350575524134781    
  884.0    2.348448593504627    
  884.5    2.34632513005018     
  885.0    2.344204443860944    
  885.5    2.3420868706258333   
  886.0    2.3399724040214127   
  886.5    2.3378610377406512   
  887.0    2.3357531045220905   
  887.5    2.3336479195365114   
  888.0    2.33154581605241     
  888.5    2.3294467878278504   
  889.0    2.327351165686772    
  889.5    2.325258268827639    
  890.0    2.3231684285999195   
  890.5    2.321081638825958    
  891.0    2.318997893344046    
  891.5    2.3169175206061396   
  892.0    2.314839844799286    
  892.5    2.312765194895505    
  893.0    2.310693564796363    
  893.5    2.3086252810730987   
  894.0    2.3065596718671517   
  894.5    2.3044970642655027   
  895.0    2.302437452232207    
  895.5    2.300380829746821    
  896.0    2.2983275210504774   
  896.5    2.296276859182654    
  897.0    2.294229168894892    
  897.5    2.292184444228264    
  898.0    2.2901426792391053   
  898.5    2.288104195861302    
  899.0    2.286068331982977    
  899.5    2.284035410043159    
  900.0    2.282005424158748    
  900.5    2.2799786944341145   
  901.0    2.277954562601131    
  901.5    2.275933349265149    
  902.0    2.2739150486028836   
  902.5    2.271899654805887    
  903.0    2.2698874857117186   
  903.5    2.267877887813579    
  904.0    2.2658711794448667   
  904.5    2.2638673548560284   
  905.0    2.2618664083121205   
  905.5    2.25986865540596     
  906.0    2.257873447344442    
  906.5    2.25588110021115     
  907.0    2.2538916083291296   
  907.5    2.2519052855111275   
  908.0    2.249921486701072    
  908.5    2.247940526198468    
  909.0    2.2459623983836376   
  909.5    2.2439870976511105   
  910.0    2.24201493560794     
  910.5    2.2400452718275257   
  911.0    2.238078418398722    
  911.5    2.236114369772462    
  912.0    2.2341534358066193   
  912.5    2.232194979745021    
  913.0    2.2302393119234285   
  913.5    2.2282864268484848   
  914.0    2.226336319040653    
  914.5    2.2243892961903      
  915.0    2.222444726088418    
  915.5    2.220502916898423    
  916.0    2.218563863195642    
  916.5    2.2166275595690146   
  917.0    2.21469431156225     
  917.5    2.21276349146859     
  918.0    2.210835405300019    
  918.5    2.208910047699507    
  919.0    2.206987722508294    
  919.5    2.2050678055894335   
  920.0    2.203150601248664    
  920.5    2.201236104182331    
  921.0    2.199324309100022    
  921.5    2.197415517733216    
  922.0    2.1955091103677873   
  922.5    2.1936053891950467   
  923.0    2.1917043489771513   
  923.5    2.189805984489302    
  924.0    2.1879105953733653   
  924.5    2.186017566294681    
  925.0    2.1841271973503424   
  925.5    2.182239483367328    
  926.0    2.1803547223301694   
  926.5    2.178472302376903    
  927.0    2.1765925219436464   
  927.5    2.1747153759085327   
  928.0    2.1728408591623847   
  928.5    2.170969267635777    
  929.0    2.1690999937695383   
  929.5    2.16723333394133     
  930.0    2.1653692830923625   
  930.5    2.1635081355240873   
  931.0    2.161649287089382    
  931.5    2.1597930325332273   
  932.0    2.157939366846617    
  932.5    2.156088285032901    
  933.0    2.154240079374455    
  933.5    2.1523941499519865   
  934.0    2.1505507894870037   
  934.5    2.1487099930318965   
  935.0    2.1468717556512225   
  935.5    2.1450363676273376   
  936.0    2.1432032332278554   
  936.5    2.1413726431699214   
  937.0    2.139544592566406    
  937.5    2.1377193701132255   
  938.0    2.1358963833983657   
  938.5    2.134075921549101    
  939.0    2.1322579797260386   
  939.5    2.1304425531016316   
  940.0    2.128629928405501    
  940.5    2.126819517340141    
  941.0    2.1250116070622886   
  941.5    2.1232061927914265   
  942.0    2.1214035596974283   
  942.5    2.1196031227458856   
  943.0    2.1178051675304306   
  943.5    2.1160096893170204   
  944.0    2.114216683383145    
  944.5    2.112426432965385    
  945.0    2.1106383570730416   
  945.5    2.108852739362309    
  946.0    2.1070695751564665   
  946.5    2.1052888597901536   
  947.0    2.1035108745846927   
  947.5    2.101735042554433    
  948.0    2.0999616454362138   
  948.5    2.098190678609792    
  949.0    2.0964224218771337   
  949.5    2.0946563014290804   
  950.0    2.092892597479878    
  950.5    2.0911313054538683   
  951.0    2.0893724207864586   
  951.5    2.087616221396275    
  952.0    2.0858621374108033   
  952.5    2.084110447156946    
  953.0    2.0823611461140437   
  953.5    2.0806142297723405   
  954.0    2.0788699741845647   
  954.5    2.077127813377488    
  955.0    2.075388023808161    
  955.5    2.0736506010101206   
  956.0    2.0719158195558087   
  956.5    2.0701831165648072   
  957.0    2.0684527670107546   
  957.5    2.0667247664699735   
  958.0    2.064999110529407    
  958.5    2.0632760719264804   
  959.0    2.061555091613953    
  959.5    2.0598364427265796   
  960.0    2.0581201208934687   
  960.5    2.0564063973962012   
  961.0    2.0546947162280382   
  961.5    2.052985349064832    
  962.0    2.0512782915773684   
  962.5    2.049573539446776    
  963.0    2.0478713621498503   
  963.5    2.046171207448352    
  964.0    2.0444733452095663   
  964.5    2.0427777711556967   
  965.0    2.0410844810191424   
  965.5    2.039393742488434    
  966.0    2.0377050070585003   
  966.5    2.0360185428046296   
  967.0    2.034334345499702    
  967.5    2.0326526814134165   
  968.0    2.0309730050020582   
  968.5    2.0292955829191297   
  969.0    2.0276204109775255   
  969.5    2.0259474850000743   
  970.0    2.024277069497468    
  970.5    2.0226086225966284   
  971.0    2.020942409188398    
  971.5    2.0192784251350466   
  972.0    2.017616666308632    
  972.5    2.015957395476832    
  973.0    2.0143000744030415   
  973.5    2.0126449662314805   
  974.0    2.0109920668730847   
  974.5    2.0093416377125193   
  975.0    2.0076931433980123   
  975.5    2.006046845687917    
  976.0    2.0044027405316007   
  976.5    2.00276082388797     
  977.0    2.0011213554269958   
  977.5    1.9994838033729068   
  978.0    1.9978484277658328   
  978.5    1.996215224602565    
  979.0    1.9945844521924823   
  979.5    1.992955581596786    
  980.0    1.9913288714922224   
  980.5    1.9897043179130347   
  981.0    1.9880819169027633   
  981.5    1.9864619250838302   
  982.0    1.9848438170342462   
  982.5    1.9832278497403473   
  983.0    1.9816140192825946   
  983.5    1.9800023217506155   
  984.0    1.9783930120950368   
  984.5    1.9767855683783366   
  985.0    1.975180245911645    
  985.5    1.9735770408209876   
  986.0    1.971976206730367    
  986.5    1.970377224466782    
  987.0    1.9687803480120385   
  987.5    1.9671855735281494   
  988.0    1.965592897186062    
  988.5    1.9640025709648425   
  989.0    1.9624140791186933   
  989.5    1.9608276739811459   
  990.0    1.9592433517586276   
  990.5    1.957661108666374    
  991.0    1.9560811950531996   
  991.5    1.9545030985692167   
  992.0    1.952927069914407    
  992.5    1.9513531053389883   
  993.0    1.9497814538980442   
  993.5    1.9482116059361083   
  994.0    1.9466438108568214   
  994.5    1.9450780649449908   
  995.0    1.9435143644940092   
  995.5    1.9419529569547234   
  996.0    1.9403933360121637   
  996.5    1.9388357494625061   
  997.0    1.937280193633249    
  997.5    1.935726914702108    
  998.0    1.9341754090046677   
  998.5    1.9326259230614184   
  999.0    1.9310784532335832   
  999.5    1.9295329958907577   
  1000.0   1.9279897956319059   
  1000.5   1.926448352078851    
  1001.0   1.9249089101701724   
  1001.5   1.9233714663087207   
  1002.0   1.9218360169056024   
  1002.5   1.9203028049949673   
  1003.0   1.918771333455219    
  1003.5   1.9172418456570008   
  1004.0   1.9157143380442125   
  1004.5   1.9141890524090934   
  1005.0   1.9126654942141645   
  1005.5   1.9111439055856885   
  1006.0   1.909624282999993    
  1006.5   1.9081066229414574   
  1007.0   1.9065911656622014   
  1007.5   1.9050774198288      
  1008.0   1.9035656260243403   
  1008.5   1.9020557807651814   
  1009.0   1.900547880575623    
  1009.5   1.8990421641811712   
  1010.0   1.8975381434237402   
  1010.5   1.8960360573567827   
  1011.0   1.8945359025361375   
  1011.5   1.8930379164756514   
  1012.0   1.8915416135370378   
  1012.5   1.890047231559699    
  1013.0   1.888554767130666    
  1013.5   1.8870642168447125   
  1014.0   1.8855758167130026   
  1014.5   1.8840890842217306   
  1015.0   1.8826042557046585   
  1015.5   1.8811213277873244   
  1016.0   1.8796405352881855   
  1016.5   1.8781613981729666   
  1017.0   1.8766841515803823   
  1017.5   1.8752087921663962   
  1018.0   1.8737353165945256   
  1018.5   1.8722639582040013   
  1019.0   1.870794240035206    
  1019.5   1.869326395744732    
  1020.0   1.8678604220261061   
  1020.5   1.8663963155803074   
  1021.0   1.8649343082801673   
  1021.5   1.8634739262134887   
  1022.0   1.8620154015676034   
  1022.5   1.8605587310730902   
  1023.0   1.8591041454388135   
  1023.5   1.8576511731710872   
  1024.0   1.8562000452910101   
  1024.5   1.8547507585584384   
  1025.0   1.8533033097404985   
  1025.5   1.8518579281023941   
  1026.0   1.8504141451496015   
  1026.5   1.8489721904567558   
  1027.0   1.847532060819863    
  1027.5   1.8460937530421009   
  1028.0   1.8446574949574517   
  1028.5   1.8432228210441646   
  1029.0   1.8417899594428828   
  1029.5   1.8403589069852722   
  1030.0   1.838929890369211    
  1030.5   1.8375024464323488   
  1031.0   1.8360768021770304   
  1031.5   1.8346529544631027   
  1032.0   1.8332309001574094   
  1032.5   1.8318108645486542   
  1033.0   1.8303923874005066   
  1033.5   1.8289756943034228   
  1034.0   1.8275607821520472   
  1034.5   1.8261478751164433   
  1035.0   1.8247365152826547   
  1035.5   1.8233269271203494   
  1036.0   1.8219191075516719   
  1036.5   1.8205130535055971   
  1037.0   1.8191089877646287   
  1037.5   1.8177064552950146   
  1038.0   1.8163056791762053   
  1038.5   1.8149066563643057   
  1039.0   1.813509383822159    
  1039.5   1.8121140829565388   
  1040.0   1.8107203015888362   
  1040.5   1.8093282614201431   
  1041.0   1.8079379594400697   
  1041.5   1.8065496159632422   
  1042.0   1.8051627810772959   
  1042.5   1.8037776753890937   
  1043.0   1.8023942959147274   
  1043.5   1.8010126396768646   
  1044.0   1.799632925635367    
  1044.5   1.7982547066886092   
  1045.0   1.7968782020861145   
  1045.5   1.795503408876679    
  1046.0   1.7941303241155864   
  1046.5   1.7927591654194057   
  1047.0   1.7913894884729642   
  1047.5   1.7900215111799465   
  1048.0   1.7886552306214174   
  1048.5   1.787290863347497    
  1049.0   1.785927967254849    
  1049.5   1.7845667591786942   
  1050.0   1.7832072362256028   
  1050.5   1.7818493955084795   
  1051.0   1.780493452254492    
  1051.5   1.779138967103711    
  1052.0   1.7777861555659098   
  1052.5   1.7764350147791612   
  1053.0   1.7750857589202993   
  1053.5   1.7737379508071365   
  1054.0   1.7723918048971368   
  1054.5   1.771047318353274    
  1055.0   1.7697044883447066   
  1055.5   1.7683635277452665   
  1056.0   1.767024002073973    
  1056.5   1.7656861244828435   
  1057.0   1.7643498921656091   
  1057.5   1.7630153023221034   
  1058.0   1.761682566534073    
  1058.5   1.7603512529986607   
  1059.0   1.7590215735733812   
  1059.5   1.7576935254823174   
  1060.0   1.7563673192813394   
  1060.5   1.755042525293618    
  1061.01  1.7536929670496044   
  1061.51  1.7523714487007684   
  1062.01  1.7510515478422912   
  1062.51  1.7497332617342714   
  1063.01  1.7484165876427356   
  1063.51  1.7471017343396524   
  1064.01  1.745788275844473    
  1064.51  1.7444764211997017   
  1065.01  1.7431661676949186   
  1065.51  1.7418577230949588   
  1066.01  1.7405506635056969   
  1066.51  1.7392451969606355   
  1067.01  1.7379413207726613   
  1067.51  1.7366390322604508   
  1068.01  1.735338537939318    
  1068.51  1.7340394165033184   
  1069.01  1.7327418747341214   
  1069.51  1.7314459099734063   
  1070.01  1.7301515195685666   
  1070.51  1.7288589087957464   
  1071.01  1.7275676589153226   
  1071.51  1.7262779754675088   
  1072.01  1.7249898558224024   
  1072.51  1.7237035042721982   
  1073.01  1.7224185041147362   
  1073.51  1.7211350599044692   
  1074.01  1.7198531690339631   
  1074.51  1.7185728289013633   
  1075.01  1.717294242578053    
  1075.51  1.716016995889441    
  1076.01  1.714741292166927    
  1076.51  1.7134671288308336   
  1077.01  1.7121947079831428   
  1077.51  1.710923617456023    
  1078.01  1.7096540596096976   
  1078.51  1.7083860318864363   
  1079.01  1.7071195317339602   
  1079.51  1.7058547600514509   
  1080.01  1.7045913071606402   
  1080.51  1.7033293742167535   
  1081.01  1.7020689586891764   
  1081.51  1.7008100580526753   
  1082.01  1.6995528720134923   
  1082.51  1.6982969933621226   
  1083.01  1.6970426220586794   
  1083.51  1.6957897555993144   
  1084.01  1.6945385927429566   
  1084.51  1.6932887282402702   
  1085.01  1.692040361102333    
  1085.51  1.6907934888464622   
  1086.01  1.6895481089952313   
  1086.51  1.6883044191321221   
  1087.01  1.6870620164396797   
  1087.51  1.6858210987514042   
  1088.01  1.6845816636107622   
  1088.51  1.6833437085664125   
  1089.01  1.6821074300359644   
  1089.51  1.68087242761366     
  1090.01  1.6796388979650188   
  1090.51  1.6784068386593252   
  1091.01  1.6771764451883275   
  1091.51  1.6759473190612195   
  1092.01  1.6747196560159896   
  1092.51  1.6734934536423371   
  1093.01  1.6722687095350337   
  1093.51  1.6710456180369437   
  1094.01  1.669823783033161    
  1094.51  1.6686033991107232   
  1095.01  1.6673844638845565   
  1095.51  1.666167170785129    
  1096.01  1.664951125584121    
  1096.51  1.6637365219545353   
  1097.01  1.662523357531248    
  1097.51  1.6613116299540922   
  1098.01  1.6601015315213263   
  1098.51  1.6588926703454108   
  1099.01  1.657685238965111    
  1099.51  1.6564792350399573   
  1100.01  1.6552746562343725   
  1100.51  1.6540716937235358   
  1101.01  1.6528699579414639   
  1101.51  1.6516696403018372   
  1102.01  1.6504707384885267   
  1102.51  1.6492734427847666   
  1103.01  1.6480773654680971   
  1103.51  1.646882697058665    
  1104.01  1.6456894352595917   
  1104.51  1.6444975777787811   
  1105.01  1.6433073137925889   
  1105.51  1.6421182578660125   
  1106.01  1.6409305994103518   
  1106.51  1.6397443361525192   
  1107.01  1.6385594658241498   
  1107.51  1.6373761765035892   
  1108.01  1.6361940850246284   
  1108.51  1.6350133796986115   
  1109.01  1.6338340582759423   
  1109.51  1.6326563079628937   
  1110.01  1.631479747394966    
  1110.51  1.6303045640098883   
  1111.01  1.6291307555766446   
  1111.51  1.6279583198688352   
  1112.01  1.6267874430104656   
  1112.51  1.6256177458727175   
  1113.01  1.6244494148091415   
  1113.51  1.623282447611686    
  1114.01  1.6221170295447604   
  1114.51  1.620952783255015    
  1115.01  1.619789894234892    
  1115.51  1.6186283602945035   
  1116.01  1.6174681792484742   
  1116.51  1.6163095352944008   
  1117.01  1.6151520532821186   
  1117.51  1.6139959176353833   
  1118.01  1.6128411261867568   
  1118.51  1.6116876767732584   
  1119.01  1.6105357525341353   
  1119.51  1.6093849805046163   
  1120.01  1.6082355440482548   
  1120.51  1.6070874410197828   
  1121.01  1.6059408537178133   
  1121.51  1.6047954109131886   
  1122.01  1.6036512951273574   
  1122.51  1.6025085042325902   
  1123.01  1.6013670361055146   
  1123.51  1.6002270720014156   
  1124.01  1.5990882428449644   
  1124.51  1.597950730112463    
  1125.01  1.5968145316978595   
  1125.51  1.595679645499405    
  1126.01  1.5945462517372853   
  1126.51  1.5934139834727152   
  1127.01  1.5922830211450976   
  1127.51  1.5911533626697896   
  1128.01  1.5900251874447724   
  1128.51  1.5888981302281568   
  1129.01  1.5877723706357145   
  1129.51  1.58664790659974     
  1130.01  1.5855247360567357   
  1130.51  1.584403037384186    
  1131.01  1.583282447446078    
  1131.51  1.5821631448359212   
  1132.01  1.5810451275069461   
  1132.51  1.5799285730260102   
  1133.01  1.5788131199296884   
  1133.51  1.5776989459994633   
  1134.01  1.576586049205128    
  1134.51  1.5754744275205919   
  1135.01  1.5743642575065582   
  1135.51  1.573255179775371    
  1136.01  1.572147371100625    
  1136.51  1.5710408294725893   
  1137.01  1.5699355528855974   
  1137.51  1.5688317169020543   
  1138.01  1.5677289641935868   
  1138.51  1.5666274705337755   
  1139.01  1.5655272339331139   
  1139.51  1.564428429160979    
  1140.01  1.5633307005246508   
  1140.51  1.5622342230033228   
  1141.01  1.5611389946234895   
  1141.51  1.5600450134156216   
  1142.01  1.558952453164744    
  1142.52  1.5578390166230653   
  1143.02  1.5567489652505428   
  1143.52  1.5556599776261137   
  1144.02  1.5545722273467488   
  1144.52  1.5534857124666486   
  1145.02  1.5524006055958102   
  1145.52  1.5513165554944341   
  1146.02  1.550233734978645    
  1146.52  1.5491521421182186   
  1147.02  1.5480717749867998   
  1147.52  1.5469928052267738   
  1148.02  1.5459148835932588   
  1148.52  1.5448381819331216   
  1149.02  1.543762698335393    
  1149.52  1.542688430892927    
  1150.02  1.5416155502879718   
  1150.52  1.540543709254892    
  1151.02  1.5394730786787876   
  1151.52  1.5384036566677128   
  1152.02  1.5373356131411446   
  1152.52  1.5362686024056542   
  1153.02  1.53520279458228     
  1153.52  1.5341381877941274   
  1154.02  1.533074780168042    
  1154.52  1.5320127406766357   
  1155.02  1.530951725577912    
  1155.52  1.5298919040444436   
  1156.02  1.5288332742179465   
  1156.52  1.5277758342438328   
  1157.02  1.5267197521551203   
  1157.52  1.5256646861460073   
  1158.02  1.52461080444789     
  1158.52  1.5235581052208713   
  1159.02  1.5225067557514889   
  1159.52  1.5214564157720158   
  1160.02  1.5204072527661132   
  1160.52  1.5193592649084335   
  1161.02  1.518312450377245    
  1161.52  1.517266975532403    
  1162.02  1.5162225020153313   
  1162.52  1.5151791963814538   
  1163.02  1.5141370568234143   
  1163.52  1.5130962489648254   
  1164.02  1.5120564359637452   
  1164.52  1.511017783638122    
  1165.02  1.5099802901948376   
  1165.52  1.5089439538443108   
  1166.02  1.507908939296158    
  1166.52  1.5068749115910243   
  1167.02  1.5058420356313362   
  1167.52  1.5048103096415801   
  1168.02  1.5037797318497388   
  1168.52  1.5027504660583835   
  1169.02  1.5017221791761945   
  1169.52  1.500695035197042    
  1170.02  1.4996690323628088   
  1170.52  1.4986443337553972   
  1171.02  1.4976206077675205   
  1171.52  1.4965980176711824   
  1172.02  1.495576561722032    
  1172.52  1.49455623817914     
  1173.02  1.4935372092297095   
  1173.52  1.4925191451086532   
  1174.02  1.4915022081917915   
  1174.52  1.4904863967517987   
  1175.02  1.4894718722649987   
  1175.52  1.488458306429853    
  1176.02  1.4874458609101269   
  1176.52  1.4864345339919682   
  1177.02  1.4854243239648743   
  1177.52  1.4844153914226015   
  1178.02  1.4834074098804313   
  1178.52  1.4824005401181028   
  1179.02  1.4813947804384286   
  1179.52  1.4803901291475292   
  1180.02  1.479386745963243    
  1180.52  1.478384306203764    
  1181.02  1.4773829697714702   
  1181.52  1.4763827349856407   
  1182.02  1.4753837608681284   
  1182.52  1.474385724169525    
  1183.02  1.4733887840950801   
  1183.52  1.4723929389771058   
  1184.02  1.4713981871511534   
  1184.52  1.470404686774967    
  1185.02  1.4694121163773588   
  1185.52  1.4684206342980521   
  1186.02  1.4674302388854785   
  1186.52  1.4664409284912703   
  1187.02  1.465452860415534    
  1187.52  1.4644657149517744   
  1188.02  1.4634796495806734   
  1188.52  1.4624946626665933   
  1189.02  1.4615109108281539   
  1189.52  1.4605280757609491   
  1190.02  1.4595463142630636   
  1190.52  1.4585656247114671   
  1191.02  1.457586005486266    
  1191.52  1.4566076123599385   
  1192.02  1.4556301287687459   
  1192.52  1.4546537106632522   
  1193.02  1.4536783564360247   
  1193.52  1.4527042211871748   
  1194.02  1.451730989736       
  1194.52  1.4507588173596044   
  1195.02  1.4497877024629005   
  1195.52  1.4488176434538684   
  1196.02  1.4478487945977792   
  1196.52  1.4468808424309896   
  1197.02  1.4459139413944082   
  1197.52  1.4449480899082174   
  1198.02  1.4439832863956326   
  1198.52  1.4430196842932772   
  1199.02  1.4420569718416296   
  1199.52  1.441095302651611    
  1200.02  1.4401346751584956   
  1200.52  1.4391752421404171   
  1201.02  1.4382166931919074   
  1201.52  1.437259181264333    
  1202.02  1.4363027048049166   
  1202.52  1.4353472622638501   
  1203.02  1.434393005601624    
  1203.52  1.4334396260939146   
  1204.02  1.4324872758731284   
  1204.52  1.4315359534012666   
  1205.02  1.4305856571432662   
  1205.52  1.429636538248007    
  1206.02  1.4286882896597162   
  1206.52  1.4277410626978855   
  1207.02  1.4267948558391244   
  1207.52  1.4258498195873357   
  1208.02  1.4249056482125895   
  1208.52  1.423962492388366    
  1209.02  1.4230203506028392   
  1209.52  1.4220792213470579   
  1210.02  1.4211392543240318   
  1210.52  1.4202001454500148   
  1211.02  1.4192620445963122   
  1211.52  1.4183249502654045   
  1212.02  1.4173890115238246   
  1212.52  1.4164539255959308   
  1213.02  1.415519841715535    
  1213.52  1.4145867583964442   
  1214.02  1.4136546741552807   
  1214.52  1.412723737268221    
  1215.02  1.4117936465838234   
  1215.52  1.4108645505442843   
  1216.02  1.4099364476774217   
  1216.52  1.4090093365138376   
  1217.02  1.4080833645451298   
  1217.52  1.4071582322320053   
  1218.02  1.406234087230834    
  1218.52  1.4053109280832854   
  1219.02  1.4043889016574234   
  1219.52  1.4034677096950634   
  1220.02  1.402547499228051    
  1220.52  1.4016282688090234   
  1221.02  1.400710016993343    
  1221.52  1.3997928898747594   
  1222.02  1.398876590785831    
  1222.52  1.3979612659828635   
  1223.02  1.3970469140320616   
  1223.52  1.3961335335023246   
  1224.03  1.3952029257287257   
  1224.53  1.3942916496663869   
  1225.03  1.3933811939694147   
  1225.53  1.392471703967845    
  1226.03  1.3915631782440125   
  1226.53  1.3906556153829117   
  1227.03  1.3897491597915042   
  1227.53  1.3888435182670655   
  1228.03  1.3879388353764532   
  1228.53  1.3870351097152327   
  1229.03  1.3861323398815975   
  1229.53  1.3852306695260461   
  1230.03  1.384329806999387    
  1230.53  1.3834298961108253   
  1231.03  1.3825309354690065   
  1231.53  1.3816330681232003   
  1232.03  1.380736003658828    
  1232.53  1.379839885282923    
  1233.03  1.3789447116144884   
  1233.53  1.3780504812751007   
  1234.03  1.377157336567365    
  1234.53  1.376264988609819    
  1235.03  1.375373579861663    
  1235.53  1.374483108954714    
  1236.03  1.3735935745233359   
  1236.53  1.3727051181288428   
  1237.03  1.3718174524116933   
  1237.53  1.3709307190886388   
  1238.03  1.3700449168041682   
  1238.53  1.369160186530404    
  1239.03  1.3682762421173416   
  1239.53  1.3673932246916238   
  1240.03  1.3665111329077717   
  1240.53  1.365629965422802    
  1241.03  1.364749862477096    
  1241.53  1.3638705394226822   
  1242.03  1.3629921366533237   
  1242.53  1.3621146528359578   
  1243.03  1.3612382276293507   
  1243.53  1.3603625775792911   
  1244.03  1.3594878424970247   
  1244.53  1.3586140210593198   
  1245.03  1.35774111194539     
  1245.53  1.3568692540916534   
  1246.03  1.355998165526375    
  1246.53  1.355127985337333    
  1247.03  1.3542587122134628   
  1247.53  1.3533903448461155   
  1248.03  1.352523021454514    
  1248.53  1.3516564615386746   
  1249.03  1.3507908034680711   
  1249.53  1.3499260459436688   
  1250.03  1.3490623266146153   
  1250.53  1.3481993661506646   
  1251.03  1.3473373023503366   
  1251.53  1.346476133924124    
  1252.03  1.3456158595848886   
  1252.53  1.3447566162737374   
  1253.03  1.343898126113121    
  1253.53  1.34304052619243     
  1254.03  1.3421838152339476   
  1254.53  1.3413279919622978   
  1255.03  1.340473192615571    
  1255.53  1.3396191407584646   
  1256.03  1.3387659727762722   
  1256.53  1.337913687402935    
  1257.03  1.3370624203177188   
  1257.53  1.33621189623165     
  1258.03  1.335362250970342    
  1258.53  1.3345134832769703   
  1259.03  1.3336655918970062   
  1259.53  1.3328187118156238   
  1260.03  1.3319725691675284   
  1260.53  1.3311272990831797   
  1261.03  1.3302829003171814   
  1261.53  1.329439507302966    
  1262.03  1.3285968473068355   
  1262.53  1.3277550549066666   
  1263.03  1.3269141288661144   
  1263.53  1.3260740679510827   
  1264.03  1.3252350059096958   
  1264.53  1.32439667141367     
  1265.03  1.323559198354529    
  1265.53  1.3227225855071287   
  1266.03  1.321886831648551    
  1266.53  1.3210520698464274   
  1267.03  1.3202180301678728   
  1267.53  1.3193848458228847   
  1268.03  1.3185525155973974   
  1268.53  1.3177211720180944   
  1269.03  1.3168905462612472   
  1269.53  1.3160607709950851   
  1270.03  1.3152318450143168   
  1270.53  1.3144037671158333   
  1271.03  1.31357666915439     
  1271.53  1.3127502836838545   
  1272.03  1.3119247426995109   
  1272.53  1.3111000450069288   
  1273.03  1.3102761894138346   
  1273.53  1.3094533071077559   
  1274.03  1.3086311320103898   
  1274.53  1.3078097954487842   
  1275.03  1.3069892962392495   
  1275.53  1.3061697650388884   
  1276.03  1.305350936856683    
  1276.53  1.3045329424884569   
  1277.03  1.3037157807590296   
  1277.53  1.3028994504953357   
  1278.03  1.3020840816956005   
  1278.53  1.3012694107192828   
  1279.03  1.3004555677023382   
  1279.53  1.2996425514801166   
  1280.03  1.298830491527047    
  1280.53  1.298019125276103    
  1281.03  1.2972085823386568   
  1281.53  1.2963988615584017   
  1282.03  1.2955899617811042   
  1282.53  1.2947820118305353   
  1283.03  1.2939747504730708   
  1283.53  1.2931683066684507   
  1284.03  1.2923626792706937   
  1284.53  1.2915578671358703   
  1285.03  1.290753998441602    
  1285.53  1.2899508132783029   
  1286.03  1.2891484399585973   
  1286.53  1.2883468773467177   
  1287.03  1.2875462531065924   
  1287.53  1.286746308381168    
  1288.03  1.2859471709686088   
  1288.53  1.285148839741239    
  1289.03  1.2843513135733937   
  1289.53  1.2835547194908705   
  1290.03  1.2827587999440042   
  1290.53  1.2819636820918787   
  1291.03  1.2811693648168332   
  1291.53  1.2803759746373333   
  1292.03  1.2795832550430377   
  1292.53  1.2787913326849438   
  1293.03  1.278000206453326    
  1293.53  1.2772098752404322   
  1294.03  1.2764204649344875   
  1294.53  1.275631720316158    
  1295.03  1.274843767405267    
  1295.53  1.274056605101911    
  1296.03  1.2732702323081384   
  1296.53  1.272484774286265    
  1297.03  1.2716999770989772   
  1297.53  1.270915966139262    
  1298.03  1.2701327403169322   
  1298.53  1.269350424396673    
  1299.03  1.2685687654603608   
  1299.53  1.2677878884026166   
  1300.03  1.267007792140951    
  1300.53  1.26622847559479     
  1301.03  1.2654500629106078   
  1301.53  1.2646723024363242   
  1302.03  1.2638953184474384   
  1302.53  1.2631191098709913   
  1303.03  1.2623436756359177   
  1303.53  1.2615691392747068   
  1304.03  1.2607952503925561   
  1304.53  1.2600221326500762   
  1305.03  1.2592497849837359   
  1305.53  1.2584783304378575   
  1306.04  1.25769202196104     
  1306.54  1.2569221173099645   
  1307.04  1.2561528544986964   
  1307.54  1.255384356453086    
  1308.04  1.2546166221208201   
  1308.54  1.253849650451435    
  1309.04  1.2530835636389348   
  1309.54  1.2523181140289852   
  1310.04  1.2515534239417496   
  1310.54  1.250789492334122    
  1311.04  1.2500264409192294   
  1311.54  1.2492640230271745   
  1312.04  1.2485023604965406   
  1312.54  1.2477414522915171   
  1313.04  1.2469812973781083   
  1313.54  1.2462220168720086   
  1314.04  1.245463365326268    
  1314.54  1.2447054639811659   
  1315.04  1.2439483118099248   
  1315.54  1.2431919077875613   
  1316.04  1.2424363724363836   
  1316.54  1.241681461524002    
  1317.04  1.2409272956964452   
  1317.54  1.2401738739358723   
  1318.04  1.2394213162927743   
  1318.54  1.2386693795004127   
  1319.04  1.2379181837323152   
  1319.54  1.2371677279777211   
  1320.04  1.2364180112276313   
  1320.54  1.2356691529463442   
  1321.04  1.2349209110667703   
  1321.54  1.2341734051753934   
  1322.04  1.2334266342702211   
  1322.54  1.2326807173494445   
  1323.04  1.2319354132997915   
  1323.54  1.2311908412409645   
  1324.04  1.230447000177918    
  1324.54  1.2297038891173349   
  1325.04  1.2289616264782954   
  1325.54  1.2282199723324987   
  1326.04  1.2274790452197004   
  1326.54  1.2267388441534568   
  1327.04  1.225999368149034    
  1327.54  1.2252607350502902   
  1328.04  1.22452270610584     
  1328.54  1.2237853992793875   
  1329.04  1.2230488135930002   
  1329.54  1.2223130664331385   
  1330.04  1.22157791998419     
  1330.54  1.2208434917518027   
  1331.04  1.2201097807647892   
  1331.54  1.2193767860536397   
  1332.04  1.2186446244365061   
  1332.54  1.2179130592603682   
  1333.04  1.2171822074617493   
  1333.54  1.216452068077814    
  1334.04  1.2157226401473866   
  1334.54  1.2149940399241062   
  1335.04  1.2142660319096832   
  1335.54  1.2135387324753193   
  1336.04  1.2128121406664436   
  1336.54  1.2120863722877993   
  1337.04  1.2113611927592598   
  1337.54  1.2106367180024893   
  1338.04  1.2099129470694663   
  1338.54  1.2091898790137974   
  1339.04  1.2084676290824643   
  1339.54  1.2077459638360912   
  1340.04  1.2070249986377841   
  1340.54  1.2063047325476315   
  1341.04  1.2055852803690783   
  1341.54  1.2048664095698152   
  1342.04  1.2041482350687789   
  1342.54  1.203430755932486    
  1343.04  1.2027139712290495   
  1343.54  1.2019979952108015   
  1344.04  1.201282596472419    
  1344.54  1.200567889380942    
  1345.04  1.1998538730108448   
  1345.54  1.1991405464381844   
  1346.04  1.1984280233678277   
  1346.54  1.1977160735138843   
  1347.04  1.1970048106951527   
  1347.54  1.1962942339939846   
  1348.04  1.1955844566798868   
  1348.54  1.1948752493571102   
  1349.04  1.1941667254084773   
  1349.54  1.1934588839225815   
  1350.04  1.1927517239895686   
  1350.54  1.1920452447011345   
  1351.04  1.1913394451505208   
  1351.54  1.1906345512692396   
  1352.04  1.1899301082621117   
  1352.54  1.1892263422820641   
  1353.04  1.1885232524284914   
  1353.54  1.1878208378023172   
  1354.04  1.1871190975059933   
  1354.54  1.1864180306434944   
  1355.04  1.1857176363203168   
  1355.54  1.1850179136434735   
  1356.04  1.1843190866062532   
  1356.54  1.1836207043337192   
  1357.04  1.182922991037921    
  1357.54  1.1822259458319109   
  1358.04  1.1815295678302427   
  1358.54  1.18083385614897     
  1359.04  1.180138809905642    
  1359.54  1.1794444282193008   
  1360.04  1.1787507102104777   
  1360.54  1.1780576550011912   
  1361.04  1.1773654844580144   
  1361.54  1.1766737520071666   
  1362.04  1.1759826797310802   
  1362.54  1.175292266757689    
  1363.04  1.1746025122163986   
  1363.54  1.1739134152380823   
  1364.04  1.1732249749550787   
  1364.54  1.17253719050119     
  1365.04  1.1718500610116767   
  1365.54  1.1711638064628855   
  1366.04  1.1704779841036184   
  1366.54  1.1697928141235119   
  1367.04  1.1691082956636338   
  1367.54  1.1684244278664968   
  1368.04  1.167741209876055    
  1368.54  1.1670586408377006   
  1369.04  1.166376719898262    
  1369.54  1.1656954462059999   
  1370.04  1.1650150378692417   
  1370.54  1.164335055914196    
  1371.04  1.1636557186599494   
  1371.54  1.1629770252604639   
  1372.04  1.1622989748711192   
  1372.54  1.161621566648711    
  1373.04  1.1609447997514473   
  1373.54  1.1602686733389456   
  1374.04  1.159593186572229    
  1374.54  1.1589185557134798   
  1375.04  1.158244345521819    
  1375.54  1.157570772467695    
  1376.04  1.1568978357177289   
  1376.54  1.1562255344399344   
  1377.04  1.1555538678037147   
  1377.54  1.1548828349798599   
  1378.04  1.1542124351405436   
  1378.54  1.1535426674593203   
  1379.04  1.1528735311111236   
  1379.54  1.1522052403321135   
  1380.04  1.1515373639777327   
  1380.54  1.1508701164896833   
  1381.04  1.1502034970483828   
  1381.54  1.1495375048356133   
  1382.04  1.1488721390345191   
  1382.54  1.1482073988296024   
  1383.04  1.1475432834067218   
  1383.54  1.1468797919530893   
  1384.04  1.1462171369038352   
  1384.54  1.1455548907555595   
  1385.04  1.1448932661465203   
  1385.54  1.1442322622693157   
  1386.04  1.1435718783178823   
  1386.54  1.1429121134874949   
  1387.04  1.1422529669747614   
  1387.55  1.1415813033493971   
  1388.05  1.1409234033654907   
  1388.55  1.1402661192811043   
  1389.05  1.1396094502981835   
  1389.55  1.1389536066749961   
  1390.05  1.1382981653087907   
  1390.55  1.1376433366580565   
  1391.05  1.1369891199300062   
  1391.55  1.1363355143331622   
  1392.05  1.1356825190773545   
  1392.55  1.1350301333737185   
  1393.05  1.1343783564346919   
  1393.55  1.1337271874740118   
  1394.05  1.1330768349949425   
  1394.55  1.1324268794423038   
  1395.05  1.1317775295172479   
  1395.55  1.1311287844386844   
  1396.05  1.1304806434268095   
  1396.55  1.1298331057031044   
  1397.05  1.1291861704903317   
  1397.55  1.1285398370125321   
  1398.05  1.1278941044950241   
  1398.55  1.1272489721643992   
  1399.05  1.1266046465975912   
  1399.55  1.125960712133039    
  1400.05  1.1253173755430113   
  1400.55  1.1246746360591688   
  1401.05  1.1240324929144354   
  1401.55  1.123390945342992    
  1402.05  1.1227499925802766   
  1402.55  1.1221096338629812   
  1403.05  1.1214698684290474   
  1403.55  1.1208309011427073   
  1404.05  1.1201923198039792   
  1404.55  1.1195543294701675   
  1405.05  1.118916929384194    
  1405.55  1.11828011879022     
  1406.05  1.1176438969336426   
  1406.55  1.1170082630610925   
  1407.05  1.1163732164204325   
  1407.55  1.1157387562607541   
  1408.05  1.1151050857531684   
  1408.55  1.1144717961194717   
  1409.05  1.1138390907216196   
  1409.55  1.1132069688135953   
  1410.05  1.1125754296505974   
  1410.55  1.1119444724890393   
  1411.05  1.111314096586547    
  1411.55  1.110684301201955    
  1412.05  1.1100550855953055   
  1412.55  1.109426651263889    
  1413.05  1.1087985928120578   
  1413.55  1.1081711119257518   
  1414.05  1.1075442078698168   
  1414.55  1.1069178799102952   
  1415.05  1.106292127314421    
  1415.55  1.1056669493506202   
  1416.05  1.1050423452885052   
  1416.55  1.1044183143988757   
  1417.05  1.103794855953714    
  1417.55  1.1031721696127958   
  1418.05  1.1025498536935807   
  1418.55  1.101928108042092    
  1419.05  1.1013069319350222   
  1419.55  1.1006863246502359   
  1420.05  1.1000662854667673   
  1420.55  1.0994468136648181   
  1421.05  1.0988279085257546   
  1421.55  1.0982095693321057   
  1422.05  1.0975919941096521   
  1422.55  1.0969747844774822   
  1423.05  1.0963581386454957   
  1423.55  1.09574205590085     
  1424.05  1.0951265355318518   
  1424.55  1.0945115768279579   
  1425.05  1.0938971790797714   
  1425.55  1.0932833415790402   
  1426.05  1.092670063618654    
  1426.55  1.092057541608843    
  1427.05  1.0914453804328514   
  1427.55  1.0908337766829321   
  1428.05  1.090222729656521    
  1428.55  1.0896122386521851   
  1429.05  1.0890023029696203   
  1429.55  1.0883929219096495   
  1430.05  1.0877840947742197   
  1430.55  1.0871758208664002   
  1431.05  1.0865682949990478   
  1431.55  1.0859611252826353   
  1432.05  1.0853545067099752   
  1432.55  1.084748438588604    
  1433.05  1.0841429202271686   
  1433.55  1.0835379509354253   
  1434.05  1.0829335300242375   
  1434.55  1.0823296568055736   
  1435.05  1.0817263305925044   
  1435.55  1.0811237446184316   
  1436.05  1.080521510184659    
  1436.55  1.0799198207025078   
  1437.05  1.0793186754894375   
  1437.55  1.078718073864       
  1438.05  1.0781180151458365   
  1438.55  1.077518498655676    
  1439.05  1.0769195237153333   
  1439.55  1.0763210896477065   
  1440.05  1.0757231957767752   
  1440.55  1.0751260336016888   
  1441.05  1.0745292179270802   
  1441.55  1.073932940427789    
  1442.05  1.0733372004320996   
  1442.55  1.0727419972693664   
  1443.05  1.0721473302700122   
  1443.55  1.0715531987655278   
  1444.05  1.0709596020884682   
  1444.55  1.0703665395724506   
  1445.05  1.0697742011741616   
  1445.55  1.069182204813934    
  1446.05  1.0685907406221693   
  1446.55  1.0679998079367152   
  1447.05  1.067409406096471    
  1447.55  1.066819534441386    
  1448.05  1.0662301923124593   
  1448.55  1.0656413790517352   
  1449.05  1.065053094002302    
  1449.55  1.0644655255955193   
  1450.05  1.0638782948326218   
  1450.55  1.0632915903167375   
  1451.05  1.0627054113951115   
  1451.55  1.0621197574160233   
  1452.05  1.0615346277287852   
  1452.55  1.0609500216837386   
  1453.05  1.0603659386322544   
  1453.55  1.0597823779267288   
  1454.05  1.0591995264900893   
  1454.55  1.058617008370167    
  1455.05  1.058035010659738    
  1455.55  1.0574535327152845   
  1456.05  1.0568725738943046   
  1456.55  1.0562921335553108   
  1457.05  1.0557122110578283   
  1457.55  1.0551328057623925   
  1458.05  1.054553917030548    
  1458.55  1.053975544224846    
  1459.05  1.0533978726116957   
  1459.55  1.0528205295844075   
  1460.05  1.0522437005771401   
  1460.55  1.0516673849564517   
  1461.05  1.051091582089898    
  1461.55  1.0505162913460293   
  1462.05  1.0499415120943898   
  1462.55  1.0493672437055146   
  1463.05  1.048793485550929    
  1463.55  1.0482204214234974   
  1464.05  1.0476476816922966   
  1464.55  1.0470754503160788   
  1465.05  1.0465037266703077   
  1465.55  1.0459325101314263   
  1466.05  1.0453618000768572   
  1466.55  1.0447915958849985   
  1467.05  1.0442218969352222   
  1467.55  1.043652702607874    
  1468.05  1.0430841952384404   
  1468.55  1.0425160081389477   
  1469.06  1.0419370008141782   
  1469.56  1.0413698286520476   
  1470.06  1.0408031580165344   
  1470.56  1.0402369882937994   
  1471.06  1.0396713188709632   
  1471.56  1.0391061491361042   
  1472.06  1.038541478478257    
  1472.56  1.0379773062874098   
  1473.06  1.0374136319545042   
  1473.56  1.03685063605223     
  1474.06  1.036287955452082    
  1474.56  1.0357257708885899   
  1475.06  1.0351640817564858   
  1475.56  1.0346028874514455   
  1476.06  1.034042187370086    
  1476.56  1.0334819809099647   
  1477.06  1.0329222674695764   
  1477.56  1.0323630464483524   
  1478.06  1.0318043172466589   
  1478.56  1.0312462588578921   
  1479.06  1.0306885113422728   
  1479.56  1.0301312538530625   
  1480.06  1.0295744857943465   
  1480.56  1.0290182065711369   
  1481.06  1.0284624155893687   
  1481.56  1.0279071122558994   
  1482.06  1.0273522959785073   
  1482.56  1.0267979661658888   
  1483.06  1.0262443004063753   
  1483.56  1.0256909415969644   
  1484.06  1.025138067484101    
  1484.56  1.0245856774801396   
  1485.06  1.0240337709983438   
  1485.56  1.0234823474528858   
  1486.06  1.0229314062588446   
  1486.56  1.022380946832204    
  1487.06  1.0218309685898512   
  1487.56  1.0212816477302669   
  1488.06  1.0207326299563517   
  1488.56  1.0201840916229745   
  1489.06  1.019636032150618    
  1489.56  1.0190884509606593   
  1490.06  1.0185413474753693   
  1490.56  1.0179947211179097   
  1491.06  1.0174485713123322   
  1491.56  1.016902897483577    
  1492.06  1.0163578744552784   
  1492.56  1.0158131507057964   
  1493.06  1.0152689012134513   
  1493.56  1.0147251254067182   
  1494.06  1.014181822714952    
  1494.56  1.013638992568385    
  1495.06  1.0130966343981278   
  1495.56  1.0125547476361638   
  1496.06  1.0120133317153506   
  1496.56  1.0114723860694173   
  1497.06  1.010932084011735    
  1497.56  1.0103920770693209   
  1498.06  1.0098525387083683   
  1498.56  1.0093134683660754   
  1499.06  1.0087748654805044   
  1499.56  1.0082367294905799   
  1500.06  1.0076990598360853   
  1500.56  1.0071618559576638   
  1501.06  1.006625117296815    
  1501.56  1.0060890158230693   
  1502.06  1.0055532057760022   
  1502.56  1.0050178592763124   
  1503.06  1.0044829757689118   
  1503.56  1.003948554699561    
  1504.06  1.0034145955148686   
  1504.56  1.0028810976622882   
  1505.06  1.0023480605901185   
  1505.56  1.001815483747501    
  1506.06  1.0012835377744984   
  1506.56  1.0007518795940875   
  1507.06  1.0002206799958693   
  1507.56  0.999689938432341    
  1508.06  0.9991596543568333   
  1508.56  0.9986298272235113   
  1509.06  0.9981004564873718   
  1509.56  0.9975715416042414   
  1510.06  0.9970430820307762   
  1510.56  0.9965152470917512   
  1511.06  0.9959876963647837   
  1511.56  0.99546059932258     
  1512.06  0.9949339554250953   
  1512.56  0.9944077641331063   
  1513.06  0.9938820249082086   
  1513.56  0.9933567372128169   
  1514.06  0.9928319005101617   
  1514.56  0.9923075142642889   
  1515.06  0.991783577940058    
  1515.56  0.9912602594172032   
  1516.06  0.9907372211897015   
  1516.56  0.9902146312834578   
  1517.06  0.9896924891665704   
  1517.56  0.989170794307944    
  1518.06  0.9886495461772877   
  1518.56  0.9881287442451139   
  1519.06  0.9876083879827365   
  1519.56  0.9870884768622696   
  1520.06  0.9865691774774645   
  1520.56  0.9860501549175072   
  1521.06  0.9855315759207581   
  1521.56  0.9850134399625169   
  1522.06  0.9844957465188764   
  1522.56  0.9839784950667203   
  1523.06  0.9834616850837229   
  1523.56  0.9829453160483462   
  1524.06  0.9824293874398401   
  1524.56  0.9819140645795625   
  1525.06  0.9813990151243508   
  1525.56  0.980884404538632    
  1526.06  0.980370232304789    
  1526.56  0.9798564979059844   
  1527.06  0.9793432008261592   
  1527.56  0.9788303405500313   
  1528.06  0.9783179165630942   
  1528.56  0.9778059283516157   
  1529.06  0.9772945399779688   
  1529.56  0.976783421639456    
  1530.06  0.9762727375399995   
  1530.56  0.9757624871689493   
  1531.06  0.9752526700164224   
  1531.56  0.9747432855733007   
  1532.06  0.9742343333312312   
  1532.56  0.9737258127826236   
  1533.06  0.9732177234206488   
  1533.56  0.9727100647392382   
  1534.06  0.9722029994173927   
  1534.56  0.9716962004437267   
  1535.06  0.9711898306371268   
  1535.56  0.9706838894945505   
  1536.06  0.9701783765137081   
  1536.56  0.9696732911930622   
  1537.06  0.9691686330318255   
  1537.56  0.96866440152996     
  1538.06  0.9681605961881753   
  1538.56  0.9676573784542045   
  1539.06  0.9671544238009334   
  1539.56  0.9666518938145041   
  1540.06  0.9661497879986034   
  1540.56  0.9656481058576588   
  1541.06  0.9651468468968373   
  1541.56  0.9646460106220444   
  1542.06  0.9641455965399222   
  1542.56  0.9636456041578486   
  1543.06  0.9631461937051462   
  1543.56  0.9626470431129084   
  1544.06  0.9621483127474102   
  1544.56  0.9616500021189585   
  1545.06  0.9611521107385884   
  1545.56  0.9606546381180631   
  1546.06  0.960157583769872    
  1546.56  0.9596609472072292   
  1547.06  0.9591647279440727   
  1547.56  0.9586690850040008   
  1548.06  0.9581736987505995   
  1548.56  0.9576787283429828   
  1549.06  0.95718417329797     
  1549.56  0.9566900331330974   
  1550.06  0.9561963073666174   
  1550.57  0.9556933144230265   
  1551.07  0.9552004241231874   
  1551.57  0.9547079467713706   
  1552.07  0.954215881888693    
  1552.57  0.9537242289969801   
  1553.07  0.9532329876187665   
  1553.57  0.952742157277293    
  1554.07  0.9522517374965059   
  1554.57  0.9517618854466555   
  1555.07  0.9512722852301386   
  1555.57  0.9507830941505209   
  1556.07  0.9502943117345581   
  1556.57  0.9498059375097055   
  1557.07  0.9493179710041157   
  1557.57  0.948830411746639    
  1558.07  0.94834325926682     
  1558.57  0.9478565130948983   
  1559.07  0.9473703292270897   
  1559.57  0.9468843941340569   
  1560.07  0.9463988639439428   
  1560.57  0.9459137381897511   
  1561.07  0.9454290164051734   
  1561.57  0.944944698124588    
  1562.07  0.944460782883059    
  1562.57  0.9439772702163345   
  1563.07  0.9434941596608457   
  1563.57  0.9430116060508741   
  1564.07  0.9425292982008281   
  1564.57  0.9420473910755465   
  1565.07  0.9415658842141806   
  1565.57  0.9410847771565587   
  1566.07  0.9406040694431848   
  1566.57  0.9401237606152375   
  1567.07  0.9396438502145686   
  1567.57  0.9391643377837026   
  1568.07  0.9386853770069278   
  1568.57  0.9382066590182012   
  1569.07  0.9377283376310175   
  1569.57  0.9372504123905769   
  1570.07  0.9367728828427466   
  1570.57  0.9362957485340583   
  1571.07  0.9358190090117076   
  1571.57  0.935342663823553    
  1572.07  0.9348667125181142   
  1572.57  0.9343911546445712   
  1573.07  0.9339161426232537   
  1573.57  0.933441370137412    
  1574.07  0.9329669897351007   
  1574.57  0.932493000968129    
  1575.07  0.9320194033889606   
  1575.57  0.9315461965507124   
  1576.07  0.9310733800071536   
  1576.57  0.9306009533127039   
  1577.07  0.9301289160224334   
  1577.57  0.9296574194313785   
  1578.07  0.9291861594922949   
  1578.57  0.9287152876266297   
  1579.07  0.9282448033920399   
  1579.57  0.927774706346827    
  1580.07  0.9273049960499352   
  1580.57  0.9268356720609506   
  1581.07  0.9263667339400998   
  1581.57  0.9258981812482487   
  1582.07  0.9254301641666043   
  1582.57  0.9249623808942046   
  1583.07  0.9244949817373697   
  1583.57  0.924027966259512    
  1584.07  0.9235613340246782   
  1584.57  0.9230950845975477   
  1585.07  0.9226292175434313   
  1585.57  0.9221637324282703   
  1586.07  0.9216986288186357   
  1586.57  0.9212340557932186   
  1587.07  0.92076971377442     
  1587.57  0.9203057519647643   
  1588.07  0.9198421699333286   
  1588.57  0.919378967249814    
  1589.07  0.9189161434845443   
  1589.57  0.9184536982084649   
  1590.07  0.917991630993142    
  1590.57  0.9175299414107607   
  1591.07  0.9170686290341254   
  1591.57  0.9166078417299983   
  1592.07  0.9161472823646725   
  1592.57  0.9156870989273405   
  1593.07  0.9152272909932689   
  1593.57  0.9147678581383373   
  1594.07  0.9143087999390367   
  1594.57  0.9138501159724697   
  1595.07  0.9133918058163482   
  1595.57  0.9129338690489924   
  1596.07  0.9124764524580585   
  1596.57  0.912019261085788    
  1597.07  0.9115624418410219   
  1597.57  0.9111059943045048   
  1598.07  0.9106499180575846   
  1598.57  0.9101942126822113   
  1599.07  0.9097388777609366   
  1599.57  0.9092839128769123   
  1600.07  0.908829317613889    
  1600.57  0.9083752376912828   
  1601.07  0.9079213803052758   
  1601.57  0.9074678912952403   
  1602.07  0.9070147702473131   
  1602.57  0.9065620167482249   
  1603.07  0.9061096303852995   
  1603.57  0.9056576107464525   
  1604.07  0.9052059574201898   
  1604.57  0.9047546699956082   
  1605.07  0.9043038931346108   
  1605.57  0.9038533361655963   
  1606.07  0.9034031438692113   
  1606.57  0.9029533158369006   
  1607.07  0.902503851660694    
  1607.57  0.9020547509332048   
  1608.07  0.9016060132476287   
  1608.57  0.9011576381977434   
  1609.07  0.900709625377907    
  1609.57  0.9002619743830574   
  1610.07  0.899814828712495    
  1610.57  0.8993679000386159   
  1611.07  0.8989213319781342   
  1611.57  0.8984751241282958   
  1612.07  0.8980292760869213   
  1612.57  0.897583787452405    
  1613.07  0.8971386578237133   
  1613.57  0.896693886800385    
  1614.07  0.8962494739825287   
  1614.57  0.8958055618341316   
  1615.07  0.8953618641148553   
  1615.57  0.8949185234049197   
  1616.07  0.8944755393067065   
  1616.57  0.8940329114231628   
  1617.07  0.8935906393578      
  1617.57  0.8931487227146938   
  1618.07  0.8927071610984824   
  1618.57  0.8922659541143658   
  1619.07  0.8918252432013252   
  1619.57  0.8913847441854177   
  1620.07  0.8909445986206924   
  1620.57  0.8905048061145867   
  1621.07  0.8900653662750948   
  1621.57  0.8896262787107667   
  1622.07  0.8891875430307078   
  1622.57  0.8887491588445773   
  1623.07  0.8883111257625874   
  1623.57  0.8878735842088906   
  1624.07  0.8874362520553356   
  1624.57  0.8869992698399926   
  1625.07  0.8865626371752764   
  1625.57  0.8861263536741505   
  1626.07  0.8856904189501259   
  1626.57  0.8852548326172599   
  1627.07  0.8848195942901554   
  1627.57  0.88438470358396     
  1628.07  0.8839501601143646   
  1628.57  0.8835161031897093   
  1629.07  0.8830822529311064   
  1629.57  0.8826487487595527   
  1630.07  0.8822155902929044   
  1630.57  0.8817827771495568   
  1631.07  0.881350308948443    
  1631.57  0.8809181853090339   
  1632.08  0.8804777932179553   
  1632.58  0.880046364419206    
  1633.08  0.8796152790362304   
  1633.58  0.8791845366906491   
  1634.08  0.8787542754753382   
  1634.58  0.878324217961432    
  1635.08  0.8778945023530944   
  1635.58  0.8774651282740704   
  1636.08  0.8770360953486342   
  1636.58  0.8766074032015877   
  1637.08  0.87617905145826     
  1637.58  0.8757510397445064   
  1638.08  0.8753233676867075   
  1638.58  0.874896172395937    
  1639.08  0.8744691784222663   
  1639.58  0.8740425229869546   
  1640.08  0.8736162057184746   
  1640.58  0.8731902262458198   
  1641.08  0.8727645841985036   
  1641.58  0.8723392792065583   
  1642.08  0.8719143109005351   
  1642.58  0.8714896789115015   
  1643.08  0.8710655193783619   
  1643.58  0.8706415588106278   
  1644.08  0.8702179334563002   
  1644.58  0.8697946429485076   
  1645.08  0.8693716869208907   
  1645.58  0.8689490650076029   
  1646.08  0.8685267768433084   
  1646.58  0.8681048220631815   
  1647.08  0.8676832003029062   
  1647.58  0.86726204673873     
  1648.08  0.8668410898203519   
  1648.58  0.8664204648320416   
  1649.08  0.8660001714115121   
  1649.58  0.8655802091969812   
  1650.08  0.8651605778271712   
  1650.58  0.8647412769413074   
  1651.08  0.8643223061791181   
  1651.58  0.8639036651808328   
  1652.08  0.8634853535871826   
  1652.58  0.8630675055158048   
  1653.08  0.8626498515498832   
  1653.58  0.8622325259138999   
  1654.08  0.8618155282505802   
  1654.58  0.861398858203146    
  1655.08  0.860982515415315    
  1655.58  0.8605664995312999   
  1656.08  0.8601508101958076   
  1656.58  0.859735447054038    
  1657.08  0.8593205432806674   
  1657.58  0.8589058313592101   
  1658.08  0.8584914445701406   
  1658.58  0.8580773825606232   
  1659.08  0.8576636449783117   
  1659.58  0.8572502314713482   
  1660.08  0.856837141688362    
  1660.58  0.8564243752784693   
  1661.08  0.8560119318912719   
  1661.58  0.8555999437676346   
  1662.08  0.8551881452728882   
  1662.58  0.8547766687526619   
  1663.08  0.8543655138584925   
  1663.58  0.8539546802423988   
  1664.08  0.8535441675568802   
  1664.58  0.8531339754549166   
  1665.08  0.8527241035899669   
  1665.58  0.8523145516159684   
  1666.08  0.8519054508490109   
  1666.58  0.8514965375179575   
  1667.08  0.8510879430426418   
  1667.58  0.8506796670789073   
  1668.08  0.8502717092830719   
  1668.58  0.8498640693119272   
  1669.08  0.8494567468227375   
  1669.58  0.8490497414732397   
  1670.08  0.8486430529216417   
  1670.58  0.8482366808266221   
  1671.08  0.8478307554872021   
  1671.58  0.847425015181674    
  1672.08  0.8470195903116846   
  1672.58  0.8466144805377863   
  1673.08  0.8462096855209985   
  1673.58  0.8458052049228064   
  1674.08  0.8454010384051601   
  1674.58  0.8449971856304741   
  1675.08  0.8445936462616263   
  1675.58  0.8441905496915767   
  1676.08  0.8437876360242891   
  1676.58  0.8433850347543546   
  1677.08  0.8429827455464977   
  1677.58  0.842580768065902    
  1678.08  0.8421791019782101   
  1678.58  0.8417777469495226   
  1679.08  0.8413767026463977   
  1679.58  0.84097596873585     
  1680.08  0.8405756737134741   
  1680.58  0.8401755594913137   
  1681.08  0.8397757546656132   
  1681.58  0.8393762589052057   
  1682.08  0.8389770718793774   
  1682.58  0.8385781932578664   
  1683.08  0.838179622710862    
  1683.58  0.8377813599090043   
  1684.08  0.8373834045233829   
  1684.58  0.8369858841608161   
  1685.08  0.836588542524053    
  1685.58  0.8361915073195922   
  1686.08  0.8357947782203149   
  1686.58  0.8353983548995486   
  1687.08  0.8350022370310658   
  1687.58  0.8346064242890839   
  1688.08  0.8342109163482643   
  1688.58  0.8338157128837109   
  1689.08  0.8334208135709704   
  1689.58  0.8330263450392749   
  1690.08  0.8326320529609342   
  1690.58  0.8322380640637975   
  1691.08  0.8318443780251733   
  1691.58  0.8314509945228091   
  1692.08  0.8310579132348904   
  1692.58  0.8306651338400399   
  1693.08  0.830272656017317    
  1693.58  0.8298804794462167   
  1694.08  0.8294887298849856   
  1694.58  0.829097154760654    
  1695.08  0.828705879929141    
  1695.58  0.8283149050716778   
  1696.08  0.8279242298699276   
  1696.58  0.8275338540059854   
  1697.08  0.8271437771623772   
  1697.58  0.8267539990220586   
  1698.08  0.8263645192684149   
  1698.58  0.8259754627969761   
  1699.08  0.8255865787727696   
  1699.58  0.8251979921880646   
  1700.08  0.824809702727957    
  1700.58  0.8244217100779683   
  1701.08  0.824034013924045    
  1701.58  0.8236466139525587   
  1702.08  0.823259509850304    
  1702.58  0.8228727013044995   
  1703.08  0.8224863123561266   
  1703.58  0.8221000938916901   
  1704.08  0.8217141700479895   
  1704.58  0.8213285405139283   
  1705.08  0.8209432049788294   
  1705.58  0.8205581631324348   
  1706.08  0.8201734146649043   
  1706.58  0.8197889592668159   
  1707.08  0.8194047966291642   
  1707.58  0.8190209264433597   
  1708.08  0.8186374718103437   
  1708.58  0.8182541855102485   
  1709.08  0.8178711907388221   
  1709.58  0.817488487189133    
  1710.08  0.8171060745546627   
  1710.58  0.8167239525293046   
  1711.08  0.8163421208073637   
  1711.58  0.8159605790835553   
  1712.08  0.8155793270530057   
  1712.58  0.8151984869790307   
  1713.08  0.8148178133290185   
  1713.58  0.8144374284601935   
  1714.09  0.814049750202108    
  1714.59  0.813669947733781    
  1715.09  0.8132904331321082   
  1715.59  0.8129112060950755   
  1716.09  0.8125322663210731   
  1716.59  0.8121536135088958   
  1717.09  0.8117752473577414   
  1717.59  0.8113971675672108   
  1718.09  0.8110194953856962   
  1718.59  0.8106419873248979   
  1719.09  0.8102647647260323   
  1719.59  0.809887827290304    
  1720.09  0.8095111747193181   
  1720.59  0.8091348067150781   
  1721.09  0.8087587229799857   
  1721.59  0.8083829232168404   
  1722.09  0.8080074071288382   
  1722.59  0.8076322951441178   
  1723.09  0.8072573454265116   
  1723.59  0.8068826784961076   
  1724.09  0.8065082940576832   
  1724.59  0.8061341918164094   
  1725.09  0.8057603714778503   
  1725.59  0.8053868327479624   
  1726.09  0.8050135753330939   
  1726.59  0.8046405989399847   
  1727.09  0.8042680231841788   
  1727.59  0.8038956078661551   
  1728.09  0.8035234726925436   
  1728.59  0.803151617371642    
  1729.09  0.8027800416121358   
  1729.59  0.8024087451230979   
  1730.09  0.8020377276139884   
  1730.59  0.8016669887946529   
  1731.09  0.8012965283753231   
  1731.59  0.8009263460666148   
  1732.09  0.8005565605900591   
  1732.59  0.8001869335467008   
  1733.09  0.7998175837482087   
  1733.59  0.7994485109067321   
  1734.09  0.7990797147348021   
  1734.59  0.7987111949453312   
  1735.09  0.7983429512516121   
  1735.59  0.7979749833673176   
  1736.09  0.7976072910065      
  1736.59  0.7972399920939672   
  1737.09  0.7968728498353245   
  1737.59  0.796505982244676    
  1738.09  0.7961393890375849   
  1738.59  0.7957730699299904   
  1739.09  0.7954070246382078   
  1739.59  0.795041252878927    
  1740.09  0.7946757543692126   
  1740.59  0.7943105288265029   
  1741.09  0.7939456933862642   
  1741.59  0.7935810128437428   
  1742.09  0.7932166044228689   
  1742.59  0.7928524678425701   
  1743.09  0.792488602822145    
  1743.59  0.7921250090812623   
  1744.09  0.7917616863399604   
  1744.59  0.7913986343186468   
  1745.09  0.7910358527380976   
  1745.59  0.7906734579517302   
  1746.09  0.7903112163296903   
  1746.59  0.7899492443130371   
  1747.09  0.7895875416240145   
  1747.59  0.789226107985232    
  1748.09  0.7888649431196637   
  1748.59  0.7885040467506488   
  1749.09  0.7881434186018893   
  1749.59  0.7877830583974513   
  1750.09  0.7874229658617629   
  1750.59  0.7870632564877447   
  1751.09  0.7867036983783593   
  1751.59  0.7863444071132669   
  1752.09  0.7859853824183403   
  1752.59  0.7856266240198122   
  1753.09  0.7852681316442743   
  1753.59  0.7849099050186771   
  1754.09  0.7845519438703289   
  1754.59  0.7841942479268957   
  1755.09  0.7838369319143651   
  1755.59  0.7834797654800474   
  1756.09  0.7831228634358682   
  1756.59  0.7827662255109175   
  1757.09  0.7824098514346394   
  1757.59  0.7820537409368324   
  1758.09  0.7816978937476484   
  1758.59  0.7813423095975924   
  1759.09  0.7809869882175212   
  1759.59  0.78063204357352     
  1760.09  0.7802772468430392   
  1760.59  0.7799227120773096   
  1761.09  0.7795684390085917   
  1761.59  0.7792144273694961   
  1762.09  0.7788606768929821   
  1762.59  0.7785071873123575   
  1763.09  0.778153958361278    
  1763.59  0.7778009897737465   
  1764.09  0.7774483947628935   
  1764.59  0.7770959460222685   
  1765.09  0.7767437568493646   
  1765.59  0.7763918269795683   
  1766.09  0.7760401561486112   
  1766.59  0.7756887440925684   
  1767.09  0.7753375905478591   
  1767.59  0.7749866952512451   
  1768.09  0.7746360579398306   
  1768.59  0.7742856783510618   
  1769.09  0.7739356688695002   
  1769.59  0.7735858038569876   
  1770.09  0.7732361957815892   
  1770.59  0.772886844382113    
  1771.09  0.7725377493977061   
  1771.59  0.7721889105678549   
  1772.09  0.7718403276323831   
  1772.59  0.7714920003314523   
  1773.09  0.7711439284055612   
  1773.59  0.7707962235007203   
  1774.09  0.7704486614657651   
  1774.59  0.7701013540294456   
  1775.09  0.7697543009336032   
  1775.59  0.7694075019204137   
  1776.09  0.7690609567323867   
  1776.59  0.7687146651123653   
  1777.09  0.7683686268035251   
  1777.59  0.7680228415493744   
  1778.09  0.767677420264072    
  1778.59  0.7673321402699099   
  1779.09  0.766987112563032    
  1779.59  0.7666423368882701   
  1780.09  0.7662978129907857   
  1780.59  0.7659535406160698   
  1781.09  0.7656095195099414   
  1781.59  0.7652657494185482   
  1782.09  0.7649222300883654   
  1782.59  0.7645790717083233   
  1783.09  0.764236053060789    
  1783.59  0.7638932844159321   
  1784.09  0.7635507655215328   
  1784.59  0.7632084961256962   
  1785.09  0.7628664759768525   
  1785.59  0.7625247048237556   
  1786.09  0.7621831824154827   
  1786.59  0.7618419085014344   
  1787.09  0.7615008828313337   
  1787.59  0.7611602147959728   
  1788.09  0.760819684784526    
  1788.59  0.7604794022682059   
  1789.09  0.7601393669980201   
  1789.59  0.7597995787252966   
  1790.09  0.7594600372016826   
  1790.59  0.7591207421791445   
  1791.09  0.7587816934099669   
  1791.59  0.758442890646753    
  1792.09  0.7581044425687977   
  1792.59  0.7577661309976091   
  1793.09  0.7574280646921747   
  1793.59  0.7570902434063642   
  1794.09  0.7567526668943627   
  1794.59  0.7564153349106708   
  1795.09  0.7560782472101029   
  1795.6   0.7557346843343593   
  1796.1   0.755398089328142    
  1796.6   0.7550617378665049   
  1797.1   0.7547256297055223   
  1797.6   0.7543898726619911   
  1798.1   0.7540542502936768   
  1798.6   0.7537188704961886   
  1799.1   0.753383733026846    
  1799.6   0.7530488376432789   
  1800.1   0.7527141841034267   
  1800.6   0.752379772165538    
  1801.1   0.75204560158817     
  1801.6   0.7517116721301883   
  1802.1   0.7513780909110042   
  1802.6   0.7510446428922106   
  1803.1   0.7507114352713218   
  1803.6   0.7503784678084312   
  1804.1   0.7500457402639381   
  1804.6   0.7497132523985474   
  1805.1   0.7493810039732686   
  1805.6   0.7490489947494158   
  1806.1   0.7487172244886069   
  1806.6   0.7483857996190946   
  1807.1   0.7480545064937211   
  1807.6   0.7477234516181408   
  1808.1   0.7473926347551827   
  1808.6   0.7470620556679772   
  1809.1   0.7467317141199561   
  1809.6   0.7464016098748516   
  1810.1   0.7460717426966964   
  1810.6   0.7457421123498228   
  1811.1   0.7454127185988622   
  1811.6   0.745083667111328    
  1812.1   0.7447547457713224   
  1812.6   0.744426060322991    
  1813.1   0.7440976105321573   
  1813.6   0.7437693961649428   
  1814.1   0.7434414169877642   
  1814.6   0.7431136727673355   
  1815.1   0.7427861632706655   
  1815.6   0.7424588882650583   
  1816.1   0.7421319527397843   
  1816.6   0.7418051459441086   
  1817.1   0.7414785729432493   
  1817.6   0.7411522335056862   
  1818.1   0.7408261274001925   
  1818.6   0.7405002543958334   
  1819.1   0.7401746142619664   
  1819.6   0.7398492067682403   
  1820.1   0.739524031684595    
  1820.6   0.7391991933280673   
  1821.1   0.7388744823009483   
  1821.6   0.7385500029955456   
  1822.1   0.738225755182959    
  1822.6   0.7379017386345769   
  1823.1   0.7375779531220763   
  1823.6   0.7372543984174221   
  1824.1   0.7369310742928666   
  1824.6   0.7366079805209494   
  1825.1   0.7362852207524163   
  1825.6   0.7359625869305829   
  1826.1   0.7356401827807969   
  1826.6   0.7353180080767419   
  1827.1   0.7349960625923857   
  1827.6   0.7346743461019812   
  1828.1   0.734352858380065    
  1828.6   0.7340315992014571   
  1829.1   0.7337105683412608   
  1829.6   0.7333897655748624   
  1830.1   0.7330692938195692   
  1830.6   0.7327489464948204   
  1831.1   0.7324288265917911   
  1831.6   0.732108933886994    
  1832.1   0.7317892681572219   
  1832.6   0.7314698291795481   
  1833.1   0.7311506167313253   
  1833.6   0.7308316305901855   
  1834.1   0.7305128705340397   
  1834.6   0.7301944388262307   
  1835.1   0.7298761302023309   
  1835.6   0.7295580469988977   
  1836.1   0.7292401889949531   
  1836.6   0.7289225559697958   
  1837.1   0.7286051477030009   
  1837.6   0.7282879639744189   
  1838.1   0.7279710045641763   
  1838.6   0.7276542692526744   
  1839.1   0.727337859655028    
  1839.6   0.7270215718113588   
  1840.1   0.7267055074093509   
  1840.6   0.7263896662305012   
  1841.1   0.72607404805658     
  1841.6   0.72575865266963     
  1842.1   0.7254434798519662   
  1842.6   0.725128529386175    
  1843.1   0.7248138010551142   
  1843.6   0.7244993958313436   
  1844.1   0.7241851110480797   
  1844.6   0.723871047749813    
  1845.1   0.7235572057204824   
  1845.6   0.7232435847442958   
  1846.1   0.7229301846057304   
  1846.6   0.7226170050895313   
  1847.1   0.722304045980712    
  1847.6   0.7219913070645533   
  1848.1   0.7216787881266036   
  1848.6   0.7213665894320462   
  1849.1   0.721054509737597    
  1849.6   0.720742649379669    
  1850.1   0.7204310081448755   
  1850.6   0.7201195858200943   
  1851.1   0.7198083821924682   
  1851.6   0.7194973970494049   
  1852.1   0.7191866301785751   
  1852.6   0.7188760813679141   
  1853.1   0.7185658502518201   
  1853.6   0.7182557368563401   
  1854.1   0.7179458408864791   
  1854.6   0.717636162131222    
  1855.1   0.7173267003798157   
  1855.6   0.7170174554217683   
  1856.1   0.7167084270468483   
  1856.6   0.7163996150450853   
  1857.1   0.7160910192067684   
  1857.6   0.7157827385409893   
  1858.1   0.7154745743320661   
  1858.6   0.7151666256590803   
  1859.1   0.7148588923133574   
  1859.6   0.7145513740864812   
  1860.1   0.7142440707702925   
  1860.6   0.71393698215689     
  1861.1   0.7136301080386291   
  1861.6   0.7133234482081218   
  1862.1   0.7130171010545712   
  1862.6   0.7127108691096282   
  1863.1   0.7124048508318764   
  1863.6   0.7120990460149501   
  1864.1   0.711793454452738    
  1864.6   0.711488075939383    
  1865.1   0.711182910269282    
  1865.6   0.7108779572370856   
  1866.1   0.7105732166376967   
  1866.6   0.7102686882662717   
  1867.1   0.7099644698295283   
  1867.6   0.7096603652323663   
  1868.1   0.7093564722502144   
  1868.6   0.709052790679236    
  1869.1   0.7087493203158446   
  1869.6   0.7084460609567047   
  1870.1   0.7081430123987308   
  1870.6   0.7078401744390869   
  1871.1   0.7075375468751862   
  1871.6   0.7072352268051016   
  1872.1   0.7069330193583694   
  1872.6   0.7066310217011779   
  1873.1   0.7063292336319338   
  1873.6   0.7060276549492916   
  1874.1   0.7057262854521529   
  1874.6   0.7054251249396656   
  1875.1   0.7051241732112243   
  1875.6   0.7048234300664695   
  1876.1   0.7045229920000635   
  1876.6   0.7042226653556126   
  1877.11  0.7039165599605083   
  1877.61  0.7036166532292724   
  1878.11  0.703316954079695    
  1878.61  0.70301746231289     
  1879.11  0.7027181777302139   
  1879.61  0.7024191001332671   
  1880.11  0.7021202293238922   
  1880.61  0.7018215651041739   
  1881.11  0.7015231072764396   
  1881.61  0.7012249516035522   
  1882.11  0.7009269059014633   
  1882.61  0.7006290659998509   
  1883.11  0.7003314317020062   
  1883.61  0.7000340028114606   
  1884.11  0.6997367791319852   
  1884.61  0.699439760467591    
  1885.11  0.6991429466225276   
  1885.61  0.6988463374012837   
  1886.11  0.6985500279747517   
  1886.61  0.6982538273498639   
  1887.11  0.6979578307637527   
  1887.61  0.6976620380218584   
  1888.11  0.6973664489298581   
  1888.61  0.6970710632936651   
  1889.11  0.6967758809194298   
  1889.61  0.6964809016135376   
  1890.11  0.6961861251826101   
  1890.61  0.6958915514335042   
  1891.11  0.6955972748852882   
  1891.61  0.6953031058562557   
  1892.11  0.6950091389310844   
  1892.61  0.6947153739175687   
  1893.11  0.6944218106237362   
  1893.61  0.6941284488578475   
  1894.11  0.6938352884283965   
  1894.61  0.6935423291441091   
  1895.11  0.6932495708139433   
  1895.61  0.6929571073755997   
  1896.11  0.6926647503169545   
  1896.61  0.6923725936407563   
  1897.11  0.6920806371568884   
  1897.61  0.6917888806754643   
  1898.11  0.6914973240068277   
  1898.61  0.6912059669615522   
  1899.11  0.6909148093504406   
  1899.61  0.6906238509845248   
  1900.11  0.6903331852250739   
  1900.61  0.6900426247195841   
  1901.11  0.6897522628938176   
  1901.61  0.689462099559719    
  1902.11  0.6891721345294604   
  1902.61  0.6888823676154412   
  1903.11  0.6885927986302871   
  1903.61  0.6883034273868506   
  1904.11  0.6880142536982097   
  1904.61  0.6877253703540867   
  1905.11  0.6874365911517413   
  1905.61  0.6871480089448395   
  1906.11  0.6868596235473605   
  1906.61  0.6865714347735078   
  1907.11  0.686283442437709    
  1907.61  0.6859956463546154   
  1908.11  0.6857080463391019   
  1908.61  0.6854206422062659   
  1909.11  0.6851334337714282   
  1909.61  0.6848465131949203   
  1910.11  0.6845596955400924   
  1910.61  0.684273073030617    
  1911.11  0.6839866454827022   
  1911.61  0.6837004127127773   
  1912.11  0.6834143745374925   
  1912.61  0.6831285307737186   
  1913.11  0.6828428812385462   
  1913.61  0.6825574257492859   
  1914.11  0.6822722559048604   
  1914.61  0.6819871878979262   
  1915.11  0.6817023133902105   
  1915.61  0.6814176321998997   
  1916.11  0.6811331441453989   
  1916.61  0.6808488490453307   
  1917.11  0.6805647467185357   
  1917.61  0.6802808369840715   
  1918.11  0.6799971196612127   
  1918.61  0.6797136857921949   
  1919.11  0.6794303526894537   
  1919.61  0.6791472114574983   
  1920.11  0.6788642619164681   
  1920.61  0.6785815038867173   
  1921.11  0.6782989371888161   
  1921.61  0.6780165616435484   
  1922.11  0.6777343770719135   
  1922.61  0.6774523832951242   
  1923.11  0.6771706708034013   
  1923.61  0.6768890580195327   
  1924.11  0.6766076354954877   
  1924.61  0.6763264030533327   
  1925.11  0.6760453605153466   
  1925.61  0.6757645077040204   
  1926.11  0.6754838444420574   
  1926.61  0.6752033705523725   
  1927.11  0.6749230858580914   
  1927.61  0.6746429901825516   
  1928.11  0.6743631734080395   
  1928.61  0.6740834551801418   
  1929.11  0.6738039254423163   
  1929.61  0.6735245840187414   
  1930.11  0.6732454307338048   
  1930.61  0.6729664654121035   
  1931.11  0.6726876878784431   
  1931.61  0.672409097957838    
  1932.11  0.672130695475511    
  1932.61  0.6718525697714322   
  1933.11  0.6715745415819734   
  1933.61  0.6712967003077633   
  1934.11  0.6710190457748549   
  1934.61  0.6707415778095075   
  1935.11  0.6704642962381875   
  1935.61  0.6701872008875668   
  1936.11  0.6699102915845235   
  1936.61  0.6696335681561418   
  1937.11  0.669357119404594    
  1937.61  0.6690807671479214   
  1938.11  0.6688046002484475   
  1938.61  0.6685286185340753   
  1939.11  0.6682528218329121   
  1939.61  0.6679772099732688   
  1940.11  0.6677017827836602   
  1940.61  0.667426540092804    
  1941.11  0.6671514817296208   
  1941.61  0.6668766959629557   
  1942.11  0.6666020056835023   
  1942.61  0.6663274992197539   
  1943.11  0.6660531764014399   
  1943.61  0.6657790370584914   
  1944.11  0.6655050810210407   
  1944.61  0.6652313081194208   
  1945.11  0.6649577181841654   
  1945.61  0.6646843110460088   
  1946.11  0.6644110865358848   
  1946.61  0.6641381323352353   
  1947.11  0.663865272516134    
  1947.61  0.6635925948191191   
  1948.11  0.6633200990759222   
  1948.61  0.6630477851184728   
  1949.11  0.6627756527788997   
  1949.61  0.6625037018895287   
  1950.11  0.6622319322828838   
  1950.61  0.6619603437916869   
  1951.11  0.6616890235733343   
  1951.61  0.6614177967538271   
  1952.11  0.6611467505491678   
  1952.61  0.6608758847928646   
  1953.11  0.6606051993186222   
  1953.61  0.6603346939603406   
  1954.11  0.6600643685521159   
  1954.61  0.6597942229282389   
  1955.11  0.6595242569231955   
  1955.61  0.6592545571746623   
  1956.11  0.6589849498538441   
  1956.61  0.6587155216565371   
  1957.11  0.658446272418004    
  1957.61  0.6581772019737014   
  1958.11  0.6579083101592788   
  1958.62  0.6576342364667506   
  1959.12  0.6573657049761419   
  1959.62  0.6570973516202528   
  1960.12  0.6568291762355069   
  1960.62  0.6565611786585199   
  1961.12  0.6562934448964217   
  1961.62  0.6560258023884684   
  1962.12  0.6557583371993218   
  1962.62  0.655491049166362    
  1963.12  0.6552239381271603   
  1963.62  0.6549570039194773   
  1964.12  0.6546902463812645   
  1964.62  0.6544236653506627   
  1965.12  0.6541572606660018   
  1965.62  0.6538911178241503   
  1966.12  0.653625065290491    
  1966.62  0.653359188618949    
  1967.12  0.65309348764861     
  1967.62  0.652827962218747    
  1968.12  0.652562612168821    
  1968.62  0.652297437338481    
  1969.12  0.6520324375675627   
  1969.62  0.6517676126960893   
  1970.12  0.6515029625642703   
  1970.62  0.6512385721069159   
  1971.12  0.6509742709196688   
  1971.62  0.6507101439938745   
  1972.12  0.6504461911704871   
  1972.62  0.6501824122906462   
  1973.12  0.6499188071956766   
  1973.62  0.6496553757270876   
  1974.12  0.6493921177265735   
  1974.62  0.649129033036013    
  1975.12  0.648866206088728    
  1975.62  0.648603467488793    
  1976.12  0.6483409017256018   
  1976.62  0.6480785086417677   
  1977.12  0.6478162880800874   
  1977.62  0.6475542398835402   
  1978.12  0.647292363895288    
  1978.62  0.6470306599586751   
  1979.12  0.6467691279172278   
  1979.62  0.6465078517068696   
  1980.12  0.6462466629318598   
  1980.62  0.6459856455837345   
  1981.12  0.6457247995067452   
  1981.62  0.6454641245453248   
  1982.12  0.6452036205440863   
  1982.62  0.6449432873478231   
  1983.12  0.6446831248015088   
  1983.62  0.6444231327502961   
  1984.12  0.6441633946367562   
  1984.62  0.6439037430571741   
  1985.12  0.6436442615092789   
  1985.62  0.6433849498389399   
  1986.12  0.6431258078922052   
  1986.62  0.642866835515301    
  1987.12  0.6426080325546314   
  1987.62  0.6423493988567786   
  1988.12  0.6420909342685018   
  1988.62  0.6418326386367378   
  1989.12  0.6415745948605809   
  1989.62  0.6413166366291034   
  1990.12  0.6410588468960586   
  1990.62  0.6408012255090894   
  1991.12  0.6405437723160146   
  1991.62  0.6402864871648292   
  1992.12  0.6400293699037033   
  1992.62  0.6397724203809825   
  1993.12  0.6395156384451869   
  1993.62  0.6392591065104642   
  1994.12  0.6390026592409628   
  1994.62  0.6387463791050444   
  1995.12  0.6384902659519268   
  1995.62  0.638234319631002    
  1996.12  0.6379785399918347   
  1996.62  0.6377229268841639   
  1997.12  0.6374674801579008   
  1997.62  0.6372121996631301   
  1998.12  0.6369571673329695   
  1998.62  0.6367022187987446   
  1999.12  0.6364474360473474   
  1999.62  0.6361928189295514   
  2000.12  0.6359383672963007   
  2000.62  0.6356840809987119   
  2001.12  0.6354299598880719   
  2001.62  0.6351760038158387   
  2002.12  0.6349222126336412   
  2002.62  0.6346686677974446   
  2003.12  0.6344152058979342   
  2003.62  0.6341619084444142   
  2004.12  0.6339087752891936   
  2004.62  0.6336558062847505   
  2005.12  0.6334030012837324   
  2005.62  0.6331503601389556   
  2006.12  0.6328978827034055   
  2006.62  0.6326455688302356   
  2007.12  0.6323934183727676   
  2007.62  0.6321415122612954   
  2008.12  0.6318896881433913   
  2008.62  0.6316380270022093   
  2009.12  0.6313865286917419   
  2009.62  0.631135193066149    
  2010.12  0.6308840199797571   
  2010.62  0.6306330092870592   
  2011.12  0.6303821608427151   
  2011.62  0.6301314745015507   
  2012.12  0.6298810307247621   
  2012.62  0.6296306681030404   
  2013.12  0.6293804671500165   
  2013.62  0.6291304277211789   
  2014.12  0.6288805496721803   
  2014.62  0.628630832858839    
  2015.12  0.6283812771371371   
  2015.62  0.6281318823632214   
  2016.12  0.6278826483934028   
  2016.62  0.6276336552235358   
  2017.12  0.6273847423798592   
  2017.62  0.627135989910241    
  2018.12  0.6268873976716456   
  2018.62  0.6266389655212012   
  2019.12  0.6263906933161987   
  2019.62  0.6261425809140907   
  2020.12  0.6258946281724932   
  2020.62  0.6256468349491835   
  2021.12  0.6253992807783906   
  2021.62  0.6251518061144087   
  2022.12  0.624904490543063    
  2022.62  0.6246573339227769   
  2023.12  0.6244103361121349   
  2023.62  0.624163496969882    
  2024.12  0.6239168163549241   
  2024.62  0.6236702941263269   
  2025.12  0.6234239301433167   
  2025.62  0.623177724265279    
  2026.12  0.6229317555178371   
  2026.62  0.6226858653777666   
  2027.12  0.6224401329218283   
  2027.62  0.622194558010045    
  2028.12  0.6219491405025981   
  2028.62  0.6217038802598281   
  2029.12  0.6214587771422335   
  2029.62  0.6212138310104706   
  2030.12  0.620969041725354    
  2030.62  0.6207244878586041   
  2031.12  0.6204800117994836   
  2031.62  0.6202356921704423   
  2032.12  0.6199915288329236   
  2032.62  0.6197475216485282   
  2033.12  0.6195036704790128   
  2033.62  0.6192599751862908   
  2034.12  0.6190164356324319   
  2034.62  0.6187730516796611   
  2035.12  0.6185299014493967   
  2035.62  0.618286828236131    
  2036.12  0.618043910211607    
  2036.62  0.6178011472386717   
  2037.12  0.6175585391803269   
  2037.62  0.6173160858997288   
  2038.12  0.6170737872601879   
  2038.62  0.6168316431251695   
  2039.12  0.6165896533582924   
  2039.62  0.6163478956342366   
  2040.13  0.6161013152127146   
  2040.63  0.6158598685152049   
  2041.13  0.6156184978788399   
  2041.63  0.6153772809283524   
  2042.13  0.615136217528284    
  2042.63  0.6148953075433286   
  2043.13  0.6146545508383324   
  2043.63  0.6144139472782943   
  2044.13  0.6141734967283641   
  2044.63  0.6139331990538441   
  2045.13  0.6136931313872082   
  2045.63  0.6134531390109247   
  2046.13  0.6132132991069087   
  2046.63  0.6129736115410666   
  2047.13  0.6127340761794556   
  2047.63  0.6124946928882838   
  2048.13  0.6122555385070196   
  2048.63  0.6120164589071126   
  2049.13  0.6117775309772113   
  2049.63  0.6115387545841231   
  2050.13  0.6113001295948047   
  2050.63  0.6110616558763623   
  2051.13  0.6108234099767975   
  2051.63  0.6105852383534405   
  2052.13  0.6103472176032134   
  2052.63  0.6101093475938171   
  2053.13  0.6098716281931007   
  2053.63  0.6096340592690609   
  2054.13  0.6093966406898428   
  2054.63  0.6091593723237388   
  2055.13  0.6089222540391886   
  2055.63  0.6086853619498476   
  2056.13  0.6084485433861144   
  2056.63  0.6082118745101791   
  2057.13  0.6079753551910689   
  2057.63  0.6077389852979579   
  2058.13  0.6075027647001654   
  2058.63  0.6072666932671579   
  2059.13  0.607030770868547    
  2059.63  0.6067949973740897   
  2060.13  0.606559448466499    
  2060.63  0.606323972342382    
  2061.13  0.6060886447326044   
  2061.63  0.6058534655075035   
  2062.13  0.6056184345375618   
  2062.63  0.6053835516934062   
  2063.13  0.6051488168458072   
  2063.63  0.6049142298656803   
  2064.13  0.6046797906240842   
  2064.63  0.604445498992221    
  2065.13  0.6042114301779278   
  2065.63  0.6039774333323066   
  2066.13  0.6037435837109268   
  2066.63  0.6035098811855639   
  2067.13  0.6032763256281353   
  2067.63  0.603042916910701    
  2068.13  0.6028096549054636   
  2068.63  0.6025765394847675   
  2069.13  0.6023435705210992   
  2069.63  0.6021108227984272   
  2070.13  0.6018781463198046   
  2070.63  0.6016456159165595   
  2071.13  0.6014132314617434   
  2071.63  0.6011809928285495   
  2072.13  0.6009488998903115   
  2072.63  0.6007169525205037   
  2073.13  0.6004851505927405   
  2073.63  0.6002534939807769   
  2074.13  0.6000220570480127   
  2074.63  0.5997906906428032   
  2075.13  0.599559469175537    
  2075.63  0.599328392520528    
  2076.13  0.5990974605522289   
  2076.63  0.5988666731452316   
  2077.13  0.5986360301742666   
  2077.63  0.5984055315142034   
  2078.13  0.5981751770400499   
  2078.63  0.5979450406979038   
  2079.13  0.5977149741748399   
  2079.63  0.5974850514635781   
  2080.13  0.5972552724396785   
  2080.63  0.5970256369788387   
  2081.13  0.5967961449568935   
  2081.63  0.5965667962498146   
  2082.13  0.5963375907337114   
  2082.63  0.5961085282848293   
  2083.13  0.5958796087795512   
  2083.63  0.5956509057040961   
  2084.13  0.5954222716698108   
  2084.63  0.5951937802091342   
  2085.13  0.5949654311989934   
  2085.63  0.5947372245164513   
  2086.13  0.5945091600387062   
  2086.63  0.5942812376430919   
  2087.13  0.5940534572070774   
  2087.63  0.5938258186082661   
  2088.13  0.5935983949223662   
  2088.63  0.5933710395857602   
  2089.13  0.5931438257200167   
  2089.63  0.5929167532032777   
  2090.13  0.5926898219138194   
  2090.63  0.5924630317300515   
  2091.13  0.592236382530518    
  2091.63  0.5920098741938962   
  2092.13  0.5917835065989965   
  2092.63  0.5915573524141824   
  2093.13  0.5913312658944907   
  2093.63  0.5911053197537905   
  2094.13  0.590879513871424    
  2094.63  0.5906538481268662   
  2095.13  0.5904283223997239   
  2095.63  0.5902029365697363   
  2096.13  0.589977690516775    
  2096.63  0.5897525841208427   
  2097.13  0.5895276896460946   
  2097.63  0.5893028621599025   
  2098.13  0.5890781739715756   
  2098.63  0.5888536249616423   
  2099.13  0.5886292150107617   
  2099.63  0.5884049439997235   
  2100.13  0.5881808118094483   
  2100.63  0.5879568183209868   
  2101.13  0.5877329634155202   
  2101.63  0.5875092469743595   
  2102.13  0.5872857408161789   
  2102.63  0.5870623009036121   
  2103.13  0.586838999100101    
  2103.63  0.5866158352874746   
  2104.13  0.5863928093476918   
  2104.63  0.5861699211628397   
  2105.13  0.5859471706151351   
  2105.63  0.585724557586923    
  2106.13  0.5855020819606765   
  2106.63  0.5852798151573824   
  2107.13  0.5850576139388725   
  2107.63  0.5848355497705556   
  2108.13  0.5846136225354179   
  2108.63  0.5843918321165723   
  2109.13  0.5841701783972597   
  2109.63  0.5839486612608483   
  2110.13  0.5837272805908331   
  2110.63  0.5835060362708362   
  2111.13  0.5832849993271977   
  2111.63  0.5830640273148198   
  2112.13  0.5828431913041239   
  2112.63  0.5826224911792385   
  2113.13  0.5824019268244178   
  2113.63  0.5821814981240423   
  2114.13  0.5819612049626177   
  2114.63  0.5817410472247759   
  2115.13  0.5815210247952739   
  2115.63  0.5813012083088173   
  2116.13  0.5810814561073107   
  2116.63  0.5808618388692032   
  2117.13  0.5806423564797523   
  2117.63  0.5804230088243397   
  2118.13  0.5802037957884718   
  2118.63  0.579984717257779    
  2119.13  0.5797657731180162   
  2119.63  0.5795469632550622   
  2120.13  0.579328287554919    
  2120.63  0.5791098162206382   
  2121.13  0.5788914084615299   
  2121.64  0.5786687802416582   
  2122.14  0.5784506426792212   
  2122.64  0.578232638709234    
  2123.14  0.5780147682184411   
  2123.64  0.5777970310937093   
  2124.14  0.577579427222028    
  2124.64  0.577361956490509    
  2125.14  0.5771446187863862   
  2125.64  0.5769274139970155   
  2126.14  0.576710411853983    
  2126.64  0.576493472513983    
  2127.14  0.5762766657515692   
  2127.64  0.5760599914545843   
  2128.14  0.5758434495109919   
  2128.64  0.5756270398088762   
  2129.14  0.575410762236443    
  2129.64  0.5751946166820184   
  2130.14  0.5749786030340492   
  2130.64  0.5747627906423237   
  2131.14  0.5745470404307222   
  2131.64  0.5743314217916742   
  2132.14  0.5741159346141069   
  2132.64  0.5739005787870679   
  2133.14  0.5736853541997239   
  2133.64  0.5734702607413611   
  2134.14  0.5732552983013856   
  2134.64  0.5730404667693217   
  2135.14  0.5728258351160475   
  2135.64  0.5726112650268131   
  2136.14  0.572396825514814    
  2136.64  0.5721825164700498   
  2137.14  0.5719683377826389   
  2137.64  0.5717542893428175   
  2138.14  0.5715403710409404   
  2138.64  0.5713265827674798   
  2139.14  0.5711129244130261   
  2139.64  0.5708994645724058   
  2140.14  0.5706860656864795   
  2140.64  0.5704727963920707   
  2141.14  0.570259656580239    
  2141.64  0.5700466461421613   
  2142.14  0.5698337649691307   
  2142.64  0.5696210129525577   
  2143.14  0.5694083899839688   
  2143.64  0.5691958959550072   
  2144.14  0.5689835307574322   
  2144.64  0.5687713625715548   
  2145.14  0.5685592546711172   
  2145.64  0.5683472752780747   
  2146.14  0.56813542428465     
  2146.64  0.5679237015831814   
  2147.14  0.5677121070661221   
  2147.64  0.5675006406260409   
  2148.14  0.5672893021556215   
  2148.64  0.5670780915476625   
  2149.14  0.5668670766123706   
  2149.64  0.5666561213671196   
  2150.14  0.5664452936634468   
  2150.64  0.5662345933946085   
  2151.14  0.5660240204539754   
  2151.64  0.565813574735032    
  2152.14  0.5656032561313771   
  2152.64  0.5653930645367224   
  2153.14  0.565182999844894    
  2153.64  0.564973129498769    
  2154.14  0.564763318253764    
  2154.64  0.5645536335937756   
  2155.14  0.5643440754130825   
  2155.64  0.5641346436060753   
  2156.14  0.5639253380672581   
  2156.64  0.5637161586912469   
  2157.14  0.5635071053727703   
  2157.64  0.5632981780066691   
  2158.14  0.5630894436712406   
  2158.64  0.5628807678544072   
  2159.14  0.5626722176751773   
  2159.64  0.5624637930288389   
  2160.14  0.5622554938107918   
  2160.64  0.5620473199165469   
  2161.14  0.5618392712417264   
  2161.64  0.5616313476820636   
  2162.14  0.5614235491334029   
  2162.64  0.5612158754916986   
  2163.14  0.5610083934333491   
  2163.64  0.5608009692537474   
  2164.14  0.560593669669664    
  2164.64  0.560386494577495    
  2165.14  0.5601794438737475   
  2165.64  0.5599725174550376   
  2166.14  0.5597657152180917   
  2166.64  0.5595590370597456   
  2167.14  0.559352482876945    
  2167.64  0.5591461189872231   
  2168.14  0.5589398124069671   
  2168.64  0.558733629493781    
  2169.14  0.5585275701450466   
  2169.64  0.5583216342582548   
  2170.14  0.5581158217310046   
  2170.64  0.5579101324610041   
  2171.14  0.557704566346069    
  2171.64  0.5574991232841242   
  2172.14  0.557293869236507    
  2172.64  0.5570886719352245   
  2173.14  0.5568835973813857   
  2173.64  0.5566786454733466   
  2174.14  0.5564738161095705   
  2174.64  0.556269109188628    
  2175.14  0.5560645246091973   
  2175.64  0.5558600622700635   
  2176.14  0.5556557220701183   
  2176.64  0.5554515696171463   
  2177.14  0.5552474733534525   
  2177.64  0.5550434989262967   
  2178.14  0.5548396462349973   
  2178.64  0.5546359151789791   
  2179.14  0.5544323056577732   
  2179.64  0.5542288175710166   
  2180.14  0.5540254508184521   
  2180.64  0.5538222052999283   
  2181.14  0.5536190809153995   
  2181.64  0.5534161428828803   
  2182.14  0.5532132604277187   
  2182.64  0.5530104988070791   
  2183.14  0.5528078579213366   
  2183.64  0.5526053376709714   
  2184.14  0.5524029379565688   
  2184.64  0.552200658678818    
  2185.14  0.5519984997385134   
  2185.64  0.5517964610365537   
  2186.14  0.5515946074428969   
  2186.64  0.5513928088821195   
  2187.14  0.5511911302630393   
  2187.64  0.550989571486971    
  2188.14  0.5507881324553332   
  2188.64  0.5505868130696479   
  2189.14  0.5503856132315406   
  2189.64  0.5501845328427404   
  2190.14  0.5499835718050791   
  2190.64  0.5497827946430247   
  2191.14  0.549582071975215    
  2191.64  0.5493814683646897   
  2192.14  0.5491809837136926   
  2192.64  0.5489806179245696   
  2193.14  0.548780370899769    
  2193.64  0.5485802425418419   
  2194.14  0.5483802327534409   
  2194.64  0.5481803414373211   
  2195.14  0.5479806327750015   
  2195.64  0.5477809780740633   
  2196.14  0.5475814415543128   
  2196.64  0.5473820231189115   
  2197.14  0.5471827226711228   
  2197.64  0.5469835401143107   
  2198.14  0.5467844753519404   
  2198.64  0.5465855282875787   
  2199.14  0.5463866988248923   
  2199.64  0.5461879868676495   
  2200.14  0.5459894562192661   
  2200.64  0.5457909789468738   
  2201.14  0.5455926188918625   
  2201.64  0.5453943759584018   
  2202.14  0.5451962500507613   
  2202.64  0.5449982410733106   
  2203.14  0.5448003489305189   
  2203.65  0.544598628117905    
  2204.15  0.5444009716848909   
  2204.65  0.5442034317986423   
  2205.15  0.5440060083640288   
  2205.65  0.5438087647713585   
  2206.15  0.5436115739176159   
  2206.65  0.5434144992307418   
  2207.15  0.5432175406160015   
  2207.65  0.5430206979787592   
  2208.15  0.5428239712244775   
  2208.65  0.5426273602587175   
  2209.15  0.5424308649871388   
  2209.65  0.542234485315499    
  2210.15  0.5420382842994648   
  2210.65  0.541842135508237    
  2211.15  0.5416461020348392   
  2211.65  0.5414501837854205   
  2212.15  0.5412543806662276   
  2212.65  0.5410586925836044   
  2213.15  0.5408631194439928   
  2213.65  0.5406676611539313   
  2214.15  0.5404723176200557   
  2214.65  0.5402771515658317   
  2215.15  0.5400820372277632   
  2215.65  0.5398870373663992   
  2216.15  0.5396921518887625   
  2216.65  0.5394973807019724   
  2217.15  0.5393027237132448   
  2217.65  0.5391081808298912   
  2218.15  0.53891375195932     
  2218.65  0.5387194370090349   
  2219.15  0.5385252983727181   
  2219.65  0.5383312109493092   
  2220.15  0.5381372371693031   
  2220.65  0.5379433769405859   
  2221.15  0.5377496301711402   
  2221.65  0.537555996769043    
  2222.15  0.537362476642467    
  2222.65  0.5371690696996794   
  2223.15  0.5369757758490427   
  2223.65  0.536782594999014    
  2224.15  0.5365895891796565   
  2224.65  0.5363966340202979   
  2225.15  0.5362037915875159   
  2225.65  0.5360110617901452   
  2226.15  0.5358184445371154   
  2226.65  0.5356259397374495   
  2227.15  0.5354335473002652   
  2227.65  0.5352412671347732   
  2228.15  0.5350490991502784   
  2228.65  0.5348571050520909   
  2229.15  0.5346651611218464   
  2229.65  0.5344733291011038   
  2230.15  0.5342816088995415   
  2230.65  0.5340900004269311   
  2231.15  0.5338985035931373   
  2231.65  0.5337071183081176   
  2232.15  0.5335158444819221   
  2232.65  0.533324682024694    
  2233.15  0.5331336923193386   
  2233.65  0.5329427522950714   
  2234.15  0.5327519233707838   
  2234.65  0.5325612054569883   
  2235.15  0.5323705984642892   
  2235.65  0.532180102303383    
  2236.15  0.5319897168850581   
  2236.65  0.5317994421201944   
  2237.15  0.5316092779197634   
  2237.65  0.5314192853465937   
  2238.15  0.5312293419727951   
  2238.65  0.5310395088969216   
  2239.15  0.5308497860303097   
  2239.65  0.5306601732843876   
  2240.15  0.5304706705706744   
  2240.65  0.5302812778007796   
  2241.15  0.5300919948864038   
  2241.65  0.5299028217393378   
  2242.15  0.5297137582714635   
  2242.65  0.5295248651926695   
  2243.15  0.5293360207839544   
  2243.65  0.5291472857906453   
  2244.15  0.5289586601249847   
  2244.65  0.5287701436993048   
  2245.15  0.5285817364260276   
  2245.65  0.5283934382176647   
  2246.15  0.5282052489868178   
  2246.65  0.5280171686461773   
  2247.15  0.5278292575903974   
  2247.65  0.5276413947336231   
  2248.15  0.5274536405056913   
  2248.65  0.5272659948196496   
  2249.15  0.5270784575886345   
  2249.65  0.526891028725871    
  2250.15  0.5267037081446735   
  2250.65  0.526516495758444    
  2251.15  0.5263293914806738   
  2251.65  0.5261424553930436   
  2252.15  0.5259555670382926   
  2252.65  0.5257687865330314   
  2253.15  0.5255821137911035   
  2253.65  0.525395548726441    
  2254.15  0.5252090912530629   
  2254.65  0.5250227412850769   
  2255.15  0.5248364987366775   
  2255.65  0.5246503635221471   
  2256.15  0.5244643954124335   
  2256.65  0.5242784745743605   
  2257.15  0.5240926608135547   
  2257.65  0.5239069540446474   
  2258.15  0.5237213541823563   
  2258.65  0.5235358611414869   
  2259.15  0.5233504748369304   
  2259.65  0.5231651951836653   
  2260.15  0.5229800220967565   
  2260.65  0.5227949554913551   
  2261.15  0.5226100547957515   
  2261.65  0.5224252008649604   
  2262.15  0.5222404531616748   
  2262.65  0.5220558116013908   
  2263.15  0.5218712760996899   
  2263.65  0.5216868465722394   
  2264.15  0.5215025229347925   
  2264.65  0.5213183051031879   
  2265.15  0.5211341929933496   
  2265.65  0.5209502457274985   
  2266.15  0.520766344775347    
  2266.65  0.5205825492932729   
  2267.15  0.5203988591975408   
  2267.65  0.5202152744045005   
  2268.15  0.5200317948305868   
  2268.65  0.5198484203923186   
  2269.15  0.5196651510063002   
  2269.65  0.5194819865892196   
  2270.15  0.5192989859594057   
  2270.65  0.5191160311968864   
  2271.15  0.5189331811539031   
  2271.65  0.5187504357474811   
  2272.15  0.51856779489473     
  2272.65  0.5183852585128429   
  2273.15  0.5182028265190969   
  2273.65  0.5180204988308527   
  2274.15  0.5178382753655545   
  2274.65  0.5176562146397965   
  2275.15  0.5174741993395789   
  2275.65  0.5172922880151674   
  2276.15  0.5171104805843391   
  2276.65  0.5169287769649549   
  2277.15  0.5167471770749583   
  2277.65  0.5165656808323758   
  2278.15  0.5163842881553165   
  2278.65  0.5162029989619722   
  2279.15  0.5160218131706173   
  2279.65  0.5158407889650916   
  2280.15  0.5156598096996539   
  2280.65  0.5154789335915494   
  2281.15  0.5152981605593816   
  2281.65  0.5151174905218362   
  2282.15  0.5149369233976807   
  2282.65  0.5147564591057645   
  2283.15  0.5145760975650189   
  2283.65  0.5143958386944566   
  2284.15  0.5142157403806743   
  2284.65  0.5140356865748634   
  2285.16  0.5138521453195647   
  2285.66  0.5136722983300749   
  2286.16  0.5134925536054724   
  2286.66  0.5133129110652593   
  2287.16  0.513133370629019    
  2287.66  0.5129539322164153   
  2288.16  0.5127745957471931   
  2288.66  0.5125953611411774   
  2289.16  0.5124162283182745   
  2289.66  0.512237254803978    
  2290.16  0.5120583252746449   
  2290.66  0.5118794972886505   
  2291.16  0.5117007707662214   
  2291.66  0.5115221456276654   
  2292.16  0.5113436217933691   
  2292.66  0.5111651991837999   
  2293.16  0.5109868777195045   
  2293.66  0.5108086573211092   
  2294.16  0.510630595221506    
  2294.66  0.510452576684644    
  2295.16  0.510274658976064    
  2295.66  0.5100968420167105   
  2296.16  0.5099191257276063   
  2296.66  0.5097415100298541   
  2297.16  0.5095639948446354   
  2297.66  0.5093865800932104   
  2298.16  0.509209265696918    
  2298.66  0.5090320515771763   
  2299.16  0.5088549946441734   
  2299.66  0.5086779808098894   
  2300.16  0.5085010670169058   
  2300.66  0.5083242531869545   
  2301.16  0.5081475392418451   
  2301.66  0.5079709251034658   
  2302.16  0.5077944106937824   
  2302.66  0.5076179959348391   
  2303.16  0.5074416807487577   
  2303.66  0.5072655217574434   
  2304.16  0.5070894054517768   
  2304.66  0.5069133884858287   
  2305.16  0.5067374707820311   
  2305.66  0.506561652262894    
  2306.16  0.5063859328510041   
  2306.66  0.5062103124690255   
  2307.16  0.5060347910396993   
  2307.66  0.5058593684858438   
  2308.16  0.5056841011430988   
  2308.66  0.5055088760771853   
  2309.16  0.5053337496556829   
  2309.66  0.5051587218017166   
  2310.16  0.5049837924384885   
  2310.66  0.5048089614892765   
  2311.16  0.5046342288774351   
  2311.66  0.5044595945263955   
  2312.16  0.5042850583596644   
  2312.66  0.5041106764286157   
  2313.16  0.5039363363697872   
  2313.66  0.5037620942662687   
  2314.16  0.5035879500418711   
  2314.66  0.5034139036204804   
  2315.16  0.503239954926059    
  2315.66  0.5030661038826442   
  2316.16  0.5028923504143489   
  2316.66  0.5027186944453615   
  2317.16  0.5025451358999455   
  2317.66  0.5023717305159461   
  2318.16  0.5021983665594688   
  2318.66  0.5020250997998283   
  2319.16  0.5018519301615884   
  2319.66  0.5016788575693873   
  2320.16  0.5015058819479383   
  2320.66  0.501333003222029    
  2321.16  0.5011602213165215   
  2321.66  0.5009875361563527   
  2322.16  0.5008150031992645   
  2322.66  0.5006425112738025   
  2323.16  0.5004701158689591   
  2323.66  0.5002978169099676   
  2324.16  0.5001256143221353   
  2324.66  0.4999535080308438   
  2325.16  0.49978149796154825  
  2325.66  0.4996095840397775   
  2326.16  0.49943776619113417  
  2326.66  0.49926609959520174  
  2327.16  0.49909447363905307  
  2327.66  0.4989229435333041   
  2328.16  0.498751509203851    
  2328.66  0.4985801705766631   
  2329.16  0.4984089275777829   
  2329.66  0.4982377801333258   
  2330.16  0.4980667281694802   
  2330.66  0.49789577161250737  
  2331.16  0.49772496536575994  
  2331.66  0.49755419937095924  
  2332.16  0.4973835285622748   
  2332.66  0.4972129528662583   
  2333.16  0.4970424722095336   
  2333.66  0.49687208651879733  
  2334.16  0.4967017957208181   
  2334.66  0.49653159974243655  
  2335.16  0.49636149851056555  
  2335.66  0.4961915466542373   
  2336.16  0.49602163466597793  
  2336.66  0.4958518172054225   
  2337.16  0.4956820941997712   
  2337.66  0.49551246557629575  
  2338.16  0.4953429312623395   
  2338.66  0.4951734911853173   
  2339.16  0.4950041452727152   
  2339.66  0.49483489345209064  
  2340.16  0.4946657356510723   
  2340.66  0.49449672619611085  
  2341.16  0.49432775618727265  
  2341.66  0.4941588799813761   
  2342.16  0.4939900975063337   
  2342.66  0.49382140869012875  
  2343.16  0.49365281346081524  
  2343.66  0.49348431174651786  
  2344.16  0.4933159034754316   
  2344.66  0.4931475885758221   
  2345.16  0.49297942110379767  
  2345.66  0.49281129270222535  
  2346.16  0.4926432574573712   
  2346.66  0.4924753152977817   
  2347.16  0.4923074661520734   
  2347.66  0.49213970994893247  
  2348.16  0.4919720466171153   
  2348.66  0.4918044760854478   
  2349.16  0.49163699828282575  
  2349.66  0.49146966699687356  
  2350.16  0.4913023744095196   
  2350.66  0.49113517433833814  
  2351.16  0.4909680667125028   
  2351.66  0.49080105146125635  
  2352.16  0.4906341285139108   
  2352.66  0.4904672977998473   
  2353.16  0.49030055924851607  
  2353.66  0.490133912789436    
  2354.16  0.48996741194359034  
  2354.66  0.4898009494282618   
  2355.16  0.48963457879417727  
  2355.66  0.4894682999711306   
  2356.16  0.48930211288898445  
  2356.66  0.48913601747766977  
  2357.16  0.48897001366718584  
  2357.66  0.48880410138760033  
  2358.16  0.48863828056904907  
  2358.66  0.48847255114173604  
  2359.16  0.4883069663325161   
  2359.66  0.4881414194492049   
  2360.16  0.4879759637481742   
  2360.66  0.48781059915989955  
  2361.16  0.48764532561492435  
  2361.66  0.4874801430438595   
  2362.16  0.4873150513773837   
  2362.66  0.48715005054624283  
  2363.16  0.4869851404812505   
  2363.66  0.4868203741464566   
  2364.16  0.48665564537731276  
  2364.66  0.4864910071671836   
  2365.16  0.4863264594471511   
  2365.66  0.48616200214836464  
  2366.16  0.48599763520204037  
  2366.67  0.4858300813267494   
  2367.17  0.48566589667880383  
  2367.67  0.48550180217600175  
  2368.17  0.48533779774982755  
  2368.67  0.4851738833318321   
  2369.17  0.4850101115667147   
  2369.67  0.4848463769310807   
  2370.17  0.48468273209869855  
  2370.67  0.4845191770013844   
  2371.17  0.4843557115710207   
  2371.67  0.4841923357395558   
  2372.17  0.48402904943900393  
  2372.67  0.4838658526014457   
  2373.17  0.48370274515902695  
  2373.67  0.48353977949760896  
  2374.17  0.4833768506134529   
  2374.67  0.4832140109212908   
  2375.17  0.4830512603535311   
  2375.67  0.48288859884264784  
  2376.17  0.48272602632118056  
  2376.67  0.48256354272173385  
  2377.17  0.4824011479769776   
  2377.67  0.48223884201964684  
  2378.17  0.48207662478254165  
  2378.67  0.4819145483659858   
  2379.17  0.4817525083394909   
  2379.67  0.4815905568320329   
  2380.17  0.48142869377667125  
  2380.67  0.4812669191065302   
  2381.17  0.4811052327547985   
  2381.67  0.4809436346547294   
  2382.17  0.4807821247396406   
  2382.67  0.48062070294291426  
  2383.17  0.48045942110973     
  2383.67  0.4802981753218242   
  2384.17  0.4801370174528338   
  2384.67  0.4799759474363978   
  2385.17  0.4798149652062188   
  2385.67  0.4796540706960636   
  2386.17  0.4794932638397626   
  2386.67  0.4793325445712102   
  2387.17  0.4791719128243644   
  2387.67  0.479011420190987    
  2388.17  0.47885096326156645  
  2388.67  0.478690593656129    
  2389.17  0.47853031130888646  
  2389.67  0.47837011615411434  
  2390.17  0.4782100081261511   
  2390.67  0.47804998715939834  
  2391.17  0.47789005318832106  
  2391.67  0.47773020614744693  
  2392.17  0.47757049737683166  
  2392.67  0.47741082397227286  
  2393.17  0.47725123730189917  
  2393.67  0.4770917373004896   
  2394.17  0.47693232390288615  
  2394.67  0.476772997043993    
  2395.17  0.47661375665877714  
  2395.67  0.47645460268226797  
  2396.17  0.476295535049557    
  2396.67  0.47613655369579844  
  2397.17  0.4759777096833624   
  2397.67  0.4758189006655019   
  2398.17  0.4756601777324495   
  2398.67  0.47550154081960744  
  2399.17  0.4753429898624401   
  2399.67  0.4751845247964736   
  2400.17  0.47502614555729594  
  2400.67  0.47486785208055676  
  2401.17  0.4747096443019674   
  2401.67  0.4745515730357566   
  2402.17  0.47439353643331617  
  2402.67  0.4742355853365491   
  2403.17  0.4740777196814125   
  2403.67  0.47391993940392474  
  2404.17  0.4737622444401654   
  2404.67  0.4736046347262753   
  2405.17  0.47344711019845614  
  2405.67  0.47328967079297074  
  2406.17  0.47313236707757256  
  2406.67  0.47297509769844087  
  2407.17  0.472817913250817    
  2407.67  0.47266081367120694  
  2408.17  0.47250379889617744  
  2408.67  0.4723468688623557   
  2409.17  0.47219002350642947  
  2409.67  0.4720332627651469   
  2410.17  0.47187658657531656  
  2410.67  0.4717200452598684   
  2411.17  0.47156353795644673  
  2411.67  0.4714071150152846   
  2412.17  0.4712507763734312   
  2412.67  0.47109452196799584  
  2413.17  0.47093835173614773  
  2413.67  0.470782265615116    
  2414.17  0.47062626354218934  
  2414.67  0.4704703454547165   
  2415.17  0.4703145112901057   
  2415.67  0.4701588111011799   
  2416.17  0.4700031445677956   
  2416.67  0.4698475617698756   
  2417.17  0.46969206264506586  
  2417.67  0.469536647131072    
  2418.17  0.46938131516565884  
  2418.67  0.4692260666866503   
  2419.17  0.46907090163192944  
  2419.67  0.4689158199394383   
  2420.17  0.4687608714206175   
  2420.67  0.46860595623986745  
  2421.17  0.468451124235547    
  2421.67  0.4682963753458337   
  2422.17  0.4681417095089637   
  2422.67  0.46798712666323217  
  2423.17  0.46783262674699233  
  2423.67  0.46767820969865637  
  2424.17  0.46752387545669455  
  2424.67  0.4673696735927732   
  2425.17  0.46721550475260226  
  2425.67  0.4670614185345863   
  2426.17  0.466907414877429    
  2426.67  0.46675349371989167  
  2427.17  0.4665996550007939   
  2427.67  0.46644589865901337  
  2428.17  0.4662922246334854   
  2428.67  0.46613863286320323  
  2429.17  0.4659851726816538   
  2429.67  0.46583174521264886  
  2430.17  0.4656783998162354   
  2430.67  0.46552513643163723  
  2431.17  0.4653719549981357   
  2431.67  0.46521885545506975  
  2432.17  0.46506583774183546  
  2432.67  0.4649129017978863   
  2433.17  0.464760047562733    
  2433.67  0.46460727497594334  
  2434.17  0.4644546331082135   
  2434.67  0.4643020236108528   
  2435.17  0.4641494955809212   
  2435.67  0.4639970489582144   
  2436.17  0.46384468368258513  
  2436.67  0.4636923996939428   
  2437.17  0.4635401969322537   
  2437.67  0.46338807533754045  
  2438.17  0.46323603484988257  
  2438.67  0.46308412430511914  
  2439.17  0.4629322458259796   
  2439.67  0.4627804482744915   
  2440.17  0.46262873159095996  
  2440.67  0.4624770957157463   
  2441.17  0.4623255405892678   
  2441.67  0.46217406615199824  
  2442.17  0.4620226723444672   
  2442.67  0.4618713591072603   
  2443.17  0.46172017504291274  
  2443.67  0.46156902274245054  
  2444.17  0.4614179508344239   
  2444.67  0.4612669592596416   
  2445.17  0.46111604795896843  
  2445.67  0.4609652168733246   
  2446.17  0.46081446594368586  
  2446.67  0.4606637951110836   
  2447.17  0.4605132043166044   
  2447.67  0.46036274193101967  
  2448.18  0.46020926158000486  
  2448.68  0.46005896051771594  
  2449.18  0.4599086908538951   
  2449.68  0.4597585009333092   
  2450.18  0.45960839069737747  
  2450.68  0.4594583600875738   
  2451.18  0.45930840904542697  
  2451.68  0.4591585375125208   
  2452.18  0.45900874543049364  
  2452.68  0.45885903274103895  
  2453.18  0.45870944753322357  
  2453.68  0.458559893428706    
  2454.18  0.458410418542187    
  2454.68  0.45826102281557807  
  2455.18  0.4581117061908451   
  2455.68  0.45796246861000844  
  2456.18  0.45781331001514264  
  2456.68  0.4576642303483765   
  2457.18  0.45751522955189294  
  2457.68  0.45736630756792906  
  2458.18  0.4572175122318831   
  2458.68  0.4570687476745663   
  2459.18  0.45692006175682287  
  2459.68  0.4567714544211059   
  2460.18  0.45662292560992185  
  2460.68  0.4564744752658313   
  2461.18  0.45632610333144824  
  2461.68  0.4561778097494403   
  2462.18  0.45602959446252883  
  2462.68  0.4558815050793919   
  2463.18  0.45573344618589745  
  2463.68  0.4555854654160022   
  2464.18  0.45543756271264113  
  2464.68  0.45528973801880235  
  2465.18  0.45514199127752697  
  2465.68  0.4549943224319095   
  2466.18  0.4548467314250976   
  2466.68  0.45469921820029147  
  2467.18  0.45455183014093403  
  2467.68  0.45440447228496417  
  2468.18  0.45425719204093734  
  2468.68  0.45410998935226554  
  2469.18  0.45396286416241327  
  2469.68  0.45381581641489793  
  2470.18  0.4536688460532893   
  2470.68  0.4535219530212098   
  2471.18  0.45337513726233425  
  2471.68  0.4532284459363426   
  2472.18  0.45308178453028386  
  2472.68  0.452935200228786    
  2473.18  0.45278869297573315  
  2473.68  0.45264226271506164  
  2474.18  0.4524959093907599   
  2474.68  0.4523496329468685   
  2475.18  0.45220343332747975  
  2475.68  0.45205731047673814  
  2476.18  0.45191126433884005  
  2476.68  0.4517653418265508   
  2477.18  0.4516194489224903   
  2477.68  0.45147363256419076  
  2478.18  0.45132789269605533  
  2478.68  0.4511822292625389   
  2479.18  0.4510366422081479   
  2479.68  0.4508911314774399   
  2480.18  0.4507456970150243   
  2480.68  0.4506003387655616   
  2481.18  0.45045510342112255  
  2481.68  0.4503098974072676   
  2482.18  0.4501647674406727   
  2482.68  0.4500197134662031   
  2483.18  0.4498747354287753   
  2483.68  0.4497298332733569   
  2484.18  0.4495850069449662   
  2484.68  0.4494402563886726   
  2485.18  0.44929558154959615  
  2485.68  0.4491510289005474   
  2486.18  0.44900650530714314  
  2486.68  0.44886205726663864  
  2487.18  0.4487176847243567   
  2487.68  0.448573387625671    
  2488.18  0.4484291659160053   
  2488.68  0.44828501954083405  
  2489.18  0.4481409484456821   
  2489.68  0.44799695257612443  
  2490.18  0.4478530781871341   
  2490.68  0.44770923258152356  
  2491.18  0.44756546203855146  
  2491.68  0.4474217665039937   
  2492.18  0.44727814592367604  
  2492.68  0.4471346002434744   
  2493.18  0.4469911294093145   
  2493.68  0.446847733367172    
  2494.18  0.4467044120630724   
  2494.68  0.44656116544309077  
  2495.18  0.446418039521812    
  2495.68  0.446274942084497    
  2496.18  0.44613191916984096  
  2496.68  0.44598897072411775  
  2497.18  0.4458460966936504   
  2497.68  0.44570329702481154  
  2498.18  0.44556057166402324  
  2498.68  0.4454179205577567   
  2499.18  0.44527534365253246  
  2499.68  0.4451328867480628   
  2500.18  0.44499045806084275  
  2500.68  0.4448481034145388   
  2501.18  0.4447058227558681   
  2501.68  0.44456361603159655  
  2502.18  0.4444214831885393   
  2502.68  0.44427942417355987  
  2503.18  0.4441374389335711   
  2503.68  0.44399552741553444  
  2504.18  0.44385373520567584  
  2504.68  0.44371197094893716  
  2505.18  0.44357028025534384  
  2505.68  0.44342866307205175  
  2506.18  0.4432871193462654   
  2506.68  0.44314564902523756  
  2507.18  0.4430042520562696   
  2507.68  0.442862928386711    
  2508.18  0.44272167796395956  
  2508.68  0.4425805461621305   
  2509.18  0.44243944205184754  
  2509.68  0.44229841103087136  
  2510.18  0.44215745304679244  
  2510.68  0.4420165680472492   
  2511.18  0.441875755979928    
  2511.68  0.4417350167925633   
  2512.18  0.441594350432937    
  2512.68  0.44145375684887916  
  2513.18  0.4413132359882675   
  2513.68  0.44117283299113624  
  2514.18  0.44103245739787617  
  2514.68  0.44089215437199786  
  2515.18  0.44075192386156953  
  2515.68  0.4406117658147068   
  2516.18  0.4404716801795725   
  2516.68  0.44033166690437725  
  2517.18  0.4401917259373786   
  2517.68  0.44005185722688156  
  2518.18  0.4399121057036755   
  2518.68  0.439772381328071    
  2519.18  0.4396327290541827   
  2519.68  0.4394931488305041   
  2520.18  0.43935364060557575  
  2520.68  0.4392142043279851   
  2521.18  0.43907483994636654  
  2521.68  0.4389355474094012   
  2522.18  0.4387963266658172   
  2522.68  0.43865722243849903  
  2523.18  0.43851814510498277  
  2523.68  0.43837913941132856  
  2524.18  0.4382402053064511   
  2524.68  0.43810134273931145  
  2525.18  0.43796255165891745  
  2525.68  0.4378238320143232   
  2526.18  0.43768518375462906  
  2526.68  0.4375466068289821   
  2527.18  0.4374081457536912   
  2527.68  0.43726971132084563  
  2528.18  0.43713134806978143  
  2528.68  0.4369930559498303   
  2529.18  0.43685483491036986  
  2529.69  0.4367139288481038   
  2530.19  0.43657585123381754  
  2530.69  0.4364378445474241   
  2531.19  0.436299908738486    
  2531.69  0.4361620437566114   
  2532.19  0.4360242495514544   
  2532.69  0.43588657038817774  
  2533.19  0.43574891756286144  
  2533.69  0.435611335363515    
  2534.19  0.435473823739975    
  2534.69  0.43533638264212354  
  2535.19  0.4351990120198882   
  2535.69  0.435061711823242    
  2536.19  0.4349244820022032   
  2536.69  0.43478732250683544  
  2537.19  0.4346502332872477   
  2537.69  0.43451325838239646  
  2538.19  0.43437630954229794  
  2538.69  0.43423943082859334  
  2539.19  0.4341026221915721   
  2539.69  0.4339658835815688   
  2540.19  0.4338292149489628   
  2540.69  0.4336926162441787   
  2541.19  0.43355608741768553  
  2541.69  0.4334196284199974   
  2542.19  0.43328328308785163  
  2542.69  0.43314696357706006  
  2543.19  0.4330107137469001   
  2543.69  0.4328745335480646   
  2544.19  0.43273842293129094  
  2544.69  0.43260238184736116  
  2545.19  0.43246641024710164  
  2545.69  0.4323305080813832   
  2546.19  0.43219467530112116  
  2546.69  0.4320589555421166   
  2547.19  0.43192326136339754  
  2547.69  0.4317876364231621   
  2548.19  0.4316520806725023   
  2548.69  0.4315165940625547   
  2549.19  0.43138117654449976  
  2549.69  0.43124582806956185  
  2550.19  0.43111054858900955  
  2550.69  0.4309753380541552   
  2551.19  0.4308402399011369   
  2551.69  0.43070516708964     
  2552.19  0.43057016307805723  
  2552.69  0.4304352278178762   
  2553.19  0.4303003612606284   
  2553.69  0.43016556335788864  
  2554.19  0.4300308340612758   
  2554.69  0.42989617332245195  
  2555.19  0.42976158109312296  
  2555.69  0.42962705732503786  
  2556.19  0.42949264523396596  
  2556.69  0.4293582582217942   
  2557.19  0.4292239395263896   
  2557.69  0.4290896890996748   
  2558.19  0.42895550689361556  
  2558.69  0.4288213928602208   
  2559.19  0.4286873469515426   
  2559.69  0.42855336911967606  
  2560.19  0.42841945931675945  
  2560.69  0.42828566056155193  
  2561.19  0.4281518866512646   
  2561.69  0.4280181806266148   
  2562.19  0.42788454243991225  
  2562.69  0.4277509720435098   
  2563.19  0.4276174693898027   
  2563.69  0.4274840344312292   
  2564.19  0.42735066712026987  
  2564.69  0.4272173674094482   
  2565.19  0.4270841781217545   
  2565.69  0.42695101344722924  
  2566.19  0.42681791623068227  
  2566.69  0.4266848864248068   
  2567.19  0.42655192398233865  
  2567.69  0.4264190288560559   
  2568.19  0.42628620099877895  
  2568.69  0.42615344036337033  
  2569.19  0.42602074690273484  
  2569.69  0.42588816324532497  
  2570.19  0.4257556039715361   
  2570.69  0.42562311173150275  
  2571.19  0.42549068647829785  
  2571.69  0.42535832816503655  
  2572.19  0.4252260367448759   
  2572.69  0.42509381217101483  
  2573.19  0.42496165439669387  
  2573.69  0.42482956337519573  
  2574.19  0.42469753905984453  
  2574.69  0.4245656238643707   
  2575.19  0.42443373280002084  
  2575.69  0.42430190830205566  
  2576.19  0.4241701503239659   
  2576.69  0.42403845881928376  
  2577.19  0.4239068337415831   
  2577.69  0.4237752750444789   
  2578.19  0.42364378268162795  
  2578.69  0.42351235660672776  
  2579.19  0.4233810390415378   
  2579.69  0.42324974538250043  
  2580.19  0.42311851787277     
  2580.69  0.4229873564662092   
  2581.19  0.4228562611167219   
  2581.69  0.42272523177825305  
  2582.19  0.42259426840478853  
  2582.69  0.4224633709503553   
  2583.19  0.42233253936902115  
  2583.69  0.4222018156917749   
  2584.19  0.4220711156978414   
  2584.69  0.4219404814394704   
  2585.19  0.4218099128708929   
  2585.69  0.42167940994638103  
  2586.19  0.42154897262024704  
  2586.69  0.42141860084684407  
  2587.19  0.4212882945805658   
  2587.69  0.42115805377584664  
  2588.19  0.4210279202740959   
  2588.69  0.42089781023492673  
  2589.19  0.4207677655208767   
  2589.69  0.42063778608654157  
  2590.19  0.42050787188655764  
  2590.69  0.42037802287560144  
  2591.19  0.4202482390083897   
  2591.69  0.42011852023967927  
  2592.19  0.41998886652426737  
  2592.69  0.41985927781699095  
  2593.19  0.41972979575000074  
  2593.69  0.41960033690278037  
  2594.19  0.4194709429284617   
  2594.69  0.419341613782042    
  2595.19  0.419212349418558    
  2595.69  0.41908314979308675  
  2596.19  0.4189540148607448   
  2596.69  0.4188249445766885   
  2597.19  0.41869593889611406  
  2597.69  0.41856703926407623  
  2598.19  0.41843816263545547  
  2598.69  0.41830935047615697  
  2599.19  0.41818060274153523  
  2599.69  0.4180519193869844   
  2600.19  0.4179233003679378   
  2600.69  0.4177947456398684   
  2601.19  0.41766625515828837  
  2601.69  0.4175378288787493   
  2602.19  0.4174095080603722   
  2602.69  0.4172812100310989   
  2603.19  0.41715297607077106  
  2603.69  0.4170248061350972   
  2604.19  0.4168967001798247   
  2604.69  0.4167686581607405   
  2605.19  0.41664068003366994  
  2605.69  0.4165127657544779   
  2606.19  0.41638491527906796  
  2606.69  0.41625716968178     
  2607.19  0.41612944666130053  
  2607.69  0.4160017873125614   
  2608.19  0.4158741915916216   
  2608.69  0.41574665945457884  
  2609.19  0.41561919085756943  
  2609.69  0.41549178575676865  
  2610.19  0.4153644441083901   
  2610.69  0.4152371658686859   
  2611.19  0.41510995099394704  
  2611.7   0.4149802627829194   
  2612.2   0.41485321666266883  
  2612.7   0.4147261928619992   
  2613.2   0.41459923225098777  
  2613.7   0.4144723347861182   
  2614.2   0.4143455004239124   
  2614.7   0.41421872912093044  
  2615.2   0.4140920208337706   
  2615.7   0.4139653755190695   
  2616.2   0.41383879313350164  
  2616.7   0.4137122736337797   
  2617.2   0.413585857667115    
  2617.7   0.41345946378917003  
  2618.2   0.4133331326674511   
  2618.7   0.4132068642588228   
  2619.2   0.41308065852018766  
  2619.7   0.41295451540848593  
  2620.2   0.41282843488069576  
  2620.7   0.412702416893833    
  2621.2   0.41257646140495124  
  2621.7   0.4124506088802601   
  2622.2   0.41232477823857105  
  2622.7   0.41219900996626346  
  2623.2   0.4120733040205413   
  2623.7   0.41194766035864616  
  2624.2   0.4118220789378571   
  2624.7   0.41169655971549046  
  2625.2   0.41157110264890023  
  2625.7   0.41144570769547756  
  2626.2   0.4113204151415443   
  2626.7   0.41119514426682247  
  2627.2   0.41106993537767933  
  2627.7   0.4109447884316549   
  2628.2   0.41081970338632673  
  2628.7   0.4106946801993092   
  2629.2   0.410569718828254    
  2629.7   0.41044481923084963  
  2630.2   0.41031998136482184  
  2630.7   0.4101952453377098   
  2631.2   0.41007053078792505  
  2631.7   0.4099458778429288   
  2632.2   0.40982128646059424  
  2632.7   0.40969675659883137  
  2633.2   0.409572288215587    
  2633.7   0.4094478812688445   
  2634.2   0.4093235357166242   
  2634.7   0.40919925151698283  
  2635.2   0.4090750286280138   
  2635.7   0.408950906959894    
  2636.2   0.4088268065469969   
  2636.7   0.40870276731928507  
  2637.2   0.4085787892349981   
  2637.7   0.4084548722524118   
  2638.2   0.4083310163298384   
  2638.7   0.40820722142562654  
  2639.2   0.4080834874981611   
  2639.7   0.4079598145058632   
  2640.2   0.40783624218243164  
  2640.7   0.40771269091629825  
  2641.2   0.40758920046082625  
  2641.7   0.40746577077458146  
  2642.2   0.40734240181616577  
  2642.7   0.407219093544217    
  2643.2   0.40709584591740905  
  2643.7   0.40697265889445167  
  2644.2   0.4068495324340907   
  2644.7   0.40672650609462546  
  2645.2   0.4066035006163787   
  2645.7   0.40648055557719376  
  2646.2   0.4063576709359598   
  2646.7   0.40623484665160137  
  2647.2   0.406112082683079    
  2647.7   0.4059893789893887   
  2648.2   0.4058667355295622   
  2648.7   0.40574415226266664  
  2649.2   0.40562166857267196  
  2649.7   0.40549920554964186  
  2650.2   0.4053768025969706   
  2650.7   0.40525445967386753  
  2651.2   0.405132176739577    
  2651.7   0.40500995375337906  
  2652.2   0.4048877906745888   
  2652.7   0.40476568746255676  
  2653.2   0.4046436440766687   
  2653.7   0.4045216604763454   
  2654.2   0.4043997758531016   
  2654.7   0.4042779116831017   
  2655.2   0.4041561071771532   
  2655.7   0.4040343622948176   
  2656.2   0.403912676995691    
  2656.7   0.4037910512394049   
  2657.2   0.4036694849856255   
  2657.7   0.4035479781940539   
  2658.2   0.4034265308244263   
  2658.7   0.4033051818961594   
  2659.2   0.4031838532306742   
  2659.7   0.40306258386656274  
  2660.2   0.4029413737637003   
  2660.7   0.40282022288199654  
  2661.2   0.402699131181396    
  2661.7   0.40257809862187777  
  2662.2   0.40245712516345544  
  2662.7   0.4023362107661773   
  2663.2   0.4022153942784067   
  2663.7   0.40209459786472235  
  2664.2   0.40197386039254646  
  2664.7   0.4018531818220649   
  2665.2   0.40173256211349806  
  2665.7   0.40161200122710056  
  2666.2   0.4014914991231614   
  2666.7   0.4013710557620037   
  2667.2   0.4012506711039848   
  2667.7   0.4011303838274512   
  2668.2   0.40101011643805706  
  2668.7   0.4008899076330916   
  2669.2   0.40076975737304876  
  2669.7   0.4006496656184565   
  2670.2   0.40052963232987665  
  2670.7   0.4004096574679052   
  2671.2   0.4002897409931718   
  2671.7   0.4001698828663403   
  2672.2   0.4000500830481083   
  2672.7   0.399930380029119    
  2673.2   0.3998106966915784   
  2673.7   0.3996910715449453   
  2674.2   0.3995715045500523   
  2674.7   0.39945199566776574  
  2675.2   0.3993325448589855   
  2675.7   0.3992131520846452   
  2676.2   0.39909381730571186  
  2676.7   0.39897454048318626  
  2677.2   0.39885535993985627  
  2677.7   0.39873619889465994  
  2678.2   0.39861709568908665  
  2678.7   0.39849805028427093  
  2679.2   0.3983790626413806   
  2679.7   0.39826013272161687  
  2680.2   0.3981412604862141   
  2680.7   0.39802244589644004  
  2681.2   0.3979036889135956   
  2681.7   0.39778502769362467  
  2682.2   0.39766638579016517  
  2682.7   0.3975478013777494   
  2683.2   0.39742927441781106  
  2683.7   0.3973108048718166   
  2684.2   0.39719239270126544  
  2684.7   0.39707403786769024  
  2685.2   0.3969557403326565   
  2685.7   0.3968375000577626   
  2686.2   0.39671935503311223  
  2686.7   0.396601229145026    
  2687.2   0.3964831604020842   
  2687.7   0.39636514876601653  
  2688.2   0.39624719419858534  
  2688.7   0.396129296661586    
  2689.2   0.3960114561168461   
  2689.7   0.3958936725262262   
  2690.2   0.3957759458516194   
  2690.7   0.3956582760549513   
  2691.2   0.3955407009432263   
  2691.7   0.3954231447700669   
  2692.2   0.39530564536083035  
  2692.7   0.3951882026775724   
  2693.21  0.3950684748284669   
  2693.71  0.39495114661352815  
  2694.21  0.3948338750101741   
  2694.71  0.3947166599805903   
  2695.21  0.39459950148699474  
  2695.71  0.3944823994916376   
  2696.21  0.3943653539568011   
  2696.71  0.3942484024891263   
  2697.21  0.39413146974416524  
  2697.71  0.39401459334677685  
  2698.21  0.39389777325937203  
  2698.71  0.39378100944439365  
  2699.21  0.3936643018643165   
  2699.71  0.39354765048164736  
  2700.21  0.39343109277651894  
  2700.71  0.3933145161587202   
  2701.21  0.39319807062512685  
  2701.71  0.39308160617630494  
  2702.21  0.39296527266483205  
  2702.71  0.3928489202356034   
  2703.21  0.3927326985970908   
  2703.71  0.3926165328212231   
  2704.21  0.3925003481238672   
  2704.71  0.3923842939977186   
  2705.21  0.39226822094763186  
  2705.71  0.3921522783226755   
  2706.21  0.3920363167713615   
  2706.71  0.3919204854993225   
  2707.21  0.39180463529853715  
  2707.71  0.39168891523139265  
  2708.21  0.39157325069339327  
  2708.71  0.391457567223122    
  2709.21  0.3913420136684777   
  2709.71  0.3912264411792488   
  2710.21  0.39111099846056396  
  2710.71  0.3909955368050121   
  2711.21  0.3908802047751413   
  2711.71  0.39076485380615117  
  2712.21  0.39064963231819827  
  2712.71  0.39053446602843067  
  2713.21  0.390419280796222    
  2713.71  0.39030422482851873  
  2714.21  0.390189149916197    
  2714.71  0.39007420412428356  
  2715.21  0.3899592393856042   
  2715.71  0.38984440362345374  
  2716.21  0.3897295489124197   
  2716.71  0.38961482303425277  
  2717.21  0.3895001520258275   
  2717.71  0.3893854620653978   
  2718.21  0.3892709007227726   
  2718.71  0.38915632042609904  
  2719.21  0.3890418686041101   
  2719.71  0.3889273978260583   
  2720.21  0.3888130553797873   
  2720.71  0.38869869397546813  
  2721.21  0.3885844607602416   
  2721.71  0.3884702085850111   
  2722.21  0.38835608445640013  
  2722.71  0.3882420147994806   
  2723.21  0.3881279261796778   
  2723.71  0.38801396539321076  
  2724.21  0.38789998564197703  
  2724.71  0.3877861335821423   
  2725.21  0.38767226255568643  
  2725.71  0.38755851907890665  
  2726.21  0.38744475663367983  
  2726.71  0.38733112159661964  
  2727.21  0.38721754070831627  
  2727.71  0.3871039408488813   
  2728.21  0.3869904681857706   
  2728.71  0.386876976549774    
  2729.21  0.38676361196912395  
  2729.71  0.38665022841386226  
  2730.21  0.38653697177318125  
  2730.71  0.38642369615619115  
  2731.21  0.38631054731322756  
  2731.71  0.3861974522985284   
  2732.21  0.3860843383050273   
  2732.71  0.38597135087513973  
  2733.21  0.38585834446482314  
  2733.71  0.3857454644780932   
  2734.21  0.38563256550933533  
  2734.71  0.38551979282434723  
  2735.21  0.38540700115576026  
  2735.71  0.385294335631336    
  2736.21  0.38518172361710384  
  2736.71  0.38506909261696876  
  2737.21  0.3849565875520008   
  2737.71  0.3848440634996285   
  2738.21  0.384731665243339    
  2738.71  0.3846192479981713   
  2739.21  0.3845069564102105   
  2739.71  0.3843946458319253   
  2740.21  0.38428246077217904  
  2740.71  0.38417032890694996  
  2741.21  0.3840581780492787   
  2741.71  0.38394615250255604  
  2742.21  0.38383410796201334  
  2742.71  0.3837221885942697   
  2743.21  0.3836102502313554   
  2743.71  0.38349843690329727  
  2744.21  0.383386604578745    
  2744.71  0.38327489715131224  
  2745.21  0.38316324260509754  
  2745.71  0.3830515690604545   
  2746.21  0.38294002020673396  
  2746.71  0.3828284523533292   
  2747.21  0.38271700905362405  
  2747.71  0.3826055467530056   
  2748.21  0.38249420886906904  
  2748.71  0.38238285198301675  
  2749.21  0.38227161937683307  
  2749.71  0.38216043934092225  
  2750.21  0.3820492403011423   
  2750.71  0.38193816533641556  
  2751.21  0.3818270713666839   
  2751.71  0.38171610133570183  
  2752.21  0.3816051122986053   
  2752.71  0.3814942470641578   
  2753.21  0.38138336282251284  
  2753.71  0.3812726022476193   
  2754.21  0.38116189393438576  
  2754.71  0.38105116661237964  
  2755.21  0.38094056275367955  
  2755.71  0.3808299398851893   
  2756.21  0.3807194403446127   
  2756.71  0.3806089217932545   
  2757.21  0.380498526434619    
  2757.71  0.38038811206423645  
  2758.21  0.3802778207515867   
  2758.71  0.3801675813942956   
  2759.21  0.38005732302385786  
  2759.71  0.37994718750906614  
  2760.21  0.379837032980227    
  2760.71  0.37972700117254515  
  2761.21  0.3796169503499406   
  2761.71  0.3795070221142044   
  2762.21  0.3793970748626959   
  2762.71  0.37928725006396624  
  2763.21  0.37917740624864016  
  2763.71  0.3790676847522024   
  2764.21  0.37895801483986025  
  2764.71  0.37884832590973333  
  2765.21  0.3787387590980528   
  2765.71  0.37862917326782697  
  2766.21  0.37851970942265295  
  2766.71  0.37841022655819817  
  2767.21  0.37830086554559844  
  2767.71  0.37819148551300763  
  2768.21  0.37808222719927237  
  2768.71  0.3779730201683921   
  2769.21  0.3778637941165025   
  2769.71  0.3777546895843599   
  2770.21  0.3776455660305602   
  2770.71  0.3775365638639998   
  2771.21  0.37742754267515943  
  2771.71  0.3773186427412468   
  2772.21  0.3772097237844561   
  2772.71  0.3771009259504773   
  2773.21  0.3769921791003571   
  2773.71  0.376883413226508    
  2774.21  0.37677476827768447  
  2774.72  0.3766639371372628   
  2775.22  0.3765553949723046   
  2775.72  0.3764468337825639   
  2776.22  0.37633839325347646  
  2776.72  0.37622993369911917  
  2777.22  0.37612159467417766  
  2777.72  0.37601323662350317  
  2778.22  0.37590499897120044  
  2778.72  0.3757968119396776   
  2779.22  0.3756886058817729   
  2779.72  0.37558052002605746  
  2780.22  0.3754724151435576   
  2780.72  0.3753644303326859   
  2781.22  0.3752564264946513   
  2781.72  0.37514854259787594  
  2782.22  0.37504063967358325  
  2782.72  0.3749328565603733   
  2783.22  0.3748251237738664   
  2783.72  0.37471737195935517  
  2784.22  0.37460973976104206  
  2784.72  0.3745020885344298   
  2785.22  0.3743945567943177   
  2785.72  0.37428700602563525  
  2786.22  0.3741795746139459   
  2786.72  0.3740721241734387   
  2787.22  0.373964792960608    
  2787.72  0.3738575117825831   
  2788.22  0.3737502115754131   
  2788.72  0.37364303040232205  
  2789.22  0.3735358301998972   
  2789.72  0.37342874890270955  
  2790.22  0.37332164857602257  
  2790.72  0.3732146670259202   
  2791.22  0.37310766644617643  
  2791.72  0.37300078451455354  
  2792.22  0.372893952327999    
  2792.72  0.37278710111163327  
  2793.22  0.3726803683510672   
  2793.72  0.37257361656060584  
  2794.22  0.37246698309795123  
  2794.72  0.37236033060534     
  2795.22  0.37225379631273064  
  2795.72  0.3721472429901263   
  2796.22  0.372040807739906    
  2796.72  0.37193442194715676  
  2797.22  0.37182801712439795  
  2797.72  0.37172173018296767  
  2798.22  0.3716154242115466   
  2798.72  0.37150923599430313  
  2799.22  0.37140302874711023  
  2799.72  0.37129693912713035  
  2800.22  0.3711908304772651   
  2800.72  0.371084839327834    
  2801.22  0.3709788291486039   
  2801.72  0.37087293634321467  
  2802.22  0.3707670926466654   
  2802.72  0.37066122992048905  
  2803.22  0.37055548437863084  
  2803.72  0.3704497198072881   
  2804.22  0.3703440722941323   
  2804.72  0.3702384057516568   
  2805.22  0.3701328561414214   
  2805.72  0.3700272875020533   
  2806.22  0.3699218356691623   
  2806.72  0.36981643266220204  
  2807.22  0.369711010626431    
  2807.72  0.36960570520885705  
  2808.22  0.3695003807627146   
  2808.72  0.36939517280946454  
  2809.22  0.3692899458279101   
  2809.72  0.3691848352141263   
  2810.22  0.36907970557232417  
  2810.72  0.3689746921733534   
  2811.22  0.36886972731948325  
  2811.72  0.36876474343806454  
  2812.22  0.3686598756124295   
  2812.72  0.3685549887595862   
  2813.22  0.3684502178380418   
  2813.72  0.36834542788965113  
  2814.22  0.36824075374825593  
  2814.72  0.368136060580398    
  2815.22  0.3680314830954129   
  2815.72  0.3679269538767591   
  2816.22  0.36782240563225815  
  2816.72  0.3677179728848046   
  2817.22  0.367613521111941    
  2817.72  0.36750918471245303  
  2818.22  0.36740482928801343  
  2818.72  0.36730058911345764  
  2819.22  0.36719632991442974  
  2819.72  0.3670921858419731   
  2820.22  0.3669880897591208   
  2820.72  0.3668839746525554   
  2821.22  0.36677997448794813  
  2821.72  0.36667595530016023  
  2822.22  0.3665720509314651   
  2822.72  0.3664681275401428   
  2823.22  0.3663643188452263   
  2823.72  0.36626049112825676  
  2824.22  0.3661567779851841   
  2824.72  0.36605311255701256  
  2825.22  0.3659494281076885   
  2825.72  0.36584585804885034  
  2826.22  0.3657422689694859   
  2826.72  0.3656387941585419   
  2827.22  0.3655353003277185   
  2827.72  0.36543192064342683  
  2828.22  0.3653285219399235   
  2828.72  0.3652252372612396   
  2829.22  0.3651220000247599   
  2829.72  0.3650187437701083   
  2830.22  0.3649156013580576   
  2830.72  0.3648124399285539   
  2831.22  0.36470939222037885  
  2831.72  0.3646063254954898   
  2832.22  0.3645033723708326   
  2832.72  0.36440040023022086  
  2833.22  0.3642975415689192   
  2833.72  0.36419473007911285  
  2834.22  0.36409189957452903  
  2834.72  0.3639891823682194   
  2835.22  0.36388644614794224  
  2835.72  0.3637838231054537   
  2836.22  0.36368118104982755  
  2836.72  0.36357865205167855  
  2837.22  0.36347610404124187  
  2837.72  0.36337366896814444  
  2838.22  0.3632712148836293   
  2838.72  0.3631688736164887   
  2839.22  0.3630665791926496   
  2839.72  0.3629642657587348   
  2840.22  0.3628620649625912   
  2840.72  0.36275984515729137  
  2841.22  0.3626577378702301   
  2841.72  0.36255561157495175  
  2842.22  0.36245359767855156  
  2842.72  0.3623515647748931   
  2843.22  0.3622496441509244   
  2843.72  0.3621477701039039   
  2844.22  0.3620458770510998   
  2844.72  0.3619440960995435   
  2845.22  0.36184229614321123  
  2845.72  0.3617406081693666   
  2846.22  0.361638901191773    
  2846.72  0.36153730607807794  
  2847.22  0.3614356919616802   
  2847.72  0.36133418959076213  
  2848.22  0.36123273353237134  
  2848.72  0.3611312584728835   
  2849.22  0.3610298949815854   
  2849.72  0.3609285124902845   
  2850.22  0.36082724144917966  
  2850.72  0.3607259514091856   
  2851.22  0.36062477270156335  
  2851.72  0.3605235749961845   
  2852.22  0.3604224885055221   
  2852.72  0.36032144806488103  
  2853.22  0.3602203886282177   
  2853.72  0.36011944023012343  
  2854.22  0.360018472837187    
  2854.72  0.35991761636558595  
  2855.22  0.3598167409003414   
  2855.72  0.35971597623936663  
  2856.23  0.3596131825680622   
  2856.73  0.3595125105163349   
  2857.23  0.3594118194734305   
  2857.73  0.3593112390000039   
  2858.23  0.35921070425775725  
  2858.73  0.35911015052622275  
  2859.23  0.35900970718940517  
  2859.73  0.35890924486458275  
  2860.23  0.3588088928181659   
  2860.73  0.3587085217850456   
  2861.23  0.35860826091418585  
  2861.73  0.35850798105794257  
  2862.23  0.35840781124798105  
  2862.73  0.3583076869108934   
  2863.23  0.35820754359043605  
  2863.73  0.35810751014262177  
  2864.23  0.35800745771280346  
  2864.73  0.3579075150400633   
  2865.23  0.35780755338670295  
  2865.73  0.35770770137502106  
  2866.23  0.357607830384121    
  2866.73  0.35750806891966413  
  2867.23  0.3574083526716365   
  2867.73  0.35730861744652725  
  2868.23  0.3572089915753357   
  2868.73  0.35710934672850975  
  2869.23  0.35700981112077695  
  2869.73  0.35691025653887487  
  2870.23  0.3568108110814052   
  2870.73  0.35671134665124926  
  2871.23  0.3566119912310285   
  2871.73  0.3565126807726372   
  2872.23  0.35641335134381696  
  2872.73  0.35631413075351037  
  2873.23  0.3562148911943022   
  2873.73  0.3561157603595178   
  2874.23  0.3560166105573769   
  2874.73  0.3559175693657322   
  2875.23  0.35581850920829355  
  2875.73  0.35571955754758583  
  2876.23  0.3556206505959367   
  2876.73  0.35552172468087023  
  2877.23  0.3554229070922082   
  2877.73  0.3553240705417351   
  2878.23  0.35522534220430524  
  2878.73  0.355126594906688    
  2879.23  0.3550279557089139   
  2879.73  0.35492929755259345  
  2880.23  0.3548307473830767   
  2880.73  0.35473217825667214  
  2881.23  0.35463371700419233  
  2881.73  0.3545353001542876   
  2882.23  0.35443686435001454  
  2882.73  0.3543385362506666   
  2883.23  0.35424018919865174  
  2883.73  0.3541419497390832   
  2884.23  0.35404369132856617  
  2884.73  0.3539455403981762   
  2885.23  0.35384737051857323  
  2885.73  0.3537493080069373   
  2886.23  0.353651289649113    
  2886.73  0.35355325234471036  
  2887.23  0.3534553222403508   
  2887.73  0.3533573731911906   
  2888.23  0.35325953123031045  
  2888.73  0.35316167032642415  
  2889.23  0.35306391639921314  
  2889.73  0.35296614353080724  
  2890.23  0.35286847752762984  
  2890.73  0.35277085543127873  
  2891.23  0.35267321439648064  
  2891.73  0.35257568006005424  
  2892.23  0.35247812678703383  
  2892.73  0.35238068010133206  
  2893.23  0.3522832144809058   
  2893.73  0.35218585533690194  
  2894.23  0.3520884772600597   
  2894.73  0.3519912055489004   
  2895.23  0.3518939774993447   
  2895.73  0.35179673051981003  
  2896.23  0.35169958974016025  
  2896.73  0.35160243003245867  
  2897.23  0.3515053764142932   
  2897.73  0.3514083038700191   
  2898.23  0.351311337305088    
  2898.73  0.351214351816008    
  2899.23  0.3511174721962333   
  2899.73  0.35102063599458666  
  2900.23  0.35092378087176057  
  2900.73  0.35082703145349187  
  2901.23  0.3507302631160438   
  2901.73  0.3506336003735028   
  2902.23  0.3505369187137985   
  2902.73  0.3504403425395056   
  2903.23  0.3503437474500815   
  2903.73  0.3502472577367274   
  2904.23  0.35015081119975805  
  2904.73  0.3500543457507352   
  2905.23  0.3499579855140762   
  2905.73  0.34986160636743546  
  2906.23  0.34976533232420154  
  2906.73  0.3496690393730737   
  2907.23  0.34957285141654865  
  2907.73  0.3494766445542331   
  2908.23  0.34938054257786966  
  2908.73  0.34928448353786495  
  2909.23  0.34918840559525394  
  2909.73  0.3490924323759225   
  2910.23  0.3489964402561274   
  2910.73  0.34890055275134235  
  2911.23  0.34880464634825176  
  2911.73  0.3487088444520538   
  2912.23  0.3486130236597241   
  2912.73  0.3485173072663212   
  2913.23  0.34842163357095346  
  2913.73  0.34832594098274305  
  2914.23  0.34823035263181246  
  2914.73  0.3481347453902515   
  2915.23  0.3480392422783829   
  2915.73  0.3479437202781116   
  2916.23  0.3478483023000961   
  2916.73  0.3477528654359209   
  2917.23  0.34765753248671544  
  2917.73  0.34756218065360833  
  2918.23  0.3474669326283356   
  2918.73  0.34737172701210195  
  2919.23  0.34727650251538184  
  2919.73  0.3471813816660911   
  2920.23  0.3470862419386098   
  2920.73  0.34699120575179687  
  2921.23  0.3468961506891045   
  2921.73  0.34680119906046886  
  2922.23  0.3467062285582797   
  2922.73  0.34661136138368487  
  2923.23  0.3465165363835363   
  2923.73  0.34642169251335087  
  2924.23  0.3463269518113621   
  2924.73  0.3462321922416999   
  2925.23  0.3461375357341435   
  2925.73  0.3460428603612917   
  2926.23  0.34594828794460325  
  2926.73  0.3458536966650122   
  2927.23  0.3457592082357898   
  2927.73  0.34566476174807637  
  2928.23  0.34557029640107684  
  2928.73  0.34547593374604785  
  2929.23  0.3453815522341623   
  2929.73  0.3452872733088214   
  2930.23  0.34519297552906814  
  2930.73  0.3450987802305806   
  2931.23  0.3450045660801394   
  2931.73  0.34491045430583195  
  2932.23  0.3448163842417375   
  2932.73  0.344722295329404    
  2933.23  0.34462830863579774  
  2933.73  0.3445343030964473   
  2934.23  0.34444039967105783  
  2934.73  0.3443464774024333   
  2935.23  0.34425265714314934  
  2935.73  0.3441588180431539   
  2936.23  0.3440650808480243   
  2936.73  0.34397138513343917  
  2937.23  0.343877670581954    
  2937.74  0.3437821895611493   
  2938.24  0.3436885587505274   
  2938.74  0.3435950295831987   
  2939.24  0.3435014815841279   
  2939.74  0.34340803512438484  
  2940.24  0.3433145698354871   
  2940.74  0.3432212059820959   
  2941.24  0.34312782330215147  
  2941.74  0.34303454195403676  
  2942.24  0.34294130180744536  
  2942.74  0.3428480428382287   
  2943.24  0.3427548850456129   
  2943.74  0.34266170843300825  
  2944.24  0.3425686328936871   
  2944.74  0.3424755385370272   
  2945.24  0.3423825451504769   
  2945.74  0.3422895329492518   
  2946.24  0.3421966216151053   
  2946.74  0.34210375125638376  
  2947.24  0.3420108620870089   
  2947.74  0.34191807363045046  
  2948.24  0.34182526636593713  
  2948.74  0.34173255971156596  
  2949.24  0.3416398342519518   
  2949.74  0.34154720929994775  
  2950.24  0.34145456554542647  
  2950.74  0.3413620221961251   
  2951.24  0.3412695195977334   
  2951.74  0.3411769982009378   
  2952.24  0.34108457705605916  
  2952.74  0.34099213711553605  
  2953.24  0.34089979732489367  
  2953.74  0.3408074387413797   
  2954.24  0.34071518020585134  
  2954.74  0.34062290288023767  
  2955.24  0.34053072550085534  
  2955.74  0.3404385886494369   
  2956.24  0.34034643301213696  
  2956.74  0.3402543771687171   
  2957.24  0.3401623025422353   
  2957.74  0.3400703276082303   
  2958.24  0.33997833389399623  
  2958.74  0.3398864397709758   
  2959.24  0.33979452687057227  
  2959.74  0.33970271346025893  
  2960.24  0.3396108812754216   
  2960.74  0.3395191484796908   
  2961.24  0.33942745594154466  
  2961.74  0.3393357446331871   
  2962.24  0.33924413256273767  
  2962.74  0.3391525017249685   
  2963.24  0.33906097002447133  
  2963.74  0.3389694195595592   
  2964.24  0.33887796813142157  
  2964.74  0.3387864979417866   
  2965.24  0.33869512668856727  
  2965.74  0.3386037954734271   
  2966.24  0.3385124455011897   
  2966.74  0.3384211943151046   
  2967.24  0.338329924374872    
  2967.74  0.33823875312077784  
  2968.24  0.33814756311549865  
  2968.74  0.33805647169648156  
  2969.24  0.33796536152925477  
  2969.74  0.3378743498485511   
  2970.24  0.3377833779879481   
  2970.74  0.3376923873836215   
  2971.24  0.3376014951164827   
  2971.74  0.3375105841086271   
  2972.24  0.33741977133856277  
  2972.74  0.3373289398308011   
  2973.24  0.3372382064615706   
  2973.74  0.33714745435767474  
  2974.24  0.3370568002931862   
  2974.74  0.3369661858323339   
  2975.24  0.3368755526413871   
  2975.74  0.33678501734143296  
  2976.24  0.33669446331444736  
  2976.74  0.3366040070796705   
  2977.24  0.3365135321209375   
  2977.74  0.33642315485576463  
  2978.24  0.33633275886972347  
  2978.74  0.33624246047872913  
  2979.24  0.3361522014764078   
  2979.74  0.33606192375787236  
  2980.24  0.3359717434868825   
  2980.74  0.33588154450279706  
  2981.24  0.3357914428680808   
  2981.74  0.33570132252339957  
  2982.24  0.33561129943004575  
  2982.74  0.33552125762986956  
  2983.24  0.33543131298311313  
  2983.74  0.33534140751155533  
  2984.24  0.3352514833379112   
  2984.74  0.33516165617109234  
  2985.24  0.33507181030535993  
  2985.74  0.33498206134887965  
  2986.24  0.3348922936966707   
  2986.74  0.334802622856274    
  2987.24  0.3347129333233454   
  2987.74  0.3346233405049224   
  2988.24  0.33453378664969946  
  2988.74  0.3344442141067617   
  2989.24  0.3343547381326342   
  2989.74  0.33426524347401815  
  2990.24  0.33417584528723776  
  2990.74  0.3340864284192069   
  2991.24  0.3339971079261693   
  2991.74  0.3339077687551312   
  2992.24  0.3338185258623761   
  2992.74  0.33372932172228653  
  2993.24  0.3336400989090927   
  2993.74  0.33355097222937924  
  2994.24  0.3334618268798406   
  2994.74  0.3333727775674014   
  2995.24  0.33328370958842785  
  2995.74  0.33319473755030393  
  2996.24  0.333105746848948    
  2996.74  0.3330168519923233   
  2997.24  0.33292793847578017  
  2997.74  0.3328391207079807   
  2998.24  0.3327503414374949   
  2998.74  0.33266154351208227  
  2999.24  0.3325728411916922   
  2999.74  0.33248412021971785  
  3000.24  0.3323954947571046   
  3000.74  0.33230685064626075  
  3001.24  0.3322183019492468   
  3001.74  0.3321297346073673   
  3002.24  0.33204126258391625  
  3002.74  0.33195282885045313  
  3003.24  0.33186437647719264  
  3003.74  0.3317760192795169   
  3004.24  0.3316876434454371   
  3004.74  0.33159936269186435  
  3005.24  0.33151106330529184  
  3005.74  0.33142285890427786  
  3006.24  0.3313346358736798   
  3006.74  0.3312465077338204   
  3007.24  0.33115841767804777  
  3007.74  0.3310703089978345   
  3008.24  0.330982295066387    
  3008.74  0.33089426251394216  
  3009.24  0.3308063246157644   
  3009.74  0.3307183681000437   
  3010.24  0.3306305061442197   
  3010.74  0.330542625574318    
  3011.24  0.33045483947007065  
  3011.74  0.33036709124542135  
  3012.24  0.3302793244119121   
  3012.74  0.33019165190294786  
  3013.24  0.33010396078861615  
  3013.74  0.33001636390490574  
  3014.24  0.3299287484193311   
  3014.74  0.32984122707058133  
  3015.24  0.3297536871234814   
  3015.74  0.3296662412195366   
  3016.24  0.3295788329921023   
  3016.74  0.32949140617160855  
  3017.24  0.32940407325401805  
  3017.74  0.329316721746909    
  3018.24  0.3292294640493499   
  3018.74  0.3291421877658237   
  3019.25  0.32905326529758566  
  3019.75  0.32896606489717256  
  3020.25  0.32887895811905266  
  3020.75  0.32879183276213636  
  3021.25  0.3287048009345391   
  3021.75  0.328617806536673    
  3022.25  0.3285307935653888   
  3022.75  0.32844387398421254  
  3023.25  0.32835693583321734  
  3023.75  0.3282700909796693   
  3024.25  0.3281832275599118   
  3024.75  0.32809645734506565  
  3025.25  0.32800966856762986  
  3025.75  0.32792297290269434  
  3026.25  0.32783631446747685  
  3026.75  0.32774963747511854  
  3027.25  0.3276630534568921   
  3027.75  0.3275764508851707   
  3028.25  0.327489941195481    
  3028.75  0.32740341295595243  
  3029.25  0.32731697750647953  
  3029.75  0.3272305235108339   
  3030.25  0.3271441622133918   
  3030.75  0.3270578379470183   
  3031.25  0.32697149513998996  
  3031.75  0.3268852448936332   
  3032.25  0.3267989761103132   
  3032.75  0.3267127997961213   
  3033.25  0.3266266049486679   
  3033.75  0.326540502478922    
  3034.25  0.3264543814796266   
  3034.75  0.32636835276674087  
  3035.25  0.32628236088762674  
  3035.75  0.3261963504845489   
  3036.25  0.326110432231179    
  3036.75  0.32602449545758233  
  3037.25  0.3259386507427023   
  3037.75  0.325852787511342    
  3038.25  0.3257670162478291   
  3038.75  0.3256812264715928   
  3039.25  0.3255955285724566   
  3039.75  0.32550981216436337  
  3040.25  0.32542418754274477  
  3040.75  0.32533859951557553  
  3041.25  0.32525299298511684  
  3041.75  0.32516747810543684  
  3042.25  0.32508194472625834  
  3042.75  0.3249965029075364   
  3043.25  0.3249110425931168   
  3043.75  0.3248256737489527   
  3044.25  0.32474028641290126  
  3044.75  0.32465499045702506  
  3045.25  0.3245697309012665   
  3045.75  0.32448445285935384  
  3046.25  0.3243992660627365   
  3046.75  0.3243140607837995   
  3047.25  0.3242289466603788   
  3047.75  0.32414381405848247  
  3048.25  0.3240587725224434   
  3048.75  0.3239737125117823   
  3049.25  0.3238887434774394   
  3049.75  0.32380381065019925  
  3050.25  0.3237188593541345   
  3050.75  0.32363399890031813  
  3051.25  0.32354911998155456  
  3051.75  0.3234643318157991   
  3052.25  0.323379525188983    
  3052.75  0.323294809226054    
  3053.25  0.3232100748059605   
  3053.75  0.323125430960752    
  3054.25  0.3230408231309371   
  3054.75  0.32295619684981863  
  3055.25  0.3228716610103191   
  3055.75  0.3227871067234354   
  3056.25  0.32270264278946514  
  3056.75  0.3226181604120393   
  3057.25  0.3225337682989398   
  3057.75  0.32244935774632244  
  3058.25  0.32236503736956257  
  3058.75  0.3222807528177821   
  3059.25  0.3221964498324072   
  3059.75  0.32211223689042123  
  3060.25  0.3220280055188014   
  3060.75  0.321943864102396    
  3061.25  0.32185970426032645  
  3061.75  0.32177563428541406  
  3062.25  0.3216915458888164   
  3062.75  0.32160754727143587  
  3063.25  0.3215235842899053   
  3063.75  0.32143960289267404  
  3064.25  0.3213557111429833   
  3064.75  0.3212718009815932   
  3065.25  0.32118798038009577  
  3065.75  0.3211041413709092   
  3066.25  0.3210203918340839   
  3066.75  0.3209366238935888   
  3067.25  0.32085294533803993  
  3067.75  0.32076930223048544  
  3068.25  0.32068564072530586  
  3068.75  0.32060206847418177  
  3069.25  0.3205184778294739   
  3069.75  0.32043497635169643  
  3070.25  0.32035145648438523  
  3070.75  0.3202680256969951   
  3071.25  0.3201845765241301   
  3071.75  0.3201012163442922   
  3072.25  0.32001789142585657  
  3072.75  0.31993454812805017  
  3073.25  0.3198512936931599   
  3073.75  0.31976802088297945  
  3074.25  0.3196848368491089   
  3074.75  0.3196016344440374   
  3075.25  0.3195185207287845   
  3075.75  0.31943538864642845  
  3076.25  0.3193523451675142   
  3076.75  0.3192692833256033   
  3077.25  0.31918631000087183  
  3077.75  0.319103371711185    
  3078.25  0.3190204150646766   
  3078.75  0.3189375468061819   
  3079.25  0.3188546601949933   
  3079.75  0.3187718618858411   
  3080.25  0.31868904522813124  
  3080.75  0.31860631678659435  
  3081.25  0.3185235700006443   
  3081.75  0.31844091134511726  
  3082.25  0.3183582875408139   
  3082.75  0.3182756453983294   
  3083.25  0.31819309125786926  
  3083.75  0.3181105187833936   
  3084.25  0.31802803422547515  
  3084.75  0.3179455313377151   
  3085.25  0.3178631162811583   
  3085.75  0.31778068289894196  
  3086.25  0.3176983372626876   
  3086.75  0.31761602629506636  
  3087.25  0.31753369700807355  
  3087.75  0.3174514553394052   
  3088.25  0.3173691953555681   
  3088.75  0.317287022905095    
  3089.25  0.3172048321436639   
  3089.75  0.3171227288307484   
  3090.25  0.31704060721109395  
  3090.75  0.31695857295521856  
  3091.25  0.31687657318660645  
  3091.75  0.3167945551175984   
  3092.25  0.31671262428548747  
  3092.75  0.31663067515722     
  3093.25  0.3165488131813918   
  3093.75  0.3164669329136543   
  3094.25  0.31638513971400956  
  3094.75  0.31630332822671076  
  3095.25  0.3162216037232693   
  3095.75  0.31613991352693177  
  3096.25  0.3160582050493373   
  3096.75  0.31597658342946816  
  3097.25  0.31589494353261716  
  3097.75  0.31581339040953266  
  3098.25  0.31573181901374947  
  3098.75  0.3156503343078843   
  3099.25  0.3155688313336113   
  3099.75  0.3154874149655182   
  3100.25  0.31540603272557055  
  3100.75  0.3153246322236653   
  3101.26  0.31524169541057184  
  3101.76  0.3151603638121071   
  3102.26  0.31507911861013893  
  3102.76  0.3149978551548847   
  3103.26  0.3149166780127743   
  3103.76  0.31483548262170374  
  3104.26  0.3147543734605335   
  3104.76  0.3146732460547368   
  3105.26  0.314592204795706    
  3105.76  0.31451119744731654  
  3106.26  0.31443017186081484  
  3106.76  0.3143492322965953   
  3107.26  0.3142682744986162   
  3107.76  0.3141874026400571   
  3108.26  0.31410651255209887  
  3108.76  0.31402570832080706  
  3109.26  0.31394488586448394  
  3109.76  0.3138641491821821   
  3110.26  0.3137834462341995   
  3110.76  0.31370272506775093  
  3111.26  0.31362208955157195  
  3111.76  0.31354143582131355  
  3112.26  0.31346086765894976  
  3112.76  0.3133802812869006   
  3113.26  0.3132997804004789   
  3113.76  0.31321926130877337  
  3114.26  0.3131388276205356   
  3114.76  0.31305842749146484  
  3115.26  0.3129780091637257   
  3115.76  0.3128976761164293   
  3116.26  0.3128173248748845   
  3116.76  0.3127370588318911   
  3117.26  0.3126567745990764   
  3117.76  0.3125765754830286   
  3118.26  0.3124963581815941   
  3118.76  0.3124162259152487   
  3119.26  0.3123360754679585   
  3119.76  0.3122560099741863   
  3120.26  0.3121759778270796   
  3120.76  0.31209592750570364  
  3121.26  0.31201596201570164  
  3121.76  0.31193597835589026  
  3122.26  0.31185607944614746  
  3122.76  0.3117761623710623   
  3123.26  0.31169632996484625  
  3123.76  0.3116164793977621   
  3124.26  0.31153671341845357  
  3124.76  0.31145698061322424  
  3125.26  0.31137722965385045  
  3125.76  0.3112975631608231   
  3126.26  0.31121787851814325  
  3126.76  0.31113827826098006  
  3127.26  0.3110586598586632   
  3127.76  0.3109791257611386   
  3128.26  0.3108995735229662   
  3128.76  0.31082010550896655  
  3129.26  0.31074067049759935  
  3129.76  0.3106612173523555   
  3130.26  0.3105818483105648   
  3130.76  0.31050246113942076  
  3131.26  0.31042315799137216  
  3131.76  0.31034383671850047  
  3132.26  0.31026459938847106  
  3132.76  0.31018534393815556  
  3133.26  0.31010617235053345  
  3133.76  0.3100270335952277   
  3134.26  0.3099478767264536   
  3134.76  0.30986880360035757  
  3135.26  0.30978971236534725  
  3135.76  0.3097107047931261   
  3136.26  0.30963167911655165  
  3136.76  0.30955273702298103  
  3137.26  0.30947377682962474  
  3137.76  0.30939490013959053  
  3138.26  0.30931605611267804  
  3138.76  0.3092371939928432   
  3139.26  0.30915841525701443  
  3139.76  0.3090796184328477   
  3140.26  0.3090009049132632   
  3140.76  0.30892217330993194  
  3141.26  0.30884352493186196  
  3141.76  0.3087648584746431   
  3142.26  0.30868627516346736  
  3142.76  0.30860772434733125  
  3143.26  0.3085291554589543   
  3143.76  0.3084506695979986   
  3144.26  0.3083721656694162   
  3144.76  0.30829374468929305  
  3145.26  0.308215305646164    
  3145.76  0.30813694947263437  
  3146.26  0.308058575240726    
  3146.76  0.3079802837996593   
  3147.26  0.30790202468665373  
  3147.76  0.3078237475222217   
  3148.26  0.3077455530306981   
  3148.76  0.30766734049239153  
  3149.26  0.3075892105484899   
  3149.76  0.3075110625624551   
  3150.26  0.30743299709242305  
  3150.76  0.30735491358491396  
  3151.26  0.30727691251510686  
  3151.76  0.3071989436074771   
  3152.26  0.30712095666936595  
  3152.76  0.30704305205170734  
  3153.26  0.30696512940823933  
  3153.76  0.3068872890071756   
  3154.26  0.3068094305849807   
  3154.76  0.30673165432724225  
  3155.26  0.3066538600530573   
  3155.76  0.30657614786548154  
  3156.26  0.3064984176661502   
  3156.76  0.30642076947568103  
  3157.26  0.30634315324611533  
  3157.76  0.3062655190118413   
  3158.26  0.3061879666700093   
  3158.76  0.3061103963281753   
  3159.26  0.30603290780128667  
  3159.76  0.3059554012791086   
  3160.26  0.30587797649447884  
  3160.76  0.3058005337192783   
  3161.26  0.30572317260432874  
  3161.76  0.3056458432868007   
  3162.26  0.3055684959857905   
  3162.76  0.30549123022928415  
  3163.26  0.3054139464940294   
  3163.76  0.3053367442262295   
  3164.26  0.3052595239844211   
  3164.76  0.30518238513311746  
  3165.26  0.30510522831255144  
  3165.76  0.305028152805639    
  3166.26  0.3049511089337333   
  3166.76  0.30487404709969446  
  3167.26  0.30479706646422994  
  3167.76  0.3047200678713933   
  3168.26  0.3046431504005264   
  3168.76  0.30456621497705416  
  3169.26  0.3044893605990454   
  3169.76  0.3044124882732039   
  3170.26  0.304335696916418    
  3170.76  0.3042589370332823   
  3171.26  0.3041821592094831   
  3171.76  0.30410546224032337  
  3172.26  0.30402874733528734  
  3172.76  0.30395211320872756  
  3173.26  0.30387546115108466  
  3173.76  0.30379888979585223  
  3174.26  0.30372230051433563  
  3174.76  0.3036457918592612   
  3175.26  0.3035693145175309   
  3175.76  0.3034928192567248   
  3176.26  0.30341640450860313  
  3176.76  0.303339971846219    
  3177.26  0.3032636196207941   
  3177.76  0.3031872494859257   
  3178.26  0.30311095971238816  
  3178.76  0.3030346520342318   
  3179.26  0.3029584246418746   
  3179.76  0.3028822284035971   
  3180.26  0.3028060142679477   
  3180.76  0.30272988030499315  
  3181.26  0.3026537284495055   
  3181.76  0.30257765669142245  
  3182.26  0.30250156704565057  
  3182.77  0.3024240404821924   
  3183.27  0.30234801359543173  
  3183.77  0.3022720666550344   
  3184.27  0.3021961018367023   
  3184.77  0.30212021688973223  
  3185.27  0.3020443629032377   
  3185.77  0.3019684910461012   
  3186.27  0.3018926989480164   
  3186.77  0.3018168889841588   
  3187.27  0.3017411587045909   
  3187.77  0.30166541056412494  
  3188.27  0.3015897420332817   
  3188.77  0.3015140556464207   
  3189.27  0.3014384487946108   
  3189.77  0.3013628727463      
  3190.27  0.3012872788493011   
  3190.77  0.30121176437568603  
  3191.27  0.30113623205827655  
  3191.77  0.3010607790899165   
  3192.27  0.3009853082826611   
  3192.77  0.30090991675021556  
  3193.27  0.3008345073837791   
  3193.77  0.3007591772180074   
  3194.27  0.30068387769977406  
  3194.77  0.30060856035491546  
  3195.27  0.30053332209969286  
  3195.77  0.3004580660227626   
  3196.27  0.30038288896155885  
  3196.77  0.3003076940835703   
  3197.27  0.3002325781474927   
  3197.77  0.30015744439955855  
  3198.27  0.3000823895198138   
  3198.77  0.3000073168331457   
  3199.27  0.2999323229410391   
  3199.77  0.2998573595072184   
  3200.27  0.29978237827388315  
  3200.77  0.29970747572485473  
  3201.27  0.299632555381258    
  3201.77  0.29955771364857364  
  3202.27  0.29948285412627246  
  3202.77  0.2994080731415824   
  3203.27  0.29933327437223184  
  3203.77  0.29925855406728435  
  3204.27  0.29918386406689035  
  3204.77  0.2991091562892792   
  3205.27  0.29903452686644466  
  3205.77  0.2989598796713621   
  3206.27  0.29888531075807995  
  3206.77  0.29881072407752385  
  3207.27  0.2987362156058844   
  3207.77  0.2986616893719501   
  3208.27  0.298587241274141    
  3208.77  0.29851282332814294  
  3209.27  0.2984383876273274   
  3209.77  0.2983640299536343   
  3210.27  0.29828965453011524  
  3210.77  0.2982153570611575   
  3211.27  0.29814104184737017  
  3211.77  0.2980668045156748   
  3212.27  0.29799254944415127  
  3212.77  0.29791837218234196  
  3213.27  0.2978442249205837   
  3213.77  0.2977700599265077   
  3214.27  0.2976959726337625   
  3214.77  0.29762186761371323  
  3215.27  0.2975478402228457   
  3215.77  0.29747379510969224  
  3216.27  0.29739982755366273  
  3216.77  0.29732584228037046  
  3217.27  0.29725193449223525  
  3217.77  0.29717805655336565  
  3218.27  0.29710416090477615  
  3218.77  0.29703034263357525  
  3219.27  0.2969565066576896   
  3219.77  0.29688274798745257  
  3220.27  0.2968089716175705   
  3220.77  0.29673527248168774  
  3221.27  0.29666155565120444  
  3221.77  0.2965879159831613   
  3222.27  0.2965143060145655   
  3222.77  0.2964406783589439   
  3223.27  0.2963671277586046   
  3223.77  0.29629355947629565  
  3224.27  0.2962200681779353   
  3224.77  0.296146559202666    
  3225.27  0.2960731271401016   
  3225.77  0.2959996774056938   
  3226.27  0.2959263045128366   
  3226.77  0.2958529611705678   
  3227.27  0.2957796001640615   
  3227.77  0.29570631589255414  
  3228.27  0.29563301396188607  
  3228.77  0.29555978869528654  
  3229.27  0.29548654577460765  
  3229.77  0.2954133794471563   
  3230.27  0.2953401954707114   
  3230.77  0.29526708801674195  
  3231.27  0.29519400996545403  
  3231.77  0.29512091427280923  
  3232.27  0.2950478949966898   
  3232.77  0.29497485808431056  
  3233.27  0.29490189751792684  
  3233.77  0.29482891932038474  
  3234.27  0.29475601739839685  
  3234.77  0.29468309785035657  
  3235.27  0.2946102545075177   
  3235.77  0.2945373935437368   
  3236.27  0.2944646087148928   
  3236.77  0.2943918531092363   
  3237.27  0.2943190798903107   
  3237.77  0.29424638270110187  
  3238.27  0.2941736679037451   
  3238.77  0.2941010290660608   
  3239.27  0.29402837262535414  
  3239.77  0.2939557920743635   
  3240.27  0.29388319392548046  
  3240.77  0.29381067159644464  
  3241.27  0.2937381783447788   
  3241.77  0.29366566750292256  
  3242.27  0.2935932323762857   
  3242.77  0.29352077966459916  
  3243.27  0.29344840259848193  
  3243.77  0.29337600795245966  
  3244.27  0.2933036888824438   
  3244.77  0.29323135223767205  
  3245.27  0.2931590910994308   
  3245.77  0.2930868588936703   
  3246.27  0.29301460912088456  
  3246.77  0.2929424347505897   
  3247.27  0.29287024281842905  
  3247.77  0.29279812621950047  
  3248.27  0.2927259920638698   
  3248.77  0.292653933172299    
  3249.27  0.29258185672919385  
  3249.77  0.29250985548106295  
  3250.27  0.29243788302144497  
  3250.77  0.29236589301805116  
  3251.27  0.2922939781061759   
  3251.77  0.29222204565570287  
  3252.27  0.29215018822787825  
  3252.77  0.29207831326663786  
  3253.27  0.2920065132592618   
  3253.77  0.2919346957236561   
  3254.27  0.29186295307321636  
  3254.77  0.2917912390682357   
  3255.27  0.2917195075428112   
  3255.77  0.2916478507996769   
  3256.27  0.291576176541295    
  3256.77  0.291504576996719    
  3257.27  0.2914329599420954   
  3257.77  0.29136141753287886  
  3258.27  0.29128985761881876  
  3258.77  0.291218372281852    
  3259.27  0.29114691544819765  
  3259.77  0.2910754411175122   
  3260.27  0.29100404126162027  
  3260.77  0.29093262391391117  
  3261.27  0.2908612809728943   
  3261.77  0.2907899205452781   
  3262.27  0.2907186344563377   
  3262.77  0.29064733088601963  
  3263.27  0.2905761015864456   
  3263.77  0.29050490064893725  
  3264.28  0.29043226182463544  
  3264.78  0.29036111814796634  
  3265.28  0.2902899570030416   
  3265.78  0.2902188699587368   
  3266.28  0.2901477654514113   
  3266.78  0.2900767349770701   
  3267.28  0.290005687044947    
  3267.78  0.2899347130782565   
  3268.28  0.2898637216590268   
  3268.78  0.2897928041377619   
  3269.28  0.2897219148068292   
  3269.78  0.28965100803122706  
  3270.28  0.28958017505255623  
  3270.78  0.28950932463446793  
  3271.28  0.2894385479460523   
  3271.78  0.2893677538234748   
  3272.28  0.28929703336339496  
  3272.78  0.2892262954744124   
  3273.28  0.2891556311808358   
  3273.78  0.28908499493832207  
  3274.28  0.28901434127480063  
  3274.78  0.2889437611062141   
  3275.28  0.2888731635218883   
  3275.78  0.28880263936561346  
  3276.28  0.28873209779887127  
  3276.78  0.28866162959337893  
  3277.28  0.28859114398269475  
  3277.78  0.28852073166654213  
  3278.28  0.2884503019504768   
  3278.78  0.2883799454623072   
  3279.28  0.288309616856173    
  3279.78  0.28823927085805057  
  3280.28  0.2881689979880356   
  3280.78  0.28809870773132046  
  3281.28  0.28802849053628293  
  3281.78  0.2879582559598368   
  3282.28  0.28788809437872065  
  3282.78  0.2878179154214908   
  3283.28  0.28774780939332545  
  3283.78  0.28767773110986794  
  3284.28  0.287607635458245    
  3284.78  0.28753761263645217  
  3285.28  0.28746757245179766  
  3285.78  0.2873976050309121   
  3286.28  0.2873276202524719   
  3286.78  0.2872577081718212   
  3287.28  0.2871877787389265   
  3287.78  0.2871179219379231   
  3288.28  0.2870480927451634   
  3288.78  0.28697824620813084  
  3289.28  0.2869084722043057   
  3289.78  0.2868386808615268   
  3290.28  0.28676896198626034  
  3290.78  0.2866992257773624   
  3291.28  0.286629561970363    
  3291.78  0.28655988083505785  
  3292.28  0.28649027203611804  
  3292.78  0.286420690709814    
  3293.28  0.28635109206319814  
  3293.78  0.28628156565481     
  3294.28  0.28621202193144396  
  3294.78  0.28614255038097425  
  3295.28  0.2860730615208639   
  3295.78  0.28600364476839896  
  3296.28  0.28593421071163383  
  3296.78  0.28586484869734347  
  3297.28  0.28579551402093095  
  3297.78  0.2857261620482342   
  3298.28  0.28565688202041717  
  3298.78  0.2855875847016644   
  3299.28  0.285518359262821    
  3299.78  0.28544911653839367  
  3300.28  0.2853799456289852   
  3300.78  0.28531075743934775  
  3301.28  0.28524164099991844  
  3301.78  0.2851725517644526   
  3302.28  0.28510344525679526  
  3302.78  0.2850344104022898   
  3303.28  0.28496535828095554  
  3303.78  0.28489637774816134  
  3304.28  0.2848273799539044   
  3304.78  0.28475845368365504  
  3305.28  0.2846895101573119   
  3305.78  0.28462063809052307  
  3306.28  0.28455179309462025  
  3306.78  0.2844829308506823   
  3307.28  0.28441413996977727  
  3307.78  0.2843453318462138   
  3308.28  0.2842765950214275   
  3308.78  0.28420784095936247  
  3309.28  0.2841391581318976   
  3309.78  0.2840704580725369   
  3310.28  0.284001829183678    
  3310.78  0.2839332272334585   
  3311.28  0.2838646080594222   
  3311.78  0.28379605995989765  
  3312.28  0.28372749464194663  
  3312.78  0.2836590003346052   
  3313.28  0.28359048881423055  
  3313.78  0.28352204824064153  
  3314.28  0.2834535904594155   
  3314.78  0.2833852035612292   
  3315.28  0.28331679946080507  
  3315.78  0.2832484661797529   
  3316.28  0.28318015967682325  
  3316.78  0.28311183597975914  
  3317.28  0.28304358300672133  
  3317.78  0.2829753128449556   
  3318.28  0.2829071133437427   
  3318.78  0.2828388966592112   
  3319.28  0.2827707505718368   
  3319.78  0.28270258730655606  
  3320.28  0.28263449457511397  
  3320.78  0.2825664284913713   
  3321.28  0.28249834523784495  
  3321.78  0.2824303324233349   
  3322.28  0.28236230244446053  
  3322.78  0.2822943428414772   
  3323.28  0.2822263660795517   
  3323.78  0.2821584596304691   
  3324.28  0.28209053602786915  
  3324.78  0.28202268267514086  
  3325.28  0.28195485584049923  
  3325.78  0.281887011860482    
  3326.28  0.28181923803603354  
  3326.78  0.2817514470716413   
  3327.28  0.28168372620003823  
  3327.78  0.2816159881939261   
  3328.28  0.2815483202179001   
  3328.78  0.2814806351128022   
  3329.28  0.28141301997516394  
  3329.78  0.2813454312268042   
  3330.28  0.2812778253575329   
  3330.78  0.28121028936193415  
  3331.28  0.2811427362508678   
  3331.78  0.2810752529510379   
  3332.28  0.2810077525411871   
  3332.78  0.2809403218802126   
  3333.28  0.2808728741146666   
  3333.78  0.2808054960357126   
  3334.28  0.2807381442180275   
  3334.78  0.2806707753039489   
  3335.28  0.28060347598318786  
  3335.78  0.2805361595714893   
  3336.28  0.28046891269101315  
  3336.78  0.2804016487250579   
  3337.28  0.28033445422830544  
  3337.78  0.280267242651535    
  3338.28  0.28020010048202304  
  3338.78  0.2801329844465625   
  3339.28  0.2800658513392797   
  3339.78  0.2799987875464896   
  3340.28  0.2799317066873448   
  3340.78  0.2798646950809362   
  3341.28  0.2797976664136429   
  3341.78  0.2797307069374042   
  3342.28  0.2796637304057534   
  3342.78  0.2795968230035504   
  3343.28  0.279529941608968    
  3343.78  0.2794630431671861   
  3344.28  0.279396213762592    
  3344.78  0.27932936731627706  
  3345.28  0.27926258984572966  
  3345.79  0.2791944631515063   
  3346.29  0.27912773807647295  
  3346.79  0.2790609959707386   
  3347.29  0.27899432271754343  
  3347.79  0.27892763243913343  
  3348.29  0.2788610109520662   
  3348.79  0.2787944153188739   
  3349.29  0.2787278026686995   
  3349.79  0.2786612587182218   
  3350.29  0.27859469775625434  
  3350.79  0.27852820543297196  
  3351.29  0.27846169610369437  
  3351.79  0.2783952553521642   
  3352.29  0.2783287976001357   
  3352.79  0.27826240836499055  
  3353.29  0.2781960448590175   
  3353.79  0.27812966436079506  
  3354.29  0.27806335228830764  
  3354.79  0.27799702322907366  
  3355.29  0.27793076253489424  
  3355.79  0.2778644848594734   
  3356.29  0.2777982754885001   
  3356.79  0.27773204914179284  
  3357.29  0.2776658910389993   
  3357.79  0.27759971596598143  
  3358.29  0.27753360907641644  
  3358.79  0.27746752776465     
  3359.29  0.27740142949092705  
  3359.79  0.2773353993101124   
  3360.29  0.27726935217285675  
  3360.79  0.27720337306823073  
  3361.29  0.2771373770126814   
  3361.79  0.2770714489295557   
  3362.29  0.27700550390102646  
  3362.79  0.2769396267847877   
  3363.29  0.2768737751233424   
  3363.79  0.27680790652477655  
  3364.29  0.27674210574844654  
  3364.79  0.27667628804052136  
  3365.29  0.2766105380948796   
  3365.79  0.27654477122317017  
  3366.29  0.2764790720538641   
  3366.79  0.2764133559640199   
  3367.29  0.2763477075167709   
  3367.79  0.2762820844020654   
  3368.29  0.2762164443751194   
  3368.79  0.27615087190120097  
  3369.29  0.276085282520577    
  3369.79  0.27601976063335226  
  3370.29  0.27595422184495916  
  3370.79  0.2758887504904084   
  3371.29  0.27582326224022863  
  3371.79  0.2757578413644061   
  3372.29  0.2756924456996262   
  3372.79  0.275627033147529    
  3373.29  0.27556168788070495  
  3373.79  0.275496325732108    
  3374.29  0.2754310308094776   
  3374.79  0.2753657190106208   
  3375.29  0.275300474378495    
  3375.79  0.27523521287569125  
  3376.29  0.27517001848045436  
  3376.79  0.2751048491755028   
  3377.29  0.27503966300819893  
  3377.79  0.274974543859858    
  3378.29  0.2749094078547182   
  3378.79  0.27484433880955417  
  3379.29  0.27477925291314687  
  3379.79  0.2747142339177991   
  3380.29  0.27464919807676547  
  3380.79  0.2745842290779456   
  3381.29  0.27451928504939205  
  3381.79  0.2744543241834917   
  3382.29  0.2743894300716782   
  3382.79  0.2743245191280803   
  3383.29  0.27425967487989955  
  3383.79  0.27419481380549865  
  3384.29  0.2741300193679156   
  3384.79  0.2740652081096786   
  3385.29  0.2740004634297301   
  3385.79  0.2739357436007615   
  3386.29  0.27387100695949096  
  3386.79  0.2738063368088557   
  3387.29  0.2737416498514895   
  3387.79  0.2736770293264043   
  3388.29  0.27361239200016085  
  3388.79  0.2735478210479138   
  3389.29  0.27348323330008323  
  3389.79  0.27341871186803407  
  3390.29  0.27335421516840547  
  3390.79  0.27328970168155786  
  3391.29  0.273225254423309    
  3391.79  0.2731607903834205   
  3392.29  0.27309639251408946  
  3392.79  0.2730319778686998   
  3393.29  0.2729676293358957   
  3393.79  0.27290326403261583  
  3394.29  0.27283896478401876  
  3394.79  0.2727746487705306   
  3395.29  0.27271039875389147  
  3395.79  0.2726461733257458   
  3396.29  0.2725819311410884   
  3396.79  0.27251775486666824  
  3397.29  0.2724535618413254   
  3397.79  0.27238943466855836  
  3398.29  0.2723252907504595   
  3398.79  0.2722612126273437   
  3399.29  0.2721971177644886   
  3399.79  0.27213308863909264  
  3400.29  0.27206908398522733  
  3400.79  0.2720050626000139   
  3401.29  0.27194110686611106  
  3401.79  0.2718771344064568   
  3402.29  0.2718132275407602   
  3402.79  0.27174930395491065  
  3403.29  0.27168544590573407  
  3403.79  0.27162157114200475  
  3404.29  0.2715577618577317   
  3404.79  0.2714939769287369   
  3405.29  0.27143017529359176  
  3405.79  0.27136643905221486  
  3406.29  0.271302686110292    
  3406.79  0.2712389985050908   
  3407.29  0.27117529420494946  
  3407.79  0.271111655184551    
  3408.29  0.2710479994748199   
  3408.79  0.27098440898792064  
  3409.29  0.2709208427407516   
  3409.79  0.2708572598126634   
  3410.29  0.27079374202217615  
  3410.79  0.27073020755638105  
  3411.29  0.27066673817144477  
  3411.79  0.27060325211681374  
  3412.29  0.27053983108636653  
  3412.79  0.2704763933918391   
  3413.29  0.27041302066488787  
  3413.79  0.2703496720628185   
  3414.29  0.270286306805093    
  3414.79  0.270223006430167    
  3415.29  0.27015968940520324  
  3415.79  0.270096437206599    
  3416.29  0.27003316836357705  
  3416.79  0.2699699642905414   
  3417.29  0.2699067435787095   
  3417.79  0.26984358758055754  
  3418.29  0.2697804555931336   
  3418.79  0.2697173069753475   
  3419.29  0.269654222986916    
  3419.79  0.26959112237374755  
  3420.29  0.26952808633379377  
  3420.79  0.26946503367472985  
  3421.29  0.2694020455328073   
  3421.79  0.2693390407774025   
  3422.29  0.2692761004831321   
  3422.79  0.26921318408612505  
  3423.29  0.2691502510840798   
  3423.79  0.2690873824592916   
  3424.29  0.2690244972350969   
  3424.79  0.2689616763323176   
  3425.29  0.268898838835765    
  3425.79  0.2688360656048521   
  3426.29  0.26877327578580046  
  3426.79  0.2687105501766789   
  3427.3   0.26864655661338427  
  3427.8   0.2685838790504403   
  3428.3   0.26852122524675937  
  3428.8   0.2684585548690874   
  3429.3   0.268395948561814    
  3429.8   0.2683333256861887   
  3430.3   0.26827076682548284  
  3430.8   0.2682081914020659   
  3431.3   0.26814567993815475  
  3431.8   0.2680831519171743   
  3432.3   0.2680206878003514   
  3432.8   0.26795820713210255  
  3433.3   0.2678957903127281   
  3433.8   0.2678333971158803   
  3434.3   0.26777098737607324  
  3434.8   0.2677086414023469   
  3435.3   0.2676462788913079   
  3435.8   0.2675839800912293   
  3436.3   0.26752166475948586  
  3436.8   0.2674594130836474   
  3437.3   0.2673971448817933   
  3437.8   0.2673349402808536   
  3438.3   0.26727275919131316  
  3438.8   0.2672105615842321   
  3439.3   0.26714842749570994  
  3439.8   0.26708627689529935  
  3440.3   0.26702418975861864  
  3440.8   0.2669620861157031   
  3441.3   0.26690004588175303  
  3441.8   0.2668379891472228   
  3442.3   0.2667759957669579   
  3442.8   0.266714025787632    
  3443.3   0.2666520393162094   
  3443.8   0.2665901161171314   
  3444.3   0.26652817643161447  
  3444.8   0.26646629996390264  
  3445.3   0.2664044070154109   
  3445.8   0.26634257723024873  
  3446.3   0.26628073096996674  
  3446.8   0.2662189478186029   
  3447.3   0.26615718795838006  
  3447.8   0.26609541163152867  
  3448.3   0.2660336983321067   
  3448.8   0.2659719685717193   
  3449.3   0.2659103017845095   
  3449.8   0.2658486185419981   
  3450.3   0.26578699821847607  
  3450.8   0.2657253614453177   
  3451.3   0.265663787537024    
  3451.8   0.26560223681073053  
  3452.3   0.26554066964329975  
  3452.8   0.265479165259674    
  3453.3   0.26541764444057897  
  3453.8   0.26535618635132263  
  3454.3   0.26529471183226605  
  3454.8   0.2652332999891451   
  3455.3   0.26517187172189394  
  3455.8   0.2651105060767384   
  3456.3   0.2650491635050953   
  3456.8   0.2649878045178283   
  3457.3   0.2649265080720237   
  3457.8   0.264865195216268    
  3458.3   0.26480394484829217  
  3458.8   0.264742678076039    
  3459.3   0.264681473737946    
  3459.8   0.2646202530012504   
  3460.3   0.2645590946451579   
  3460.8   0.2644979592547376   
  3461.3   0.264436807474228    
  3461.8   0.2643757179941118   
  3462.3   0.26431461212958357  
  3462.8   0.264253568512048    
  3463.3   0.26419250851577886  
  3463.8   0.2641315107131639   
  3464.3   0.2640704965374946   
  3464.8   0.26400954450220354  
  3465.3   0.2639486153253878   
  3465.8   0.2638876697840376   
  3466.3   0.26382678630327666  
  3466.8   0.2637658864636629   
  3467.3   0.2637050486315177   
  3467.8   0.26364419444620224  
  3468.3   0.26358340221529664  
  3468.8   0.2635225936369044   
  3469.3   0.263461846959925    
  3469.8   0.2634011230348625   
  3470.3   0.26334038277083965  
  3470.8   0.2632797043288586   
  3471.3   0.26321900955360306  
  3471.8   0.2631583765475466   
  3472.3   0.26309772721390234  
  3472.8   0.26303713959667624  
  3473.3   0.2629765356575499   
  3473.8   0.2629159933821222   
  3474.3   0.2628554347904828   
  3474.8   0.2627949378098837   
  3475.3   0.2627344634518231   
  3475.8   0.2626739727860844   
  3476.3   0.262613543652522    
  3476.8   0.26255309821697204  
  3477.3   0.2624927142610933   
  3477.8   0.26243231400891853  
  3478.3   0.2623719751839708   
  3478.8   0.26231162006841935  
  3479.3   0.26225132632771186  
  3479.8   0.262191055104387    
  3480.3   0.26213076759899756  
  3480.8   0.26207054138999986  
  3481.3   0.2620102989046319   
  3481.8   0.2619501176634247   
  3482.3   0.2618899201515424   
  3482.8   0.2618297838316503   
  3483.3   0.2617696312467791   
  3483.8   0.2617095398017883   
  3484.3   0.26164947076964795  
  3484.8   0.2615893854810728   
  3485.3   0.2615293612543351   
  3485.8   0.2614693207768605   
  3486.3   0.2614093413092645   
  3486.8   0.2613493455966302   
  3487.3   0.26128941084197593  
  3487.8   0.2612294598479827   
  3488.3   0.2611695697601311   
  3488.8   0.261109701981217    
  3489.3   0.2610498179715135   
  3489.8   0.260989994790315    
  3490.3   0.2609301553840282   
  3490.8   0.26087037675455804  
  3491.3   0.2608105819057015   
  3491.8   0.26075084778203306  
  3492.3   0.26069109744468083  
  3492.8   0.26063140778094807  
  3493.3   0.26057174032285474  
  3493.8   0.2605120566596318   
  3494.3   0.2604524335927954   
  3494.8   0.2603927943265337   
  3495.3   0.260333215605239    
  3495.8   0.26027362069022375  
  3496.3   0.2602140862688154   
  3496.8   0.2601545356593921   
  3497.3   0.2600950454922749   
  3497.8   0.2600355774281095   
  3498.3   0.2599760931844879   
  3498.8   0.25991666930634055  
  3499.3   0.25985722925444416  
  3499.8   0.2597978495168694   
  3500.3   0.25973845361125336  
  3500.8   0.2596791179688654   
  3501.3   0.25961976616414456  
  3501.8   0.25956047457161713  
  3502.3   0.25950120497995977  
  3502.8   0.2594419192345324   
  3503.3   0.2593826936248652   
  3503.8   0.2593234518671379   
  3504.3   0.2592642701942832   
  3504.8   0.2592050723790789   
  3505.3   0.25914593459791846  
  3505.8   0.25908678068011953  
  3506.3   0.2590276867455942   
  3506.8   0.25896861471045884  
  3507.3   0.2589095265472517   
  3507.8   0.2588504982912808   
  3508.3   0.2587914539129505   
  3508.81  0.25873129220205904  
  3509.31  0.2586722919998827   
  3509.81  0.2586133516032486   
  3510.31  0.2585543950957387   
  3510.81  0.2584954983432642   
  3511.31  0.2584365854856278   
  3511.81  0.25837773233257805  
  3512.31  0.258318863080081    
  3512.81  0.25826005348177994  
  3513.31  0.25820126563711593  
  3513.81  0.2581424617015765   
  3514.31  0.2580837173447637   
  3514.81  0.2580249569027913   
  3515.31  0.2579662559892996   
  3515.81  0.25790753899636454  
  3516.31  0.2578488814817221   
  3516.81  0.25779020789335294  
  3517.31  0.2577315937331459   
  3517.81  0.25767300122654996  
  3518.31  0.2576143926548023   
  3518.81  0.2575558434361372   
  3519.31  0.2574972781580383   
  3519.81  0.25743877218303524  
  3520.31  0.25738025015431676  
  3520.81  0.2573217873787649   
  3521.31  0.25726330855521634  
  3521.81  0.2572048889349624   
  3522.31  0.2571464908688803   
  3522.81  0.2570880767633795   
  3523.31  0.25702972178648076  
  3523.81  0.2569713507758832   
  3524.31  0.2569130388441585   
  3524.81  0.25685471088445516  
  3525.31  0.25679644195395274  
  3525.81  0.2567381570011922   
  3526.31  0.25667993102801756  
  3526.81  0.2566217265101583   
  3527.31  0.2565635059786216   
  3527.81  0.25650534435236266  
  3528.31  0.2564471667181478   
  3528.81  0.2563890479397376   
  3529.31  0.25633091315909345  
  3529.81  0.2562728371848374   
  3530.31  0.25621474521406956  
  3530.81  0.25615671200033     
  3531.31  0.256098700143628    
  3531.81  0.2560406722989974   
  3532.31  0.2559827031374689   
  3532.81  0.2559247179937349   
  3533.31  0.25586679148388414  
  3533.81  0.2558088489975513   
  3534.31  0.25575096509593914  
  3534.81  0.25569306522356855  
  3535.31  0.25563522388681237  
  3535.81  0.2555774038093904   
  3536.31  0.25551956776979523  
  3536.81  0.255461790192268    
  3537.31  0.255403996658292    
  3537.81  0.25534626153741763  
  3538.31  0.2552885104658193   
  3538.81  0.25523081775841233  
  3539.31  0.25517310910600643  
  3539.81  0.2551154587689373   
  3540.31  0.2550578295940696   
  3540.81  0.25500018448279     
  3541.31  0.2549425976136779   
  3541.81  0.2548849948138797   
  3542.31  0.2548274502075337   
  3542.81  0.2547698896762276   
  3543.31  0.2547123872897139   
  3543.81  0.25465486898396633  
  3544.31  0.2545974087744069   
  3544.81  0.25453996963048225  
  3545.31  0.25448251457591253  
  3545.81  0.25442511754473623  
  3546.31  0.25436770460864166  
  3546.81  0.25431034964747457  
  3547.31  0.25425297878711617  
  3547.81  0.2541956658532746   
  3548.31  0.2541383370259688   
  3548.81  0.2540810660768243   
  3549.31  0.2540237792399429   
  3549.81  0.25396655023292225  
  3550.31  0.2539093421742731   
  3550.81  0.2538521182364775   
  3551.31  0.25379495205620256  
  3551.81  0.2537377700025091   
  3552.31  0.25368064565817294  
  3552.81  0.25362350544614626  
  3553.31  0.2535664228953683   
  3553.81  0.2535093244826279   
  3554.31  0.2534522836830825   
  3554.81  0.25339526373658616  
  3555.31  0.253338227936719    
  3555.81  0.25328124967807597  
  3556.31  0.2532242555717907   
  3556.81  0.25316731895881195  
  3557.31  0.2531103665039196   
  3557.81  0.25305347149447077  
  3558.31  0.2529965606488371   
  3558.81  0.2529397072008381   
  3559.31  0.2528828745111194   
  3559.81  0.2528260259938083   
  3560.31  0.25276923480252816  
  3560.81  0.25271242778938463  
  3561.31  0.25265567805459865  
  3561.81  0.25259891250367855  
  3562.31  0.2525422041834967   
  3562.81  0.25248548005291     
  3563.31  0.25242881310549625  
  3563.81  0.2523721668221437   
  3564.31  0.25231550473697933  
  3564.81  0.25225889976374877  
  3565.31  0.2522022789944358   
  3565.81  0.252145715289626    
  3566.31  0.25208913579446324  
  3566.81  0.2520326133164267   
  3567.31  0.2519760750537668   
  3567.81  0.2519195937609098   
  3568.31  0.2518631330384405   
  3568.81  0.2518066565399414   
  3569.31  0.2517502369403681   
  3569.81  0.25169380157049465  
  3570.31  0.2516374230523575   
  3570.81  0.25158102876964983  
  3571.31  0.25152469129154226  
  3571.81  0.2514683380545939   
  3572.31  0.2514120415751627   
  3572.81  0.2513557655729878   
  3573.31  0.25129947382056567  
  3573.81  0.25124323875514365  
  3574.31  0.2511869879452043   
  3574.81  0.25113079377531494  
  3575.31  0.25107458386663795  
  3575.81  0.251018430551114    
  3576.31  0.2509622615025321   
  3576.81  0.2509061490002592   
  3577.31  0.25085005688264905  
  3577.81  0.2507939490405746   
  3578.31  0.2507378976746497   
  3578.81  0.25068183058999005  
  3579.31  0.25062581993476796  
  3579.81  0.2505697935665408   
  3580.31  0.25051382358109175  
  3580.81  0.25045783788836723  
  3581.31  0.2504019085318141   
  3581.81  0.25034599946786473  
  3582.31  0.2502900747052332   
  3582.81  0.2502342062089689   
  3583.31  0.2501783220197519   
  3583.81  0.25012249405042664  
  3584.31  0.250066650393878    
  3584.81  0.25001086291079794  
  3585.31  0.24995505974622373  
  3585.81  0.24989931270874718  
  3586.31  0.24984358587234584  
  3586.81  0.24978784336304322  
  3587.31  0.24973215691138714  
  3587.81  0.24967645479255884  
  3588.31  0.24962080868513659  
  3588.81  0.24956514691627102  
  3589.31  0.24950954111262294  
  3589.81  0.2494539196532604   
  3590.31  0.24939835411297875  
  3590.82  0.24934166436500738  
  3591.32  0.24928613944885689  
  3591.82  0.24923059888850638  
  3592.32  0.24917511415466007  
  3592.82  0.2491196494904081   
  3593.32  0.24906416919054788  
  3593.82  0.24900874464824754  
  3594.32  0.24895330447606717  
  3594.82  0.24889792001554345  
  3595.32  0.24884251993086778  
  3595.82  0.24878717551199706  
  3596.32  0.24873181547470233  
  3596.82  0.24867651105741226  
  3597.32  0.24862122661947053  
  3597.82  0.2485659265716955   
  3598.32  0.24851068207532842  
  3598.82  0.24845542197485557  
  3599.32  0.24840021738011872  
  3599.82  0.24834499718700345  
  3600.32  0.24828983245400346  
  3600.82  0.24823465212835225  
  3601.32  0.2481795272172467   
  3601.82  0.24812442219576136  
  3602.32  0.24806930159021423  
  3602.82  0.24801423633096145  
  3603.32  0.24795915549337358  
  3603.82  0.24790412995663794  
  3604.32  0.24784908884729365  
  3604.82  0.24779410299341045  
  3605.32  0.24773910157264484  
  3605.82  0.24768415536199992  
  3606.32  0.24762922895176137  
  3606.82  0.2475742869832284   
  3607.32  0.24751940015690796  
  3607.82  0.2474644977780188   
  3608.32  0.2474096504961285   
  3608.82  0.2473547876673949   
  3609.32  0.2472999798904971   
  3609.82  0.2472451565724811   
  3610.32  0.2471903882611883   
  3610.82  0.24713563966159866  
  3611.32  0.24708087552947725  
  3611.82  0.24702616633651184  
  3612.32  0.2469714416167392   
  3612.82  0.24691677179113583  
  3613.32  0.24686208644444949  
  3613.82  0.24680745594699596  
  3614.32  0.24675280993418347  
  3614.82  0.24669821872571748  
  3615.32  0.2466436471407586   
  3615.82  0.24658906004902523  
  3616.32  0.24653452769441006  
  3616.82  0.2464799798387437   
  3617.32  0.24642548667543435  
  3617.82  0.24637097801679672  
  3618.32  0.24631652400580487  
  3618.82  0.2462620545052074   
  3619.32  0.2462076396075943   
  3619.82  0.24615324424579582  
  3620.32  0.24609883340297423  
  3620.82  0.24604447709624536  
  3621.32  0.24599010531421522  
  3621.82  0.2459357880237407   
  3622.32  0.24588145526368646  
  3622.82  0.24582717695070033  
  3623.32  0.2457728831738557   
  3623.82  0.2457186437996412   
  3624.32  0.24566442387404905  
  3624.82  0.2456101884931786   
  3625.32  0.24555600744838127  
  3625.82  0.24550181095402598  
  3626.32  0.24544766875142937  
  3626.82  0.24539351110499485  
  3627.32  0.24533940770605384  
  3627.82  0.24528528886899448  
  3628.32  0.2452312242352128   
  3628.82  0.24517714416903202  
  3629.32  0.24512311826196212  
  3629.82  0.24506911169761958  
  3630.32  0.24501508970945515  
  3630.82  0.24496112181425067  
  3631.32  0.2449071385009426   
  3631.82  0.24485320923655027  
  3632.32  0.24479926455977224  
  3632.82  0.24474537388791479  
  3633.32  0.2446914678093891   
  3633.82  0.24463761569183753  
  3634.32  0.24458378283092     
  3634.82  0.2445299345719088   
  3635.32  0.24447614020805064  
  3635.82  0.24442233045181536  
  3636.32  0.2443685745469085   
  3636.82  0.2443148032553406   
  3637.32  0.24426108577132513  
  3637.82  0.24420735290636425  
  3638.32  0.24415367380522837  
  3638.82  0.24410001387512215  
  3639.32  0.2440463385726422   
  3639.82  0.24399271696849403  
  3640.32  0.2439390799976867   
  3640.82  0.24388549668160467  
  3641.32  0.2438318980045776   
  3641.82  0.2437783529387178   
  3642.32  0.24372479251762655  
  3642.82  0.24367128566419272  
  3643.32  0.24361779789666987  
  3643.82  0.24356429478248431  
  3644.32  0.24351084517078864  
  3644.82  0.24345738021814273  
  3645.32  0.24340396872459713  
  3645.82  0.24335054189581332  
  3646.32  0.2432971684827882   
  3646.82  0.24324377974023645  
  3647.32  0.24319044437014978  
  3647.82  0.24313712800133777  
  3648.32  0.24308379631156454  
  3648.82  0.24303051792941258  
  3649.32  0.24297722423200976  
  3649.82  0.24292398379905417  
  3650.32  0.24287072805655746  
  3650.82  0.24281752553538152  
  3651.32  0.24276430771037383  
  3651.82  0.24271114306360814  
  3652.32  0.24265799733395974  
  3652.82  0.24260483630904162  
  3653.32  0.24255172839784345  
  3653.82  0.24249860519708352  
  3654.32  0.24244553506708358  
  3654.82  0.24239244965322945  
  3655.32  0.2423394172672226   
  3655.82  0.24228636960306857  
  3656.32  0.24223337492389657  
  3656.82  0.24218039907816016  
  3657.32  0.242127407962835    
  3657.82  0.24207446976828953  
  3658.32  0.24202151630986093  
  3658.82  0.24196861572946476  
  3659.32  0.2419156998908905   
  3659.82  0.24186283688764856  
  3660.32  0.24180995863193305  
  3660.82  0.2417571331688968   
  3661.32  0.24170432645608683  
  3661.82  0.24165150449935804  
  3662.32  0.24159873527142378  
  3662.82  0.2415459508052738   
  3663.32  0.2414932190253825   
  3663.82  0.241440472012978    
  3664.32  0.24138777764434324  
  3664.82  0.24133506804889718  
  3665.32  0.24128241105477863  
  3665.82  0.24122973883955007  
  3666.32  0.24117711918325352  
  3666.82  0.24112451817611924  
  3667.32  0.24107190195642497  
  3667.82  0.24101933823216348  
  3668.32  0.24096675930104186  
  3668.82  0.24091423282307392  
  3669.32  0.24086169114394498  
  3669.82  0.24080920187573712  
  3670.32  0.24075669741206687  
  3670.82  0.24070424531713136  
  3671.32  0.24065181178918715  
  3671.82  0.2405993630743264   
  3672.33  0.2405459209499211   
  3672.83  0.2404935097296133   
  3673.33  0.2404411507723643   
  3673.83  0.24038877663964908  
  3674.33  0.24033645472796863  
  3674.83  0.24028411764651778  
  3675.33  0.24023183274412377  
  3675.83  0.2401795326776545   
  3676.33  0.24012728474831024  
  3676.83  0.24007505528597212  
  3677.33  0.24002281066809927  
  3677.83  0.23997061812454662  
  3678.33  0.23991841043115272  
  3678.83  0.23986625477026197  
  3679.33  0.23981408396522283  
  3679.83  0.23976196515091558  
  3680.33  0.2397098311981521   
  3680.83  0.23965774919439503  
  3681.33  0.23960568557649664  
  3681.83  0.23955360682867813  
  3682.33  0.23950157996737012  
  3682.83  0.23944953798183252  
  3683.33  0.23939754784119396  
  3683.83  0.23934554258201565  
  3684.33  0.23929358912617052  
  3684.83  0.23924162055747472  
  3685.33  0.23918970375059173  
  3685.83  0.239137805248875    
  3686.33  0.23908589164283905  
  3686.83  0.2390340297364271   
  3687.33  0.23898215273138324  
  3687.83  0.23893032738455633  
  3688.33  0.2388784869447842   
  3688.83  0.2388266981218673   
  3689.33  0.2387748942116911   
  3689.83  0.23872314187705349  
  3690.33  0.2386714077673417   
  3690.83  0.23861965857889725  
  3691.33  0.2385679609041078   
  3691.83  0.2385162481562698   
  3692.33  0.23846458688088282  
  3692.83  0.23841291053813074  
  3693.33  0.23836128562667072  
  3693.83  0.23830964565352827  
  3694.33  0.23825805707056386  
  3694.83  0.23820648663273375  
  3695.33  0.23815490114174284  
  3695.83  0.2381033669793496   
  3696.33  0.23805181776947637  
  3696.83  0.2380003198471988   
  3697.33  0.23794880688312126  
  3697.83  0.23789734516568195  
  3698.33  0.23784586841212202  
  3698.83  0.23779444286428755  
  3699.33  0.23774303538224167  
  3699.83  0.23769161287259172  
  3700.33  0.23764024150738827  
  3700.83  0.2375888551202581   
  3701.33  0.237537519836773    
  3701.83  0.23748616953703774  
  3702.33  0.23743487030019053  
  3702.83  0.237383556052769    
  3703.33  0.23733229282752277  
  3703.83  0.23728104758916224  
  3704.33  0.2372297873487387   
  3704.83  0.23717857806951098  
  3705.33  0.23712735379389416  
  3705.83  0.23707618043887108  
  3706.33  0.23702499209313185  
  3706.83  0.23697385462742848  
  3707.33  0.23692270217668118  
  3707.83  0.23687160056545584  
  3708.33  0.23682048397485805  
  3708.83  0.23676941818331235  
  3709.33  0.23671837028281179  
  3709.83  0.23666730741144337  
  3710.33  0.23661629527851125  
  3710.83  0.2365652681803807   
  3711.33  0.2365142917803263   
  3711.83  0.236463300420742    
  3712.33  0.23641235971891766  
  3712.83  0.2363614040632311   
  3713.33  0.23631049902503193  
  3713.83  0.2362596117999483   
  3714.33  0.2362087096295016   
  3714.83  0.23615785801622186  
  3715.33  0.23610699146324468  
  3715.83  0.236056175427271    
  3716.33  0.23600534445726468  
  3716.83  0.23595456396414197  
  3717.33  0.23590376854265055  
  3717.83  0.23585302355796633  
  3718.33  0.23580229630890126  
  3718.83  0.2357515541399608   
  3719.33  0.23570086234780077  
  3719.83  0.23565015564142716  
  3720.33  0.235599499271866    
  3720.83  0.23554882799375212  
  3721.33  0.235498207012526    
  3721.83  0.23544757112840722  
  3722.33  0.23539698550129468  
  3722.83  0.2353464175327351   
  3723.33  0.23529583466977042  
  3723.83  0.23524530200407695  
  3724.33  0.2351947544496362   
  3724.83  0.23514425705269293  
  3725.33  0.23509374477265932  
  3725.83  0.23504328261039245  
  3726.33  0.23499280557069124  
  3726.83  0.23494237860906905  
  3727.33  0.23489196922936112  
  3727.83  0.23484154498070034  
  3728.33  0.23479117075067363  
  3728.83  0.23474078165734788  
  3729.33  0.23469044254307544  
  3729.83  0.2346400885711569   
  3730.33  0.23458978453875373  
  3730.83  0.23453946565435643  
  3731.33  0.23448919666997922  
  3731.83  0.23443894519130207  
  3732.33  0.23438867886910608  
  3732.83  0.23433846238777353  
  3733.33  0.23428823106857183  
  3733.83  0.2342380495508448   
  3734.33  0.2341878532008973   
  3734.83  0.23413770661307812  
  3735.33  0.23408754519868633  
  3735.83  0.2340374335071189   
  3736.33  0.23398733924545886  
  3736.83  0.23393723016569534  
  3737.33  0.23388717074988596  
  3737.83  0.23383709652161852  
  3738.33  0.23378707191810713  
  3738.83  0.2337370325077822   
  3739.33  0.23368704268305734  
  3739.83  0.2336370380571625   
  3740.33  0.23358708297775402  
  3740.83  0.2335371452528792   
  3741.33  0.233487192735297    
  3741.83  0.23343728970561575  
  3742.33  0.2333873718888683   
  3742.83  0.23333750352101318  
  3743.33  0.23328762037173204  
  3743.83  0.2332377866323766   
  3744.33  0.23318793811723437  
  3744.83  0.2331381389730931   
  3745.33  0.23308832505880325  
  3745.83  0.23303856047663146  
  3746.33  0.23298881315743383  
  3746.83  0.23293905107654228  
  3747.33  0.23288933826952904  
  3747.83  0.23283961070645762  
  3748.33  0.23278993237848597  
  3748.83  0.23274023930009097  
  3749.33  0.23269059541805887  
  3749.83  0.23264093679123715  
  3750.33  0.2325913273220831   
  3750.83  0.23254173504145     
  3751.33  0.23249212802447525  
  3751.83  0.23244257010720926  
  3752.33  0.2323929974592329   
  3752.83  0.23234347387237375  
  3753.33  0.23229393556043446  
  3753.84  0.23224345857170683  
  3754.34  0.23219395490497638  
  3754.84  0.2321445002219201   
  3755.34  0.2320950308250974   
  3755.84  0.23204561037348176  
  3756.34  0.2319962070197809   
  3756.84  0.23194678896075316  
  3757.34  0.23189741978931527  
  3757.84  0.23184803591817613  
  3758.34  0.2317987008962627   
  3758.84  0.2317493511802726   
  3759.34  0.23170005027518514  
  3759.84  0.23165073468164465  
  3760.34  0.23160146786072472  
  3760.84  0.23155221806417434  
  3761.34  0.23150295358760342  
  3761.84  0.23145373782631298  
  3762.34  0.23140450739062304  
  3762.84  0.23135532563203384  
  3763.34  0.23130612920466506  
  3763.84  0.23125698141625817  
  3764.34  0.23120781896469056  
  3764.84  0.23115870511398676  
  3765.34  0.23110960821451093  
  3765.84  0.23106049666029982  
  3766.34  0.2310114336498878   
  3766.84  0.23096235599035675  
  3767.34  0.2309133268366284   
  3767.84  0.2308642830393962   
  3768.34  0.23081528771001097  
  3768.84  0.2307662777427359   
  3769.34  0.2307173162053925   
  3769.84  0.23066837154653655  
  3770.34  0.230619412258209    
  3770.84  0.23057050134302226  
  3771.34  0.23052157580397528  
  3771.84  0.2304726986002549   
  3772.34  0.23042380677828467  
  3772.84  0.23037496325386717  
  3773.34  0.23032610511680895  
  3773.84  0.23027729523957005  
  3774.34  0.23022850216847646  
  3774.84  0.23017969449315298  
  3775.34  0.23013093502113     
  3775.84  0.23008216095048364  
  3776.34  0.23003343504550466  
  3776.84  0.22998469454750772  
  3777.34  0.22993600217758522  
  3777.84  0.22988729522024898  
  3778.34  0.2298386363534343   
  3778.84  0.22978999422081856  
  3779.34  0.22974133750919243  
  3779.84  0.22969272883183953  
  3780.34  0.22964410558107776  
  3780.84  0.2295955303271362   
  3781.34  0.22954694050538607  
  3781.84  0.22949839864304303  
  3782.34  0.22944984221849066  
  3782.84  0.229401333715972    
  3783.34  0.22935284187609892  
  3783.84  0.22930433548241233  
  3784.34  0.22925587695477995  
  3784.84  0.2292074038789304   
  3785.34  0.22915897863186102  
  3785.84  0.22911053884216978  
  3786.34  0.22906214684402418  
  3786.84  0.22901374030885083  
  3787.34  0.22896538152802826  
  3787.84  0.2289170082157709   
  3788.34  0.22886868262070892  
  3788.84  0.22882037360136792  
  3789.34  0.22877205005897852  
  3789.84  0.22872377417813136  
  3790.34  0.22867548377982594  
  3790.84  0.2286272410060059   
  3791.34  0.2285789837203165   
  3791.84  0.22853077402209498  
  3792.34  0.2284825498175919   
  3792.84  0.22843437316357845  
  3793.34  0.22838621301459686  
  3793.84  0.22833803836771227  
  3794.34  0.2282899112159294   
  3794.84  0.22824176957182837  
  3795.34  0.2281936753859488   
  3795.84  0.22814556671333477  
  3796.34  0.228097505462101    
  3796.84  0.22804942972971523  
  3797.34  0.22800140138190758  
  3797.84  0.22795338946882737  
  3798.34  0.22790536308296583  
  3798.84  0.22785738402655814  
  3799.34  0.22780939050294863  
  3799.84  0.2277614442720882   
  3800.34  0.22771348357960428  
  3800.84  0.22766557014320346  
  3801.34  0.22761764225075634  
  3801.84  0.2275697615777652   
  3802.34  0.2275218972695794   
  3802.84  0.2274740185137098   
  3803.34  0.22742618692243402  
  3803.84  0.22737834088904865  
  3804.34  0.22733054198372674  
  3804.84  0.2272827286418682   
  3805.34  0.22723496239158134  
  3805.84  0.22718718171032956  
  3806.34  0.22713944808419634  
  3806.84  0.22709173075332592  
  3807.34  0.22704399899984506  
  3807.84  0.22699631424688102  
  3808.34  0.22694861507687522  
  3808.84  0.22690096287102926  
  3809.34  0.22685329625370906  
  3809.84  0.22680567656423012  
  3810.34  0.22675804246884318  
  3810.84  0.22671045526501724  
  3811.34  0.22666288428728879  
  3811.84  0.2266152989119985   
  3812.34  0.22656776037392648  
  3812.84  0.22652020744385581  
  3813.34  0.22647270131481875  
  3813.84  0.22642518079934504  
  3814.34  0.22637770704875845  
  3814.84  0.2263302189172959   
  3815.34  0.22628277751461218  
  3815.84  0.22623535226923525  
  3816.34  0.22618791265132013  
  3816.84  0.22614051970809845  
  3817.34  0.2260931123978962   
  3817.84  0.2260457517263741   
  3818.34  0.22599837669342773  
  3818.84  0.22595104826318613  
  3819.34  0.22590370547707536  
  3819.84  0.22585640925773187  
  3820.34  0.22580912912727677  
  3820.84  0.22576183464928185  
  3821.34  0.22571458668422464  
  3821.84  0.2256673243771796   
  3822.34  0.22562010854722928  
  3822.84  0.22557287838084175  
  3823.34  0.22552569465574362  
  3823.84  0.22547849659975772  
  3824.34  0.2254313449492936   
  3824.84  0.2253841789734898   
  3825.34  0.22533705936747775  
  3825.84  0.22528995576723285  
  3826.34  0.22524283784996715  
  3826.84  0.22519576624897433  
  3827.34  0.22514868033650562  
  3827.84  0.22510164070467348  
  3828.34  0.22505458676690915  
  3828.84  0.22500757907418256  
  3829.34  0.2249605570810661   
  3829.84  0.224913581297426    
  3830.34  0.22486662145195305  
  3830.84  0.2248196473144004   
  3831.34  0.22477271933305767  
  3831.84  0.2247257770651744   
  3832.34  0.22467888091803284  
  3832.84  0.22463197048988856  
  3833.34  0.22458510614705496  
  3833.84  0.2245382275287552   
  3834.34  0.22449139496037232  
  3834.84  0.2244445782629209   
  3835.35  0.22439681325141267  
  3835.85  0.22435002860013034  
  3836.35  0.2243032296872718   
  3836.85  0.2242564767356614   
  3837.35  0.22420970952800667  
  3837.85  0.22416298824633635  
  3838.35  0.2241162527141523   
  3838.85  0.2240695630727258   
  3839.35  0.22402285918631487  
  3839.85  0.22397620115547148  
  3840.35  0.22392955891372582  
  3840.85  0.2238829024352863   
  3841.35  0.22383629175970415  
  3841.85  0.22378966685295415  
  3842.35  0.22374308771396345  
  3842.85  0.22369649434932962  
  3843.35  0.22364994671739388  
  3843.85  0.22360338486533832  
  3844.35  0.2235568687109563   
  3844.85  0.22351036827923831  
  3845.35  0.22346385363568208  
  3845.85  0.22341738463733682  
  3846.35  0.22337090143267327  
  3846.85  0.22332446383828758  
  3847.35  0.22327801204310227  
  3847.85  0.22323160582329818  
  3848.35  0.22318518540821178  
  3848.85  0.22313881053364643  
  3849.35  0.22309245131566827  
  3849.85  0.2230460779106803   
  3850.35  0.222999749993997    
  3850.85  0.22295340789581783  
  3851.35  0.22290711125117407  
  3851.85  0.22286080043054704  
  3852.35  0.22281453502872248  
  3852.85  0.22276825545642578  
  3853.35  0.22272202126823484  
  3853.85  0.2226758026709086   
  3854.35  0.22262956991137367  
  3854.85  0.22258338248397277  
  3855.35  0.22253718089987096  
  3855.85  0.2224910246132969   
  3856.35  0.2224448541755283   
  3856.85  0.2223987290007172   
  3857.35  0.22235258968021662  
  3857.85  0.22230649558813928  
  3858.35  0.22226041702155627  
  3858.85  0.22221432431753796  
  3859.35  0.22216827679021448  
  3859.85  0.22212221513095728  
  3860.35  0.22207619861395048  
  3860.85  0.22203016797051023  
  3861.35  0.22198418243491183  
  3861.85  0.22193818277837882  
  3862.35  0.22189222819531493  
  3862.85  0.22184628907272488  
  3863.35  0.22180033583744496  
  3863.85  0.22175442762414768  
  3864.35  0.22170850530365588  
  3864.85  0.22166262797086328  
  3865.35  0.2216167365363702   
  3865.85  0.22157089005532848  
  3866.35  0.22152502947807887  
  3866.85  0.2214792138200685   
  3867.35  0.2214333840713414   
  3867.85  0.22138759920767684  
  3868.35  0.22134182972548783  
  3868.85  0.22129604616081536  
  3869.35  0.2212503074300126   
  3869.85  0.22120455462221406  
  3870.35  0.2211588466141972   
  3870.85  0.22111312453467089  
  3871.35  0.2210674472208737   
  3871.85  0.22102175584105188  
  3872.35  0.220976109192942    
  3872.85  0.22093047786205633  
  3873.35  0.22088483247336976  
  3873.85  0.2208392317654409   
  3874.35  0.22079361700519246  
  3874.85  0.2207480468917726   
  3875.35  0.22070246273151312  
  3875.85  0.22065692318418834  
  3876.35  0.22061136959550234  
  3876.85  0.22056586058589228  
  3877.35  0.22052036682959772  
  3877.85  0.22047485904015612  
  3878.35  0.2204293957790735   
  3878.85  0.22038391849031871  
  3879.35  0.22033848569615183  
  3879.85  0.22029303887978624  
  3880.35  0.22024763652427237  
  3880.85  0.2202022201520318   
  3881.35  0.2201568482069417   
  3881.85  0.22011149145159875  
  3882.35  0.2200661206877335   
  3882.85  0.22002079430053775  
  3883.35  0.21997545391028817  
  3883.85  0.21993015786309394  
  3884.35  0.21988484781831288  
  3884.85  0.21983958208300783  
  3885.35  0.21979430235558145  
  3885.85  0.21974906690408644  
  3886.35  0.2197038465791082   
  3886.85  0.21965861227020342  
  3887.35  0.2196134221869834   
  3887.85  0.21956821812529873  
  3888.35  0.21952305825584081  
  3888.85  0.21947788441337868  
  3889.35  0.21943275472971985  
  3889.85  0.2193876110785158   
  3890.35  0.2193425115527261   
  3890.85  0.21929742709055883  
  3891.35  0.21925232866903122  
  3891.85  0.21920727432290452  
  3892.35  0.2191622060228728   
  3892.85  0.21911718176493916  
  3893.35  0.21907214355855437  
  3893.85  0.21902714936099915  
  3894.35  0.21898214122044518  
  3894.85  0.21893717705548665  
  3895.35  0.21889222789158996  
  3895.85  0.21884726479286945  
  3896.35  0.2188023456199627   
  3896.85  0.21875741251768083  
  3897.35  0.21871252330806418  
  3897.85  0.21866762017451963  
  3898.35  0.21862276090052585  
  3898.85  0.21857788770804995  
  3899.35  0.21853305834204453  
  3899.85  0.21848824391487193  
  3900.35  0.21844341557738214  
  3900.85  0.21839863101681162  
  3901.35  0.21835383255136592  
  3901.85  0.21830907782984427  
  3902.35  0.21826430920888798  
  3902.85  0.2182195842988945   
  3903.35  0.21817484549490543  
  3903.85  0.21813015036895184  
  3904.35  0.21808544135444022  
  3904.85  0.21804077598507057  
  3905.35  0.2179961254789229   
  3905.85  0.21795146109236982  
  3906.35  0.2179068403016873   
  3906.85  0.21786220563603323  
  3907.35  0.2178176145334407   
  3907.85  0.2177730095613089   
  3908.35  0.21772844811946343  
  3908.85  0.2176838728135095   
  3909.35  0.21763934100510032  
  3909.85  0.21759482399841332  
  3910.35  0.21755029313576038  
  3910.85  0.21750580572160816  
  3911.35  0.21746130445691697  
  3911.85  0.21741684660806887  
  3912.35  0.21737237491410738  
  3912.85  0.21732794660336488  
  3913.35  0.217283504452933    
  3913.85  0.21723910565312957  
  3914.35  0.21719472159387343  
  3914.85  0.21715032370306014  
  3915.35  0.21710596911405733  
  3915.85  0.2170616006989176   
  3916.35  0.2170172755530813   
  3916.86  0.21697205223952898  
  3917.36  0.2169277568031662   
  3917.86  0.2168834475515564   
  3918.36  0.21683918150401227  
  3918.86  0.21679490164663667  
  3919.36  0.21675066496091988  
  3919.86  0.21670644294128413  
  3920.36  0.21666220711993658  
  3920.86  0.21661801442170492  
  3921.36  0.21657380792717323  
  3921.86  0.21652964452343348  
  3922.36  0.21648546732880394  
  3922.86  0.2164413331926754   
  3923.36  0.21639718527106575  
  3923.86  0.2163530803756993   
  3924.36  0.216308990085954    
  3924.86  0.21626488601883687  
  3925.36  0.2162208249296432   
  3925.86  0.21617675006848258  
  3926.36  0.21613271815307     
  3926.86  0.21608867247109376  
  3927.36  0.216044669702723    
  3927.86  0.21600065317319037  
  3928.36  0.2159566795251536   
  3928.86  0.21591272042259613  
  3929.36  0.21586874756697558  
  3929.86  0.2158248175447531   
  3930.36  0.21578087377486538  
  3930.86  0.21573697280634802  
  3931.36  0.21569305809556172  
  3931.86  0.21564918615415077  
  3932.36  0.21560530047586565  
  3932.86  0.2155614575349935   
  3933.36  0.21551762907977498  
  3933.86  0.21547378689577062  
  3934.36  0.21542998740130204  
  3934.86  0.2153861741834385   
  3935.36  0.21534240362322982  
  3935.86  0.21529861934501549  
  3936.36  0.21525487769260768  
  3936.86  0.21521112232758197  
  3937.36  0.21516740955654687  
  3937.86  0.2151237112116537   
  3938.36  0.21507999916222031  
  3938.86  0.21503632965911973  
  3939.36  0.21499264645686272  
  3939.86  0.21494900576920362  
  3940.36  0.21490535138777034  
  3940.86  0.21486173948923243  
  3941.36  0.21481811390230096  
  3941.86  0.2147745307665946   
  3942.36  0.2147309619978305   
  3942.86  0.21468737954874     
  3943.36  0.21464383950343477  
  3943.86  0.2146002857831798   
  3944.36  0.21455677443512042  
  3944.86  0.21451324941748637  
  3945.36  0.21446976674049031  
  3945.86  0.21442627039929313  
  3946.36  0.21438281636720846  
  3946.86  0.2143393486762946   
  3947.36  0.21429592326299984  
  3947.86  0.21425251214471266  
  3948.36  0.21420908737565034  
  3948.86  0.2141657048370321   
  3949.36  0.21412230865300666  
  3949.86  0.21407895466801183  
  3950.36  0.21403558704297618  
  3950.86  0.2139922615855896   
  3951.36  0.21394892249352698  
  3951.86  0.21390562553776377  
  3952.36  0.21386234281849487  
  3952.86  0.21381904647259314  
  3953.36  0.2137757922160311   
  3953.86  0.213732524338197    
  3954.36  0.2136892985184325   
  3954.86  0.21364605908275502  
  3955.36  0.2136028616739087   
  3955.86  0.21355965065450702  
  3956.36  0.21351648163072973  
  3956.86  0.21347332678523917  
  3957.36  0.2134301583372257   
  3957.86  0.21338703183809088  
  3958.36  0.21334389174178667  
  3958.86  0.21330079356323345  
  3959.36  0.21325768179286278  
  3959.86  0.21321461190914695  
  3960.36  0.21317152843896395  
  3960.86  0.21312848682437122  
  3961.36  0.21308545933016135  
  3961.86  0.21304241825750583  
  3962.36  0.21299941899390765  
  3962.86  0.2129564061572101   
  3963.36  0.21291343509858385  
  3963.86  0.21287045047220285  
  3964.36  0.21282750759293848  
  3964.86  0.2127845511512624   
  3965.36  0.21274163642577965  
  3965.86  0.2126987357630777   
  3966.36  0.2126558215459747   
  3966.86  0.21261294899874358  
  3967.36  0.21257006290245034  
  3967.86  0.21252721844518388  
  3968.36  0.2124843604441925   
  3968.86  0.21244154405141394  
  3969.36  0.21239871412024616  
  3969.86  0.21235592576650833  
  3970.36  0.21231315141824925  
  3970.86  0.2122703635396006   
  3971.36  0.2122276171922709   
  3971.86  0.21218485731988318  
  3972.36  0.21214213894810924  
  3972.86  0.2120994070566073   
  3973.36  0.21205671663504494  
  3973.86  0.21201401269908293  
  3974.36  0.21197135020241736  
  3974.86  0.21192870165422648  
  3975.36  0.21188603959962443  
  3975.86  0.211843418938417    
  3976.36  0.21180078477612257  
  3976.86  0.2117581919766569   
  3977.36  0.21171558568142682  
  3977.86  0.21167302071849034  
  3978.36  0.2116304422651104   
  3978.86  0.21158790511351977  
  3979.36  0.21154538185369584  
  3979.86  0.21150284511140588  
  3980.36  0.21146034962521132  
  3980.86  0.2114178406618675   
  3981.36  0.21137537292419162  
  3981.86  0.21133289171468164  
  3982.36  0.21129045170044275  
  3982.86  0.21124799821968324  
  3983.36  0.21120558590382857  
  3983.86  0.21116316012676514  
  3984.36  0.21112077548427094  
  3984.86  0.21107840466463265  
  3985.36  0.2110360203917494   
  3985.86  0.210993677207994    
  3986.36  0.21095132057630125  
  3986.86  0.21090900500347703  
  3987.36  0.2108666759880215   
  3987.86  0.21082438800120554  
  3988.36  0.2107820865770626   
  3988.86  0.21073982615136072  
  3989.36  0.21069757949245818  
  3989.86  0.21065531940418125  
  3990.36  0.21061310026910934  
  3990.86  0.2105708677099632   
  3991.36  0.2105286760738994   
  3991.86  0.21048647101905987  
  3992.36  0.21044430685721024  
  3992.86  0.21040212928188176  
  3993.36  0.21035999256948096  
  3993.86  0.2103178695681131   
  3994.36  0.21027573316120762  
  3994.86  0.210233637572198    
  3995.36  0.21019152858294343  
  3995.86  0.2101494603815979   
  3996.36  0.21010737878529837  
  3996.86  0.21006533794695118  
  3997.36  0.21002328371893927  
  3997.86  0.2099812702189531   
  3998.36  0.20993927037452179  
  3998.87  0.20989641918567076  
  3999.37  0.20985444691497723  
  3999.87  0.2098124612678867   
  4000.37  0.20977051627384366  
  4000.87  0.20972855790868708  
  4001.37  0.20968664016675648  
  4001.87  0.20964470905899404  
  4002.37  0.20960281854466603  
  4002.87  0.2095609146697862   
  4003.37  0.20951905135857912  
  4003.87  0.20947720163538688  
  4004.37  0.20943533855955873  
  4004.87  0.20939351600282147  
  4005.37  0.2093516800987241   
  4005.87  0.20930988468403033  
  4006.37  0.20926807592725058  
  4006.87  0.20922630763021688  
  4007.37  0.20918452599636955  
  4007.87  0.20914278479264045  
  4008.37  0.2091010571220829   
  4008.87  0.20905931612261633  
  4009.37  0.20901761550888648  
  4009.87  0.2089759015715157   
  4010.37  0.20893422799032782  
  4010.87  0.20889254109076547  
  4011.37  0.2088508945178617   
  4011.87  0.20880923463184822  
  4012.37  0.20876761504299857  
  4012.87  0.2087260089327598   
  4013.37  0.2086843895173044   
  4013.87  0.2086428103548306   
  4014.37  0.20860121789240063  
  4014.87  0.20855966565353115  
  4015.37  0.20851810011996427  
  4015.87  0.20847657478056605  
  4016.37  0.2084350361517275   
  4016.87  0.20839353768769517  
  4017.37  0.20835205264799378  
  4017.87  0.20831055432673362  
  4018.37  0.20826909612629563  
  4018.87  0.20822762464955163  
  4019.37  0.2081861932643406   
  4019.87  0.20814474860807464  
  4020.37  0.20810334401408154  
  4020.87  0.20806192615428287  
  4021.37  0.20802054832752623  
  4021.87  0.20797918387109957  
  4022.37  0.20793780615673735  
  4022.87  0.20789646843163015  
  4023.37  0.20785511745383237  
  4023.87  0.20781380643613154  
  4024.37  0.2077724821709835   
  4024.87  0.20773119783680336  
  4025.37  0.20768990026041764  
  4025.87  0.20764864258589977  
  4026.37  0.2076073716744162   
  4026.87  0.20756614063572942  
  4027.37  0.20752492290174743  
  4027.87  0.20748369193865548  
  4028.37  0.20744250080481266  
  4028.87  0.20740129644709548  
  4029.37  0.20736013188962868  
  4029.87  0.20731895411352133  
  4030.37  0.2072778161086944   
  4030.87  0.2072366648904591   
  4031.37  0.20719555341456303  
  4031.87  0.20715445518998457  
  4032.37  0.20711334375984183  
  4032.87  0.20707227202868525  
  4033.37  0.2070311870971922   
  4033.87  0.20699014183581602  
  4034.37  0.2069490833793294   
  4034.87  0.20690806456411912  
  4035.37  0.2068670325590227   
  4035.87  0.20682604016639064  
  4036.37  0.2067850609719625   
  4036.87  0.20674406859548058  
  4037.37  0.20670311578830344  
  4037.87  0.20666214980429257  
  4038.37  0.2066212233608459   
  4038.87  0.20658028374578377  
  4039.37  0.20653938364257396  
  4039.87  0.2064984703729651   
  4040.37  0.20645759658652513  
  4040.87  0.20641673594544696  
  4041.37  0.20637586214579043  
  4041.87  0.20633502778633553  
  4042.37  0.20629418027351434  
  4042.87  0.20625337217228237  
  4043.37  0.2062125509228945   
  4043.87  0.20617176905651183  
  4044.37  0.2061309740471819   
  4044.87  0.20609021839230143  
  4045.37  0.20604947583021083  
  4045.87  0.20600872013298177  
  4046.37  0.20596800374742627  
  4046.87  0.2059272742319366   
  4047.37  0.2058865839996354   
  4047.87  0.20584588064260254  
  4048.37  0.2058052165403013   
  4048.87  0.2057645393184691   
  4049.37  0.20572390132293988  
  4049.87  0.20568327636789688  
  4050.37  0.20564263830111998  
  4050.87  0.20560203941806027  
  4051.37  0.20556142742846303  
  4051.87  0.20552085459422456  
  4052.37  0.2054802686586432   
  4052.87  0.20543972185009018  
  4053.37  0.2053991619453871   
  4053.87  0.20535864113941002  
  4054.37  0.20531813332188223  
  4054.87  0.20527761241598952  
  4055.37  0.20523713056642626  
  4055.87  0.20519663563368648  
  4056.37  0.20515617972904363  
  4056.87  0.205115710746411    
  4057.37  0.20507528076367063  
  4057.87  0.2050348377081254   
  4058.37  0.20499443362429567  
  4058.87  0.20495404247714338  
  4059.37  0.20491363826495937  
  4059.87  0.20487327298228244  
  4060.37  0.20483289463975435  
  4060.87  0.20479255519862602  
  4061.37  0.20475220270282524  
  4061.87  0.20471188908034468  
  4062.37  0.20467156240836862  
  4062.87  0.2046312745816609   
  4063.37  0.20459097371063287  
  4063.87  0.204550711656849    
  4064.37  0.20451046247682284  
  4064.87  0.204470200260235    
  4065.37  0.2044299768189113   
  4065.87  0.20438974034619667  
  4066.37  0.20434954262079094  
  4066.87  0.20430933186916328  
  4067.37  0.20426915983691687  
  4067.87  0.20422897478361568  
  4068.37  0.20418882842179562  
  4068.87  0.20414869488254453  
  4069.37  0.20410854832998523  
  4069.87  0.20406844042711286  
  4070.37  0.20402831951609507  
  4070.87  0.2039882372269326   
  4071.37  0.20394814193478572  
  4071.87  0.20390808523669     
  4072.37  0.20386801554076905  
  4072.87  0.2038279844111225   
  4073.37  0.20378796605311583  
  4073.87  0.20374793470501854  
  4074.37  0.20370794188158614  
  4074.87  0.2036679360732178   
  4075.37  0.20362796876180575  
  4075.87  0.20358798847061071  
  4076.37  0.20354804664869064  
  4076.87  0.20350809185213875  
  4077.37  0.2034681754972077   
  4077.87  0.2034282718632457   
  4078.37  0.20338835526237448  
  4078.87  0.20334847706169823  
  4079.37  0.20330858589925938  
  4079.87  0.20326873310942925  
  4080.38  0.20322809787898422  
  4080.88  0.20318827072261766  
  4081.38  0.20314843061482615  
  4081.88  0.20310862882428626  
  4082.38  0.20306881408746272  
  4082.88  0.20302903764038593  
  4083.38  0.202989248252165    
  4083.88  0.20294949712621288  
  4084.38  0.20290973306425433  
  4084.88  0.20287000723711365  
  4085.38  0.20283029404695144  
  4085.88  0.2027905679284851   
  4086.38  0.2027508800037151   
  4086.88  0.20271117915577425  
  4087.38  0.20267151647414594  
  4087.88  0.2026318408744782   
  4088.38  0.20259220341376613  
  4088.88  0.20255255304014422  
  4089.38  0.20251294077814788  
  4089.88  0.20247334110314047  
  4090.38  0.20243372852291336  
  4090.88  0.2023941540133713   
  4091.38  0.20235456660373466  
  4091.88  0.20231501723751982  
  4092.38  0.2022754549763337   
  4092.88  0.20223593073133278  
  4093.38  0.20219639359648206  
  4093.88  0.20215689445060667  
  4094.38  0.20211740784198304  
  4094.88  0.20207790835118764  
  4095.38  0.20203844680860694  
  4095.88  0.20199897238897147  
  4096.38  0.20195953589040722  
  4096.88  0.2019200865199034   
  4097.38  0.20188067504335383  
  4097.88  0.20184125069997808  
  4098.38  0.20180186422346622  
  4098.88  0.2017624648852397   
  4099.38  0.2017231033868131   
  4099.88  0.20168375436518854  
  4100.38  0.20164439248951246  
  4100.88  0.2016050684130943   
  4101.38  0.20156573148773163  
  4101.88  0.20152643233462897  
  4102.38  0.20148712033768698  
  4102.88  0.20144784608603344  
  4103.38  0.201408558995644    
  4103.88  0.20136930962359773  
  4104.38  0.20133007267917175  
  4104.88  0.20129082290366077  
  4105.38  0.20125161080612866  
  4105.88  0.20121238588261042  
  4106.38  0.2011731986101915   
  4106.88  0.20113399851688346  
  4107.38  0.20109483604782136  
  4107.88  0.20105566076296535  
  4108.38  0.20101652307552811  
  4108.88  0.20097739776677684  
  4109.38  0.20093825964987028  
  4109.88  0.20089915909019498  
  4110.38  0.20086004572745506  
  4110.88  0.20082096989518444  
  4111.38  0.2007818812649381   
  4111.88  0.20074283013842523  
  4112.38  0.2007037662190236   
  4112.88  0.20066473977664567  
  4113.38  0.20062572566426537  
  4113.88  0.2005866987666226   
  4114.38  0.20054770930599186  
  4114.88  0.2005087070651811   
  4115.38  0.20046974223473746  
  4115.88  0.20043076462919446  
  4116.38  0.20039182440739967  
  4116.88  0.2003528714155843   
  4117.38  0.20031395578092404  
  4117.88  0.20027505242781743  
  4118.38  0.20023613631230427  
  4118.88  0.2001972575141093   
  4119.38  0.20015836595858205  
  4119.88  0.20011951169384448  
  4120.38  0.20008064467684705  
  4120.88  0.2000418149241366   
  4121.38  0.20000297242423684  
  4121.88  0.1999641671621471   
  4122.38  0.19992537413341     
  4122.88  0.1998865683650852   
  4123.38  0.1998477997949074   
  4123.88  0.19980901849020793  
  4124.38  0.19977027435724268  
  4124.88  0.19973151749481993  
  4125.38  0.1996927977777443   
  4125.88  0.19965406533627347  
  4126.38  0.19961537001378823  
  4126.88  0.19957668687669608  
  4127.38  0.199537991022798    
  4127.88  0.19949933224839542  
  4128.38  0.19946066076224464  
  4128.88  0.19942202632929165  
  4129.38  0.19938337918964644  
  4129.88  0.1993447690769268   
  4130.38  0.199306146262569    
  4130.88  0.19926756044889013  
  4131.38  0.1992289867728848   
  4131.88  0.1991904004028181   
  4132.38  0.19915185099411217  
  4132.88  0.19911328889639437  
  4133.38  0.1990747637338541   
  4133.88  0.19903622588734962  
  4134.38  0.19899772494986487  
  4134.88  0.19895921133346164  
  4135.38  0.19892073459994564  
  4135.88  0.19888224519255507  
  4136.38  0.19884379264194454  
  4136.88  0.19880535217100703  
  4137.38  0.19876689903375666  
  4137.88  0.19872848271417695  
  4138.38  0.19869005373332377  
  4138.88  0.1986516615440971   
  4139.38  0.1986132566986344   
  4139.88  0.19857488861877928  
  4140.38  0.19853650788772378  
  4140.88  0.19849816389628208  
  4141.38  0.19845983193732192  
  4141.88  0.19842148733471057  
  4142.38  0.19838317943277356  
  4142.88  0.1983448588922164   
  4143.38  0.1983065750264025   
  4143.88  0.1982682785269976   
  4144.38  0.19823001867642998  
  4144.88  0.19819174619729868  
  4145.38  0.19815351034112366  
  4145.88  0.19811528647047402  
  4146.38  0.19807704997879744  
  4146.88  0.19803885007130656  
  4147.38  0.19800063754781144  
  4147.88  0.19796246158268346  
  4148.38  0.19792427300657212  
  4148.88  0.19788612096303412  
  4149.38  0.19784795631353178  
  4149.88  0.19780982817083398  
  4150.38  0.19777171196693938  
  4150.88  0.19773358316460454  
  4151.38  0.19769549083047178  
  4151.88  0.1976573859029132   
  4152.38  0.1976193174178499   
  4152.88  0.1975812363443733   
  4153.38  0.19754319168770995  
  4153.88  0.19750513444764398  
  4154.38  0.197467113598734    
  4154.88  0.1974291046421374   
  4155.38  0.19739108310964978  
  4155.88  0.19735309792988276  
  4156.38  0.19731510017923076  
  4156.88  0.1972771387557038   
  4157.38  0.19723916476629605  
  4157.88  0.19720122707844237  
  4158.38  0.1971632768297102   
  4158.88  0.1971253628569858   
  4159.38  0.19708746073031605  
  4159.88  0.19704954605026692  
  4160.38  0.1970116676079563   
  4160.88  0.19697377661726395  
  4161.38  0.1969359218388252   
  4161.89  0.1968972748766631   
  4162.39  0.19685944398503627  
  4162.89  0.19682162490353908  
  4163.39  0.1967837932861967   
  4163.89  0.1967459978172451   
  4164.39  0.19670818981743943  
  4164.89  0.19667041794062542  
  4165.39  0.19663263353794663  
  4165.89  0.19659488523288488  
  4166.39  0.19655712440694564  
  4166.89  0.19651939965327317  
  4167.39  0.19648168666387947  
  4167.89  0.1964439611610851   
  4168.39  0.1964062716925817   
  4168.89  0.19636856971566033  
  4169.39  0.19633090374774043  
  4169.89  0.1962932252763834   
  4170.39  0.1962555827887626   
  4170.89  0.19621792780268363  
  4171.39  0.19618030877509987  
  4171.89  0.1961427014661713   
  4172.39  0.19610508166624868  
  4172.89  0.19606749778700922  
  4173.39  0.19602990142175     
  4173.89  0.19599234095199342  
  4174.39  0.19595476800118952  
  4174.89  0.19591723092073174  
  4175.39  0.1958796813641973   
  4175.89  0.19584216765287665  
  4176.39  0.19580466561481336  
  4176.89  0.19576715110812487  
  4177.39  0.19572967240900088  
  4177.89  0.1956921812462176   
  4178.39  0.19565472586592658  
  4178.89  0.19561725802694035  
  4179.39  0.19557982594539813  
  4179.89  0.1955423814101228   
  4180.39  0.1955049726072673   
  4180.89  0.19546757543249582  
  4181.39  0.19543016581143016  
  4181.89  0.1953927918852968   
  4182.39  0.19535540551782676  
  4182.89  0.1953180548203246   
  4183.39  0.19528069168644133  
  4183.89  0.1952433641975853   
  4184.39  0.19520602427730196  
  4184.89  0.19516871997712912  
  4185.39  0.19513140325048076  
  4185.89  0.19509412211905003  
  4186.39  0.19505685256079403  
  4186.89  0.19501957058348587  
  4187.39  0.19498232416410455  
  4187.89  0.19494506533061828  
  4188.39  0.19490784203022535  
  4188.89  0.19487060632067266  
  4189.39  0.1948334061194035   
  4189.89  0.19479619351391803  
  4190.39  0.19475901639192994  
  4190.89  0.19472185079843723  
  4191.39  0.194684672808139    
  4191.89  0.19464753026420728  
  4192.39  0.19461037532840866  
  4192.89  0.19457325581424956  
  4193.39  0.19453612391316036  
  4193.89  0.19449902740900718  
  4194.39  0.19446191852285882  
  4194.89  0.1944248450089666   
  4195.39  0.19438778297911063  
  4195.89  0.19435070857465767  
  4196.39  0.1943136695054889   
  4196.89  0.19427661806665336  
  4197.39  0.19423960193848092  
  4197.89  0.19420257344557     
  4198.39  0.1941655802387245   
  4198.89  0.19412857467206693  
  4199.39  0.19409160436690054  
  4199.89  0.19405464550153018  
  4200.39  0.19401767428373312  
  4200.89  0.19398073829061363  
  4201.39  0.1939437899499892   
  4201.89  0.1939068768095265   
  4202.39  0.19386995132647877  
  4202.89  0.19383306101910022  
  4203.39  0.19379615837405462  
  4203.89  0.193759290880209    
  4204.39  0.19372243478213666  
  4204.89  0.19368556635376985  
  4205.39  0.19364873303994684  
  4205.89  0.19361188740074267  
  4206.39  0.19357507685167114  
  4206.89  0.19353825398212987  
  4207.39  0.19350146617833333  
  4207.89  0.19346466605897653  
  4208.39  0.19342790098099977  
  4208.89  0.1933911472549898   
  4209.39  0.19335438122077947  
  4209.89  0.19331765019144945  
  4210.39  0.1932809068588238   
  4210.89  0.19324419850677155  
  4211.39  0.1932074778563266   
  4211.89  0.19317079216217126  
  4212.39  0.1931340941745242   
  4212.89  0.19309743111890593  
  4213.39  0.1930607793716629   
  4213.89  0.19302411533827527  
  4214.39  0.19298748620057238  
  4214.89  0.19295084478162117  
  4215.39  0.1929142382341514   
  4215.89  0.19287761941032774  
  4216.39  0.1928410354338052   
  4216.89  0.1928044391858212   
  4217.39  0.19276787776098098  
  4217.89  0.192731327601138    
  4218.39  0.192694765177168    
  4218.89  0.19265823754015246  
  4219.39  0.1926216976438976   
  4219.89  0.19258519251049702  
  4220.39  0.19254867512274298  
  4220.89  0.19251219247376583  
  4221.39  0.1924756975753192   
  4221.89  0.19243923739159485  
  4222.39  0.19240276496328318  
  4222.89  0.1923663272256619   
  4223.39  0.19232990070030853  
  4223.89  0.1922934619376865   
  4224.39  0.19225705782975377  
  4224.89  0.19222064148942977  
  4225.39  0.19218425977982007  
  4225.89  0.19214786584269455  
  4226.39  0.19211150651233103  
  4226.89  0.19207513495932524  
  4227.39  0.19203879798915177  
  4227.89  0.19200247218833846  
  4228.39  0.19196613417218888  
  4228.89  0.1919298307030234   
  4229.39  0.19189351502339044  
  4229.89  0.19185723386686843  
  4230.39  0.19182094050474585  
  4230.89  0.19178468164188364  
  4231.39  0.19174841057828587  
  4231.89  0.19171217399012042  
  4232.39  0.19167594852861705  
  4232.89  0.1916397108736713   
  4233.39  0.19160350765846182  
  4233.89  0.1915672922546702   
  4234.39  0.19153111126684294  
  4234.89  0.19149491809529195  
  4235.39  0.1914587593159559   
  4235.89  0.1914225883577526   
  4236.39  0.19138645176803723  
  4236.89  0.19135032626249424  
  4237.39  0.19131418858536442  
  4237.89  0.19127808524117773  
  4238.39  0.19124196973025587  
  4238.89  0.1912058885286061   
  4239.39  0.19116979516507093  
  4239.89  0.19113373608715908  
  4240.39  0.19109766485220983  
  4240.89  0.19106162787925732  
  4241.39  0.19102560194819462  
  4241.89  0.19098956386736202  
  4242.39  0.19095356001313202  
  4242.89  0.19091754401397526  
  4243.4   0.19088084408426356  
  4243.9   0.19084487352652416  
  4244.4   0.19080891398250943  
  4244.9   0.1907729423032953   
  4245.4   0.19073700477981057  
  4245.9   0.1907010551259639   
  4246.4   0.19066513960434242  
  4246.9   0.19062921195719457  
  4247.4   0.19059331841878985  
  4247.9   0.1905574127596924   
  4248.4   0.1905215411858781   
  4248.9   0.19048568058384874  
  4249.4   0.1904498078683728   
  4249.9   0.19041396920303513  
  4250.4   0.19037811842907976  
  4250.9   0.19034230168185787  
  4251.4   0.19030647283084523  
  4251.9   0.1902706779831832   
  4252.4   0.19023487103655545  
  4252.9   0.19019909806991747  
  4253.4   0.19016333603332863  
  4253.9   0.1901275619050073   
  4254.4   0.19009182172167927  
  4254.9   0.19005606945143913  
  4255.4   0.19002035110288623  
  4255.9   0.18998462067223962  
  4256.4   0.18994892413999606  
  4256.9   0.18991321553047524  
  4257.4   0.18987754079609517  
  4257.9   0.18984185398925243  
  4258.4   0.18980620103430995  
  4258.9   0.1897705589586808   
  4259.4   0.18973490481780658  
  4259.9   0.18969928449401638  
  4260.4   0.18966365210979094  
  4260.9   0.18962805351946352  
  4261.4   0.18959244287350874  
  4261.9   0.1895568659982877   
  4262.4   0.18952127707224528  
  4262.9   0.189485721893794    
  4263.4   0.1894501775533689   
  4263.9   0.18941462116932717  
  4264.4   0.189379098498207    
  4264.9   0.18934356378827144  
  4265.4   0.18930806276816903  
  4265.9   0.18927254971405053  
  4266.4   0.18923707032669843  
  4266.9   0.18920157891012762  
  4267.4   0.189166121137278    
  4267.9   0.1891306741613674   
  4268.4   0.18909521516342995  
  4268.9   0.18905978977469     
  4269.4   0.18902435236871584  
  4269.9   0.1889889485489478   
  4270.4   0.18895353271673634  
  4270.9   0.1889181504477612   
  4271.4   0.18888275617113146  
  4271.9   0.18884739543478968  
  4272.4   0.18881204545449864  
  4272.9   0.18877668347373186  
  4273.4   0.18874135499887454  
  4273.9   0.1887060145283255   
  4274.4   0.18867070754079115  
  4274.9   0.18863538856234732  
  4275.4   0.1886001030440448   
  4275.9   0.18856480553961297  
  4276.4   0.1885295414724705   
  4276.9   0.18849428812068808  
  4277.4   0.18845902278994242  
  4277.9   0.18842379086225178  
  4278.4   0.18838854696037335  
  4278.9   0.18835333643875132  
  4279.4   0.188318113947715    
  4279.9   0.18828292481415773  
  4280.4   0.18824772371595785  
  4280.9   0.1882125559524808   
  4281.4   0.1881773988638696   
  4281.9   0.1881422298177689   
  4282.4   0.18810709407230036  
  4282.9   0.18807194637410912  
  4283.4   0.18803683195384693  
  4283.9   0.18800170558562704  
  4284.4   0.1879666124726542   
  4284.9   0.18793150741648676  
  4285.4   0.18789643559290553  
  4285.9   0.1878613744038913   
  4286.4   0.18782630127882263  
  4286.9   0.18779126135239227  
  4287.4   0.18775620949466568  
  4287.9   0.18772119081296937  
  4288.4   0.18768616020473322  
  4288.9   0.1876511627499403   
  4289.4   0.18761615337336196  
  4289.9   0.1875811771276609   
  4290.4   0.18754621147642211  
  4290.9   0.18751123391052527  
  4291.4   0.18747628944169975  
  4291.9   0.18744133306296573  
  4292.4   0.18740640975878953  
  4292.9   0.18737147454945258  
  4293.4   0.18733657239218093  
  4293.9   0.18730165833449433  
  4294.4   0.18726677730640137  
  4294.9   0.18723188438263738  
  4295.4   0.1871970244660163   
  4295.9   0.18716217509510244  
  4296.4   0.1871273138356291   
  4296.9   0.18709248554966523  
  4297.4   0.18705764537988098  
  4297.9   0.1870228381612076   
  4298.4   0.18698801906345106  
  4298.9   0.18695323289442758  
  4299.4   0.1869184348510562   
  4299.9   0.1868836697140609   
  4300.4   0.18684891508309565  
  4300.9   0.18681414858488102  
  4301.4   0.18677941495954947  
  4301.9   0.1867446694716991   
  4302.4   0.18670995683442662  
  4302.9   0.18667523233936387  
  4303.4   0.18664054067259456  
  4303.9   0.1866058371527617   
  4304.4   0.1865711664389584   
  4304.9   0.1865365061916985   
  4305.4   0.18650183409846072  
  4305.9   0.18646719477789916  
  4306.4   0.18643254361608153  
  4306.9   0.18639792520472792  
  4307.4   0.18636329495683823  
  4307.9   0.1863286974372209   
  4308.4   0.1862940880857856   
  4308.9   0.1862595114404516   
  4309.4   0.1862249452223638   
  4309.9   0.18619036717953066  
  4310.4   0.18615582180958434  
  4310.9   0.18612126461960599  
  4311.4   0.1860867400803947   
  4311.9   0.18605220372586265  
  4312.4   0.18601769999999845  
  4312.9   0.18598318446352297  
  4313.4   0.1859487015336365   
  4313.9   0.18591422899188728  
  4314.4   0.18587974464658655  
  4314.9   0.18584529287479848  
  4315.4   0.18581082930416354  
  4315.9   0.18577639828501344  
  4316.4   0.1857419554717192   
  4316.9   0.18570754518790245  
  4317.4   0.18567312311464232  
  4317.9   0.18563873354887264  
  4318.4   0.18560435433231856  
  4318.9   0.185569963333368    
  4319.4   0.1855356048089689   
  4319.9   0.1855012345068693   
  4320.4   0.18546689665738494  
  4320.9   0.18543254703489415  
  4321.4   0.18539822984310259  
  4321.9   0.18536390088299673  
  4322.4   0.18532960433169432  
  4322.9   0.1852953180908721   
  4323.4   0.1852610200887695   
  4323.9   0.18522675446266806  
  4324.4   0.18519247707997372  
  4324.91  0.18515752653123338  
  4325.41  0.1851232699628875   
  4325.91  0.18508904572664778  
  4326.41  0.18505483177080076  
  4326.91  0.18502060607011828  
  4327.41  0.1849864126688459   
  4327.91  0.18495220752741873  
  4328.41  0.18491803466362702  
  4328.91  0.18488385006435926  
  4329.41  0.18484969772097246  
  4329.91  0.18481553364678638  
  4330.41  0.18478140180674682  
  4330.91  0.1847472802086931   
  4331.41  0.18471314688685103  
  4331.91  0.18467904576659477  
  4332.41  0.18464493292722212  
  4332.91  0.1846108522677509   
  4333.41  0.18457675989383338  
  4333.91  0.18454269967815282  
  4334.41  0.18450862775269417  
  4334.91  0.18447458796382793  
  4335.41  0.1844405583787239   
  4335.91  0.18440651709083966  
  4336.41  0.18437250790712198  
  4336.91  0.18433848702528746  
  4337.41  0.1843044982260247   
  4337.91  0.18427049773330662  
  4338.41  0.18423652930158546  
  4338.91  0.18420254918106851  
  4339.41  0.18416860109999342  
  4339.91  0.18413464133478016  
  4340.41  0.1841007135874736   
  4340.91  0.18406679599745826  
  4341.41  0.18403286673028685  
  4341.91  0.18399896944875987  
  4342.41  0.18396506049472972  
  4342.91  0.1839311835048582   
  4343.41  0.1838972948471344   
  4343.91  0.1838634381321033   
  4344.41  0.18382956975386888  
  4344.91  0.18379573329688084  
  4345.41  0.1837619069593636   
  4345.91  0.18372806896561214  
  4346.41  0.18369426286097804  
  4346.91  0.183660445104754    
  4347.41  0.18362665921625015  
  4347.91  0.18359286168079864  
  4348.41  0.18355909599168993  
  4348.91  0.18352531866027388  
  4349.41  0.18349157315384282  
  4349.91  0.1834578377292418   
  4350.41  0.1834240906692896   
  4350.91  0.1833903754023258   
  4351.41  0.18335664850464645  
  4351.91  0.18332295337864657  
  4352.41  0.18328924662656473  
  4352.91  0.18325557162487302  
  4353.41  0.18322188500173114  
  4353.91  0.18318823010770952  
  4354.41  0.18315458525805592  
  4354.91  0.18312092879389538  
  4355.41  0.18308730402699028  
  4355.91  0.1830536676502052   
  4356.41  0.18302006294945442  
  4356.91  0.1829864466434486   
  4357.41  0.1829528619922753   
  4357.91  0.18291926574047018  
  4358.41  0.18288570112231525  
  4358.91  0.18285214651124407  
  4359.41  0.18281858030647127  
  4359.91  0.18278504570361503  
  4360.41  0.18275149951167544  
  4360.91  0.1827179849005185   
  4361.41  0.18268445870489466  
  4361.91  0.18265096406893885  
  4362.41  0.1826174578531306   
  4362.91  0.18258398317589516  
  4363.41  0.18255051846863585  
  4363.91  0.18251704218844142  
  4364.41  0.1824835974152165   
  4364.91  0.1824501410736661   
  4365.41  0.1824167162180382   
  4365.91  0.18238327979869265  
  4366.41  0.18234987484424167  
  4366.91  0.18231645833067886  
  4367.41  0.18228307326100204  
  4367.91  0.18224969812436928  
  4368.41  0.1822163114355291   
  4368.91  0.18218295615910132  
  4369.41  0.1821495893350671   
  4369.91  0.18211625390248468  
  4370.41  0.1820829069268949   
  4370.91  0.18204959132181536  
  4371.41  0.1820162641783257   
  4371.91  0.18198296838442377  
  4372.41  0.1819496824868085   
  4372.91  0.18191638505767463  
  4373.41  0.18188311894678394  
  4373.91  0.181849841308967    
  4374.41  0.18181659496851854  
  4374.91  0.18178333710573433  
  4375.41  0.18175011051946285  
  4375.91  0.18171687241544415  
  4376.41  0.18168366556710147  
  4376.91  0.18165044720559823  
  4377.41  0.1816172600789533   
  4377.91  0.18158408280390476  
  4378.41  0.1815508940225713   
  4378.91  0.18151773644490846  
  4379.41  0.18148456736554255  
  4379.91  0.18145142946907686  
  4380.41  0.18141828007548813  
  4380.91  0.18138516184404815  
  4381.41  0.18135203212006312  
  4381.91  0.18131893353749434  
  4382.41  0.18128584477014906  
  4382.91  0.18125274451712137  
  4383.41  0.18121967537444986  
  4383.91  0.18118659475066917  
  4384.41  0.18115354521655924  
  4384.91  0.18112048420591148  
  4385.41  0.18108745426426784  
  4385.91  0.18105441285065574  
  4386.41  0.1810214024854      
  4386.91  0.18098840189916626  
  4387.41  0.18095538984781387  
  4387.91  0.1809224088138846   
  4388.41  0.18088941631940125  
  4388.91  0.18085645482174015  
  4389.41  0.18082348186808764  
  4389.91  0.18079053989067514  
  4390.41  0.18075758646183207  
  4390.91  0.1807246639886655   
  4391.41  0.18069175125848994  
  4391.91  0.18065882708372055  
  4392.41  0.1806259338338208   
  4392.91  0.18059302914388323  
  4393.41  0.1805601553582984   
  4393.91  0.18052727013722983  
  4394.41  0.18049441580001577  
  4394.91  0.18046155003187012  
  4395.41  0.18042871512709938  
  4395.91  0.18039588992945807  
  4396.41  0.18036305330770896  
  4396.91  0.1803302475186535   
  4397.41  0.18029743031003767  
  4397.91  0.18026464391368222  
  4398.41  0.18023184610231183  
  4398.91  0.18019907908278712  
  4399.41  0.18016630065279102  
  4399.91  0.1801335529942444   
  4400.41  0.18010081500713412  
  4400.91  0.18006806561636338  
  4401.41  0.18003534696648577  
  4401.91  0.18000261691748645  
  4402.41  0.1799699175890303   
  4402.91  0.1799372068659892   
  4403.41  0.1799045268431597   
  4403.91  0.17987183543028015  
  4404.41  0.17983917469729901  
  4404.91  0.17980652360022858  
  4405.41  0.1797738611199062   
  4405.91  0.17974122928905018  
  4406.42  0.1797079559964673   
  4406.92  0.17967532260537536  
  4407.42  0.17964271983315694  
  4407.92  0.17961012667318152  
  4408.42  0.17957752214358247  
  4408.92  0.17954494820250771  
  4409.42  0.17951236289633368  
  4409.92  0.17947980815847184  
  4410.42  0.17944724206003312  
  4410.92  0.17941470650971275  
  4411.42  0.17938215960333606  
  4411.92  0.1793496432249021   
  4412.42  0.1793171154949304   
  4412.92  0.17928461827274408  
  4413.42  0.17925213061974188  
  4413.92  0.17921963162197557  
  4414.42  0.17918716310179594  
  4414.92  0.17915468324136605  
  4415.42  0.17912223383841092  
  4415.92  0.17908977309971744  
  4416.42  0.17905734279840502  
  4416.92  0.17902490116586423  
  4417.42  0.17899248995062894  
  4417.92  0.1789600882695312   
  4418.42  0.17892767526396575  
  4418.92  0.17889529264562962  
  4419.42  0.17886289870733096  
  4419.92  0.17883053513623134  
  4420.42  0.1787981602496725   
  4420.92  0.17876581571030034  
  4421.42  0.1787334598599704   
  4421.92  0.1787011343368329   
  4422.42  0.17866881831295026  
  4422.92  0.1786364909848576   
  4423.42  0.1786041939540031   
  4423.92  0.17857188562343515  
  4424.42  0.1785396075701561   
  4424.92  0.17850731822165838  
  4425.42  0.17847505913051837  
  4425.92  0.1784427887486524   
  4426.42  0.17841054860423083  
  4426.92  0.17837831792434428  
  4427.42  0.17834607596046667  
  4427.92  0.17831386420420034  
  4428.42  0.17828164116843104  
  4428.92  0.17824944832040449  
  4429.42  0.17821724419736099  
  4429.92  0.17818507024220967  
  4430.42  0.17815288501652565  
  4430.92  0.178120729938901    
  4431.42  0.17808858429125352  
  4431.92  0.1780564273797953   
  4432.42  0.17802430058668398  
  4432.92  0.1779921625342413   
  4433.42  0.17796005458035735  
  4433.92  0.17792793537161952  
  4434.42  0.17789584624167     
  4434.92  0.17786374586134227  
  4435.42  0.17783167554005017  
  4435.92  0.1777996146143385   
  4436.42  0.17776754244495763  
  4436.92  0.17773550030501994  
  4437.42  0.17770344692588388  
  4437.92  0.1776714235564827   
  4438.42  0.177639388952352    
  4438.92  0.17760738433826562  
  4439.42  0.17757536849391675  
  4439.92  0.1775433826199392   
  4440.42  0.17751140610730545  
  4440.92  0.17747941837110545  
  4441.42  0.17744746057580363  
  4441.92  0.17741549156139777  
  4442.42  0.1773835524682613   
  4442.92  0.1773516021604811   
  4443.42  0.17731968175435905  
  4443.92  0.1772877501380517   
  4444.42  0.17725584840380887  
  4444.92  0.1772239559968325   
  4445.42  0.1771920523863541   
  4445.92  0.17716017862858588  
  4446.42  0.1771282936717693   
  4446.92  0.17709643854811313  
  4447.42  0.17706457222986038  
  4447.92  0.1770327357252358   
  4448.42  0.17700088803046443  
  4448.92  0.17696907012980653  
  4449.42  0.17693724104344974  
  4449.92  0.17690544173170916  
  4450.42  0.1768736517057996   
  4450.92  0.1768418505008587   
  4451.42  0.17681007904132406  
  4451.92  0.17677829640720122  
  4452.42  0.17674654349903096  
  4452.92  0.17671477942071379  
  4453.42  0.17668304504891294  
  4453.92  0.17665129951140454  
  4454.42  0.17661958366099362  
  4454.92  0.176587877062687    
  4455.42  0.1765561593053275   
  4455.92  0.17652447120597295  
  4456.42  0.17649277195200008  
  4456.92  0.17646110233665668  
  4457.42  0.17642942157112765  
  4457.92  0.17639777042486995  
  4458.42  0.17636610813285736  
  4458.92  0.17633447544077532  
  4459.42  0.1763028519672272   
  4459.92  0.17627121735456608  
  4460.42  0.1762396123128597   
  4460.92  0.17620799613646634  
  4461.42  0.17617640951173003  
  4461.92  0.1761448117567308   
  4462.42  0.17611324353410823  
  4462.92  0.17608166418564494  
  4463.42  0.17605011435029508  
  4463.92  0.17601857370006432  
  4464.42  0.17598702193062185  
  4464.92  0.1759554996454333   
  4465.42  0.17592396624545045  
  4465.92  0.17589246231050126  
  4466.42  0.17586094726517335  
  4466.92  0.1758294616656759   
  4467.42  0.17579796496021333  
  4467.92  0.1757664976813953   
  4468.42  0.17573503955443615  
  4468.92  0.175703570328128    
  4469.42  0.17567213049972052  
  4469.92  0.17564067957637297  
  4470.42  0.17560925803178276  
  4470.92  0.17557782539665948  
  4471.42  0.17554642212116733  
  4471.92  0.1755150077595471   
  4472.42  0.1754836227384489   
  4472.92  0.17545224683610308  
  4473.42  0.17542085985423253  
  4473.92  0.1753895021842552   
  4474.42  0.17535813343915338  
  4474.92  0.17532679398687817  
  4475.42  0.17529544346387693  
  4475.92  0.17526412221465257  
  4476.42  0.17523278989909866  
  4476.92  0.17520148683828887  
  4477.42  0.1751701928632779   
  4477.92  0.17513888782852785  
  4478.42  0.17510761202000769  
  4478.92  0.17507632515614024  
  4479.42  0.17504506749951218  
  4479.92  0.17501379879192674  
  4480.42  0.1749825592726071   
  4480.92  0.17495130870671807  
  4481.42  0.1749200873101382   
  4481.92  0.17488887496655545  
  4482.42  0.17485765158298094  
  4482.92  0.17482645734031524  
  4483.42  0.17479525206204094  
  4483.92  0.17476407590576082  
  4484.42  0.17473288871825346  
  4484.92  0.17470173063384248  
  4485.42  0.17467056152258364  
  4485.92  0.17463942149554018  
  4486.42  0.17460829048884344  
  4486.92  0.17457714846186373  
  4487.42  0.17454603549081232  
  4487.92  0.1745149115038526   
  4488.43  0.17448317592850082  
  4488.93  0.17445207015267053  
  4489.43  0.17442099339491318  
  4489.93  0.1743899256321377   
  4490.43  0.17435884686442665  
  4490.93  0.17432779708658944  
  4491.43  0.17429673630818462  
  4491.93  0.17426570450087317  
  4492.43  0.17423466169736024  
  4492.93  0.1742036478461767   
  4493.43  0.17417262300315597  
  4493.93  0.17414162709371733  
  4494.43  0.17411064014687713  
  4494.93  0.1740796422147418   
  4495.43  0.17404867318810183  
  4495.93  0.1740176931805262   
  4496.43  0.17398674205974018  
  4496.93  0.17395577996237613  
  4497.43  0.17392484673311245  
  4497.93  0.17389390253162645  
  4498.43  0.17386298717956813  
  4498.93  0.1738320608596413   
  4499.43  0.17380116337048607  
  4499.93  0.17377027480455123  
  4500.43  0.17373937527727432  
  4500.93  0.17370850455281875  
  4501.43  0.17367762287137017  
  4501.93  0.17364676997412806  
  4502.43  0.17361590612424008  
  4502.93  0.17358507103996018  
  4503.43  0.17355422500737971  
  4503.93  0.17352340772182534  
  4504.43  0.1734925993274375   
  4504.93  0.17346177999126275  
  4505.43  0.1734309893742749   
  4505.93  0.17340018781984076  
  4506.43  0.17336941496605254  
  4506.93  0.17333863117915665  
  4507.43  0.1733078760743822   
  4507.93  0.17327711004083682  
  4508.43  0.17324637267090465  
  4508.93  0.1732156441602321   
  4509.43  0.17318490472728962  
  4509.93  0.17315419393023163  
  4510.43  0.17312347221523572  
  4510.93  0.17309277911765697  
  4511.43  0.17306207510647045  
  4511.93  0.17303139969425     
  4512.43  0.17300071337275003  
  4512.93  0.17297005563178136  
  4513.43  0.17293940671831162  
  4513.93  0.17290874690205052  
  4514.43  0.172878115638702    
  4514.93  0.17284747347688567  
  4515.43  0.17281685984958772  
  4515.93  0.17278623532814366  
  4516.43  0.17275563932284002  
  4516.93  0.17272503242771003  
  4517.43  0.17269445403035869  
  4517.93  0.17266388442889094  
  4518.43  0.17263330394407225  
  4518.93  0.17260275192952287  
  4519.43  0.17257218903593763  
  4519.93  0.1725416545943004   
  4520.43  0.17251110927794042  
  4520.93  0.1724805923952233   
  4521.43  0.17245006464209467  
  4521.93  0.17241956530431984  
  4522.43  0.17238907473095774  
  4522.93  0.17235857329364682  
  4523.43  0.1723281002442892   
  4523.93  0.17229761633528937  
  4524.43  0.17226716079599394  
  4524.93  0.17223669440136094  
  4525.43  0.17220625635819958  
  4525.93  0.1721758074640035   
  4526.43  0.17214538690306225  
  4526.93  0.1721149750752066   
  4527.43  0.17208455240276616  
  4527.93  0.17205415803628843  
  4528.43  0.17202375282952392  
  4528.93  0.1719933759105454   
  4529.43  0.1719629881555763   
  4529.93  0.17193262867023243  
  4530.43  0.17190225835319228  
  4530.93  0.17187191628763254  
  4531.43  0.17184158292397422  
  4531.93  0.17181123873505694  
  4532.43  0.17178092277043558  
  4532.93  0.17175059598484482  
  4533.43  0.17172029740544506  
  4533.93  0.17168998800936364  
  4534.43  0.17165970680138404  
  4534.93  0.17162941478100863  
  4535.43  0.1715991509306619   
  4535.93  0.17156887627220327  
  4536.43  0.1715386297657159   
  4536.93  0.17150839192320874  
  4537.43  0.1714781432790114   
  4537.93  0.17144792275973192  
  4538.43  0.17141769144304153  
  4538.93  0.17138748823325123  
  4539.43  0.17135727423032737  
  4539.93  0.17132708831630164  
  4540.43  0.17129689161341785  
  4540.93  0.17126672298144593  
  4541.43  0.17123656298258483  
  4541.93  0.1712063922012747   
  4542.43  0.1711762494639296   
  4542.93  0.1711460959484063   
  4543.43  0.17111597045890117  
  4543.93  0.17108583419548679  
  4544.43  0.17105572594015944  
  4544.93  0.17102560691518987  
  4545.43  0.17099551588039197  
  4545.93  0.17096543344797588  
  4546.43  0.17093534025231394  
  4546.93  0.17090527501998282  
  4547.43  0.17087519902866818  
  4547.93  0.1708451509828081   
  4548.43  0.17081509218222501  
  4548.93  0.17078506130923593  
  4549.43  0.17075501968578238  
  4549.93  0.1707250059720779   
  4550.43  0.1706950008301659   
  4550.93  0.1706649849441731   
  4551.43  0.1706349969411941   
  4551.93  0.17060499819838817  
  4552.43  0.17057502732079008  
  4552.93  0.17054504570761708  
  4553.43  0.17051509194186149  
  4553.93  0.1704851274447812   
  4554.43  0.17045519077734345  
  4554.93  0.17042526265124763  
  4555.43  0.17039532380019823  
  4555.93  0.17036541275216097  
  4556.43  0.17033549098341552  
  4556.93  0.17030559699994618  
  4557.43  0.17027569230001224  
  4557.93  0.17024581536763386  
  4558.43  0.1702159277230326   
  4558.93  0.17018606782828177  
  4559.43  0.1701562164445605   
  4559.93  0.17012635435497478  
  4560.43  0.17009651998871358  
  4560.93  0.170066674920825    
  4561.43  0.17003685755859443  
  4561.93  0.17000702949897162  
  4562.43  0.16997722912735572  
  4562.93  0.16994741806258085  
  4563.43  0.16991763466817722  
  4563.93  0.1698878597546281   
  4564.43  0.1698580741542658   
  4564.93  0.16982831619785282  
  4565.43  0.16979854755885523  
  4565.93  0.16976880654620968  
  4566.43  0.1697390548552063   
  4566.93  0.16970933077297295  
  4567.43  0.16967959601660668  
  4567.93  0.16964988885144378  
  4568.43  0.1696201901370969   
  4568.93  0.16959048075495023  
  4569.43  0.16956079893768844  
  4569.94  0.16953053332606427  
  4570.44  0.16950084945666458  
  4570.94  0.16947119312569092  
  4571.44  0.16944152613750593  
  4571.94  0.16941188667024157  
  4572.44  0.16938225562714132  
  4572.94  0.16935261393315162  
  4573.44  0.16932299973385584  
  4573.94  0.16929337488788337  
  4574.44  0.16926377751913743  
  4574.94  0.16923416950792564  
  4575.44  0.1692045889564882   
  4575.94  0.1691749977667939   
  4576.44  0.16914543401943702  
  4576.94  0.16911587866646194  
  4577.44  0.1690863126815393   
  4577.94  0.1690567741128298   
  4578.44  0.1690272249163771   
  4578.94  0.16899770311873832  
  4579.44  0.16896817069755882  
  4579.94  0.16893866565780932  
  4580.44  0.16890914999871964  
  4580.94  0.16887966170369104  
  4581.44  0.1688501817733963   
  4581.94  0.1688206912300582   
  4582.44  0.1687912280247588   
  4582.94  0.16876175421061193  
  4583.44  0.16873230771717257  
  4583.94  0.16870285061907986  
  4584.44  0.16867342082437842  
  4584.94  0.16864398042921586  
  4585.44  0.16861456732014335  
  4585.94  0.1685851625462905   
  4586.44  0.16855574717826072  
  4586.94  0.16852635907040014  
  4587.44  0.16849696037255021  
  4587.94  0.16846758891760577  
  4588.44  0.16843820687685768  
  4588.94  0.16840885206176637  
  4589.44  0.16837948666505523  
  4589.94  0.16835014847676716  
  4590.44  0.16832081859431744  
  4590.94  0.16829147813651948  
  4591.44  0.1682621648613247   
  4591.94  0.16823284101496086  
  4592.44  0.1682035443340037   
  4592.94  0.16817423708605486  
  4593.44  0.1681449569863311   
  4593.94  0.16811566632379119  
  4594.44  0.16808640279230963  
  4594.94  0.16805714753741735  
  4595.44  0.16802788172596794  
  4595.94  0.16799864301985745  
  4596.44  0.16796939376136075  
  4596.94  0.16794017159107338  
  4597.44  0.1679109388725687   
  4597.94  0.16788173322515865  
  4598.44  0.16785251703369844  
  4598.94  0.16782332789623283  
  4599.44  0.16779414700623888  
  4599.94  0.16776495557844134  
  4600.44  0.16773579117901893  
  4600.94  0.16770661624595545  
  4601.44  0.16767746832420408  
  4601.94  0.16764830987297225  
  4602.44  0.16761917841600424  
  4602.94  0.16759003643371456  
  4603.44  0.16756092142865517  
  4603.94  0.16753181464208058  
  4604.44  0.16750269733641834  
  4604.94  0.16747360698246638  
  4605.44  0.16744450611358097  
  4605.94  0.16741543217940905  
  4606.44  0.1673863477344559   
  4606.94  0.16735729020723417  
  4607.44  0.16732822217338167  
  4607.94  0.1672991810402931   
  4608.44  0.16727012940472236  
  4608.94  0.1672411046529627   
  4609.44  0.16721208808443583  
  4609.94  0.16718306101964558  
  4610.44  0.1671540608132673   
  4610.94  0.1671250501147696   
  4611.44  0.16709606625776768  
  4611.94  0.1670670719127884   
  4612.44  0.1670381043924032   
  4612.94  0.16700912638818094  
  4613.44  0.1669801751916656   
  4613.94  0.16695123214968421  
  4614.44  0.16692227863007206  
  4614.94  0.1668933518928661   
  4615.44  0.16686441468216504  
  4615.94  0.16683550423701943  
  4616.44  0.16680658332251252  
  4616.94  0.16677768915672478  
  4617.44  0.1667487845257077   
  4617.94  0.16671990662658806  
  4618.44  0.16669103685343203  
  4618.94  0.16666215662124045  
  4619.44  0.16663330309574348  
  4619.94  0.16660443911533834  
  4620.44  0.1665756018248423   
  4620.94  0.1665467540835635   
  4621.44  0.16651793301542264  
  4621.94  0.1664891015006227   
  4622.44  0.16646029664220402  
  4622.94  0.16643149988130637  
  4623.44  0.16640269267993102  
  4623.94  0.16637391210983152  
  4624.44  0.16634512110337338  
  4624.94  0.16631635671147035  
  4625.44  0.16628758188732587  
  4625.94  0.16625883366103025  
  4626.44  0.16623007500660844  
  4626.94  0.16620134293334354  
  4627.44  0.16617261892928417  
  4627.94  0.16614388450326764  
  4628.44  0.16611517663339953  
  4628.94  0.16608645834568495  
  4629.44  0.16605776659746269  
  4629.94  0.16602906443550283  
  4630.44  0.16600038879639345  
  4630.94  0.16597170274765355  
  4631.44  0.16594304320513653  
  4631.94  0.16591439170363606  
  4632.44  0.16588572979866154  
  4632.94  0.16585709437499802  
  4633.44  0.1658284485519629   
  4633.94  0.16579982919364689  
  4634.44  0.1657711994400599   
  4634.94  0.16574259613461434  
  4635.44  0.1657139824379966   
  4635.94  0.1656853951729568   
  4636.44  0.16565681592087014  
  4636.94  0.16562822628375543  
  4637.44  0.16559966305340273  
  4637.94  0.16557108944211615  
  4638.44  0.1655425422210636   
  4638.94  0.1655139846231695   
  4639.44  0.16548545339899562  
  4639.94  0.16545691180207073  
  4640.44  0.16542839656236635  
  4640.94  0.16539988930767682  
  4641.44  0.16537137168636795  
  4641.94  0.16534288039755926  
  4642.44  0.16531437874621716  
  4642.94  0.16528590341091087  
  4643.44  0.16525741771715524  
  4643.94  0.16522895832298518  
  4644.44  0.16520048857444802  
  4644.94  0.1651720451090602   
  4645.44  0.16514359129338577  
  4645.94  0.16511516374443852  
  4646.44  0.16508674414652783  
  4646.94  0.16505831420444708  
  4647.44  0.16502991050448926  
  4647.94  0.16500149646443724  
  4648.44  0.16497310865012116  
  4648.94  0.16494471049978487  
  4649.44  0.16491633855881144  
  4649.94  0.16488795628589     
  4650.44  0.16485960020597243  
  4650.94  0.1648312520494285   
  4651.45  0.16480230969189974  
  4651.95  0.16477397754111092  
  4652.45  0.16474563506858775  
  4652.95  0.16471731874806655  
  4653.45  0.16468901033554129  
  4653.95  0.16466069160737895  
  4654.45  0.1646323990067614   
  4654.95  0.1646040960945698   
  4655.45  0.16457581929363388  
  4655.95  0.16454753218518509  
  4656.45  0.1645192711717167   
  4656.95  0.16449099985479484  
  4657.45  0.16446275461659202  
  4657.95  0.16443449907899327  
  4658.45  0.1644062696038661   
  4658.95  0.16437804800317452  
  4659.45  0.1643498161091692   
  4659.95  0.16432161025329287  
  4660.45  0.16429339410815577  
  4660.95  0.1642652039849348   
  4661.45  0.16423700357650417  
  4661.95  0.16420882917379068  
  4662.45  0.16418064448991682  
  4662.95  0.1641524857955749   
  4663.45  0.16412433494834558  
  4663.95  0.16409617382602582  
  4664.45  0.16406803866898856  
  4664.95  0.16403989324090562  
  4665.45  0.16401177376195447  
  4665.95  0.16398364401600052  
  4666.45  0.16395554020304137  
  4666.95  0.16392742612712058  
  4667.45  0.16389933796807124  
  4667.95  0.16387125762893254  
  4668.45  0.16384316703288979  
  4668.95  0.16381510232956198  
  4669.45  0.16378702737336662  
  4669.95  0.16375897829379718  
  4670.45  0.163730918965395    
  4670.95  0.16370288549754344  
  4671.45  0.16367484178489203  
  4671.95  0.1636468239167296   
  4672.45  0.16361881384139626  
  4672.95  0.1635907935273083   
  4673.45  0.16356279903364518  
  4673.95  0.1635347943052558   
  4674.45  0.16350681538126374  
  4674.95  0.163478826226572    
  4675.45  0.1634508628602637   
  4675.95  0.16342288926728044  
  4676.45  0.16339494144668035  
  4676.95  0.1633670013919474   
  4677.45  0.16333905111657251  
  4677.95  0.1633111265896085   
  4678.45  0.16328319184602272  
  4678.95  0.16325528283488144  
  4679.45  0.16322736361113682  
  4679.95  0.16319947010388391  
  4680.45  0.1631715663880442   
  4680.95  0.16314368837275703  
  4681.45  0.1631158180964942   
  4681.95  0.16308793761766538  
  4682.45  0.16306008281550813  
  4682.95  0.16303221781479693  
  4683.45  0.16300437847485189  
  4683.95  0.1629765289403631   
  4684.45  0.16294870505074852  
  4684.95  0.16292087097059857  
  4685.45  0.16289306251944438  
  4685.95  0.16286526178059027  
  4686.45  0.16283745085720924  
  4686.95  0.16280966553903414  
  4687.45  0.16278187004033604  
  4687.95  0.16275410013099903  
  4688.45  0.16272632004514107  
  4688.95  0.16269856553281278  
  4689.45  0.1626708008479638   
  4689.95  0.1626430617208265   
  4690.45  0.16261533027938266  
  4690.95  0.16258758867141443  
  4691.45  0.16255987259745858  
  4691.95  0.16253214636097402  
  4692.45  0.16250444564271735  
  4692.95  0.16247673476592586  
  4693.45  0.1624490493915911   
  4693.95  0.16242135386271364  
  4694.45  0.16239368382053507  
  4694.95  0.16236600362780407  
  4695.45  0.16233834890602752  
  4695.95  0.1623107018375842   
  4696.45  0.16228304462456977  
  4696.95  0.16225541285892064  
  4697.45  0.16222777095268623  
  4697.95  0.16220015447810582  
  4698.45  0.1621725278669241   
  4698.95  0.1621449266716985   
  4699.45  0.16211731534385374  
  4699.95  0.16208972941628044  
  4700.45  0.1620621511156933   
  4700.95  0.16203456268845623  
  4701.45  0.162006999637991    
  4701.95  0.1619794264648535   
  4702.45  0.16195187865283628  
  4702.95  0.1619243207221226   
  4703.45  0.16189678813689087  
  4703.95  0.16186924543693673  
  4704.45  0.16184172806683944  
  4704.95  0.1618142182974971   
  4705.45  0.16178669841938942  
  4705.95  0.16175920384772813  
  4706.45  0.161731699171271    
  4706.95  0.16170421978566812  
  4707.45  0.16167673029923715  
  4707.95  0.16164926608808136  
  4708.45  0.16162179178006342  
  4708.95  0.16159434273175483  
  4709.45  0.16156690125808515  
  4709.95  0.1615394496934982   
  4710.45  0.1615120233652989   
  4710.95  0.16148458695014375  
  4711.45  0.1614571757558432   
  4711.95  0.1614297544785464   
  4712.45  0.16140235840658423  
  4712.95  0.16137495225558365  
  4713.45  0.16134757129441077  
  4713.95  0.16132019788187532  
  4714.45  0.1612928143962342   
  4714.95  0.16126545607718742  
  4715.45  0.16123808768898837  
  4715.95  0.16121074445190933  
  4716.45  0.16118339114962957  
  4716.95  0.16115606298300864  
  4717.45  0.16112872475513668  
  4717.95  0.16110141164747535  
  4718.45  0.1610741060625638   
  4718.95  0.16104679042232195  
  4719.45  0.16101949987914518  
  4719.95  0.16099219928458333  
  4720.45  0.16096492377167088  
  4720.95  0.16093763821131676  
  4721.45  0.16091037771720923  
  4721.95  0.1608831071796018   
  4722.45  0.1608558616928511   
  4722.95  0.160828623703076    
  4723.45  0.16080137567570948  
  4723.95  0.16077415267614176  
  4724.45  0.16074691964291982  
  4724.95  0.1607197116221391   
  4725.45  0.16069249357163967  
  4725.95  0.16066530051823683  
  4726.45  0.16063809743904883  
  4726.95  0.16061091934162583  
  4727.45  0.16058374871551687  
  4727.95  0.1605565680695192   
  4728.45  0.16052941238231555  
  4728.95  0.16050224667915233  
  4729.45  0.16047510591948358  
  4729.95  0.1604479551477826   
  4730.45  0.1604208293042894   
  4730.95  0.16039369345268956  
  4731.45  0.16036658251402364  
  4731.95  0.16033946157117487  
  4732.45  0.16031236552599895  
  4732.96  0.1602847362711094   
  4733.46  0.16025765525173855  
  4733.96  0.1602305642360649   
  4734.46  0.16020349808743342  
  4734.96  0.16017642194641757  
  4735.46  0.16014937065722126  
  4735.96  0.16012232679111751  
  4736.46  0.16009527293850298  
  4736.96  0.16006824391490057  
  4737.46  0.1600412049087014   
  4737.96  0.16001419071632364  
  4738.46  0.15998716654526127  
  4738.96  0.15996016717284242  
  4739.46  0.15993315782564935  
  4739.96  0.15990617326193451  
  4740.46  0.15987919609597326  
  4740.96  0.15985220896109933  
  4741.46  0.15982524658698213  
  4741.96  0.1597982742478582   
  4742.46  0.15977132665435748  
  4742.96  0.15974436909975415  
  4743.46  0.15971743627565319  
  4743.96  0.15969049349435202  
  4744.46  0.1596635754284451   
  4744.96  0.1596366647350631   
  4745.46  0.15960974409033052  
  4745.96  0.15958284813835596  
  4746.46  0.15955594223892872  
  4746.96  0.15952906101718292  
  4747.46  0.15950216985188057  
  4747.96  0.15947530334919563  
  4748.46  0.15944842690684852  
  4748.96  0.15942157511206742  
  4749.46  0.15939473066469265  
  4749.96  0.15936787628349325  
  4750.46  0.15934104652730882  
  4750.96  0.15931420684118966  
  4751.46  0.1592873917650655   
  4751.96  0.1592605667628948   
  4752.46  0.15923376635571163  
  4752.96  0.15920695602636828  
  4753.46  0.15918017027701759  
  4753.96  0.15915339185006377  
  4754.46  0.15912660350677532  
  4754.96  0.15909983972101313  
  4755.46  0.15907306602279828  
  4755.96  0.159046316867146    
  4756.46  0.1590195578029212   
  4756.96  0.15899282326630795  
  4757.46  0.15896607882500055  
  4757.96  0.15893935889636596  
  4758.46  0.15891264626522747  
  4758.96  0.15888592373520846  
  4759.46  0.1588592256954801   
  4759.96  0.15883251776074522  
  4760.46  0.15880583430139344  
  4760.96  0.1587791409509073   
  4761.46  0.15875247206090917  
  4761.96  0.15872579328364717  
  4762.46  0.15869913895199045  
  4762.96  0.15867249189303712  
  4763.46  0.15864583495262155  
  4763.96  0.15861920243551295  
  4764.46  0.1585925600408081   
  4764.96  0.15856594205455854  
  4765.46  0.15853931419457698  
  4765.96  0.1585127107282113   
  4766.46  0.15848609739197614  
  4766.96  0.1584595084345299   
  4767.46  0.15843290961107484  
  4767.96  0.1584063351515941   
  4768.46  0.15837976793466035  
  4768.96  0.15835319085750485  
  4769.46  0.15832663812212727  
  4769.96  0.15830007553038422  
  4770.46  0.15827353726563523  
  4770.96  0.15824698914837534  
  4771.46  0.15822046534333797  
  4771.96  0.1581939316896424   
  4772.46  0.15816742233341016  
  4772.96  0.1581409201951704   
  4773.46  0.15811440821404765  
  4773.96  0.15808792050827472  
  4774.46  0.15806142296346715  
  4774.96  0.15803494967928083  
  4775.46  0.15800846655990647  
  4775.96  0.157982007686437    
  4776.46  0.15795553898162432  
  4776.96  0.15792909450801237  
  4777.46  0.15790265722794466  
  4777.96  0.1578762101222971   
  4778.46  0.15784978722581935  
  4778.96  0.15782335450760215  
  4779.46  0.15779694598388114  
  4779.5   0.15779482069055276  
  4780.5   0.15774202633580822  
  4781.5   0.15768924369493115  
  4782.5   0.1576364897484683   
  4783.5   0.15758376447482528  
  4784.5   0.15753106785242843  
  4785.5   0.15747839985972475  
  4786.5   0.157425760475182    
  4787.5   0.15737314967728872  
  4788.5   0.157320567444554    
  4789.5   0.15726801375550759  
  4790.5   0.15721550548954225  
  4791.5   0.1571630088143745   
  4792.5   0.15711054061861485  
  4793.5   0.15705810088087532  
  4794.5   0.15700568957978855  
  4795.5   0.15695330669400762  
  4796.5   0.15690095220220612  
  4797.5   0.15684862608307798  
  4798.5   0.15679632831533774  
  4799.5   0.156744075696286    
  4800.5   0.1566918345584384   
  4801.5   0.1566396217082511   
  4802.5   0.1565874371245199   
  4803.5   0.1565352807860611   
  4804.5   0.15648315267171112  
  4805.5   0.15643105276032668  
  4806.5   0.1563789810307848   
  4807.5   0.1563269374619826   
  4808.5   0.15627493876968032  
  4809.5   0.15622295145008305  
  4810.5   0.15617099222804484  
  4811.5   0.1561190610825434   
  4812.5   0.15606715799257664  
  4813.5   0.1560152829371625   
  4814.5   0.15596343589533895  
  4815.5   0.15591161684616398  
  4816.5   0.15585982576871565  
  4817.5   0.1558080792977606   
  4818.5   0.15575634409209344  
  4819.5   0.15570463679551338  
  4820.5   0.15565295738717824  
  4821.5   0.15560130584626564  
  4822.5   0.15554968215197312  
  4823.5   0.15549808628351802  
  4824.5   0.15544651822013753  
  4825.5   0.15539497794108859  
  4826.5   0.15534346542564795  
  4827.5   0.1552919972192249   
  4828.5   0.15524054015999084  
  4829.5   0.1551891108023203   
  4830.5   0.15513770912556887  
  4831.5   0.15508633510911177  
  4832.5   0.15503498873234384  
  4833.5   0.15498366997467955  
  4834.5   0.154932378815553    
  4835.5   0.15488111523441772  
  4836.5   0.1548298956968288   
  4837.5   0.15477868720125565  
  4838.5   0.1547275062221584   
  4839.5   0.1546763527390687   
  4840.5   0.15462522673153772  
  4841.5   0.1545741281791359   
  4842.5   0.1545230570614532   
  4843.5   0.1544720133580989   
  4844.5   0.1544209970487017   
  4845.5   0.1543700245194948   
  4846.5   0.15431906292817466  
  4847.5   0.15426812866982012  
  4848.5   0.15421722172413702  
  4849.5   0.15416634207085053  
  4850.5   0.15411548968970498  
  4851.5   0.154064664560464    
  4852.5   0.1540138666629103   
  4853.5   0.15396309597684582  
  4854.5   0.1539123688097099   
  4855.5   0.15386165247736416  
  4856.5   0.15381096329603458  
  4857.5   0.15376030124559947  
  4858.5   0.15370966630595623  
  4859.5   0.15365905845702124  
  4860.5   0.15360847767872995  
  4861.5   0.15355792395103673  
  4862.5   0.15350739725391496  
  4863.5   0.15345689756735692  
  4864.5   0.15340644111186683  
  4865.5   0.15335599537781147  
  4866.5   0.15330557659441657  
  4867.5   0.15325518474175004  
  4868.5   0.1532048197998985   
  4869.5   0.15315448174896748  
  4870.5   0.15310417056908124  
  4871.5   0.1530538862403828   
  4872.5   0.15300362874303397  
  4873.5   0.15295341421984512  
  4874.5   0.1529032103171359   
  4875.5   0.15285303318638027  
  4876.5   0.15280288280781482  
  4877.5   0.15275275916169467  
  4878.5   0.15270266222829368  
  4879.5   0.15265259198790423  
  4880.5   0.1526025484208373   
  4881.5   0.15255253150742243  
  4882.5   0.15250255731329035  
  4883.5   0.15245259363967947  
  4884.5   0.15240265656082672  
  4885.5   0.1523527460571355   
  4886.5   0.15230286210902785  
  4887.5   0.15225300469694417  
  4888.5   0.1522031738013432   
  4889.5   0.15215336940270222  
  4890.5   0.1521035914815167   
  4891.5   0.1520538560267476   
  4892.5   0.15200413099352686  
  4893.5   0.15195443237936446  
  4894.5   0.15190476016482918  
  4895.5   0.1518551143305081   
  4896.5   0.1518054948570065   
  4897.5   0.15175590172494785  
  4898.5   0.15170633491497382  
  4899.5   0.15165679440774427  
  4900.5   0.15160728018393727  
  4901.5   0.15155780814791753  
  4902.5   0.15150834642461822  
  4903.5   0.15145891092689043  
  4904.5   0.1514095016354845   
  4905.5   0.15136011853116899  
  4906.5   0.15131076159473034  
  4907.5   0.15126143080697305  
  4908.5   0.15121212614871968  
  4909.5   0.15116284760081064  
  4910.5   0.1511136109920032   
  4911.5   0.1510643845989877   
  4912.5   0.1510151842589517   
  4913.5   0.1509660099528073   
  4914.5   0.1509168616614845   
  4915.5   0.15086773936593117  
  4916.5   0.15081864304711295  
  4917.5   0.15076957268601332  
  4918.5   0.1507205282636335   
  4919.5   0.15067152553361993  
  4920.5   0.1506225329234214   
  4921.5   0.15057356619505904  
  4922.5   0.15052462532960506  
  4923.5   0.15047571030814932  
  4924.5   0.1504268211117994   
  4925.5   0.1503779577216804   
  4926.5   0.15032912011893512  
  4927.5   0.15028030828472402  
  4928.5   0.1502315378980751   
  4929.5   0.15018277753620524  
  4930.5   0.1501340428864622   
  4931.5   0.15008533393007661  
  4932.5   0.15003665064829658  
  4933.5   0.14998799302238766  
  4934.5   0.14993936103363295  
  4935.5   0.14989075466333296  
  4936.5   0.1498421738928056   
  4937.5   0.1497936187033862   
  4938.5   0.1497451046917658   
  4939.5   0.1496966006004195   
  4940.5   0.14964812203429737  
  4941.5   0.1495996689748042   
  4942.5   0.14955124140336204  
  4943.5   0.1495028393014102   
  4944.5   0.14945446265040532  
  4945.5   0.14940611143182128  
  4946.5   0.1493577856271491   
  4947.5   0.14930950075948768  
  4948.5   0.14926122571901668  
  4949.5   0.14921297603703995  
  4950.5   0.14916475169511728  
  4951.5   0.1491165526748256   
  4952.5   0.14906837895775893  
  4953.5   0.14902023052552846  
  4954.5   0.14897210735976232  
  4955.5   0.14892400944210582  
  4956.5   0.14887595222254535  
  4957.5   0.1488279047380005   
  4958.5   0.14877988244660909  
  4959.5   0.14873188533008433  
  4960.5   0.14868391337015652  
  4961.5   0.14863596654857272  
  4962.5   0.14858804484709714  
  4963.5   0.14854014824751072  
  4964.5   0.14849227673161128  
  4965.5   0.14844444567674878  
  4966.5   0.14839662426562578  
  4967.5   0.14834882788369036  
  4968.5   0.14830105651280767  
  4969.5   0.14825331013485976  
  4970.5   0.1482055887317453   
  4971.5   0.14815789228537984  
  4972.5   0.14811022077769562  
  4973.5   0.14806257419064153  
  4974.5   0.14801495250618324  
  4975.5   0.14796737102151628  
  4976.5   0.14791979908021258  
  4977.5   0.1478722519875073   
  4978.5   0.14782472972543267  
  4979.5   0.14777723227603742  
  4980.5   0.147729759621387    
  4981.5   0.14768231174356336  
  4982.5   0.1476348886246649   
  4983.5   0.14758749024680667  
  4984.5   0.1475401318355393   
  4985.5   0.1474927828782239   
  4986.5   0.14744545860839853  
  4987.5   0.14739815900824396  
  4988.5   0.1473508840599576   
  4989.5   0.1473036337457532   
  4990.5   0.1472564080478609   
  4991.5   0.14720920694852718  
  4992.5   0.14716203043001502  
  4993.5   0.14711489364669358  
  4994.5   0.14706776622878123  
  4995.5   0.14702066333858263  
  4996.5   0.14697358495842597  
  4997.5   0.1469265310706556   
  4998.5   0.1468795016576322   
  4999.5   0.14683249670173254  
  5000.5   0.1467855161853498   
  5001.5   0.1467385600908932   
  5002.5   0.14669164350201053  
  5003.5   0.14664473619085253  
  5004.5   0.14659785324895114  
  5005.5   0.14655099465878016  
  5006.5   0.14650416040282957  
  5007.5   0.14645735046360545  
  5008.5   0.1464105648236298   
  5009.5   0.14636380346544087  
  5010.5   0.14631706637159284  
  5011.5   0.14627035352465587  
  5012.5   0.14622367993023277  
  5013.5   0.14617701551710258  
  5014.5   0.1461303752986956   
  5015.5   0.14608375925764586  
  5016.5   0.14603716737660333  
  5017.5   0.14599059963823396  
  5018.5   0.14594405602521954  
  5019.5   0.1458975365202577   
  5020.5   0.14585104110606198  
  5021.5   0.1458045847184719   
  5022.5   0.1457581374262724   
  5023.5   0.14571171417308001  
  5024.5   0.14566531494167145  
  5025.5   0.14561893971483927  
  5026.5   0.1455725884753917   
  5027.5   0.1455262612061527   
  5028.5   0.14547995788996199  
  5029.5   0.14543367850967495  
  5030.5   0.14538743793181624  
  5031.5   0.14534120636427533  
  5032.5   0.14529499868130374  
  5033.5   0.14524881486581948  
  5034.5   0.14520265490075607  
  5035.5   0.1451565187690628   
  5036.5   0.14511040645370435  
  5037.5   0.14506431793766106  
  5038.5   0.14501825320392878  
  5039.5   0.1449722270501617   
  5040.5   0.14492620982246027  
  5041.5   0.14488021632615591  
  5042.5   0.14483424654430646  
  5043.5   0.14478830045998514  
  5044.5   0.14474237805628073  
  5045.5   0.1446964793162973   
  5046.5   0.14465060422315443  
  5047.5   0.14460475275998702  
  5048.5   0.14455892490994532  
  5049.5   0.14451313539467744  
  5050.5   0.144467354712813    
  5051.5   0.14442159759362252  
  5052.5   0.14437586402031763  
  5053.5   0.14433015397612517  
  5054.5   0.14428446744428725  
  5055.5   0.14423880440806122  
  5056.5   0.14419316485071967  
  5057.5   0.14414754875555047  
  5058.5   0.1441019707762577   
  5059.5   0.1440564015478193   
  5060.5   0.14401085573151315  
  5061.5   0.14396533331068767  
  5062.5   0.14391983426870653  
  5063.5   0.14387435858894843  
  5064.5   0.1438289062548072   
  5065.5   0.14378347724969176  
  5066.5   0.14373807155702611  
  5067.5   0.1436927037630037   
  5068.5   0.14364734463807977  
  5069.5   0.14360200877597307  
  5070.5   0.14355669616016764  
  5071.5   0.1435114067741625   
  5072.5   0.14346614060147167  
  5073.5   0.1434208976256241   
  5074.5   0.14337567783016364  
  5075.5   0.14333048119864908  
  5076.5   0.14328532225019303  
  5077.5   0.14324017188986407  
  5078.5   0.14319504464425198  
  5079.5   0.14314994049697505  
  5080.5   0.14310485943166634  
  5081.5   0.14305980143197383  
  5082.5   0.14301476648156025  
  5083.5   0.1429697545641031   
  5084.5   0.14292476566329462  
  5085.5   0.14287979976284187  
  5086.5   0.14283487130782271  
  5087.5   0.1427899513518717   
  5088.5   0.14274505434749107  
  5089.5   0.14270018027844664  
  5090.5   0.14265532912851897  
  5091.5   0.1426105008815032   
  5092.5   0.1425656955212092   
  5093.5   0.1425209130314614   
  5094.5   0.14247615339609881  
  5095.5   0.14243143099401437  
  5096.5   0.14238671701165495  
  5097.5   0.14234202583529057  
  5098.5   0.1422973574488185   
  5099.5   0.14225271183615057  
  5100.5   0.14220808898121315  
  5101.5   0.14216348886794705  
  5102.5   0.14211891148030756  
  5103.5   0.1420743568022645   
  5104.5   0.14202983914694478  
  5105.5   0.14198532983276524  
  5106.5   0.14194084318018316  
  5107.5   0.14189637917322598  
  5108.5   0.14185193779593552  
  5109.5   0.14180751903236802  
  5110.5   0.14176312286659398  
  5111.5   0.14171874928269831  
  5112.5   0.1416743982647802   
  5113.5   0.1416300840606164   
  5114.5   0.14158577811975806  
  5115.5   0.14154149469726576  
  5116.5   0.14149723377729584  
  5117.5   0.14145299534401884  
  5118.5   0.14140877938161955  
  5119.5   0.14136458587429698  
  5120.5   0.14132041480626428  
  5121.5   0.14127626616174888  
  5122.5   0.14123213992499226  
  5123.5   0.141188050271643    
  5124.5   0.1411439687959858   
  5125.5   0.1410999096809019   
  5126.5   0.14105587291068936  
  5127.5   0.14101185846966022  
  5128.5   0.1409678663421407   
  5129.5   0.14092389651247106  
  5130.5   0.14087994896500552  
  5131.5   0.14083602368411244  
  5132.5   0.14079213478095665  
  5133.5   0.14074825397921542  
  5134.5   0.14070439539724053  
  5135.5   0.14066055901945632  
  5136.5   0.1406167448303009   
  5137.5   0.14057295281422647  
  5138.5   0.14052918295569902  
  5139.5   0.14048543523919854  
  5140.5   0.14044170964921887  
  5141.5   0.14039802023284642  
  5142.5   0.14035433884233628  
  5143.5   0.14031067953191662  
  5144.5   0.14026704228613665  
  5145.5   0.14022342708955945  
  5146.5   0.1401798339267618   
  5147.5   0.14013626278233443  
  5148.5   0.14009271364088166  
  5149.5   0.14004918648702167  
  5150.5   0.14000569530416462  
  5151.5   0.1399622120723351   
  5152.5   0.1399187507820401   
  5153.5   0.13987531141795262  
  5154.5   0.13983189396475934  
  5155.5   0.1397884984071606   
  5156.5   0.13974512472987038  
  5157.5   0.13970177291761635  
  5158.5   0.13965844295513968  
  5159.5   0.1396151348271953   
  5160.5   0.13957186244690936  
  5161.5   0.1395285979353331   
  5162.5   0.13948535521263997  
  5163.5   0.13944213426363916  
  5164.5   0.1393989350731532   
  5165.5   0.1393557576260184   
  5166.5   0.13931260190708428  
  5167.5   0.13926946790121406  
  5168.5   0.1392263555932843   
  5169.5   0.13918327883358336  
  5170.5   0.13914020986924686  
  5171.5   0.13909716255756624  
  5172.5   0.13905413688347185  
  5173.5   0.13901113283190744  
  5174.5   0.13896815038783014  
  5175.5   0.1389251895362105   
  5176.5   0.1388822502620323   
  5177.5   0.13883933255029282  
  5178.5   0.1387964501888345   
  5179.5   0.13875357555008938  
  5180.5   0.13871072242885923  
  5181.5   0.13866789081019454  
  5182.5   0.1386250806791589   
  5183.5   0.13858229202082933  
  5184.5   0.138539524820296    
  5185.5   0.13849677906266228  
  5186.5   0.13845405473304484  
  5187.5   0.1384113655572295   
  5188.5   0.13836868403216246  
  5189.5   0.1383260238905454   
  5190.5   0.13828338511754773  
  5191.5   0.1382407676983518   
  5192.5   0.13819817161815326  
  5193.5   0.13815559686216078  
  5194.5   0.1381130434155962   
  5195.5   0.13807051126369438  
  5196.5   0.1380280003917032   
  5197.5   0.13798552445690906  
  5198.5   0.1379430560936982   
  5199.5   0.1379006089662249   
  5200.5   0.1378581830597893   
  5201.5   0.13781577835970438  
  5202.5   0.1377733948512963   
  5203.5   0.13773103251990404  
  5204.5   0.13768869135087966  
  5205.5   0.13764637132958807  
  5206.5   0.1376040860520701   
  5207.5   0.13756180827559594  
  5208.5   0.13751955160303156  
  5209.5   0.13747731601979366  
  5210.5   0.13743510151131158  
  5211.5   0.13739290806302773  
  5212.5   0.13735073566039718  
  5213.5   0.13730858428888798  
  5214.5   0.13726645393398093  
  5215.5   0.13722435813085102  
  5216.5   0.13718226975888928  
  5217.5   0.13714020236005356  
  5218.5   0.1370981559198758   
  5219.5   0.13705613042390072  
  5220.5   0.13701412585768571  
  5221.5   0.13697214220680093  
  5222.5   0.13693017945682928  
  5223.5   0.13688823759336632  
  5224.5   0.13684633009109762  
  5225.5   0.13680442995077854  
  5226.5   0.1367625506538355   
  5227.5   0.13672069218591468  
  5228.5   0.13667885453267492  
  5229.5   0.13663703767978766  
  5230.5   0.13659524161293696  
  5231.5   0.13655346631781942  
  5232.5   0.13651171178014435  
  5233.5   0.13646997798563343  
  5234.5   0.1364282783421997   
  5235.5   0.13638658598456785  
  5236.5   0.13634491432734527  
  5237.5   0.13630326335630386  
  5238.5   0.13626163305722805  
  5239.5   0.1362200234159146   
  5240.5   0.13617843441817287  
  5241.5   0.13613686604982464  
  5242.5   0.13609531829670407  
  5243.5   0.13605380450702015  
  5244.5   0.1360122979352836   
  5245.5   0.1359708119363565   
  5246.5   0.13592934649612257  
  5247.5   0.13588790160047806  
  5248.5   0.13584647723533155  
  5249.5   0.135805073386604    
  5250.5   0.13576369004022862  
  5251.5   0.13572232718215096  
  5252.5   0.1356809981012432   
  5253.5   0.13563967617106407  
  5254.5   0.13559837468709768  
  5255.5   0.1355570936353388   
  5256.5   0.13551583300179437  
  5257.5   0.13547459277248367  
  5258.5   0.13543337293343813  
  5259.5   0.1353921734707014   
  5260.5   0.13535099437032938  
  5261.5   0.13530984886222197  
  5262.5   0.13526871043825323  
  5263.5   0.13522759233489431  
  5264.5   0.13518649453824988  
  5265.5   0.13514541703443655  
  5266.5   0.13510435980958319  
  5267.5   0.1350633228498307   
  5268.5   0.13502230614133212  
  5269.5   0.1349813096702526   
  5270.5   0.13494033342276932  
  5271.5   0.1348993905636813   
  5272.5   0.13485845471547234  
  5273.5   0.13481753904946794  
  5274.5   0.1347766435518935   
  5275.5   0.13473576820898636  
  5276.5   0.13469491300699588  
  5277.5   0.13465407793218342  
  5278.5   0.13461326297082235  
  5279.5   0.1345724681091979   
  5280.5   0.1345317064538971   
  5281.5   0.1344909517441914   
  5282.5   0.13445021709315425  
  5283.5   0.1344095024871186   
  5284.5   0.13436880791242942  
  5285.5   0.13432813335544339  
  5286.5   0.1342874788025292   
  5287.5   0.1342468442400674   
  5288.5   0.13420622965445028  
  5289.5   0.13416564809440856  
  5290.5   0.13412507341528654  
  5291.5   0.13408451867226157  
  5292.5   0.13404398385177327  
  5293.5   0.13400346894027307  
  5294.5   0.13396297392422407  
  5295.5   0.13392249879010126  
  5296.5   0.13388204352439123  
  5297.5   0.13384160811359244  
  5298.5   0.1338012055489322   
  5299.5   0.1337608098011184   
  5300.5   0.13372043386778565  
  5301.5   0.1336800777354791   
  5302.5   0.1336397413907557   
  5303.5   0.13359942482018394  
  5304.5   0.13355912801034406  
  5305.5   0.13351885094782784  
  5306.5   0.13347859361923875  
  5307.5   0.1334383560111918   
  5308.5   0.13339815105143213  
  5309.5   0.1333579528380247   
  5310.5   0.13331777430507843  
  5311.5   0.13327761543925473  
  5312.5   0.1332374762272265   
  5313.5   0.13319735665567822  
  5314.5   0.13315725671130582  
  5315.5   0.13311717638081683  
  5316.5   0.13307711565093025  
  5317.5   0.1330370873926239   
  5318.5   0.13299706581784718  
  5319.5   0.13295706380390301  
  5320.5   0.13291708133755628  
  5321.5   0.13287711840558325  
  5322.5   0.13283717499477174  
  5323.5   0.13279725109192084  
  5324.5   0.13275734668384112  
  5325.5   0.1327174617573546   
  5326.5   0.1326776091270163   
  5327.5   0.13263776311796782  
  5328.5   0.13259793655105084  
  5329.5   0.1325581294131328   
  5330.5   0.1325183416910924   
  5331.5   0.13247857337181965  
  5332.5   0.132438824442216    
  5333.5   0.13239909488919407  
  5334.5   0.1323593846996778   
  5335.5   0.13231970663214135  
  5336.5   0.13228003512423164  
  5337.5   0.13224038294067128  
  5338.5   0.13220075006842916  
  5339.5   0.13216113649448552  
  5340.5   0.13212154220583175  
  5341.5   0.1320819671894705   
  5342.5   0.1320424114324155   
  5343.5   0.13200287492169177  
  5344.5   0.13196335764433545  
  5345.5   0.13192387229690597  
  5346.5   0.13188439344125763  
  5347.5   0.1318449337801562   
  5348.5   0.13180549330068234  
  5349.5   0.1317660719899279   
  5350.5   0.13172666983499573  
  5351.5   0.1316872868229999   
  5352.5   0.1316479229410654   
  5353.5   0.1316085781763284   
  5354.5   0.1315692651699803   
  5355.5   0.1315299585949482   
  5356.5   0.13149067109859233  
  5357.5   0.13145140266809296  
  5358.5   0.13141215329064138  
  5359.5   0.1313729229534398   
  5360.5   0.13133371164370145  
  5361.5   0.13129451934865055  
  5362.5   0.13125534605552228  
  5363.5   0.13121620435047382  
  5364.5   0.13117706901683449  
  5365.5   0.13113795264689299  
  5366.5   0.13109885522792822  
  5367.5   0.13105977674722996  
  5368.5   0.13102071719209893  
  5369.5   0.13098167654984666  
  5370.5   0.13094265480779552  
  5371.5   0.13090365195327885  
  5372.5   0.13086468051775066  
  5373.5   0.13082571539427726  
  5374.5   0.13078676912040724  
  5375.5   0.1307478416835172   
  5376.5   0.13070893307099452  
  5377.5   0.13067004327023735  
  5378.5   0.13063117226865467  
  5379.5   0.13059232005366622  
  5380.5   0.13055348661270247  
  5381.5   0.13051467193320465  
  5382.5   0.13047588848623046  
  5383.5   0.1304371112860027   
  5384.5   0.1303983528096328   
  5385.5   0.130359613044605    
  5386.5   0.13032089197841398  
  5387.5   0.13028218959856522  
  5388.5   0.13024350589257483  
  5389.5   0.13020484084796957  
  5390.5   0.13016619445228683  
  5391.5   0.13012757912257203  
  5392.5   0.1300889699813969   
  5393.5   0.13005037945182438  
  5394.5   0.1300118075214342   
  5395.5   0.12997325417781688  
  5396.5   0.1299347194085735   
  5397.5   0.12989620320131562  
  5398.5   0.12985770554366544  
  5399.5   0.1298192264232556   
  5400.5   0.12980601126341096  
  5401.5   0.1298180252195643   
  5402.5   0.1298300457988865   
  5403.5   0.12984205753118525  
  5404.5   0.1298540758858387   
  5405.5   0.1298660853955174   
  5406.5   0.12987809379470605  
  5407.5   0.12989010881502872  
  5408.5   0.12990211499344675  
  5409.5   0.12991412779218509  
  5410.5   0.12992613175106404  
  5411.5   0.12993814232944992  
  5412.5   0.12995014407002034  
  5413.5   0.12996215242928452  
  5414.5   0.12997415195277576  
  5415.5   0.12998615036854463  
  5416.5   0.12999815540178802  
  5417.5   0.13001015160231946  
  5418.5   0.13002215441951276  
  5419.5   0.13003414840603325  
  5420.5   0.13004614900840325  
  5421.5   0.13005814078213818  
  5422.5   0.13007013917091043  
  5423.5   0.1300821287330841   
  5424.5   0.1300941171902916   
  5425.5   0.13010611226131868  
  5426.5   0.130118098508799    
  5427.5   0.13013009136928724  
  5428.5   0.13014207540826184  
  5429.5   0.13015406605943297  
  5430.5   0.13016604789112216  
  5431.5   0.1301780363341967   
  5432.5   0.13019001595981966  
  5433.5   0.13020199448322117  
  5434.5   0.13021397961679188  
  5435.5   0.13022595593595365  
  5436.5   0.13023793886447405  
  5437.5   0.13024991298061253  
  5438.5   0.13026189370529923  
  5439.5   0.13027386561962967  
  5440.5   0.13028584414169816  
  5441.5   0.13029781385543474  
  5442.5   0.1303097824696833   
  5443.5   0.13032175769045518  
  5444.5   0.1303337241059288   
  5445.5   0.1303456971271162   
  5446.5   0.1303576613450263   
  5447.5   0.13036963216784078  
  5448.5   0.1303815941893976   
  5449.5   0.13039356281504963  
  5450.5   0.13040552264146235  
  5451.5   0.13041748137110917  
  5452.5   0.130429446703638    
  5453.5   0.13044140323995215  
  5454.5   0.13045336637833974  
  5455.5   0.13046532072252762  
  5456.5   0.13047728166798053  
  5457.5   0.13048923382124744  
  5458.5   0.1305011925749712   
  5459.5   0.1305131425385213   
  5460.5   0.13052509140801638  
  5461.5   0.13053704687675668  
  5462.5   0.13054899355833896  
  5463.5   0.13056094683835884  
  5464.5   0.13057289133322975  
  5465.5   0.13058484242573087  
  5466.5   0.13059678473509068  
  5467.5   0.13060873364127357  
  5468.5   0.13062067376632158  
  5469.5   0.1306326128000143   
  5470.5   0.13064455842932     
  5471.5   0.13065649528049747  
  5472.5   0.1306684387264813   
  5473.5   0.13068037339634003  
  5474.5   0.13069231466019868  
  5475.5   0.13070424714993403  
  5476.5   0.1307161862328632   
  5477.5   0.13072811654366953  
  5478.5   0.13074005344686368  
  5479.5   0.1307519815799341   
  5480.5   0.130763908624934    
  5481.5   0.1307758422611134   
  5482.5   0.13078776713016502  
  5483.5   0.13079969858959087  
  5484.5   0.13081162128388468  
  5485.5   0.13082355056774758  
  5486.5   0.13083547108847304  
  5487.5   0.13084739819796265  
  5488.5   0.13085931654630809  
  5489.5   0.13087123380925816  
  5490.5   0.13088315765976558  
  5491.5   0.13089507275211587  
  5492.5   0.13090699443121917  
  5493.5   0.1309189073541553   
  5494.5   0.1309308268630403   
  5495.5   0.13094273761774686  
  5496.5   0.13095465495759834  
  5497.5   0.1309665635452587   
  5498.5   0.130978471050188    
  5499.5   0.13099038513905698  
  5500.5   0.13100229047871315  
  5501.5   0.13101420240150558  
  5502.5   0.13102610557706937  
  5503.5   0.1310380153349663   
  5504.5   0.13104991634761742  
  5505.5   0.13106182394179877  
  5506.5   0.13107372279271584  
  5507.5   0.13108562056355524  
  5508.5   0.13109752491472107  
  5509.5   0.13110942052559213  
  5510.5   0.13112132271598734  
  5511.5   0.1311332161680661   
  5512.5   0.13114511619886687  
  5513.5   0.1311570074933282   
  5514.5   0.13116890536570963  
  5515.5   0.13118079450372733  
  5516.5   0.13119268256430996  
  5517.5   0.13120457720161038  
  5518.5   0.13121646310750795  
  5519.5   0.13122835558932197  
  5520.5   0.13124023934170564  
  5521.5   0.1312521296692047   
  5522.5   0.1312640112692446   
  5523.5   0.131275899443599    
  5524.5   0.1312877788924642   
  5525.5   0.13129965726652612  
  5526.5   0.1313115422137017   
  5527.5   0.1313234184383403   
  5528.5   0.13133530123529225  
  5529.5   0.13134717531167395  
  5530.5   0.13135905595956887  
  5531.5   0.13137092788885904  
  5532.5   0.13138280638886254  
  5533.5   0.1313946761722255   
  5534.5   0.13140654488340622  
  5535.5   0.13141842016410102  
  5536.5   0.13143028673109883  
  5537.5   0.13144215986681132  
  5538.5   0.13145402429078784  
  5539.5   0.13146589528268     
  5540.5   0.13147775756479588  
  5541.5   0.13148962641402845  
  5542.5   0.13150148655544325  
  5543.5   0.1315133456272864   
  5544.5   0.1315252112650484   
  5545.5   0.13153706819792768  
  5546.5   0.13154893169592757  
  5547.5   0.13156078649099995  
  5548.5   0.13157264785039482  
  5549.5   0.13158450050881626  
  5550.5   0.1315963597307623   
  5551.5   0.13160821025368763  
  5552.5   0.13162006733933998  
  5553.5   0.1316319157279231   
  5554.5   0.13164376305011075  
  5555.5   0.13165561693382946  
  5556.5   0.13166746212340352  
  5557.5   0.1316793138737115   
  5558.5   0.1316911569318232   
  5559.5   0.131703006549872    
  5560.5   0.13171484747767156  
  5561.5   0.13172669496461156  
  5562.5   0.13173853376324815  
  5563.5   0.13175037149807636  
  5564.5   0.13176221579085057  
  5565.5   0.13177405139823745  
  5566.5   0.13178589356277426  
  5567.5   0.13179772704386641  
  5568.5   0.13180956708131264  
  5569.5   0.13182139843725565  
  5570.5   0.1318332363487571   
  5571.5   0.13184506558069553  
  5572.5   0.1318568937514022   
  5573.5   0.13186872847647427  
  5574.5   0.13188055452489103  
  5575.5   0.13189238712687812  
  5576.5   0.13190421105414699  
  5577.5   0.1319160415341913   
  5578.5   0.13192786334145315  
  5579.5   0.1319396917006959   
  5580.5   0.1319515113890907   
  5581.5   0.13196333001881996  
  5582.5   0.13197515519933867  
  5583.5   0.13198697171190868  
  5584.5   0.13199879477447404  
  5585.5   0.13201060917102223  
  5586.5   0.13202243011677187  
  5587.5   0.13203424239843453  
  5588.5   0.13204606122850507  
  5589.5   0.13205787139641756  
  5590.5   0.13206968050822043  
  5591.5   0.1320814961672412   
  5592.5   0.13209330316699486  
  5593.5   0.13210511671317335  
  5594.5   0.13211692160201058  
  5595.5   0.13212873303647976  
  5596.5   0.13214053581553237  
  5597.5   0.13215234513942434  
  5598.5   0.13216414580982314  
  5599.5   0.1321759454266579   
  5600.5   0.1321877515871436   
  5601.5   0.13219954909701861  
  5602.5   0.13221135314975252  
  5603.5   0.1322231485537961   
  5604.5   0.13223495049990666  
  5605.5   0.13224674379924606  
  5606.5   0.13225854363986078  
  5607.5   0.13227033483562223  
  5608.5   0.13228212498035505  
  5609.5   0.1322939216651763   
  5610.5   0.13230570970801853  
  5611.5   0.13231750429015807  
  5612.5   0.1323292902322334   
  5613.5   0.1323410827128152   
  5614.5   0.1323528665552464   
  5615.5   0.1323646569353934   
  5616.5   0.13237643867930216  
  5617.5   0.1323882193747076   
  5618.5   0.1324000066066435   
  5619.5   0.13241178520520708  
  5620.5   0.13242357033951105  
  5621.5   0.13243534684235206  
  5622.5   0.1324471298801436   
  5623.5   0.13245890428838025  
  5624.5   0.13247068523077782  
  5625.5   0.13248245754552743  
  5626.5   0.1324942363936485   
  5627.5   0.1325060066160273   
  5628.5   0.13251777579297552  
  5629.5   0.13252955150211165  
  5630.5   0.1325413185883614   
  5631.5   0.13255309220601022  
  5632.5   0.13256485720267536  
  5633.5   0.1325766287299509   
  5634.5   0.13258839163814418  
  5635.5   0.13260016107615946  
  5636.5   0.1326119218969927   
  5637.5   0.1326236816748983   
  5638.5   0.13263544798144383  
  5639.5   0.13264720567365507  
  5640.5   0.1326589698937184   
  5641.5   0.13267072550134465  
  5642.5   0.13268248763603535  
  5643.5   0.132694241160185    
  5644.5   0.13270600121061168  
  5645.5   0.13271775265239208  
  5646.5   0.13272950305373776  
  5647.5   0.1327412599801799   
  5648.5   0.13275300830081543  
  5649.5   0.1327647631457606   
  5650.5   0.13277650938679086  
  5651.5   0.13278826215134418  
  5652.5   0.13280000631387318  
  5653.5   0.1328117569991388   
  5654.5   0.13282349908426955  
  5655.5   0.1328352401314486   
  5656.5   0.13284698770018516  
  5657.5   0.13285872667161838  
  5658.5   0.13287047216382328  
  5659.5   0.13288220906061124  
  5660.5   0.13289395247738525  
  5661.5   0.13290568730062752  
  5662.5   0.13291742864307046  
  5663.5   0.13292916139386562  
  5664.5   0.13294089310918233  
  5665.5   0.13295263134252205  
  5666.5   0.13296436098703754  
  5667.5   0.13297609714879124  
  5668.5   0.13298782472360177  
  5669.5   0.13299955881486586  
  5670.5   0.1330112843210666   
  5671.5   0.13302301634293648  
  5672.5   0.13303473978162172  
  5673.5   0.1330464621872918   
  5674.5   0.13305819110745493  
  5675.5   0.13306991144724886  
  5676.5   0.13308163830075206  
  5677.5   0.1330933565757617   
  5678.5   0.13310508136369698  
  5679.5   0.1331167975750132   
  5680.5   0.13312852029847166  
  5681.5   0.13314023444718442  
  5682.5   0.13315194756533563  
  5683.5   0.13316366719445447  
  5684.5   0.1331753782516351   
  5685.5   0.1331870958190005   
  5686.5   0.13319880481629812  
  5687.5   0.13321052032299782  
  5688.5   0.13322222726149896  
  5689.5   0.13323394070861977  
  5690.5   0.13324564558941004  
  5691.5   0.13325734944208265  
  5692.5   0.13326905980220186  
  5693.5   0.13328076159879007  
  5694.5   0.13329246990204305  
  5695.5   0.1333041696436301   
  5696.5   0.13331587589110025  
  5697.5   0.1333275735787684   
  5698.5   0.13333927777153826  
  5699.5   0.13335097340636884  
  5700.5   0.13336267554551998  
  5701.5   0.1333743691285934   
  5702.5   0.1333860616865231   
  5703.5   0.13339776074760204  
  5704.5   0.1334094512553932   
  5705.5   0.13342114826555299  
  5706.5   0.1334328367242836   
  5707.5   0.13344453168460246  
  5708.5   0.1334562180953496   
  5709.5   0.1334679110069048   
  5710.5   0.13347959537074464  
  5711.5   0.1334912787118633   
  5712.5   0.13350296855262025  
  5713.5   0.13351464984844386  
  5714.5   0.13352633764312605  
  5715.5   0.13353801689472836  
  5716.5   0.13354970264440985  
  5717.5   0.13356137985286373  
  5718.5   0.13357306355861756  
  5719.5   0.13358473872499488  
  5720.5   0.13359641287106402  
  5721.5   0.1336080935132649   
  5722.5   0.13361976561886343  
  5723.5   0.13363144421981502  
  5724.5   0.13364311428601244  
  5725.5   0.13365479084678455  
  5726.5   0.13366645887464954  
  5727.5   0.133678133396311    
  5728.5   0.13368979938691122  
  5729.5   0.1337014643596069   
  5730.5   0.1337131358249322   
  5731.5   0.13372479876196272  
  5732.5   0.13373646819084523  
  5733.5   0.13374812909327596  
  5734.5   0.1337597964867813   
  5735.5   0.13377145535567672  
  5736.5   0.13378312071486947  
  5737.5   0.1337947775512931   
  5738.5   0.1338064333722062   
  5739.5   0.1338180956822514   
  5740.5   0.13382974947228604  
  5741.5   0.13384140975067613  
  5742.5   0.13385306151089352  
  5743.5   0.13386471975868988  
  5744.5   0.13387636949015025  
  5745.5   0.1338880257084134   
  5746.5   0.13389967341217612  
  5747.5   0.13391132010281312  
  5748.5   0.13392297327908914  
  5749.5   0.1339346179436156   
  5750.5   0.13394626909300542  
  5751.5   0.1339579117324784   
  5752.5   0.13396956085603925  
  5753.5   0.1339812014715149   
  5754.5   0.1339928485703032   
  5755.5   0.13400448716283667  
  5756.5   0.13401612474461988  
  5757.5   0.13402776880855344  
  5758.5   0.1340394043689754   
  5759.5   0.1340510464107731   
  5760.5   0.13406267995088678  
  5761.5   0.1340743199716017   
  5762.5   0.13408595149245908  
  5763.5   0.1340975894931435   
  5764.5   0.13410921899579567  
  5765.5   0.13412084749006375  
  5766.5   0.13413248246299805  
  5767.5   0.13414410894063566  
  5768.5   0.13415574189616586  
  5769.5   0.13416736635822188  
  5770.5   0.134178997297397    
  5771.5   0.13419061974491928  
  5772.5   0.1342022486687874   
  5773.5   0.134213869102823    
  5774.5   0.13422548853083147  
  5775.5   0.13423711443402644  
  5776.5   0.1342487318501168   
  5777.5   0.134260355740621    
  5778.5   0.134271971145838    
  5779.5   0.1342835930246964   
  5780.5   0.1342952064200839   
  5781.5   0.13430682628834056  
  5782.5   0.13431843767494148  
  5783.5   0.1343300555336395   
  5784.5   0.1343416649124959   
  5785.5   0.13435327328819344  
  5786.5   0.13436488813483055  
  5787.5   0.13437649450434472  
  5788.5   0.134388107344027    
  5789.5   0.13439971170839757  
  5790.5   0.134411322542165    
  5791.5   0.13442292490243088  
  5792.5   0.13443453373132255  
  5793.5   0.1344461340885217   
  5794.5   0.13445773344489867  
  5795.5   0.13446933926874538  
  5796.5   0.13448093662361074  
  5797.5   0.13449254044517542  
  5798.5   0.13450413579956494  
  5799.5   0.1345157376198835   
  5800.5   0.13452733097483202  
  5801.5   0.13453893079493956  
  5802.5   0.13455052215148103  
  5803.5   0.1345621125095279   
  5804.5   0.13457370933157925  
  5805.5   0.13458529769276822  
  5806.5   0.13459689251719217  
  5807.5   0.1346084788825549   
  5808.5   0.1346200717103834   
  5809.5   0.13463165608095085  
  5810.5   0.13464324691321491  
  5811.5   0.134654829290017    
  5812.5   0.13466641067064303  
  5813.5   0.13467799851181267  
  5814.5   0.13468957790021643  
  5815.5   0.1347011637483953   
  5816.5   0.13471274114560458  
  5817.5   0.13472432500182066  
  5818.5   0.13473590040886227  
  5819.5   0.13474748227414265  
  5820.5   0.1347590556920426   
  5821.5   0.13477062811607618  
  5822.5   0.13478220699719692  
  5823.5   0.134793777433626    
  5824.5   0.13480535432637472  
  5825.5   0.13481692277622304  
  5826.5   0.13482849768162378  
  5827.5   0.1348400641459143   
  5828.5   0.13485163706499012  
  5829.5   0.13486320154474488  
  5830.5   0.1348747650329339   
  5831.5   0.13488633497475816  
  5832.5   0.13489789647994263  
  5833.5   0.13490946443799584  
  5834.5   0.1349210239611956   
  5835.5   0.13493258993649776  
  5836.5   0.1349441474787318   
  5837.5   0.1349557114723021   
  5838.5   0.13496726703458842  
  5839.5   0.13497882160760094  
  5840.5   0.13499038263080113  
  5841.5   0.1350019352253913   
  5842.5   0.13501349426940362  
  5843.5   0.1350250448865874   
  5844.5   0.135036601952428    
  5845.5   0.13504815059322042  
  5846.5   0.13505970568190453  
  5847.5   0.13507125234731973  
  5848.5   0.13508279802574416  
  5849.5   0.13509435015091315  
  5850.5   0.1351058938554798   
  5851.5   0.13511744400602654  
  5852.5   0.1351289857377475   
  5853.5   0.1351405339146842   
  5854.5   0.13515207367457063  
  5855.5   0.13516361987890863  
  5856.5   0.13517515766797078  
  5857.5   0.1351867019007206   
  5858.5   0.13519823771996792  
  5859.5   0.13520977255500288  
  5860.5   0.13522131383258018  
  5861.5   0.13523284669931268  
  5862.5   0.13524438600782412  
  5863.5   0.13525591690726138  
  5864.5   0.13526745424771447  
  5865.5   0.1352789831808629   
  5866.5   0.13529051855426427  
  5867.5   0.1353020455221294   
  5868.5   0.13531357150804585  
  5869.5   0.1353251039330714   
  5870.5   0.13533662795521112  
  5871.5   0.13534815841569758  
  5872.5   0.135359680475064    
  5873.5   0.13537120897201502  
  5874.5   0.13538272906961069  
  5875.5   0.13539425560402904  
  5876.5   0.13540577374085572  
  5877.5   0.1354172908979886   
  5878.5   0.1354288144908018   
  5879.5   0.13544032968866646  
  5880.5   0.13545185132145002  
  5881.5   0.135463364561046    
  5882.5   0.13547488423479973  
  5883.5   0.1354863955171258   
  5884.5   0.13549791323284865  
  5885.5   0.13550942255890266  
  5886.5   0.13552093090750925  
  5887.5   0.13553244568837172  
  5888.5   0.13554395208220132  
  5889.5   0.1355554649075264   
  5890.5   0.13556696934757478  
  5891.5   0.13557848021835847  
  5892.5   0.13558998270562053  
  5893.5   0.13560149162285795  
  5894.5   0.13561299215832778  
  5895.5   0.13562449171858793  
  5896.5   0.135635997707684    
  5897.5   0.13564749531764128  
  5898.5   0.13565899935567508  
  5899.5   0.13567049501632147  
  5900.5   0.13568199710428516  
  5901.5   0.13569349081661175  
  5902.5   0.1357049909554967   
  5903.5   0.13571648272049383  
  5904.5   0.1357279735125105   
  5905.5   0.13573947072994755  
  5906.5   0.13575095957611844  
  5907.5   0.13576245484695126  
  5908.5   0.13577394174826457  
  5909.5   0.13578543507348156  
  5910.5   0.13579692003092458  
  5911.5   0.13580841141151334  
  5912.5   0.13581989442607265  
  5913.5   0.1358313764698723   
  5914.5   0.13584286493568118  
  5915.5   0.13585434503807514  
  5916.5   0.13586583156172088  
  5917.5   0.1358773097236936   
  5918.5   0.13588879430616088  
  5919.5   0.135900270528696    
  5920.5   0.1359117531709686   
  5921.5   0.13592322745504887  
  5922.5   0.13593470077058178  
  5923.5   0.13594618050471716  
  5924.5   0.1359576518832677   
  5925.5   0.13596912967966418  
  5926.5   0.135980599122213    
  5927.5   0.13599207498185154  
  5928.5   0.13600354248937851  
  5929.5   0.13601501641323915  
  5930.5   0.13602648198672337  
  5931.5   0.13603795397578544  
  5932.5   0.13604941761620507  
  5933.5   0.13606088029076996  
  5934.5   0.13607234937977944  
  5935.5   0.1360838101227454   
  5936.5   0.13609527727940068  
  5937.5   0.13610673609174387  
  5938.5   0.13611820131702135  
  5939.5   0.1361296581997171   
  5940.5   0.13614112149459232  
  5941.5   0.13615257644861517  
  5942.5   0.136164030438977    
  5943.5   0.13617549084038652  
  5944.5   0.13618694290353556  
  5945.5   0.13619840137697795  
  5946.5   0.13620985151388662  
  5947.5   0.13622130806033458  
  5948.5   0.13623275627197462  
  5949.5   0.13624421089240002  
  5950.5   0.1362556571797422   
  5951.5   0.13626710250560875  
  5952.5   0.13627855423913046  
  5953.5   0.13628999764215377  
  5954.5   0.13630144745207884  
  5955.5   0.13631288893322768  
  5956.5   0.13632433682052522  
  5957.5   0.1363357763807676   
  5958.5   0.1363472223464057   
  5959.5   0.13635865998670876  
  5960.5   0.13637009666771346  
  5961.5   0.1363815397529851   
  5962.5   0.13639297451549953  
  5963.5   0.13640441568152858  
  5964.5   0.13641584852651797  
  5965.5   0.13642728777426985  
  5966.5   0.13643871870269852  
  5967.5   0.1364501560331377   
  5968.5   0.1364615850459692   
  5969.5   0.1364730131016713   
  5970.5   0.13648444755825653  
  5971.5   0.13649587369980506  
  5972.5   0.13650730624148538  
  5973.5   0.13651873046984186  
  5974.5   0.13653016109757896  
  5975.5   0.13654158341370412  
  5976.5   0.13655301212845894  
  5977.5   0.13656443253331269  
  5978.5   0.13657585198319785  
  5979.5   0.1365872778305868   
  5980.5   0.13659869537063873  
  5981.5   0.13661011930744404  
  5982.5   0.1366215349386207   
  5983.5   0.1366329569658005   
  5984.5   0.13664437068905894  
  5985.5   0.13665579080757057  
  5986.5   0.13666720262386708  
  5987.5   0.13667861348734775  
  5988.5   0.13669003074495714  
  5989.5   0.1367014397029087   
  5990.5   0.13671285505423958  
  5991.5   0.13672426210761637  
  5992.5   0.13673567555362323  
  5993.5   0.13674708070337874  
  5994.5   0.1367584922450153   
  5995.5   0.13676989549210225  
  5996.5   0.13678129778851794  
  5997.5   0.13679270647569178  
  5998.5   0.13680410687086633  
  5999.5   0.13681551365605057  
  6000.5   0.13682691215093476  
  6001.5   0.1368383170350803   
  6002.5   0.13684971363062404  
  6003.5   0.1368611166146811   
  6004.5   0.13687251131183353  
  6005.5   0.1368839123967515   
  6006.5   0.13689530519646095  
  6007.5   0.13690669704810954  
  6008.5   0.13691809528640245  
  6009.5   0.136929485242029    
  6010.5   0.1369408815835526   
  6011.5   0.1369522696441035   
  6012.5   0.1369636640898044   
  6013.5   0.13697505025622522  
  6014.5   0.1369864428070492   
  6015.5   0.1369978270802848   
  6016.5   0.1370092104075864   
  6017.5   0.13702060011817133  
  6018.5   0.13703198155370325  
  6019.5   0.13704336937177225  
  6020.5   0.1370547489164774   
  6021.5   0.1370661348429735   
  6022.5   0.13707751249779393  
  6023.5   0.13708889653365947  
  6024.5   0.13710027229953647  
  6025.5   0.13711164712159835  
  6026.5   0.13712302832358697  
  6027.5   0.13713440125811574  
  6028.5   0.13714578057182597  
  6029.5   0.13715715161976094  
  6030.5   0.13716852904613225  
  6031.5   0.137179898208412    
  6032.5   0.1371912737483832   
  6033.5   0.13720264102594557  
  6034.5   0.13721400736180375  
  6035.5   0.1372253800742365   
  6036.5   0.13723674452678233  
  6037.5   0.13724811535515838  
  6038.5   0.13725947792532767  
  6039.5   0.13727084687058302  
  6040.5   0.13728220755931086  
  6041.5   0.13729357462238082  
  6042.5   0.1373049334306015   
  6043.5   0.13731629129922115  
  6044.5   0.13732765554106754  
  6045.5   0.13733901153057987  
  6046.5   0.1373503738925755   
  6047.5   0.1373617280039129   
  6048.5   0.13737308848699037  
  6049.5   0.13738444072108436  
  6050.5   0.13739579932617546  
  6051.5   0.13740714968395687  
  6052.5   0.13741849910423265  
  6053.5   0.13742985489439158  
  6054.5   0.13744120243974944  
  6055.5   0.137452556354248    
  6056.5   0.13746390202561679  
  6057.5   0.1374752540653841   
  6058.5   0.13748659786369205  
  6059.5   0.13749794802965645  
  6060.5   0.13750928995583087  
  6061.5   0.13752063094658712  
  6062.5   0.13753197830388741  
  6063.5   0.13754331742389964  
  6064.5   0.13755466290971435  
  6065.5   0.137566000159908    
  6066.5   0.13757734377516284  
  6067.5   0.13758867915646256  
  6068.5   0.13760002090208245  
  6069.5   0.13761135441541222  
  6070.5   0.13762268699540367  
  6071.5   0.13763402593860422  
  6072.5   0.13764535665201003  
  6073.5   0.13765669372788442  
  6074.5   0.1376680225756266   
  6075.5   0.13767935778509707  
  6076.5   0.13769068476809687  
  6077.5   0.1377020181120849   
  6078.5   0.13771334323126289  
  6079.5   0.1377246747106892   
  6080.5   0.13773599796696506  
  6081.5   0.13774732029243425  
  6082.5   0.13775864897704246  
  6083.5   0.1377699694409876   
  6084.5   0.13778129626333246  
  6085.5   0.13779261486667146  
  6086.5   0.13780393982767108  
  6087.5   0.13781525657132104  
  6088.5   0.13782657967189268  
  6089.5   0.13783789455676998  
  6090.5   0.1378492085129033   
  6091.5   0.13786052882485048  
  6092.5   0.13787184092358415  
  6093.5   0.13788315937739323  
  6094.5   0.13789446961964166  
  6095.5   0.1379057862162274   
  6096.5   0.13791709460290436  
  6097.5   0.13792840934318065  
  6098.5   0.13793971587519915  
  6099.5   0.13795102148052882  
  6100.5   0.13796233343835143  
  6101.5   0.13797363719039055  
  6102.5   0.13798494729418515  
  6103.5   0.1379962491938448   
  6104.5   0.13800755744452273  
  6105.5   0.1380188574927133   
  6106.5   0.13803016389118516  
  6107.5   0.13804146208881626  
  6108.5   0.13805275936180614  
  6109.5   0.13806406298397236  
  6110.5   0.1380753584077657   
  6111.5   0.13808666017999885  
  6112.5   0.13809795375550332  
  6113.5   0.13810925367871144  
  6114.5   0.13812054540683413  
  6115.5   0.13813184348192442  
  6116.5   0.13814313336357156  
  6117.5   0.1381544223226176   
  6118.5   0.1381657176275277   
  6119.5   0.13817700474145608  
  6120.5   0.138188298200513    
  6121.5   0.13819958347022818  
  6122.5   0.1382108750843366   
  6123.5   0.13822215851074227  
  6124.5   0.1382334482808061   
  6125.5   0.13824472986480518  
  6126.5   0.13825601052823563  
  6127.5   0.13826729753422226  
  6128.5   0.1382785763565991   
  6129.5   0.13828986152079747  
  6130.5   0.13830113850302173  
  6131.5   0.13831242182633322  
  6132.5   0.13832369696930527  
  6133.5   0.13833497845263043  
  6134.5   0.13834625175724993  
  6135.5   0.138357524143326    
  6136.5   0.13836880286865452  
  6137.5   0.13838007341772599  
  6138.5   0.13839135030531627  
  6139.5   0.13840261901828094  
  6140.5   0.1384138940690311   
  6141.5   0.13842516094678603  
  6142.5   0.1384364341615933   
  6143.5   0.13844769920503486  
  6144.5   0.13845896333195068  
  6145.5   0.13847023379481962  
  6146.5   0.1384814960887651   
  6147.5   0.138492764717931    
  6148.5   0.13850402517980065  
  6149.5   0.1385152919761583   
  6150.5   0.1385265506068459   
  6151.5   0.13853781557128936  
  6152.5   0.13854907237168798  
  6153.5   0.13856033550511046  
  6154.5   0.13857159047611248  
  6155.5   0.1385828445330449   
  6156.5   0.13859410492190358  
  6157.5   0.13860535715077638  
  6158.5   0.13861661571084402  
  6159.5   0.13862786611254777  
  6160.5   0.13863912284471513  
  6161.5   0.13865037142013958  
  6162.5   0.13866162632529666  
  6163.5   0.13867287307533097  
  6164.5   0.13868411891329704  
  6165.5   0.1386953710798996   
  6166.5   0.13870661509380766  
  6167.5   0.1387178654356217   
  6168.5   0.138729107626359    
  6169.5   0.13874035614427202  
  6170.5   0.1387515965127252   
  6171.5   0.13876284320762397  
  6172.5   0.1387740817546788   
  6173.5   0.1387853193916595   
  6174.5   0.13879656335399113  
  6175.5   0.13880779917090083  
  6176.5   0.1388190413124319   
  6177.5   0.13883027531015463  
  6178.5   0.13884151563176939  
  6179.5   0.13885274781118853  
  6180.5   0.13886398631377056  
  6181.5   0.13887521667576871  
  6182.5   0.1388864461296795   
  6183.5   0.13889768190566     
  6184.5   0.1389089095434723   
  6185.5   0.13892014350262563  
  6186.5   0.13893136932522027  
  6187.5   0.13894260146842757  
  6188.5   0.1389538254766847   
  6189.5   0.1389650558048263   
  6190.5   0.13897627799962534  
  6191.5   0.13898749928831658  
  6192.5   0.1389987268958005   
  6193.5   0.1390099463723513   
  6194.5   0.1390211721669672   
  6195.5   0.13903238983225522  
  6196.5   0.1390436138148808   
  6197.5   0.13905482966978305  
  6198.5   0.13906605184129558  
  6199.5   0.13907726588668823  
  6200.5   0.1390884790279455   
  6201.5   0.13909969848472267  
  6202.5   0.13911090981778323  
  6203.5   0.13912212746563704  
  6204.5   0.13913333699137534  
  6205.5   0.13914455283118038  
  6206.5   0.13915576055047024  
  6207.5   0.1391669745831005   
  6208.5   0.13917818049681493  
  6209.5   0.13918938550835927  
  6210.5   0.13920059683215513  
  6211.5   0.13921180003943218  
  6212.5   0.13922300955823497  
  6213.5   0.13923421096211605  
  6214.5   0.13924541867679732  
  6215.5   0.13925661827815308  
  6216.5   0.1392678241895836   
  6217.5   0.1392790219892839   
  6218.5   0.13929021888877224  
  6219.5   0.13930142209724788  
  6220.5   0.1393126171963842   
  6221.5   0.13932381860378293  
  6222.5   0.13933501190343534  
  6223.5   0.1393462115106256   
  6224.5   0.13935740301166158  
  6225.5   0.13936860081951097  
  6226.5   0.13937979052279728  
  6227.5   0.13939098653217286  
  6228.5   0.13940217443857555  
  6229.5   0.13941336144715005  
  6230.5   0.13942455476072801  
  6231.5   0.13943573997371658  
  6232.5   0.1394469314909849   
  6233.5   0.13945811490925183  
  6234.5   0.1394693046310751   
  6235.5   0.1394804862554841   
  6236.5   0.13949167418272612  
  6237.5   0.13950285401414006  
  6238.5   0.1395140329496683   
  6239.5   0.13952521818694522  
  6240.5   0.13953639533077142  
  6241.5   0.13954757877562354  
  6242.5   0.13955875412860894  
  6243.5   0.13956993578189772  
  6244.5   0.1395811093449028   
  6245.5   0.139592289207489    
  6246.5   0.1396034609813736   
  6247.5   0.13961463186130801  
  6248.5   0.13962580903974056  
  6249.5   0.13963697813184284  
  6250.5   0.13964815352172147  
  6251.5   0.13965932082684973  
  6252.5   0.1396704944290328   
  6253.5   0.1396816599480445   
  6254.5   0.13969283176338962  
  6255.5   0.13970399549714152  
  6256.5   0.1397151583388717   
  6257.5   0.13972632747585376  
  6258.5   0.13973748853360785  
  6259.5   0.13974865588589291  
  6260.5   0.13975981516052594  
  6261.5   0.13977098072896932  
  6262.5   0.1397821382213356   
  6263.5   0.1397933020067918   
  6264.5   0.13980445771774505  
  6265.5   0.1398156125385982   
  6266.5   0.13982677365146118  
  6267.5   0.13983792669218037  
  6268.5   0.13984908602418947  
  6269.5   0.13986023728562672  
  6270.5   0.1398713948376341   
  6271.5   0.13988254432064065  
  6272.5   0.1398937000934979   
  6273.5   0.13990484779892437  
  6274.5   0.13991599461616547  
  6275.5   0.13992714772217857  
  6276.5   0.13993829276311412  
  6277.5   0.1399494440921027   
  6278.5   0.1399605873575816   
  6279.5   0.13997173691039475  
  6280.5   0.1399828784012653   
  6281.5   0.1399940261787515   
  6282.5   0.1400051658958612   
  6283.5   0.14001630472669344  
  6284.5   0.14002744984306403  
  6285.5   0.1400385869014054   
  6286.5   0.14004973024456707  
  6287.5   0.14006086553126346  
  6288.5   0.14007200710206233  
  6289.5   0.1400831406179589   
  6290.5   0.1400942804172404   
  6291.5   0.1401054121631818   
  6292.5   0.14011654302474671  
  6293.5   0.14012768016862065  
  6294.5   0.1401388092614958   
  6295.5   0.14014994463596278  
  6296.5   0.14016107196099098  
  6297.5   0.14017220556689414  
  6298.5   0.14018333112491757  
  6299.5   0.14019446296309931  
  6300.5   0.1402055867549595   
  6301.5   0.14021671682626152  
  6302.5   0.14022783885279938  
  6303.5   0.1402389599972751   
  6304.5   0.14025008742011844  
  6305.5   0.1402612068005317   
  6306.5   0.1402723324585966   
  6307.5   0.1402834500757866   
  6308.5   0.1402945739699125   
  6309.5   0.14030568982471775  
  6310.5   0.14031681195574333  
  6311.5   0.1403279260490017   
  6312.5   0.140339039262084    
  6313.5   0.1403501587503138   
  6314.5   0.14036127020310463  
  6315.5   0.14037238793032794  
  6316.5   0.1403834976236635   
  6317.5   0.14039461359071675  
  6318.5   0.1404057215254326   
  6319.5   0.14041683573315156  
  6320.5   0.14042794191008257  
  6321.5   0.1404390472087168   
  6322.5   0.14045015877928269  
  6323.5   0.14046126232138303  
  6324.5   0.14047237213470096  
  6325.5   0.14048347392110067  
  6326.5   0.14049458197800407  
  6327.5   0.14050568200953567  
  6328.5   0.14051678831085734  
  6329.5   0.14052788658835283  
  6330.5   0.1405389839894241   
  6331.5   0.14055008765921542  
  6332.5   0.1405611833074971   
  6333.5   0.14057228522378562  
  6334.5   0.1405833791201079   
  6335.5   0.14059447928372412  
  6336.5   0.14060557142891666  
  6337.5   0.14061666984069038  
  6338.5   0.14062776023558216  
  6339.5   0.1406388497559157   
  6340.5   0.14064994554176183  
  6341.5   0.14066103331303675  
  6342.5   0.14067212734911194  
  6343.5   0.14068321337215547  
  6344.5   0.14069430565928728  
  6345.5   0.14070538993492615  
  6346.5   0.14071648047394147  
  6347.5   0.1407275630030017   
  6348.5   0.1407386446593631   
  6349.5   0.1407497325780337   
  6350.5   0.14076081248905412  
  6351.5   0.14077189866167253  
  6352.5   0.1407829768281764   
  6353.5   0.14079406125556712  
  6354.5   0.1408051376783782   
  6355.5   0.14081622036136526  
  6356.5   0.14082729504130667  
  6357.5   0.14083836885040202  
  6358.5   0.14084944891860754  
  6359.5   0.14086052098606652  
  6360.5   0.14087159931192525  
  6361.5   0.14088266963856938  
  6362.5   0.1408937462229031   
  6363.5   0.14090481480955316  
  6364.5   0.14091588965318286  
  6365.5   0.14092695650065912  
  6366.5   0.14093802247913556  
  6367.5   0.14094909471352718  
  6368.5   0.14096015895405878  
  6369.5   0.14097122944979606  
  6370.5   0.1409822919532014   
  6371.5   0.14099336071110313  
  6372.5   0.1410044214782001   
  6373.5   0.14101548849908452  
  6374.5   0.14102654753069047  
  6375.5   0.141037612815375    
  6376.5   0.1410486701123066   
  6377.5   0.14105972654248605  
  6378.5   0.1410707892246814   
  6379.5   0.14108184392141018  
  6380.5   0.14109290486944648  
  6381.5   0.14110395783353963  
  6382.5   0.1411150170482322   
  6383.5   0.14112606828050417  
  6384.5   0.14113712576266763  
  6385.5   0.14114817526393217  
  6386.5   0.14115922390027644  
  6387.5   0.14117027878545083  
  6388.5   0.14118132569200703  
  6389.5   0.14119237884668598  
  6390.5   0.14120342402426636  
  6391.5   0.14121447544926227  
  6392.5   0.14122551889867832  
  6393.5   0.14123656859480296  
  6394.5   0.1412476103168657   
  6395.5   0.14125865117583347  
  6396.5   0.14126969828044986  
  6397.5   0.14128073741327934  
  6398.5   0.14129178279105098  
  6399.5   0.14130282019855156  
  6400.5   0.14131386385028794  
  6401.5   0.1413248995332683   
  6402.5   0.14133594145977843  
  6403.5   0.14134697541904662  
  6404.5   0.14135800851703884  
  6405.5   0.14136904785750226  
  6406.5   0.14138007923299314  
  6407.5   0.14139111685024966  
  6408.5   0.14140214650404573  
  6409.5   0.1414131823989021   
  6410.5   0.1414242103318092   
  6411.5   0.14143524450507144  
  6412.5   0.14144627071789487  
  6413.5   0.14145729607125485  
  6414.5   0.1414683276639128   
  6415.5   0.14147935129839567  
  6416.5   0.1414903811714718   
  6417.5   0.14150140308788123  
  6418.5   0.1415124312421795   
  6419.5   0.1415234514413185   
  6420.5   0.14153447787764212  
  6421.5   0.14154549636031316  
  6422.5   0.141556513985327    
  6423.5   0.14156753784646967  
  6424.5   0.1415785537562179   
  6425.5   0.14158957590139118  
  6426.5   0.1416005900966746   
  6427.5   0.14161161052667964  
  6428.5   0.1416226230082986   
  6429.5   0.14163364172393575  
  6430.5   0.1416446524926898   
  6431.5   0.14165566240558658  
  6432.5   0.14166667855144713  
  6433.5   0.14167768675267714  
  6434.5   0.1416887011861681   
  6435.5   0.14169970767652945  
  6436.5   0.14171072039844915  
  6437.5   0.14172172517873924  
  6438.5   0.14173273618988533  
  6439.5   0.141743739260901    
  6440.5   0.141754741477853    
  6441.5   0.14176574992460794  
  6442.5   0.1417767504334795   
  6443.5   0.14178775717145212  
  6444.5   0.1417987559730385   
  6445.5   0.14180976100302425  
  6446.5   0.1418207580981202   
  6447.5   0.14183176142091397  
  6448.5   0.14184275681031341  
  6449.5   0.1418537513474366   
  6450.5   0.14186475211120594  
  6451.5   0.14187574494382246  
  6452.5   0.14188674400238419  
  6453.5   0.14189773513128656  
  6454.5   0.14190873248543337  
  6455.5   0.14191972191141353  
  6456.5   0.14193071756193754  
  6457.5   0.14194170528578676  
  6458.5   0.14195269923347945  
  6459.5   0.1419636852559884   
  6460.5   0.14197467042839718  
  6461.5   0.1419856618235994   
  6462.5   0.14199664529585262  
  6463.5   0.14200763499019944  
  6464.5   0.1420186167630863   
  6465.5   0.1420296047573671   
  6466.5   0.1420405848316761   
  6467.5   0.14205157112667957  
  6468.5   0.14206254950319866  
  6469.5   0.1420735270313911   
  6470.5   0.14208451077922937  
  6471.5   0.14209548661081256  
  6472.5   0.1421064686613426   
  6473.5   0.14211744279710287  
  6474.5   0.14212842315111127  
  6475.5   0.14213939559183442  
  6476.5   0.14215037425010718  
  6477.5   0.1421613449965784   
  6478.5   0.1421723148964905   
  6479.5   0.14218329101290483  
  6480.5   0.1421942592197415   
  6481.5   0.14220523364238244  
  6482.5   0.1422162001569274   
  6483.5   0.14222717288657877  
  6484.5   0.1422381377096151   
  6485.5   0.1422491087470602   
  6486.5   0.14226007187937037  
  6487.5   0.14227103416688258  
  6488.5   0.14228200266775773  
  6489.5   0.14229296326571622  
  6490.5   0.14230393007634048  
  6491.5   0.14231488898552627  
  6492.5   0.14232585410668083  
  6493.5   0.1423368113278742   
  6494.5   0.14234777476033966  
  6495.5   0.14235873029432036  
  6496.5   0.14236968498525837  
  6497.5   0.14238064588642388  
  6498.5   0.14239159889131767  
  6499.5   0.1424025581057427   
  6500.5   0.14241350942537048  
  6501.5   0.14242446695383354  
  6502.5   0.142435416588973    
  6503.5   0.14244637243225192  
  6504.5   0.14245732038368009  
  6505.5   0.14246826749381467  
  6506.5   0.14247922081104553  
  6507.5   0.1424901662386332   
  6508.5   0.14250111787262185  
  6509.5   0.14251206161843818  
  6510.5   0.14252301156996036  
  6511.5   0.14253395363478033  
  6512.5   0.14254490190461128  
  6513.5   0.14255584228920928  
  6514.5   0.14256678183425675  
  6515.5   0.1425777275832733   
  6516.5   0.1425886654492592   
  6517.5   0.1425996095185197   
  6518.5   0.14261054570621678  
  6519.5   0.14262148809649436  
  6520.5   0.14263242260667502  
  6521.5   0.14264336331874214  
  6522.5   0.1426542961521781   
  6523.5   0.14266522814780055  
  6524.5   0.14267616634426902  
  6525.5   0.14268709666430313  
  6526.5   0.14269803318448968  
  6527.5   0.14270896182970563  
  6528.5   0.14271989667438073  
  6529.5   0.14273082364554815  
  6530.5   0.14274175681548168  
  6531.5   0.14275268211336964  
  6532.5   0.14276361360933076  
  6533.5   0.14277453723470776  
  6534.5   0.14278546002438627  
  6535.5   0.14279638901109912  
  6536.5   0.1428073101294181   
  6537.5   0.14281823744407904  
  6538.5   0.14282915689180553  
  6539.5   0.14284008253518174  
  6540.5   0.14285100031308212  
  6541.5   0.14286192428594024  
  6542.5   0.14287284039478035  
  6543.5   0.1428837556696458   
  6544.5   0.1428946771384315   
  6545.5   0.14290559074538417  
  6546.5   0.14291651054556562  
  6547.5   0.1429274224853699   
  6548.5   0.14293834061771166  
  6549.5   0.14294925089113134  
  6550.5   0.14296016735639738  
  6551.5   0.14297107596419567  
  6552.5   0.14298198373973717  
  6553.5   0.1429928977060889   
  6554.5   0.14300380381715258  
  6555.5   0.14301471611833586  
  6556.5   0.14302562056568344  
  6557.5   0.14303653120246027  
  6558.5   0.14304743398685293  
  6559.5   0.14305834295998462  
  6560.5   0.14306924408218294  
  6561.5   0.1430801443738365   
  6562.5   0.1430910508531943   
  6563.5   0.14310194948379315  
  6564.5   0.14311285430140658  
  6565.5   0.1431237512717099   
  6566.5   0.14313465442833825  
  6567.5   0.14314554973910462  
  6568.5   0.1431564512355067   
  6569.5   0.14316734488749405  
  6570.5   0.14317823771064278  
  6571.5   0.14318913671839376  
  6572.5   0.1432000278838992   
  6573.5   0.1432109252333182   
  6574.5   0.14322181474193696  
  6575.5   0.1432327104337806   
  6576.5   0.14324359828626862  
  6577.5   0.14325449232129314  
  6578.5   0.1432653785184058   
  6579.5   0.14327626388838016  
  6580.5   0.1432871554398589   
  6581.5   0.14329803915558978  
  6582.5   0.14330892905213713  
  6583.5   0.14331981111437853  
  6584.5   0.14333069935674866  
  6585.5   0.1433415797662539   
  6586.5   0.1433524663552004   
  6587.5   0.14336334511272233  
  6588.5   0.1433742230448004   
  6589.5   0.14338510715528902  
  6590.5   0.1433959834365118   
  6591.5   0.14340686589545812  
  6592.5   0.143417740526577    
  6593.5   0.14342862133473255  
  6594.5   0.14343949431649833  
  6595.5   0.1434503734746142   
  6596.5   0.1434612448077771   
  6597.5   0.14347211531718493  
  6598.5   0.1434829920019134   
  6599.5   0.14349386086384253  
  6600.5   0.14350473590040622  
  6601.5   0.1435156031156055   
  6602.5   0.1435264765047534   
  6603.5   0.1435373420739711   
  6604.5   0.14354821381645166  
  6605.5   0.14355907774043541  
  6606.5   0.14356994783699656  
  6607.5   0.14358081011649354  
  6608.5   0.14359167157429162  
  6609.5   0.14360253920363933  
  6610.5   0.1436133990180701   
  6611.5   0.14362426500336548  
  6612.5   0.1436351231751747   
  6613.5   0.1436459875171637   
  6614.5   0.1436568440470965   
  6615.5   0.14366770674652443  
  6616.5   0.1436785616353254   
  6617.5   0.14368941570410348  
  6618.5   0.1437002759413502   
  6619.5   0.14371112837011213  
  6620.5   0.1437219869666586   
  6621.5   0.1437328377561476   
  6622.5   0.14374369471273715  
  6623.5   0.1437545438636958   
  6624.5   0.14376539918107129  
  6625.5   0.14377624669424163  
  6626.5   0.14378709338905937  
  6627.5   0.14379794624926887  
  6628.5   0.14380879130741026  
  6629.5   0.14381964253026017  
  6630.5   0.14383048595246584  
  6631.5   0.14384133553869696  
  6632.5   0.14385217732570704  
  6633.5   0.1438630252760597   
  6634.5   0.14387386542861372  
  6635.5   0.1438847047644798   
  6636.5   0.14389555026266465  
  6637.5   0.1439063879651828   
  6638.5   0.14391723182933738  
  6639.5   0.14392806789924575  
  6640.5   0.14393891013010846  
  6641.5   0.14394974456814466  
  6642.5   0.14396058516645321  
  6643.5   0.1439714179733543   
  6644.5   0.1439822499652264   
  6645.5   0.1439930881163484   
  6646.5   0.1440039184781898   
  6647.5   0.1440147549985996   
  6648.5   0.14402558373114593  
  6649.5   0.1440364186215794   
  6650.5   0.14404724572556574  
  6651.5   0.14405807898675815  
  6652.5   0.14406890446291912  
  6653.5   0.14407972912570446  
  6654.5   0.14409055994467473  
  6655.5   0.14410138298073533  
  6656.5   0.1441122121723003   
  6657.5   0.14412303358236933  
  6658.5   0.14413386114726232  
  6659.5   0.1441446809320724   
  6660.5   0.14415550687102618  
  6661.5   0.14416632503130938  
  6662.5   0.1441771423798648   
  6663.5   0.14418796588154414  
  6664.5   0.1441987816066696   
  6665.5   0.1442096034842393   
  6666.5   0.14422041758666554  
  6667.5   0.1442312378408565   
  6668.5   0.14424205032131363  
  6669.5   0.14425286895285622  
  6670.5   0.14426367981207386  
  6671.5   0.14427448986120597  
  6672.5   0.14428530606040504  
  6673.5   0.14429611448939095  
  6674.5   0.144306929067765    
  6675.5   0.14431773587733288  
  6676.5   0.1443285488356103   
  6677.5   0.14433935402648787  
  6678.5   0.1443501653653966   
  6679.5   0.144360968938311    
  6680.5   0.14437177865857834  
  6681.5   0.1443825806142562   
  6682.5   0.14439338176184824  
  6683.5   0.14440418905577632  
  6684.5   0.14441498858722054  
  6685.5   0.1444257942643231   
  6686.5   0.14443659218034477  
  6687.5   0.14444739624134723  
  6688.5   0.14445819254267106  
  6689.5   0.14446899498829832  
  6690.5   0.14447978967564845  
  6691.5   0.1444905835565428   
  6692.5   0.14450138358072498  
  6693.5   0.14451217584873072  
  6694.5   0.14452297425934743  
  6695.5   0.1445337649151874   
  6696.5   0.1445445617129617   
  6697.5   0.14455535075735818  
  6698.5   0.1445661459430125   
  6699.5   0.1445769333766872   
  6700.5   0.14458772000553058  
  6701.5   0.14459851277461758  
  6702.5   0.14460929779382065  
  6703.5   0.14462008895259135  
  6704.5   0.14463087236287447  
  6705.5   0.1446416619120495   
  6706.5   0.14465244371413252  
  6707.5   0.14466323165443187  
  6708.5   0.14467401184903414  
  6709.5   0.14468479124042422  
  6710.5   0.14469557676901762  
  6711.5   0.1447063545540047   
  6712.5   0.14471713847552012  
  6713.5   0.14472791465482227  
  6714.5   0.14473869696997776  
  6715.5   0.14474947154431242  
  6716.5   0.1447602522538257   
  6717.5   0.14477102522390972  
  6718.5   0.14478179739239513  
  6719.5   0.1447925756950476   
  6720.5   0.14480334626035668  
  6721.5   0.14481412295915852  
  6722.5   0.1448248919220068   
  6723.5   0.1448356670176738   
  6724.5   0.14484643437877628  
  6725.5   0.14485720787202366  
  6726.5   0.14486797363209486  
  6727.5   0.14487873859217573  
  6728.5   0.14488950968339123  
  6729.5   0.1449002730435115   
  6730.5   0.14491104253409304  
  6731.5   0.14492180429496582  
  6732.5   0.14493257218562677  
  6733.5   0.14494333234796475  
  6734.5   0.14495409863941794  
  6735.5   0.14496485720393326  
  6736.5   0.14497561497006115  
  6737.5   0.14498637886429522  
  6738.5   0.1449971350336675   
  6739.5   0.1450078973304735   
  6740.5   0.145018651903801    
  6741.5   0.14502941260388988  
  6742.5   0.14504016558188285  
  6743.5   0.14505092468596514  
  6744.5   0.14506167606933332  
  6745.5   0.14507242665591158  
  6746.5   0.14508318336757153  
  6747.5   0.14509393236058854  
  6748.5   0.14510468747801558  
  6749.5   0.14511543487817974  
  6750.5   0.14512618840208258  
  6751.5   0.14513693421010182  
  6752.5   0.14514768614118848  
  6753.5   0.14515843035777018  
  6754.5   0.14516918069674828  
  6755.5   0.14517992332259927  
  6756.5   0.14519066515360576  
  6757.5   0.14520141310600254  
  6758.5   0.14521215334733747  
  6759.5   0.14522289970939226  
  6760.5   0.14523363836176126  
  6761.5   0.14524438313417973  
  6762.5   0.14525512019828785  
  6763.5   0.14526586338177522  
  6764.5   0.14527659885832694  
  6765.5   0.14528733354161982  
  6766.5   0.14529807434328726  
  6767.5   0.14530880744007943  
  6768.5   0.14531954665457647  
  6769.5   0.14533027816557112  
  6770.5   0.14534101579360115  
  6771.5   0.145351745719501    
  6772.5   0.14536248176176686  
  6773.5   0.14537321010327406  
  6774.5   0.14538393765310295  
  6775.5   0.14539467131829442  
  6776.5   0.1454053972847828   
  6777.5   0.14541612936596496  
  6778.5   0.14542685374981373  
  6779.5   0.14543758424768766  
  6780.5   0.1454483070495972   
  6781.5   0.14545903596486345  
  6782.5   0.14546975718553357  
  6783.5   0.1454804776161006   
  6784.5   0.14549120415902222  
  6785.5   0.14550192300939854  
  6786.5   0.1455126479714615   
  6787.5   0.14552336524234566  
  6788.5   0.1455340886242487   
  6789.5   0.14554480431633873  
  6790.5   0.1455555261187801   
  6791.5   0.1455662402327735   
  6792.5   0.14557695355823386  
  6793.5   0.14558767299304468  
  6794.5   0.14559838474145367  
  6795.5   0.14560910259854604  
  6796.5   0.14561981277059988  
  6797.5   0.14563052905067023  
  6798.5   0.14564123764706463  
  6799.5   0.14565195235080886  
  6800.5   0.1456626593722391   
  6801.5   0.1456733656067011   
  6802.5   0.14568407794751334  
  6803.5   0.14569478260805294  
  6804.5   0.14570549337427652  
  6805.5   0.14571619646158762  
  6806.5   0.14572690565391666  
  6807.5   0.1457376071686927   
  6808.5   0.14574831478782085  
  6809.5   0.14575901473075475  
  6810.5   0.14576971388828008  
  6811.5   0.1457804191491593   
  6812.5   0.14579111673588083  
  6813.5   0.14580182042529088  
  6814.5   0.14581251644190021  
  6815.5   0.14582321856053293  
  6816.5   0.14583391300772128  
  6817.5   0.145844613556268    
  6818.5   0.14585530643472594  
  6819.5   0.14586599852932988  
  6820.5   0.1458766967242952   
  6821.5   0.14588738725120365  
  6822.5   0.145898083877809    
  6823.5   0.14590877283771136  
  6824.5   0.14591946789664628  
  6825.5   0.14593015529023137  
  6826.5   0.14594084878218497  
  6827.5   0.14595153461014118  
  6828.5   0.14596222653580196  
  6829.5   0.14597291079881713  
  6830.5   0.14598359427987137  
  6831.5   0.14599428385763472  
  6832.5   0.14600496577477862  
  6833.5   0.14601565378796827  
  6834.5   0.14602633414188848  
  6835.5   0.14603702059119122  
  6836.5   0.14604769938257384  
  6837.5   0.14605838426867593  
  6838.5   0.1460690614982066   
  6839.5   0.1460797379473194   
  6840.5   0.14609042049015755  
  6841.5   0.1461010953784458   
  6842.5   0.1461117763597967   
  6843.5   0.1461224496879446   
  6844.5   0.14613312910849283  
  6845.5   0.1461438008771843   
  6846.5   0.1461544787376139   
  6847.5   0.14616514894753224  
  6848.5   0.14617581837857088  
  6849.5   0.14618649390035482  
  6850.5   0.14619716177364436  
  6851.5   0.14620783573701743  
  6852.5   0.1462185020532399   
  6853.5   0.14622917445888445  
  6854.5   0.14623983921872152  
  6855.5   0.14625051006731926  
  6856.5   0.14626117327145202  
  6857.5   0.14627183569823812  
  6858.5   0.14628250421279335  
  6859.5   0.14629316508489576  
  6860.5   0.14630383204410644  
  6861.5   0.14631449136220498  
  6862.5   0.14632515676675112  
  6863.5   0.14633581453152522  
  6864.5   0.1463464783820864   
  6865.5   0.14635713459421493  
  6866.5   0.1463677900305248   
  6867.5   0.1463784515516315   
  6868.5   0.14638910543631312  
  6869.5   0.14639976540513147  
  6870.5   0.14641041773886238  
  6871.5   0.14642107615607025  
  6872.5   0.1464317269395276   
  6873.5   0.14644238380580232  
  6874.5   0.14645303303966284  
  6875.5   0.14646368149922773  
  6876.5   0.14647433604062102  
  6877.5   0.146484982951603    
  6878.5   0.14649563594375417  
  6879.5   0.14650628130682866  
  6880.5   0.14651693275041336  
  6881.5   0.14652757656625529  
  6882.5   0.14653822646194864  
  6883.5   0.14654886873123243  
  6884.5   0.14655951022773875  
  6885.5   0.14657015780310872  
  6886.5   0.14658079775406752  
  6887.5   0.14659144378323172  
  6888.5   0.14660208218931628  
  6889.5   0.14661272667294808  
  6890.5   0.1466233635348311   
  6891.5   0.14663400647360342  
  6892.5   0.14664464179195713  
  6893.5   0.1466552763390465   
  6894.5   0.14666591696203865  
  6895.5   0.14667654996660603  
  6896.5   0.1466871890464188   
  6897.5   0.1466978205091353   
  6898.5   0.14670845804643984  
  6899.5   0.14671908796797595  
  6900.5   0.14672972396344308  
  6901.5   0.14674035234446883  
  6902.5   0.14675098679876872  
  6903.5   0.14676161363995371  
  6904.5   0.14677223971171696  
  6905.5   0.14678287185576946  
  6906.5   0.1467934963886953   
  6907.5   0.14680412699325396  
  6908.5   0.14681474998801072  
  6909.5   0.14682537905374407  
  6910.5   0.14683600051099965  
  6911.5   0.14684662803857573  
  6912.5   0.1468572479589975   
  6913.5   0.1468678671114997   
  6914.5   0.14687849233333883  
  6915.5   0.14688910995000726  
  6916.5   0.14689973363535708  
  6917.5   0.14691034971685799  
  6918.5   0.14692097186638486  
  6919.5   0.14693158641338394  
  6920.5   0.14694220702775376  
  6921.5   0.14695282004091623  
  6922.5   0.14696343228765638  
  6923.5   0.14697405060078494  
  6924.5   0.14698466131468535  
  6925.5   0.14699527809431936  
  6926.5   0.14700588727604397  
  6927.5   0.1470165025228477   
  6928.5   0.14702711017306005  
  6929.5   0.1470377238876972   
  6930.5   0.14704833000706038  
  6931.5   0.14705893536149373  
  6932.5   0.14706954677937079  
  6933.5   0.14708015060394855  
  6934.5   0.1470907604913161   
  6935.5   0.14710136278670016  
  6936.5   0.1471119711442203   
  6937.5   0.14712257191107206  
  6938.5   0.14713317873940637  
  6939.5   0.1471437779783867   
  6940.5   0.1471543764539248   
  6941.5   0.14716498098996567  
  6942.5   0.1471755779386227   
  6943.5   0.14718618094712949  
  6944.5   0.14719677636956527  
  6945.5   0.14720737785119786  
  6946.5   0.14721797174807155  
  6947.5   0.14722857170348944  
  6948.5   0.14723916407545987  
  6949.5   0.14724975568547083  
  6950.5   0.1472603533530474   
  6951.5   0.14727094343914227  
  6952.5   0.1472815395821505   
  6953.5   0.14729212814498685  
  6954.5   0.1473027227640846   
  6955.5   0.14731330980431953  
  6956.5   0.14732390290016403  
  6957.5   0.1473344884184542   
  6958.5   0.14734507317626294  
  6959.5   0.14735566398870392  
  6960.5   0.14736624722555183  
  6961.5   0.1473768365163807   
  6962.5   0.14738741823292334  
  6963.5   0.1473980060027957   
  6964.5   0.14740858619968802  
  6965.5   0.1474191724492591   
  6966.5   0.14742975112715562  
  6967.5   0.14744032904604393  
  6968.5   0.14745091301663493  
  6969.5   0.14746148941750825  
  6970.5   0.14747207186943373  
  6971.5   0.14748264675294542  
  6972.5   0.147493227686859    
  6973.5   0.14750380105366195  
  6974.5   0.1475143804702166   
  6975.5   0.14752495232096322  
  6976.5   0.1475355302208116   
  6977.5   0.14754610055615386  
  6978.5   0.14755667013428203  
  6979.5   0.14756724576053745  
  6980.5   0.1475778138242382   
  6981.5   0.1475883879354167   
  6982.5   0.14759895448534083  
  6983.5   0.14760952708209332  
  6984.5   0.14762009211889113  
  6985.5   0.14763066320186818  
  6986.5   0.1476412267261895   
  6987.5   0.14765178949475943  
  6988.5   0.14766235830853536  
  6989.5   0.14767291956560263  
  6990.5   0.14768348686722724  
  6991.5   0.1476940466134405   
  6992.5   0.14770461240356264  
  6993.5   0.14771517063957018  
  6994.5   0.14772573491883825  
  6995.5   0.1477362916452878   
  6996.5   0.1477468476174439   
  6997.5   0.14775740963188858  
  6998.5   0.14776796409545737  
  6999.5   0.14777852460066687  
  7000.5   0.14778907755629497  
  7001.5   0.14779963655291614  
  7002.5   0.14781018800124962  
  7003.5   0.14782074548992877  
  7004.5   0.14783129543161336  
  7005.5   0.14784184462045788  
  7006.5   0.14785239984867726  
  7007.5   0.14786294753184046  
  7008.5   0.14787350125373153  
  7009.5   0.1478840474318579   
  7010.5   0.14789459964806534  
  7011.5   0.147905144321799    
  7012.5   0.1479156950329671   
  7013.5   0.1479262382029516   
  7014.5   0.1479367806215447   
  7015.5   0.14794732907660268  
  7016.5   0.14795786999241112  
  7017.5   0.14796841694403834  
  7018.5   0.14797895635770453  
  7019.5   0.14798950180654358  
  7020.5   0.1480000397187096   
  7021.5   0.14801058366540262  
  7022.5   0.14802112007671003  
  7023.5   0.14803165573806998  
  7024.5   0.1480421974329887   
  7025.5   0.14805273159445137  
  7026.5   0.14806327178882747  
  7027.5   0.1480738044510333   
  7028.5   0.1480843431455074   
  7029.5   0.14809487430909635  
  7030.5   0.1481054115043086   
  7031.5   0.14811594116992013  
  7032.5   0.1481264700870236   
  7033.5   0.14813700503478336  
  7034.5   0.14814753245486775  
  7035.5   0.1481580659049639   
  7036.5   0.14816859182866754  
  7037.5   0.14817912378173864  
  7038.5   0.14818964820969943  
  7039.5   0.14820017866638355  
  7040.5   0.148210701599239    
  7041.5   0.14822122378502114  
  7042.5   0.1482317519985609   
  7043.5   0.1482422726901929   
  7044.5   0.14825279940893882  
  7045.5   0.14826331860705705  
  7046.5   0.14827384383164566  
  7047.5   0.14828436153688596  
  7048.5   0.1482948852679533   
  7049.5   0.1483054014809511   
  7050.5   0.14831592371913283  
  7051.5   0.1483264384405231   
  7052.5   0.14833695241658748  
  7053.5   0.1483474724168716   
  7054.5   0.14835798490227997  
  7055.5   0.1483685034112654   
  7056.5   0.14837901440665163  
  7057.5   0.14838953142497238  
  7058.5   0.14840004093096984  
  7059.5   0.14841055645925952  
  7060.5   0.14842106447650116  
  7061.5   0.1484315717498416   
  7062.5   0.14844208504451126  
  7063.5   0.14845259083004433  
  7064.5   0.1484631026362648   
  7065.5   0.14847360693462242  
  7066.5   0.14848411725302574  
  7067.5   0.1484946200648392   
  7068.5   0.14850512889605696  
  7069.5   0.14851563022195724  
  7070.5   0.14852613080537647  
  7071.5   0.14853663740723816  
  7072.5   0.14854713650568965  
  7073.5   0.1485576416219426   
  7074.5   0.1485681392360562   
  7075.5   0.14857864286733044  
  7076.5   0.14858913899773554  
  7077.5   0.14859964114466062  
  7078.5   0.14861013579198618  
  7079.5   0.14862062969824624  
  7080.5   0.14863112962006567  
  7081.5   0.14864162204418863  
  7082.5   0.1486521204832308   
  7083.5   0.14866261142584442  
  7084.5   0.14867310838273728  
  7085.5   0.14868359784446905  
  7086.5   0.14869409331984018  
  7087.5   0.148704581301317    
  7088.5   0.14871506854313943  
  7089.5   0.14872556179764188  
  7090.5   0.1487360475601488   
  7091.5   0.1487465393346964   
  7092.5   0.1487570236185137   
  7093.5   0.14876751391373244  
  7094.5   0.1487779967194855   
  7095.5   0.14878848553600096  
  7096.5   0.1487989668643147   
  7097.5   0.14880944745438068  
  7098.5   0.148819934054251    
  7099.5   0.14883041316781417  
  7100.5   0.14884089829054317  
  7101.5   0.14885137592822736  
  7102.5   0.14886185957443904  
  7103.5   0.14887233573686773  
  7104.5   0.14888281790718563  
  7105.5   0.14889329259498177  
  7106.5   0.14890376654593232  
  7107.5   0.14891424650381524  
  7108.5   0.14892471898106677  
  7109.5   0.1489351974646129   
  7110.5   0.1489456684687873   
  7111.5   0.14895614547861874  
  7112.5   0.14896661501033745  
  7113.5   0.1489770905470758   
  7114.5   0.1489875586069598   
  7115.5   0.14899802593139597  
  7116.5   0.14900849925989618  
  7117.5   0.14901896511342821  
  7118.5   0.1490294369703874   
  7119.5   0.14903990135363526  
  7120.5   0.1490503717396735   
  7121.5   0.14906083465325665  
  7122.5   0.14907130356899365  
  7123.5   0.14908176501353113  
  7124.5   0.1490922257240141   
  7125.5   0.14910269243569652  
  7126.5   0.14911315167806147  
  7127.5   0.14912361692098974  
  7128.5   0.14913407469585466  
  7129.5   0.14914453847064696  
  7130.5   0.14915499477862937  
  7131.5   0.14916545708590337  
  7132.5   0.14917591192762034  
  7133.5   0.14918637276799337  
  7134.5   0.14919682614406157  
  7135.5   0.14920727878777226  
  7136.5   0.1492177374291861   
  7137.5   0.14922818860817208  
  7138.5   0.14923864578422613  
  7139.5   0.14924909549910303  
  7140.5   0.14925955121041304  
  7141.5   0.14926999946179598  
  7142.5   0.14928045370897727  
  7143.5   0.14929090049748095  
  7144.5   0.14930134655501076  
  7145.5   0.1493117986073872   
  7146.5   0.14932224320295892  
  7147.5   0.14933269379274303  
  7148.5   0.14934313692697032  
  7149.5   0.1493535860547759   
  7150.5   0.14936402772827198  
  7151.5   0.14937447539471238  
  7152.5   0.14938491560809006  
  7153.5   0.14939535509187307  
  7154.5   0.14940580056764993  
  7155.5   0.1494162385922328   
  7156.5   0.14942668260817604  
  7157.5   0.1494371191741705   
  7158.5   0.14944756173089196  
  7159.5   0.1494579968389093   
  7160.5   0.14946843793702055  
  7161.5   0.1494788715876716   
  7162.5   0.14948930451010292  
  7163.5   0.14949974342167885  
  7164.5   0.1495101748876593   
  7165.5   0.1495206123421517   
  7166.5   0.14953104235229106  
  7167.5   0.14954147835030987  
  7168.5   0.14955190690521752  
  7169.5   0.14956234144737232  
  7170.5   0.14957276854765725  
  7171.5   0.149583194921093    
  7172.5   0.14959362728082784  
  7173.5   0.14960405220055337  
  7174.5   0.1496144831059461   
  7175.5   0.1496249065725693   
  7176.5   0.149635336024228    
  7177.5   0.1496457580383563   
  7178.5   0.14965618603688863  
  7179.5   0.14966660659912912  
  7180.5   0.1496770264358867   
  7181.5   0.1496874522561015   
  7182.5   0.14969787064188095  
  7183.5   0.14970829501048652  
  7184.5   0.14971871194589378  
  7185.5   0.1497291348634963   
  7186.5   0.1497395503491369   
  7187.5   0.1497499718163421   
  7188.5   0.14976038585282125  
  7189.5   0.14977079916517957  
  7190.5   0.1497812184581568   
  7191.5   0.1497916303222605   
  7192.5   0.1498020481663528   
  7193.5   0.14981245858280592  
  7194.5   0.1498228749786176   
  7195.5   0.14983328394802384  
  7196.5   0.1498436988961587   
  7197.5   0.1498541064191213   
  7198.5   0.14986451321932084  
  7199.5   0.1498749259973046   
  7200.5   0.14988533135196447  
  7201.5   0.14989574268377912  
  7202.5   0.14990614659350154  
  7203.5   0.14991655647974947  
  7204.5   0.14992695894513625  
  7205.5   0.14993736738641938  
  7206.5   0.1499477684080719   
  7207.5   0.14995817540499184  
  7208.5   0.14996857498351096  
  7209.5   0.14997897384092082  
  7210.5   0.14998937867265516  
  7211.5   0.14999977608783222  
  7212.5   0.1500101794767053   
  7213.5   0.15002057545024947  
  7214.5   0.1500309773968614   
  7215.5   0.15004137192937214  
  7216.5   0.15005177243432255  
  7217.5   0.15006216552639903  
  7218.5   0.15007255789871457  
  7219.5   0.150082956242528    
  7220.5   0.15009334717530698  
  7221.5   0.15010374407895616  
  7222.5   0.15011413357279663  
  7223.5   0.15012452903687978  
  7224.5   0.15013491709237933  
  7225.5   0.15014531111749427  
  7226.5   0.15015569773525014  
  7227.5   0.15016608363458928  
  7228.5   0.15017647550260327  
  7229.5   0.15018685996509368  
  7230.5   0.15019725039563206  
  7231.5   0.1502076334218699   
  7232.5   0.15021802241552903  
  7233.5   0.15022840400611012  
  7234.5   0.15023879156348596  
  7235.5   0.15024917171900562  
  7236.5   0.15025955115744855  
  7237.5   0.15026993656174686  
  7238.5   0.15028031456602056  
  7239.5   0.15029069853552357  
  7240.5   0.1503010751062223   
  7241.5   0.1503114576415245   
  7242.5   0.15032183277924227  
  7243.5   0.15033221388093773  
  7244.5   0.150342587586268    
  7245.5   0.15035296057585737  
  7246.5   0.15036333952848632  
  7247.5   0.1503737110865776   
  7248.5   0.1503840886070832   
  7249.5   0.15039445873426888  
  7250.5   0.15040483482324377  
  7251.5   0.15041520352011595  
  7252.5   0.15042557817815239  
  7253.5   0.15043594544530273  
  7254.5   0.15044631199804384  
  7255.5   0.1504566845110123   
  7256.5   0.15046704963491822  
  7257.5   0.15047742071842699  
  7258.5   0.15048778441408836  
  7259.5   0.1504981540687283   
  7260.5   0.15050851633673534  
  7261.5   0.1505188845630968   
  7262.5   0.15052924540403942  
  7263.5   0.1505396055319004   
  7264.5   0.15054997161718003  
  7265.5   0.15056033031886046  
  7266.5   0.15057069497733583  
  7267.5   0.15058105225342452  
  7268.5   0.15059141548568467  
  7269.5   0.15060177133677     
  7270.5   0.15061213314340346  
  7271.5   0.15062248757007352  
  7272.5   0.1506328412849854   
  7273.5   0.15064320095451086  
  7274.5   0.15065355324588864  
  7275.5   0.15066391149125705  
  7276.5   0.15067426235968767  
  7277.5   0.15068461918148623  
  7278.5   0.15069496862755632  
  7279.5   0.15070532402637182  
  7280.5   0.15071567205066758  
  7281.5   0.15072602602708637  
  7282.5   0.15073637263019357  
  7283.5   0.1507467185231547   
  7284.5   0.1507570703673057   
  7285.5   0.15076741483995612  
  7286.5   0.15077776526317452  
  7287.5   0.15078810831609904  
  7288.5   0.15079845731896976  
  7289.5   0.1508087989527528   
  7290.5   0.15081914653586043  
  7291.5   0.1508294867510859   
  7292.5   0.1508398262574797   
  7293.5   0.1508501717122662   
  7294.5   0.15086050980097757  
  7295.5   0.15087085383746054  
  7296.5   0.15088119050907253  
  7297.5   0.15089153312783515  
  7298.5   0.15090186838293035  
  7299.5   0.15091220958455537  
  7300.5   0.15092254342371594  
  7301.5   0.15093287655535517  
  7302.5   0.1509432156325935   
  7303.5   0.15095354734917057  
  7304.5   0.15096388501072636  
  7305.5   0.15097421531282246  
  7306.5   0.15098455155927712  
  7307.5   0.15099488044747297  
  7308.5   0.15100521527940747  
  7309.5   0.15101554275428358  
  7310.5   0.1510258695229447   
  7311.5   0.1510362022344148   
  7312.5   0.15104652759062587  
  7313.5   0.15105685888902642  
  7314.5   0.1510671828333669   
  7315.5   0.15107751271927744  
  7316.5   0.1510878352523263   
  7317.5   0.15109816372632603  
  7318.5   0.1511084848486619   
  7319.5   0.15111880526608507  
  7320.5   0.15112913162353073  
  7321.5   0.151139450631108    
  7322.5   0.151149775578089    
  7323.5   0.151160093176398    
  7324.5   0.15117041671349213  
  7325.5   0.1511807329031101   
  7326.5   0.1511910550308948   
  7327.5   0.1512013698123986   
  7328.5   0.15121168389028797  
  7329.5   0.15122200390541685  
  7330.5   0.15123231657605649  
  7331.5   0.15124263518331763  
  7332.5   0.15125294644728332  
  7333.5   0.15126326364725273  
  7334.5   0.15127357350512002  
  7335.5   0.15128388929837336  
  7336.5   0.15129419775071729  
  7337.5   0.15130450550074112  
  7338.5   0.151314819185225    
  7339.5   0.15132512553058727  
  7340.5   0.15133543780979233  
  7341.5   0.1513457427510671   
  7342.5   0.15135605362556767  
  7343.5   0.15136635716332866  
  7344.5   0.15137666663369856  
  7345.5   0.15138696876851906  
  7346.5   0.15139727020230986  
  7347.5   0.15140757756778478  
  7348.5   0.15141787759949427  
  7349.5   0.15142818356227136  
  7350.5   0.15143848219247183  
  7351.5   0.15144878675312373  
  7352.5   0.15145908398238714  
  7353.5   0.15146938714148592  
  7354.5   0.15147968297038386  
  7355.5   0.15148998472850123  
  7356.5   0.15150027915760483  
  7357.5   0.1515105728872505   
  7358.5   0.1515208725451922   
  7359.5   0.15153116487589952  
  7360.5   0.15154146313428735  
  7361.5   0.15155175406662647  
  7362.5   0.15156205092603087  
  7363.5   0.15157234046057158  
  7364.5   0.1515826359215625   
  7365.5   0.15159292405887428  
  7366.5   0.15160321149800973  
  7367.5   0.15161350486267314  
  7368.5   0.15162379090543301  
  7369.5   0.1516340828731061   
  7370.5   0.15164436752005878  
  7371.5   0.15165465809131018  
  7372.5   0.1516649413430238   
  7373.5   0.1516752305184218   
  7374.5   0.15168551237546402  
  7375.5   0.15169579353560764  
  7376.5   0.15170608061851457  
  7377.5   0.15171636038483755  
  7378.5   0.15172664607330985  
  7379.5   0.15173692444637887  
  7380.5   0.15174720874098352  
  7381.5   0.15175748572136494  
  7382.5   0.15176776862266841  
  7383.5   0.1517780442109282   
  7384.5   0.15178831910356322  
  7385.5   0.15179859991620037  
  7386.5   0.15180887341756186  
  7387.5   0.1518191528383124   
  7388.5   0.1518294249489654   
  7389.5   0.15183970297839447  
  7390.5   0.15184997369890357  
  7391.5   0.151860250337576    
  7392.5   0.15187051966850548  
  7393.5   0.15188078830508012  
  7394.5   0.15189106285889928  
  7395.5   0.15190133010673987  
  7396.5   0.15191160327121261  
  7397.5   0.15192186913088235  
  7398.5   0.15193214090657212  
  7399.5   0.151942405378634    
  7400.5   0.1519526757661038   
  7401.5   0.15196293885112033  
  7402.5   0.15197320124304806  
  7403.5   0.15198346954946623  
  7404.5   0.1519937305551916   
  7405.5   0.15200399747479576  
  7406.5   0.15201425709488034  
  7407.5   0.15202452262823227  
  7408.5   0.15203478086323724  
  7409.5   0.15204504501089836  
  7410.5   0.1520553018613845   
  7411.5   0.15206555802004415  
  7412.5   0.15207582009044357  
  7413.5   0.15208607486542486  
  7414.5   0.15209633555153504  
  7415.5   0.15210658894339785  
  7416.5   0.15211684824577895  
  7417.5   0.15212710025508275  
  7418.5   0.15213735817429436  
  7419.5   0.15214760880159828  
  7420.5   0.15215785873833412  
  7421.5   0.15216811458406254  
  7422.5   0.15217836313963637  
  7423.5   0.15218861760359273  
  7424.5   0.15219886477856276  
  7425.5   0.15220911786130542  
  7426.5   0.15221936365622943  
  7427.5   0.15222961535831642  
  7428.5   0.15223985977375182  
  7429.5   0.15225011009574066  
  7430.5   0.15226035313224454  
  7431.5   0.15227059547971322  
  7432.5   0.15228084373282152  
  7433.5   0.15229108470219346  
  7434.5   0.15230133157659587  
  7435.5   0.15231157116842717  
  7436.5   0.15232181666468003  
  7437.5   0.15233205487952642  
  7438.5   0.15234229899818558  
  7439.5   0.15235253583660247  
  7440.5   0.15236277198723414  
  7441.5   0.15237301404076586  
  7442.5   0.15238324881580026  
  7443.5   0.1523934894931264   
  7444.5   0.15240372289311793  
  7445.5   0.1524139621947931   
  7446.5   0.15242419422029585  
  7447.5   0.15243443214687424  
  7448.5   0.15244466279844193  
  7449.5   0.15245489276347063  
  7450.5   0.15246512862866335  
  7451.5   0.1524753572205867   
  7452.5   0.15248559171206655  
  7453.5   0.1524958189314373   
  7454.5   0.15250605204975717  
  7455.5   0.15251627789712774  
  7456.5   0.15252650964284023  
  7457.5   0.15253673411876267  
  7458.5   0.15254695790938852  
  7459.5   0.15255718759744585  
  7460.5   0.15256741001745078  
  7461.5   0.15257763833428042  
  7462.5   0.15258785938421554  
  7463.5   0.15259808633036875  
  7464.5   0.1526083060107848   
  7465.5   0.15261853158681243  
  7466.5   0.15262874989825975  
  7467.5   0.15263896752564915  
  7468.5   0.15264919104774094  
  7469.5   0.1526594073069864   
  7470.5   0.1526696294603282   
  7471.5   0.15267984435197912  
  7472.5   0.15269006513712052  
  7473.5   0.15270027866172595  
  7474.5   0.15271049807921622  
  7475.5   0.1527207102373249   
  7476.5   0.15273092171261066  
  7477.5   0.1527411390798731   
  7478.5   0.15275134918948444  
  7479.5   0.15276156519046713  
  7480.5   0.1527717739349517   
  7481.5   0.15278198857020264  
  7482.5   0.15279219595010796  
  7483.5   0.15280240922017468  
  7484.5   0.15281261523604778  
  7485.5   0.1528228205703292   
  7486.5   0.15283303179386507  
  7487.5   0.15284323576493408  
  7488.5   0.15285344562465303  
  7489.5   0.1528636482330558   
  7490.5   0.15287385672950415  
  7491.5   0.1528840579757864   
  7492.5   0.1528942651095101   
  7493.5   0.15290446499421723  
  7494.5   0.1529146641985603   
  7495.5   0.152924869289439    
  7496.5   0.15293506713302432  
  7497.5   0.15294527086254153  
  7498.5   0.15295546734591364  
  7499.5   0.152965669714614    
  7500.5   0.15297586483831704  
  7501.5   0.15298606584674496  
  7502.5   0.15299625961132263  
  7503.5   0.153006459260022    
  7504.5   0.1530166516660178   
  7505.5   0.15302684339314487  
  7506.5   0.15303704100348914  
  7507.5   0.1530472313728487   
  7508.5   0.15305742762482263  
  7509.5   0.15306761663695714  
  7510.5   0.15307781153110336  
  7511.5   0.153087999186555    
  7512.5   0.15309819272341593  
  7513.5   0.15310837902272642  
  7514.5   0.15311856464438764  
  7515.5   0.15312875614655483  
  7516.5   0.15313894041288684  
  7517.5   0.1531491305591228   
  7518.5   0.15315931347066655  
  7519.5   0.15316950226151235  
  7520.5   0.15317968381880834  
  7521.5   0.15318987125480465  
  7522.5   0.15320005145839308  
  7523.5   0.1532102309855479   
  7524.5   0.1532204163905009   
  7525.5   0.15323059456475766  
  7526.5   0.15324077861621124  
  7527.5   0.15325095543810918  
  7528.5   0.15326113813660286  
  7529.5   0.1532713136066809   
  7530.5   0.1532814949527537   
  7531.5   0.15329166907155037  
  7532.5   0.1533018425151256   
  7533.5   0.15331202183379458  
  7534.5   0.15332219392689553  
  7535.5   0.15333237189448973  
  7536.5   0.15334254263765407  
  7537.5   0.15335271925471128  
  7538.5   0.15336288864847633  
  7539.5   0.15337306391553404  
  7540.5   0.15338323196043674  
  7541.5   0.1533933993313265   
  7542.5   0.15340357257460902  
  7543.5   0.15341373859744112  
  7544.5   0.15342391049206616  
  7545.5   0.15343407516737664  
  7546.5   0.15344424571388046  
  7547.5   0.15345440904220503  
  7548.5   0.1534645782411235   
  7549.5   0.1534747402229975   
  7550.5   0.15348490153206348  
  7551.5   0.15349506871082458  
  7552.5   0.15350522867424232  
  7553.5   0.15351539450675608  
  7554.5   0.15352555312505997  
  7555.5   0.15353571761186108  
  7556.5   0.15354587488558527  
  7557.5   0.153556038027208    
  7558.5   0.15356619395688623  
  7559.5   0.15357634921495777  
  7560.5   0.15358651034003015  
  7561.5   0.15359666425485566  
  7562.5   0.15360682403608372  
  7563.5   0.153616976608196    
  7564.5   0.15362713504611278  
  7565.5   0.15363728627604442  
  7566.5   0.1536474433711826   
  7567.5   0.1536575932594658   
  7568.5   0.15366774247734     
  7569.5   0.1536778975595242   
  7570.5   0.15368804543654746  
  7571.5   0.15369819917728317  
  7572.5   0.15370834571398675  
  7573.5   0.15371849811380545  
  7574.5   0.15372864331072025  
  7575.5   0.15373879437015303  
  7576.5   0.15374893822780974  
  7577.5   0.15375908794738732  
  7578.5   0.15376923046631613  
  7579.5   0.1537793723162951   
  7580.5   0.1537895200272998   
  7581.5   0.15379966053934546  
  7582.5   0.15380980691182028  
  7583.5   0.15381994608646204  
  7584.5   0.15383009112093649  
  7585.5   0.15384022895870342  
  7586.5   0.15385037265570667  
  7587.5   0.15386050915712737  
  7588.5   0.15387064499078806  
  7589.5   0.15388078668279115  
  7590.5   0.1538909211808979   
  7591.5   0.15390106153675115  
  7592.5   0.15391119469983175  
  7593.5   0.15392133372006317  
  7594.5   0.15393146554864512  
  7595.5   0.15394160323378228  
  7596.5   0.15395173372839263  
  7597.5   0.15396186355642932  
  7598.5   0.1539719992401284   
  7599.5   0.15398212773498343  
  7600.5   0.1539922620849057   
  7601.5   0.15400238924710535  
  7602.5   0.15401252226377726  
  7603.5   0.15402264809384736  
  7604.5   0.15403277977779495  
  7605.5   0.15404290427626108  
  7606.5   0.15405302810933638  
  7607.5   0.15406315779539742  
  7608.5   0.15407328029765635  
  7609.5   0.15408340865230663  
  7610.5   0.15409352982427385  
  7611.5   0.1541036568480382   
  7612.5   0.15411377669023807  
  7613.5   0.15412390238364101  
  7614.5   0.15413402089659753  
  7615.5   0.15414413874534258  
  7616.5   0.1541542624444      
  7617.5   0.15416437896468693  
  7618.5   0.15417450133469265  
  7619.5   0.15418461652704463  
  7620.5   0.15419473756852192  
  7621.5   0.1542048514334617   
  7622.5   0.15421497114693353  
  7623.5   0.15422508368498358  
  7624.5   0.15423519555999807  
  7625.5   0.15424531328265498  
  7626.5   0.15425542383156268  
  7627.5   0.15426554022751995  
  7628.5   0.1542756494508425   
  7629.5   0.15428576452062182  
  7630.5   0.15429587241888043  
  7631.5   0.15430598616300328  
  7632.5   0.15431609273671887  
  7633.5   0.15432619864857125  
  7634.5   0.15433631040539947  
  7635.5   0.15434641499348944  
  7636.5   0.15435652542596315  
  7637.5   0.15436662869081083  
  7638.5   0.15437673779945021  
  7639.5   0.15438683974157527  
  7640.5   0.15439694752690025  
  7641.5   0.15440704814682213  
  7642.5   0.15441714810604973  
  7643.5   0.1544272539075899   
  7644.5   0.15443735254539265  
  7645.5   0.15444745702491652  
  7646.5   0.1544575543418129   
  7647.5   0.15446765749983918  
  7648.5   0.15447775349634743  
  7649.5   0.15448785533339446  
  7650.5   0.15449795001003241  
  7651.5   0.15450805052661823  
  7652.5   0.1545181438839034   
  7653.5   0.15452823658191833  
  7654.5   0.15453833511899517  
  7655.5   0.1545484264984329   
  7656.5   0.15455852371634202  
  7657.5   0.15456861377771913  
  7658.5   0.15457870967697732  
  7659.5   0.15458879842081025  
  7660.5   0.154598893001934    
  7661.5   0.15460898042873866  
  7662.5   0.15461906719743446  
  7663.5   0.15462915980253622  
  7664.5   0.15463924525497705  
  7665.5   0.1546493365432341   
  7666.5   0.1546594206799351   
  7667.5   0.1546695106518627   
  7668.5   0.15467959347333873  
  7669.5   0.1546896821294519   
  7670.5   0.15469976363621737  
  7671.5   0.15470984448603192  
  7672.5   0.15471993116959984  
  7673.5   0.1547300107054749   
  7674.5   0.15474009607451428  
  7675.5   0.15475017429696344  
  7676.5   0.1547602583519881   
  7677.5   0.1547703352615247   
  7678.5   0.1547804180030481   
  7679.5   0.15479049360018513  
  7680.5   0.15480056854152574  
  7681.5   0.15481064931397046  
  7682.5   0.15482072294368027  
  7683.5   0.15483080240390587  
  7684.5   0.15484087472249694  
  7685.5   0.15485095287101572  
  7686.5   0.15486102387899994  
  7687.5   0.15487110071632385  
  7688.5   0.15488117041421265  
  7689.5   0.1548912394574562   
  7690.5   0.15490131432915788  
  7691.5   0.15491138206307253  
  7692.5   0.15492145562485773  
  7693.5   0.1549315220499541   
  7694.5   0.15494159430233367  
  7695.5   0.15495165941912212  
  7696.5   0.15496173036260646  
  7697.5   0.15497179417159695  
  7698.5   0.15498185732708994  
  7699.5   0.1549919263083984   
  7700.5   0.1550019881568577   
  7701.5   0.15501205583054564  
  7702.5   0.1550221163724804   
  7703.5   0.15503218273905708  
  7704.5   0.15504224197497612  
  7705.5   0.15505230703495057  
  7706.5   0.15506236496536235  
  7707.5   0.15507242224342113  
  7708.5   0.15508248534465593  
  7709.5   0.15509254131796954  
  7710.5   0.15510260311387306  
  7711.5   0.1551126577829491   
  7712.5   0.15512271827402913  
  7713.5   0.155132771639375    
  7714.5   0.15514283082613906  
  7715.5   0.15515288288826173  
  7716.5   0.15516293429917252  
  7717.5   0.1551729915306232   
  7718.5   0.1551830416390706   
  7719.5   0.15519309756747254  
  7720.5   0.15520314637396274  
  7721.5   0.1552132009998223   
  7722.5   0.15522324850486122  
  7723.5   0.15523330182868442  
  7724.5   0.15524334803277756  
  7725.5   0.15525340005507005  
  7726.5   0.1552634449587226   
  7727.5   0.1552734892125534   
  7728.5   0.1552835392837067   
  7729.5   0.15529358223785406  
  7730.5   0.15530363100873937  
  7731.5   0.15531367266370766  
  7732.5   0.1553237201348296   
  7733.5   0.15533376049112288  
  7734.5   0.15534380666298564  
  7735.5   0.15535384572110764  
  7736.5   0.15536388413054167  
  7737.5   0.15537392835466932  
  7738.5   0.15538396546668695  
  7739.5   0.1553940083928145   
  7740.5   0.15540404420791873  
  7741.5   0.15541408583654925  
  7742.5   0.15542412035524264  
  7743.5   0.15543416068687887  
  7744.5   0.15544419390966374  
  7745.5   0.15545422648489104  
  7746.5   0.15546426487218643  
  7747.5   0.15547429615225788  
  7748.5   0.15548433324381442  
  7749.5   0.15549436322923152  
  7750.5   0.1555043990255508   
  7751.5   0.15551442771681467  
  7752.5   0.15552446221839802  
  7753.5   0.1555344896160095   
  7754.5   0.15554451636719063  
  7755.5   0.1555545489278175   
  7756.5   0.15556457438609672  
  7757.5   0.15557460565323944  
  7758.5   0.1555846298191168   
  7759.5   0.15559465979327552  
  7760.5   0.15560468266725075  
  7761.5   0.15561471134892532  
  7762.5   0.15562473293149773  
  7763.5   0.15563475386876371  
  7764.5   0.15564478061285636  
  7765.5   0.1556548002594679   
  7766.5   0.15566482571232457  
  7767.5   0.15567484406878024  
  7768.5   0.1556848682308996   
  7769.5   0.15569488529769768  
  7770.5   0.1557049081695782   
  7771.5   0.15571492394721653  
  7772.5   0.15572493908066906  
  7773.5   0.1557349600183325   
  7774.5   0.15574497386337152  
  7775.5   0.1557549935120406   
  7776.5   0.15576500606916327  
  7777.5   0.1557750244293353   
  7778.5   0.1557850356990384   
  7779.5   0.15579505277121028  
  7780.5   0.1558050627539903   
  7781.5   0.15581507209370185  
  7782.5   0.15582508723501184  
  7783.5   0.1558350952885444   
  7784.5   0.15584510914309516  
  7785.5   0.15585511591094436  
  7786.5   0.1558651284792318   
  7787.5   0.155875133961893    
  7788.5   0.15588514524441266  
  7789.5   0.15589514944238095  
  7790.5   0.15590515299839497  
  7791.5   0.15591516235339806  
  7792.5   0.15592516462546108  
  7793.5   0.1559351726959337   
  7794.5   0.15594517368453994  
  7795.5   0.15595518047097653  
  7796.5   0.15596518017661995  
  7797.5   0.1559751856795146   
  7798.5   0.15598518410268877  
  7799.5   0.15599518188501968  
  7800.5   0.15600518546373357  
  7801.5   0.156015181964335    
  7802.5   0.15602518426074072  
  7803.5   0.15603517948010553  
  7804.5   0.15604518049469612  
  7805.5   0.15605517443331685  
  7806.5   0.1560651741665849   
  7807.5   0.15607516682495373  
  7808.5   0.15608516527739166  
  7809.5   0.1560951566560005   
  7810.5   0.15610514739511952  
  7811.5   0.15611514392744072  
  7812.5   0.1561251333875369   
  7813.5   0.15613512864025736  
  7814.5   0.1561451168218218   
  7815.5   0.15615511079543284  
  7816.5   0.1561650976989563   
  7817.5   0.1561750903939489   
  7818.5   0.15618507601992182  
  7819.5   0.15619506100750885  
  7820.5   0.15620505178569916  
  7821.5   0.15621503549647073  
  7822.5   0.15622502499726845  
  7823.5   0.15623500743171423  
  7824.5   0.15624499565560923  
  7825.5   0.1562549768142186   
  7826.5   0.15626496376170038  
  7827.5   0.15627494364496244  
  7828.5   0.15628492289093932  
  7829.5   0.1562949079249237   
  7830.5   0.15630488589628616  
  7831.5   0.15631486965507976  
  7832.5   0.15632484635231608  
  7833.5   0.15633482883640729  
  7834.5   0.15634480426000547  
  7835.5   0.15635478546988243  
  7836.5   0.1563647596203301   
  7837.5   0.1563747331345901   
  7838.5   0.15638471243426516  
  7839.5   0.1563946846761055   
  7840.5   0.1564046627027852   
  7841.5   0.1564146336726927   
  7842.5   0.15642461042686406  
  7843.5   0.1564345801253254   
  7844.5   0.15644455560747517  
  7845.5   0.15645452403497653  
  7846.5   0.15646449182738462  
  7847.5   0.15647446540261845  
  7848.5   0.1564844319247953   
  7849.5   0.15649440422922295  
  7850.5   0.15650436948165405  
  7851.5   0.15651434051576113  
  7852.5   0.15652430449893168  
  7853.5   0.15653427426320352  
  7854.5   0.15654423697759837  
  7855.5   0.15655419905799117  
  7856.5   0.1565641669186237   
  7857.5   0.1565741277309675   
  7858.5   0.15658409432297668  
  7859.5   0.15659405386775552  
  7860.5   0.15660401919162564  
  7861.5   0.1566139774693233   
  7862.5   0.15662394152553832  
  7863.5   0.1566338985366383   
  7864.5   0.1566438549148244   
  7865.5   0.1566538170706673   
  7866.5   0.1566637721829803   
  7867.5   0.1566737330723765   
  7868.5   0.1566836869192991   
  7869.5   0.15669364654273152  
  7870.5   0.15670359912474613  
  7871.5   0.1567135574826973   
  7872.5   0.15672350880028602  
  7873.5   0.1567334594860459   
  7874.5   0.15674341594688285  
  7875.5   0.1567533653689393   
  7876.5   0.1567633205655      
  7877.5   0.15677326872433442  
  7878.5   0.15678322265710037  
  7879.5   0.15679316955319375  
  7880.5   0.15680312222264614  
  7881.5   0.15681306785647922  
  7882.5   0.15682301926309894  
  7883.5   0.15683296363515214  
  7884.5   0.15684290737669845  
  7885.5   0.15685285689017317  
  7886.5   0.1568627993706596   
  7887.5   0.15687274762250242  
  7888.5   0.1568826888424086   
  7889.5   0.15689263583309937  
  7890.5   0.15690257579290465  
  7891.5   0.15691252152292284  
  7892.5   0.1569224602231063   
  7893.5   0.15693239829386105  
  7894.5   0.15694234213397154  
  7895.5   0.15695227894582234  
  7896.5   0.15696222152645764  
  7897.5   0.15697215707988285  
  7898.5   0.15698209840152144  
  7899.5   0.15699203269699905  
  7900.5   0.157001972760119    
  7901.5   0.1570119057981267   
  7902.5   0.15702183820778073  
  7903.5   0.15703177638422106  
  7904.5   0.15704170753712104  
  7905.5   0.15705164445623673  
  7906.5   0.15706157435285964  
  7907.5   0.15707151001512779  
  7908.5   0.1570814386559502   
  7909.5   0.1570913730618476   
  7910.5   0.15710130044734588  
  7911.5   0.15711122720556253  
  7912.5   0.1571211597279992   
  7913.5   0.15713108523160554  
  7914.5   0.15714101649886203  
  7915.5   0.15715094074833366  
  7916.5   0.15716087076088567  
  7917.5   0.15717079375669793  
  7918.5   0.15718072251502094  
  7919.5   0.1571906442576487   
  7920.5   0.15720056537406385  
  7921.5   0.15721049225213585  
  7922.5   0.15722041211607835  
  7923.5   0.1572303377411085   
  7924.5   0.15724025635305264  
  7925.5   0.15725018072551536  
  7926.5   0.157260098085935    
  7927.5   0.15727002120630443  
  7928.5   0.15727993731567322  
  7929.5   0.15728985279989538  
  7930.5   0.15729977404321432  
  7931.5   0.15730968827709546  
  7932.5   0.15731960826950492  
  7933.5   0.1573295212535179   
  7934.5   0.15733943999549088  
  7935.5   0.15734935173010828  
  7936.5   0.15735926922211754  
  7937.5   0.15736917970781167  
  7938.5   0.1573790895694221   
  7939.5   0.15738900518757248  
  7940.5   0.15739891380096743  
  7941.5   0.15740882817033455  
  7942.5   0.15741873553598557  
  7943.5   0.15742864865704115  
  7944.5   0.1574385547754195   
  7945.5   0.1574484666486349   
  7946.5   0.1574583715202115   
  7947.5   0.15746827576876432  
  7948.5   0.1574781857713034   
  7949.5   0.15748808877376028  
  7950.5   0.15749799752963634  
  7951.5   0.1575078992864675   
  7952.5   0.15751780679615093  
  7953.5   0.15752770730782628  
  7954.5   0.1575376135717871   
  7955.5   0.1575475128387763   
  7956.5   0.1575574178574843   
  7957.5   0.15756731588025663  
  7958.5   0.15757721328129656  
  7959.5   0.1575871164332058   
  7960.5   0.15759701259073228  
  7961.5   0.15760691449856176  
  7962.5   0.1576168094130433   
  7963.5   0.1576267100772618   
  7964.5   0.15763660374916671  
  7965.5   0.1576465031702427   
  7966.5   0.157656395600039    
  7967.5   0.15766628740915625  
  7968.5   0.157676184966596    
  7969.5   0.15768607553430597  
  7970.5   0.15769597184977296  
  7971.5   0.15770586117654298  
  7972.5   0.15771575625050457  
  7973.5   0.15772564433680158  
  7974.5   0.157735538169725    
  7975.5   0.15774542501601568  
  7976.5   0.15775531124267764  
  7977.5   0.15776520321511844  
  7978.5   0.15777508820247346  
  7979.5   0.1577849789350425   
  7980.5   0.15779486268355655  
  7981.5   0.15780475217671996  
  7982.5   0.1578146346868587   
  7983.5   0.15782452294108226  
  7984.5   0.15783440421331102  
  7985.5   0.15784428486695842  
  7986.5   0.15785417126384418  
  7987.5   0.15786405068027903  
  7988.5   0.15787393583938814  
  7989.5   0.1578838140190751   
  7990.5   0.15789369794087235  
  7991.5   0.15790357488427578  
  7992.5   0.15791345756922565  
  7993.5   0.1579233332768096   
  7994.5   0.1579332083668566   
  7995.5   0.1579430891976046   
  7996.5   0.15795296305252757  
  7997.5   0.15796284264758806  
  7998.5   0.15797271526785037  
  7999.5   0.15798259362768693  
  8000.5   0.1579924650137516   
  8001.5   0.15800234213882733  
  8002.5   0.15801221229115714  
  8003.5   0.1580220818269914   
  8004.5   0.1580319571009924   
  8005.5   0.1580418254037853   
  8006.5   0.15805169944418218  
  8007.5   0.15806156651439576  
  8008.5   0.1580714393216507   
  8009.5   0.15808130515974667  
  8010.5   0.15809117673432152  
  8011.5   0.1581010413407614   
  8012.5   0.15811090533174427  
  8013.5   0.1581207750583627   
  8014.5   0.158130637818381    
  8015.5   0.1581405063134728   
  8016.5   0.15815036784298728  
  8017.5   0.1581602351070133   
  8018.5   0.1581700954064844   
  8019.5   0.15817996143990526  
  8020.5   0.15818982050979313  
  8021.5   0.1581996789652597   
  8022.5   0.15820954315383368  
  8023.5   0.15821940038040663  
  8024.5   0.15822926333952567  
  8025.5   0.15823911933766446  
  8026.5   0.15824898106778806  
  8027.5   0.1582588358379519   
  8028.5   0.15826869633953944  
  8029.5   0.15827854988218715  
  8030.5   0.1582884091556976   
  8031.5   0.15829826147128775  
  8032.5   0.15830811317371846  
  8033.5   0.15831797060617087  
  8034.5   0.15832782108223128  
  8035.5   0.1583376772877529   
  8036.5   0.1583475265379009   
  8037.5   0.15835738151694972  
  8038.5   0.15836722954164295  
  8039.5   0.1583770832946767   
  8040.5   0.15838693009437244  
  8041.5   0.15839677628193788  
  8042.5   0.15840662819700382  
  8043.5   0.15841647316025714  
  8044.5   0.15842632385045108  
  8045.5   0.15843616758984883  
  8046.5   0.15844601705562747  
  8047.5   0.15845585957162597  
  8048.5   0.15846570781344582  
  8049.5   0.15847554910650113  
  8050.5   0.15848538978845242  
  8051.5   0.15849523619538614  
  8052.5   0.15850507565507768  
  8053.5   0.1585149208391924   
  8054.5   0.15852475907707947  
  8055.5   0.1585346030388307   
  8056.5   0.15854444005536833  
  8057.5   0.15855428279521122  
  8058.5   0.1585641185908542   
  8059.5   0.1585739537764167   
  8060.5   0.15858379468444647  
  8061.5   0.15859362864979576  
  8062.5   0.1586034683370539   
  8063.5   0.15861330108264413  
  8064.5   0.1586231395495848   
  8065.5   0.1586329710758697   
  8066.5   0.15864280832294683  
  8067.5   0.15865263863037987  
  8068.5   0.15866246832875303  
  8069.5   0.15867230374708152  
  8070.5   0.15868213222728245  
  8071.5   0.15869196642688088  
  8072.5   0.1587017936893624   
  8073.5   0.15871162667068373  
  8074.5   0.1587214527158983   
  8075.5   0.15873128447939516  
  8076.5   0.15874110930779503  
  8077.5   0.1587509335281528   
  8078.5   0.15876076346595694  
  8079.5   0.15877058647017772  
  8080.5   0.15878041519128774  
  8081.5   0.15879023697982309  
  8082.5   0.15880006448469067  
  8083.5   0.1588098850579918   
  8084.5   0.15881971134706832  
  8085.5   0.15882953070558625  
  8086.5   0.15883934945707695  
  8087.5   0.15884917392350817  
  8088.5   0.15885899146089155  
  8089.5   0.1588688147126589   
  8090.5   0.15887863103638514  
  8091.5   0.1588884530739391   
  8092.5   0.15889826818445818  
  8093.5   0.15890808900824882  
  8094.5   0.15891790290601054  
  8095.5   0.15892771619775717  
  8096.5   0.15893753520194145  
  8097.5   0.15894734728160467  
  8098.5   0.15895716507314972  
  8099.5   0.1589669759411785   
  8100.5   0.15897679252053354  
  8101.5   0.15898660217737665  
  8102.5   0.1589964175449905   
  8103.5   0.15900622599109637  
  8104.5   0.15901604014741766  
  8105.5   0.15902584738323455  
  8106.5   0.1590356540142696   
  8107.5   0.15904546635468741  
  8108.5   0.1590552717761051   
  8109.5   0.15906508290635063  
  8110.5   0.15907488711859852  
  8111.5   0.15908469703911934  
  8112.5   0.1590945000426446   
  8113.5   0.1591043087538882   
  8114.5   0.1591141105491378   
  8115.5   0.1591239117406114   
  8116.5   0.15913371863897177  
  8117.5   0.15914351862283957  
  8118.5   0.15915332431303977  
  8119.5   0.15916312308974803  
  8120.5   0.1591729275722345   
  8121.5   0.15918272514222917  
  8122.5   0.15919252841744805  
  8123.5   0.1592023247811748   
  8124.5   0.15921212054212872  
  8125.5   0.15922192200747626  
  8126.5   0.15923171656283028  
  8127.5   0.1592415168220243   
  8128.5   0.1592513101722234   
  8129.5   0.1592611092257091   
  8130.5   0.15927090137119806  
  8131.5   0.1592806992194203   
  8132.5   0.15929049016064362  
  8133.5   0.1593002805000944   
  8134.5   0.15931007654144885  
  8135.5   0.1593198656773001   
  8136.5   0.15932966051450206  
  8137.5   0.1593394484471976   
  8138.5   0.15934924208069104  
  8139.5   0.15935902881067435  
  8140.5   0.15936882124090293  
  8141.5   0.15937860676861726  
  8142.5   0.15938839169555663  
  8143.5   0.15939818232191266  
  8144.5   0.15940796604724738  
  8145.5   0.1594177554714465   
  8146.5   0.1594275379956191   
  8147.5   0.15943732621810397  
  8148.5   0.15944710754155675  
  8149.5   0.15945689456276982  
  8150.5   0.1594666746859448   
  8151.5   0.15947645420933967  
  8152.5   0.15948623942966725  
  8153.5   0.15949601775344674  
  8154.5   0.1595058017736074   
  8155.5   0.15951557889821294  
  8156.5   0.15952536171864812  
  8157.5   0.15953513764452076  
  8158.5   0.15954491926567174  
  8159.5   0.15955469399325228  
  8160.5   0.15956446812204475  
  8161.5   0.15957424794528902  
  8162.5   0.15958402087645002  
  8163.5   0.15959379950151184  
  8164.5   0.15960357123548152  
  8165.5   0.15961334866280127  
  8166.5   0.15962311920001945  
  8167.5   0.15963289543003706  
  8168.5   0.15964266477094338  
  8169.5   0.15965243351405098  
  8170.5   0.1596622079491324   
  8171.5   0.15967197549658693  
  8172.5   0.15968174873546503  
  8173.5   0.15969151508770543  
  8174.5   0.15970128713081927  
  8175.5   0.1597110522882842   
  8176.5   0.15972082313607258  
  8177.5   0.15973058709920038  
  8178.5   0.15974035675210185  
  8179.5   0.15975011952133064  
  8180.5   0.15975988169396624  
  8181.5   0.15976964955555112  
  8182.5   0.15977941053494435  
  8183.5   0.1597891772027374   
  8184.5   0.15979893698932568  
  8185.5   0.1598087024637645   
  8186.5   0.15981846105798497  
  8187.5   0.15982822533950694  
  8188.5   0.15983798274179656  
  8189.5   0.1598477395484763   
  8190.5   0.1598575020416341   
  8191.5   0.1598672576570378   
  8192.5   0.15987701895837075  
  8193.5   0.15988677338293464  
  8194.5   0.1598965334928792   
  8195.5   0.15990628672703927  
  8196.5   0.1599160456460315   
  8197.5   0.15992579769022347  
  8198.5   0.15993554913978614  
  8199.5   0.15994530627335857  
  8200.5   0.15995505653360614  
  8201.5   0.15996481247731537  
  8202.5   0.1599745615486829   
  8203.5   0.15998431630296409  
  8204.5   0.15999406418588635  
  8205.5   0.16000381775117448  
  8206.5   0.160013564446086    
  8207.5   0.16002331054734611  
  8208.5   0.16003306233015072  
  8209.5   0.16004280724405132  
  8210.5   0.16005255783894895  
  8211.5   0.16006230156592388  
  8212.5   0.16007205097334853  
  8213.5   0.1600817935138314   
  8214.5   0.16009154173421683  
  8215.5   0.16010128308864094  
  8216.5   0.1601110238503889   
  8217.5   0.16012077029121904  
  8218.5   0.1601305098675577   
  8219.5   0.16014025512243174  
  8220.5   0.16014999351379378  
  8221.5   0.16015973758314453  
  8222.5   0.16016947478996232  
  8223.5   0.16017921767422238  
  8224.5   0.16018895369692807  
  8225.5   0.16019868912793023  
  8226.5   0.1602084302355552   
  8227.5   0.16021816448309295  
  8228.5   0.1602279044067074   
  8229.5   0.16023763747121214  
  8230.5   0.16024737621124768  
  8231.5   0.16025710809315075  
  8232.5   0.16026684565003874  
  8233.5   0.16027657634977108  
  8234.5   0.16028630645876976  
  8235.5   0.16029604224193494  
  8236.5   0.16030577116940875  
  8237.5   0.16031550577050366  
  8238.5   0.16032523351688294  
  8239.5   0.16033496693633792  
  8240.5   0.16034469350205272  
  8241.5   0.1603544257402981   
  8242.5   0.16036415112577818  
  8243.5   0.16037387592149194  
  8244.5   0.16038360638891877  
  8245.5   0.1603933300050419   
  8246.5   0.16040305929233337  
  8247.5   0.16041278172929507  
  8248.5   0.16042250983688044  
  8249.5   0.16043223109510962  
  8250.5   0.1604419580234179   
  8251.5   0.16045167810334318  
  8252.5   0.16046140385280316  
  8253.5   0.16047112275485284  
  8254.5   0.16048084106831478  
  8255.5   0.16049056505049522  
  8256.5   0.16050028218672358  
  8257.5   0.16051000499112644  
  8258.5   0.1605197209505489   
  8259.5   0.16052944257760202  
  8260.5   0.16053915736064608  
  8261.5   0.16054887781077704  
  8262.5   0.16055859141786988  
  8263.5   0.16056830443733638  
  8264.5   0.16057802312307456  
  8265.5   0.16058773496723006  
  8266.5   0.1605974524771139   
  8267.5   0.16060716314638498  
  8268.5   0.16061687948084116  
  8269.5   0.16062658897565407  
  8270.5   0.16063630413510901  
  8271.5   0.16064601245588983  
  8272.5   0.16065572019000307  
  8273.5   0.16066543358794416  
  8274.5   0.1606751401486638   
  8275.5   0.16068485237266855  
  8276.5   0.16069455776041996  
  8277.5   0.16070426881091393  
  8278.5   0.16071397302612223  
  8279.5   0.16072368290353067  
  8280.5   0.16073338594662073  
  8281.5   0.16074308840399948  
  8282.5   0.1607527965227651   
  8283.5   0.1607624978086624   
  8284.5   0.16077220475540452  
  8285.5   0.16078190487024457  
  8286.5   0.16079161064538755  
  8287.5   0.16080130958959435  
  8288.5   0.1608110141935623   
  8289.5   0.16082071196755957  
  8290.5   0.16083040915679914  
  8291.5   0.16084011200498757  
  8292.5   0.16084980802465265  
  8293.5   0.16085950970272522  
  8294.5   0.16086920455323883  
  8295.5   0.16087890506161875  
  8296.5   0.1608885987434038   
  8297.5   0.160898298082514    
  8298.5   0.16090799059599306  
  8299.5   0.16091768252566543  
  8300.5   0.16092738011185165  
  8301.5   0.1609370708738513   
  8302.5   0.16094676729182408  
  8303.5   0.160956456886573    
  8304.5   0.16096615213675441  
  8305.5   0.16097584056467426  
  8306.5   0.16098553464748613  
  8307.5   0.16099522190899834  
  8308.5   0.16100490858765232  
  8309.5   0.161014600920388    
  8310.5   0.16102428643326594  
  8311.5   0.16103397759968546  
  8312.5   0.16104366194720818  
  8313.5   0.16105335194773251  
  8314.5   0.1610630351303205   
  8315.5   0.16107272396537034  
  8316.5   0.16108240598344392  
  8317.5   0.16109208741960512  
  8318.5   0.1611017745074189   
  8319.5   0.16111145477969557  
  8320.5   0.16112114070308536  
  8321.5   0.1611308198118972   
  8322.5   0.16114050457128284  
  8323.5   0.16115018251704924  
  8324.5   0.16115986611285024  
  8325.5   0.16116954289599034  
  8326.5   0.16117922532862605  
  8327.5   0.16118890094955876  
  8328.5   0.16119857598973175  
  8329.5   0.16120825667859218  
  8330.5   0.16121793055718558  
  8331.5   0.1612276100839278   
  8332.5   0.1612372828013599   
  8333.5   0.16124696116640228  
  8334.5   0.16125663272309113  
  8335.5   0.16126630992685184  
  8336.5   0.1612759803232152   
  8337.5   0.16128565013975904  
  8338.5   0.16129532560256757  
  8339.5   0.16130499425941203  
  8340.5   0.16131466856198318  
  8341.5   0.16132433605954538  
  8342.5   0.16133400920229643  
  8343.5   0.16134367554099335  
  8344.5   0.16135334752434133  
  8345.5   0.16136301270458955  
  8346.5   0.16137267730595592  
  8347.5   0.1613823475511672   
  8348.5   0.16139201099470932  
  8349.5   0.16140168008155897  
  8350.5   0.1614113423676929   
  8351.5   0.16142101029659708  
  8352.5   0.16143067142573855  
  8353.5   0.1614403381971132   
  8354.5   0.16144999816967776  
  8355.5   0.16145965756429564  
  8356.5   0.16146932260034147  
  8357.5   0.1614789808390052   
  8358.5   0.16148864471856014  
  8359.5   0.16149830180168456  
  8360.5   0.16150796452516367  
  8361.5   0.1615176204531635   
  8362.5   0.1615272820209816   
  8363.5   0.16153693679427122  
  8364.5   0.16154659099054688  
  8365.5   0.1615562508258364   
  8366.5   0.16156590386802294  
  8367.5   0.16157556254868732  
  8368.5   0.1615852144371985   
  8369.5   0.1615948719636516   
  8370.5   0.16160452269890102  
  8371.5   0.16161417907155656  
  8372.5   0.1616238286539575   
  8373.5   0.16163347766027453  
  8374.5   0.16164313230319438  
  8375.5   0.16165278015728235  
  8376.5   0.16166243364743768  
  8377.5   0.16167208034970929  
  8378.5   0.16168173268751293  
  8379.5   0.16169137823838056  
  8380.5   0.1617010294242451   
  8381.5   0.16171067382412097  
  8382.5   0.1617203176488406   
  8383.5   0.16172996710775475  
  8384.5   0.16173960978210034  
  8385.5   0.1617492580901057   
  8386.5   0.16175889961448886  
  8387.5   0.1617685467719971   
  8388.5   0.16177818714682915  
  8389.5   0.16178783315425177  
  8390.5   0.16179747237994377  
  8391.5   0.16180711103140466  
  8392.5   0.1618167553146548   
  8393.5   0.16182639281759176  
  8394.5   0.16183603595178378  
  8395.5   0.1618456723066073   
  8396.5   0.1618553142921518   
  8397.5   0.16186494949927208  
  8398.5   0.1618745903365795   
  8399.5   0.1618842243964065   
  8400.5   0.1618938640858869   
  8401.5   0.16190349699883042  
  8402.5   0.16191312933867022  
  8403.5   0.16192276730736319  
  8404.5   0.16193239850093352  
  8405.5   0.1619420353228237   
  8406.5   0.1619516653705337   
  8407.5   0.16196130104603035  
  8408.5   0.16197092994828893  
  8409.5   0.16198056447780104  
  8410.5   0.16199019223501687  
  8411.5   0.16199981942004865  
  8412.5   0.16200945223153465  
  8413.5   0.1620190782721361   
  8414.5   0.16202870993865903  
  8415.5   0.16203833483523816  
  8416.5   0.16204796535720617  
  8417.5   0.16205758911017082  
  8418.5   0.16206721848799185  
  8419.5   0.1620768410977495   
  8420.5   0.16208646313624034  
  8421.5   0.16209609079878928  
  8422.5   0.16210571169468396  
  8423.5   0.16211533821410462  
  8424.5   0.1621249579678101   
  8425.5   0.16213458334450956  
  8426.5   0.16214420195643253  
  8427.5   0.1621538261908177   
  8428.5   0.1621634436613646   
  8429.5   0.16217306056155945  
  8430.5   0.16218268308341913  
  8431.5   0.1621922988428471   
  8432.5   0.16220192022340846  
  8433.5   0.1622115348424754   
  8434.5   0.1622211550821444   
  8435.5   0.16223076856125598  
  8436.5   0.16224038766043844  
  8437.5   0.16225              
  8438.5   0.16225961177012183  
  8439.5   0.16226922915951808  
  8440.5   0.16227883979069746  
  8441.5   0.16228845604062042  
  8442.5   0.1622980655332621   
  8443.5   0.16230768064411671  
  8444.5   0.16231728899862527  
  8445.5   0.1623269029708162   
  8446.5   0.1623365101875959   
  8447.5   0.16234611683584577  
  8448.5   0.16235572910098253  
  8449.5   0.16236533461210947  
  8450.5   0.16237494573959313  
  8451.5   0.1623845501140009   
  8452.5   0.1623941601042353   
  8453.5   0.16240376334232734  
  8454.5   0.16241337219571608  
  8455.5   0.1624229742978956   
  8456.5   0.16243257583245274  
  8457.5   0.16244218298151208  
  8458.5   0.16245178338076102  
  8459.5   0.1624613893939826   
  8460.5   0.16247098865832602  
  8461.5   0.1624805935361126   
  8462.5   0.16249019166595283  
  8463.5   0.162499795408707    
  8464.5   0.16250939240444623  
  8465.5   0.16251898883346813  
  8466.5   0.16252859087461038  
  8467.5   0.162538186170134    
  8468.5   0.16254778707724896  
  8469.5   0.16255738123967586  
  8470.5   0.16256698101316536  
  8471.5   0.16257657404289685  
  8472.5   0.16258617268316225  
  8473.5   0.1625957645805994   
  8474.5   0.16260535591222194  
  8475.5   0.1626149528535857   
  8476.5   0.16262454305351504  
  8477.5   0.1626341388626573   
  8478.5   0.16264372793129392  
  8479.5   0.16265332260861534  
  8480.5   0.16266291054635948  
  8481.5   0.16267250409226044  
  8482.5   0.1626820908995122   
  8483.5   0.1626916833143928   
  8484.5   0.1627012689915519   
  8485.5   0.16271085410399636  
  8486.5   0.1627204448232782   
  8487.5   0.1627300288062292   
  8488.5   0.16273961839549003  
  8489.5   0.16274920124934678  
  8490.5   0.16275878970898597  
  8491.5   0.16276837143414738  
  8492.5   0.16277795876456402  
  8493.5   0.1627875393614289   
  8494.5   0.16279711939447644  
  8495.5   0.16280670503198863  
  8496.5   0.16281628393733721  
  8497.5   0.1628258684466235   
  8498.5   0.16283544622467125  
  8499.5   0.16284502960612995  
  8500.5   0.16285460625727477  
  8501.5   0.1628641885113039   
  8502.5   0.16287376403594345  
  8503.5   0.1628833389976607   
  8504.5   0.1628929195614726   
  8505.5   0.16290249339728058  
  8506.5   0.16291207283465697  
  8507.5   0.16292164554495278  
  8508.5   0.16293122385629089  
  8509.5   0.16294079544147141  
  8510.5   0.1629503726271682   
  8511.5   0.16295994308763     
  8512.5   0.16296951298606213  
  8513.5   0.16297908848422185  
  8514.5   0.1629886572585297   
  8515.5   0.1629982316320395   
  8516.5   0.1630077992826192   
  8517.5   0.16301737253187523  
  8518.5   0.16302693905912252  
  8519.5   0.16303651118452084  
  8520.5   0.1630460765888313   
  8521.5   0.1630556414320023   
  8522.5   0.16306521187253656  
  8523.5   0.1630747755933636   
  8524.5   0.16308434491102888  
  8525.5   0.16309390750990696  
  8526.5   0.1631034757050984   
  8527.5   0.1631130371824223   
  8528.5   0.1631226042555348   
  8529.5   0.16313216461169905  
  8530.5   0.1631417244076117   
  8531.5   0.16315128979852617  
  8532.5   0.1631608484738705   
  8533.5   0.16317041274369218  
  8534.5   0.16317997029886208  
  8535.5   0.16318953344798512  
  8536.5   0.16319908988337437  
  8537.5   0.1632086519121926   
  8538.5   0.16321820722819466  
  8539.5   0.16322776198483074  
  8540.5   0.1632373223341099   
  8541.5   0.16324687597194854  
  8542.5   0.1632564352019065   
  8543.5   0.1632659877213406   
  8544.5   0.1632755458323704   
  8545.5   0.1632850972337927   
  8546.5   0.16329465422628714  
  8547.5   0.1633042045100901   
  8548.5   0.16331375423541028  
  8549.5   0.16332330955101762  
  8550.5   0.16333285815930665  
  8551.5   0.16334241235735963  
  8552.5   0.16335195984900938  
  8553.5   0.16336151292990006  
  8554.5   0.16337105930530219  
  8555.5   0.16338061126942235  
  8556.5   0.1633901565289683   
  8557.5   0.1633997073767095   
  8558.5   0.16340925152079044  
  8559.5   0.16341879510746493  
  8560.5   0.16342834428155095  
  8561.5   0.16343788675334675  
  8562.5   0.16344743481203167  
  8563.5   0.16345697616933944  
  8564.5   0.163466523113014    
  8565.5   0.16347606335622406  
  8566.5   0.16348560918527885  
  8567.5   0.16349514831478146  
  8568.5   0.1635046868877557   
  8569.5   0.16351423104579177  
  8570.5   0.16352376850564335  
  8571.5   0.16353331155003487  
  8572.5   0.16354284789715332  
  8573.5   0.16355238982829007  
  8574.5   0.16356192506306477  
  8575.5   0.16357146588133625  
  8576.5   0.16358100000415637  
  8577.5   0.16359053357132394  
  8578.5   0.16360007272120633  
  8579.5   0.16360960517700254  
  8580.5   0.16361914321499238  
  8581.5   0.16362867455980584  
  8582.5   0.16363821148629187  
  8583.5   0.16364774172051091  
  8584.5   0.1636572775358816   
  8585.5   0.16366680665989436  
  8586.5   0.163676335229128    
  8587.5   0.16368586937873236  
  8588.5   0.16369539683834144  
  8589.5   0.16370492987780064  
  8590.5   0.1637144562281727   
  8591.5   0.16372398815787445  
  8592.5   0.16373351339939687  
  8593.5   0.16374304421972863  
  8594.5   0.16375256835278848  
  8595.5   0.16376209193194047  
  8596.5   0.16377162108912174  
  8597.5   0.16378114356039133  
  8598.5   0.16379067160917024  
  8599.5   0.16380019297294404  
  8600.5   0.16380971991370732  
  8601.5   0.16381924017037164  
  8602.5   0.16382876600350574  
  8603.5   0.16383828515344664  
  8604.5   0.16384780375034863  
  8605.5   0.1638573279229412   
  8606.5   0.16386684541369848  
  8607.5   0.16387636847962697  
  8608.5   0.16388588486462505  
  8609.5   0.1638954068242752   
  8610.5   0.1639049221038994   
  8611.5   0.16391444295765661  
  8612.5   0.16392395713229205  
  8613.5   0.1639334707547552   
  8614.5   0.1639429899505731   
  8615.5   0.16395250246862464  
  8616.5   0.1639620205595122   
  8617.5   0.1639715319735367   
  8618.5   0.16398104895987858  
  8619.5   0.16399055927026032  
  8620.5   0.164000075152441    
  8621.5   0.16400958435956403  
  8622.5   0.1640190930153792   
  8623.5   0.164028607242216    
  8624.5   0.16403811479534808  
  8625.5   0.16404762791898375  
  8626.5   0.1640571343698164   
  8627.5   0.1640666463906346   
  8628.5   0.16407615173955106  
  8629.5   0.16408566265793526  
  8630.5   0.16409516690531864  
  8631.5   0.16410467672165202  
  8632.5   0.16411417986788518  
  8633.5   0.1641236824638639   
  8634.5   0.16413319062801637  
  8635.5   0.1641426921234187   
  8636.5   0.16415219918647742  
  8637.5   0.16416169958168567  
  8638.5   0.16417120554403306  
  8639.5   0.16418070483942931  
  8640.5   0.16419020970144763  
  8641.5   0.16419970789741375  
  8642.5   0.16420920554398483  
  8643.5   0.16421870875640263  
  8644.5   0.16422820530411594  
  8645.5   0.1642377074171592   
  8646.5   0.16424720286639602  
  8647.5   0.16425670388044616  
  8648.5   0.1642661982315876   
  8649.5   0.16427569814702592  
  8650.5   0.16428519140045283  
  8651.5   0.1642946841053419   
  8652.5   0.1643041823737534   
  8653.5   0.16431367398149882  
  8654.5   0.1643231711522505   
  8655.5   0.16433266166323257  
  8656.5   0.16434215773670494  
  8657.5   0.1643516471513038   
  8658.5   0.16436114212787703  
  8659.5   0.16437063044647257  
  8660.5   0.16438011821738516  
  8661.5   0.1643896115494986   
  8662.5   0.16439909822497722  
  8663.5   0.16440859046114117  
  8664.5   0.16441807604156514  
  8665.5   0.16442756718215906  
  8666.5   0.16443705166790754  
  8667.5   0.16444654171331066  
  8668.5   0.16445602510476254  
  8669.5   0.16446550794938417  
  8670.5   0.16447499635288787  
  8671.5   0.16448447810378075  
  8672.5   0.16449396541304082  
  8673.5   0.16450344607058337  
  8674.5   0.16451293228597824  
  8675.5   0.16452241185054856  
  8676.5   0.16453189697245654  
  8677.5   0.16454137544443256  
  8678.5   0.16455085337042885  
  8679.5   0.16456033685299112  
  8680.5   0.1645698136869595   
  8681.5   0.16457929607697958  
  8682.5   0.16458877181929743  
  8683.5   0.1645982531171528   
  8684.5   0.1646077277681973   
  8685.5   0.1646172079742652   
  8686.5   0.16462668153441332  
  8687.5   0.16463615454943     
  8688.5   0.1646456331186993   
  8689.5   0.16465510504338451  
  8690.5   0.16466458252180863  
  8691.5   0.16467405335653879  
  8692.5   0.16468352974449424  
  8693.5   0.16469299948964553  
  8694.5   0.16470247478750863  
  8695.5   0.16471194344345697  
  8696.5   0.16472141155512002  
  8697.5   0.16473088521872503  
  8698.5   0.16474035224174866  
  8699.5   0.16474982481620112  
  8700.5   0.16475929075096074  
  8701.5   0.1647687622366362   
  8702.5   0.164778227083507    
  8703.5   0.16478769748078084  
  8704.5   0.16479716124013788  
  8705.5   0.16480663054938516  
  8706.5   0.16481609322160318  
  8707.5   0.16482555535056706  
  8708.5   0.16483502302865244  
  8709.5   0.16484448407103905  
  8710.5   0.16485395066203473  
  8711.5   0.16486341061821824  
  8712.5   0.1648728761224986   
  8713.5   0.16488233499285307  
  8714.5   0.1648917994107923   
  8715.5   0.16490125719569154  
  8716.5   0.16491071443817795  
  8717.5   0.1649201772274812   
  8718.5   0.16492963338507263  
  8719.5   0.16493909508896915  
  8720.5   0.16494855016203888  
  8721.5   0.16495801078090203  
  8722.5   0.16496746476982319  
  8723.5   0.1649769243040262   
  8724.5   0.16498637720917156  
  8725.5   0.16499582957274317  
  8726.5   0.16500528748082965  
  8727.5   0.16501473876118428  
  8728.5   0.16502419558554265  
  8729.5   0.16503364578305266  
  8730.5   0.1650431015240553   
  8731.5   0.16505255063909277  
  8732.5   0.16506200529711196  
  8733.5   0.1650714533300488   
  8734.5   0.16508090082224877  
  8735.5   0.1650903538566644   
  8736.5   0.16509980026732113  
  8737.5   0.1651092522196829   
  8738.5   0.16511869754916772  
  8739.5   0.1651281484198471   
  8740.5   0.16513759266853112  
  8741.5   0.16514704245789943  
  8742.5   0.16515648562615368  
  8743.5   0.16516592825450582  
  8744.5   0.16517537642277708  
  8745.5   0.1651848179712553   
  8746.5   0.1651942650591427   
  8747.5   0.16520370552811744  
  8748.5   0.16521315153599148  
  8749.5   0.16522259092583297  
  8750.5   0.16523203585406393  
  8751.5   0.16524147416514212  
  8752.5   0.16525091193715086  
  8753.5   0.16526035524678484  
  8754.5   0.16526979194058478  
  8755.5   0.16527923417150056  
  8756.5   0.16528866978746118  
  8757.5   0.1652981109400283   
  8758.5   0.16530754547851884  
  8759.5   0.16531698555310673  
  8760.5   0.16532641901449618  
  8761.5   0.16533585193764666  
  8762.5   0.1653452903961312   
  8763.5   0.16535472224273368  
  8764.5   0.16536415962416146  
  8765.5   0.1653735903945845   
  8766.5   0.16538302669932406  
  8767.5   0.16539245639393593  
  8768.5   0.1654018916223558   
  8769.5   0.16541132024152455  
  8770.5   0.16542074832328274  
  8771.5   0.16543018193808645  
  8772.5   0.16543960894495321  
  8773.5   0.16544904148435727  
  8774.5   0.16545846741670017  
  8775.5   0.1654678988810723   
  8776.5   0.16547732373925866  
  8777.5   0.16548675412896632  
  8778.5   0.16549617791336335  
  8779.5   0.16550560722877383  
  8780.5   0.1655150299397484   
  8781.5   0.16552445211432198  
  8782.5   0.1655338798191476   
  8783.5   0.16554330092084868  
  8784.5   0.16555272755229436  
  8785.5   0.16556214758148932  
  8786.5   0.16557157313992152  
  8787.5   0.16558099209697666  
  8788.5   0.16559041658276177  
  8789.5   0.165599834468043    
  8790.5   0.16560925181774686  
  8791.5   0.16561867469542024  
  8792.5   0.16562809097389877  
  8793.5   0.1656375127798399   
  8794.5   0.16564692798745856  
  8795.5   0.16565634872203305  
  8796.5   0.1656657628591571   
  8797.5   0.16567518252273034  
  8798.5   0.16568459558972481  
  8799.5   0.16569400812196355  
  8800.5   0.1657034261798918   
  8801.5   0.16571283764254813  
  8802.5   0.16572225463038767  
  8803.5   0.1657316650238261   
  8804.5   0.16574108094194165  
  8805.5   0.16575049026652652  
  8806.5   0.16575990511528244  
  8807.5   0.16576931337137793  
  8808.5   0.16577872109353708  
  8809.5   0.1657881343391085   
  8810.5   0.16579754099332397  
  8811.5   0.165806953170446    
  8812.5   0.16581635875708142  
  8813.5   0.16582576986611783  
  8814.5   0.16583517438553658  
  8815.5   0.16584458442685085  
  8816.5   0.16585398787941616  
  8817.5   0.16586339079886248  
  8818.5   0.16587279923944648  
  8819.5   0.1658822010925837   
  8820.5   0.16589160846635345  
  8821.5   0.1659010092535442   
  8822.5   0.16591041556086256  
  8823.5   0.16591981528246938  
  8824.5   0.16592922052369888  
  8825.5   0.16593861918008404  
  8826.5   0.16594801730416547  
  8827.5   0.16595742094711266  
  8828.5   0.1659668180065154   
  8829.5   0.16597622058427927  
  8830.5   0.16598561657936506  
  8831.5   0.16599501809230763  
  8832.5   0.16600441302343796  
  8833.5   0.16601381347192082  
  8834.5   0.16602320733945716  
  8835.5   0.166032600675503    
  8836.5   0.1660419995281452   
  8837.5   0.1660513918011386   
  8838.5   0.16606078959022436  
  8839.5   0.16607018080052607  
  8840.5   0.16607957752641642  
  8841.5   0.16608896767438713  
  8842.5   0.16609836333744277  
  8843.5   0.16610775242344292  
  8844.5   0.16611714097876373  
  8845.5   0.1661265350484142   
  8846.5   0.16613592254230466  
  8847.5   0.16614531555002143  
  8848.5   0.16615470198284144  
  8849.5   0.1661640939289845   
  8850.5   0.1661734793010938   
  8851.5   0.166182870186023    
  8852.5   0.16619225449778108  
  8853.5   0.16620164432185613  
  8854.5   0.16621102757362227  
  8855.5   0.1662204102956977   
  8856.5   0.16622979852933598  
  8857.5   0.166239180191958    
  8858.5   0.16624856736564023  
  8859.5   0.1662579479691677   
  8860.5   0.16626733408325284  
  8861.5   0.16627671362804433  
  8862.5   0.1662860986828911   
  8863.5   0.16629547716930504  
  8864.5   0.16630485512683482  
  8865.5   0.16631423859366656  
  8866.5   0.16632361549335592  
  8867.5   0.16633299790184522  
  8868.5   0.16634237374405206  
  8869.5   0.1663517550945569   
  8870.5   0.16636112987963894  
  8871.5   0.16637051017251714  
  8872.5   0.16637988390083183  
  8873.5   0.1663892571010669   
  8874.5   0.16639863580834574  
  8875.5   0.16640800795234925  
  8876.5   0.16641738560289507  
  8877.5   0.16642675669102408  
  8878.5   0.16643613328519402  
  8879.5   0.16644550331780525  
  8880.5   0.1664548788559562   
  8881.5   0.1664642478334063   
  8882.5   0.16647361628357923  
  8883.5   0.1664829902385403   
  8884.5   0.1664923576340865   
  8885.5   0.16650173053391998  
  8886.5   0.16651109687519555  
  8887.5   0.1665204687202576   
  8888.5   0.16652983400761845  
  8889.5   0.16653920479826512  
  8890.5   0.16654856903206688  
  8891.5   0.16655793273939193  
  8892.5   0.16656730194925212  
  8893.5   0.16657666460355122  
  8894.5   0.16658603275988515  
  8895.5   0.16659539436151344  
  8896.5   0.1666047614646764   
  8897.5   0.1666141220139889   
  8898.5   0.166623488064336    
  8899.5   0.16663284756168747  
  8900.5   0.16664220653336065  
  8901.5   0.16665157100531863  
  8902.5   0.16666092892556258  
  8903.5   0.16667029234559158  
  8904.5   0.1666796492147605   
  8905.5   0.1666890115832149   
  8906.5   0.16669836740166297  
  8907.5   0.16670772871889697  
  8908.5   0.166717083486978    
  8909.5   0.1667264377301772   
  8910.5   0.1667357974714134   
  8911.5   0.16674515066477602  
  8912.5   0.16675450935567643  
  8913.5   0.16676386149955583  
  8914.5   0.16677321914047405  
  8915.5   0.16678257023522342  
  8916.5   0.16679192682651273  
  8917.5   0.16680127687248508  
  8918.5   0.16681062639436997  
  8919.5   0.16681998141204674  
  8920.5   0.1668293298856837   
  8921.5   0.16683868385461392  
  8922.5   0.16684803128035547  
  8923.5   0.16685738420089177  
  8924.5   0.16686673057909016  
  8925.5   0.166876082451585    
  8926.5   0.16688542778259238  
  8927.5   0.16689477860739801  
  8928.5   0.16690412289156625  
  8929.5   0.16691346665261525  
  8930.5   0.16692281590671554  
  8931.5   0.1669321586214529   
  8932.5   0.16694150682874356  
  8933.5   0.16695084849752065  
  8934.5   0.16696019565835335  
  8935.5   0.16696953628152136  
  8936.5   0.1669788823962474   
  8937.5   0.1669882219741574   
  8938.5   0.1669975610297382   
  8939.5   0.1670069055761308   
  8940.5   0.16701624358697967  
  8941.5   0.16702558708814305  
  8942.5   0.16703492405461057  
  8943.5   0.1670442665108954   
  8944.5   0.1670536024333319   
  8945.5   0.16706294384508866  
  8946.5   0.16707227872384425  
  8947.5   0.16708161308105857  
  8948.5   0.1670909529268479   
  8949.5   0.16710028624090612  
  8950.5   0.16710962504304258  
  8951.5   0.16711895731429438  
  8952.5   0.16712829507312782  
  8953.5   0.16713762630192264  
  8954.5   0.1671469630178026   
  8955.5   0.16715629320448971  
  8956.5   0.16716562287042153  
  8957.5   0.16717495802269408  
  8958.5   0.16718428664704163  
  8959.5   0.16719362075723382  
  8960.5   0.16720294834034588  
  8961.5   0.16721228140880653  
  8962.5   0.16722160795103178  
  8963.5   0.16723093997810962  
  8964.5   0.16724026547979637  
  8965.5   0.1672495904615118   
  8966.5   0.16725892092733632  
  8967.5   0.16726824486903547  
  8968.5   0.1672775742943481   
  8969.5   0.1672868971963788   
  8970.5   0.1672962255815275   
  8971.5   0.16730554744423748  
  8972.5   0.16731487478957013  
  8973.5   0.1673241956133069   
  8974.5   0.16733351591785445  
  8975.5   0.167342841704282    
  8976.5   0.1673521609703772   
  8977.5   0.16736148571785736  
  8978.5   0.16737080394584725  
  8979.5   0.16738012765472718  
  8980.5   0.16738944484495857  
  8981.5   0.16739876751558525  
  8982.5   0.1674080836684048   
  8983.5   0.16741739930281524  
  8984.5   0.16742672041687912  
  8985.5   0.16743603501439727  
  8986.5   0.16744535509107442  
  8987.5   0.16745466865204642  
  8988.5   0.16746398769168314  
  8989.5   0.16747330021645496  
  8990.5   0.16748261821939728  
  8991.5   0.16749192970831472  
  8992.5   0.16750124067960123  
  8993.5   0.16751055712831725  
  8994.5   0.16751986706426764  
  8995.5   0.16752918247715362  
  8996.5   0.16753849137811314  
  8997.5   0.16754780575551453  
  8998.5   0.1675571136218283   
  8999.5   0.16756642696409033  
  9000.5   0.16757573379610327  
  9001.5   0.16758504610357097  
  9002.5   0.16759435190162783  
  9003.5   0.16760365718300219  
  9004.5   0.16761296793909133  
  9005.5   0.16762227218702624  
  9006.5   0.16763158190918276  
  9007.5   0.1676408851240225   
  9008.5   0.16765019381259078  
  9009.5   0.16765949599467933  
  9010.5   0.16766880365000356  
  9011.5   0.16767810479968487  
  9012.5   0.1676874054334575   
  9013.5   0.16769671153972665  
  9014.5   0.1677060111416074   
  9015.5   0.16771531621549202  
  9016.5   0.16772461478582426  
  9017.5   0.1677339188276679   
  9018.5   0.1677432163667948   
  9019.5   0.16775251937694072  
  9020.5   0.1677618158852053   
  9021.5   0.16777111187833316  
  9022.5   0.16778041334174176  
  9023.5   0.1677897083045214   
  9024.5   0.16779900873708972  
  9025.5   0.16780830266986366  
  9026.5   0.16781760207193436  
  9027.5   0.16782689497504494  
  9028.5   0.16783619334696048  
  9029.5   0.16784548522074985  
  9030.5   0.16785477658017245  
  9031.5   0.16786407340766263  
  9032.5   0.16787336373827685  
  9033.5   0.16788265953646714  
  9034.5   0.16789194883861464  
  9035.5   0.16790124360784683  
  9036.5   0.16791053188186914  
  9037.5   0.16791982562248486  
  9038.5   0.16792911286872322  
  9039.5   0.16793839960136286  
  9040.5   0.16794769179985944  
  9041.5   0.16795697750522673  
  9042.5   0.16796626867595996  
  9043.5   0.16797555335439565  
  9044.5   0.16798484349770654  
  9045.5   0.16799412714955134  
  9046.5   0.1680034162657806   
  9047.5   0.1680126988913749   
  9048.5   0.16802198100413665  
  9049.5   0.16803126858054723  
  9050.5   0.16804054966756882  
  9051.5   0.1680498362177488   
  9052.5   0.16805911627937012  
  9053.5   0.16806840180365964  
  9054.5   0.16807768084022054  
  9055.5   0.16808696533895953  
  9056.5   0.1680962433507996   
  9057.5   0.1681055208505714   
  9058.5   0.1681148038117864   
  9059.5   0.16812408028734635  
  9060.5   0.16813336222385974  
  9061.5   0.16814263767554702  
  9062.5   0.168151918587698    
  9063.5   0.16816119301585153  
  9064.5   0.1681704729039792   
  9065.5   0.16817974630893776  
  9066.5   0.1681890192025904   
  9067.5   0.16819829755548318  
  9068.5   0.16820756942644857  
  9069.5   0.16821684675616486  
  9070.5   0.16822611760478132  
  9071.5   0.1682353939116595   
  9072.5   0.1682446637382651   
  9073.5   0.1682539390226435   
  9074.5   0.16826320782757617  
  9075.5   0.16827248208979279  
  9076.5   0.16828174987339026  
  9077.5   0.16829101714661107  
  9078.5   0.16830028987638282  
  9079.5   0.16830955612877463  
  9080.5   0.16831882783722882  
  9081.5   0.16832809306912894  
  9082.5   0.16833736375660296  
  9083.5   0.16834662796834846  
  9084.5   0.16835589763517958  
  9085.5   0.1683651608271073   
  9086.5   0.16837442350941656  
  9087.5   0.16838369164607928  
  9088.5   0.16839295330907575  
  9089.5   0.1684022204259377   
  9090.5   0.1684114810699578   
  9091.5   0.1684207471673555   
  9092.5   0.16843000679273556  
  9093.5   0.16843927187100546  
  9094.5   0.16844853047808148  
  9095.5   0.16845778857629526  
  9096.5   0.1684670521266676   
  9097.5   0.16847630920708107  
  9098.5   0.16848557173916565  
  9099.5   0.16849482780211442  
  9100.5   0.1685040893162469   
  9101.5   0.16851334436206641  
  9102.5   0.16852260485858245  
  9103.5   0.16853185888760785  
  9104.5   0.1685411124085255   
  9105.5   0.16855037137940918  
  9106.5   0.16855962388403525  
  9107.5   0.16856888183814045  
  9108.5   0.16857813332680965  
  9109.5   0.1685873902644713   
  9110.5   0.1685966407375183   
  9111.5   0.16860589665907103  
  9112.5   0.1686151461168302   
  9113.5   0.16862439506723412  
  9114.5   0.16863364946541423  
  9115.5   0.16864289740103153  
  9116.5   0.1686521507839387   
  9117.5   0.16866139770510336  
  9118.5   0.16867065007307164  
  9119.5   0.16867989598011743  
  9120.5   0.16868914733348073  
  9121.5   0.1686983922267412   
  9122.5   0.16870763661339722  
  9123.5   0.1687168864456419   
  9124.5   0.16872612981901255  
  9125.5   0.16873537863748614  
  9126.5   0.1687446209979046   
  9127.5   0.16875386880294035  
  9128.5   0.16876311015073958  
  9129.5   0.16877235694267056  
  9130.5   0.16878159727818332  
  9131.5   0.1687908371078404   
  9132.5   0.16880008238090125  
  9133.5   0.16880932119877062  
  9134.5   0.1688185654595585   
  9135.5   0.16882780326597244  
  9136.5   0.16883704651481982  
  9137.5   0.16884628331011048  
  9138.5   0.16885552554734956  
  9139.5   0.16886476133184888  
  9140.5   0.16887399661123953  
  9141.5   0.1688832373318515   
  9142.5   0.1688924716009483   
  9143.5   0.16890171131078177  
  9144.5   0.1689109445699163   
  9145.5   0.16892018326930286  
  9146.5   0.16892941551880633  
  9147.5   0.16893865320807744  
  9148.5   0.16894788444828102  
  9149.5   0.1689571151841211   
  9150.5   0.16896635135900254  
  9151.5   0.16897558108603905  
  9152.5   0.16898481625163278  
  9153.5   0.16899404497019638  
  9154.5   0.1690032791268332   
  9155.5   0.16901250683725433  
  9156.5   0.16902173998526487  
  9157.5   0.1690309666878739   
  9158.5   0.16904019882758856  
  9159.5   0.16904942452271562  
  9160.5   0.16905864971438755  
  9161.5   0.16906788034243975  
  9162.5   0.16907710452712452  
  9163.5   0.1690863341477061   
  9164.5   0.16909555732573336  
  9165.5   0.16910478593917416  
  9166.5   0.16911400811087346  
  9167.5   0.16912323571750307  
  9168.5   0.16913245688320372  
  9169.5   0.1691416775461903   
  9170.5   0.16915090364338273  
  9171.5   0.1691601233008643   
  9172.5   0.1691693483920688   
  9173.5   0.16917856704437415  
  9174.5   0.16918779112991972  
  9175.5   0.16919700877737762  
  9176.5   0.16920623185759304  
  9177.5   0.16921544850053197  
  9178.5   0.1692246646414962   
  9179.5   0.16923388621449423  
  9180.5   0.16924310135143186  
  9181.5   0.169252321919921    
  9182.5   0.16926153605316016  
  9183.5   0.16927075561746857  
  9184.5   0.1692799687473371   
  9185.5   0.16928918730779283  
  9186.5   0.16929839943461847  
  9187.5   0.16930761106020684  
  9188.5   0.16931682811565957  
  9189.5   0.16932603873869626  
  9190.5   0.16933525479111552  
  9191.5   0.16934446441192774  
  9192.5   0.16935367946164087  
  9193.5   0.16936288808055575  
  9194.5   0.16937210212788997  
  9195.5   0.1693813097452344   
  9196.5   0.16939051686207734  
  9197.5   0.16939972940661752  
  9198.5   0.16940893552237998  
  9199.5   0.16941814706535846  
  9200.5   0.16942735218036695  
  9201.5   0.1694365627221103   
  9202.5   0.16944576683669108  
  9203.5   0.16945497637752577  
  9204.5   0.16946417949200496  
  9205.5   0.16947338210671647  
  9206.5   0.16948259014696074  
  9207.5   0.16949179176205945  
  9208.5   0.1695009988022102   
  9209.5   0.16951019941802178  
  9210.5   0.16951940545840483  
  9211.5   0.16952860507525483  
  9212.5   0.16953781011619576  
  9213.5   0.16954700873440942  
  9214.5   0.16955620685358752  
  9215.5   0.1695654103961362   
  9216.5   0.16957460751716558  
  9217.5   0.1695838100610854   
  9218.5   0.16959300618429096  
  9219.5   0.1696022077299069   
  9220.5   0.1696114028556133   
  9221.5   0.16962060340325014  
  9222.5   0.16962979753178192  
  9223.5   0.16963899116200848  
  9224.5   0.1696481902134459   
  9225.5   0.16965738284698426  
  9226.5   0.16966658090125386  
  9227.5   0.16967577253842805  
  9228.5   0.16968496959585402  
  9229.5   0.16969416023698802  
  9230.5   0.16970335629789443  
  9231.5   0.16971254594331192  
  9232.5   0.1697217410080226   
  9233.5   0.16973092965804717  
  9234.5   0.16974011781065668  
  9235.5   0.1697493113818408   
  9236.5   0.16975849853954234  
  9237.5   0.16976769111533954  
  9238.5   0.16977687727845625  
  9239.5   0.1697860688591898   
  9240.5   0.16979525402804457  
  9241.5   0.1698044446140375   
  9242.5   0.16981362878895315  
  9243.5   0.16982281246718015  
  9244.5   0.16983200156182748  
  9245.5   0.1698411842465991   
  9246.5   0.1698503723473127   
  9247.5   0.1698595540389513   
  9248.5   0.1698687411460536   
  9249.5   0.16987792184488135  
  9250.5   0.16988710795869458  
  9251.5   0.16989628766503348  
  9252.5   0.16990546687540828  
  9253.5   0.16991465150005164  
  9254.5   0.1699238297184202   
  9255.5   0.1699330133505794   
  9256.5   0.16994219057726323  
  9257.5   0.16995137321725998  
  9258.5   0.16996054945258043  
  9259.5   0.1699697311007362   
  9260.5   0.16997890634501459  
  9261.5   0.1699880810940517   
  9262.5   0.16999726125520795  
  9263.5   0.17000643501368437  
  9264.5   0.17001561418380262  
  9265.5   0.1700247869520391   
  9266.5   0.17003396513144017  
  9267.5   0.17004313690975734  
  9268.5   0.17005231409876198  
  9269.5   0.17006148488748024  
  9270.5   0.17007065518167833  
  9271.5   0.1700798308858486   
  9272.5   0.170089000190928    
  9273.5   0.17009817490550289  
  9274.5   0.17010734322178367  
  9275.5   0.17011651694708319  
  9276.5   0.17012568427488514  
  9277.5   0.1701348570112293   
  9278.5   0.17014402335087203  
  9279.5   0.17015318919671402  
  9280.5   0.17016236045038363  
  9281.5   0.1701715253085455   
  9282.5   0.17018069557405882  
  9283.5   0.1701898594448598   
  9284.5   0.17019902872253612  
  9285.5   0.17020819160629527  
  9286.5   0.17021735989645376  
  9287.5   0.17022652179349     
  9288.5   0.170235683197443    
  9289.5   0.17024485000708162  
  9290.5   0.17025401042478963  
  9291.5   0.1702631762477075   
  9292.5   0.17027233567948896  
  9293.5   0.17028150051600469  
  9294.5   0.17029065896217782  
  9295.5   0.1702998228126098   
  9296.5   0.17030898027349275  
  9297.5   0.1703181372420084   
  9298.5   0.17032729961406992  
  9299.5   0.17033645559777214  
  9300.5   0.1703456169845451   
  9301.5   0.17035477198375157  
  9302.5   0.17036393238555375  
  9303.5   0.17037308640058205  
  9304.5   0.170382245817731    
  9305.5   0.1703913988488984   
  9306.5   0.17040055728171172  
  9307.5   0.17040970932933538  
  9308.5   0.1704188608854643   
  9309.5   0.17042801784252717  
  9310.5   0.17043716841558776  
  9311.5   0.17044632438910778  
  9312.5   0.17045547397941674  
  9313.5   0.17046462896971074  
  9314.5   0.17047377757758467  
  9315.5   0.17048293158496938  
  9316.5   0.17049207921072462  
  9317.5   0.17050122634569717  
  9318.5   0.17051037887946938  
  9319.5   0.1705195250327975   
  9320.5   0.17052867658445128  
  9321.5   0.170537821756451    
  9322.5   0.17054697232630248  
  9323.5   0.1705561165172895   
  9324.5   0.17056526610565462  
  9325.5   0.17057440931594464  
  9326.5   0.17058355203616227  
  9327.5   0.17059270015304764  
  9328.5   0.17060184189304137  
  9329.5   0.17061098902922933  
  9330.5   0.17062012978931432  
  9331.5   0.17062927594512028  
  9332.5   0.17063841572561164  
  9333.5   0.1706475609013507   
  9334.5   0.17065669970256325  
  9335.5   0.17066583801441199  
  9336.5   0.17067498172079895  
  9337.5   0.17068411905384082  
  9338.5   0.17069326178094799  
  9339.5   0.1707023981354975   
  9340.5   0.1707115398836395   
  9341.5   0.17072067526001086  
  9342.5   0.17072981602950207  
  9343.5   0.17073895042800952  
  9344.5   0.17074808433785998  
  9345.5   0.17075722364012152  
  9346.5   0.17076635657257883  
  9347.5   0.1707754948969748   
  9348.5   0.17078462685235263  
  9349.5   0.17079376419919687  
  9350.5   0.17080289517780875  
  9351.5   0.1708120315474149   
  9352.5   0.17082116154957416  
  9353.5   0.17083029106378167  
  9354.5   0.17083942596827556  
  9355.5   0.17084855450650016  
  9356.5   0.1708576884345393   
  9357.5   0.17086681599709394  
  9358.5   0.17087594894899133  
  9359.5   0.1708850755361888   
  9360.5   0.17089420751225737  
  9361.5   0.17090333312441025  
  9362.5   0.17091245824931486  
  9363.5   0.17092158876238348  
  9364.5   0.17093071291271206  
  9365.5   0.1709398424507333   
  9366.5   0.17094896562679804  
  9367.5   0.17095809419008426  
  9368.5   0.17096721639219717  
  9369.5   0.17097634398106046  
  9370.5   0.17098546520953342  
  9371.5   0.17099458595145994  
  9372.5   0.1710037120794305   
  9373.5   0.17101283184818447  
  9374.5   0.17102195700251166  
  9375.5   0.17103107579840457  
  9376.5   0.17104019997940004  
  9377.5   0.1710493178027431   
  9378.5   0.17105844101071815  
  9379.5   0.1710675578618225   
  9380.5   0.17107668009708843  
  9381.5   0.17108579597626505  
  9382.5   0.17109491136975072  
  9383.5   0.1711040321466925   
  9384.5   0.17111314656871646  
  9385.5   0.1711222663737264   
  9386.5   0.17113137982459917  
  9387.5   0.17114049865798794  
  9388.5   0.1711496111380199   
  9389.5   0.1711587290000979   
  9390.5   0.1711678405095993   
  9391.5   0.17117695153410775  
  9392.5   0.1711860679399577   
  9393.5   0.17119517799440048  
  9394.5   0.17120429342971516  
  9395.5   0.1712134025144021   
  9396.5   0.1712225169794913   
  9397.5   0.17123162509473203  
  9398.5   0.1712407385899056   
  9399.5   0.1712498457360095   
  9400.5   0.17125895239781685  
  9401.5   0.1712680644388534   
  9402.5   0.1712771701319878   
  9403.5   0.17128628120388228  
  9404.5   0.17129538592865276  
  9405.5   0.1713044960317143   
  9406.5   0.17131359978842978  
  9407.5   0.17132270892296741  
  9408.5   0.17133181171193654  
  9409.5   0.17134091401730392  
  9410.5   0.1713500216997905   
  9411.5   0.17135912303787426  
  9412.5   0.17136822975260863  
  9413.5   0.17137733012371711  
  9414.5   0.17138643587100777  
  9415.5   0.17139553527544907  
  9416.5   0.17140464005560424  
  9417.5   0.17141373849368638  
  9418.5   0.1714228364488599   
  9419.5   0.17143193977904497  
  9420.5   0.1714410367683209   
  9421.5   0.17145013913214038  
  9422.5   0.1714592351558263   
  9423.5   0.1714683365535879   
  9424.5   0.17147743161199128  
  9425.5   0.17148653204400244  
  9426.5   0.1714956261374305   
  9427.5   0.1715047197486413   
  9428.5   0.17151381873275845  
  9429.5   0.17152291137945444  
  9430.5   0.17153200939858929  
  9431.5   0.17154110108107729  
  9432.5   0.17155019813553674  
  9433.5   0.17155928885412344  
  9434.5   0.1715683849442143   
  9435.5   0.17157747469920626  
  9436.5   0.1715865639726707   
  9437.5   0.17159565861693865  
  9438.5   0.17160474692726777  
  9439.5   0.17161384060793333  
  9440.5   0.17162292795543319  
  9441.5   0.17163202067280262  
  9442.5   0.17164110705777913  
  9443.5   0.17165019881215848  
  9444.5   0.17165928423491747  
  9445.5   0.17166836917683714  
  9446.5   0.17167745948745974  
  9447.5   0.1716865434676202   
  9448.5   0.1716956328160171   
  9449.5   0.17170471583472374  
  9450.5   0.1717138042212005   
  9451.5   0.1717228862787585   
  9452.5   0.17173197370362037  
  9453.5   0.17174105480033483  
  9454.5   0.17175014126388705  
  9455.5   0.17175922140006283  
  9456.5   0.17176830105623817  
  9457.5   0.17177738607855228  
  9458.5   0.1717864647746459   
  9459.5   0.17179554883641251  
  9460.5   0.171804626572729    
  9461.5   0.17181370967425266  
  9462.5   0.1718227864510963   
  9463.5   0.17183186859268157  
  9464.5   0.1718409444103565   
  9465.5   0.17185001974871544  
  9466.5   0.17185910045111788  
  9467.5   0.17186817483076408  
  9468.5   0.17187725457398845  
  9469.5   0.1718863279952256   
  9470.5   0.17189540677957574  
  9471.5   0.17190447924270755  
  9472.5   0.1719135570684872   
  9473.5   0.17192262857381707  
  9474.5   0.17193169960051383  
  9475.5   0.17194077598916105  
  9476.5   0.17194984605851069  
  9477.5   0.17195892148934597  
  9478.5   0.17196799060165152  
  9479.5   0.1719770650749781   
  9480.5   0.17198613323054246  
  9481.5   0.17199520674666324  
  9482.5   0.1720042739457892   
  9483.5   0.17201334066696325  
  9484.5   0.17202241274799715  
  9485.5   0.1720314785131865   
  9486.5   0.1720405496377714   
  9487.5   0.17204961444727837  
  9488.5   0.17205868461571672  
  9489.5   0.17206774846984352  
  9490.5   0.1720768176824376   
  9491.5   0.1720858805814862   
  9492.5   0.17209494300326253  
  9493.5   0.1721040107828104   
  9494.5   0.17211307224996122  
  9495.5   0.17212213907441978  
  9496.5   0.17213119958724674  
  9497.5   0.17214026545691774  
  9498.5   0.1721493250157222   
  9499.5   0.1721583899309072   
  9500.5   0.17216744853599056  
  9501.5   0.17217650666447964  
  9502.5   0.17218557014865427  
  9503.5   0.17219462732387383  
  9504.5   0.17220368985431567  
  9505.5   0.17221274607656656  
  9506.5   0.1722218076535766   
  9507.5   0.1722308629231596   
  9508.5   0.17223992354703868  
  9509.5   0.17224897786425436  
  9510.5   0.1722580317055522   
  9511.5   0.17226709090045195  
  9512.5   0.17227614378983305  
  9513.5   0.1722852020323532   
  9514.5   0.17229425397011772  
  9515.5   0.17230331126055864  
  9516.5   0.17231236224700658  
  9517.5   0.17232141858566843  
  9518.5   0.17233046862109966  
  9519.5   0.1723395181812879   
  9520.5   0.17234857309299662  
  9521.5   0.17235762170261767  
  9522.5   0.17236667566329694  
  9523.5   0.1723757233226502   
  9524.5   0.1723847763325996   
  9525.5   0.17239382304198442  
  9526.5   0.1724028751015034   
  9527.5   0.17241192086121898  
  9528.5   0.17242097197060677  
  9529.5   0.17243001678095213  
  9530.5   0.17243906111687712  
  9531.5   0.17244811080178182  
  9532.5   0.17245715418878477  
  9533.5   0.17246620292430578  
  9534.5   0.17247524536268524  
  9535.5   0.17248429314912128  
  9536.5   0.17249333463917574  
  9537.5   0.17250238147682542  
  9538.5   0.17251142201885317  
  9539.5   0.1725204620871319   
  9540.5   0.17252950750231408  
  9541.5   0.17253854662301324  
  9542.5   0.17254759109015474  
  9543.5   0.17255662926357218  
  9544.5   0.17256567278297105  
  9545.5   0.1725747100094046   
  9546.5   0.1725837525813587   
  9547.5   0.1725927888611059   
  9548.5   0.17260182466777385  
  9549.5   0.1726108658192713   
  9550.5   0.17261990067969898  
  9551.5   0.1726289408844956   
  9552.5   0.17263797479898021  
  9553.5   0.17264701405737332  
  9554.5   0.17265604702621196  
  9555.5   0.17266508533849875  
  9556.5   0.17267411736198832  
  9557.5   0.17268314891306671  
  9558.5   0.172692185806903    
  9559.5   0.1727012164130773   
  9560.5   0.17271025236154947  
  9561.5   0.17271928202311623  
  9562.5   0.17272831702652083  
  9563.5   0.17273734574377642  
  9564.5   0.17274637980241     
  9565.5   0.17275540757565055  
  9566.5   0.17276443487714652  
  9567.5   0.17277346751933104  
  9568.5   0.17278249387725597  
  9569.5   0.1727915255754099   
  9570.5   0.1728005509900596   
  9571.5   0.17280958174447886  
  9572.5   0.172818606216149    
  9573.5   0.1728276360271294   
  9574.5   0.1728366595561155   
  9575.5   0.172845682614022    
  9576.5   0.17285471101055003  
  9577.5   0.17286373312621542  
  9578.5   0.17287276058004325  
  9579.5   0.17288178175376265  
  9580.5   0.17289080826518555  
  9581.5   0.17289982849725388  
  9582.5   0.17290885406656692  
  9583.5   0.17291787335727904  
  9584.5   0.172926892177575    
  9585.5   0.17293591633442776  
  9586.5   0.17294493421380935  
  9587.5   0.1729539574292892   
  9588.5   0.17296297436805094  
  9589.5   0.17297199664245244  
  9590.5   0.17298101264088853  
  9591.5   0.1729900339745061   
  9592.5   0.17299904903291066  
  9593.5   0.17300806362156096  
  9594.5   0.17301708354470557  
  9595.5   0.1730260971937652   
  9596.5   0.17303511617686107  
  9597.5   0.1730441288866238   
  9598.5   0.17305314692996485  
  9599.5   0.17306215870072425  
  9600.5   0.17307117580460415  
  9601.5   0.17308018663665364  
  9602.5   0.17308920280136594  
  9603.5   0.1730982126949988   
  9604.5   0.17310722211968424  
  9605.5   0.1731162368763463   
  9606.5   0.17312524536305474  
  9607.5   0.1731342591812823   
  9608.5   0.17314326673030658  
  9609.5   0.17315227961039273  
  9610.5   0.17316128622202562  
  9611.5   0.17317029816426321  
  9612.5   0.17317930383879732  
  9613.5   0.17318830904504245  
  9614.5   0.17319731958120677  
  9615.5   0.17320632385079168  
  9616.5   0.17321533344983883  
  9617.5   0.17322433678305574  
  9618.5   0.1732333454452781   
  9619.5   0.17324234784241904  
  9620.5   0.17325135556810875  
  9621.5   0.17326035702946563  
  9622.5   0.1732693580231905   
  9623.5   0.17327836434477936  
  9624.5   0.17328736440315767  
  9625.5   0.1732963697889436   
  9626.5   0.17330536891226694  
  9627.5   0.17331437336254166  
  9628.5   0.1733233715511014   
  9629.5   0.17333237506615629  
  9630.5   0.17334137232024366  
  9631.5   0.17335036910735432  
  9632.5   0.1733593712202762   
  9633.5   0.17336836707335102  
  9634.5   0.1733773682517811   
  9635.5   0.17338636317111095  
  9636.5   0.17339536341534023  
  9637.5   0.17340435740121576  
  9638.5   0.17341335671153507  
  9639.5   0.17342234976424684  
  9640.5   0.17343134235063573  
  9641.5   0.1734403402607852   
  9642.5   0.17344933191444586  
  9643.5   0.17345832889141166  
  9644.5   0.17346731961263426  
  9645.5   0.1734763156567067   
  9646.5   0.1734853054457812   
  9647.5   0.17349430055725037  
  9648.5   0.1735032894144667   
  9649.5   0.17351227780601247  
  9650.5   0.17352127151927046  
  9651.5   0.1735302589793925   
  9652.5   0.1735392517607719   
  9653.5   0.17354823828975977  
  9654.5   0.17355723013955013  
  9655.5   0.1735662157376931   
  9656.5   0.17357520665618395  
  9657.5   0.17358419132377123  
  9658.5   0.1735931755263388   
  9659.5   0.1736021650485725   
  9660.5   0.17361114832101787  
  9661.5   0.17362013691267497  
  9662.5   0.17362911925528696  
  9663.5   0.17363810691665638  
  9664.5   0.17364708832972367  
  9665.5   0.17365607506109423  
  9666.5   0.1736650555449053   
  9667.5   0.17367403556434596  
  9668.5   0.1736830209014089   
  9669.5   0.1736919999920258   
  9670.5   0.17370098439981116  
  9671.5   0.17370996256189247  
  9672.5   0.17371894604068847  
  9673.5   0.17372792327452222  
  9674.5   0.17373690582461696  
  9675.5   0.173745882130491    
  9676.5   0.17375486375217244  
  9677.5   0.1737638391303745   
  9678.5   0.17377281404499764  
  9679.5   0.17378179427474805  
  9680.5   0.1737907682621304   
  9681.5   0.17379974756418679  
  9682.5   0.1738087206246157   
  9683.5   0.17381769899926547  
  9684.5   0.17382667113302808  
  9685.5   0.17383564858055853  
  9686.5   0.17384461978794194  
  9687.5   0.17385359053239235  
  9688.5   0.17386256658993127  
  9689.5   0.17387153640843273  
  9690.5   0.17388051153956985  
  9691.5   0.17388948043240895  
  9692.5   0.17389845463743106  
  9693.5   0.1739074226048944   
  9694.5   0.1739163958840881   
  9695.5   0.17392536292646202  
  9696.5   0.17393432950654733  
  9697.5   0.17394330139768452  
  9698.5   0.17395226705310962  
  9699.5   0.17396123801913435  
  9700.5   0.17397020275018527  
  9701.5   0.17397917279138359  
  9702.5   0.17398813659834617  
  9703.5   0.17399710571500407  
  9704.5   0.17400606859816398  
  9705.5   0.17401503101967833  
  9706.5   0.17402399875021016  
  9707.5   0.1740329602483501   
  9708.5   0.17404192705505572  
  9709.5   0.17405088763010662  
  9710.5   0.1740598535132715   
  9711.5   0.1740688131655185   
  9712.5   0.17407777812542793  
  9713.5   0.17408673685515616  
  9714.5   0.17409569512388018  
  9715.5   0.17410465869958958  
  9716.5   0.17411361604622205  
  9717.5   0.17412257869938857  
  9718.5   0.17413153512421412  
  9719.5   0.1741404968551226   
  9720.5   0.1741494523584258   
  9721.5   0.17415841316736078  
  9722.5   0.17416736774942604  
  9723.5   0.1741763218711271   
  9724.5   0.1741852812977836   
  9725.5   0.17419423449867294  
  9726.5   0.17420319300406692  
  9727.5   0.17421214528442858  
  9728.5   0.1742211028688442   
  9729.5   0.174230054228962    
  9730.5   0.1742390108926832   
  9731.5   0.17424796133284096  
  9732.5   0.174256911313273    
  9733.5   0.17426586659663282  
  9734.5   0.17427481565753009  
  9735.5   0.17428377002090478  
  9736.5   0.17429271816255054  
  9737.5   0.17430167160622362  
  9738.5   0.17431061882890117  
  9739.5   0.1743195713531559   
  9740.5   0.1743285176571483   
  9741.5   0.174337463502052    
  9742.5   0.17434641464785808  
  9743.5   0.17435535957450093  
  9744.5   0.17436430980159628  
  9745.5   0.174373253810261    
  9746.5   0.17438220311892852  
  9747.5   0.17439114620989765  
  9748.5   0.17440009460041997  
  9749.5   0.17440903677397596  
  9750.5   0.17441798424663563  
  9751.5   0.17442692550306071  
  9752.5   0.1744358663011737   
  9753.5   0.17444481239771645  
  9754.5   0.17445375227912163  
  9755.5   0.17446269745850734  
  9756.5   0.1744716364234867   
  9757.5   0.17448058068599745  
  9758.5   0.17448951873483268  
  9759.5   0.17449846208075032  
  9760.5   0.17450739921372305  
  9761.5   0.1745163358890175   
  9762.5   0.1745252778607211   
  9763.5   0.17453421362057517  
  9764.5   0.1745431546763897   
  9765.5   0.17455208952108467  
  9766.5   0.1745610296612915   
  9767.5   0.17456996359110852  
  9768.5   0.17457890281598887  
  9769.5   0.17458783583120888  
  9770.5   0.17459676838938284  
  9771.5   0.17460570624194768  
  9772.5   0.17461463788594583  
  9773.5   0.17462357482388663  
  9774.5   0.17463250555398954  
  9775.5   0.174641441577587    
  9776.5   0.17465037139407513  
  9777.5   0.1746593065036098   
  9778.5   0.17466823540676354  
  9779.5   0.17467716385350213  
  9780.5   0.17468609759261544  
  9781.5   0.17469502512643978  
  9782.5   0.1747039579521911   
  9783.5   0.1747128845733812   
  9784.5   0.17472181648605062  
  9785.5   0.17473074219488627  
  9786.5   0.17473967319475375  
  9787.5   0.17474859799151465  
  9788.5   0.17475752233248976  
  9789.5   0.1747664519638257   
  9790.5   0.17477537539314525  
  9791.5   0.17478430411237844  
  9792.5   0.17479322663032182  
  9793.5   0.17480215443773162  
  9794.5   0.17481107604457802  
  9795.5   0.17482000294044378  
  9796.5   0.1748289236364722   
  9797.5   0.17483784387734275  
  9798.5   0.17484676940656244  
  9799.5   0.1748556887370333   
  9800.5   0.1748646133554065   
  9801.5   0.17487353177575637  
  9802.5   0.17488245548356188  
  9803.5   0.17489137299406926  
  9804.5   0.17490029579158578  
  9805.5   0.1749092123925291   
  9806.5   0.17491812853894106  
  9807.5   0.17492704997169264  
  9808.5   0.17493596520895782  
  9809.5   0.17494488573211633  
  9810.5   0.17495380006051284  
  9811.5   0.17496271967435645  
  9812.5   0.1749716330941621   
  9813.5   0.17498055179896888  
  9814.5   0.1749894643104615   
  9815.5   0.17499837636804788  
  9816.5   0.17500729370996648  
  9817.5   0.17501620485965616  
  9818.5   0.17502512129323228  
  9819.5   0.17503403153530264  
  9820.5   0.1750429470608138   
  9821.5   0.17505185639554216  
  9822.5   0.17506077101326573  
  9823.5   0.17506967944092922  
  9824.5   0.17507858741531007  
  9825.5   0.175087500672018    
  9826.5   0.17509640773974935  
  9827.5   0.1751053200893625   
  9828.5   0.17511422625072115  
  9829.5   0.17512313769351637  
  9830.5   0.17513204294877893  
  9831.5   0.17514095348503297  
  9832.5   0.17514985783447595  
  9833.5   0.17515876746446543  
  9834.5   0.17516767090836521  
  9835.5   0.17517657389974264  
  9836.5   0.17518548217099933  
  9837.5   0.17519438425724776  
  9838.5   0.17520329162293075  
  9839.5   0.17521219280432618  
  9840.5   0.1752210992647116   
  9841.5   0.1752299995415299   
  9842.5   0.17523890509689366  
  9843.5   0.17524780446941057  
  9844.5   0.17525670339002564  
  9845.5   0.17526560758851964  
  9846.5   0.17527450560524657  
  9847.5   0.17528340889940822  
  9848.5   0.17529230601252244  
  9849.5   0.17530120840262722  
  9850.5   0.1753101046124039   
  9851.5   0.17531900609872716  
  9852.5   0.17532790140544144  
  9853.5   0.1753367962608729   
  9854.5   0.1753456963921852   
  9855.5   0.17535459034496656  
  9856.5   0.17536348957318504  
  9857.5   0.1753723826235911   
  9858.5   0.17538128094899058  
  9859.5   0.17539017309729593  
  9860.5   0.17539907052015116  
  9861.5   0.17540796176663026  
  9862.5   0.17541685256244416  
  9863.5   0.17542574863214297  
  9864.5   0.17543463852654204  
  9865.5   0.1754435336943827   
  9866.5   0.17545242268764105  
  9867.5   0.17546131695389783  
  9868.5   0.17547020504628943  
  9869.5   0.1754790984112364   
  9870.5   0.17548798560303508  
  9871.5   0.17549687234478484  
  9872.5   0.17550576435842566  
  9873.5   0.175514650199993    
  9874.5   0.17552354131300857  
  9875.5   0.17553242625466695  
  9876.5   0.1755413164673309   
  9877.5   0.1755502005093537   
  9878.5   0.1755590898219395   
  9879.5   0.1755679729645999   
  9880.5   0.1755768556578262   
  9881.5   0.17558574362095195  
  9882.5   0.17559462541522539  
  9883.5   0.175603512478956    
  9884.5   0.17561239337454948  
  9885.5   0.17562127953915793  
  9886.5   0.1756301595363442   
  9887.5   0.17563904480210327  
  9888.5   0.17564792390115488  
  9889.5   0.17565680255138588  
  9890.5   0.1756656864695268   
  9891.5   0.17567456422203173  
  9892.5   0.1756834472420048   
  9893.5   0.17569232409705596  
  9894.5   0.17570120621913352  
  9895.5   0.17571008217700299  
  9896.5   0.17571896340145726  
  9897.5   0.17572783846241702  
  9898.5   0.17573671307516817  
  9899.5   0.175745592953842    
  9900.5   0.17575446667009115  
  9901.5   0.1757633456518216   
  9902.5   0.17577221847184032  
  9903.5   0.17578109655689916  
  9904.5   0.175789968480959    
  9905.5   0.17579884566961781  
  9906.5   0.17580771669799014  
  9907.5   0.17581659299052035  
  9908.5   0.17582546312347638  
  9909.5   0.17583433280896996  
  9910.5   0.17584320775796017  
  9911.5   0.17585207654844398  
  9912.5   0.17586095060198367  
  9913.5   0.1758698184977286   
  9914.5   0.17587869165608871  
  9915.5   0.1758875586573655   
  9916.5   0.17589643092081694  
  9917.5   0.17590529702789617  
  9918.5   0.17591416268812193  
  9919.5   0.17592303360986183  
  9920.5   0.1759318983762957   
  9921.5   0.17594076840380332  
  9922.5   0.17594963227671556  
  9923.5   0.1759585014102614   
  9924.5   0.17596736438992208  
  9925.5   0.17597623262977632  
  9926.5   0.1759850947164555   
  9927.5   0.17599395635688875  
  9928.5   0.17600282325685573  
  9929.5   0.1760116840047122   
  9930.5   0.17602055001166256  
  9931.5   0.17602940986721183  
  9932.5   0.1760382749814153   
  9933.5   0.17604713394492694  
  9934.5   0.17605599816665315  
  9935.5   0.17606485623839652  
  9936.5   0.17607371386450021  
  9937.5   0.17608257674815936  
  9938.5   0.17609143348289855  
  9939.5   0.1761002954747539   
  9940.5   0.17610915131839763  
  9941.5   0.1761180124187183   
  9942.5   0.17612686737153557  
  9943.5   0.17613572758059054  
  9944.5   0.17614458164285007  
  9945.5   0.17615343526007468  
  9946.5   0.17616229413287865  
  9947.5   0.17617114685994842  
  9948.5   0.17618000484215868  
  9949.5   0.17618885667934198  
  9950.5   0.17619771377122703  
  9951.5   0.17620656471879217  
  9952.5   0.17621542092062045  
  9953.5   0.17622427097883564  
  9954.5   0.17623312059261945  
  9955.5   0.17624197546000867  
  9956.5   0.17625082418484442  
  9957.5   0.1762596781628472   
  9958.5   0.17626852599900283  
  9959.5   0.17627737908788715  
  9960.5   0.17628622603563027  
  9961.5   0.17629507823566393  
  9962.5   0.17630392429526215  
  9963.5   0.17631276991103106  
  9964.5   0.17632162077843352  
  9965.5   0.17633046550645856  
  9966.5   0.17633931548567922  
  9967.5   0.17634815932622763  
  9968.5   0.17635700841753385  
  9969.5   0.17636585137087268  
  9970.5   0.17637469957453164  
  9971.5   0.17638354164092793  
  9972.5   0.17639238326409565  
  9973.5   0.17640123013692716  
  9974.5   0.17641007087355245  
  9975.5   0.17641891685940408  
  9976.5   0.17642775670975355  
  9977.5   0.17643660180889204  
  9978.5   0.17644544077323218  
  9979.5   0.1764542849859241   
  9980.5   0.17646312306452128  
  9981.5   0.17647196639103307  
  9982.5   0.1764808035841535   
  9983.5   0.17648964033477782  
  9984.5   0.17649848233266133  
  9985.5   0.17650731819820792  
  9986.5   0.17651615931057688  
  9987.5   0.17652499429131166  
  9988.5   0.17653383451843205  
  9989.5   0.17654266861462076  
  9990.5   0.17655150795675845  
  9991.5   0.17656034116866676  
  9992.5   0.17656917393867666  
  9993.5   0.17657801195398082  
  9994.5   0.17658684384010845  
  9995.5   0.17659568097109393  
  9996.5   0.17660451197360458  
  9997.5   0.17661334822053676  
  9998.5   0.1766221783396956   
  9999.5   0.17663101370283976  
  10000.5  0.1766398429389118   
  10001.5  0.17664867173368184  
  10002.5  0.1766575057717832   
  10003.5  0.1766663336838637   
  10004.5  0.17667516683883963  
  10005.5  0.17668399386849526  
  10006.5  0.1766928261406105   
  10007.5  0.17670165228810586  
  10008.5  0.1767104836776251   
  10009.5  0.17671930894322457  
  10010.5  0.17672813376811716  
  10011.5  0.1767369638343803   
  10012.5  0.1767457877777734   
  10013.5  0.17675461696210157  
  10014.5  0.17676344002425928  
  10015.5  0.1767722683269167   
  10016.5  0.17678109050810298  
  10017.5  0.17678991792935372  
  10018.5  0.1767987392298324   
  10019.5  0.1768075600901979   
  10020.5  0.17681638618997528  
  10021.5  0.17682520617002864  
  10022.5  0.1768340313890589   
  10023.5  0.17684285048906367  
  10024.5  0.17685167482761044  
  10025.5  0.17686049304782997  
  10026.5  0.17686931650615675  
  10027.5  0.17687813384685433  
  10028.5  0.1768869507480311   
  10029.5  0.17689577288666314  
  10030.5  0.1769045889087125   
  10031.5  0.17691341016778264  
  10032.5  0.17692222531096752  
  10033.5  0.17693104569073878  
  10034.5  0.17693985995532197  
  10035.5  0.17694867945605722  
  10036.5  0.1769574928423014   
  10037.5  0.17696630578961575  
  10038.5  0.17697512397243104  
  10039.5  0.1769839360418001   
  10040.5  0.17699275334623596  
  10041.5  0.17700156453792207  
  10042.5  0.17701038096424096  
  10043.5  0.1770191912785062   
  10044.5  0.1770280068269705   
  10045.5  0.17703681626407702  
  10046.5  0.17704562526284354  
  10047.5  0.17705443949515856  
  10048.5  0.17706324761715916  
  10049.5  0.17707206097227465  
  10050.5  0.17708086821777108  
  10051.5  0.17708968069594894  
  10052.5  0.1770984870652028   
  10053.5  0.17710729866670472  
  10054.5  0.17711610415997747  
  10055.5  0.17712491488506504  
  10056.5  0.1771337195026181   
  10057.5  0.17714252368255018  
  10058.5  0.1771513330936473   
  10059.5  0.1771601363982514   
  10060.5  0.17716894493358756  
  10061.5  0.17717774736312467  
  10062.5  0.17718655502296096  
  10063.5  0.17719535657769203  
  10064.5  0.17720416336228945  
  10065.5  0.17721296404247525  
  10066.5  0.17722176428562683  
  10067.5  0.17723056975799578  
  10068.5  0.17723936912699298  
  10069.5  0.17724817372477497  
  10070.5  0.17725697221987818  
  10071.5  0.17726577594333373  
  10072.5  0.17727457356480328  
  10073.5  0.17728337641419287  
  10074.5  0.17729217316228893  
  10075.5  0.17730096947393634  
  10076.5  0.17730977101285547  
  10077.5  0.1773185664515194   
  10078.5  0.17732736711702296  
  10079.5  0.1773361616829633   
  10080.5  0.17734496147531123  
  10081.5  0.17735375516878768  
  10082.5  0.1773625540882399   
  10083.5  0.17737134690951206  
  10084.5  0.17738013929491975  
  10085.5  0.17738893690565563  
  10086.5  0.17739772841924817  
  10087.5  0.17740652515773728  
  10088.5  0.17741531579977396  
  10089.5  0.17742411166627567  
  10090.5  0.17743290143701565  
  10091.5  0.17744169643178923  
  10092.5  0.17745048533149158  
  10093.5  0.17745927379591228  
  10094.5  0.17746806748371974  
  10095.5  0.17747685507749106  
  10096.5  0.1774856478942179   
  10097.5  0.1774944346175985   
  10098.5  0.1775032265635036   
  10099.5  0.17751201241675207  
  10100.5  0.17752080349209406  
  10101.5  0.17752958847546887  
  10102.5  0.1775383730241437   
  10103.5  0.1775471627942658   
  10104.5  0.17755594647345432  
  10105.5  0.17756473537365947  
  10106.5  0.17757351818361988  
  10107.5  0.17758230621416626  
  10108.5  0.1775910881551565   
  10109.5  0.17759987531630225  
  10110.5  0.17760865638858023  
  10111.5  0.17761743702673852  
  10112.5  0.17762622288440677  
  10113.5  0.17763500265423934  
  10114.5  0.17764378764315164  
  10115.5  0.177652566544916    
  10116.5  0.17766135066532995  
  10117.5  0.17767012869928359  
  10118.5  0.17767891195145677  
  10119.5  0.17768768911785698  
  10120.5  0.1776964658507165   
  10121.5  0.1777052478011507   
  10122.5  0.17771402366684247  
  10123.5  0.17772280474967914  
  10124.5  0.1777315797484601   
  10125.5  0.17774035996395632  
  10126.5  0.17774913409608337  
  10127.5  0.17775791344449607  
  10128.5  0.17776668671022594  
  10129.5  0.17777546519181198  
  10130.5  0.17778423759140125  
  10131.5  0.17779300955815577  
  10132.5  0.1778017867401225   
  10133.5  0.17781055784112104  
  10134.5  0.17781933415690263  
  10135.5  0.17782810439240151  
  10136.5  0.17783687984225427  
  10137.5  0.17784564921250967  
  10138.5  0.17785442379668992  
  10139.5  0.17786319230195782  
  10140.5  0.1778719603749672   
  10141.5  0.1778807336612581   
  10142.5  0.17788950086966374  
  10143.5  0.17789827329092214  
  10144.5  0.1779070396349798   
  10145.5  0.17791581119146163  
  10146.5  0.17792457667142692  
  10147.5  0.17793334736338776  
  10148.5  0.17794211197951618  
  10149.5  0.17795087616396082  
  10150.5  0.17795964555975846  
  10151.5  0.17796840888074916  
  10152.5  0.1779771774126645   
  10153.5  0.17798593987045636  
  10154.5  0.17799470753874466  
  10155.5  0.17800346913359272  
  10156.5  0.17801223593850912  
  10157.5  0.17802099667066829  
  10158.5  0.17802975697171736  
  10159.5  0.17803852248219285  
  10160.5  0.1780472819209351   
  10161.5  0.1780560465686759   
  10162.5  0.17806480514536593  
  10163.5  0.17807356893062673  
  10164.5  0.178082326645519    
  10165.5  0.1780910895685544   
  10166.5  0.17809984642190327  
  10167.5  0.1781086028447143   
  10168.5  0.1781173644750273   
  10169.5  0.1781261200366762   
  10170.5  0.17813488080539955  
  10171.5  0.1781436355061403   
  10172.5  0.1781523954135282   
  10173.5  0.17816114925361468  
  10174.5  0.1781699082999211   
  10175.5  0.17817866127960708  
  10176.5  0.17818741382932637  
  10177.5  0.17819617158462508  
  10178.5  0.17820492327432427  
  10179.5  0.17821368016917596  
  10180.5  0.17822243099910853  
  10181.5  0.1782311870337667   
  10182.5  0.17823993700418597  
  10183.5  0.17824869217890413  
  10184.5  0.17825744129006335  
  10185.5  0.17826618997182567  
  10186.5  0.17827494385724701  
  10187.5  0.1782836916801288   
  10188.5  0.17829244470624314  
  10189.5  0.17830119167049732  
  10190.5  0.17830994383755763  
  10191.5  0.178318689943437    
  10192.5  0.17832744125169617  
  10193.5  0.17833618649945335  
  10194.5  0.17834493131838222  
  10195.5  0.17835368133905172  
  10196.5  0.1783624253002371   
  10197.5  0.1783711744627371   
  10198.5  0.17837991756643137  
  10199.5  0.17838866587101432  
  10200.5  0.1783974081174697   
  10201.5  0.1784061555643879   
  10202.5  0.1784148969538565   
  10203.5  0.17842364354336218  
  10204.5  0.17843238407609596  
  10205.5  0.17844112418069463  
  10206.5  0.17844986948469202  
  10207.5  0.1784586087329336   
  10208.5  0.1784673531801484   
  10209.5  0.17847609157228447  
  10210.5  0.1784848351629684   
  10211.5  0.1784935726992506   
  10212.5  0.17850231543365536  
  10213.5  0.1785110521143351   
  10214.5  0.17851978836744548  
  10215.5  0.1785285298180407   
  10216.5  0.17853726521592544  
  10217.5  0.17854600581087007  
  10218.5  0.1785547403537803   
  10219.5  0.17856348009332546  
  10220.5  0.1785722137815122   
  10221.5  0.178580952665909    
  10222.5  0.1785896854996231   
  10223.5  0.17859841790633238  
  10224.5  0.17860715550861472  
  10225.5  0.17861588706122739  
  10226.5  0.17862462380898853  
  10227.5  0.17863335450775517  
  10228.5  0.17864209040124576  
  10229.5  0.1786508202464168   
  10230.5  0.17865955528588742  
  10231.5  0.1786682842777131   
  10232.5  0.17867701284309734  
  10233.5  0.1786857466021448   
  10234.5  0.17869447431455895  
  10235.5  0.17870320722021218  
  10236.5  0.17871193407990624  
  10237.5  0.17872066613241538  
  10238.5  0.17872939213963926  
  10239.5  0.1787381233392543   
  10240.5  0.17874684849425776  
  10241.5  0.17875557322338176  
  10242.5  0.17876430314426126  
  10243.5  0.17877302702153922  
  10244.5  0.17878175609014899  
  10245.5  0.17879047911583038  
  10246.5  0.17879920733242002  
  10247.5  0.1788079295067542   
  10248.5  0.1788166568715731   
  10249.5  0.1788253781948093   
  10250.5  0.1788340990927268   
  10251.5  0.17884282518049405  
  10252.5  0.17885154522768715  
  10253.5  0.17886027046430672  
  10254.5  0.1788689896610243   
  10255.5  0.1788777140467452   
  10256.5  0.17888643239323604  
  10257.5  0.17889515592830718  
  10258.5  0.17890387342481995  
  10259.5  0.17891259049657363  
  10260.5  0.17892131275627338  
  10261.5  0.17893002897842175  
  10262.5  0.17893875038809337  
  10263.5  0.1789474657608848   
  10264.5  0.17895618632077678  
  10265.5  0.17896490084445954  
  10266.5  0.17897362055482022  
  10267.5  0.1789823342296424   
  10268.5  0.17899104748026387  
  10269.5  0.17899976591692968  
  10270.5  0.17900847831906253  
  10271.5  0.17901719590681733  
  10272.5  0.17902590746070934  
  10273.5  0.1790346241998011   
  10274.5  0.17904333490570004  
  10275.5  0.17905205079637654  
  10276.5  0.17906076065452992  
  10277.5  0.17906947569703885  
  10278.5  0.1790781847076942   
  10279.5  0.17908689329482966  
  10280.5  0.1790956070656878   
  10281.5  0.1791043148056961   
  10282.5  0.1791130277290053   
  10283.5  0.1791217346221337   
  10284.5  0.17913044669814127  
  10285.5  0.17913915274463674  
  10286.5  0.17914786397358975  
  10287.5  0.17915656917369924  
  10288.5  0.17916527395084444  
  10289.5  0.17917398390981507  
  10290.5  0.1791826878409444   
  10291.5  0.17919139695347783  
  10292.5  0.1792001000388379   
  10293.5  0.17920880830518085  
  10294.5  0.17921751054501822  
  10295.5  0.17922621796541724  
  10296.5  0.17923491935997826  
  10297.5  0.1792436203321294   
  10298.5  0.17925232648421077  
  10299.5  0.17926102661145493  
  10300.5  0.17926973191820836  
  10301.5  0.17927843120079154  
  10302.5  0.1792871356624632   
  10303.5  0.1792958341006314   
  10304.5  0.17930453771746735  
  10305.5  0.17931323531146642  
  10306.5  0.1793219324836089   
  10307.5  0.1793306348337883   
  10308.5  0.17933933116213013  
  10309.5  0.17934803266808844  
  10310.5  0.1793567281528752   
  10311.5  0.17936542881485806  
  10312.5  0.17937412345633516  
  10313.5  0.1793828232745881   
  10314.5  0.17939151707300088  
  10315.5  0.17940021045010907  
  10316.5  0.1794089090033629   
  10317.5  0.17941760153777447  
  10318.5  0.17942629924791165  
  10319.5  0.1794349909398716   
  10320.5  0.17944368780713726  
  10321.5  0.17945237865689048  
  10322.5  0.17946107468152955  
  10323.5  0.17946976468932083  
  10324.5  0.1794784542763583   
  10325.5  0.17948714903765223  
  10326.5  0.17949583778309466  
  10327.5  0.17950453170237396  
  10328.5  0.17951321960646585  
  10329.5  0.17952191268397505  
  10330.5  0.17953059974696076  
  10331.5  0.17953929198294438  
  10332.5  0.17954797820506813  
  10333.5  0.17955666400698772  
  10334.5  0.17956535498127643  
  10335.5  0.17957403994270016  
  10336.5  0.17958273007607387  
  10337.5  0.1795914141972457   
  10338.5  0.17960010348994845  
  10339.5  0.1796087867711122   
  10340.5  0.17961747522338797  
  10341.5  0.17962615766478734  
  10342.5  0.17963483968653104  
  10343.5  0.17964352687875854  
  10344.5  0.17965220806110313  
  10345.5  0.17966089441351288  
  10346.5  0.1796695747567019   
  10347.5  0.17967826026953743  
  10348.5  0.17968693977381406  
  10349.5  0.17969562444731874  
  10350.5  0.17970430311292626  
  10351.5  0.1797129869473434   
  10352.5  0.1797216647745248   
  10353.5  0.1797303421827192   
  10354.5  0.1797390247590958   
  10355.5  0.17974770132922846  
  10356.5  0.17975638306712519  
  10357.5  0.17976505879943888  
  10358.5  0.17977373969909857  
  10359.5  0.1797824145938359   
  10360.5  0.17979109465550133  
  10361.5  0.1797997687129049   
  10362.5  0.1798084423518672   
  10363.5  0.1798171211571309   
  10364.5  0.17982579395912296  
  10365.5  0.1798344719269987   
  10366.5  0.17984314389226277  
  10367.5  0.1798518210229929   
  10368.5  0.17986049215177113  
  10369.5  0.1798691684455979   
  10370.5  0.1798778387381323   
  10371.5  0.17988650861277003  
  10372.5  0.1798951836518302   
  10373.5  0.17990385269058687  
  10374.5  0.1799125268933487   
  10375.5  0.17992119509646595  
  10376.5  0.17992986846317122  
  10377.5  0.17993853583089078  
  10378.5  0.17994720836178119  
  10379.5  0.17995587489434445  
  10380.5  0.17996454100955447  
  10381.5  0.17997321228730997  
  10382.5  0.1799818775677257   
  10383.5  0.1799905480102701   
  10384.5  0.1799992124561327   
  10385.5  0.18000788206370721  
  10386.5  0.18001654567525782  
  10387.5  0.18002521444810368  
  10388.5  0.18003387722558326  
  10389.5  0.18004253958625177  
  10390.5  0.18005120710759084  
  10391.5  0.18005986863454954  
  10392.5  0.1800685353217623   
  10393.5  0.18007719601525182  
  10394.5  0.1800858618685791   
  10395.5  0.18009452172884     
  10396.5  0.18010318674852246  
  10397.5  0.18011184577579514  
  10398.5  0.18012050438679786  
  10399.5  0.18012916815659813  
  10400.5  0.18013782593497307  
  10401.5  0.1801464888717296   
  10402.5  0.1801551458177169   
  10403.5  0.18016380792166994  
  10404.5  0.18017246403550974  
  10405.5  0.1801811253068994   
  10406.5  0.1801897805888315   
  10407.5  0.18019843545503356  
  10408.5  0.1802070954781621   
  10409.5  0.1802157495128161   
  10410.5  0.1802244087039811   
  10411.5  0.18023306190732677  
  10412.5  0.18024172026676794  
  10413.5  0.1802503726390447   
  10414.5  0.18025903016700165  
  10415.5  0.18026768170844898  
  10416.5  0.18027633283470496  
  10417.5  0.18028498911601837  
  10418.5  0.18029363941180376  
  10419.5  0.18030229486223143  
  10420.5  0.18031094432778536  
  10421.5  0.18031959894756655  
  10422.5  0.18032824758312796  
  10423.5  0.18033690137250177  
  10424.5  0.18034554917830964  
  10425.5  0.18035420213751502  
  10426.5  0.18036284911380804  
  10427.5  0.1803714956755666   
  10428.5  0.18038014739010078  
  10429.5  0.18038879312270242  
  10430.5  0.1803974440076651   
  10431.5  0.18040608891134835  
  10432.5  0.18041473896697816  
  10433.5  0.18042338304198133  
  10434.5  0.18043203226851673  
  10435.5  0.18044067551507814  
  10436.5  0.18044931834764122  
  10437.5  0.18045796633111522  
  10438.5  0.18046660833559366  
  10439.5  0.18047525549056884  
  10440.5  0.18048389666720063  
  10441.5  0.18049254299391512  
  10442.5  0.1805011833429381   
  10443.5  0.18050982884162978  
  10444.5  0.1805184683632817   
  10445.5  0.18052710747147033  
  10446.5  0.180535751728707    
  10447.5  0.18054439000988093  
  10448.5  0.1805530334396892   
  10449.5  0.1805616708940859   
  10450.5  0.18057031349670333  
  10451.5  0.18057895012456016  
  10452.5  0.1805875919002242   
  10453.5  0.18059622770177836  
  10454.5  0.18060486309040305  
  10455.5  0.18061350362621495  
  10456.5  0.1806221381888926   
  10457.5  0.18063077789834422  
  10458.5  0.1806394116353118   
  10459.5  0.1806480505186401   
  10460.5  0.1806566834301344   
  10461.5  0.1806653214875764   
  10462.5  0.1806739535738342   
  10463.5  0.18068258524769523  
  10464.5  0.18069122206688457  
  10465.5  0.1806998529158639   
  10466.5  0.1807084889097587   
  10467.5  0.18071711893409279  
  10468.5  0.18072575410292963  
  10469.5  0.1807343833028548   
  10470.5  0.18074301764687004  
  10471.5  0.1807516460226225   
  10472.5  0.1807602739865098   
  10473.5  0.1807689070938684   
  10474.5  0.18077753423393705  
  10475.5  0.1807861665170646   
  10476.5  0.18079479283355057  
  10477.5  0.18080342429268315  
  10478.5  0.18081204978582224  
  10479.5  0.18082068042119573  
  10480.5  0.1808293050912237   
  10481.5  0.18083792934991685  
  10482.5  0.1808465587502263   
  10483.5  0.18085518218616162  
  10484.5  0.18086381076330124  
  10485.5  0.18087243337671416  
  10486.5  0.18088106113091948  
  10487.5  0.18088968292204533  
  10488.5  0.18089830985355176  
  10489.5  0.1809069308226257   
  10490.5  0.18091555138089413  
  10491.5  0.18092417707892572  
  10492.5  0.18093279681549485  
  10493.5  0.18094142169141555  
  10494.5  0.18095004060652026  
  10495.5  0.18095866466056512  
  10496.5  0.18096728275444024  
  10497.5  0.18097590598684415  
  10498.5  0.1809845232597244   
  10499.5  0.1809931401223272   
  10500.5  0.18100176212284208  
  10501.5  0.1810103781648018   
  10502.5  0.18101899934426247  
  10503.5  0.18102761456581357  
  10504.5  0.18103623492445453  
  10505.5  0.18104484932583126  
  10506.5  0.18105346886388696  
  10507.5  0.18106208244532354  
  10508.5  0.18107070116302823  
  10509.5  0.1810793139247588   
  10510.5  0.18108792627685585  
  10511.5  0.1810965437646051   
  10512.5  0.18110515529734703  
  10513.5  0.18111377196533046  
  10514.5  0.18112238267895103  
  10515.5  0.18113099852740258  
  10516.5  0.18113960842213547  
  10517.5  0.18114822345128892  
  10518.5  0.18115683252736775  
  10519.5  0.18116544119433878  
  10520.5  0.181174054995115    
  10521.5  0.18118266284378207  
  10522.5  0.18119127582584418  
  10523.5  0.18119988285644062  
  10524.5  0.181208495020022    
  10525.5  0.18121710123278098  
  10526.5  0.18122571257811496  
  10527.5  0.18123431797326958  
  10528.5  0.18124292295984096  
  10529.5  0.18125153307837258  
  10530.5  0.18126013724768894  
  10531.5  0.18126874654855585  
  10532.5  0.1812773499008501   
  10533.5  0.18128595838428516  
  10534.5  0.18129456091978993  
  10535.5  0.181303168586026    
  10536.5  0.1813117703049739   
  10537.5  0.18132037161586195  
  10538.5  0.18132897805686715  
  10539.5  0.18133757855154697  
  10540.5  0.18134618417593462  
  10541.5  0.18135478385463855  
  10542.5  0.18136338866264107  
  10543.5  0.18137198752560124  
  10544.5  0.18138059151745092  
  10545.5  0.1813891895648995   
  10546.5  0.18139778720481048  
  10547.5  0.18140638997299746  
  10548.5  0.18141498679774473  
  10549.5  0.18142358875035913  
  10550.5  0.1814321847601745   
  10551.5  0.18144078589744816  
  10552.5  0.18144938109256334  
  10553.5  0.18145798141472813  
  10554.5  0.18146657579537473  
  10555.5  0.18147516976900485  
  10556.5  0.18148376886907178  
  10557.5  0.1814923620285805   
  10558.5  0.1815009603141175   
  10559.5  0.1815095526597361   
  10560.5  0.18151815013097466  
  10561.5  0.18152674166293437  
  10562.5  0.1815353383201057   
  10563.5  0.18154392903863767  
  10564.5  0.18155251935067318  
  10565.5  0.1815611147873082   
  10566.5  0.18156970428626235  
  10567.5  0.18157829890940794  
  10568.5  0.18158688759551156  
  10569.5  0.18159548140539863  
  10570.5  0.18160406927888245  
  10571.5  0.18161266227574185  
  10572.5  0.1816212493368365   
  10573.5  0.18162983599195368  
  10574.5  0.18163842776983488  
  10575.5  0.18164701361290853  
  10576.5  0.18165560457833863  
  10577.5  0.18166418960959912  
  10578.5  0.18167277976280846  
  10579.5  0.18168136398248602  
  10580.5  0.181689953323705    
  10581.5  0.18169853673202974  
  10582.5  0.18170712526148858  
  10583.5  0.18171570785869048  
  10584.5  0.18172429005054777  
  10585.5  0.1817328773629283   
  10586.5  0.18174145874400757  
  10587.5  0.181750045245203    
  10588.5  0.18175862581573396  
  10589.5  0.1817672115059741   
  10590.5  0.18177579126618645  
  10591.5  0.18178437614570103  
  10592.5  0.18179295509582427  
  10593.5  0.1818015336411193   
  10594.5  0.18181011730510646  
  10595.5  0.18181869504065645  
  10596.5  0.18182727789449185  
  10597.5  0.18183585482052603  
  10598.5  0.18184443686443905  
  10599.5  0.18185301298118658  
  10600.5  0.18186159421540643  
  10601.5  0.18187016952309637  
  10602.5  0.1818787444264735   
  10603.5  0.18188732444671343  
  10604.5  0.1818958985413763   
  10605.5  0.18190447775249566  
  10606.5  0.181913051038673    
  10607.5  0.1819216294409007   
  10608.5  0.18193020191882117  
  10609.5  0.1819387795123859   
  10610.5  0.18194735118227812  
  10611.5  0.1819559224483718   
  10612.5  0.1819644988295009   
  10613.5  0.18197306928790888  
  10614.5  0.18198164486094642  
  10615.5  0.18199021451189698  
  10616.5  0.18199878927707133  
  10617.5  0.18200735812079266  
  10618.5  0.1820159320783321   
  10619.5  0.18202450011505228  
  10620.5  0.18203306774848715  
  10621.5  0.1820416404951319   
  10622.5  0.18205020732190752  
  10623.5  0.18205877926148753  
  10624.5  0.18206734528183163  
  10625.5  0.18207591641457485  
  10626.5  0.18208448162871516  
  10627.5  0.18209305195484926  
  10628.5  0.18210161636301336  
  10629.5  0.18211018036840432  
  10630.5  0.18211874948518147  
  10631.5  0.18212731268493737  
  10632.5  0.18213588099567446  
  10633.5  0.18214444339002256  
  10634.5  0.18215301089494695  
  10635.5  0.18216157248411458  
  10636.5  0.18217013918345362  
  10637.5  0.1821786999676678   
  10638.5  0.18218726034961988  
  10639.5  0.18219582584113642  
  10640.5  0.1822043854184755   
  10641.5  0.18221295010497446  
  10642.5  0.18222150887792737  
  10643.5  0.18223007275963565  
  10644.5  0.18223863072842914  
  10645.5  0.18224719380557358  
  10646.5  0.18225575097043428  
  10647.5  0.18226430773354285  
  10648.5  0.18227286960439598  
  10649.5  0.1822814255639115   
  10650.5  0.18228998663076734  
  10651.5  0.1822985417869161   
  10652.5  0.18230710205000114  
  10653.5  0.1823156564030094   
  10654.5  0.18232421586254996  
  10655.5  0.18233276941264392  
  10656.5  0.18234132806886627  
  10657.5  0.1823498808162719   
  10658.5  0.18235843316254727  
  10659.5  0.18236699061434544  
  10660.5  0.18237554215827137  
  10661.5  0.18238409880731643  
  10662.5  0.18239264954911866  
  10663.5  0.18240120539563645  
  10664.5  0.18240975533554066  
  10665.5  0.18241831037975695  
  10666.5  0.18242685951798873  
  10667.5  0.18243540825559784  
  10668.5  0.18244396209691402  
  10669.5  0.18245251003318877  
  10670.5  0.18246106307276735  
  10671.5  0.1824696102079331   
  10672.5  0.18247816244599951  
  10673.5  0.1824867087802814   
  10674.5  0.1824952602170609   
  10675.5  0.1825038057506841   
  10676.5  0.1825123508841911   
  10677.5  0.1825209011195913   
  10678.5  0.18252944545277697  
  10679.5  0.18253799488745298  
  10680.5  0.18254653842054214  
  10681.5  0.18255508705471893  
  10682.5  0.18256362978793628  
  10683.5  0.18257217762183864  
  10684.5  0.18258071955540883  
  10685.5  0.18258926108936832  
  10686.5  0.182597807723409    
  10687.5  0.182606348458058    
  10688.5  0.1826148942923858   
  10689.5  0.1826234342279487   
  10690.5  0.182631979262788    
  10691.5  0.18264051839948905  
  10692.5  0.18264906263506428  
  10693.5  0.18265760097312753  
  10694.5  0.18266613891208447  
  10695.5  0.18267468194931252  
  10696.5  0.18268321908996768  
  10697.5  0.18269176132849194  
  10698.5  0.1827002976710693   
  10699.5  0.1827088391111138   
  10700.5  0.18271737465583704  
  10701.5  0.18272591529762564  
  10702.5  0.18273445004471847  
  10703.5  0.1827429843932083   
  10704.5  0.18275152383816093  
  10705.5  0.18276005738935563  
  10706.5  0.18276859603661152  
  10707.5  0.18277712879073454  
  10708.5  0.18278566664051724  
  10709.5  0.1827941985977918   
  10710.5  0.18280273565032468  
  10711.5  0.18281126681097407  
  10712.5  0.18281979757352265  
  10713.5  0.18282833343072769  
  10714.5  0.18283686339698563  
  10715.5  0.18284539845749884  
  10716.5  0.18285392762768915  
  10717.5  0.18286246189173358  
  10718.5  0.18287099026607906  
  10719.5  0.18287952373387764  
  10720.5  0.18288805131260097  
  10721.5  0.1828965784937248   
  10722.5  0.18290511076770044  
  10723.5  0.18291363715353598  
  10724.5  0.18292216863182262  
  10725.5  0.18293069422259245  
  10726.5  0.18293922490541262  
  10727.5  0.18294774970133906  
  10728.5  0.18295627958891528  
  10729.5  0.18296480359022058  
  10730.5  0.1829733326827752   
  10731.5  0.18298185588968155  
  10732.5  0.18299037869959953  
  10733.5  0.18299890660016627  
  10734.5  0.18300742861601832  
  10735.5  0.18301595572211887  
  10736.5  0.18302447694412688  
  10737.5  0.18303300325598323  
  10738.5  0.18304152368436902  
  10739.5  0.18305004920220308  
  10740.5  0.18305856883718832  
  10741.5  0.1830670880756841   
  10742.5  0.1830756124030282   
  10743.5  0.18308413084845576  
  10744.5  0.1830926543823318   
  10745.5  0.1831011720349126   
  10746.5  0.18310969477554212  
  10747.5  0.1831182116354975   
  10748.5  0.18312673358310194  
  10749.5  0.18313524965065311  
  10750.5  0.18314376532221266  
  10751.5  0.18315228608082193  
  10752.5  0.1831608009603089   
  10753.5  0.1831693209264462   
  10754.5  0.18317783501408158  
  10755.5  0.1831863541879679   
  10756.5  0.1831948674839726   
  10757.5  0.18320338586582896  
  10758.5  0.18321189837042373  
  10759.5  0.18322041047952364  
  10760.5  0.18322892767387652  
  10761.5  0.1832374389918974   
  10762.5  0.18324595539477226  
  10763.5  0.1832544659219347   
  10764.5  0.18326298153355208  
  10765.5  0.18327149127007644  
  10766.5  0.18328000609065692  
  10767.5  0.18328851503676358  
  10768.5  0.18329702358787106  
  10769.5  0.18330553722243662  
  10770.5  0.1833140449834566   
  10771.5  0.183322557827536    
  10772.5  0.18333106479868858  
  10773.5  0.183339576852502    
  10774.5  0.18334808303400701  
  10775.5  0.1833565942977745   
  10776.5  0.1833650996898519   
  10777.5  0.18337360468742492  
  10778.5  0.1833821147666629   
  10779.5  0.18339061897513784  
  10780.5  0.18339912826487947  
  10781.5  0.1834076316844759   
  10782.5  0.18341614018494093  
  10783.5  0.1834246428158784   
  10784.5  0.18343315052728637  
  10785.5  0.1834416523697842   
  10786.5  0.18345015381827134  
  10787.5  0.1834586603466322   
  10788.5  0.18346716100700858  
  10789.5  0.1834756667468609   
  10790.5  0.18348416661934566  
  10791.5  0.18349267157090862  
  10792.5  0.18350117065572089  
  10793.5  0.18350967481921363  
  10794.5  0.1835181731165723   
  10795.5  0.18352667102041284  
  10796.5  0.1835351740023377   
  10797.5  0.18354367111905287  
  10798.5  0.18355217331345486  
  10799.5  0.18356066964326326  
  10800.5  0.18356916557982686  
  10801.5  0.18357766659348143  
  10802.5  0.18358616721349394  
  10803.5  0.18359466743991912  
  10804.5  0.1836031563337686   
  10805.5  0.1836116557736894   
  10806.5  0.18362015482018673  
  10807.5  0.1836286425357905   
  10808.5  0.1836371407961109   
  10809.5  0.18364563866317163  
  10810.5  0.18365413613702725  
  10811.5  0.18366262228223115  
  10812.5  0.18367111897034616  
  10813.5  0.18367961526541965  
  10814.5  0.18368810023352183  
  10815.5  0.18369659574318162  
  10816.5  0.18370509085996348  
  10817.5  0.18371358558392184  
  10818.5  0.1837220689831484   
  10819.5  0.18373056292212867  
  10820.5  0.1837390564684488   
  10821.5  0.18374754962216328  
  10822.5  0.1837560314533842   
  10823.5  0.1837645238225558   
  10824.5  0.18377301579928487  
  10825.5  0.18378149645519806  
  10826.5  0.18378998764771032  
  10827.5  0.18379847844794323  
  10828.5  0.18380696885595113  
  10829.5  0.1838154479453791   
  10830.5  0.18382393756960463  
  10831.5  0.18383242680176815  
  10832.5  0.18384090471702758  
  10833.5  0.1838493931657343   
  10834.5  0.1838578812225418   
  10835.5  0.18386636888750432  
  10836.5  0.18387484523779646  
  10837.5  0.183883332119736    
  10838.5  0.1838918186099933   
  10839.5  0.1839003047086225   
  10840.5  0.18390877949481363  
  10841.5  0.18391726481085324  
  10842.5  0.18392574973542739  
  10843.5  0.18393422334923654  
  10844.5  0.1839427074915458   
  10845.5  0.1839511912425519   
  10846.5  0.18395967460230908  
  10847.5  0.18396814665353137  
  10848.5  0.18397662923145636  
  10849.5  0.18398511141829466  
  10850.5  0.18399359321410036  
  10851.5  0.18400206370359984  
  10852.5  0.1840105447180056   
  10853.5  0.1840190253415409   
  10854.5  0.18402749466044052  
  10855.5  0.18403597450289982  
  10856.5  0.18404445395465066  
  10857.5  0.18405293301574704  
  10858.5  0.1840614007744341   
  10859.5  0.18406987905488603  
  10860.5  0.1840783569448454   
  10861.5  0.18408682353406422  
  10862.5  0.18409530064370255  
  10863.5  0.18410377736301003  
  10864.5  0.18411225369204057  
  10865.5  0.18412071872255462  
  10866.5  0.18412919427169505  
  10867.5  0.1841376694307201   
  10868.5  0.18414614419968367  
  10869.5  0.18415460767235356  
  10870.5  0.18416308166185752  
  10871.5  0.18417155526146142  
  10872.5  0.18418001756643773  
  10873.5  0.1841884903869046   
  10874.5  0.18419696281763276  
  10875.5  0.184205434858676    
  10876.5  0.18421389560731216  
  10877.5  0.18422236686964816  
  10878.5  0.1842308377424604   
  10879.5  0.18423929732452995  
  10880.5  0.18424776741895704  
  10881.5  0.18425623712402148  
  10882.5  0.1842647064397769   
  10883.5  0.1842731644670079   
  10884.5  0.18428163300480727  
  10885.5  0.18429010115345862  
  10886.5  0.18429856891301555  
  10887.5  0.18430702538626498  
  10888.5  0.1843154923682946   
  10889.5  0.18432395896139056  
  10890.5  0.1843324142698407   
  10891.5  0.18434088008573057  
  10892.5  0.18434934551284754  
  10893.5  0.18435781055124512  
  10894.5  0.18436626430721145  
  10895.5  0.18437472856883097  
  10896.5  0.18438319244189158  
  10897.5  0.184391645034181    
  10898.5  0.1844001081307843   
  10899.5  0.18440857083898915  
  10900.5  0.184417033158849    
  10901.5  0.18442548420015006  
  10902.5  0.18443394574397992  
  10903.5  0.18444240689962507  
  10904.5  0.18445086766713895  
  10905.5  0.18445931715830508  
  10906.5  0.1844677771502159   
  10907.5  0.18447623675415553  
  10908.5  0.18448468508340476  
  10909.5  0.18449314391206129  
  10910.5  0.1845016023529067   
  10911.5  0.18451006040599424  
  10912.5  0.18451850718660015  
  10913.5  0.18452696446483086  
  10914.5  0.18453542135546358  
  10915.5  0.18454387785855164  
  10916.5  0.1845523230913656   
  10917.5  0.18456077882002267  
  10918.5  0.1845692341612948   
  10919.5  0.18457767823394747  
  10920.5  0.18458613280110775  
  10921.5  0.18459458698104264  
  10922.5  0.1846030407738054   
  10923.5  0.184611483300154    
  10924.5  0.18461993631923007  
  10925.5  0.18462838895129347  
  10926.5  0.18463683031859565  
  10927.5  0.184645282177291    
  10928.5  0.184653733649133    
  10929.5  0.18466218473417478  
  10930.5  0.18467062455665836  
  10931.5  0.18467907486875662  
  10932.5  0.1846875247942138   
  10933.5  0.18469597433308307  
  10934.5  0.18470441261159587  
  10935.5  0.18471286137794574  
  10936.5  0.18472130975786666  
  10937.5  0.18472974687908147  
  10938.5  0.18473819448680082  
  10939.5  0.1847466417082502   
  10940.5  0.18475508854348263  
  10941.5  0.18476352412220842  
  10942.5  0.1847719701856627   
  10943.5  0.18478041586305882  
  10944.5  0.1847888502855969   
  10945.5  0.18479729519153215  
  10946.5  0.18480573971156797  
  10947.5  0.1848141838457572   
  10948.5  0.18482261672728564  
  10949.5  0.18483106009043682  
  10950.5  0.18483950306789995  
  10951.5  0.18484794565972792  
  10952.5  0.18485637700109106  
  10953.5  0.18486481882230338  
  10954.5  0.18487326025803888  
  10955.5  0.18488169044495553  
  10956.5  0.18489013111039188  
  10957.5  0.18489857139050977  
  10958.5  0.18490701128536194  
  10959.5  0.18491543993358897  
  10960.5  0.18492387905856367  
  10961.5  0.18493231779843083  
  10962.5  0.1849407452933171   
  10963.5  0.1849491832636228   
  10964.5  0.18495762084897902  
  10965.5  0.18496605804943836  
  10966.5  0.18497448400710834  
  10967.5  0.1849829204384273   
  10968.5  0.1849913564850073   
  10969.5  0.18499979214690104  
  10970.5  0.1850082165681956   
  10971.5  0.18501665146136959  
  10972.5  0.185025085970015    
  10973.5  0.18503350923970288  
  10974.5  0.18504194297994375  
  10975.5  0.18505037633581373  
  10976.5  0.18505880930736537  
  10977.5  0.18506723104214748  
  10978.5  0.18507566324571456  
  10979.5  0.18508409506512083  
  10980.5  0.1850925156493975   
  10981.5  0.18510094670113383  
  10982.5  0.18510937736886676  
  10983.5  0.18511780765264876  
  10984.5  0.18512622670348694  
  10985.5  0.18513465622001835  
  10986.5  0.18514308535275606  
  10987.5  0.18515151410175248  
  10988.5  0.18515993161998962  
  10989.5  0.1851683596021544   
  10990.5  0.18517678720073502  
  10991.5  0.1851852035701937   
  10992.5  0.1851936304022566   
  10993.5  0.1852020568508923   
  10994.5  0.18521048291615322  
  10995.5  0.18521889775447445  
  10996.5  0.1852273230536359   
  10997.5  0.1852357479695794   
  10998.5  0.1852441725023572   
  10999.5  0.18525258581037635  
  11000.5  0.18526100957747257  
  11001.5  0.18526943296155984  
  11002.5  0.1852778451225232   
  11003.5  0.18528626774124204  
  11004.5  0.18529468997710855  
  11005.5  0.18530311183017492  
  11006.5  0.18531152246229615  
  11007.5  0.18531994355041126  
  11008.5  0.18532836425588273  
  11009.5  0.18533677374204216  
  11010.5  0.18534519368287505  
  11011.5  0.18535361324122063  
  11012.5  0.18536203241713106  
  11013.5  0.18537044037590597  
  11014.5  0.18537885878759436  
  11015.5  0.1853872768170038   
  11016.5  0.18539569446418633  
  11017.5  0.1854041008964087   
  11018.5  0.1854125177797854   
  11019.5  0.18542093428109127  
  11020.5  0.18542933956906754  
  11021.5  0.18543775530687942  
  11022.5  0.1854461706627765   
  11023.5  0.1854545856368107   
  11024.5  0.18546298939968842  
  11025.5  0.18547140361064415  
  11026.5  0.18547981743989295  
  11027.5  0.185488220059614    
  11028.5  0.18549663312609566  
  11029.5  0.18550504581102603  
  11030.5  0.18551345811445702  
  11031.5  0.18552185921053124  
  11032.5  0.18553027075161     
  11033.5  0.18553868191134498  
  11034.5  0.18554709268978803  
  11035.5  0.18555549226304394  
  11036.5  0.18556390227954922  
  11037.5  0.18557231191491805  
  11038.5  0.185580710346726    
  11039.5  0.1855891192204676   
  11040.5  0.18559752771322813  
  11041.5  0.18560593582505924  
  11042.5  0.185614332735497    
  11043.5  0.18562274008611482  
  11044.5  0.18563114705595846  
  11045.5  0.18563954282603326  
  11046.5  0.18564794903497367  
  11047.5  0.185656354863295    
  11048.5  0.18566476031104892  
  11049.5  0.18567315456119937  
  11050.5  0.18568155924846325  
  11051.5  0.1856899635553147   
  11052.5  0.1856983674818054   
  11053.5  0.1857067602128566   
  11054.5  0.18571516337927002  
  11055.5  0.18572356616547747  
  11056.5  0.18573195775786747  
  11057.5  0.18574035978430697  
  11058.5  0.18574876143069524  
  11059.5  0.18575716269708384  
  11060.5  0.1857655527718168   
  11061.5  0.18577395327884957  
  11062.5  0.18578235340603724  
  11063.5  0.18579075315343133  
  11064.5  0.18579914171133038  
  11065.5  0.18580754069978045  
  11066.5  0.18581593930859136  
  11067.5  0.1858243267295267   
  11068.5  0.1858327245797021   
  11069.5  0.18584112205039272  
  11070.5  0.1858495191416499   
  11071.5  0.18585790504718994  
  11072.5  0.1858663013802228   
  11073.5  0.1858746973339764   
  11074.5  0.18588308210363072  
  11075.5  0.1858914772994681   
  11076.5  0.1858998721161803   
  11077.5  0.18590826655381876  
  11078.5  0.18591664980951414  
  11079.5  0.18592504348964678  
  11080.5  0.18593343679085958  
  11081.5  0.18594182971320392  
  11082.5  0.1859502114557601   
  11083.5  0.18595860362100872  
  11084.5  0.18596699540754258  
  11085.5  0.18597537601590364  
  11086.5  0.18598376704564912  
  11087.5  0.18599215769683358  
  11088.5  0.1860005479695083   
  11089.5  0.18600892706616295  
  11090.5  0.1860173165824587   
  11091.5  0.18602570572039823  
  11092.5  0.18603408368393134  
  11093.5  0.18604247206579877  
  11094.5  0.18605086006946342  
  11095.5  0.18605924769497642  
  11096.5  0.1860676241482337   
  11097.5  0.1860760110180834   
  11098.5  0.1860843975099348   
  11099.5  0.18609278362383905  
  11100.5  0.18610115856763693  
  11101.5  0.18610954392628629  
  11102.5  0.18611792890714163  
  11103.5  0.18612630271950173  
  11104.5  0.18613468694540827  
  11105.5  0.18614307079367384  
  11106.5  0.1861514542643495   
  11107.5  0.18615982656867724  
  11108.5  0.1861682092848119   
  11109.5  0.18617659162350958  
  11110.5  0.1861849627974688   
  11111.5  0.18619334438193103  
  11112.5  0.18620172558910916  
  11113.5  0.18621010641905408  
  11114.5  0.18621847608640563  
  11115.5  0.18622685616252224  
  11116.5  0.1862352358615584   
  11117.5  0.18624361518356497  
  11118.5  0.186251983345122    
  11119.5  0.18626036191370707  
  11120.5  0.1862687401054151   
  11121.5  0.18627710713828058  
  11122.5  0.18628548457687194  
  11123.5  0.1862938616387387   
  11124.5  0.18630223832393175  
  11125.5  0.18631060385242393  
  11126.5  0.18631897978490647  
  11127.5  0.18632735534086753  
  11128.5  0.18633571974173307  
  11129.5  0.186344094545288    
  11130.5  0.18635246897247368  
  11131.5  0.18636084302334088  
  11132.5  0.1863692059212521   
  11133.5  0.1863775792201187   
  11134.5  0.1863859521428188   
  11135.5  0.18639432468940326  
  11136.5  0.1864026860851701   
  11137.5  0.18641105788015902  
  11138.5  0.1864194292991842   
  11139.5  0.18642778956899456  
  11140.5  0.1864361602367278   
  11141.5  0.18644453052864915  
  11142.5  0.18645290044480917  
  11143.5  0.1864612592138906   
  11144.5  0.18646962837916323  
  11145.5  0.18647799716882624  
  11146.5  0.18648636558293022  
  11147.5  0.1864947228520906   
  11148.5  0.18650309051571134  
  11149.5  0.18651145780392464  
  11150.5  0.18651981394879455  
  11151.5  0.18652818048682743  
  11152.5  0.1865365466496043   
  11153.5  0.18654491243717566  
  11154.5  0.18655326708353653  
  11155.5  0.18656163212133103  
  11156.5  0.18656999678407135  
  11157.5  0.1865783503071998   
  11158.5  0.18658671422046563  
  11159.5  0.18659507775882847  
  11160.5  0.18660344092233877  
  11161.5  0.18661179294836794  
  11162.5  0.18662015536280666  
  11163.5  0.18662851740254388  
  11164.5  0.18663687906763005  
  11165.5  0.18664522959736457  
  11166.5  0.18665359051378166  
  11167.5  0.18666195105569858  
  11168.5  0.18667030046386004  
  11169.5  0.1866786602574095   
  11170.5  0.18668701967660972  
  11171.5  0.18669537872151093  
  11172.5  0.18670372663478407  
  11173.5  0.1867120849317197   
  11174.5  0.1867204428545071   
  11175.5  0.18672878964726095  
  11176.5  0.1867371468223839   
  11177.5  0.18674550362350922  
  11178.5  0.18675386005068711  
  11179.5  0.18676220534995674  
  11180.5  0.18677056102987147  
  11181.5  0.18677891633598928  
  11182.5  0.18678727126836028  
  11183.5  0.1867956150749471   
  11184.5  0.18680396926045584  
  11185.5  0.1868123230723682   
  11186.5  0.18682066576008832  
  11187.5  0.18682901882543884  
  11188.5  0.18683737151734317  
  11189.5  0.1868457238358514   
  11190.5  0.18685406503228938  
  11191.5  0.1868624166046361   
  11192.5  0.18687076780373676  
  11193.5  0.18687910788235768  
  11194.5  0.18688745833559675  
  11195.5  0.18689580841573988  
  11196.5  0.1869041581228371   
  11197.5  0.18691249671157428  
  11198.5  0.1869208456732095   
  11199.5  0.18692919426194868  
  11200.5  0.18693754247784172  
  11201.5  0.1869458795774934   
  11202.5  0.18695422704832376  
  11203.5  0.18696257414645778  
  11204.5  0.1869709101299384   
  11205.5  0.18697925648330896  
  11206.5  0.18698760246413285  
  11207.5  0.18699594807245987  
  11208.5  0.18700428256825002  
  11209.5  0.18701262743221223  
  11210.5  0.18702097192382722  
  11211.5  0.18702930530449163  
  11212.5  0.18703764905204054  
  11213.5  0.18704599242739156  
  11214.5  0.18705433543059446  
  11215.5  0.18706266732496124  
  11216.5  0.18707100958449616  
  11217.5  0.18707935147203233  
  11218.5  0.1870876929876194   
  11219.5  0.1870960233964835   
  11220.5  0.18710436416880033  
  11221.5  0.18711270456931722  
  11222.5  0.18712103386469509  
  11223.5  0.18712937352223966  
  11224.5  0.18713771280813343  
  11225.5  0.18714605172242607  
  11226.5  0.1871543795336907   
  11227.5  0.1871627177054081   
  11228.5  0.18717105550567326  
  11229.5  0.1871793929345358   
  11230.5  0.1871877192624803   
  11231.5  0.18719605594916433  
  11232.5  0.1872043922645946   
  11233.5  0.1872127174806882   
  11234.5  0.18722105305423725  
  11235.5  0.18722938825668117  
  11236.5  0.1872377230880695   
  11237.5  0.18724604682222898  
  11238.5  0.1872543809121322   
  11239.5  0.18726271463112842  
  11240.5  0.18727103725447566  
  11241.5  0.1872793702322836   
  11242.5  0.18728770283933296  
  11243.5  0.18729603507567325  
  11244.5  0.18730435621847027  
  11245.5  0.18731268771401777  
  11246.5  0.18732101883900448  
  11247.5  0.1873293495934799   
  11248.5  0.18733766925651654  
  11249.5  0.1873459992705943   
  11250.5  0.18735432891430895  
  11251.5  0.18736264746816222  
  11252.5  0.1873709763717753   
  11253.5  0.18737930490517332  
  11254.5  0.1873876330684057   
  11255.5  0.1873959501438791   
  11256.5  0.18740427756740444  
  11257.5  0.18741260462091203  
  11258.5  0.18742092058823656  
  11259.5  0.18742924690233273  
  11260.5  0.18743757284655907  
  11261.5  0.18744589842096487  
  11262.5  0.18745421291128792  
  11263.5  0.1874625377466762   
  11264.5  0.18747086221239165  
  11265.5  0.1874791863084835   
  11266.5  0.18748749932259176  
  11267.5  0.18749582268005965  
  11268.5  0.18750414566805162  
  11269.5  0.18751245757563334  
  11270.5  0.18752077982529625  
  11271.5  0.18752910170563067  
  11272.5  0.18753742321668573  
  11273.5  0.1875457336494277   
  11274.5  0.18755405442254672  
  11275.5  0.18756237482653376  
  11276.5  0.18757068415377956  
  11277.5  0.187579003820125    
  11278.5  0.18758732311748574  
  11279.5  0.18759564204591092  
  11280.5  0.1876039498996898   
  11281.5  0.18761226809086567  
  11282.5  0.1876205859132531   
  11283.5  0.18762890336690113  
  11284.5  0.1876372097479967   
  11285.5  0.1876455264647874   
  11286.5  0.18765384281298578  
  11287.5  0.18766214809020107  
  11288.5  0.18767046370183585  
  11289.5  0.18767877894502516  
  11290.5  0.187687093819818    
  11291.5  0.18769539762571946  
  11292.5  0.18770371176434011  
  11293.5  0.18771202553471106  
  11294.5  0.18772033893688117  
  11295.5  0.18772864127225053  
  11296.5  0.1877369539386395   
  11297.5  0.18774526623697438  
  11298.5  0.18775356747007546  
  11299.5  0.1877618790329222   
  11300.5  0.18777019022786137  
  11301.5  0.18777850105494182  
  11302.5  0.18778680081887691  
  11303.5  0.1877951109108597   
  11304.5  0.18780342063513014  
  11305.5  0.18781171929782073  
  11306.5  0.18782002828728608  
  11307.5  0.18782833690918543  
  11308.5  0.18783664516356763  
  11309.5  0.18784494235845636  
  11310.5  0.18785324987842328  
  11311.5  0.18786155703101914  
  11312.5  0.18786986381629278  
  11313.5  0.18787815954415824  
  11314.5  0.1878864655954061   
  11315.5  0.18789477127947773  
  11316.5  0.1879030659077042   
  11317.5  0.1879113708580419   
  11318.5  0.18791967544134944  
  11319.5  0.18792797965767533  
  11320.5  0.18793627282023928  
  11321.5  0.18794457630322017  
  11322.5  0.18795287941936534  
  11323.5  0.18796117148330999  
  11324.5  0.1879694738664015   
  11325.5  0.18797777588280304  
  11326.5  0.18798607753256322  
  11327.5  0.18799436813220405  
  11328.5  0.18800266904929883  
  11329.5  0.18801096959989788  
  11330.5  0.18801926978404968  
  11331.5  0.18802755892016212  
  11332.5  0.1880358583720365   
  11333.5  0.18804415745760916  
  11334.5  0.1880524454967015   
  11335.5  0.18806074385028743  
  11336.5  0.18806904183771703  
  11337.5  0.18807733945903876  
  11338.5  0.18808562603595808  
  11339.5  0.18809392292568042  
  11340.5  0.18810221944944017  
  11341.5  0.188110504930355    
  11342.5  0.18811880072280562  
  11343.5  0.18812709614943882  
  11344.5  0.18813539121030295  
  11345.5  0.18814367523039807  
  11346.5  0.18815196956033983  
  11347.5  0.18816026352465756  
  11348.5  0.18816855712339967  
  11349.5  0.18817683968344748  
  11350.5  0.1881851325516536   
  11351.5  0.18819342505442896  
  11352.5  0.18820170652006518  
  11353.5  0.18820999829259413  
  11354.5  0.18821828969983714  
  11355.5  0.18822658074184248  
  11356.5  0.1882348607487814   
  11357.5  0.18824315106092615  
  11358.5  0.18825144100797794  
  11359.5  0.18825971992151685  
  11360.5  0.18826800913899716  
  11361.5  0.18827629799152906  
  11362.5  0.1882845864791608   
  11363.5  0.18829286393535036  
  11364.5  0.1883011516937958   
  11365.5  0.18830943908748557  
  11366.5  0.18831772611646777  
  11367.5  0.1883260021160773   
  11368.5  0.18833428841625807  
  11369.5  0.18834257435187568  
  11370.5  0.18835084925967177  
  11371.5  0.18835913446677635  
  11372.5  0.188367419309462    
  11373.5  0.18837570378777674  
  11374.5  0.18838397724033745  
  11375.5  0.18839226099052347  
  11376.5  0.18840054437648276  
  11377.5  0.18840882739826334  
  11378.5  0.1884170993963562   
  11379.5  0.188425381690392    
  11380.5  0.18843366362039307  
  11381.5  0.1884419345282552   
  11382.5  0.1884502157307992   
  11383.5  0.18845849656945238  
  11384.5  0.1884667770442627   
  11385.5  0.18847504649899838  
  11386.5  0.188483326246735    
  11387.5  0.18849160563077255  
  11388.5  0.1884998739962827   
  11389.5  0.18850815265353377  
  11390.5  0.18851643094722945  
  11391.5  0.18852470887741762  
  11392.5  0.1885329757911407   
  11393.5  0.18854125299492516  
  11394.5  0.1885495298353457   
  11395.5  0.1885578063124501   
  11396.5  0.18856607177515053  
  11397.5  0.1885743475262337   
  11398.5  0.18858262291414418  
  11399.5  0.1885908872891956   
  11400.5  0.18859916195137139  
  11401.5  0.18860743625051785  
  11402.5  0.1886157101866827   
  11403.5  0.18862397311204762  
  11404.5  0.18863224632285963  
  11405.5  0.18864051917083333  
  11406.5  0.18864878100955043  
  11407.5  0.1886570531324574   
  11408.5  0.1886653248926691   
  11409.5  0.18867359629023325  
  11410.5  0.18868185668059792  
  11411.5  0.18869012735347662  
  11412.5  0.18869839766385077  
  11413.5  0.18870666761176805  
  11414.5  0.18871492655454175  
  11415.5  0.18872319577815447  
  11416.5  0.18873146463945314  
  11417.5  0.18873972249714932  
  11418.5  0.18874799063442893  
  11419.5  0.18875625840953725  
  11420.5  0.1887645258225219   
  11421.5  0.188772782233958    
  11422.5  0.18878104892330388  
  11423.5  0.18878931525066875  
  11424.5  0.18879757057802457  
  11425.5  0.18880583618203572  
  11426.5  0.18881410142420835  
  11427.5  0.18882236630459     
  11428.5  0.18883062018701455  
  11429.5  0.18883888434442225  
  11430.5  0.18884714814018141  
  11431.5  0.1888554115743395   
  11432.5  0.18886366401259122  
  11433.5  0.18887192672415473  
  11434.5  0.18888018907425946  
  11435.5  0.18888844042999506  
  11436.5  0.18889670205778958  
  11437.5  0.18890496332426754  
  11438.5  0.18891322422947632  
  11439.5  0.18892147414236468  
  11440.5  0.1889297343256421   
  11441.5  0.18893799414779242  
  11442.5  0.18894625360886302  
  11443.5  0.18895450207966086  
  11444.5  0.1889627608191786   
  11445.5  0.18897101919775855  
  11446.5  0.1889792665876006   
  11447.5  0.18898752424491133  
  11448.5  0.18899578154142616  
  11449.5  0.18900403847719238  
  11450.5  0.1890122844262663   
  11451.5  0.18902054064114124  
  11452.5  0.18902879649540932  
  11453.5  0.18903704136451843  
  11454.5  0.1890452964981784   
  11455.5  0.18905355127137313  
  11456.5  0.1890618056841499   
  11457.5  0.18907004911381134  
  11458.5  0.18907830280635737  
  11459.5  0.18908655613862688  
  11460.5  0.18909480911066714  
  11461.5  0.18910305110163456  
  11462.5  0.18911130335382112  
  11463.5  0.18911955524591972  
  11464.5  0.18912779615847658  
  11465.5  0.18913604733100406  
  11466.5  0.18914429814358494  
  11467.5  0.18915254859626626  
  11468.5  0.18916078807144637  
  11469.5  0.18916903780493305  
  11470.5  0.1891772871786614   
  11471.5  0.189185525576418    
  11472.5  0.18919377423123374  
  11473.5  0.18920202252643226  
  11474.5  0.18921027046206057  
  11475.5  0.18921850742375568  
  11476.5  0.1892267546408473   
  11477.5  0.1892350014985097   
  11478.5  0.18924324799678982  
  11479.5  0.1892514835231742   
  11480.5  0.18925972930329318  
  11481.5  0.18926797472417076  
  11482.5  0.18927620917467977  
  11483.5  0.1892844538776776   
  11484.5  0.18929269822157482  
  11485.5  0.18930094220641833  
  11486.5  0.18930917522292867  
  11487.5  0.1893174184902674   
  11488.5  0.18932566139869308  
  11489.5  0.18933389334031125  
  11490.5  0.18934213553151313  
  11491.5  0.1893503773639425   
  11492.5  0.18935861883764615  
  11493.5  0.18936684934657583  
  11494.5  0.18937509010343012  
  11495.5  0.18938333050169917  
  11496.5  0.18939157054142972  
  11497.5  0.18939979961841863  
  11498.5  0.18940803894167393  
  11499.5  0.18941627790653104  
  11500.5  0.18942450591016985  
  11501.5  0.18943274415883204  
  11502.5  0.18944098204923626  
  11503.5  0.18944921958142924  
  11504.5  0.18945744615443427  
  11505.5  0.18946568297080582  
  11506.5  0.1894739194291062   
  11507.5  0.18948214492974058  
  11508.5  0.18949038067249946  
  11509.5  0.18949861605732715  
  11510.5  0.18950685108427034  
  11511.5  0.18951507515557597  
  11512.5  0.18952330946735058  
  11513.5  0.18953154342138057  
  11514.5  0.1895397770177126   
  11515.5  0.18954799966043426  
  11516.5  0.1895562325419703   
  11517.5  0.1895644650659481   
  11518.5  0.18957268663783514  
  11519.5  0.18958091844729622  
  11520.5  0.18958914989933867  
  11521.5  0.1895973809940091   
  11522.5  0.1896056011386141   
  11523.5  0.18961383151913988  
  11524.5  0.18962206154243313  
  11525.5  0.18963029120854039  
  11526.5  0.1896385099266064   
  11527.5  0.18964673887894076  
  11528.5  0.18965496747422853  
  11529.5  0.18966318512299232  
  11530.5  0.1896714130047857   
  11531.5  0.18967964052967184  
  11532.5  0.1896878676976972   
  11533.5  0.18969608392122078  
  11534.5  0.18970431037612293  
  11535.5  0.18971253647430344  
  11536.5  0.18972075162949806  
  11537.5  0.18972897701483352  
  11538.5  0.18973720204358652  
  11539.5  0.18974542671580336  
  11540.5  0.1897536404470546   
  11541.5  0.18976186440679702  
  11542.5  0.1897700880101423   
  11543.5  0.18977831125713676  
  11544.5  0.18978652356518486  
  11545.5  0.18979474610007516  
  11546.5  0.18980296827875356  
  11547.5  0.18981117951999907  
  11548.5  0.1898194009868508   
  11549.5  0.18982762209762938  
  11550.5  0.1898358428523811   
  11551.5  0.1898440526717171   
  11552.5  0.18985227271501187  
  11553.5  0.18986049240241837  
  11554.5  0.18986870115592128  
  11555.5  0.18987692013214794  
  11556.5  0.18988513875262492  
  11557.5  0.18989335701739848  
  11558.5  0.18990156435028369  
  11559.5  0.1899097819042465   
  11560.5  0.1899179991026443   
  11561.5  0.18992621594552328  
  11562.5  0.18993442185852813  
  11563.5  0.18994263799096522  
  11564.5  0.1899508537680218   
  11565.5  0.18995905861671397  
  11566.5  0.18996727368360508  
  11567.5  0.18997548839525388  
  11568.5  0.18998370275170653  
  11569.5  0.189991906181807    
  11570.5  0.19000011982846243  
  11571.5  0.19000833312005982  
  11572.5  0.19001653548681338  
  11573.5  0.19002474806888955  
  11574.5  0.1900329602960457   
  11575.5  0.1900411721683278   
  11576.5  0.19004937311777642  
  11577.5  0.19005758428090505  
  11578.5  0.1900657950892976   
  11579.5  0.19007400554300002  
  11580.5  0.19008220507587809  
  11581.5  0.19009041482079447  
  11582.5  0.1900986242111585   
  11583.5  0.1901068226822042   
  11584.5  0.1901150313640575   
  11585.5  0.19012323969149617  
  11586.5  0.1901314476645661   
  11587.5  0.190139644720325    
  11588.5  0.19014785198525108  
  11589.5  0.190156058895946    
  11590.5  0.19016426545245566  
  11591.5  0.19017246109366046  
  11592.5  0.1901806669423928   
  11593.5  0.19018887243707733  
  11594.5  0.19019706701796074  
  11595.5  0.19020527180514263  
  11596.5  0.1902134762384141   
  11597.5  0.1902216803178209   
  11598.5  0.19022987348543088  
  11599.5  0.19023807685770106  
  11600.5  0.19024627987624385  
  11601.5  0.19025447198449208  
  11602.5  0.19026267429617252  
  11603.5  0.1902708762542627   
  11604.5  0.19027907785880846  
  11605.5  0.19028726855506195  
  11606.5  0.19029546945311074  
  11607.5  0.1903036699977521   
  11608.5  0.19031187018903176  
  11609.5  0.19032005947402036  
  11610.5  0.19032825895916822  
  11611.5  0.1903364580910912   
  11612.5  0.19034464631822326  
  11613.5  0.19035284474428807  
  11614.5  0.19036104281726493  
  11615.5  0.19036924053719947  
  11616.5  0.19037742735434232  
  11617.5  0.19038562436878323  
  11618.5  0.19039382103031854  
  11619.5  0.19040200679056074  
  11620.5  0.19041020274687562  
  11621.5  0.1904183983504215   
  11622.5  0.190426593601244    
  11623.5  0.19043477795277083  
  11624.5  0.1904429724987369   
  11625.5  0.19045116669211612  
  11626.5  0.19045936053295395  
  11627.5  0.1904675434764924   
  11628.5  0.1904757366128375   
  11629.5  0.1904839293967777   
  11630.5  0.19049211128491478  
  11631.5  0.19050030336463483  
  11632.5  0.1905084950920862   
  11633.5  0.1905166864673144   
  11634.5  0.19052486694873388  
  11635.5  0.19053305762010508  
  11636.5  0.19054124793938929  
  11637.5  0.1905494273663597   
  11638.5  0.19055761698205909  
  11639.5  0.19056580624580757  
  11640.5  0.19057399515765053  
  11641.5  0.1905821731791722   
  11642.5  0.19059036138779295  
  11643.5  0.19059854924464417  
  11644.5  0.19060673674977122  
  11645.5  0.19061491336656838  
  11646.5  0.19062310016883552  
  11647.5  0.1906312866195144   
  11648.5  0.190639462183356    
  11649.5  0.19064764793144645  
  11650.5  0.19065583332808436  
  11651.5  0.19066401837331506  
  11652.5  0.19067219253369802  
  11653.5  0.19068037687670208  
  11654.5  0.19068856086843458  
  11655.5  0.19069673397681056  
  11656.5  0.1907049172665875   
  11657.5  0.1907131002052285   
  11658.5  0.1907212827927787   
  11659.5  0.19072945449895995  
  11660.5  0.19073763638491584  
  11661.5  0.19074581791991643  
  11662.5  0.19075399910400684  
  11663.5  0.19076216940871485  
  11664.5  0.19077034989157188  
  11665.5  0.19077853002365414  
  11666.5  0.19078669927784295  
  11667.5  0.19079487870896225  
  11668.5  0.190803057789442    
  11669.5  0.19081123651932735  
  11670.5  0.19081940437330389  
  11671.5  0.19082758240258665  
  11672.5  0.19083576008141012  
  11673.5  0.1908439374098194   
  11674.5  0.1908521038643034   
  11675.5  0.19086028049247017  
  11676.5  0.19086845677035774  
  11677.5  0.1908766221758068   
  11678.5  0.1908847977537217   
  11679.5  0.19089297298149235  
  11680.5  0.19090114785916373  
  11681.5  0.19090931186637827  
  11682.5  0.19091748604443654  
  11683.5  0.19092565987253038  
  11684.5  0.1909338228316527   
  11685.5  0.19094199596040276  
  11686.5  0.19095016873932322  
  11687.5  0.1909583411684589   
  11688.5  0.19096650273060278  
  11689.5  0.1909746744607537   
  11690.5  0.1909828458412545   
  11691.5  0.1909910168721501   
  11692.5  0.19099917703803257  
  11693.5  0.1910073473703021   
  11694.5  0.19101551735310085  
  11695.5  0.19102367647236967  
  11696.5  0.19103184575681115  
  11697.5  0.1910400146919164   
  11698.5  0.19104818327773013  
  11699.5  0.19105634100199068  
  11700.5  0.19106450888980528  
  11701.5  0.1910726764284627   
  11702.5  0.19108083310704868  
  11703.5  0.19108899994797535  
  11704.5  0.1910971664398791   
  11705.5  0.1911053325828047   
  11706.5  0.19111348786763369  
  11707.5  0.19112165331318615  
  11708.5  0.19112981840989451  
  11709.5  0.1911379831578035   
  11710.5  0.1911461370495898   
  11711.5  0.19115430110048295  
  11712.5  0.19116246480271076  
  11713.5  0.19117061765029533  
  11714.5  0.19117878065577504  
  11715.5  0.19118694331272332  
  11716.5  0.1911951056211848   
  11717.5  0.19120325707697503  
  11718.5  0.19121141868904518  
  11719.5  0.19121957995276234  
  11720.5  0.1912277303652863   
  11721.5  0.1912358909328795   
  11722.5  0.19124405115225343  
  11723.5  0.19125221102345263  
  11724.5  0.19126036004542873  
  11725.5  0.1912685192208602   
  11726.5  0.19127667804825058  
  11727.5  0.1912848365276444   
  11728.5  0.1912929841597841   
  11729.5  0.19130114194376613  
  11730.5  0.19130929937988506  
  11731.5  0.1913174459702258   
  11732.5  0.19132560271119964  
  11733.5  0.19133375910444383  
  11734.5  0.1913419151500028   
  11735.5  0.19135006035175073  
  11736.5  0.19135821570252004  
  11737.5  0.19136637070573745  
  11738.5  0.19137452536144736  
  11739.5  0.19138266917531233  
  11740.5  0.19139082313658765  
  11741.5  0.1913989767504887   
  11742.5  0.19140711952401845  
  11743.5  0.191415272443751    
  11744.5  0.19142342501624238  
  11745.5  0.19143157724153687  
  11746.5  0.1914397186284243   
  11747.5  0.1914478701599049   
  11748.5  0.19145602134432163  
  11749.5  0.19146416169180364  
  11750.5  0.19147231218267216  
  11751.5  0.19148046232660967  
  11752.5  0.19148861212366058  
  11753.5  0.19149675108573908  
  11754.5  0.1915049001895958   
  11755.5  0.19151304894669863  
  11756.5  0.19152119735709183  
  11757.5  0.19152933493447394  
  11758.5  0.19153748265202672  
  11759.5  0.1915456300230025   
  11760.5  0.19155376656243736  
  11761.5  0.19156191324083785  
  11762.5  0.1915700595727939   
  11763.5  0.19157820555834987  
  11764.5  0.19158634071432423  
  11765.5  0.19159448600765802  
  11766.5  0.19160263095472413  
  11767.5  0.19161076507367739  
  11768.5  0.19161890932878603  
  11769.5  0.19162705323775933  
  11770.5  0.19163519680064145  
  11771.5  0.19164332953736837  
  11772.5  0.19165147240864575  
  11773.5  0.1916596149339642   
  11774.5  0.19166775711336786  
  11775.5  0.19167588846857278  
  11776.5  0.19168402995672404  
  11777.5  0.19169217109909267  
  11778.5  0.19170030141872912  
  11779.5  0.19170844187010944  
  11780.5  0.1917165819758392   
  11781.5  0.1917247217359624   
  11782.5  0.1917328506753081   
  11783.5  0.19174098974479487  
  11784.5  0.191749128468807    
  11785.5  0.19175725637350685  
  11786.5  0.19176539440714627  
  11787.5  0.191773532095443    
  11788.5  0.19178166943844097  
  11789.5  0.1917897959640794   
  11790.5  0.19179793261705602  
  11791.5  0.1918060689248656   
  11792.5  0.19181420488755213  
  11793.5  0.19182233003483096  
  11794.5  0.19183046530784714  
  11795.5  0.1918386002358719   
  11796.5  0.19184672434995198  
  11797.5  0.1918548585885695   
  11798.5  0.19186299248232716  
  11799.5  0.19187112603126885  
  11800.5  0.1918792487682158   
  11801.5  0.19188738162810073  
  11802.5  0.1918955141433012   
  11803.5  0.19190363584796846  
  11804.5  0.19191176767437484  
  11805.5  0.1919198991562281   
  11806.5  0.191928030293572    
  11807.5  0.19193615062233085  
  11808.5  0.1919442810712307   
  11809.5  0.19195241117575249  
  11810.5  0.19196054093593995  
  11811.5  0.19196865988948944  
  11812.5  0.19197678896158255  
  11813.5  0.1919849176894725   
  11814.5  0.1919930356121839   
  11815.5  0.19200116365224157  
  11816.5  0.19200929134822717  
  11817.5  0.19201741870018438  
  11818.5  0.19202553524890825  
  11819.5  0.19203366191338236  
  11820.5  0.19204178823395904  
  11821.5  0.19204991421068196  
  11822.5  0.1920580293861157   
  11823.5  0.19206615467570443  
  11824.5  0.19207427962157025  
  11825.5  0.19208239376760416  
  11826.5  0.1920905180265972   
  11827.5  0.19209864194199816  
  11828.5  0.1921067655138505   
  11829.5  0.1921148782878133   
  11830.5  0.19212300117314132  
  11831.5  0.19213112371505142  
  11832.5  0.19213923546052789  
  11833.5  0.1921473573161747   
  11834.5  0.19215547882853418  
  11835.5  0.19216359999764987  
  11836.5  0.19217171037227243  
  11837.5  0.1921798308554727   
  11838.5  0.1921879509955596   
  11839.5  0.19219607079257672  
  11840.5  0.19220417979704016  
  11841.5  0.1922122989084894   
  11842.5  0.19222041767699918  
  11843.5  0.192228525654409    
  11844.5  0.1922366437376114   
  11845.5  0.19224476147800454  
  11846.5  0.19225287887563192  
  11847.5  0.19226098548409704  
  11848.5  0.1922691021967641   
  11849.5  0.1922772185667955   
  11850.5  0.19228532414911706  
  11851.5  0.19229343983444822  
  11852.5  0.19230155517727385  
  11853.5  0.19230967017763728  
  11854.5  0.19231777439222672  
  11855.5  0.19232588870823644  
  11856.5  0.19233400268191397  
  11857.5  0.19234211631330259  
  11858.5  0.19235021916085202  
  11859.5  0.1923583321082332   
  11860.5  0.19236644471345535  
  11861.5  0.19237454653628855  
  11862.5  0.19238265845776273  
  11863.5  0.19239077003720767  
  11864.5  0.19239888127466662  
  11865.5  0.1924069817316696   
  11866.5  0.19241509228572629  
  11867.5  0.1924232024979267   
  11868.5  0.19243130193112004  
  11869.5  0.19243941146017732  
  11870.5  0.19244752064750784  
  11871.5  0.19245562949315484  
  11872.5  0.19246372756172597  
  11873.5  0.19247183572457505  
  11874.5  0.19247994354587009  
  11875.5  0.19248805102565428  
  11876.5  0.19249614773029267  
  11877.5  0.19250425452762385  
  11878.5  0.19251236098357352  
  11879.5  0.19252045666582424  
  11880.5  0.19252856243957944  
  11881.5  0.19253666787208243  
  11882.5  0.19254477296337627  
  11883.5  0.19255286728289947  
  11884.5  0.19256097169234326  
  11885.5  0.19256907576070711  
  11886.5  0.19257716905874575  
  11887.5  0.1925852724455177   
  11888.5  0.1925933754913388   
  11889.5  0.19260147819625204  
  11890.5  0.19260957013276656  
  11891.5  0.19261767215643183  
  11892.5  0.19262577383931828  
  11893.5  0.19263387518146888  
  11894.5  0.19264196575714623  
  11895.5  0.19265006641839252  
  11896.5  0.19265816673903183  
  11897.5  0.19266625629464118  
  11898.5  0.19267435593463364  
  11899.5  0.19268245523414798  
  11900.5  0.19269055419322703  
  11901.5  0.1926986423891999   
  11902.5  0.1927067406679753   
  11903.5  0.19271483860644414  
  11904.5  0.1927229362046494   
  11905.5  0.19273102304167103  
  11906.5  0.1927391199599154   
  11907.5  0.19274721653802476  
  11908.5  0.19275530235639168  
  11909.5  0.1927633982547971   
  11910.5  0.19277149381319597  
  11911.5  0.19277958903163112  
  11912.5  0.19278767349224474  
  11913.5  0.19279576803131832  
  11914.5  0.19280386223055657  
  11915.5  0.19281194567341314  
  11916.5  0.19282003919354637  
  11917.5  0.1928281323739726   
  11918.5  0.19283622521473456  
  11919.5  0.1928443073010339   
  11920.5  0.1928523994630327   
  11921.5  0.19286049128549548  
  11922.5  0.19286858276846494  
  11923.5  0.19287666349888985  
  11924.5  0.19288475430343768  
  11925.5  0.19289284476862034  
  11926.5  0.19290092448269616  
  11927.5  0.1929090142697131   
  11928.5  0.1929171037174929   
  11929.5  0.19292519282607817  
  11930.5  0.1929332711854729   
  11931.5  0.19294135961623357  
  11932.5  0.1929494477079276   
  11933.5  0.1929575250518675   
  11934.5  0.19296561246599253  
  11935.5  0.19297369954117877  
  11936.5  0.1929817862774689   
  11937.5  0.19298986226791928  
  11938.5  0.19299794832698092  
  11939.5  0.1930060340472741   
  11940.5  0.19301411942884145  
  11941.5  0.19302219406648252  
  11942.5  0.19303027877116163  
  11943.5  0.1930383631372425   
  11944.5  0.19304643676083147  
  11945.5  0.1930545204502791   
  11946.5  0.19306260380125606  
  11947.5  0.19307068681380482  
  11948.5  0.1930787590857733   
  11949.5  0.1930868414220286   
  11950.5  0.19309492341998316  
  11951.5  0.19310299467879036  
  11952.5  0.19311107600070604  
  11953.5  0.19311915698444834  
  11954.5  0.19312723763005968  
  11955.5  0.19313530753843358  
  11956.5  0.19314338750834534  
  11957.5  0.19315146714025339  
  11958.5  0.19315954643420014  
  11959.5  0.19316761499281834  
  11960.5  0.19317569361140452  
  11961.5  0.19318377189215655  
  11962.5  0.19319183943901086  
  11963.5  0.19319991704465633  
  11964.5  0.1932079943125947   
  11965.5  0.1932160712428683   
  11966.5  0.19322413744115133  
  11967.5  0.19323221369665688  
  11968.5  0.19324028961462464  
  11969.5  0.19324836519509692  
  11970.5  0.1932564300454847   
  11971.5  0.19326450495152714  
  11972.5  0.19327257952020094  
  11973.5  0.19328064336021902  
  11974.5  0.1932887172547164   
  11975.5  0.19329679081197193  
  11976.5  0.19330486403202787  
  11977.5  0.19331292652533238  
  11978.5  0.19332099907154965  
  11979.5  0.1933290712806939   
  11980.5  0.19333713276451425  
  11981.5  0.19334520430007293  
  11982.5  0.19335327549868525  
  11983.5  0.1933613463603934   
  11984.5  0.19336940649868012  
  11985.5  0.19337747668713987  
  11986.5  0.19338554653882195  
  11987.5  0.19339361605376845  
  11988.5  0.1934016748471951   
  11989.5  0.19340974368923017  
  11990.5  0.1934178121946561   
  11991.5  0.1934258699799875   
  11992.5  0.19343393781275448  
  11993.5  0.19344200530903857  
  11994.5  0.19345007246888185  
  11995.5  0.19345812891053044  
  11996.5  0.19346619539805124  
  11997.5  0.19347426154925748  
  11998.5  0.193482316983693    
  11999.5  0.19349038246282887  
  12000.5  0.19349844760577625  
  12001.5  0.19350651241257716  
  12002.5  0.1935145665045054   
  12003.5  0.19352263063957192  
  12004.5  0.193530694438618    
  12005.5  0.19353875790168557  
  12006.5  0.19354681065177756  
  12007.5  0.19355487344344646  
  12008.5  0.19356293589926277  
  12009.5  0.19357098764352546  
  12010.5  0.19357904942819462  
  12011.5  0.19358711087713706  
  12012.5  0.19359517199039467  
  12013.5  0.1936032223939939   
  12014.5  0.19361128283643958  
  12015.5  0.19361934294332617  
  12016.5  0.19362739234197499  
  12017.5  0.1936354517783008   
  12018.5  0.19364351087919315  
  12019.5  0.1936515696446939   
  12020.5  0.19365961770385046  
  12021.5  0.19366767579912514  
  12022.5  0.19367573355913378  
  12023.5  0.19368379098391822  
  12024.5  0.19369183770425094  
  12025.5  0.19369989445914376  
  12026.5  0.19370795087893777  
  12027.5  0.1937159965956987   
  12028.5  0.19372405234585166  
  12029.5  0.19373210776103122  
  12030.5  0.19374016284127912  
  12031.5  0.1937482072203847   
  12032.5  0.19375626163132553  
  12033.5  0.19376431570745992  
  12034.5  0.19377235908386928  
  12035.5  0.19378041249094688  
  12036.5  0.1937884655633432   
  12037.5  0.19379651830109998  
  12038.5  0.19380456034102078  
  12039.5  0.1938126124100542   
  12040.5  0.19382066414457316  
  12041.5  0.19382871554461936  
  12042.5  0.19383675624871757  
  12043.5  0.19384480698037357  
  12044.5  0.19385285737768174  
  12045.5  0.19386089708045715  
  12046.5  0.1938689468096248   
  12047.5  0.19387699620456952  
  12048.5  0.19388504526533293  
  12049.5  0.19389308363344987  
  12050.5  0.19390113202640544  
  12051.5  0.19390918008530453  
  12052.5  0.19391722781018864  
  12053.5  0.19392526484431152  
  12054.5  0.19393331190172025  
  12055.5  0.1939413586252387   
  12056.5  0.19394939465940908  
  12057.5  0.19395744071570123  
  12058.5  0.1939654864382277   
  12059.5  0.19397353182703     
  12060.5  0.19398156652836787  
  12061.5  0.1939896112502758   
  12062.5  0.19399765563858415  
  12063.5  0.19400568934083984  
  12064.5  0.19401373306250252  
  12065.5  0.19402177645069002  
  12066.5  0.1940298195054437   
  12067.5  0.1940378518760266   
  12068.5  0.19404589426446617  
  12069.5  0.19405393631959622  
  12070.5  0.19406197804145833  
  12071.5  0.19407000908103042  
  12072.5  0.1940780501369095   
  12073.5  0.19408609085964482  
  12074.5  0.19409412090149994  
  12075.5  0.19410216095850044  
  12076.5  0.19411020068248128  
  12077.5  0.1941182400734838   
  12078.5  0.19412626878548525  
  12079.5  0.19413430751108368  
  12080.5  0.1941423459038278   
  12081.5  0.19415037361897947  
  12082.5  0.19415841134656733  
  12083.5  0.1941664487414249   
  12084.5  0.19417448580359345  
  12085.5  0.19418251219004687  
  12086.5  0.19419054858738938  
  12087.5  0.19419858465216674  
  12088.5  0.19420662038442021  
  12089.5  0.19421464544283493  
  12090.5  0.1942226805105923   
  12091.5  0.1942307152459496   
  12092.5  0.19423873930887456  
  12093.5  0.194246773379983    
  12094.5  0.194254807118815    
  12095.5  0.19426284052541168  
  12096.5  0.19427086326145082  
  12097.5  0.19427889600412818  
  12098.5  0.1942869284146939   
  12099.5  0.19429495015610715  
  12100.5  0.1943029819030004   
  12101.5  0.19431101331790548  
  12102.5  0.19431904440086353  
  12103.5  0.1943270648165421   
  12104.5  0.19433509523615666  
  12105.5  0.19434312532394765  
  12106.5  0.19435115507995612  
  12107.5  0.19435917417055706  
  12108.5  0.1943672032635508   
  12109.5  0.19437523202488532  
  12110.5  0.1943832501222155   
  12111.5  0.19439127822078162  
  12112.5  0.19439930598781177  
  12113.5  0.19440733342334698  
  12114.5  0.19441535019674802  
  12115.5  0.1944233769698431   
  12116.5  0.1944314034115663   
  12117.5  0.1944394295219588   
  12118.5  0.19444744497208638  
  12119.5  0.19445547042036668  
  12120.5  0.1944634955374392   
  12121.5  0.19447150999564797  
  12122.5  0.19447953445085409  
  12123.5  0.1944875585749754   
  12124.5  0.19449558236805284  
  12125.5  0.19450359550413404  
  12126.5  0.1945116186356726   
  12127.5  0.1945196414362901   
  12128.5  0.1945276535813113   
  12129.5  0.1945356757206353   
  12130.5  0.19454369752916106  
  12131.5  0.1945517190069295   
  12132.5  0.19455972983096742  
  12133.5  0.19456775064776938  
  12134.5  0.19457577113393668  
  12135.5  0.19458379128951014  
  12136.5  0.19459180079321797  
  12137.5  0.19459982028815176  
  12138.5  0.19460783945261426  
  12139.5  0.194615847966609    
  12140.5  0.19462386647067673  
  12141.5  0.19463188464439568  
  12142.5  0.19463990248780663  
  12143.5  0.19464790968261297  
  12144.5  0.19465592686595545  
  12145.5  0.1946639437191123   
  12146.5  0.19467194992506112  
  12147.5  0.194679966118394    
  12148.5  0.19468798198166362  
  12149.5  0.19469599751491068  
  12150.5  0.19470400240281116  
  12151.5  0.19471201727656007  
  12152.5  0.19472003182040865  
  12153.5  0.19472804603439767  
  12154.5  0.1947360496049005   
  12155.5  0.19474406315971693  
  12156.5  0.19475207638479583  
  12157.5  0.19476007896778316  
  12158.5  0.1947680915339334   
  12159.5  0.1947761037704682   
  12160.5  0.1947841156774282   
  12161.5  0.19479211694415538  
  12162.5  0.19480012819251186  
  12163.5  0.19480813911141542  
  12164.5  0.1948161393914795   
  12165.5  0.1948241496520231   
  12166.5  0.19483215958323571  
  12167.5  0.19484016918515795  
  12168.5  0.19484816815009767  
  12169.5  0.1948561770939846   
  12170.5  0.19486418570870281  
  12171.5  0.19487219399429295  
  12172.5  0.19488019164475678  
  12173.5  0.19488819927263595  
  12174.5  0.19489620657150872  
  12175.5  0.19490420323664645  
  12176.5  0.19491220987805127  
  12177.5  0.1949202161905713   
  12178.5  0.19492822217424696  
  12179.5  0.194936217526042    
  12180.5  0.19494422285257365  
  12181.5  0.19495222785038244  
  12182.5  0.19496022221770062  
  12183.5  0.19496822655860813  
  12184.5  0.19497623057091418  
  12185.5  0.19498423425465922  
  12186.5  0.1949922273097664   
  12187.5  0.19500023033693353  
  12188.5  0.19500823303566103  
  12189.5  0.19501623540598925  
  12190.5  0.19502422714953133  
  12191.5  0.1950322288636048   
  12192.5  0.19504023024940026  
  12193.5  0.19504822100979757  
  12194.5  0.19505622173958045  
  12195.5  0.19506422214120636  
  12196.5  0.19507222221471576  
  12197.5  0.19508021166467712  
  12198.5  0.19508821108249663  
  12199.5  0.19509621017232062  
  12200.5  0.1951042089341894   
  12201.5  0.19511219707435928  
  12202.5  0.19512019518086063  
  12203.5  0.1951281929595277   
  12204.5  0.19513618011788192  
  12205.5  0.1951441772414232   
  12206.5  0.19515217403725107  
  12207.5  0.19516017050540582  
  12208.5  0.1951681563550951   
  12209.5  0.195176152168446    
  12210.5  0.1951841476542445   
  12211.5  0.19519213252296236  
  12212.5  0.19520012735419828  
  12213.5  0.19520812185800251  
  12214.5  0.19521611603441533  
  12215.5  0.19522409959559317  
  12216.5  0.19523209311776488  
  12217.5  0.19524008631266568  
  12218.5  0.19524807918033582  
  12219.5  0.1952560614346158   
  12220.5  0.1952640536483661   
  12221.5  0.19527204553500618  
  12222.5  0.19528002680963896  
  12223.5  0.19528801804259996  
  12224.5  0.19529600894857116  
  12225.5  0.19530399952759267  
  12226.5  0.19531197949645     
  12227.5  0.19531996942211322  
  12228.5  0.19532795902094705  
  12229.5  0.19533593801099824  
  12230.5  0.19534392695671418  
  12231.5  0.19535191557572099  
  12232.5  0.19535990386805877  
  12233.5  0.1953678815534553   
  12234.5  0.19537586919299543  
  12235.5  0.19538385650598672  
  12236.5  0.1953918434924691   
  12237.5  0.19539981987385074  
  12238.5  0.1954078062078556   
  12239.5  0.19541579221547167  
  12240.5  0.19542376761936653  
  12241.5  0.19543175297474488  
  12242.5  0.1954397380038544   
  12243.5  0.195447722706735    
  12244.5  0.19545569680773328  
  12245.5  0.1954636808586958   
  12246.5  0.19547166458354936  
  12247.5  0.1954796377078989   
  12248.5  0.19548762078107385  
  12249.5  0.19549560352825962  
  12250.5  0.1955035859494961   
  12251.5  0.19551155777206572  
  12252.5  0.1955195395419428   
  12253.5  0.19552752098599027  
  12254.5  0.19553550210424808  
  12255.5  0.19554347262567517  
  12256.5  0.19555145309289243  
  12257.5  0.1955594332344396   
  12258.5  0.1955674027805325   
  12259.5  0.19557538227127813  
  12260.5  0.19558336143647317  
  12261.5  0.1955913402761575   
  12262.5  0.19559930852222207  
  12263.5  0.19560728671142327  
  12264.5  0.19561526457523318  
  12265.5  0.19562324211369167  
  12266.5  0.19563120906036388  
  12267.5  0.19563918594865737  
  12268.5  0.1956471625117187   
  12269.5  0.19565512848436825  
  12270.5  0.19566310439750306  
  12271.5  0.195671079985525    
  12272.5  0.1956790552484738   
  12273.5  0.19568701992284268  
  12274.5  0.1956949945361827   
  12275.5  0.1957029688245687   
  12276.5  0.195710932525748    
  12277.5  0.19571890616476328  
  12278.5  0.1957268794789437   
  12279.5  0.19573485246832892  
  12280.5  0.1957428148723377   
  12281.5  0.19575078721266947  
  12282.5  0.19575875922832506  
  12283.5  0.1957667309193441   
  12284.5  0.19577469202681602  
  12285.5  0.1957826630690986   
  12286.5  0.19579063378686357  
  12287.5  0.19579859392245264  
  12288.5  0.19580656399171872  
  12289.5  0.195814533736586    
  12290.5  0.19582250315709407  
  12291.5  0.19583046199725385  
  12292.5  0.1958384307695796   
  12293.5  0.1958463992176649   
  12294.5  0.19585435708677185  
  12295.5  0.19586232488691202  
  12296.5  0.19587029236293035  
  12297.5  0.1958782595148664   
  12298.5  0.19588621608965018  
  12299.5  0.19589418259395724  
  12300.5  0.1959021487743006   
  12301.5  0.1959101146307197   
  12302.5  0.19591806991181165  
  12303.5  0.19592603512091764  
  12304.5  0.19593400000621788  
  12305.5  0.19594195431755895  
  12306.5  0.19594991855578275  
  12307.5  0.1959578824703192   
  12308.5  0.19596584606120776  
  12309.5  0.19597379907996057  
  12310.5  0.19598176202408807  
  12311.5  0.19598972464468598  
  12312.5  0.19599767669451493  
  12313.5  0.19600563866858814  
  12314.5  0.19601360031924997  
  12315.5  0.1960215616465398   
  12316.5  0.1960295124048825   
  12317.5  0.19603747308596262  
  12318.5  0.19604543344378886  
  12319.5  0.19605339347840064  
  12320.5  0.19606134294588612  
  12321.5  0.19606930233460285  
  12322.5  0.19607726140022316  
  12323.5  0.19608520990008202  
  12324.5  0.1960931683200431   
  12325.5  0.1961011264170257   
  12326.5  0.1961090841910691   
  12327.5  0.19611703140117026  
  12328.5  0.19612498852986873  
  12329.5  0.19613294533574588  
  12330.5  0.1961408915790444   
  12331.5  0.19614884773981212  
  12332.5  0.19615680357787627  
  12333.5  0.19616475909327613  
  12334.5  0.19617270404791498  
  12335.5  0.1961806589185192   
  12336.5  0.19618861346657687  
  12337.5  0.1961965676921272   
  12338.5  0.1962045113587331   
  12339.5  0.19621246493980132  
  12340.5  0.19622041819847977  
  12341.5  0.19622836089957557  
  12342.5  0.19623631351400692  
  12343.5  0.19624426580616605  
  12344.5  0.19625221777609209  
  12345.5  0.19626015919025047  
  12346.5  0.19626811051624254  
  12347.5  0.19627606152011898  
  12348.5  0.19628401220191896  
  12349.5  0.1962919523297653   
  12350.5  0.1962999023679441   
  12351.5  0.19630785208416376  
  12352.5  0.19631579124778958  
  12353.5  0.19632374032062253  
  12354.5  0.1963316890716136   
  12355.5  0.1963396375008019   
  12356.5  0.1963475753792088   
  12357.5  0.1963555231653228   
  12358.5  0.19636347062975118  
  12359.5  0.1963714075447567   
  12360.5  0.1963793543663449   
  12361.5  0.19638730086636458  
  12362.5  0.19639524704485478  
  12363.5  0.19640318267573292  
  12364.5  0.1964111282116949   
  12365.5  0.1964190734262444   
  12366.5  0.19642701831942042  
  12367.5  0.19643495266679425  
  12368.5  0.19644289691775377  
  12369.5  0.19645084084745673  
  12370.5  0.19645877423271416  
  12371.5  0.1964667175204342   
  12372.5  0.19647466048701454  
  12373.5  0.19648260313249405  
  12374.5  0.1964905352353363   
  12375.5  0.1964984772391442   
  12376.5  0.19650641892196807  
  12377.5  0.1965143500635101   
  12378.5  0.19652229110489558  
  12379.5  0.19653023182541374  
  12380.5  0.19653817222510336  
  12381.5  0.19654610208531784  
  12382.5  0.19655404184387995  
  12383.5  0.1965619812817302   
  12384.5  0.1965699203989074   
  12385.5  0.19657784897841504  
  12386.5  0.1965857874547753   
  12387.5  0.19659372561057903  
  12388.5  0.19660165323006673  
  12389.5  0.19660959074528622  
  12390.5  0.19661752794006562  
  12391.5  0.19662546481444365  
  12392.5  0.19663339115430978  
  12393.5  0.1966413273884138   
  12394.5  0.19664926330223276  
  12395.5  0.19665718868289214  
  12396.5  0.1966651239566695   
  12397.5  0.1966730589102781   
  12398.5  0.19668099354375665  
  12399.5  0.19668891764587815  
  12400.5  0.1966968516396248   
  12401.5  0.1967047853133576   
  12402.5  0.1967127186671153   
  12403.5  0.19672064149131735  
  12404.5  0.1967285742056526   
  12405.5  0.1967365066001287   
  12406.5  0.1967444284663997   
  12407.5  0.19675236022168527  
  12408.5  0.19676029165722778  
  12409.5  0.19676822277306585  
  12410.5  0.19677614336249874  
  12411.5  0.1967840738394553   
  12412.5  0.19679200399682334  
  12413.5  0.19679993383464145  
  12414.5  0.19680785314785343  
  12415.5  0.19681578234709882  
  12416.5  0.19682371122691014  
  12417.5  0.19683162958346376  
  12418.5  0.1968395578249337   
  12419.5  0.19684748574708533  
  12420.5  0.19685541334995718  
  12421.5  0.19686333043136875  
  12422.5  0.19687125739620753  
  12423.5  0.19687918404188223  
  12424.5  0.19688710016744398  
  12425.5  0.19689502617531673  
  12426.5  0.19690295186414092  
  12427.5  0.1969108772339551   
  12428.5  0.19691879208545207  
  12429.5  0.19692671681777218  
  12430.5  0.19693464123119778  
  12431.5  0.1969425653257673   
  12432.5  0.19695047890381454  
  12433.5  0.19695840236119766  
  12434.5  0.1969663254998401   
  12435.5  0.19697423812330572  
  12436.5  0.19698216062499233  
  12437.5  0.1969900828080536   
  12438.5  0.19699800467252795  
  12439.5  0.19700591602361875  
  12440.5  0.19701383725144453  
  12441.5  0.19702175816079856  
  12442.5  0.1970296685581133   
  12443.5  0.19703758883104897  
  12444.5  0.19704550878562813  
  12445.5  0.19705342842188914  
  12446.5  0.1970613375479025   
  12447.5  0.19706925654805194  
  12448.5  0.19707717522999824  
  12449.5  0.19708509359377988  
  12450.5  0.1970930014491046   
  12451.5  0.19710091917708117  
  12452.5  0.197108836587008    
  12453.5  0.19711674348982028  
  12454.5  0.19712466026417175  
  12455.5  0.1971325767205884   
  12456.5  0.19714049285910848  
  12457.5  0.19714839849230323  
  12458.5  0.19715631399555408  
  12459.5  0.19716422918102325  
  12460.5  0.19717213386250815  
  12461.5  0.1971800484129375   
  12462.5  0.19718796264569982  
  12463.5  0.1971958765608334   
  12464.5  0.19720377997377034  
  12465.5  0.1972116932541698   
  12466.5  0.19721960621705512  
  12467.5  0.1972275188624646   
  12468.5  0.19723542100746408  
  12469.5  0.19724333301844485  
  12470.5  0.19725124471206432  
  12471.5  0.19725914590661303  
  12472.5  0.1972670569660327   
  12473.5  0.19727496770820552  
  12474.5  0.19728287813316966  
  12475.5  0.19729077806084816  
  12476.5  0.1972986878519175   
  12477.5  0.19730659732589256  
  12478.5  0.1973144963039201   
  12479.5  0.19732240514422894  
  12480.5  0.19733031366755782  
  12481.5  0.1973382218739449   
  12482.5  0.1973461195861679   
  12483.5  0.19735402715919334  
  12484.5  0.19736193441539113  
  12485.5  0.1973698413547994   
  12486.5  0.19737773780182624  
  12487.5  0.19738564410817722  
  12488.5  0.19739355009785284  
  12489.5  0.19740144559648318  
  12490.5  0.1974093509533296   
  12491.5  0.19741725599361468  
  12492.5  0.19742516071737645  
  12493.5  0.197433054951874    
  12494.5  0.1974409590431105   
  12495.5  0.19744886281793766  
  12496.5  0.19745676627639355  
  12497.5  0.19746465924736528  
  12498.5  0.19747256207359953  
  12499.5  0.19748046458357638  
  12500.5  0.19748835660740338  
  12501.5  0.19749625848538618  
  12502.5  0.19750416004722535  
  12503.5  0.1975120612929589   
  12504.5  0.19751995205432113  
  12505.5  0.19752785266836387  
  12506.5  0.19753575296641462  
  12507.5  0.19754364278142733  
  12508.5  0.19755154244801457  
  12509.5  0.19755944179872356  
  12510.5  0.19756734083359218  
  12511.5  0.19757522938719965  
  12512.5  0.1975831277909075   
  12513.5  0.1975910258788886   
  12514.5  0.19759892365118076  
  12515.5  0.1976068109439878   
  12516.5  0.1976147080854218   
  12517.5  0.19762260491128036  
  12518.5  0.1976304912589851   
  12519.5  0.19763838745421225  
  12520.5  0.19764628333397738  
  12521.5  0.19765417889831827  
  12522.5  0.1976620639862798   
  12523.5  0.19766995892029143  
  12524.5  0.1976778535389922   
  12525.5  0.19768573768264372  
  12526.5  0.19769363167124165  
  12527.5  0.19770152534464194  
  12528.5  0.19770941870288233  
  12529.5  0.1977173015878464   
  12530.5  0.1977251943162857   
  12531.5  0.19773308672967832  
  12532.5  0.19774097882806188  
  12533.5  0.1977488604549412   
  12534.5  0.1977567519238252   
  12535.5  0.19776464307781325  
  12536.5  0.1977725237616253   
  12537.5  0.19778041428633975  
  12538.5  0.19778830449627127  
  12539.5  0.1977961943914575   
  12540.5  0.1978040738182382   
  12541.5  0.19781196308445192  
  12542.5  0.1978198520360333   
  12543.5  0.19782773052053618  
  12544.5  0.19783561884337061  
  12545.5  0.19784350685168556  
  12546.5  0.19785139454551867  
  12547.5  0.19785927177404214  
  12548.5  0.19786715883942896  
  12549.5  0.19787504559044664  
  12550.5  0.19788293202713284  
  12551.5  0.19789080800027742  
  12552.5  0.19789869380881772  
  12553.5  0.19790657930313918  
  12554.5  0.19791445433524432  
  12555.5  0.19792233920164504  
  12556.5  0.19793022375393954  
  12557.5  0.19793810799216535  
  12558.5  0.1979459817699412   
  12559.5  0.19795386538054624  
  12560.5  0.1979617486771951   
  12561.5  0.1979696215147181   
  12562.5  0.19797750418397106  
  12563.5  0.19798538653938025  
  12564.5  0.1979932685809832   
  12565.5  0.19800114016522513  
  12566.5  0.19800902157973171  
  12567.5  0.19801690268054442  
  12568.5  0.19802478346770067  
  12569.5  0.19803265379925986  
  12570.5  0.1980405339596191   
  12571.5  0.19804841380643415  
  12572.5  0.19805628319897445  
  12573.5  0.19806416241921682  
  12574.5  0.1980720413260272   
  12575.5  0.19807991991944304  
  12576.5  0.1980877880603465   
  12577.5  0.19809566602748857  
  12578.5  0.19810354368134814  
  12579.5  0.19811142102196266  
  12580.5  0.19811928791182634  
  12581.5  0.19812716462646576  
  12582.5  0.19813504102797214  
  12583.5  0.19814290698004808  
  12584.5  0.19815078275580322  
  12585.5  0.19815865821853723  
  12586.5  0.19816653336828746  
  12587.5  0.1981743980703672   
  12588.5  0.1981822725946645   
  12589.5  0.19819014680608985  
  12590.5  0.19819801057116396  
  12591.5  0.19820588415735985  
  12592.5  0.19821375743079564  
  12593.5  0.19822163039150853  
  12594.5  0.19822949290762867  
  12595.5  0.19823736524341     
  12596.5  0.19824523726658017  
  12597.5  0.19825310897717646  
  12598.5  0.1982609702449375   
  12599.5  0.1982688413308998   
  12600.5  0.19827671210439984  
  12601.5  0.19828457243638206  
  12602.5  0.19829244258547116  
  12603.5  0.19830031242220955  
  12604.5  0.19830818194663438  
  12605.5  0.19831604103129738  
  12606.5  0.1983239099316085   
  12607.5  0.19833177851971756  
  12608.5  0.19833963666938104  
  12609.5  0.1983475046335991   
  12610.5  0.19835537228572647  
  12611.5  0.19836323962580032  
  12612.5  0.19837109652918303  
  12613.5  0.1983789632456627   
  12614.5  0.19838682965020016  
  12615.5  0.19839469574283247  
  12616.5  0.19840255140052723  
  12617.5  0.19841041686986188  
  12618.5  0.1984182820274027   
  12619.5  0.19842613675132037  
  12620.5  0.19843400128578578  
  12621.5  0.19844186550856846  
  12622.5  0.19844972941970543  
  12623.5  0.19845758289897134  
  12624.5  0.1984654461873291   
  12625.5  0.1984733091641522   
  12626.5  0.19848116171041755  
  12627.5  0.19848902406468338  
  12628.5  0.19849688610752564  
  12629.5  0.19850474783898125  
  12630.5  0.19851259914162958  
  12631.5  0.19852046025082365  
  12632.5  0.19852832104874202  
  12633.5  0.1985361815354217   
  12634.5  0.19854403159504366  
  12635.5  0.1985518914597573   
  12636.5  0.19855975101334303  
  12637.5  0.19856760014118252  
  12638.5  0.19857545907302365  
  12639.5  0.19858331769384763  
  12640.5  0.19859117600369147  
  12641.5  0.19859902388953712  
  12642.5  0.1986068815779314   
  12643.5  0.1986147389554562   
  12644.5  0.19862259602214838  
  12645.5  0.19863044266658955  
  12646.5  0.19863829911212705  
  12647.5  0.19864615524694254  
  12648.5  0.19865400096081673  
  12649.5  0.19866185647469853  
  12650.5  0.1986697116779688   
  12651.5  0.1986775665706644   
  12652.5  0.19868541104416437  
  12653.5  0.19869326531622075  
  12654.5  0.1987011192778129   
  12655.5  0.19870896282151798  
  12656.5  0.19871681616269155  
  12657.5  0.19872466919351126  
  12658.5  0.1987325219140139   
  12659.5  0.1987403642183736   
  12660.5  0.19874821631875172  
  12661.5  0.19875606810892307  
  12662.5  0.1987639195889244   
  12663.5  0.19877176065452604  
  12664.5  0.19877961151469664  
  12665.5  0.19878746206480744  
  12666.5  0.19879530220182526  
  12667.5  0.19880315213232552  
  12668.5  0.19881100175287608  
  12669.5  0.19881885106351366  
  12670.5  0.19882668996280006  
  12671.5  0.19883453865412054  
  12672.5  0.19884238703563806  
  12673.5  0.19885022500711     
  12674.5  0.19885807276953027  
  12675.5  0.19886592022225763  
  12676.5  0.19887376736532866  
  12677.5  0.1988816041000943   
  12678.5  0.19888945062436114  
  12679.5  0.19889729683908156  
  12680.5  0.1989051427442922   
  12681.5  0.19891297824293674  
  12682.5  0.19892082352963597  
  12683.5  0.1989286685069352   
  12684.5  0.19893650307897212  
  12685.5  0.19894434743797929  
  12686.5  0.19895219148769624  
  12687.5  0.19896003522815955  
  12688.5  0.1989678685650984   
  12689.5  0.198975711687562    
  12690.5  0.19898355450088168  
  12691.5  0.19899138691197948  
  12692.5  0.19899922910751855  
  12693.5  0.1990070709940232   
  12694.5  0.19901491257153     
  12695.5  0.19902274374855128  
  12696.5  0.19903058470856946  
  12697.5  0.1990384253596993   
  12698.5  0.19904626570197723  
  12699.5  0.1990540956455051   
  12700.5  0.19906193537058617  
  12701.5  0.1990697747869248   
  12702.5  0.19907760380581424  
  12703.5  0.1990854426051746   
  12704.5  0.1990932810959019   
  12705.5  0.19910111927803256  
  12706.5  0.19910894706444793  
  12707.5  0.19911678462989166  
  12708.5  0.199124621886848    
  12709.5  0.19913244874938885  
  12710.5  0.19914028538987663  
  12711.5  0.19914812172198623  
  12712.5  0.19915595774575406  
  12713.5  0.19916378337683877  
  12714.5  0.19917161878442896  
  12715.5  0.19917945388378652  
  12716.5  0.19918728867494775  
  12717.5  0.19919511307515742  
  12718.5  0.19920294725043172  
  12719.5  0.19921078111761878  
  12720.5  0.1992186045951522   
  12721.5  0.19922643784667016  
  12722.5  0.19923427079020986  
  12723.5  0.1992421034258076   
  12724.5  0.1992499256734817   
  12725.5  0.19925775769370066  
  12726.5  0.19926558940608652  
  12727.5  0.1992734208106756   
  12728.5  0.19928124182907023  
  12729.5  0.1992890726185706   
  12730.5  0.19929690310038298  
  12731.5  0.1993047231972971   
  12732.5  0.19931255306423817  
  12733.5  0.19932038262359994  
  12734.5  0.19932821187541874  
  12735.5  0.19933603074406697  
  12736.5  0.19934385938130408  
  12737.5  0.19935168771110687  
  12738.5  0.1993595056590341   
  12739.5  0.19936733337447235  
  12740.5  0.19937516078258477  
  12741.5  0.1993829878834076   
  12742.5  0.1993908046040811   
  12743.5  0.19939863109082864  
  12744.5  0.1994064572703951   
  12745.5  0.19941428314281665  
  12746.5  0.19942209863681415  
  12747.5  0.19942992389544947  
  12748.5  0.19943774884704826  
  12749.5  0.1994455634215163   
  12750.5  0.1994533877595455   
  12751.5  0.19946121179064652  
  12752.5  0.19946903551485548  
  12753.5  0.19947684886365752  
  12754.5  0.19948467197458555  
  12755.5  0.1994924947787298   
  12756.5  0.19950030720875922  
  12757.5  0.19950812939983886  
  12758.5  0.1995159512842429   
  12759.5  0.1995237728620074   
  12760.5  0.19953158406737942  
  12761.5  0.19953940503236756  
  12762.5  0.1995472256908243   
  12763.5  0.19955504604278568  
  12764.5  0.19956285602407597  
  12765.5  0.19957067576354903  
  12766.5  0.19957849519663473  
  12767.5  0.1995863042603398   
  12768.5  0.19959412308115304  
  12769.5  0.1996019415956869   
  12770.5  0.19960975980397735  
  12771.5  0.19961756764460717  
  12772.5  0.19962538524091283  
  12773.5  0.19963320253108296  
  12774.5  0.1996410094548817   
  12775.5  0.1996488261332826   
  12776.5  0.1996566425056558   
  12777.5  0.19966445857203724  
  12778.5  0.19967226427376575  
  12779.5  0.1996800797286652   
  12780.5  0.19968789487768063  
  12781.5  0.19969570972084794  
  12782.5  0.19970351420107993  
  12783.5  0.19971132843305228  
  12784.5  0.19971914235928417  
  12785.5  0.19972694592386825  
  12786.5  0.19973475923912024  
  12787.5  0.19974257224873934  
  12788.5  0.19975038495276148  
  12789.5  0.19975818729685194  
  12790.5  0.1997659993901808   
  12791.5  0.19977381117802015  
  12792.5  0.19978162266040583  
  12793.5  0.19978942378457515  
  12794.5  0.19979723465655397  
  12795.5  0.1998050452231866   
  12796.5  0.19981284543288855  
  12797.5  0.19982065538932894  
  12798.5  0.1998284650405304   
  12799.5  0.19983627438652876  
  12800.5  0.19984407337731033  
  12801.5  0.19985188211340252  
  12802.5  0.19985969054439884  
  12803.5  0.199867488621463    
  12804.5  0.1998752964427675   
  12805.5  0.19988310395908335  
  12806.5  0.1998909111704463   
  12807.5  0.19989870802958942  
  12808.5  0.19990651463154613  
  12809.5  0.1999143209286571   
  12810.5  0.199922126920958    
  12811.5  0.19992992256275052  
  12812.5  0.1999377279459306   
  12813.5  0.19994553302440762  
  12814.5  0.1999533277536592   
  12815.5  0.19996113222322934  
  12816.5  0.1999689363882034   
  12817.5  0.19997674024861709  
  12818.5  0.19998453376151532  
  12819.5  0.19999233701330704  
  12820.5  0.20000013996064533  
  12821.5  0.20000793256174992  
  12822.5  0.20001573490067984  
  12823.5  0.20002353693526312  
  12824.5  0.20003133866553538  
  12825.5  0.20003913005128246  
  12826.5  0.20004693117343095  
  12827.5  0.2000547319913752   
  12828.5  0.20006253250515074  
  12829.5  0.20007032267610875  
  12830.5  0.20007812258204496  
  12831.5  0.20008592218391916  
  12832.5  0.20009371144425586  
  12833.5  0.20010151043850383  
  12834.5  0.2001093091287964   
  12835.5  0.20011710751516906  
  12836.5  0.20012489556171043  
  12837.5  0.2001326933407409   
  12838.5  0.20014049081595803  
  12839.5  0.20014827795262283  
  12840.5  0.2001560748207106   
  12841.5  0.20016387138509145  
  12842.5  0.20017166764580088  
  12843.5  0.20017945356966269  
  12844.5  0.20018724922352643  
  12845.5  0.2001950445738251   
  12846.5  0.20020283962059418  
  12847.5  0.20021062433221953  
  12848.5  0.2002184187724263   
  12849.5  0.20022621290920975  
  12850.5  0.20023399671212672  
  12851.5  0.2002417902425603   
  12852.5  0.20024958346967678  
  12853.5  0.20025737639351163  
  12854.5  0.20026515898518235  
  12855.5  0.2002729513029503   
  12856.5  0.20028074331754273  
  12857.5  0.20028852500124716  
  12858.5  0.20029631640998483  
  12859.5  0.20030410751565303  
  12860.5  0.2003118983182872   
  12861.5  0.2003196787917343   
  12862.5  0.2003274689887963   
  12863.5  0.20033525888293022  
  12864.5  0.20034304847417145  
  12865.5  0.2003508277379257   
  12866.5  0.2003586167238772   
  12867.5  0.20036640540704187  
  12868.5  0.200374183763994    
  12869.5  0.2003819718420806   
  12870.5  0.2003897596174862   
  12871.5  0.2003975470902462   
  12872.5  0.20040532423849228  
  12873.5  0.20041311110645618  
  12874.5  0.20042089767188023  
  12875.5  0.20042868393479968  
  12876.5  0.20043645987490302  
  12877.5  0.2004442455333082   
  12878.5  0.20045203088931446  
  12879.5  0.2004598059237773   
  12880.5  0.2004675906754805   
  12881.5  0.20047537512489041  
  12882.5  0.20048315927204227  
  12883.5  0.20049093309934704  
  12884.5  0.20049871664247723  
  12885.5  0.20050649988345495  
  12886.5  0.20051427280585712  
  12887.5  0.2005220554430241   
  12888.5  0.20052983777814404  
  12889.5  0.20053761981125212  
  12890.5  0.20054539152747958  
  12891.5  0.200553172957058    
  12892.5  0.20056095408472996  
  12893.5  0.20056873491053057  
  12894.5  0.20057650542114466  
  12895.5  0.20058428564369643  
  12896.5  0.20059206556448225  
  12897.5  0.2005998351713513   
  12898.5  0.20060761448909872  
  12899.5  0.2006153935051854   
  12900.5  0.20062317221964646  
  12901.5  0.2006309406218834   
  12902.5  0.2006387187335865   
  12903.5  0.20064649654376918  
  12904.5  0.2006542640429965   
  12905.5  0.20066204125063136  
  12906.5  0.20066981815685092  
  12907.5  0.20067759476169023  
  12908.5  0.20068536105726528  
  12909.5  0.20069313705983688  
  12910.5  0.20070091276113322  
  12911.5  0.2007086881611893   
  12912.5  0.20071645325367157  
  12913.5  0.2007242280517398   
  12914.5  0.20073200254867282  
  12915.5  0.200739766739299    
  12916.5  0.20074754063445385  
  12917.5  0.2007553142285784   
  12918.5  0.2007630875217075   
  12919.5  0.20077085051021862  
  12920.5  0.20077862320184908  
  12921.5  0.20078639559258898  
  12922.5  0.20079415767997685  
  12923.5  0.20080192946942751  
  12924.5  0.20080970095809236  
  12925.5  0.20081747214600632  
  12926.5  0.20082523303225566  
  12927.5  0.20083300361915948  
  12928.5  0.2008407739054171   
  12929.5  0.20084854389106332  
  12930.5  0.20085630357673165  
  12931.5  0.20086407296164666  
  12932.5  0.20087184204605496  
  12933.5  0.20087960083174955  
  12934.5  0.20088736931563558  
  12935.5  0.20089513749911944  
  12936.5  0.2009029053822359   
  12937.5  0.20091066296832383  
  12938.5  0.20091843025119657  
  12939.5  0.20092619723380642  
  12940.5  0.2009339639161882   
  12941.5  0.20094172030322574  
  12942.5  0.20094948638564206  
  12943.5  0.2009572521679346   
  12944.5  0.20096500765614556  
  12945.5  0.20097277283868126  
  12946.5  0.2009805377211976   
  12947.5  0.20098830230372924  
  12948.5  0.20099605659386213  
  12949.5  0.20100382057691485  
  12950.5  0.20101158426008714  
  12951.5  0.20101933765212213  
  12952.5  0.2010271007360237   
  12953.5  0.20103486352014907  
  12954.5  0.2010426260045329   
  12955.5  0.20105037819946092  
  12956.5  0.2010581400848516   
  12957.5  0.20106590167060487  
  12958.5  0.2010736629567554   
  12959.5  0.20108141395513074  
  12960.5  0.20108917464256545  
  12961.5  0.20109693503050147  
  12962.5  0.20110468513192203  
  12963.5  0.20111244492135003  
  12964.5  0.20112020441138323  
  12965.5  0.20112796360205637  
  12966.5  0.20113571250789325  
  12967.5  0.2011434711003353   
  12968.5  0.20115122939352115  
  12969.5  0.20115897740312946  
  12970.5  0.20116673509829172  
  12971.5  0.2011744924943016   
  12972.5  0.20118224959119366  
  12973.5  0.20118999640618598  
  12974.5  0.2011977529053311   
  12975.5  0.20120550910546212  
  12976.5  0.20121326500661363  
  12977.5  0.20122101062754236  
  12978.5  0.20122876593122327  
  12979.5  0.20123652093602837  
  12980.5  0.20124426566186765  
  12981.5  0.20125202006940923  
  12982.5  0.20125977417817859  
  12983.5  0.20126752798821018  
  12984.5  0.20127527152095148  
  12985.5  0.2012830247339956   
  12986.5  0.2012907776484055   
  12987.5  0.20129852028678105  
  12988.5  0.20130627260441025  
  12989.5  0.2013140246235087   
  12990.5  0.2013217763441109   
  12991.5  0.2013295177903528   
  12992.5  0.20133726891444992  
  12993.5  0.20134501974015412  
  12994.5  0.2013527702674999   
  12995.5  0.20136051052215864  
  12996.5  0.20136826045327477  
  12997.5  0.20137601008613573  
  12998.5  0.20138374944756396  
  12999.5  0.20139149848440166  
  13000.5  0.20139924722308744  
  13001.5  0.2014069956636557   
  13002.5  0.20141473383446307  
  13003.5  0.20142248167928312  
  13004.5  0.2014302292260888   
  13005.5  0.20143796650438678  
  13006.5  0.20144571345565035  
  13007.5  0.20145346010900264  
  13008.5  0.2014612064644781   
  13009.5  0.20146894255311623  
  13010.5  0.20147668831332416  
  13011.5  0.20148443377575825  
  13012.5  0.2014921789404528   
  13013.5  0.20149991383997967  
  13014.5  0.20150765840968118  
  13015.5  0.20151540268174611  
  13016.5  0.2015231366898949   
  13017.5  0.20153088036717254  
  13018.5  0.20153862374691642  
  13019.5  0.20154636682916088  
  13020.5  0.20155409964915738  
  13021.5  0.20156184213688857  
  13022.5  0.20156958432722316  
  13023.5  0.20157732622019536  
  13024.5  0.20158505785258699  
  13025.5  0.20159279915131986  
  13026.5  0.20160054015279302  
  13027.5  0.2016082708949355   
  13028.5  0.20161601130237458  
  13029.5  0.20162375141265665  
  13030.5  0.20163149122581597  
  13031.5  0.2016392207813105   
  13032.5  0.20164696000070922  
  13033.5  0.2016546989230877   
  13034.5  0.20166242758905023  
  13035.5  0.20167016591787312  
  13036.5  0.2016779039497783   
  13037.5  0.20168564168480002  
  13038.5  0.20169336916507025  
  13039.5  0.20170110630680946  
  13040.5  0.20170884315176763  
  13041.5  0.20171657969997886  
  13042.5  0.20172430599510238  
  13043.5  0.20173204195030406  
  13044.5  0.2017397776088612   
  13045.5  0.20174750301557773  
  13046.5  0.20175523808132986  
  13047.5  0.2017629728505397   
  13048.5  0.20177070732324145  
  13049.5  0.2017784315457649   
  13050.5  0.20178616542593417  
  13051.5  0.20179389900969755  
  13052.5  0.2018016223445287   
  13053.5  0.20180935533596384  
  13054.5  0.20181708803109527  
  13055.5  0.201824820429957    
  13056.5  0.20183254258154745  
  13057.5  0.20184027438835322  
  13058.5  0.20184800589899135  
  13059.5  0.20185573711349591  
  13060.5  0.20186345808238934  
  13061.5  0.20187118870510992  
  13062.5  0.20187891903179894  
  13063.5  0.2018866391141212   
  13064.5  0.20189436884923004  
  13065.5  0.20190209828840927  
  13066.5  0.20190982743169292  
  13067.5  0.20191754633226852  
  13068.5  0.20192527488424356  
  13069.5  0.20193300314042492  
  13070.5  0.20194072115514158  
  13071.5  0.20194844882021792  
  13072.5  0.20195617618960235  
  13073.5  0.20196390326332886  
  13074.5  0.2019716200972479   
  13075.5  0.20197934658014063  
  13076.5  0.20198707276747715  
  13077.5  0.20199479865929132  
  13078.5  0.20200251431295455  
  13079.5  0.20201023961420608  
  13080.5  0.2020179646200369   
  13081.5  0.20202567938895852  
  13082.5  0.20203340380442983  
  13083.5  0.20204112792458206  
  13084.5  0.20204885174944914  
  13085.5  0.20205656533906205  
  13086.5  0.20206428857384026  
  13087.5  0.2020720115134348   
  13088.5  0.2020797341578795   
  13089.5  0.2020874465687244   
  13090.5  0.20209516862335075  
  13091.5  0.20210289038292875  
  13092.5  0.20211060191014693  
  13093.5  0.20211832308010924  
  13094.5  0.2021260439551246   
  13095.5  0.20213376453522675  
  13096.5  0.20214147488462203  
  13097.5  0.20214919487537863  
  13098.5  0.2021569145713234   
  13099.5  0.20216462403780025  
  13100.5  0.2021723431446019   
  13101.5  0.20218006195669294  
  13102.5  0.20218778047410713  
  13103.5  0.20219548876370488  
  13104.5  0.20220320669224573  
  13105.5  0.20221092432621088  
  13106.5  0.20221864166563405  
  13107.5  0.20222634877889156  
  13108.5  0.20223406552971096  
  13109.5  0.20224178198608952  
  13110.5  0.2022494882175397   
  13111.5  0.20225720408551653  
  13112.5  0.20226491965915347  
  13113.5  0.20227263493848432  
  13114.5  0.20228033999453612  
  13115.5  0.2022880546857344   
  13116.5  0.20229576908272748  
  13117.5  0.20230347325767786  
  13118.5  0.20231118706674012  
  13119.5  0.2023189005816981   
  13120.5  0.20232661380258551  
  13121.5  0.2023343168030781   
  13122.5  0.20234202943630347  
  13123.5  0.2023497417755591   
  13124.5  0.2023574538208785   
  13125.5  0.20236515564745022  
  13126.5  0.20237286710537628  
  13127.5  0.20238057826946693  
  13128.5  0.20238827921604452  
  13129.5  0.2023959897929431   
  13130.5  0.202403700076107    
  13131.5  0.20241141006556967  
  13132.5  0.20241910983916508  
  13133.5  0.20242681924170405  
  13134.5  0.20243452835064243  
  13135.5  0.2024422272449472   
  13136.5  0.2024499357671629   
  13137.5  0.2024576439958786   
  13138.5  0.20246535193112783  
  13139.5  0.20247304965338778  
  13140.5  0.2024807570021822   
  13141.5  0.20248846405761067  
  13142.5  0.2024961708197067   
  13143.5  0.20250386737045692  
  13144.5  0.20251157354636587  
  13145.5  0.2025192794290427   
  13146.5  0.20252697510160578  
  13147.5  0.20253468039829622  
  13148.5  0.2025423854018549   
  13149.5  0.20255009011231534  
  13150.5  0.20255778461430418  
  13151.5  0.2025654887390455   
  13152.5  0.20257319257078887  
  13153.5  0.2025808861952916   
  13154.5  0.20258858944151623  
  13155.5  0.2025962923948431   
  13156.5  0.2026039950553056   
  13157.5  0.20261168751016828  
  13158.5  0.20261938958537906  
  13159.5  0.2026270913678256   
  13160.5  0.20263479285754135  
  13161.5  0.20264248414329722  
  13162.5  0.20265018504802804  
  13163.5  0.20265788566012805  
  13164.5  0.2026655760694976   
  13165.5  0.20267327609681263  
  13166.5  0.20268097583159694  
  13167.5  0.20268867527388382  
  13168.5  0.2026963645150788   
  13169.5  0.20270406337284716  
  13170.5  0.202711761938218    
  13171.5  0.20271946021122467  
  13172.5  0.2027271482847773   
  13173.5  0.2027348459735317   
  13174.5  0.20274254337002176  
  13175.5  0.2027502305682855   
  13176.5  0.20275792738072282  
  13177.5  0.20276562390099562  
  13178.5  0.20277332012913718  
  13179.5  0.20278100616068884  
  13180.5  0.20278870180504352  
  13181.5  0.20279639715736666  
  13182.5  0.20280408231432662  
  13183.5  0.20281177708306217  
  13184.5  0.20281947155986588  
  13185.5  0.20282716574477094  
  13186.5  0.20283484973594787  
  13187.5  0.20284254333753088  
  13188.5  0.2028502366473148   
  13189.5  0.20285792966533292  
  13190.5  0.20286561249125723  
  13191.5  0.2028733049262186   
  13192.5  0.20288099706951365  
  13193.5  0.20288867902194     
  13194.5  0.20289637058237717  
  13195.5  0.20290406185124749  
  13196.5  0.20291175282858406  
  13197.5  0.20291943361668488  
  13198.5  0.20292712401142857  
  13199.5  0.20293481411473796  
  13200.5  0.20294249403003556  
  13201.5  0.20295018355095065  
  13202.5  0.20295787278053073  
  13203.5  0.20296556171880892  
  13204.5  0.20297324047070692  
  13205.5  0.20298092882685542  
  13206.5  0.2029886168918013   
  13207.5  0.20299630466557764  
  13208.5  0.20300398225460453  
  13209.5  0.20301166944651564  
  13210.5  0.20301935634735635  
  13211.5  0.2030270330646701   
  13212.5  0.20303471938384376  
  13213.5  0.20304240541204618  
  13214.5  0.20305009114931039  
  13215.5  0.203057766704677    
  13216.5  0.20306545186053823  
  13217.5  0.2030731367255603   
  13218.5  0.2030808114099062   
  13219.5  0.20308849569372317  
  13220.5  0.2030961796868      
  13221.5  0.20310386338916964  
  13222.5  0.2031115369124912   
  13223.5  0.2031192200339195   
  13224.5  0.20312690286473956  
  13225.5  0.20313458540498433  
  13226.5  0.20314225776780825  
  13227.5  0.20314993972737522  
  13228.5  0.20315762139646576  
  13229.5  0.20316529288935525  
  13230.5  0.2031729739779655   
  13231.5  0.20318065477619807  
  13232.5  0.20318833528408592  
  13233.5  0.2031960056173986   
  13234.5  0.20320368554506935  
  13235.5  0.20321136518249405  
  13236.5  0.20321903464656244  
  13237.5  0.20322671370396728  
  13238.5  0.20323439247122474  
  13239.5  0.20324207094836774  
  13240.5  0.20324973925377893  
  13241.5  0.2032574171511649   
  13242.5  0.20326509475853496  
  13243.5  0.203272772075922    
  13244.5  0.203280439223201    
  13245.5  0.2032881159610936   
  13246.5  0.20329579240910173  
  13247.5  0.20330345868821897  
  13248.5  0.2033111345569295   
  13249.5  0.20331881013585396  
  13250.5  0.20332648542502516  
  13251.5  0.2033341505469279   
  13252.5  0.20334182525706382  
  13253.5  0.20334949967754487  
  13254.5  0.20335717380840382  
  13255.5  0.20336483777361594  
  13256.5  0.2033725113257017   
  13257.5  0.20338018458826368  
  13258.5  0.20338784768639442  
  13259.5  0.20339552037037964  
  13260.5  0.2034031927649393   
  13261.5  0.20341086487010618  
  13262.5  0.2034185268124621   
  13263.5  0.20342619833931394  
  13264.5  0.2034338695768712   
  13265.5  0.20344153065283208  
  13266.5  0.20344920131227048  
  13267.5  0.20345687168251234  
  13268.5  0.2034645417635904   
  13269.5  0.20347220168469107  
  13270.5  0.2034798711879117   
  13271.5  0.20348754040206657  
  13272.5  0.20349520932718837  
  13273.5  0.20350286809395093  
  13274.5  0.20351053644147646  
  13275.5  0.2035182045000669   
  13276.5  0.20352586240151113  
  13277.5  0.2035335298827011   
  13278.5  0.20354119707505386  
  13279.5  0.20354886397860206  
  13280.5  0.20355652072662087  
  13281.5  0.20356418705302945  
  13282.5  0.2035718530907313   
  13283.5  0.20357950897411572  
  13284.5  0.2035871744348735   
  13285.5  0.20359483960702232  
  13286.5  0.2036025044905948   
  13287.5  0.20361015922146533  
  13288.5  0.2036178235283542   
  13289.5  0.2036254875467645   
  13290.5  0.20363315127672868  
  13291.5  0.20364080485560562  
  13292.5  0.20364846800914654  
  13293.5  0.20365613087433904  
  13294.5  0.20366378358965467  
  13295.5  0.20367144587861902  
  13296.5  0.2036791078793325   
  13297.5  0.2036867695918277   
  13298.5  0.20369442115605937  
  13299.5  0.20370208229258635  
  13300.5  0.20370974314099252  
  13301.5  0.20371739384234458  
  13302.5  0.20372505411497738  
  13303.5  0.20373271409958685  
  13304.5  0.2037403737962055   
  13305.5  0.20374802334738198  
  13306.5  0.20375568246848688  
  13307.5  0.2037633413016983   
  13308.5  0.20377099984704872  
  13309.5  0.20377864824856826  
  13310.5  0.20378630621866434  
  13311.5  0.20379396390099677  
  13312.5  0.20380161144070613  
  13313.5  0.20380926854797868  
  13314.5  0.20381692536758478  
  13315.5  0.20382458189955685  
  13316.5  0.20383222829051575  
  13317.5  0.2038398842476871   
  13318.5  0.20384753991732157  
  13319.5  0.20385519529945156  
  13320.5  0.20386284054217757  
  13321.5  0.20387049534976576  
  13322.5  0.20387814986994657  
  13323.5  0.2038857942519296   
  13324.5  0.20389344819776262  
  13325.5  0.20390110185628535  
  13326.5  0.20390875522753008  
  13327.5  0.20391639846218487  
  13328.5  0.2039240512593404   
  13329.5  0.20393170376931496  
  13330.5  0.2039393461439048   
  13331.5  0.20394699807998387  
  13332.5  0.20395464972897892  
  13333.5  0.20396230109092223  
  13334.5  0.20396994231908727  
  13335.5  0.20397759310739336  
  13336.5  0.20398524360874457  
  13337.5  0.20399289382317315  
  13338.5  0.20400053390542922  
  13339.5  0.20400818354647862  
  13340.5  0.20401583290070224  
  13341.5  0.2040234721239569   
  13342.5  0.2040311209049947   
  13343.5  0.20403876939930338  
  13344.5  0.20404641760691522  
  13345.5  0.20405405568516255  
  13346.5  0.20406170331984624  
  13347.5  0.20406935066792975  
  13348.5  0.20407698788785142  
  13349.5  0.20408463466319998  
  13350.5  0.2040922811520449   
  13351.5  0.2040999273544184   
  13352.5  0.20410756343023317  
  13353.5  0.20411520906012903  
  13354.5  0.20412285440365008  
  13355.5  0.20413049946082837  
  13356.5  0.20413813439305023  
  13357.5  0.20414577887800808  
  13358.5  0.20415342307671971  
  13359.5  0.20416105715167593  
  13360.5  0.2041687007783598   
  13361.5  0.20417634411889382  
  13362.5  0.20418398717331018  
  13363.5  0.2041916201055721   
  13364.5  0.20419926258821752  
  13365.5  0.20420690478484155  
  13366.5  0.20421453686051128  
  13367.5  0.20422217848555688  
  13368.5  0.20422981982467742  
  13369.5  0.20423746087790487  
  13370.5  0.2042450918117777   
  13371.5  0.20425273229368326  
  13372.5  0.204260372489792    
  13373.5  0.204268012400136    
  13374.5  0.2042756421927242   
  13375.5  0.20428328153200256  
  13376.5  0.20429092058561232  
  13377.5  0.20429854952266485  
  13378.5  0.20430618800540104  
  13379.5  0.2043138262025647   
  13380.5  0.20432146411418786  
  13381.5  0.2043290919108513   
  13382.5  0.20433672925185686  
  13383.5  0.20434436630741792  
  13384.5  0.20435199324921688  
  13385.5  0.20435962973435215  
  13386.5  0.2043672659341389   
  13387.5  0.20437490184860907  
  13388.5  0.20438252765091336  
  13389.5  0.2043901629952134   
  13390.5  0.20439779805429273  
  13391.5  0.20440543282818333  
  13392.5  0.2044130574915036   
  13393.5  0.2044206916954795   
  13394.5  0.2044283256143625   
  13395.5  0.20443594942387114  
  13396.5  0.2044435827730309   
  13397.5  0.20445121583719347  
  13398.5  0.20445884861639077  
  13399.5  0.20446647128780793  
  13400.5  0.2044741034975371   
  13401.5  0.20448173542239673  
  13402.5  0.20448936706241866  
  13403.5  0.20449698859625381  
  13404.5  0.20450461966706254  
  13405.5  0.2045122504531292   
  13406.5  0.20451987113420353  
  13407.5  0.204527501351248    
  13408.5  0.20453513128364595  
  13409.5  0.20454276093142926  
  13410.5  0.20455038047581237  
  13411.5  0.20455800955482809  
  13412.5  0.20456563834932462  
  13413.5  0.20457325704161444  
  13414.5  0.2045808852675342   
  13415.5  0.20458851320903018  
  13416.5  0.20459614086613429  
  13417.5  0.20460375842262243  
  13418.5  0.20461138551140395  
  13419.5  0.20461901231588894  
  13420.5  0.20462663883610915  
  13421.5  0.20463425525730347  
  13422.5  0.2046418812094552   
  13423.5  0.2046495068774374   
  13424.5  0.2046571224475857   
  13425.5  0.20466474754768985  
  13426.5  0.20467237236371974  
  13427.5  0.20467999689570712  
  13428.5  0.20468761133144933  
  13429.5  0.2046952352958124   
  13430.5  0.2047028589762281   
  13431.5  0.20471047256158956  
  13432.5  0.2047180956745711   
  13433.5  0.20472571850370042  
  13434.5  0.2047333410490092   
  13435.5  0.20474095350085117  
  13436.5  0.20474857547897918  
  13437.5  0.2047561971733817   
  13438.5  0.20476381858409046  
  13439.5  0.20477142990291902  
  13440.5  0.2047790507467002   
  13441.5  0.20478667130688255  
  13442.5  0.20479428177637415  
  13443.5  0.2048019017698187   
  13444.5  0.20480952147975934  
  13445.5  0.2048171409062277   
  13446.5  0.2048247502435907   
  13447.5  0.2048323691035742   
  13448.5  0.20483998768018022  
  13449.5  0.20484759616886933  
  13450.5  0.20485521417917998  
  13451.5  0.20486283190620802  
  13452.5  0.20487044934998502  
  13453.5  0.20487805670742915  
  13454.5  0.20488567358516332  
  13455.5  0.20489329017974117  
  13456.5  0.20490090649119433  
  13457.5  0.20490851271789792  
  13458.5  0.2049161284635606   
  13459.5  0.20492374392619322  
  13460.5  0.2049313493052632   
  13461.5  0.20493896420229446  
  13462.5  0.20494657881639025  
  13463.5  0.20495419314758212  
  13464.5  0.20496179739679338  
  13465.5  0.20496941116263595  
  13466.5  0.2049770246456691   
  13467.5  0.2049846378459244   
  13468.5  0.20499224096578036  
  13469.5  0.2049998536009382   
  13470.5  0.2050074659534126   
  13471.5  0.20501506822667306  
  13472.5  0.2050226800142388   
  13473.5  0.20503029151921548  
  13474.5  0.2050379027416346   
  13475.5  0.2050455038864198   
  13476.5  0.2050531145441818   
  13477.5  0.20506072491948055  
  13478.5  0.2050683252183297   
  13479.5  0.20507593502915983  
  13480.5  0.20508354455762098  
  13481.5  0.20509115380374468  
  13482.5  0.20509875297499747  
  13483.5  0.20510636165690369  
  13484.5  0.20511397005656662  
  13485.5  0.20512157817401766  
  13486.5  0.2051291762181758   
  13487.5  0.2051367837716604   
  13488.5  0.20514439104302726  
  13489.5  0.2051519882422841   
  13490.5  0.20515959494987263  
  13491.5  0.20516720137543754  
  13492.5  0.20517480751901018  
  13493.5  0.2051824035920494   
  13494.5  0.2051900091720944   
  13495.5  0.20519761447024118  
  13496.5  0.2052052096990364   
  13497.5  0.20521281443384337  
  13498.5  0.20522041888684608  
  13499.5  0.20522802305807586  
  13500.5  0.20523561716152947  
  13501.5  0.20524322076966983  
  13502.5  0.2052508240961311   
  13503.5  0.20525842714094467  
  13504.5  0.20526602011955675  
  13505.5  0.20527362260153106  
  13506.5  0.2052812248019515   
  13507.5  0.2052888169373508   
  13508.5  0.20529641857511946  
  13509.5  0.20530401993142802  
  13510.5  0.2053116210063077   
  13511.5  0.20531921201773962  
  13512.5  0.20532681253021742  
  13513.5  0.20533441276136005  
  13514.5  0.20534200293023433  
  13515.5  0.20534960259916232  
  13516.5  0.20535720198684884  
  13517.5  0.20536480109332506  
  13518.5  0.20537239013910497  
  13519.5  0.2053799886836161   
  13520.5  0.20538758694701054  
  13521.5  0.2053951849293195   
  13522.5  0.20540277285250347  
  13523.5  0.20541037027309664  
  13524.5  0.20541796741269785  
  13525.5  0.20542555449435201  
  13526.5  0.20543315107242432  
  13527.5  0.20544074736959816  
  13528.5  0.20544834338590465  
  13529.5  0.20545592934583407  
  13530.5  0.2054635248008607   
  13531.5  0.2054711199751134   
  13532.5  0.20547870509416596  
  13533.5  0.20548629970732538  
  13534.5  0.20549389403980423  
  13535.5  0.2055014880916336   
  13536.5  0.2055090720898316   
  13537.5  0.20551666558081644  
  13538.5  0.20552425879124506  
  13539.5  0.20553185172114857  
  13540.5  0.20553943459898877  
  13541.5  0.2055470269682963   
  13542.5  0.2055546190571719   
  13543.5  0.2055622010951596   
  13544.5  0.20556979262362546  
  13545.5  0.20557738387175256  
  13546.5  0.20558497483957197  
  13547.5  0.20559255575807026  
  13548.5  0.2056001461657281   
  13549.5  0.20560773629317133  
  13550.5  0.20561532614043104  
  13551.5  0.20562290593993562  
  13552.5  0.20563049522728175  
  13553.5  0.20563808423453736  
  13554.5  0.20564566319521174  
  13555.5  0.20565325164273965  
  13556.5  0.20566083981026997  
  13557.5  0.20566842769783372  
  13558.5  0.205676005540381    
  13559.5  0.20568359286846477  
  13560.5  0.20569117991667488  
  13561.5  0.20569875692104142  
  13562.5  0.20570634340995717  
  13563.5  0.20571392961909207  
  13564.5  0.2057215155484771   
  13565.5  0.20572909143558205  
  13566.5  0.2057366768059201   
  13567.5  0.20574426189660103  
  13568.5  0.20575184670765578  
  13569.5  0.20575942147799325  
  13570.5  0.20576700573024823  
  13571.5  0.20577458970296975  
  13572.5  0.20578216363614538  
  13573.5  0.20578974705025235  
  13574.5  0.20579733018491853  
  13575.5  0.20580491304017484  
  13576.5  0.20581248585744671  
  13577.5  0.20582006815433532  
  13578.5  0.2058276501719066   
  13579.5  0.20583522215266403  
  13580.5  0.20584280361205268  
  13581.5  0.20585038479221657  
  13582.5  0.2058579656931865   
  13583.5  0.20586553655890277  
  13584.5  0.20587311690193663  
  13585.5  0.20588069696586905  
  13586.5  0.20588827675073088  
  13587.5  0.20589584650189843  
  13588.5  0.20590342572907053  
  13589.5  0.2059110046772644   
  13590.5  0.20591857359293303  
  13591.5  0.2059261519836218   
  13592.5  0.20593373009542473  
  13593.5  0.2059413079283726   
  13594.5  0.20594887573035342  
  13595.5  0.20595645300604226  
  13596.5  0.20596403000296828  
  13597.5  0.20597159697009537  
  13598.5  0.20597917340994681  
  13599.5  0.2059867495711277   
  13600.5  0.2059943254536688   
  13601.5  0.20600189130796784  
  13602.5  0.20600946663368003  
  13603.5  0.20601704168084461  
  13604.5  0.20602461644949227  
  13605.5  0.2060321811914541   
  13606.5  0.20603975540351846  
  13607.5  0.206047329337158    
  13608.5  0.2060548932452783   
  13609.5  0.20606246662251854  
  13610.5  0.20607003972142604  
  13611.5  0.20607761254203144  
  13612.5  0.20608517533867257  
  13613.5  0.20609274760312393  
  13614.5  0.20610031958936523  
  13615.5  0.20610789129742707  
  13616.5  0.20611545298307887  
  13617.5  0.20612302413523176  
  13618.5  0.20613059500929712  
  13619.5  0.2061381558621175   
  13620.5  0.20614572618045754  
  13621.5  0.20615329622080195  
  13622.5  0.20616086598318134  
  13623.5  0.2061684257258687   
  13624.5  0.2061759949327675   
  13625.5  0.20618356386179307  
  13626.5  0.20619112277229076  
  13627.5  0.20619869114601921  
  13628.5  0.20620625924196617  
  13629.5  0.20621382706016222  
  13630.5  0.20622138486138208  
  13631.5  0.20622895212452544  
  13632.5  0.20623651911000956  
  13633.5  0.20624408581786502  
  13634.5  0.2062516425102953   
  13635.5  0.20625920866334232  
  13636.5  0.20626677453885228  
  13637.5  0.2062743304000997   
  13638.5  0.2062818957209843   
  13639.5  0.2062894607644234   
  13640.5  0.20629702553044751  
  13641.5  0.2063045802837588   
  13642.5  0.20631214449540147  
  13643.5  0.20631970842972072  
  13644.5  0.2063272623524888   
  13645.5  0.2063348257326094   
  13646.5  0.2063423888354979   
  13647.5  0.20634995166118492  
  13648.5  0.2063575044768693   
  13649.5  0.20636506674860128  
  13650.5  0.2063726287432231   
  13651.5  0.20638019046076522  
  13652.5  0.20638774216985248  
  13653.5  0.20639530333368308  
  13654.5  0.20640286422052526  
  13655.5  0.2064104151000728   
  13656.5  0.2064179754333859   
  13657.5  0.20642553548980183  
  13658.5  0.20643309526935105  
  13659.5  0.20644064504315215  
  13660.5  0.20644820426941543  
  13661.5  0.2064557632189032   
  13662.5  0.20646331216380212  
  13663.5  0.20647087056018612  
  13664.5  0.20647842867988575  
  13665.5  0.20648598652293138  
  13666.5  0.20649353436293347  
  13667.5  0.2065010916531182   
  13668.5  0.20650864866673999  
  13669.5  0.20651620540382926  
  13670.5  0.20652375213941948  
  13671.5  0.20653130832389047  
  13672.5  0.2065388642319199   
  13673.5  0.20654641013960812  
  13674.5  0.20655396549520116  
  13675.5  0.2065615205744436   
  13676.5  0.2065690753773658   
  13677.5  0.20657662018149003  
  13678.5  0.20658417443221816  
  13679.5  0.20659172840671688  
  13680.5  0.20659927238357462  
  13681.5  0.20660682580606088  
  13682.5  0.20661437895240867  
  13683.5  0.20662193182264815  
  13684.5  0.2066294746967887   
  13685.5  0.20663702701525777  
  13686.5  0.2066445790577094   
  13687.5  0.2066521308241738   
  13688.5  0.20665967259608062  
  13689.5  0.20666722381101643  
  13690.5  0.2066747747500558   
  13691.5  0.20668231569569293  
  13692.5  0.20668986608338497  
  13693.5  0.20669741619527116  
  13694.5  0.20670496603138175  
  13695.5  0.20671250587563023  
  13696.5  0.20672005516063505  
  13697.5  0.20672760416995484  
  13698.5  0.20673515290361982  
  13699.5  0.20674269164696207  
  13700.5  0.20675023982976268  
  13701.5  0.20675778773699896  
  13702.5  0.2067653256550665   
  13703.5  0.20677287301161926  
  13704.5  0.20678042009269826  
  13705.5  0.2067879668983336   
  13706.5  0.20679550371633829  
  13707.5  0.20680304997153118  
  13708.5  0.2068105959513708   
  13709.5  0.20681813194473286  
  13710.5  0.20682567737431073  
  13711.5  0.2068332225286257   
  13712.5  0.20684076740770796  
  13713.5  0.2068483023018495   
  13714.5  0.2068558466309107   
  13715.5  0.20686339068482945  
  13716.5  0.20687093446363586  
  13717.5  0.20687846825903777  
  13718.5  0.20688601148806374  
  13719.5  0.20689355444206758  
  13720.5  0.2069010874138185   
  13721.5  0.20690862981822214  
  13722.5  0.2069161719476939   
  13723.5  0.20692371380226376  
  13724.5  0.20693124567611568  
  13725.5  0.20693878698132567  
  13726.5  0.20694632801172386  
  13727.5  0.20695385906255478  
  13728.5  0.20696139954377318  
  13729.5  0.20696893975026992  
  13730.5  0.20697647968207497  
  13731.5  0.20698400963584646  
  13732.5  0.20699154901871167  
  13733.5  0.2069990881269752   
  13734.5  0.20700662696066707  
  13735.5  0.2070141558178584   
  13736.5  0.20702169410285023  
  13737.5  0.20702923211336033  
  13738.5  0.20703676014851907  
  13739.5  0.20704429761050883  
  13740.5  0.2070518347981067   
  13741.5  0.20705937171134278  
  13742.5  0.20706689865075922  
  13743.5  0.2070744350157144   
  13744.5  0.20708197110639753  
  13745.5  0.20708949722440934  
  13746.5  0.2070970327669911   
  13747.5  0.20710456803539054  
  13748.5  0.20711210302963767  
  13749.5  0.20711962805274403  
  13750.5  0.20712716249912894  
  13751.5  0.2071346966714512   
  13752.5  0.20714223056974074  
  13753.5  0.20714975449841938  
  13754.5  0.20715728784908571  
  13755.5  0.20716482092580896  
  13756.5  0.2071723440340681   
  13757.5  0.20717987656334724  
  13758.5  0.2071874088187729   
  13759.5  0.20719494080037493  
  13760.5  0.20720246281504148  
  13761.5  0.20720999424943815  
  13762.5  0.2072175254101007   
  13763.5  0.20722505629705898  
  13764.5  0.20723257721860971  
  13765.5  0.20724010755860114  
  13766.5  0.2072476376249778   
  13767.5  0.20725515772709224  
  13768.5  0.2072626872466808   
  13769.5  0.20727021649274396  
  13770.5  0.20727774546531155  
  13771.5  0.20728526447514373  
  13772.5  0.20729279290116143  
  13773.5  0.20730032105377297  
  13774.5  0.20730783924479343  
  13775.5  0.20731536685103363  
  13776.5  0.2073228941839569   
  13777.5  0.20733042124359302  
  13778.5  0.2073379383431636   
  13779.5  0.2073454648566663   
  13780.5  0.2073529910969711   
  13781.5  0.20736051706410774  
  13782.5  0.2073680330727036   
  13783.5  0.2073755584939446   
  13784.5  0.20738308364210656  
  13785.5  0.20739059883287078  
  13786.5  0.2073981234353153   
  13787.5  0.20740564776476994  
  13788.5  0.2074131718212644   
  13789.5  0.20742068592188467  
  13790.5  0.20742820943289914  
  13791.5  0.20743573267104248  
  13792.5  0.2074432459544537   
  13793.5  0.207450768647295    
  13794.5  0.2074582910673542   
  13795.5  0.20746581321466095  
  13796.5  0.20747332540875793  
  13797.5  0.20748084701099978  
  13798.5  0.20748836834057816  
  13799.5  0.2074958893975227   
  13800.5  0.2075034005027791   
  13801.5  0.2075109210148957   
  13802.5  0.20751844125446736  
  13803.5  0.20752595154349154  
  13804.5  0.20753347123841287  
  13805.5  0.20754099066087806  
  13806.5  0.20754850981091674  
  13807.5  0.20755601901192838  
  13808.5  0.20756353761755345  
  13809.5  0.20757105595084072  
  13810.5  0.20757856433624072  
  13811.5  0.20758608212529175  
  13812.5  0.20759359964209376  
  13813.5  0.20760111688667632  
  13814.5  0.20760862418489082  
  13815.5  0.20761614088547342  
  13816.5  0.2076236573139253   
  13817.5  0.20763117347027596  
  13818.5  0.20763867968177702  
  13819.5  0.20764619529436398  
  13820.5  0.2076537106349383   
  13821.5  0.20766121603180132  
  13822.5  0.20766873082878895  
  13823.5  0.20767624535385246  
  13824.5  0.20768375960702143  
  13825.5  0.20769126391799644  
  13826.5  0.2076987776278146   
  13827.5  0.2077062910658267   
  13828.5  0.20771379456278222  
  13829.5  0.20772130745762032  
  13830.5  0.20772882008074076  
  13831.5  0.20773633243217304  
  13832.5  0.20774383484406483  
  13833.5  0.20775134665255868  
  13834.5  0.20775885818945278  
  13835.5  0.2077663694547765   
  13836.5  0.20777387078207515  
  13837.5  0.20778138150469594  
  13838.5  0.20778889195583466  
  13839.5  0.2077963924700843   
  13840.5  0.20780390237869656  
  13841.5  0.20781141201591502  
  13842.5  0.20781892138176908  
  13843.5  0.20782642081224828  
  13844.5  0.207833929635811    
  13845.5  0.20784143818809753  
  13846.5  0.2078489464691373   
  13847.5  0.20785644481631568  
  13848.5  0.20786395255529905  
  13849.5  0.2078714600231238   
  13850.5  0.20787895755822167  
  13851.5  0.20788646448416614  
  13852.5  0.20789397113904004  
  13853.5  0.20790147752287272  
  13854.5  0.20790897397549082  
  13855.5  0.20791647981767789  
  13856.5  0.20792398538891177  
  13857.5  0.20793148103006473  
  13858.5  0.20793898605982888  
  13859.5  0.2079464908187278   
  13860.5  0.20795399530679082  
  13861.5  0.20796148986628404  
  13862.5  0.20796899381311168  
  13863.5  0.20797649748919136  
  13864.5  0.20798400089455238  
  13865.5  0.20799149437285394  
  13866.5  0.20799899723721382  
  13867.5  0.2080064998309428   
  13868.5  0.20801399249874464  
  13869.5  0.20802149455164803  
  13870.5  0.20802899633400837  
  13871.5  0.20803649784585493  
  13872.5  0.2080439894332835   
  13873.5  0.20805149040453835  
  13874.5  0.20805899110536716  
  13875.5  0.20806648188290933  
  13876.5  0.2080739820433217   
  13877.5  0.20808148193339573  
  13878.5  0.20808898155316063  
  13879.5  0.20809647125114691  
  13880.5  0.20810397033072903  
  13881.5  0.20811146914008963  
  13882.5  0.20811896767925794  
  13883.5  0.20812645629815493  
  13884.5  0.2081339542973739   
  13885.5  0.20814145202648818  
  13886.5  0.20814893983646096  
  13887.5  0.20815643702580083  
  13888.5  0.20816393394512347  
  13889.5  0.20817143059445803  
  13890.5  0.2081789173261573   
  13891.5  0.20818641343595062  
  13892.5  0.20819390927584336  
  13893.5  0.20820139519922984  
  13894.5  0.20820889049975608  
  13895.5  0.20821638553046912  
  13896.5  0.20822388029139813  
  13897.5  0.2082313651373257   
  13898.5  0.20823885935912106  
  13899.5  0.20824635331121968  
  13900.5  0.20825384699365068  
  13901.5  0.20826133076258457  
  13902.5  0.20826882390611465  
  13903.5  0.20827631678006436  
  13904.5  0.20828379974164457  
  13905.5  0.20829129207686778  
  13906.5  0.20829878414259786  
  13907.5  0.20830627593886392  
  13908.5  0.20831375782426345  
  13909.5  0.2083212490820354   
  13910.5  0.20832874007043042  
  13911.5  0.2083362211490857   
  13912.5  0.20834371159916076  
  13913.5  0.2083512017799461   
  13914.5  0.2083586916914707   
  13915.5  0.2083661716947574   
  13916.5  0.20837366106819416  
  13917.5  0.20838115017245729  
  13918.5  0.20838863900757576  
  13919.5  0.2083961179359575   
  13920.5  0.20840360623322007  
  13921.5  0.208411094261425    
  13922.5  0.2084185723840185   
  13923.5  0.20842605987454135  
  13924.5  0.20843354709609352  
  13925.5  0.20844103404870395  
  13926.5  0.20844851109720294  
  13927.5  0.208455997512363    
  13928.5  0.2084634836586682   
  13929.5  0.20847096953614755  
  13930.5  0.20847844551101471  
  13931.5  0.20848593085127512  
  13932.5  0.2084934159227965   
  13933.5  0.20850089109282957  
  13934.5  0.20850837562730548  
  13935.5  0.20851585989312912  
  13936.5  0.20852334389032942  
  13937.5  0.20853081798753959  
  13938.5  0.20853830144792562  
  13939.5  0.20854578463977505  
  13940.5  0.20855325793275736  
  13941.5  0.20856074058796575  
  13942.5  0.20856822297472424  
  13943.5  0.20857570509306167  
  13944.5  0.20858317731402887  
  13945.5  0.20859065889595618  
  13946.5  0.20859814020954903  
  13947.5  0.2086056212548363   
  13948.5  0.20861309240424963  
  13949.5  0.2086205729133575   
  13950.5  0.2086280531542464   
  13951.5  0.20863552350038292  
  13952.5  0.20864300320526538  
  13953.5  0.20865048264201524  
  13954.5  0.20865796181066143  
  13955.5  0.20866543108605035  
  13956.5  0.20867290971892052  
  13957.5  0.20868038808377345  
  13958.5  0.20868785655648983  
  13959.5  0.20869533438573945  
  13960.5  0.2087028119470582   
  13961.5  0.20871028924047488  
  13962.5  0.20871775664324888  
  13963.5  0.20872523340129243  
  13964.5  0.2087327098915202   
  13965.5  0.20874018611396097  
  13966.5  0.20874765244725232  
  13967.5  0.20875512813454997  
  13968.5  0.20876260355414694  
  13969.5  0.20877006908571374  
  13970.5  0.20877754397033996  
  13971.5  0.20878501858735166  
  13972.5  0.20879249293677754  
  13973.5  0.2087999573996654   
  13974.5  0.20880743121435028  
  13975.5  0.20881490476153552  
  13976.5  0.20882236842330118  
  13977.5  0.20882984143591757  
  13978.5  0.20883731418112045  
  13979.5  0.2088447866589385   
  13980.5  0.2088522492528278   
  13981.5  0.20885972119630644  
  13982.5  0.20886719287248628  
  13983.5  0.2088746642813961   
  13984.5  0.2088821258078673   
  13985.5  0.20888959668266688  
  13986.5  0.2088970672902824   
  13987.5  0.20890452801657639  
  13988.5  0.20891199809025351  
  13989.5  0.2089194678968325   
  13990.5  0.20892693743634197  
  13991.5  0.20893439709601896  
  13992.5  0.20894186610181903  
  13993.5  0.2089493348406355   
  13994.5  0.20895680331249697  
  13995.5  0.20896426190601425  
  13996.5  0.2089717298443951   
  13997.5  0.2089791975159068   
  13998.5  0.20898665531019     
  13999.5  0.20899412244839258  
  14000.5  0.20900158931981175  
  14001.5  0.2090090559244761   
  14002.5  0.20901651265339913  
  14003.5  0.20902397872498288  
  14004.5  0.20903144452989753  
  14005.5  0.20903890046018567  
  14006.5  0.20904636573219096  
  14007.5  0.20905383073761286  
  14008.5  0.20906129547647986  
  14009.5  0.20906875034220632  
  14010.5  0.2090762145483922   
  14011.5  0.20908367848810883  
  14012.5  0.20909114216138472  
  14013.5  0.2090985959630054   
  14014.5  0.20910605910382826  
  14015.5  0.20911352197829594  
  14016.5  0.2091209749822218   
  14017.5  0.20912843732440733  
  14018.5  0.20913589940032318  
  14019.5  0.20914336120999785  
  14020.5  0.20915081315061487  
  14021.5  0.20915827442823523  
  14022.5  0.2091657354396998   
  14023.5  0.20917318658321926  
  14024.5  0.20918064706280026  
  14025.5  0.20918810727631085  
  14026.5  0.20919556722377955  
  14027.5  0.20920301730478613  
  14028.5  0.20921047672059873  
  14029.5  0.20921793587045476  
  14030.5  0.20922539475438265  
  14031.5  0.20923284377333076  
  14032.5  0.2092403021258299   
  14033.5  0.20924776021248614  
  14034.5  0.2092552084352738   
  14035.5  0.2092626659906717   
  14036.5  0.20927012328031194  
  14037.5  0.20927758030422297  
  14038.5  0.2092850274657465   
  14039.5  0.2092924839586262   
  14040.5  0.20929994018586184  
  14041.5  0.2093073865518203   
  14042.5  0.20931484224819474  
  14043.5  0.20932229767901028  
  14044.5  0.20932975284429522  
  14045.5  0.20933719814978297  
  14046.5  0.20934465278443354  
  14047.5  0.20935210715363858  
  14048.5  0.2093595612574265   
  14049.5  0.2093670055028965   
  14050.5  0.2093744590762766   
  14051.5  0.20938191238432455  
  14052.5  0.20938935583516355  
  14053.5  0.20939680861297358  
  14054.5  0.20940426112553634  
  14055.5  0.20941171337288025  
  14056.5  0.20941915576449333  
  14057.5  0.20942660748182562  
  14058.5  0.20943405893402392  
  14059.5  0.20944150053159946  
  14060.5  0.20944895145395576  
  14061.5  0.20945640211126287  
  14062.5  0.20946385250354912  
  14063.5  0.20947129304268966  
  14064.5  0.20947874290535998  
  14065.5  0.20948619250309417  
  14066.5  0.2094936418359206   
  14067.5  0.20950108131707756  
  14068.5  0.2095085301205139   
  14069.5  0.20951597865912713  
  14070.5  0.20952341734717767  
  14071.5  0.20953086535657017  
  14072.5  0.2095383131012242   
  14073.5  0.20954576058116806  
  14074.5  0.2095531982120244   
  14075.5  0.2095606451629731   
  14076.5  0.2095680918492962   
  14077.5  0.20957553827102196  
  14078.5  0.20958297484513472  
  14079.5  0.20959042073809075  
  14080.5  0.209597866366534    
  14081.5  0.20960530214846956  
  14082.5  0.20961274724831208  
  14083.5  0.20962019208372626  
  14084.5  0.20962763665474032  
  14085.5  0.2096350713807201   
  14086.5  0.2096425154233586   
  14087.5  0.20964995920168142  
  14088.5  0.20965739313607437  
  14089.5  0.2096648363861904   
  14090.5  0.20967227937207514  
  14091.5  0.20967972209375677  
  14092.5  0.20968715497298074  
  14093.5  0.20969459716668043  
  14094.5  0.20970203909626134  
  14095.5  0.20970948076175155  
  14096.5  0.20971691258625574  
  14097.5  0.20972435372398876  
  14098.5  0.20973179459771543  
  14099.5  0.20973922563155914  
  14100.5  0.20974666597769703  
  14101.5  0.20975410605991282  
  14102.5  0.2097615458782345   
  14103.5  0.20976897585814366  
  14104.5  0.20977641514910106  
  14105.5  0.2097838541762486   
  14106.5  0.2097912833660858   
  14107.5  0.2097987218660372   
  14108.5  0.20980616010226294  
  14109.5  0.20981359807479097  
  14110.5  0.2098210262114779   
  14111.5  0.20982846365703398  
  14112.5  0.2098359008389765   
  14113.5  0.20984333775733338  
  14114.5  0.20985076484131784  
  14115.5  0.20985820123292684  
  14116.5  0.20986563736103428  
  14117.5  0.2098730636558702   
  14118.5  0.2098804992573976   
  14119.5  0.20988793459550742  
  14120.5  0.2098953696702277   
  14121.5  0.20990279491314384  
  14122.5  0.20991022946150778  
  14123.5  0.2099176637465661   
  14124.5  0.20992508820092032  
  14125.5  0.20993252195978998  
  14126.5  0.2099399554554379   
  14127.5  0.20994738868789195  
  14128.5  0.2099548120911082   
  14129.5  0.2099622447975971   
  14130.5  0.20996967724097598  
  14131.5  0.2099771094212728   
  14132.5  0.20998453177379742  
  14133.5  0.20999196342835236  
  14134.5  0.20999939481990895  
  14135.5  0.21000681638479213  
  14136.5  0.21001424725077422  
  14137.5  0.21002167785384168  
  14138.5  0.21002910819402248  
  14139.5  0.21003652870899428  
  14140.5  0.21004395852382357  
  14141.5  0.21005138807584978  
  14142.5  0.21005881736510085  
  14143.5  0.21006623683060674  
  14144.5  0.21007366559472915  
  14145.5  0.21008109409616     
  14146.5  0.21008851277494303  
  14147.5  0.2100959407514123   
  14148.5  0.2101033684652735   
  14149.5  0.2101107959165545   
  14150.5  0.21011821354665045  
  14151.5  0.21012564047319243  
  14152.5  0.21013306713723776  
  14153.5  0.21014048398119448  
  14154.5  0.21014791012066758  
  14155.5  0.21015533599772743  
  14156.5  0.21016276161240185  
  14157.5  0.21017017740844923  
  14158.5  0.21017760249877382  
  14159.5  0.21018502732679628  
  14160.5  0.2101924518925445   
  14161.5  0.2101998666411266   
  14162.5  0.21020729068274716  
  14163.5  0.2102147144621767   
  14164.5  0.2102221284255353   
  14165.5  0.21022955168100368  
  14166.5  0.21023697467436442  
  14167.5  0.2102443974056452   
  14168.5  0.21025181032231482  
  14169.5  0.21025923252985632  
  14170.5  0.21026665447540113  
  14171.5  0.21027406660742903  
  14172.5  0.2102814880294008   
  14173.5  0.21028890918945908  
  14174.5  0.2102963300876316   
  14175.5  0.21030374117374584  
  14176.5  0.21031116154856694  
  14177.5  0.2103185816615854   
  14178.5  0.21032600151282888  
  14179.5  0.2103334115534721   
  14180.5  0.21034083088158564  
  14181.5  0.2103482499480073   
  14182.5  0.2103556592049216   
  14183.5  0.21036307774837926  
  14184.5  0.21037049603022806  
  14185.5  0.21037791405049566  
  14186.5  0.21038532226271278  
  14187.5  0.21039273976023753  
  14188.5  0.2104001569962641   
  14189.5  0.2104075644253323   
  14190.5  0.2104149811387818   
  14191.5  0.21042239759081596  
  14192.5  0.21042981378146244  
  14193.5  0.21043722016660632  
  14194.5  0.21044463583489667  
  14195.5  0.21045205124188224  
  14196.5  0.21045946638759055  
  14197.5  0.21046687172925133  
  14198.5  0.21047428635282428  
  14199.5  0.2104817007152028   
  14200.5  0.21048910527462458  
  14201.5  0.21049651911503314  
  14202.5  0.2105039326943301   
  14203.5  0.21051134601254295  
  14204.5  0.210518749529253    
  14205.5  0.21052616232571641  
  14206.5  0.21053357486117846  
  14207.5  0.2105409775962276   
  14208.5  0.21054838961010544  
  14209.5  0.21055580136306454  
  14210.5  0.21056321285513246  
  14211.5  0.21057061454824033  
  14212.5  0.21057802551894425  
  14213.5  0.2105854362288396   
  14214.5  0.21059284667795392  
  14215.5  0.21060024732956034  
  14216.5  0.2106076572575307   
  14217.5  0.21061506692480256  
  14218.5  0.2106224667956551   
  14219.5  0.21062987594194793  
  14220.5  0.21063728482762473  
  14221.5  0.21064469345271303  
  14222.5  0.21065209228283308  
  14223.5  0.2106595003871621   
  14224.5  0.21066690823098508  
  14225.5  0.21067431581432947  
  14226.5  0.21068171360415597  
  14227.5  0.21068912066696074  
  14228.5  0.2106965274693693   
  14229.5  0.21070392447934722  
  14230.5  0.2107113307613807   
  14231.5  0.21071873678310035  
  14232.5  0.21072614254453353  
  14233.5  0.21073353851498544  
  14234.5  0.21074094375626293  
  14235.5  0.2107483487373363   
  14236.5  0.2107557439285148   
  14237.5  0.21076314838959687  
  14238.5  0.21077055259055702  
  14239.5  0.21077795653142264  
  14240.5  0.2107853506838416   
  14241.5  0.21079275410493506  
  14242.5  0.21080015726601617  
  14243.5  0.21080756016711233  
  14244.5  0.2108149532812093   
  14245.5  0.21082235566275223  
  14246.5  0.21082975778439234  
  14247.5  0.21083715012011836  
  14248.5  0.21084455172236927  
  14249.5  0.21085195306479945  
  14250.5  0.2108593541474362   
  14251.5  0.2108667454456053   
  14252.5  0.21087414600907156  
  14253.5  0.21088154631282646  
  14254.5  0.21088893683319793  
  14255.5  0.21089633661794624  
  14256.5  0.2109037361430651   
  14257.5  0.21091113540858186  
  14258.5  0.2109185248921605   
  14259.5  0.21092592363888907  
  14260.5  0.2109333221260975   
  14261.5  0.210940720353813    
  14262.5  0.21094810880103507  
  14263.5  0.21095550651018063  
  14264.5  0.21096290395991518  
  14265.5  0.21097029163023917  
  14266.5  0.21097768856156734  
  14267.5  0.2109850852335663   
  14268.5  0.21099248164626336  
  14269.5  0.21099986828099337  
  14270.5  0.211007264175502    
  14271.5  0.21101465981079046  
  14272.5  0.21102204566919402  
  14273.5  0.2110294407864574   
  14274.5  0.2110368356445824   
  14275.5  0.21104423024359611  
  14276.5  0.21105161506716738  
  14277.5  0.2110590091483738   
  14278.5  0.21106640297055063  
  14279.5  0.21107379653372513  
  14280.5  0.21108118032289894  
  14281.5  0.2110885733684837   
  14282.5  0.21109596615514767  
  14283.5  0.21110334916889176  
  14284.5  0.21111074143812902  
  14285.5  0.21111813344852712  
  14286.5  0.21112552520011318  
  14287.5  0.21113290718022004  
  14288.5  0.21114029841459672  
  14289.5  0.2111476893902429   
  14290.5  0.21115508010718573  
  14291.5  0.21116246105408934  
  14292.5  0.2111698512540399   
  14293.5  0.21117724119536857  
  14294.5  0.2111846213677375   
  14295.5  0.2111920107922366   
  14296.5  0.21119939995819523  
  14297.5  0.2112067888656405   
  14298.5  0.211214168005565    
  14299.5  0.2112215563963976   
  14300.5  0.2112289445287982   
  14301.5  0.21123632289475663  
  14302.5  0.2112437105107071   
  14303.5  0.21125109786830684  
  14304.5  0.21125848496758298  
  14305.5  0.2112658623018548   
  14306.5  0.2112732488848974   
  14307.5  0.21128063520969767  
  14308.5  0.21128802127628268  
  14309.5  0.21129539757930046  
  14310.5  0.2113027831298684   
  14311.5  0.2113101684223022   
  14312.5  0.21131754395224622  
  14313.5  0.2113249287288252   
  14314.5  0.2113323132473512   
  14315.5  0.21133969750785137  
  14316.5  0.21134707200729771  
  14317.5  0.21135445575215922  
  14318.5  0.2113618392390759   
  14319.5  0.21136921296601532  
  14320.5  0.2113765959374554   
  14321.5  0.21138397865103167  
  14322.5  0.2113913611067712   
  14323.5  0.21139873380396848  
  14324.5  0.21140611574444731  
  14325.5  0.21141349742717044  
  14326.5  0.2114208788521648   
  14327.5  0.21142825052005118  
  14328.5  0.21143563143000058  
  14329.5  0.21144301208230218  
  14330.5  0.21145038297857102  
  14331.5  0.2114577631159894   
  14332.5  0.2114651429958409   
  14333.5  0.21147252261815236  
  14334.5  0.21147989248586435  
  14335.5  0.21148727159350814  
  14336.5  0.21149465044369284  
  14337.5  0.21150201954035236  
  14338.5  0.21150939787603087  
  14339.5  0.21151677595433102  
  14340.5  0.21152415377527975  
  14341.5  0.2115315218441355   
  14342.5  0.21153889915079335  
  14343.5  0.21154627620018052  
  14344.5  0.21155365299232387  
  14345.5  0.21156102003380578  
  14346.5  0.21156839631187335  
  14347.5  0.21157577233277783  
  14348.5  0.21158313860409392  
  14349.5  0.2115905141110838   
  14350.5  0.21159788936099125  
  14351.5  0.21160526435384314  
  14352.5  0.21161262959853697  
  14353.5  0.21162000407768908  
  14354.5  0.2116273782998662   
  14355.5  0.21163474277495758  
  14356.5  0.21164211648359596  
  14357.5  0.21164948993533986  
  14358.5  0.21165686313021617  
  14359.5  0.21166422657943604  
  14360.5  0.2116715992609882   
  14361.5  0.21167897168575323  
  14362.5  0.21168634385375795  
  14363.5  0.21169370627753492  
  14364.5  0.2117010779324299   
  14365.5  0.21170844933064503  
  14366.5  0.21171581098570338  
  14367.5  0.21172318187096947  
  14368.5  0.21173055249963607  
  14369.5  0.21173792287173     
  14370.5  0.2117452835020947   
  14371.5  0.21175265336145377  
  14372.5  0.21176002296432045  
  14373.5  0.2117673923107216   
  14374.5  0.21177475191682044  
  14375.5  0.21178212075070074  
  14376.5  0.21178948932819572  
  14377.5  0.21179684816645808  
  14378.5  0.2118042162315926   
  14379.5  0.21181158404042205  
  14380.5  0.21181895159297315  
  14381.5  0.21182630940771754  
  14382.5  0.21183367644812195  
  14383.5  0.21184104323232822  
  14384.5  0.21184840027979662  
  14385.5  0.2118557665520164   
  14386.5  0.21186313256811815  
  14387.5  0.2118704983281286   
  14388.5  0.2118778543528259   
  14389.5  0.21188521960106338  
  14390.5  0.2118925845932896   
  14391.5  0.2118999493295313   
  14392.5  0.211907304331884    
  14393.5  0.21191466855656602  
  14394.5  0.21192203252534356  
  14395.5  0.21192938676129972  
  14396.5  0.21193675021867747  
  14397.5  0.2119441134202307   
  14398.5  0.2119514763659861   
  14399.5  0.21195882958034312  
  14400.5  0.21196619201491182  
  14401.5  0.2119735541937626   
  14402.5  0.21198090664228178  
  14403.5  0.2119882683101056   
  14404.5  0.21199562972229136  
  14405.5  0.21200299087886565  
  14406.5  0.21201034230653037  
  14407.5  0.21201770295229055  
  14408.5  0.2120250633425191   
  14409.5  0.21203242347724272  
  14410.5  0.212039773884478    
  14411.5  0.21204713350860016  
  14412.5  0.21205449287729708  
  14413.5  0.2120618425195712   
  14414.5  0.21206920137782606  
  14415.5  0.21207655998073544  
  14416.5  0.2120839183283259   
  14417.5  0.21209126695091382  
  14418.5  0.21209862478827468  
  14419.5  0.2121059823703963   
  14420.5  0.21211333022858003  
  14421.5  0.21212068730063124  
  14422.5  0.21212804411752284  
  14423.5  0.21213540067928138  
  14424.5  0.2121427475185212   
  14425.5  0.2121501035704215   
  14426.5  0.2121574593672683   
  14427.5  0.21216481490908815  
  14428.5  0.21217216072980782  
  14429.5  0.2121795157619815   
  14430.5  0.2121868705392077   
  14431.5  0.21219421559639712  
  14432.5  0.21220156986413602  
  14433.5  0.21220892387700696  
  14434.5  0.21221627763503645  
  14435.5  0.21222362167444664  
  14436.5  0.2122309749232006   
  14437.5  0.2122383279171925   
  14438.5  0.21224568065644886  
  14439.5  0.21225302367850274  
  14440.5  0.21226037590869515  
  14441.5  0.2122677278842314   
  14442.5  0.2122750701436273   
  14443.5  0.2122824216102582   
  14444.5  0.21228977282231226  
  14445.5  0.21229712377981594  
  14446.5  0.21230446502259503  
  14447.5  0.2123118154714047   
  14448.5  0.21231916566574327  
  14449.5  0.21232650614641854  
  14450.5  0.21233385583222159  
  14451.5  0.21234120526363268  
  14452.5  0.21234855444067835  
  14453.5  0.21235589390547538  
  14454.5  0.21236324257419653  
  14455.5  0.21237059098863142  
  14456.5  0.2123779391488064   
  14457.5  0.21238527759814685  
  14458.5  0.21239262525020833  
  14459.5  0.21239997264808902  
  14460.5  0.2124073103361952   
  14461.5  0.21241465722612052  
  14462.5  0.21242200386194415  
  14463.5  0.21242935024369242  
  14464.5  0.2124366869170792   
  14465.5  0.2124440327910828   
  14466.5  0.21245137841109007  
  14467.5  0.21245871432379512  
  14468.5  0.21246605943621563  
  14469.5  0.21247340429471884  
  14470.5  0.21248074889933108  
  14471.5  0.21248808379805295  
  14472.5  0.21249542789528886  
  14473.5  0.2125027717387127   
  14474.5  0.21251011532835085  
  14475.5  0.21251744921350987  
  14476.5  0.21252479229598198  
  14477.5  0.21253213512474725  
  14478.5  0.21253946825009137  
  14479.5  0.21254681057184824  
  14480.5  0.21255415263997707  
  14481.5  0.21256149445450417  
  14482.5  0.2125688265670204   
  14483.5  0.21257616787474914  
  14484.5  0.21258350892895495  
  14485.5  0.21259084028220698  
  14486.5  0.21259818082977183  
  14487.5  0.21260552112389253  
  14488.5  0.2126128611645952   
  14489.5  0.21262019150575331  
  14490.5  0.21262753104002494  
  14491.5  0.21263487032095724  
  14492.5  0.2126422093485765   
  14493.5  0.2126495386780597   
  14494.5  0.21265687719945747  
  14495.5  0.21266421546762088  
  14496.5  0.21267154403870409  
  14497.5  0.21267888180080313  
  14498.5  0.21268621930974638  
  14499.5  0.21269355656555997  
  14500.5  0.2127008841257009   
  14501.5  0.21270822087565958  
  14502.5  0.21271555737256717  
  14503.5  0.21272288417485716  
  14504.5  0.21273022016606674  
  14505.5  0.21273755590430377  
  14506.5  0.21274489138959435  
  14507.5  0.21275221718167378  
  14508.5  0.2127595521614755   
  14509.5  0.21276688688840928  
  14510.5  0.21277422136250126  
  14511.5  0.2127815461447878   
  14512.5  0.21278888011359992  
  14513.5  0.2127962138296486   
  14514.5  0.2128035378549457   
  14515.5  0.21281087106587118  
  14516.5  0.21281820402411158  
  14517.5  0.21282553672969304  
  14518.5  0.21283285974592764  
  14519.5  0.2128401919465946   
  14520.5  0.21284752389468092  
  14521.5  0.21285485559021272  
  14522.5  0.2128621775978017   
  14523.5  0.21286950878862765  
  14524.5  0.21287683972697724  
  14525.5  0.21288416097843668  
  14526.5  0.21289149141223673  
  14527.5  0.2128988215936387   
  14528.5  0.21290615152266865  
  14529.5  0.21291347176621145  
  14530.5  0.2129208011909002   
  14531.5  0.21292813036329508  
  14532.5  0.21293544985125462  
  14533.5  0.2129427785194645   
  14534.5  0.21295010693545857  
  14535.5  0.2129574350992629   
  14536.5  0.2129647535800339   
  14537.5  0.21297208123986133  
  14538.5  0.21297940864757706  
  14539.5  0.21298673580320715  
  14540.5  0.21299405327720522  
  14541.5  0.21300137992906637  
  14542.5  0.21300870632891983  
  14543.5  0.2130160230481918   
  14544.5  0.2130233489444322   
  14545.5  0.2130306745887429   
  14546.5  0.21303799998114983  
  14547.5  0.21304531569437565  
  14548.5  0.21305264058337722  
  14549.5  0.21305996522055298  
  14550.5  0.2130672801795973   
  14551.5  0.21307460431352337  
  14552.5  0.21308192819570151  
  14553.5  0.21308925182615765  
  14554.5  0.21309656577988162  
  14555.5  0.2131038889072955   
  14556.5  0.21311121178306522  
  14557.5  0.21311853440721673  
  14558.5  0.2131258473560347   
  14559.5  0.21313316947735125  
  14560.5  0.21314049134712734  
  14561.5  0.2131478035426184   
  14562.5  0.21315512490971494  
  14563.5  0.21316244602534876  
  14564.5  0.2131697668895457   
  14565.5  0.2131770780808552   
  14566.5  0.21318439844257966  
  14567.5  0.21319171855294497  
  14568.5  0.21319902899147053  
  14569.5  0.21320634859951854  
  14570.5  0.21321366795628502  
  14571.5  0.2132209870617958   
  14572.5  0.21322829649686337  
  14573.5  0.21323561510026368  
  14574.5  0.2132429334524859   
  14575.5  0.2132502515535559   
  14576.5  0.2132575599855786   
  14577.5  0.2132648775847448   
  14578.5  0.2132721949328363   
  14579.5  0.2132795026129269   
  14580.5  0.21328681945926956  
  14581.5  0.21329413605461492  
  14582.5  0.21330145239898884  
  14583.5  0.21330875907675684  
  14584.5  0.21331607491958832  
  14585.5  0.21332339051152585  
  14586.5  0.21333069643790303  
  14587.5  0.21333801152845283  
  14588.5  0.213345326368186    
  14589.5  0.2133526409571284   
  14590.5  0.21335994588190427  
  14591.5  0.21336725996966513  
  14592.5  0.2133745738067125   
  14593.5  0.21338188739307218  
  14594.5  0.21338919131665857  
  14595.5  0.21339650440204275  
  14596.5  0.2134038172368165   
  14597.5  0.2134111204098614   
  14598.5  0.21341843274381408  
  14599.5  0.2134257448272336   
  14600.5  0.21343305666014573  
  14601.5  0.21344035883272108  
  14602.5  0.21344767016501792  
  14603.5  0.2134549812468845   
  14604.5  0.2134622920783466   
  14605.5  0.21346959325086357  
  14606.5  0.213476903581916    
  14607.5  0.21348421366264111  
  14608.5  0.21349151408546427  
  14609.5  0.21349882366593387  
  14610.5  0.2135061329961532   
  14611.5  0.21351344207614795  
  14612.5  0.2135207414996313   
  14613.5  0.21352805007957595  
  14614.5  0.21353535840937313  
  14615.5  0.21354265708370124  
  14616.5  0.21354996491360226  
  14617.5  0.21355727249343276  
  14618.5  0.21356457982321841  
  14619.5  0.21357187749892448  
  14620.5  0.21357918432901912  
  14621.5  0.21358649090914592  
  14622.5  0.21359379723933045  
  14623.5  0.21360109391682428  
  14624.5  0.21360839974752285  
  14625.5  0.2136157053283561   
  14626.5  0.21362300125753977  
  14627.5  0.2136303063390407   
  14628.5  0.21363761117075314  
  14629.5  0.21364491575270272  
  14630.5  0.21365221068439058  
  14631.5  0.21365951476721265  
  14632.5  0.21366681860034864  
  14633.5  0.2136741127842633   
  14634.5  0.21368141611842525  
  14635.5  0.21368871920297794  
  14636.5  0.21369602203794688  
  14637.5  0.2137033152250813   
  14638.5  0.21371061756128074  
  14639.5  0.2137179196479732   
  14640.5  0.21372522148518425  
  14641.5  0.21373251367594692  
  14642.5  0.21373981501459285  
  14643.5  0.21374711610383407  
  14644.5  0.213754407547666    
  14645.5  0.21376170813849527  
  14646.5  0.2137690084799964   
  14647.5  0.21377630857219493  
  14648.5  0.2137835990203694   
  14649.5  0.21379089861436015  
  14650.5  0.21379819795912489  
  14651.5  0.2138054876609039   
  14652.5  0.21381278650761384  
  14653.5  0.21382008510517433  
  14654.5  0.21382738345361085  
  14655.5  0.21383467216044577  
  14656.5  0.2138419700110314   
  14657.5  0.21384926761256956  
  14658.5  0.2138565649650857   
  14659.5  0.21386385267738375  
  14660.5  0.2138711495322528   
  14661.5  0.2138784461381763   
  14662.5  0.2138857331049188   
  14663.5  0.21389302921334788  
  14664.5  0.2139003250729078   
  14665.5  0.21390762068362398  
  14666.5  0.21391490665654167  
  14667.5  0.21392220176996699  
  14668.5  0.21392949663462493  
  14669.5  0.213936791250541    
  14670.5  0.21394407623004036  
  14671.5  0.2139513703488689   
  14672.5  0.21395866421903179  
  14673.5  0.21396594845381395  
  14674.5  0.2139732418270418   
  14675.5  0.21398053495168023  
  14676.5  0.2139878278277547   
  14677.5  0.21399511106982924  
  14678.5  0.2140024034491718   
  14679.5  0.21400969558002653  
  14680.5  0.21401697807791653  
  14681.5  0.2140242697121916   
  14682.5  0.21403156109805505  
  14683.5  0.21403885223553226  
  14684.5  0.21404613374142453  
  14685.5  0.21405342438252495  
  14686.5  0.21406071477531524  
  14687.5  0.21406800491982075  
  14688.5  0.21407528543412052  
  14689.5  0.21408257508245204  
  14690.5  0.21408986448257483  
  14691.5  0.21409714425352577  
  14692.5  0.21410443315762653  
  14693.5  0.21411172181359453  
  14694.5  0.2141190102214552   
  14695.5  0.21412628900152222  
  14696.5  0.21413357691356333  
  14697.5  0.21414086457757306  
  14698.5  0.2141481426148223   
  14699.5  0.21415542978316426  
  14700.5  0.21416271670355078  
  14701.5  0.21417000337600706  
  14702.5  0.21417728042308     
  14703.5  0.21418456660007085  
  14704.5  0.21419185252920736  
  14705.5  0.21419913821051487  
  14706.5  0.21420641426781561  
  14707.5  0.2142136994538598   
  14708.5  0.2142209843921508   
  14709.5  0.2142282597074669   
  14710.5  0.21423554415064608  
  14711.5  0.21424282834614783  
  14712.5  0.2142501122939974   
  14713.5  0.21425738662024763  
  14714.5  0.2142646700731873   
  14715.5  0.21427195327855053  
  14716.5  0.21427922686334558  
  14717.5  0.21428650957395023  
  14718.5  0.2142937920370541   
  14719.5  0.21430107425268247  
  14720.5  0.21430834684911715  
  14721.5  0.2143156285701886   
  14722.5  0.21432291004386017  
  14723.5  0.21433019127015707  
  14724.5  0.2143374628786342   
  14725.5  0.2143447436105757   
  14726.5  0.21435202409521809  
  14727.5  0.21435929496307068  
  14728.5  0.21436657495350872  
  14729.5  0.21437385469672326  
  14730.5  0.21438113419273944  
  14731.5  0.21438840407333865  
  14732.5  0.21439568307535176  
  14733.5  0.214402961830242    
  14734.5  0.21441023097074444  
  14735.5  0.21441750923178246  
  14736.5  0.21442478724577307  
  14737.5  0.21443206501274148  
  14738.5  0.21443933316669392  
  14739.5  0.21444661044001115  
  14740.5  0.21445388746638153  
  14741.5  0.21446116424583023  
  14742.5  0.21446843141363425  
  14743.5  0.2144757076996327   
  14744.5  0.2144829837387848   
  14745.5  0.21449025016732018  
  14746.5  0.2144975257131726   
  14747.5  0.21450480101225397  
  14748.5  0.21451207606458944  
  14749.5  0.21451934150767848  
  14750.5  0.21452661606691492  
  14751.5  0.21453389037948073  
  14752.5  0.214541164445401    
  14753.5  0.2145484289034445   
  14754.5  0.21455570247646624  
  14755.5  0.21456297580291767  
  14756.5  0.2145702395225191   
  14757.5  0.21457751235622236  
  14758.5  0.21458478494343045  
  14759.5  0.21459205728416844  
  14760.5  0.21459932001942505  
  14761.5  0.21460659186761516  
  14762.5  0.21461386346941028  
  14763.5  0.21462112546675002  
  14764.5  0.21462839657614738  
  14765.5  0.21463566743922485  
  14766.5  0.21464293805600748  
  14767.5  0.21465019906970234  
  14768.5  0.21465746919428724  
  14769.5  0.21466473907265235  
  14770.5  0.21467200870482264  
  14771.5  0.2146792687352722   
  14772.5  0.21468653787544473  
  14773.5  0.21469380676949743  
  14774.5  0.2147010660628542   
  14775.5  0.21470833446505894  
  14776.5  0.2147156026212188   
  14777.5  0.21472287053135883  
  14778.5  0.2147301288421689   
  14779.5  0.21473739626066066  
  14780.5  0.21474466343320742  
  14781.5  0.2147519210074483   
  14782.5  0.21475918768849644  
  14783.5  0.21476645412367448  
  14784.5  0.2147737203130074   
  14785.5  0.21478097690539938  
  14786.5  0.2147882426034331   
  14787.5  0.21479550805569647  
  14788.5  0.21480277326221442  
  14789.5  0.21481002887315592  
  14790.5  0.21481729358857404  
  14791.5  0.21482455805832154  
  14792.5  0.21483181293351533  
  14793.5  0.21483907691231235  
  14794.5  0.21484634064551347  
  14795.5  0.2148536041331435   
  14796.5  0.21486085802758334  
  14797.5  0.214868121024462    
  14798.5  0.21487538377584434  
  14799.5  0.2148826369350585   
  14800.5  0.21488989919583867  
  14801.5  0.2148971612111971   
  14802.5  0.21490442298115872  
  14803.5  0.21491167516031454  
  14804.5  0.21491893643987284  
  14805.5  0.21492619747410885  
  14806.5  0.21493345826304744  
  14807.5  0.21494070946254212  
  14808.5  0.21494796976127614  
  14809.5  0.21495522981478726  
  14810.5  0.21496248027987533  
  14811.5  0.2149697398433308   
  14812.5  0.2149769991616379   
  14813.5  0.21498425823482145  
  14814.5  0.21499150772094272  
  14815.5  0.2149987663042691   
  14816.5  0.21500602464254634  
  14817.5  0.21501328273579934  
  14818.5  0.21502053124335024  
  14819.5  0.21502778884694437  
  14820.5  0.2150350462055886   
  14821.5  0.21504229397955046  
  14822.5  0.21504955084868452  
  14823.5  0.215056807472943    
  14824.5  0.2150640638523508   
  14825.5  0.21507131064843538  
  14826.5  0.21507856653853105  
  14827.5  0.21508582218385028  
  14828.5  0.21509306824686528  
  14829.5  0.2151003234030209   
  14830.5  0.21510757831447436  
  14831.5  0.2151148329812504   
  14832.5  0.2151220780670804   
  14833.5  0.2151293322448907   
  14834.5  0.2151365861780978   
  14835.5  0.21514383986672644  
  14836.5  0.2151510839757667   
  14837.5  0.21515833717562735  
  14838.5  0.21516559013098374  
  14839.5  0.21517283350776945  
  14840.5  0.215180085974506    
  14841.5  0.21518733819681246  
  14842.5  0.21519459017471343  
  14843.5  0.21520183257540038  
  14844.5  0.2152090840648791   
  14845.5  0.2152163353100264   
  14846.5  0.21522357697897668  
  14847.5  0.21523082773584976  
  14848.5  0.21523807824846555  
  14849.5  0.2152453285168487   
  14850.5  0.21525256921039035  
  14851.5  0.2152598189906965   
  14852.5  0.21526706852684402  
  14853.5  0.21527431781885756  
  14854.5  0.2152815575373847   
  14855.5  0.2152888063415184   
  14856.5  0.21529605490159207  
  14857.5  0.21530329388919514  
  14858.5  0.2153105419615367   
  14859.5  0.2153177897898922   
  14860.5  0.21532503737428618  
  14861.5  0.21533227538756355  
  14862.5  0.21533952248442237  
  14863.5  0.21534676933739355  
  14864.5  0.21535400662026316  
  14865.5  0.21536125298584677  
  14866.5  0.21536849910761657  
  14867.5  0.21537574498559714  
  14868.5  0.2153829812948292   
  14869.5  0.21539022668561886  
  14870.5  0.2153974718326931   
  14871.5  0.2154047167360765   
  14872.5  0.21541195207206382  
  14873.5  0.21541919648845287  
  14874.5  0.21542644066122477  
  14875.5  0.2154336752676145   
  14876.5  0.21544091895353934  
  14877.5  0.21544816239592077  
  14878.5  0.21545540559478332  
  14879.5  0.21546263922861514  
  14880.5  0.21546988194082695  
  14881.5  0.2154771244095935   
  14882.5  0.21548435731434248  
  14883.5  0.2154915992966054   
  14884.5  0.21549884103549674  
  14885.5  0.21550608253104092  
  14886.5  0.215513314463918    
  14887.5  0.21552055547315466  
  14888.5  0.2155277962391178   
  14889.5  0.21553503676183183  
  14890.5  0.21554226772322868  
  14891.5  0.21554950775983117  
  14892.5  0.21555674755325815  
  14893.5  0.21556397778637978  
  14894.5  0.21557121709384203  
  14895.5  0.2155784561582022   
  14896.5  0.21558569497948477  
  14897.5  0.2155929242418109   
  14898.5  0.2156001625773245   
  14899.5  0.2156074006698339   
  14900.5  0.2156146385193636   
  14901.5  0.21562186681128517  
  14902.5  0.2156291041752415   
  14903.5  0.21563634129629144  
  14904.5  0.21564356886074404  
  14905.5  0.2156508054963672   
  14906.5  0.2156580418891573   
  14907.5  0.21566527803913885  
  14908.5  0.2156725046338704   
  14909.5  0.2156797402986205   
  14910.5  0.2156869757206353   
  14911.5  0.2156942015884101   
  14912.5  0.21570143652533988  
  14913.5  0.2157086712196076   
  14914.5  0.21571590567123766  
  14915.5  0.21572313056997408  
  14916.5  0.21573036453671426  
  14917.5  0.21573759826088995  
  14918.5  0.21574483174252562  
  14919.5  0.21575205567261338  
  14920.5  0.21575928866955416  
  14921.5  0.215766521424028    
  14922.5  0.21577374462796284  
  14923.5  0.21578097689788794  
  14924.5  0.21578820892541922  
  14925.5  0.2157954407105811   
  14926.5  0.2158026629465487   
  14927.5  0.21580989424735658  
  14928.5  0.21581712530586808  
  14929.5  0.21582434681619345  
  14930.5  0.21583157739049696  
  14931.5  0.21583880772257713  
  14932.5  0.21584603781245826  
  14933.5  0.21585325835549699  
  14934.5  0.2158604879613647   
  14935.5  0.21586771732510632  
  14936.5  0.2158749464467462   
  14937.5  0.21588216602288693  
  14938.5  0.2158893946607078   
  14939.5  0.21589662305649987  
  14940.5  0.2159038419077997   
  14941.5  0.21591106981991848  
  14942.5  0.2159182974900813   
  14943.5  0.21592552491831246  
  14944.5  0.21593274280339367  
  14945.5  0.21593996974814572  
  14946.5  0.215947196451039    
  14947.5  0.21595441361178846  
  14948.5  0.21596163983134817  
  14949.5  0.21596886580912186  
  14950.5  0.2159760915451338   
  14951.5  0.21598330774034322  
  14952.5  0.21599053299321555  
  14953.5  0.21599775800439888  
  14954.5  0.21600498277391753  
  14955.5  0.21601219800397425  
  14956.5  0.21601942229054708  
  14957.5  0.2160266463355279   
  14958.5  0.21603386084205187  
  14959.5  0.21604108440423217  
  14960.5  0.21604830772489308  
  14961.5  0.21605553080405887  
  14962.5  0.2160627443461075   
  14963.5  0.2160699669426664   
  14964.5  0.21607718929780273  
  14965.5  0.21608441141154078  
  14966.5  0.2160916239895008   
  14967.5  0.21609884562082543  
  14968.5  0.21610606701082427  
  14969.5  0.21611327886604895  
  14970.5  0.21612049977377942  
  14971.5  0.2161277204402566   
  14972.5  0.2161349408655048   
  14973.5  0.21614215175731696  
  14974.5  0.21614937170048998  
  14975.5  0.2161565914025064   
  14976.5  0.21616380157208998  
  14977.5  0.2161710207921761   
  14978.5  0.21617823977117806  
  14979.5  0.2161854585091201   
  14980.5  0.21619266771596643  
  14981.5  0.21619988597217113  
  14982.5  0.2162071039873883   
  14983.5  0.21621432176164204  
  14984.5  0.21622153000613664  
  14985.5  0.21622874729884597  
  14986.5  0.21623596435066422  
  14987.5  0.21624317187372533  
  14988.5  0.2162503884441437   
  14989.5  0.21625760477374334  
  14990.5  0.21626482086254833  
  14991.5  0.21627202742393176  
  14992.5  0.21627924303152954  
  14993.5  0.216286458398405    
  14994.5  0.2162936642388601   
  14995.5  0.21630087912467272  
  14996.5  0.2163080937698352   
  14997.5  0.21631530817437158  
  14998.5  0.2163225130538223   
  14999.5  0.2163297269774884   
  15000.5  0.21633694066060052  
  15001.5  0.21634415410318283  
  15002.5  0.2163513580220136   
  15003.5  0.21635857098391792  
  15004.5  0.21636578370536452  
  15005.5  0.21637298690405965  
  15006.5  0.21638019914497236  
  15007.5  0.2163874111454995   
  15008.5  0.21639462290566502  
  15009.5  0.21640182514441217  
  15010.5  0.21640903642423595  
  15011.5  0.2164162474637702   
  15012.5  0.21642344898288537  
  15013.5  0.21643065954222182  
  15014.5  0.21643786986134073  
  15015.5  0.21644507994026616  
  15016.5  0.21645228050010465  
  15017.5  0.2164594900990241   
  15018.5  0.21646669945782204  
  15019.5  0.21647390857652243  
  15020.5  0.21648110817746746  
  15021.5  0.21648831681635364  
  15022.5  0.2164955252152142   
  15023.5  0.21650272409731758  
  15024.5  0.21650993201650764  
  15025.5  0.21651713969574393  
  15026.5  0.21652434713505045  
  15027.5  0.2165315450589304   
  15028.5  0.2165387520187579   
  15029.5  0.2165459587387275   
  15030.5  0.216553155944268    
  15031.5  0.21656036218490213  
  15032.5  0.21656756818575013  
  15033.5  0.21657477394683589  
  15034.5  0.21658197019482217  
  15035.5  0.2165891754767638   
  15036.5  0.21659638051901492  
  15037.5  0.21660358532159954  
  15038.5  0.2166107806124137   
  15039.5  0.2166179849360453   
  15040.5  0.2166251890200821   
  15041.5  0.21663238359334477  
  15042.5  0.21663958719857182  
  15043.5  0.21664679056427572  
  15044.5  0.2166539936904803   
  15045.5  0.2166611873072389   
  15046.5  0.21666838995482474  
  15047.5  0.21667559236298292  
  15048.5  0.21668279453173725  
  15049.5  0.21668998719237317  
  15050.5  0.2166971888826996   
  15051.5  0.2167043903336938   
  15052.5  0.2167115822775647   
  15053.5  0.21671878325027397  
  15054.5  0.21672598398372256  
  15055.5  0.2167331844779343   
  15056.5  0.21674037546634933  
  15057.5  0.21674757548246676  
  15058.5  0.2167547752594188   
  15059.5  0.2167619655315686   
  15060.5  0.21676916483056918  
  15061.5  0.21677636389047583  
  15062.5  0.21678356271131244  
  15063.5  0.21679075202867237  
  15064.5  0.21679795037174787  
  15065.5  0.2168051484758247   
  15066.5  0.21681234634092664  
  15067.5  0.21681953470387694  
  15068.5  0.21682673209140804  
  15069.5  0.2168339292400356   
  15070.5  0.2168411168875049   
  15071.5  0.2168483135587042   
  15072.5  0.2168555099910713   
  15073.5  0.21686270618463002  
  15074.5  0.21686989287835445  
  15075.5  0.21687708859467492  
  15076.5  0.21688428407225824  
  15077.5  0.2168914700509999   
  15078.5  0.21689866505148742  
  15079.5  0.21690585981330898  
  15080.5  0.21691305433648847  
  15081.5  0.21692023936214938  
  15082.5  0.2169274334084228   
  15083.5  0.2169346272161253   
  15084.5  0.21694182078528054  
  15085.5  0.2169490048582398   
  15086.5  0.21695619795067875  
  15087.5  0.21696339080464158  
  15088.5  0.21697057416339988  
  15089.5  0.21697776654078857  
  15090.5  0.21698495867977227  
  15091.5  0.21699215058037474  
  15092.5  0.2169993329870942   
  15093.5  0.21700652441131196  
  15094.5  0.2170137155972195   
  15095.5  0.2170208972902348   
  15096.5  0.21702808799989962  
  15097.5  0.2170352784713253   
  15098.5  0.21704246870453547  
  15099.5  0.21704964944617403  
  15100.5  0.21705683920333071  
  15101.5  0.2170640287223429   
  15102.5  0.21707121800323423  
  15103.5  0.21707839779387403  
  15104.5  0.217085586598901    
  15105.5  0.21709277516587808  
  15106.5  0.2170999542435932   
  15107.5  0.21710714233484765  
  15108.5  0.2171143301881231   
  15109.5  0.21712151780344316  
  15110.5  0.21712869593082038  
  15111.5  0.2171358830706067   
  15112.5  0.21714306997250848  
  15113.5  0.21715025663654938  
  15114.5  0.21715743381396602  
  15115.5  0.21716462000266198  
  15116.5  0.2171718059535678   
  15117.5  0.21717898241883787  
  15118.5  0.21718616789454023  
  15119.5  0.21719335313252328  
  15120.5  0.21720053813281057  
  15121.5  0.2172077136487797   
  15122.5  0.21721489817405204  
  15123.5  0.21722208246169944  
  15124.5  0.21722925726601638  
  15125.5  0.21723644107879014  
  15126.5  0.2172436246540096   
  15127.5  0.2172508079916982   
  15128.5  0.21725798184737313  
  15129.5  0.21726516471037655  
  15130.5  0.21727234733591982  
  15131.5  0.2172795297240265   
  15132.5  0.2172867026314355   
  15133.5  0.2172938845450452   
  15134.5  0.21730106622128886  
  15135.5  0.2173082384178215   
  15136.5  0.21731541961970918  
  15137.5  0.21732260058430145  
  15138.5  0.21732978131162178  
  15139.5  0.21733695256054625  
  15140.5  0.21734413281369863  
  15141.5  0.2173513128296496   
  15142.5  0.21735848336819058  
  15143.5  0.21736566291011447  
  15144.5  0.21737284221490746  
  15145.5  0.217380021282593    
  15146.5  0.21738719087418276  
  15147.5  0.21739436946802898  
  15148.5  0.21740154782483825  
  15149.5  0.217408725944634    
  15150.5  0.21741589458964758  
  15151.5  0.21742307223579166  
  15152.5  0.21743024964499263  
  15153.5  0.21743741758039623  
  15154.5  0.21744459451608616  
  15155.5  0.21745177121490336  
  15156.5  0.2174589476768712   
  15157.5  0.21746611466635435  
  15158.5  0.21747329065499865  
  15159.5  0.2174804664068639   
  15160.5  0.21748763268722854  
  15161.5  0.2174948079659107   
  15162.5  0.2175019830078841   
  15163.5  0.21750915781317218  
  15164.5  0.21751632314827138  
  15165.5  0.2175234974805636   
  15166.5  0.2175306715762407   
  15167.5  0.2175378454353261   
  15168.5  0.21754500982553382  
  15169.5  0.21755218321181047  
  15170.5  0.21755935636156556  
  15171.5  0.21756652004342594  
  15172.5  0.2175736927205125   
  15173.5  0.2175808651611477   
  15174.5  0.21758803736535484  
  15175.5  0.21759520010297756  
  15176.5  0.21760237183470307  
  15177.5  0.21760954333007068  
  15178.5  0.21761670535983602  
  15179.5  0.21762387638286207  
  15180.5  0.21763104716960022  
  15181.5  0.2176382177200739   
  15182.5  0.21764537880625465  
  15183.5  0.2176525488845734   
  15184.5  0.21765971872669768  
  15185.5  0.21766688833265083  
  15186.5  0.21767404847561977  
  15187.5  0.21768121760960454  
  15188.5  0.21768838650748812  
  15189.5  0.2176955459433686   
  15190.5  0.21770271436942362  
  15191.5  0.21770988255944743  
  15192.5  0.21771705051346327  
  15193.5  0.21772420900678385  
  15194.5  0.21773137648915747  
  15195.5  0.21773854373559307  
  15196.5  0.21774571074611393  
  15197.5  0.21775286829724672  
  15198.5  0.21776003483631157  
  15199.5  0.21776720113953146  
  15200.5  0.21777435798434336  
  15201.5  0.2177815238162468   
  15202.5  0.21778868941237514  
  15203.5  0.21779585477275168  
  15204.5  0.2178030106760265   
  15205.5  0.21781017556527257  
  15206.5  0.21781734021883656  
  15207.5  0.21782449541627813  
  15208.5  0.21783165959885104  
  15209.5  0.2178388235458116   
  15210.5  0.2178459872571831   
  15211.5  0.21785314151373752  
  15212.5  0.21786030475430374  
  15213.5  0.2178674677593505   
  15214.5  0.21787463052890108  
  15215.5  0.21788178384493953  
  15216.5  0.21788894614387044  
  15217.5  0.21789610820737484  
  15218.5  0.21790326081834524  
  15219.5  0.21791042241136913  
  15220.5  0.21791758376903608  
  15221.5  0.21792474489136932  
  15222.5  0.21793189656247242  
  15223.5  0.21793905721451057  
  15224.5  0.21794621763128455  
  15225.5  0.21795336859780584  
  15226.5  0.21796052854442377  
  15227.5  0.21796768825584698  
  15228.5  0.21797484773209874  
  15229.5  0.2179819977594008   
  15230.5  0.21798915676568167  
  15231.5  0.21799631553686058  
  15232.5  0.21800347407296064  
  15233.5  0.21801062316141337  
  15234.5  0.2180177812277277   
  15235.5  0.21802493905903259  
  15236.5  0.2180320874436665   
  15237.5  0.2180392448053244   
  15238.5  0.21804640193204225  
  15239.5  0.21805355882384322  
  15240.5  0.21806070627027474  
  15241.5  0.21806786269261358  
  15242.5  0.2180750188801049   
  15243.5  0.2180821656232024   
  15244.5  0.21808932134137018  
  15245.5  0.21809647682475974  
  15246.5  0.21810363207339417  
  15247.5  0.21811077787893535  
  15248.5  0.21811793265843094  
  15249.5  0.21812508720324067  
  15250.5  0.21813224151338764  
  15251.5  0.21813938638174138  
  15252.5  0.21814654022293406  
  15253.5  0.21815369382953323  
  15254.5  0.21816083799531366  
  15255.5  0.21816799113309687  
  15256.5  0.21817514403635574  
  15257.5  0.21818229670511335  
  15258.5  0.2181894399343513   
  15259.5  0.21819659213447729  
  15260.5  0.21820374410017113  
  15261.5  0.21821088662731916  
  15262.5  0.21821803812451956  
  15263.5  0.21822518938735694  
  15264.5  0.21823234041585438  
  15265.5  0.21823948200710414  
  15266.5  0.21824663256729224  
  15267.5  0.2182537828932094   
  15268.5  0.21826093298487875  
  15269.5  0.218268073640598    
  15270.5  0.21827522326414203  
  15271.5  0.2182823726535072   
  15272.5  0.21828951260789503  
  15273.5  0.21829666152927282  
  15274.5  0.21830381021654072  
  15275.5  0.21831095866972178  
  15276.5  0.21831809768922217  
  15277.5  0.21832524567459963  
  15278.5  0.21833239342595914  
  15279.5  0.21833954094332375  
  15280.5  0.21834667902830382  
  15281.5  0.21835382607804854  
  15282.5  0.2183609728938672   
  15283.5  0.21836811027827296  
  15284.5  0.21837525662660942  
  15285.5  0.21838240274108867  
  15286.5  0.2183895486217337   
  15287.5  0.21839668507226104  
  15288.5  0.21840383048560733  
  15289.5  0.21841097566518822  
  15290.5  0.21841811141562234  
  15291.5  0.218425256128042    
  15292.5  0.21843240060676503  
  15293.5  0.21843954485181438  
  15294.5  0.2184466796690112   
  15295.5  0.2184538234470826   
  15296.5  0.21846096699154904  
  15297.5  0.2184681103024334   
  15298.5  0.21847524418675904  
  15299.5  0.21848238703084863  
  15300.5  0.21848952964142485  
  15301.5  0.21849666282641214  
  15302.5  0.21850380497033084  
  15303.5  0.21851094688080483  
  15304.5  0.21851808855785704  
  15305.5  0.21852522081061312  
  15306.5  0.21853236202119072  
  15307.5  0.21853950299841512  
  15308.5  0.2185466345523126   
  15309.5  0.21855377506319953  
  15310.5  0.21856091534080183  
  15311.5  0.2185680553851424   
  15312.5  0.21857518600744794  
  15313.5  0.21858232558563376  
  15314.5  0.21858946493062636  
  15315.5  0.2185966040424486   
  15316.5  0.21860373373352718  
  15317.5  0.21861087237937726  
  15318.5  0.21861801079212553  
  15319.5  0.21862513978509812  
  15320.5  0.21863227773201108  
  15321.5  0.21863941544589063  
  15322.5  0.21864655292675964  
  15323.5  0.21865368098914337  
  15324.5  0.21866081800435946  
  15325.5  0.2186679547866334   
  15326.5  0.21867508215138945  
  15327.5  0.21868221846814723  
  15328.5  0.21868935455203117  
  15329.5  0.21869649040306416  
  15330.5  0.21870361683786876  
  15331.5  0.21871075222356776  
  15332.5  0.2187178873764841   
  15333.5  0.2187250222966406   
  15334.5  0.21873214780185765  
  15335.5  0.2187392822568622   
  15336.5  0.21874641647917523  
  15337.5  0.21875354128751504  
  15338.5  0.21876067504481259  
  15339.5  0.21876780856948683  
  15340.5  0.21877494186156046  
  15341.5  0.218782065740949    
  15342.5  0.2187891985681891   
  15343.5  0.2187963311628968   
  15344.5  0.21880346352509492  
  15345.5  0.21881058647589546  
  15346.5  0.21881771837344174  
  15347.5  0.21882485003854657  
  15348.5  0.21883197229321902  
  15349.5  0.21883910349380822  
  15350.5  0.21884623446202414  
  15351.5  0.21885336519788948  
  15352.5  0.218860486524609    
  15353.5  0.21886761679614025  
  15354.5  0.21887474683538902  
  15355.5  0.21888186746645644  
  15356.5  0.21888899704150722  
  15357.5  0.2188961263843435   
  15358.5  0.21890325549498804  
  15359.5  0.21891037519873696  
  15360.5  0.21891750384536485  
  15361.5  0.21892463225986897  
  15362.5  0.21893176044227206  
  15363.5  0.21893887921906466  
  15364.5  0.21894600693763225  
  15365.5  0.21895313442416678  
  15366.5  0.21896025250605422  
  15367.5  0.21896737952888912  
  15368.5  0.21897450631975884  
  15369.5  0.21898163287868605  
  15370.5  0.21898875003425042  
  15371.5  0.218995876129659    
  15372.5  0.21900300199319295  
  15373.5  0.21901011845432683  
  15374.5  0.2190172438544778   
  15375.5  0.21902436902282205  
  15376.5  0.2190314939593822   
  15377.5  0.21903860949482548  
  15378.5  0.21904573396818341  
  15379.5  0.21905285820982506  
  15380.5  0.219059982219773    
  15381.5  0.21906709682988687  
  15382.5  0.21907422037681334  
  15383.5  0.21908134369211382  
  15384.5  0.21908845760854195  
  15385.5  0.2190955804609564   
  15386.5  0.21910270308181268  
  15387.5  0.2191098254711333   
  15388.5  0.21911693846286343  
  15389.5  0.21912406038947846  
  15390.5  0.21913118208462562  
  15391.5  0.21913829438314317  
  15392.5  0.21914541561572     
  15393.5  0.21915253661689657  
  15394.5  0.21915965738669543  
  15395.5  0.21916676876114569  
  15396.5  0.2191738890685545   
  15397.5  0.21918100914465327  
  15398.5  0.21918812898946446  
  15399.5  0.2191952394402075   
  15400.5  0.21920235882280883  
  15401.5  0.21920947797419016  
  15402.5  0.21921658773246322  
  15403.5  0.21922370642176972  
  15404.5  0.2192308248799238   
  15405.5  0.21923794310694794  
  15406.5  0.21924505194214333  
  15407.5  0.21925216970727257  
  15408.5  0.21925928724133945  
  15409.5  0.2192663953845367   
  15410.5  0.2192735124568435   
  15411.5  0.21928062929815542  
  15412.5  0.2192877459084948   
  15413.5  0.21929485312924324  
  15414.5  0.21930196927800238  
  15415.5  0.21930908519585648  
  15416.5  0.21931620088282802  
  15417.5  0.21932330718148663  
  15418.5  0.21933042240705752  
  15419.5  0.21933753740181325  
  15420.5  0.21934464300921414  
  15421.5  0.21935175754270386  
  15422.5  0.2193588718454457   
  15423.5  0.21936598591746218  
  15424.5  0.21937309060340102  
  15425.5  0.21938020421433085  
  15426.5  0.21938731759460264  
  15427.5  0.21939443074423878  
  15428.5  0.21940153450907396  
  15429.5  0.21940864719780281  
  15430.5  0.21941575965596327  
  15431.5  0.21942286273027983  
  15432.5  0.2194299747276674   
  15433.5  0.21943708649455382  
  15434.5  0.21944419803096146  
  15435.5  0.2194513001848009   
  15436.5  0.2194584112606148   
  15437.5  0.21946552210601708  
  15438.5  0.21947262356980757  
  15439.5  0.21947973395475034  
  15440.5  0.21948684410934868  
  15441.5  0.21949395403362493  
  15442.5  0.21950105457756425  
  15443.5  0.21950816404155993  
  15444.5  0.21951527327530063  
  15445.5  0.21952238227880877  
  15446.5  0.21952948190325425  
  15447.5  0.21953659044666055  
  15448.5  0.21954369875990132  
  15449.5  0.21955079769503477  
  15450.5  0.21955790554830773  
  15451.5  0.2195650131714822   
  15452.5  0.2195721205645805   
  15453.5  0.2195792185808449   
  15454.5  0.219586325514154    
  15455.5  0.21959343221745395  
  15456.5  0.21960052954487452  
  15457.5  0.21960763578851908  
  15458.5  0.2196147418022214   
  15459.5  0.2196218475860039   
  15460.5  0.21962894399517952  
  15461.5  0.21963604931948497  
  15462.5  0.21964315441393745  
  15463.5  0.21965025927855925  
  15464.5  0.2196573547698462   
  15465.5  0.2196644591751693   
  15466.5  0.21967156335072857  
  15467.5  0.21967865815390655  
  15468.5  0.2196857618703007   
  15469.5  0.2196928653569979   
  15470.5  0.21969996861402039  
  15471.5  0.21970706249993266  
  15472.5  0.2197141652979681   
  15473.5  0.21972126786639565  
  15474.5  0.21972836106466587  
  15475.5  0.2197354631742398   
  15476.5  0.21974256505427264  
  15477.5  0.21974966670478654  
  15478.5  0.2197567589864133   
  15479.5  0.21976386017825153  
  15480.5  0.21977096114063757  
  15481.5  0.21977806187359364  
  15482.5  0.21978515323893225  
  15483.5  0.2197922535133904   
  15484.5  0.21979935355848526  
  15485.5  0.21980644423691448  
  15486.5  0.2198135438236446   
  15487.5  0.2198206431810781   
  15488.5  0.2198277423092372   
  15489.5  0.2198348320719994   
  15490.5  0.2198419307419713   
  15491.5  0.2198490291827354   
  15492.5  0.2198561273943139   
  15493.5  0.21986321624176372  
  15494.5  0.21987031399533247  
  15495.5  0.21987741151978216  
  15496.5  0.21988449968105392  
  15497.5  0.21989159674762687  
  15498.5  0.21989869358514724  
  15499.5  0.2199057901936373   
  15500.5  0.21991287744021673  
  15501.5  0.21991997359100726  
  15502.5  0.21992706951283386  
  15503.5  0.21993415607370004  
  15504.5  0.21994125153796     
  15505.5  0.21994834677332248  
  15506.5  0.2199554417798097   
  15507.5  0.2199625274266029   
  15508.5  0.21996962197570047  
  15509.5  0.21997671629598917  
  15510.5  0.21998381038749112  
  15511.5  0.21999089512056497  
  15512.5  0.21999798875485418  
  15513.5  0.22000508216042303  
  15514.5  0.2200121662085128   
  15515.5  0.22001925915700155  
  15516.5  0.2200263518768362   
  15517.5  0.2200334443680389   
  15518.5  0.22004052750302763  
  15519.5  0.22004761953732693  
  15520.5  0.2200547113430606   
  15521.5  0.2200617937935286   
  15522.5  0.22006888514249132  
  15523.5  0.22007597626295464  
  15524.5  0.22008306715494064  
  15525.5  0.22009014869292512  
  15526.5  0.22009723912831672  
  15527.5  0.22010432933529717  
  15528.5  0.22011141931388858  
  15529.5  0.22011849993974217  
  15530.5  0.22012558946191563  
  15531.5  0.22013267875576617  
  15532.5  0.22013975869782615  
  15533.5  0.22014684753539093  
  15534.5  0.22015393614469897  
  15535.5  0.22016102452577235  
  15536.5  0.22016810355631788  
  15537.5  0.22017519148128167  
  15538.5  0.22018227917807687  
  15539.5  0.22018935752529084  
  15540.5  0.22019644476610856  
  15541.5  0.22020353177882374  
  15542.5  0.2202106185634584   
  15543.5  0.2202176959997737   
  15544.5  0.2202247823286069   
  15545.5  0.22023186842942558  
  15546.5  0.22023895430225177  
  15547.5  0.22024603082802     
  15548.5  0.22025311624522062  
  15549.5  0.22026020143449476  
  15550.5  0.22026727727765644  
  15551.5  0.2202743620114368   
  15552.5  0.22028144651735662  
  15553.5  0.2202885307954379   
  15554.5  0.22029560572866716  
  15555.5  0.22030268955143034  
  15556.5  0.2203097731464209   
  15557.5  0.22031684739750435  
  15558.5  0.22032393053730853  
  15559.5  0.2203310134494059   
  15560.5  0.22033809613381844  
  15561.5  0.22034516947558347  
  15562.5  0.22035225170498515  
  15563.5  0.22035933370676783  
  15564.5  0.22036641548095345  
  15565.5  0.2203734879137506   
  15566.5  0.2203805692331008   
  15567.5  0.22038765032491964  
  15568.5  0.2203947220762939   
  15569.5  0.22040180271340878  
  15570.5  0.22040888312305817  
  15571.5  0.22041596330526392  
  15572.5  0.2204230341482832   
  15573.5  0.22043011387596015  
  15574.5  0.22043719337625922  
  15575.5  0.2204442726492023   
  15576.5  0.22045134258421656  
  15577.5  0.2204584214028059   
  15578.5  0.22046549999410495  
  15579.5  0.22047256924841796  
  15580.5  0.2204796473854945   
  15581.5  0.22048672529534638  
  15582.5  0.22049380297799542  
  15583.5  0.22050087132491528  
  15584.5  0.22050794855351674  
  15585.5  0.22051502555498098  
  15586.5  0.22052209322165817  
  15587.5  0.22052916976920586  
  15588.5  0.22053624608968198  
  15589.5  0.22054332218310826  
  15590.5  0.2205503889430034   
  15591.5  0.22055746458268785  
  15592.5  0.2205645399953881   
  15593.5  0.2205716151811259   
  15594.5  0.2205786810345879   
  15595.5  0.22058575576675843  
  15596.5  0.22059283027203205  
  15597.5  0.22059989544597094  
  15598.5  0.22060696949780811  
  15599.5  0.22061404332281387  
  15600.5  0.22062111692100989  
  15601.5  0.22062818118912575  
  15602.5  0.22063525433405978  
  15603.5  0.22064232725224953  
  15604.5  0.2206493908412995   
  15605.5  0.22065646330635794  
  15606.5  0.2206635355447375   
  15607.5  0.22067060755645992  
  15608.5  0.22067767024029628  
  15609.5  0.22068474179906156  
  15610.5  0.22069181313123512  
  15611.5  0.22069888423683873  
  15612.5  0.22070594601580928  
  15613.5  0.2207130166686298   
  15614.5  0.22072008709494567  
  15615.5  0.22072714819556785  
  15616.5  0.22073421816923108  
  15617.5  0.22074128791645492  
  15618.5  0.2207483574372611   
  15619.5  0.2207554176336258   
  15620.5  0.22076248670195328  
  15621.5  0.22076955554392827  
  15622.5  0.2207766150624006   
  15623.5  0.2207836834520272   
  15624.5  0.22079075161536654  
  15625.5  0.22079781955244035  
  15626.5  0.22080487816726285  
  15627.5  0.22081194565216197  
  15628.5  0.2208190129108607   
  15629.5  0.2208260799433808   
  15630.5  0.2208331376549004   
  15631.5  0.2208402042354193   
  15632.5  0.2208472705898247   
  15633.5  0.2208543276241673   
  15634.5  0.22086139352670164  
  15635.5  0.22086845920318748  
  15636.5  0.22087552465364657  
  15637.5  0.22088258078529283  
  15638.5  0.22088964578405423  
  15639.5  0.2208967105568539   
  15640.5  0.22090377510371348  
  15641.5  0.2209108303330097   
  15642.5  0.2209178944283449   
  15643.5  0.22092495829780498  
  15644.5  0.22093201285063838  
  15645.5  0.22093907626870393  
  15646.5  0.2209461394609594   
  15647.5  0.22095320242742636  
  15648.5  0.22096025607851524  
  15649.5  0.22096731859376076  
  15650.5  0.22097438088328275  
  15651.5  0.22098143385836258  
  15652.5  0.22098849569679282  
  15653.5  0.22099555730956438  
  15654.5  0.2210026186966989   
  15655.5  0.22100967077063907  
  15656.5  0.22101673170685474  
  15657.5  0.22102379241749823  
  15658.5  0.22103085290259114  
  15659.5  0.22103790407573687  
  15660.5  0.2210449641100837   
  15661.5  0.22105202391894477  
  15662.5  0.22105907441679362  
  15663.5  0.22106613377503812  
  15664.5  0.22107319290786157  
  15665.5  0.22108025181528565  
  15666.5  0.2210873014129439   
  15667.5  0.22109435986992393  
  15668.5  0.2211014181015693   
  15669.5  0.2211084670243832   
  15670.5  0.2211155248057139   
  15671.5  0.22112258236177465  
  15672.5  0.221129639692587    
  15673.5  0.22113668771581327  
  15674.5  0.22114374459648337  
  15675.5  0.22115080125196968  
  15676.5  0.22115785768229382  
  15677.5  0.22116490480627687  
  15678.5  0.221171960786631    
  15679.5  0.2211790165418876   
  15680.5  0.22118606299173635  
  15681.5  0.22119311829715202  
  15682.5  0.22120017337753475  
  15683.5  0.221207228232906    
  15684.5  0.22121427378411354  
  15685.5  0.22122132818981602  
  15686.5  0.22122838237057155  
  15687.5  0.22123542724809603  
  15688.5  0.2212424809793118   
  15689.5  0.22124953448564513  
  15690.5  0.2212565877671176   
  15691.5  0.22126363174660219  
  15692.5  0.22127068457870672  
  15693.5  0.22127773718601484  
  15694.5  0.22128478956854805  
  15695.5  0.2212918326503361   
  15696.5  0.22129888458367317  
  15697.5  0.22130593629229975  
  15698.5  0.22131297870111283  
  15699.5  0.22132002996067202  
  15700.5  0.22132708099558512  
  15701.5  0.2213341318058736   
  15702.5  0.22134117331759043  
  15703.5  0.22134822367898313  
  15704.5  0.22135527381581555  
  15705.5  0.22136231465500728  
  15706.5  0.22136936434307253  
  15707.5  0.22137641380664186  
  15708.5  0.2213834630457367   
  15709.5  0.22139050298843183  
  15710.5  0.22139755177893086  
  15711.5  0.22140460034501971  
  15712.5  0.22141164868671984  
  15713.5  0.22141868773326073  
  15714.5  0.2214257356265363   
  15715.5  0.2214327832954874   
  15716.5  0.22143982167020926  
  15717.5  0.22144686889086423  
  15718.5  0.22145391588725893  
  15719.5  0.22146096265941473  
  15720.5  0.2214680001385809   
  15721.5  0.22147504646261168  
  15722.5  0.22148209256246776  
  15723.5  0.22148913843817053  
  15724.5  0.2214961750221228   
  15725.5  0.2215032204498715   
  15726.5  0.22151026565353107  
  15727.5  0.22151730156636906  
  15728.5  0.22152434632220278  
  15729.5  0.2215313908540114   
  15730.5  0.22153843516181634  
  15731.5  0.22154547018003795  
  15732.5  0.2215525140401878   
  15733.5  0.22155955767639804  
  15734.5  0.22156659202395323  
  15735.5  0.2215736352126364   
  15736.5  0.221580678177444    
  15737.5  0.22158772091839735  
  15738.5  0.221594754371933    
  15739.5  0.2216017966655299   
  15740.5  0.22160883873533652  
  15741.5  0.22161588058137424  
  15742.5  0.2216229131412312   
  15743.5  0.22162995454008297  
  15744.5  0.22163699571522977  
  15745.5  0.22164402760512306  
  15746.5  0.22165106833321171  
  15747.5  0.22165810883765932  
  15748.5  0.22166514911848717  
  15749.5  0.2216721801152976   
  15750.5  0.22167921994923764  
  15751.5  0.22168625955962182  
  15752.5  0.2216932898869151   
  15753.5  0.2217003290505391   
  15754.5  0.22170736799067112  
  15755.5  0.22171440670733236  
  15756.5  0.221721436142138    
  15757.5  0.2217284744122092   
  15758.5  0.2217355124588735   
  15759.5  0.22174255028215215  
  15760.5  0.22174957882480986  
  15761.5  0.22175661620166848  
  15762.5  0.22176365335520523  
  15763.5  0.2217706812290466   
  15764.5  0.22177771793629078  
  15765.5  0.2217847544202768   
  15766.5  0.22179179068102592  
  15767.5  0.2217988176633135   
  15768.5  0.22180585347793988  
  15769.5  0.22181288906939306  
  15770.5  0.22181991538330964  
  15771.5  0.22182695052876733  
  15772.5  0.2218339854511155   
  15773.5  0.22184102015037535  
  15774.5  0.22184804557333163  
  15775.5  0.22185507982676567  
  15776.5  0.22186211385717503  
  15777.5  0.22186914766458096  
  15778.5  0.22187617219691577  
  15779.5  0.2218832055586654   
  15780.5  0.22189023869747512  
  15781.5  0.22189726256213765  
  15782.5  0.22190429525541816  
  15783.5  0.22191132772582237  
  15784.5  0.22191835997337145  
  15785.5  0.22192538294800496  
  15786.5  0.22193241475019412  
  15787.5  0.22193944632959173  
  15788.5  0.2219464776862189   
  15789.5  0.2219534997711616   
  15790.5  0.22196053068259808  
  15791.5  0.22196756137132764  
  15792.5  0.2219745827892957   
  15793.5  0.22198161303296143  
  15794.5  0.22198864305398364  
  15795.5  0.22199567285238353  
  15796.5  0.2220026933812522   
  15797.5  0.2220097227347573   
  15798.5  0.22201675186570347  
  15799.5  0.2220237717280407   
  15800.5  0.2220308004142188   
  15801.5  0.22203782887790133  
  15802.5  0.22204485711910943  
  15803.5  0.22205187609293806  
  15804.5  0.22205890388954694  
  15805.5  0.22206593146374473  
  15806.5  0.22207295881555258  
  15807.5  0.22207997690120984  
  15808.5  0.2220870038085872   
  15809.5  0.2220940304936379   
  15810.5  0.2221010479134593   
  15811.5  0.222108074154206    
  15812.5  0.22211510017268934  
  15813.5  0.22212212596893033  
  15814.5  0.22212914250117008  
  15815.5  0.22213616785327567  
  15816.5  0.22214319298320218  
  15817.5  0.22215020885004808  
  15818.5  0.2221572335359655   
  15819.5  0.22216425799976702  
  15820.5  0.22217128224147376  
  15821.5  0.2221782972213271   
  15822.5  0.22218532101919314  
  15823.5  0.22219234459502749  
  15824.5  0.22219936794885123  
  15825.5  0.22220638204204837  
  15826.5  0.22221340495219968  
  15827.5  0.22222042764040353  
  15828.5  0.22222744106890038  
  15829.5  0.22223446331355795  
  15830.5  0.2222414853363311   
  15831.5  0.22224850713724087  
  15832.5  0.22225551967966958  
  15833.5  0.22226254103720114  
  15834.5  0.2222695621729324   
  15835.5  0.22227657405110154  
  15836.5  0.22228359474358061  
  15837.5  0.22229061521432233  
  15838.5  0.22229763546334774  
  15839.5  0.22230464645603612  
  15840.5  0.22231166626197726  
  15841.5  0.22231868584626505  
  15842.5  0.22232570520892053  
  15843.5  0.2223327153164635   
  15844.5  0.22233973423620249  
  15845.5  0.22234675293437203  
  15846.5  0.22235376237834711  
  15847.5  0.22236078063372597  
  15848.5  0.2223677986675983   
  15849.5  0.22237481647998514  
  15850.5  0.22238182503940118  
  15851.5  0.2223888424091649   
  15852.5  0.22239585955750593  
  15853.5  0.22240286745379362  
  15854.5  0.22240988415963717  
  15855.5  0.22241690064412092  
  15856.5  0.22242391690726585  
  15857.5  0.22243092391958022  
  15858.5  0.22243793974039505  
  15859.5  0.2224449553399338   
  15860.5  0.22245197071821746  
  15861.5  0.22245897684689298  
  15862.5  0.22246599178301388  
  15863.5  0.22247300649794244  
  15864.5  0.2224800119641792   
  15865.5  0.22248702623707037  
  15866.5  0.22249404028883196  
  15867.5  0.22250105411948484  
  15868.5  0.22250805870266746  
  15869.5  0.22251507209145008  
  15870.5  0.22252208525918674  
  15871.5  0.22252909820589825  
  15872.5  0.22253610190636056  
  15873.5  0.22254311441136887  
  15874.5  0.22255012669541474  
  15875.5  0.22255712973412675  
  15876.5  0.22256414157659468  
  15877.5  0.2225711531981627   
  15878.5  0.22257816459885177  
  15879.5  0.22258516675542717  
  15880.5  0.22259217771470508  
  15881.5  0.22259918845316662  
  15882.5  0.2226061899484293   
  15883.5  0.22261320024560471  
  15884.5  0.22262021032202634  
  15885.5  0.22262722017771497  
  15886.5  0.22263422079142406  
  15887.5  0.22264123020599327  
  15888.5  0.222648239399892    
  15889.5  0.22265524837314113  
  15890.5  0.2226622481056296   
  15891.5  0.22266925663792583  
  15892.5  0.2226762649496349   
  15893.5  0.2226832640214971   
  15894.5  0.2226902718923782   
  15895.5  0.22269727954273455  
  15896.5  0.222704286972587    
  15897.5  0.22271128516381064  
  15898.5  0.22271829215300146  
  15899.5  0.2227252989217508   
  15900.5  0.2227322964527844   
  15901.5  0.2227393027809968   
  15902.5  0.22274630888883007  
  15903.5  0.22275331477630503  
  15904.5  0.22276031142728145  
  15905.5  0.22276731687438564  
  15906.5  0.22277432210119388  
  15907.5  0.2227813271077269   
  15908.5  0.2227883228789781   
  15909.5  0.22279532744530647  
  15910.5  0.22280233179142195  
  15911.5  0.22280932690316768  
  15912.5  0.222816330809203    
  15913.5  0.22282333449508765  
  15914.5  0.22283033796084242  
  15915.5  0.22283733219344337  
  15916.5  0.2228443352192839   
  15917.5  0.22285133802505674  
  15918.5  0.22285833159858726  
  15919.5  0.22286533396457023  
  15920.5  0.22287233611054774  
  15921.5  0.2228793380365405   
  15922.5  0.22288633073150596  
  15923.5  0.22289333221787458  
  15924.5  0.22290033348432062  
  15925.5  0.22290733453086484  
  15926.5  0.22291432634759628  
  15927.5  0.22292132695468192  
  15928.5  0.22292832734192783  
  15929.5  0.2229353185002715   
  15930.5  0.22294231844818302  
  15931.5  0.22294931817631689  
  15932.5  0.22295631768469382  
  15933.5  0.22296330796538225  
  15934.5  0.2229703070345902   
  15935.5  0.2229773058841033   
  15936.5  0.22298429550683774  
  15937.5  0.22299129391730582  
  15938.5  0.22299829210814107  
  15939.5  0.22300529007936415  
  15940.5  0.22301227882502148  
  15941.5  0.2230192763573648   
  15942.5  0.22302627367015795  
  15943.5  0.2230332707634216   
  15944.5  0.22304025863233193  
  15945.5  0.22304725528688096  
  15946.5  0.22305425172196242  
  15947.5  0.2230612389335995   
  15948.5  0.22306823493009015  
  15949.5  0.2230752307071752   
  15950.5  0.22308222626487517  
  15951.5  0.22308921260034234  
  15952.5  0.2230962077196165   
  15953.5  0.22310320261956756  
  15954.5  0.22311019730021608  
  15955.5  0.2231171827598429   
  15956.5  0.22312417700223047  
  15957.5  0.22313117102537736  
  15958.5  0.22313815582841043  
  15959.5  0.22314514941341995  
  15960.5  0.2231521427792506   
  15961.5  0.22315913592592304  
  15962.5  0.22316611985369186  
  15963.5  0.22317311256239158  
  15964.5  0.22318010505199481  
  15965.5  0.22318708832360176  
  15966.5  0.22319408037535574  
  15967.5  0.22320107220807497  
  15968.5  0.22320806382178002  
  15969.5  0.22321504621869825  
  15970.5  0.22322203739471858  
  15971.5  0.22322902835178646  
  15972.5  0.22323601908992244  
  15973.5  0.22324300061248054  
  15974.5  0.2232499909130962   
  15975.5  0.2232569809948416   
  15976.5  0.22326396186191547  
  15977.5  0.22327095150626375  
  15978.5  0.22327794093180345  
  15979.5  0.22328493013855513  
  15980.5  0.22329191013184338  
  15981.5  0.22329889890136215  
  15982.5  0.22330588745215452  
  15983.5  0.22331286679038911  
  15984.5  0.22331985490407164  
  15985.5  0.2233268427990893   
  15986.5  0.22333383047546265  
  15987.5  0.22334080894048552  
  15988.5  0.22334779617991307  
  15989.5  0.22335478320075783  
  15990.5  0.2233617700030403   
  15991.5  0.22336874759517913  
  15992.5  0.22337573396067978  
  15993.5  0.2233827201076796   
  15994.5  0.2233896970454405   
  15995.5  0.2233966827557814   
  15996.5  0.22340366824768293  
  15997.5  0.2234106535211656   
  15998.5  0.2234176295866154   
  15999.5  0.22342461442360287  
  16000.5  0.22343159904223295  
  16001.5  0.22343857445373422  
  16002.5  0.22344555863599183  
  16003.5  0.22345254259995342  
  16004.5  0.22345952634563945  
  16005.5  0.22346650088540188  
  16006.5  0.22347348419487903  
  16007.5  0.22348046728614201  
  16008.5  0.22348745015921123  
  16009.5  0.22349442382756154  
  16010.5  0.22350140626458537  
  16011.5  0.22350838848347676  
  16012.5  0.2235153614985524   
  16013.5  0.22352234328152093  
  16014.5  0.22352932484641835  
  16015.5  0.2235363061932651   
  16016.5  0.22354327833749987  
  16017.5  0.22355025924858704  
  16018.5  0.22355723994168475  
  16019.5  0.22356422041681343  
  16020.5  0.2235711916905336   
  16021.5  0.22357817173006594  
  16022.5  0.22358515155169045  
  16023.5  0.2235921221728086   
  16024.5  0.2235991015589591   
  16025.5  0.22360608072726296  
  16026.5  0.22361305967774062  
  16027.5  0.22362002942891443  
  16028.5  0.22362700794408108  
  16029.5  0.22363398624148262  
  16030.5  0.22364095534048187  
  16031.5  0.2236479332026946   
  16032.5  0.22365491084720335  
  16033.5  0.2236618882740285   
  16034.5  0.22366885650365317  
  16035.5  0.22367583349545236  
  16036.5  0.22368281026962905  
  16037.5  0.22368978682620358  
  16038.5  0.2236967541867789   
  16039.5  0.2237037303084902   
  16040.5  0.2237107062126604   
  16041.5  0.22371767292173192  
  16042.5  0.22372464839116088  
  16043.5  0.22373162364310975  
  16044.5  0.22373859867759885  
  16045.5  0.22374556451818978  
  16046.5  0.22375253911810017  
  16047.5  0.22375951350061185  
  16048.5  0.22376647869012523  
  16049.5  0.22377345263818002  
  16050.5  0.223780426368897    
  16051.5  0.22378739988229648  
  16052.5  0.22379436420389737  
  16053.5  0.22380133728300236  
  16054.5  0.2238083101448508   
  16055.5  0.22381528278946292  
  16056.5  0.2238222462434756   
  16057.5  0.2238292184539556   
  16058.5  0.22383619044726014  
  16059.5  0.2238431532508642   
  16060.5  0.22385012481015823  
  16061.5  0.22385709615233768  
  16062.5  0.22386406727742283  
  16063.5  0.22387102921400587  
  16064.5  0.2238779999052426   
  16065.5  0.22388497037944582  
  16066.5  0.22389193166604535  
  16067.5  0.22389890170652169  
  16068.5  0.22390587153002528  
  16069.5  0.22391284113657645  
  16070.5  0.22391980155672142  
  16071.5  0.22392677072970762  
  16072.5  0.2239337396858021   
  16073.5  0.22394070842502511  
  16074.5  0.223947667979039    
  16075.5  0.22395463628485887  
  16076.5  0.22396160437386797  
  16077.5  0.22396856327856537  
  16078.5  0.22397553093429265  
  16079.5  0.2239824983732698   
  16080.5  0.22398946559551713  
  16081.5  0.22399642363464897  
  16082.5  0.2240033904237761   
  16083.5  0.224010356996234    
  16084.5  0.2240173143864732   
  16085.5  0.22402428052593207  
  16086.5  0.22403124644878233  
  16087.5  0.22403821215504416  
  16088.5  0.2240451686802828   
  16089.5  0.22405213395370707  
  16090.5  0.22405909901060353  
  16091.5  0.22406606385099231  
  16092.5  0.22407301951155287  
  16093.5  0.2240799839192655   
  16094.5  0.22408694811053104  
  16095.5  0.22409390312286412  
  16096.5  0.2241008668815744   
  16097.5  0.2241078304238981   
  16098.5  0.22411479374985535  
  16099.5  0.22412174789807432  
  16100.5  0.22412871079163757  
  16101.5  0.22413567346889487  
  16102.5  0.2241426359298663   
  16103.5  0.22414958921429318  
  16104.5  0.22415655124303172  
  16105.5  0.22416351305554488  
  16106.5  0.22417046569240834  
  16107.5  0.22417742707280935  
  16108.5  0.2241843882370454   
  16109.5  0.22419134918513653  
  16110.5  0.22419830095877089  
  16111.5  0.22420526147491085  
  16112.5  0.2242122217749663   
  16113.5  0.22421917290145918  
  16114.5  0.2242261327696841   
  16115.5  0.2242330924218848   
  16116.5  0.22424005185808146  
  16117.5  0.2242470021219076   
  16118.5  0.22425396112643445  
  16119.5  0.22426091991501754  
  16120.5  0.22426787848767699  
  16121.5  0.22427482788915754  
  16122.5  0.22428178603030777  
  16123.5  0.22428874395559464  
  16124.5  0.22429569271059593  
  16125.5  0.22430265020449405  
  16126.5  0.22430960748258902  
  16127.5  0.22431656454490087  
  16128.5  0.22432351243811796  
  16129.5  0.22433046906920154  
  16130.5  0.2243374254845623   
  16131.5  0.2243443727317209   
  16132.5  0.22435132871597363  
  16133.5  0.22435828448456363  
  16134.5  0.22436524003751096  
  16135.5  0.22437218642344622  
  16136.5  0.22437914154544586  
  16137.5  0.224386096451863    
  16138.5  0.22439305114271765  
  16139.5  0.22439999666774973  
  16140.5  0.2244069509278169   
  16141.5  0.22441390497238167  
  16142.5  0.2244208498520156   
  16143.5  0.22442780346591298  
  16144.5  0.22443475686436806  
  16145.5  0.22444171004740082  
  16146.5  0.22444865406669143  
  16147.5  0.22445560681921684  
  16148.5  0.22446255935637996  
  16149.5  0.22446950273069205  
  16150.5  0.22447645483746775  
  16151.5  0.22448340672894118  
  16152.5  0.22449035840513237  
  16153.5  0.22449730091966041  
  16154.5  0.224504252165624    
  16155.5  0.22451120319636528  
  16156.5  0.22451815401190425  
  16157.5  0.22452509566696757  
  16158.5  0.22453204605243876  
  16159.5  0.22453899622276752  
  16160.5  0.22454593723351085  
  16161.5  0.22455288697389159  
  16162.5  0.2245598364991898   
  16163.5  0.22456678580942552  
  16164.5  0.22457372596126238  
  16165.5  0.22458067484170963  
  16166.5  0.22458762350715422  
  16167.5  0.22459457195761606  
  16168.5  0.22460151125086528  
  16169.5  0.22460845927169817  
  16170.5  0.22461540707760816  
  16171.5  0.22462234572719478  
  16172.5  0.22462929310359533  
  16173.5  0.22463624026513285  
  16174.5  0.22464318721182716  
  16175.5  0.22465012500338344  
  16176.5  0.22465707152072764  
  16177.5  0.22466401782328846  
  16178.5  0.22467095497159983  
  16179.5  0.22467790084492995  
  16180.5  0.22468484650353643  
  16181.5  0.2246917919474391   
  16182.5  0.22469872823827694  
  16183.5  0.22470567325310806  
  16184.5  0.22471261805329515  
  16185.5  0.22471956263885803  
  16186.5  0.2247264980725402   
  16187.5  0.22473344222919062  
  16188.5  0.22474038617127648  
  16189.5  0.22474732096236935  
  16190.5  0.22475426447566196  
  16191.5  0.2247612077744497   
  16192.5  0.22476815085875237  
  16193.5  0.2247750847932454   
  16194.5  0.22478202744891368  
  16195.5  0.2247889698901566   
  16196.5  0.22479590318247686  
  16197.5  0.2248028451952044   
  16198.5  0.22480978699356613  
  16199.5  0.22481672857758186  
  16200.5  0.22482366101385745  
  16201.5  0.22483060216951656  
  16202.5  0.22483754311088922  
  16203.5  0.2248444838379952   
  16204.5  0.22485141541854317  
  16205.5  0.2248583557174512   
  16206.5  0.22486529580215206  
  16207.5  0.224872226741181    
  16208.5  0.22487916639780275  
  16209.5  0.22488610584027682  
  16210.5  0.22489304506862307  
  16211.5  0.22489997515247864  
  16212.5  0.22490691395290416  
  16213.5  0.2249138525392613   
  16214.5  0.2249207819820133   
  16215.5  0.22492772014056847  
  16216.5  0.22493465808511465  
  16217.5  0.2249415958156716   
  16218.5  0.22494852440380386  
  16219.5  0.22495546170671715  
  16220.5  0.22496239879570057  
  16221.5  0.2249693356707739   
  16222.5  0.22497626340460258  
  16223.5  0.22498319985219045  
  16224.5  0.22499013608592755  
  16225.5  0.2249970631793046   
  16226.5  0.22500399898567472  
  16227.5  0.22501093457825344  
  16228.5  0.2250178699570605   
  16229.5  0.22502479619668667  
  16230.5  0.22503173114828473  
  16231.5  0.22503866588617039  
  16232.5  0.2250455914857592   
  16233.5  0.22505252579655433  
  16234.5  0.22505945989369627  
  16235.5  0.22506639377720483  
  16236.5  0.22507331852359488  
  16237.5  0.22508025198017068  
  16238.5  0.2250871852231723   
  16239.5  0.2250941182526194   
  16240.5  0.22510104214612597  
  16241.5  0.2251079747487981   
  16242.5  0.22511490713797488  
  16243.5  0.2251218303920942   
  16244.5  0.22512876235461424  
  16245.5  0.22513569410369808  
  16246.5  0.22514262563936543  
  16247.5  0.22514954804115248  
  16248.5  0.2251564791503206   
  16249.5  0.22516341004613136  
  16250.5  0.22517034072860445  
  16251.5  0.22517726227837395  
  16252.5  0.22518419253450528  
  16253.5  0.22519112257735802  
  16254.5  0.22519804348838923  
  16255.5  0.22520497310501827  
  16256.5  0.22521190250842768  
  16257.5  0.2252188316986372   
  16258.5  0.22522575175820114  
  16259.5  0.22523268052234421  
  16260.5  0.22523960907334642  
  16261.5  0.22524652849458454  
  16262.5  0.2252534566196382   
  16263.5  0.22526038453160993  
  16264.5  0.22526731223051938  
  16265.5  0.2252742308008399   
  16266.5  0.2252811580739579   
  16267.5  0.2252880851340726   
  16268.5  0.22529501198120364  
  16269.5  0.2253019297009204   
  16270.5  0.225308856122417    
  16271.5  0.2253157823309888   
  16272.5  0.225322699413027    
  16273.5  0.22532962519608213  
  16274.5  0.22533655076627135  
  16275.5  0.2253434761236143   
  16276.5  0.22535039235559742  
  16277.5  0.22535731728758052  
  16278.5  0.22536424200677616  
  16279.5  0.225371157601492    
  16280.5  0.2253780818954454   
  16281.5  0.22538500597667013  
  16282.5  0.2253919298451858   
  16283.5  0.22539884459039478  
  16284.5  0.22540576803382487  
  16285.5  0.22541269126460473  
  16286.5  0.2254196142827539   
  16287.5  0.225426528178769    
  16288.5  0.22543345077198917  
  16289.5  0.2254403731526374   
  16290.5  0.22544728641203063  
  16291.5  0.22545420836786725  
  16292.5  0.22546113011119065  
  16293.5  0.2254680516420204   
  16294.5  0.22547496405276699  
  16295.5  0.22548188515894152  
  16296.5  0.2254888060526811   
  16297.5  0.22549571782721597  
  16298.5  0.22550263829641762  
  16299.5  0.22550955855324287  
  16300.5  0.2255164785977114   
  16301.5  0.22552338952414622  
  16302.5  0.22553030914423303  
  16303.5  0.22553722855202168  
  16304.5  0.22554414774753168  
  16305.5  0.22555105782617862  
  16306.5  0.2255579765974631   
  16307.5  0.22556489515652753  
  16308.5  0.22557180459960643  
  16309.5  0.22557872273456236  
  16310.5  0.22558564065735678  
  16311.5  0.2255925583680092   
  16312.5  0.22559946696384592  
  16313.5  0.22560638425054585  
  16314.5  0.2256133013251623   
  16315.5  0.22562021818771477  
  16316.5  0.22562712593662093  
  16317.5  0.2256340423753768   
  16318.5  0.22564095860212716  
  16319.5  0.22564786571610787  
  16320.5  0.2256547815191785   
  16321.5  0.2256616971103021   
  16322.5  0.2256686124894981   
  16323.5  0.225675518757093    
  16324.5  0.225682433712765    
  16325.5  0.22568934845656785  
  16326.5  0.22569625408964564  
  16327.5  0.2257031684100412   
  16328.5  0.225710082518626    
  16329.5  0.22571699641541948  
  16330.5  0.2257239012026557   
  16331.5  0.2257308146761975   
  16332.5  0.22573772793800628  
  16333.5  0.2257446409881016   
  16334.5  0.22575154492980698  
  16335.5  0.22575845755680604  
  16336.5  0.2257653699721499   
  16337.5  0.22577227327997898  
  16338.5  0.22577918527234314  
  16339.5  0.22578609705311037  
  16340.5  0.22579300862230015  
  16341.5  0.2257999110851417   
  16342.5  0.22580682223150705  
  16343.5  0.2258137331663532   
  16344.5  0.22582063499572563  
  16345.5  0.22582754550786374  
  16346.5  0.2258344558085409   
  16347.5  0.22584136589777645  
  16348.5  0.22584826688270407  
  16349.5  0.22585517654938675  
  16350.5  0.22586208600468605  
  16351.5  0.22586899524862133  
  16352.5  0.22587589538941402  
  16353.5  0.2258828042109515   
  16354.5  0.22588971282118311  
  16355.5  0.22589661232914574  
  16356.5  0.22590352051709572  
  16357.5  0.22591042849379803  
  16358.5  0.225917336259272    
  16359.5  0.22592423492364147  
  16360.5  0.22593114226698868  
  16361.5  0.22593804939916565  
  16362.5  0.22594494743111118  
  16363.5  0.22595185414127747  
  16364.5  0.2259587606403316   
  16365.5  0.2259656669282929   
  16366.5  0.22597256411718655  
  16367.5  0.22597946998329188  
  16368.5  0.22598637563836244  
  16369.5  0.22599328108241756  
  16370.5  0.22600017742856834  
  16371.5  0.2260070824509221   
  16372.5  0.22601398726231844  
  16373.5  0.22602088297668252  
  16374.5  0.2260277873664934   
  16375.5  0.2260346915454048   
  16376.5  0.22604159551343603  
  16377.5  0.22604849038559757  
  16378.5  0.2260553939321978   
  16379.5  0.22606229726797583  
  16380.5  0.22606919150875568  
  16381.5  0.22607609442321847  
  16382.5  0.22608299712691693  
  16383.5  0.22608989961987036  
  16384.5  0.22609679301898744  
  16385.5  0.22610369509077993  
  16386.5  0.2261105969518853   
  16387.5  0.22611749860232278  
  16388.5  0.22612439116008523  
  16389.5  0.22613129238951596  
  16390.5  0.2261381934083367   
  16391.5  0.22614508533535296  
  16392.5  0.22615198593328253  
  16393.5  0.22615888632065984  
  16394.5  0.22616578649750427  
  16395.5  0.22617267758370474  
  16396.5  0.22617957733981198  
  16397.5  0.22618647688544408  
  16398.5  0.22619337622062027  
  16399.5  0.22620026646631267  
  16400.5  0.2262071653809056   
  16401.5  0.22621406408510042  
  16402.5  0.2262209537006811   
  16403.5  0.22622785198440803  
  16404.5  0.22623475005779453  
  16405.5  0.22624164792085982  
  16406.5  0.22624853669647035  
  16407.5  0.22625543413922156  
  16408.5  0.22626233137170923  
  16409.5  0.22626921951761123  
  16410.5  0.22627611632990008  
  16411.5  0.22628301293198302  
  16412.5  0.22628990932387935  
  16413.5  0.22629679663034852  
  16414.5  0.2263036926021996   
  16415.5  0.22631058836392165  
  16416.5  0.22631748391553386  
  16417.5  0.226324370382877    
  16418.5  0.2263312655145975   
  16419.5  0.22633816043626576  
  16420.5  0.22634504627453317  
  16421.5  0.22635194077642473  
  16422.5  0.2263588350683216   
  16423.5  0.22636572915024297  
  16424.5  0.22637261414992083  
  16425.5  0.22637950781221888  
  16426.5  0.22638640126459894  
  16427.5  0.22639328563560315  
  16428.5  0.2264001786684748   
  16429.5  0.226407071491486    
  16430.5  0.22641396410465586  
  16431.5  0.2264208476376064   
  16432.5  0.22642773983142106  
  16433.5  0.22643463181545187  
  16434.5  0.22644152358971792  
  16435.5  0.2264484062849208   
  16436.5  0.2264552976399848   
  16437.5  0.22646218878534144  
  16438.5  0.22646907085250162  
  16439.5  0.22647596157877098  
  16440.5  0.22648285209539037  
  16441.5  0.22648974240237904  
  16442.5  0.2264966236323266   
  16443.5  0.22650351352038078  
  16444.5  0.22651040319886162  
  16445.5  0.22651728380116748  
  16446.5  0.2265241730608285   
  16447.5  0.22653106211097346  
  16448.5  0.22653795095162146  
  16449.5  0.22654483071724907  
  16450.5  0.22655171913923003  
  16451.5  0.22655860735177133  
  16452.5  0.22656549535489212  
  16453.5  0.2265723742841466   
  16454.5  0.22657926186875302  
  16455.5  0.22658614924399614  
  16456.5  0.22659302754623822  
  16457.5  0.2265999145030814   
  16458.5  0.22660680125061855  
  16459.5  0.22661368778886873  
  16460.5  0.22662056525527124  
  16461.5  0.226627451375274    
  16462.5  0.226634337286047    
  16463.5  0.22664122298760933  
  16464.5  0.2266480996184769   
  16465.5  0.22665498490194425  
  16466.5  0.22666186997625806  
  16467.5  0.22666874598074144  
  16468.5  0.2266756306370745   
  16469.5  0.22668251508431114  
  16470.5  0.22668939932247054  
  16471.5  0.22669627449195162  
  16472.5  0.2267031583122825   
  16473.5  0.22671004192359312  
  16474.5  0.22671691646708925  
  16475.5  0.2267237996606855   
  16476.5  0.22673068264531862  
  16477.5  0.22673756542100765  
  16478.5  0.2267444391300336   
  16479.5  0.22675132148816032  
  16480.5  0.2267582036374      
  16481.5  0.22676508557777167  
  16482.5  0.2267719584526312   
  16483.5  0.22677883997559256  
  16484.5  0.22678572128974292  
  16485.5  0.226792593539244    
  16486.5  0.22679947443609802  
  16487.5  0.226806355124198    
  16488.5  0.22681323560356292  
  16489.5  0.22682010701942878  
  16490.5  0.22682698708164922  
  16491.5  0.22683386693519159  
  16492.5  0.2268407377260971   
  16493.5  0.2268476171626088   
  16494.5  0.2268544963904993   
  16495.5  0.2268613754097876   
  16496.5  0.22686824536758857  
  16497.5  0.22687512396999787  
  16498.5  0.2268820023638619   
  16499.5  0.22688888054919962  
  16500.5  0.22689574967419895  
  16501.5  0.22690262744280923  
  16502.5  0.22690950500295007  
  16503.5  0.22691637350361388  
  16504.5  0.22692325064714092  
  16505.5  0.2269301275822553   
  16506.5  0.22693700430897604  
  16507.5  0.22694387197736798  
  16508.5  0.22695074828762632  
  16509.5  0.2269576243895478   
  16510.5  0.22696449143400127  
  16511.5  0.22697136711957386  
  16512.5  0.22697824259686633  
  16513.5  0.22698511786589762  
  16514.5  0.22699198407860843  
  16515.5  0.22699885893144212  
  16516.5  0.22700573357607134  
  16517.5  0.2270126080125151   
  16518.5  0.22701947339378534  
  16519.5  0.22702634741418262  
  16520.5  0.2270332212264511   
  16521.5  0.22704008598440598  
  16522.5  0.22704695938074132  
  16523.5  0.2270538325690045   
  16524.5  0.22706070554921443  
  16525.5  0.2270675694762571   
  16526.5  0.22707444204068494  
  16527.5  0.22708131439711615  
  16528.5  0.22708817770123943  
  16529.5  0.22709504964200175  
  16530.5  0.22710192137482407  
  16531.5  0.22710879289972527  
  16532.5  0.227115655373464    
  16533.5  0.22712252648284717  
  16534.5  0.2271293973843658   
  16535.5  0.22713626807803874  
  16536.5  0.22714312972169434  
  16537.5  0.22715              
  16538.5  0.22715687007051652  
  16539.5  0.22716373109187415  
  16540.5  0.22717060074713638  
  16541.5  0.22717747019466605  
  16542.5  0.22718433943448196  
  16543.5  0.22719119962628326  
  16544.5  0.2271980684509955   
  16545.5  0.22720493706805045  
  16546.5  0.227211805477467    
  16547.5  0.22721866484001282  
  16548.5  0.22722553283447622  
  16549.5  0.2272324006213576   
  16550.5  0.22723925936222583  
  16551.5  0.22724612673426686  
  16552.5  0.22725299389878237  
  16553.5  0.2272598608557911   
  16554.5  0.22726671876792987  
  16555.5  0.22727358531024863  
  16556.5  0.22728045164511707  
  16557.5  0.22728730893597243  
  16558.5  0.22729417485626355  
  16559.5  0.2273010405691607   
  16560.5  0.2273079060746827   
  16561.5  0.22731476253733401  
  16562.5  0.22732162762842892  
  16563.5  0.22732849251220497  
  16564.5  0.22733535718868098  
  16565.5  0.22734221282342823  
  16566.5  0.22734907708562727  
  16567.5  0.2273559411405825   
  16568.5  0.2273627961546651   
  16569.5  0.22736965979545581  
  16570.5  0.2273765232290591   
  16571.5  0.2273833864554937   
  16572.5  0.22739024064219682  
  16573.5  0.22739710345461683  
  16574.5  0.22740396605992438  
  16575.5  0.227410819626356    
  16576.5  0.22741768181776137  
  16577.5  0.22742454380211055  
  16578.5  0.2274314055794222   
  16579.5  0.22743825831899833  
  16580.5  0.2274451196825576   
  16581.5  0.22745198083913556  
  16582.5  0.22745884178875092  
  16583.5  0.22746569370177078  
  16584.5  0.22747255423778345  
  16585.5  0.2274794145668897   
  16586.5  0.22748626586025505  
  16587.5  0.22749312577587083  
  16588.5  0.2274999854846363   
  16589.5  0.22750684498657014  
  16590.5  0.22751369545390238  
  16591.5  0.22752055454249526  
  16592.5  0.22752741342431268  
  16593.5  0.22753426327238252  
  16594.5  0.22754112174097108  
  16595.5  0.22754798000284018  
  16596.5  0.22755483805800855  
  16597.5  0.22756168708056781  
  16598.5  0.2275685447226567   
  16599.5  0.22757540215810088  
  16600.5  0.227582259386919    
  16601.5  0.22758910758426612  
  16602.5  0.22759596440015406  
  16603.5  0.22760282100947193  
  16604.5  0.22760966858817203  
  16605.5  0.22761652478467165  
  16606.5  0.22762338077465719  
  16607.5  0.22763023655814732  
  16608.5  0.22763708331215698  
  16609.5  0.22764393868297794  
  16610.5  0.22765079384735948  
  16611.5  0.2276576399831131   
  16612.5  0.22766449473493724  
  16613.5  0.22767134928037785  
  16614.5  0.22767820361945354  
  16615.5  0.2276850489310379   
  16616.5  0.2276919028577052   
  16617.5  0.22769875657806346  
  16618.5  0.2277056100921313   
  16619.5  0.227712454579844    
  16620.5  0.22771930768165233  
  16621.5  0.22772616057722614  
  16622.5  0.2277330044472965   
  16623.5  0.22773985693072238  
  16624.5  0.22774670920796952  
  16625.5  0.22775356127905658  
  16626.5  0.22776040432577552  
  16627.5  0.2277672559848634   
  16628.5  0.22777410743784687  
  16629.5  0.22778095868474466  
  16630.5  0.22778780090840933  
  16631.5  0.2277946517434566   
  16632.5  0.22780150237247385  
  16633.5  0.22780834397910885  
  16634.5  0.227815194196387    
  16635.5  0.22782204420769087  
  16636.5  0.22782889401303907  
  16637.5  0.22783573479713926  
  16638.5  0.2278425841908968   
  16639.5  0.2278494333787544   
  16640.5  0.22785627354621427  
  16641.5  0.2278631223225925   
  16642.5  0.2278699708931264   
  16643.5  0.2278768192578346   
  16644.5  0.22788365860327853  
  16645.5  0.22789050655665571  
  16646.5  0.22789735430426278  
  16647.5  0.22790420184611826  
  16648.5  0.22791104036984253  
  16649.5  0.22791788750051523  
  16650.5  0.227924734425492    
  16651.5  0.22793157233318695  
  16652.5  0.22793841884709207  
  16653.5  0.22794526515535676  
  16654.5  0.22795211125799963  
  16655.5  0.227958948344493    
  16656.5  0.22796579403621228  
  16657.5  0.22797263952236527  
  16658.5  0.22797947599321758  
  16659.5  0.22798632106855798  
  16660.5  0.22799316593838762  
  16661.5  0.22800001060272493  
  16662.5  0.22800684625289316  
  16663.5  0.22801369050656584  
  16664.5  0.22802053455480173  
  16665.5  0.22802737839761933  
  16666.5  0.22803421322739895  
  16667.5  0.22804105665969973  
  16668.5  0.22804789988663768  
  16669.5  0.22805473410138563  
  16670.5  0.22806157691791756  
  16671.5  0.2280684195291421   
  16672.5  0.22807526193507768  
  16673.5  0.2280820953299537   
  16674.5  0.22808893732563099  
  16675.5  0.22809577911607473  
  16676.5  0.2281026118963063   
  16677.5  0.22810945327660243  
  16678.5  0.2281162944517204   
  16679.5  0.22812313542167867  
  16680.5  0.22812996738255437  
  16681.5  0.22813680794251254  
  16682.5  0.22814364829736636  
  16683.5  0.22815048844713423  
  16684.5  0.22815731958894878  
  16685.5  0.228164159328864    
  16686.5  0.22817099886374864  
  16687.5  0.22817782939152645  
  16688.5  0.22818466851666896  
  16689.5  0.2281915074368361   
  16690.5  0.22819834615204634  
  16691.5  0.22820517586127828  
  16692.5  0.22821201416689366  
  16693.5  0.2282188522676074   
  16694.5  0.22822569016343786  
  16695.5  0.2282325190544181   
  16696.5  0.22823935654080094  
  16697.5  0.22824619382235575  
  16698.5  0.228253022099906    
  16699.5  0.2282598589721235   
  16700.5  0.22826669563956814  
  16701.5  0.22827353210225837  
  16702.5  0.2282803595620713   
  16703.5  0.22828719561557123  
  16704.5  0.22829403146437188  
  16705.5  0.22830085831114041  
  16706.5  0.22830769375086102  
  16707.5  0.22831452898593746  
  16708.5  0.2283213640163881   
  16709.5  0.22832819004593322  
  16710.5  0.22833502466745073  
  16711.5  0.22834185908439752  
  16712.5  0.22834869329679205  
  16713.5  0.22835551850940713  
  16714.5  0.22836235231301527  
  16715.5  0.22836918591212618  
  16716.5  0.2283760105123019   
  16717.5  0.22838284370273648  
  16718.5  0.22838967668872887  
  16719.5  0.22839650947029738  
  16720.5  0.22840333325405612  
  16721.5  0.22841016562709496  
  16722.5  0.22841699779576494  
  16723.5  0.22842382096746885  
  16724.5  0.2284306527277191   
  16725.5  0.22843748428365546  
  16726.5  0.2284443156352963   
  16727.5  0.2284511379910957   
  16728.5  0.22845796893446327  
  16729.5  0.22846479967359024  
  16730.5  0.22847163020849495  
  16731.5  0.2284784517486825   
  16732.5  0.22848528187546036  
  16733.5  0.22849211179807083  
  16734.5  0.22849893272680702  
  16735.5  0.22850576224140043  
  16736.5  0.22851259155188133  
  16737.5  0.2285194206582681   
  16738.5  0.22852624077190406  
  16739.5  0.22853306947041996  
  16740.5  0.22853989796489657  
  16741.5  0.2285467174674647   
  16742.5  0.22855354555418006  
  16743.5  0.22856037343691096  
  16744.5  0.22856720111567566  
  16745.5  0.22857401980365466  
  16746.5  0.22858084707480425  
  16747.5  0.22858767414204242  
  16748.5  0.2285945010053875   
  16749.5  0.22860131887906923  
  16750.5  0.2286081453349452   
  16751.5  0.22861497158698282  
  16752.5  0.22862178885019852  
  16753.5  0.22862861469487647  
  16754.5  0.22863544033577082  
  16755.5  0.2286422657728998   
  16756.5  0.2286490822223285   
  16757.5  0.2286559072522437   
  16758.5  0.22866273207844823  
  16759.5  0.22866954791779331  
  16760.5  0.22867637233689342  
  16761.5  0.22868319655233754  
  16762.5  0.22869002056414395  
  16763.5  0.22869683559021178  
  16764.5  0.22870365919505944  
  16765.5  0.22871048259632404  
  16766.5  0.22871730579402375  
  16767.5  0.2287241200071054   
  16768.5  0.228730942797992    
  16769.5  0.22873776538536839  
  16770.5  0.22874457898896663  
  16771.5  0.22875140116963902  
  16772.5  0.2287582231468558   
  16773.5  0.22876504492063512  
  16774.5  0.2287718577117561   
  16775.5  0.22877867907897692  
  16776.5  0.22878550024281488  
  16777.5  0.22879232120328816  
  16778.5  0.22879913318222245  
  16779.5  0.22880595373628262  
  16780.5  0.22881277408703266  
  16781.5  0.2288195854570828   
  16782.5  0.22882640540152868  
  16783.5  0.22883322514271895  
  16784.5  0.22884004468067173  
  16785.5  0.22884685523904322  
  16786.5  0.2288536743708371   
  16787.5  0.228860493299448    
  16788.5  0.2288673032493162   
  16789.5  0.22887412177187702  
  16790.5  0.22888094009130933  
  16791.5  0.22888775820763124  
  16792.5  0.22889456734632835  
  16793.5  0.2289013850567453   
  16794.5  0.2289082025641063   
  16795.5  0.22891501986842944  
  16796.5  0.22892182819624526  
  16797.5  0.22892864509480845  
  16798.5  0.2289354617903882   
  16799.5  0.22894226951029834  
  16800.5  0.2289490858002268   
  16801.5  0.22895590188722617  
  16802.5  0.22896271777131466  
  16803.5  0.22896952468085016  
  16804.5  0.2289763401594322   
  16805.5  0.2289831554351576   
  16806.5  0.22898996173716724  
  16807.5  0.22899677660749473  
  16808.5  0.22900359127501993  
  16809.5  0.22901040573976092  
  16810.5  0.2290172112319022   
  16811.5  0.22902402529139     
  16812.5  0.22903083914814784  
  16813.5  0.22903765280219388  
  16814.5  0.22904445748475574  
  16815.5  0.2290512707336932   
  16816.5  0.22905808377997305  
  16817.5  0.22906488785560508  
  16818.5  0.22907170049688474  
  16819.5  0.22907851293556103  
  16820.5  0.22908532517165203  
  16821.5  0.22909212843821003  
  16822.5  0.22909894026944527  
  16823.5  0.2291057518981494   
  16824.5  0.22911255455815635  
  16825.5  0.22911936578211303  
  16826.5  0.22912617680359276  
  16827.5  0.22913298762261355  
  16828.5  0.2291397894740513   
  16829.5  0.22914659988846897  
  16830.5  0.22915341010048187  
  16831.5  0.22916022011010803  
  16832.5  0.22916702115326484  
  16833.5  0.2291738307584321   
  16834.5  0.2291806401612667   
  16835.5  0.2291874405984669   
  16836.5  0.22919424959695067  
  16837.5  0.22920105839315588  
  16838.5  0.22920786698710058  
  16839.5  0.22921466661652384  
  16840.5  0.2292214748062618   
  16841.5  0.22922828279379323  
  16842.5  0.2292350905791362   
  16843.5  0.22924188940107032  
  16844.5  0.22924869678235052  
  16845.5  0.22925550396149627  
  16846.5  0.22926230217806723  
  16847.5  0.22926910895325814  
  16848.5  0.22927591552636853  
  16849.5  0.22928272189741647  
  16850.5  0.22928951930700145  
  16851.5  0.22929632527423838  
  16852.5  0.22930313103946676  
  16853.5  0.22930992784406576  
  16854.5  0.22931673320559096  
  16855.5  0.22932353836516153  
  16856.5  0.22933034332279548  
  16857.5  0.22933713932091118  
  16858.5  0.22934394387498566  
  16859.5  0.22935074822717735  
  16860.5  0.22935755237750433  
  16861.5  0.22936434756942373  
  16862.5  0.2293711513163348   
  16863.5  0.22937795486143495  
  16864.5  0.22938474944896023  
  16865.5  0.22939155259075214  
  16866.5  0.22939835553078697  
  16867.5  0.22940515826908267  
  16868.5  0.22941195205091353  
  16869.5  0.22941875438604445  
  16870.5  0.22942555651949004  
  16871.5  0.22943234969730292  
  16872.5  0.22943915142769125  
  16873.5  0.22944595295644804  
  16874.5  0.22945275428359127  
  16875.5  0.22945954665621104  
  16876.5  0.22946634758044027  
  16877.5  0.22947314830310964  
  16878.5  0.22947994882423714  
  16879.5  0.22948674039195002  
  16880.5  0.22949354051030676  
  16881.5  0.2295003404271753   
  16882.5  0.22950713139146053  
  16883.5  0.22951393090566563  
  16884.5  0.22952073021843625  
  16885.5  0.22952752932979026  
  16886.5  0.22953431948966915  
  16887.5  0.2295411181985028   
  16888.5  0.22954791670597358  
  16889.5  0.22955470626279995  
  16890.5  0.22956150436785758  
  16891.5  0.22956830227160593  
  16892.5  0.2295750999740629   
  16893.5  0.22958188872698287  
  16894.5  0.22958868602716964  
  16895.5  0.22959548312611863  
  16896.5  0.22960228002384767  
  16897.5  0.22960906797314679  
  16898.5  0.22961586446874846  
  16899.5  0.22962266076318383  
  16900.5  0.22962944811001917  
  16901.5  0.22963624400243424  
  16902.5  0.22964303969373653  
  16903.5  0.22964983518394388  
  16904.5  0.2296566217276575   
  16905.5  0.22966341681598726  
  16906.5  0.22967021170327562  
  16907.5  0.2296769976448996   
  16908.5  0.2296837921304173   
  16909.5  0.2296905864149471   
  16910.5  0.22969738049850683  
  16911.5  0.22970416563750776  
  16912.5  0.22971095931943938  
  16913.5  0.2297177528004544   
  16914.5  0.2297245460805706   
  16915.5  0.22973133041723323  
  16916.5  0.2297381232958638   
  16917.5  0.22974491597364904  
  16918.5  0.22975169970880918  
  16919.5  0.22975849198521558  
  16920.5  0.22976528406083     
  16921.5  0.2297720759356703   
  16922.5  0.22977885886899     
  16923.5  0.22978565034259374  
  16924.5  0.22979244161547677  
  16925.5  0.2297992326876568   
  16926.5  0.22980601481942026  
  16927.5  0.229812805490506    
  16928.5  0.22981959596094212  
  16929.5  0.22982637749178936  
  16930.5  0.22983316756123776  
  16931.5  0.22983995743008986  
  16932.5  0.22984674709836347  
  16933.5  0.22985352782815158  
  16934.5  0.22986031709557952  
  16935.5  0.22986710616248232  
  16936.5  0.2298738862917267   
  16937.5  0.22988067495789033  
  16938.5  0.22988746342358204  
  16939.5  0.22989425168881952  
  16940.5  0.22990103101750126  
  16941.5  0.22990781888214157  
  16942.5  0.22991460654638093  
  16943.5  0.2299213940102371   
  16944.5  0.2299281725386397   
  16945.5  0.22993495960204052  
  16946.5  0.2299417464651113   
  16947.5  0.2299485243935549   
  16948.5  0.2299553108562767   
  16949.5  0.22996209711872168  
  16950.5  0.2299688831809076   
  16951.5  0.2299756603095678   
  16952.5  0.22998244597154635  
  16953.5  0.229989231433319    
  16954.5  0.22999600796239172  
  16955.5  0.23000279302406326  
  16956.5  0.23000957788558202  
  16957.5  0.23001636254696567  
  16958.5  0.2300231382767502   
  16959.5  0.2300299225381743   
  16960.5  0.23003670659951644  
  16961.5  0.23004349046079428  
  16962.5  0.2300502653915733   
  16963.5  0.23005704885303307  
  16964.5  0.23006383211448164  
  16965.5  0.23007060644625632  
  16966.5  0.23007738930799287  
  16967.5  0.23008417196977118  
  16968.5  0.230090954431609    
  16969.5  0.2300977279648727   
  16970.5  0.23010451002713983  
  16971.5  0.23011129188951948  
  16972.5  0.23011806482414934  
  16973.5  0.23012484628706423  
  16974.5  0.2301316275501446   
  16975.5  0.23013840861340815  
  16976.5  0.2301451807500209   
  16977.5  0.23015196141396085  
  16978.5  0.23015874187813692  
  16979.5  0.23016552214256678  
  16980.5  0.2301722934814444   
  16981.5  0.2301790733466918   
  16982.5  0.23018585301224584  
  16983.5  0.23019262375307126  
  16984.5  0.2301994030195486   
  16985.5  0.23020618208638555  
  16986.5  0.23021296095359972  
  16987.5  0.23021973089718312  
  16988.5  0.23022650936546155  
  16989.5  0.23023328763417006  
  16990.5  0.2302400657033263   
  16991.5  0.23024683484994923  
  16992.5  0.2302536125203106   
  16993.5  0.23026038999117254  
  16994.5  0.23026715854032387  
  16995.5  0.23027393561249648  
  16996.5  0.23028071248522253  
  16997.5  0.23028748915851954  
  16998.5  0.2302942569112027   
  16999.5  0.23030103318595116  
  17000.5  0.23030780926132338  
  17001.5  0.23031457641690395  
  17002.5  0.2303213520938331   
  17003.5  0.23032812757143872  
  17004.5  0.23033490284973857  
  17005.5  0.23034166920934274  
  17006.5  0.23034844408934002  
  17007.5  0.23035521877008416  
  17008.5  0.2303619932515928   
  17009.5  0.2303687588155014   
  17010.5  0.23037553289884796  
  17011.5  0.2303823067830117   
  17012.5  0.23038907175039686  
  17013.5  0.23039584523650386  
  17014.5  0.2304026185234807   
  17015.5  0.23040939161134494  
  17016.5  0.2304161557835255   
  17017.5  0.23042292847347337  
  17018.5  0.23042970096436127  
  17019.5  0.23043646454038638  
  17020.5  0.2304432366334631   
  17021.5  0.23045000852753253  
  17022.5  0.23045678022261215  
  17023.5  0.2304635430039231   
  17024.5  0.23047031430133177  
  17025.5  0.23047708539980324  
  17026.5  0.230483856299355    
  17027.5  0.23049061828623202  
  17028.5  0.23049738878825296  
  17029.5  0.2305041590914068   
  17030.5  0.2305109204827059   
  17031.5  0.23051769038843395  
  17032.5  0.23052446009534744  
  17033.5  0.23053122960346387  
  17034.5  0.23053799020081864  
  17035.5  0.23054475931164925  
  17036.5  0.2305515282237353   
  17037.5  0.2305582882258792   
  17038.5  0.2305650567407844   
  17039.5  0.23057182505699753  
  17040.5  0.23057859317453605  
  17041.5  0.23058535238322486  
  17042.5  0.23059212010372238  
  17043.5  0.23059888762559774  
  17044.5  0.23060565494886848  
  17045.5  0.2306124133643815   
  17046.5  0.23061918029075099  
  17047.5  0.23062594701856823  
  17048.5  0.23063270483944642  
  17049.5  0.23063947117046715  
  17050.5  0.23064623730298808  
  17051.5  0.23065300323702664  
  17052.5  0.2306597602652175   
  17053.5  0.23066652580259914  
  17054.5  0.23067329114155083  
  17055.5  0.23068004757547295  
  17056.5  0.23068681251787237  
  17057.5  0.23069357726189416  
  17058.5  0.23070034180755578  
  17059.5  0.2307070974492784   
  17060.5  0.23071386159852722  
  17061.5  0.23072062554946818  
  17062.5  0.23072738930211872  
  17063.5  0.2307341441519205   
  17064.5  0.23074090750829765  
  17065.5  0.23074767066643662  
  17066.5  0.23075442492254417  
  17067.5  0.23076118768451423  
  17068.5  0.23076795024829846  
  17069.5  0.2307747126139142   
  17070.5  0.230781466078588    
  17071.5  0.23078822804817406  
  17072.5  0.2307949898196439   
  17073.5  0.23080175139301493  
  17074.5  0.23080850406653314  
  17075.5  0.23081526524401366  
  17076.5  0.23082202622344758  
  17077.5  0.23082877830384516  
  17078.5  0.23083553888749286  
  17079.5  0.23084229927314615  
  17080.5  0.23084905946082238  
  17081.5  0.2308558107505507   
  17082.5  0.23086257054257975  
  17083.5  0.23086933013668393  
  17084.5  0.23087608083365616  
  17085.5  0.23088284003221737  
  17086.5  0.2308895990329058   
  17087.5  0.2308963578357388   
  17088.5  0.23090310774252762  
  17089.5  0.23090986614995654  
  17090.5  0.2309166243595822   
  17091.5  0.23092338237142188  
  17092.5  0.2309301314883047   
  17093.5  0.2309368891048791   
  17094.5  0.23094364652371968  
  17095.5  0.23095039504841847  
  17096.5  0.23095715207209777  
  17097.5  0.2309639088980952   
  17098.5  0.2309706655264282   
  17099.5  0.23097741326170607  
  17100.5  0.2309841694950164   
  17101.5  0.23099092553071435  
  17102.5  0.23099767267417173  
  17103.5  0.23100442831495097  
  17104.5  0.23101118375816973  
  17105.5  0.23101793900384532  
  17106.5  0.23102468535836634  
  17107.5  0.2310314402092618   
  17108.5  0.23103819486266605  
  17109.5  0.23104494931859643  
  17110.5  0.23105169488445776  
  17111.5  0.2310584489457464   
  17112.5  0.2310652028096131   
  17113.5  0.2310719477842246   
  17114.5  0.23107870125355334  
  17115.5  0.23108545452551202  
  17116.5  0.23109220760011798  
  17117.5  0.23109895178655354  
  17118.5  0.23110570446675982  
  17119.5  0.23111245694966523  
  17120.5  0.23111920054521357  
  17121.5  0.231125952633823    
  17122.5  0.23113270452518336  
  17123.5  0.231139456219312    
  17124.5  0.2311461990271677   
  17125.5  0.23115295032713853  
  17126.5  0.2311597014299294   
  17127.5  0.23116645233555763  
  17128.5  0.23117319435599668  
  17129.5  0.23117994486760515  
  17130.5  0.23118669518210272  
  17131.5  0.2311934366122236   
  17132.5  0.23120018653280494  
  17133.5  0.23120693625632718  
  17134.5  0.2312136857828076   
  17135.5  0.23122042642599433  
  17136.5  0.23122717555869635  
  17137.5  0.2312339244944083   
  17138.5  0.2312406732331474   
  17139.5  0.23124741308967553  
  17140.5  0.23125416143477415  
  17141.5  0.2312609095829516   
  17142.5  0.23126764884972972  
  17143.5  0.23127439660437     
  17144.5  0.23128114416214082  
  17145.5  0.2312878915230594   
  17146.5  0.23129463000366063  
  17147.5  0.23130137697117978  
  17148.5  0.23130812374189832  
  17149.5  0.23131486163311063  
  17150.5  0.23132160801053295  
  17151.5  0.23132835419120631  
  17152.5  0.23133510017514794  
  17153.5  0.23134183728066463  
  17154.5  0.23134858287144758  
  17155.5  0.2313553282655504   
  17156.5  0.2313620734629903   
  17157.5  0.23136880978308613  
  17158.5  0.23137555458750483  
  17159.5  0.2313822991953122   
  17160.5  0.2313890349265858   
  17161.5  0.231395779141475    
  17162.5  0.23140252315980442  
  17163.5  0.2314092669815912   
  17164.5  0.23141600192792444  
  17165.5  0.23142274535693041  
  17166.5  0.23142948858944531  
  17167.5  0.23143622294731647  
  17168.5  0.2314429657871535   
  17169.5  0.23144970843055096  
  17170.5  0.23145645087752598  
  17171.5  0.23146318445093675  
  17172.5  0.2314699265053711   
  17173.5  0.2314766683634345   
  17174.5  0.23148341002514405  
  17175.5  0.23149014281436855  
  17176.5  0.2314968840836746   
  17177.5  0.23150362515667833  
  17178.5  0.2315103573580059   
  17179.5  0.23151709803870887  
  17180.5  0.23152383852316089  
  17181.5  0.23153057881137906  
  17182.5  0.23153731022899957  
  17183.5  0.23154405012505402  
  17184.5  0.231550789824926    
  17185.5  0.2315575206550088   
  17186.5  0.23156425996281976  
  17187.5  0.23157099907449963  
  17188.5  0.23157773799006554  
  17189.5  0.23158446803692     
  17190.5  0.2315912065605617   
  17191.5  0.23159794488814078  
  17192.5  0.23160468301967435  
  17193.5  0.23161141228357382  
  17194.5  0.23161815002331992  
  17195.5  0.23162488756707186  
  17196.5  0.23163161624399733  
  17197.5  0.23163835339606434  
  17198.5  0.23164509035218842  
  17199.5  0.2316518271123866   
  17200.5  0.2316585550068351   
  17201.5  0.23166529137548503  
  17202.5  0.23167202754826036  
  17203.5  0.23167875485609313  
  17204.5  0.23168549063742258  
  17205.5  0.23169222622292868  
  17206.5  0.23169896161262848  
  17207.5  0.2317056881384617   
  17208.5  0.23171242313685214  
  17209.5  0.2317191579394875   
  17210.5  0.23172589254638484  
  17211.5  0.23173261829049113  
  17212.5  0.2317393525062155   
  17213.5  0.23174608652625298  
  17214.5  0.2317528116843058   
  17215.5  0.23175954531327259  
  17216.5  0.23176627874660366  
  17217.5  0.23177301198431605  
  17218.5  0.23177973636111873  
  17219.5  0.23178646920789667  
  17220.5  0.2317932018591071   
  17221.5  0.23179993431476703  
  17222.5  0.2318066579105917   
  17223.5  0.23181338997545337  
  17224.5  0.23182012184481562  
  17225.5  0.23182684485514815  
  17226.5  0.23183357633381424  
  17227.5  0.23184030761703195  
  17228.5  0.23184703870481835  
  17229.5  0.23185376093464888  
  17230.5  0.23186049163187517  
  17231.5  0.23186722213372116  
  17232.5  0.2318739437784163   
  17233.5  0.23188067388980416  
  17234.5  0.23188740380586273  
  17235.5  0.23189413352660904  
  17236.5  0.23190085439127764  
  17237.5  0.23190758372170173  
  17238.5  0.2319143128568645   
  17239.5  0.231921041796783    
  17240.5  0.23192776188169656  
  17241.5  0.2319344904314287   
  17242.5  0.23194121878596743  
  17243.5  0.23194793828630553  
  17244.5  0.2319546662507597   
  17245.5  0.2319613940200715   
  17246.5  0.23196812159425786  
  17247.5  0.2319748403153156   
  17248.5  0.2319815674995531   
  17249.5  0.23198829448871605  
  17250.5  0.23199501262555414  
  17251.5  0.23200173922486994  
  17252.5  0.23200846562916214  
  17253.5  0.23201519183844757  
  17254.5  0.23202190919647958  
  17255.5  0.23202863501605345  
  17256.5  0.2320353606406715   
  17257.5  0.23204208607035065  
  17258.5  0.23204880264984734  
  17259.5  0.2320555276899504   
  17260.5  0.23206225253516538  
  17261.5  0.2320689685310008   
  17262.5  0.23207569298674124  
  17263.5  0.23208241724764442  
  17264.5  0.23208914131372724  
  17265.5  0.23209585653150086  
  17266.5  0.2321025802082445   
  17267.5  0.23210930369021857  
  17268.5  0.23211601832468584  
  17269.5  0.23212274141742212  
  17270.5  0.23212946431543963  
  17271.5  0.23213618701875519  
  17272.5  0.23214290087563366  
  17273.5  0.2321496231898467   
  17274.5  0.23215634530940854  
  17275.5  0.2321630672343361   
  17276.5  0.23216978031389585  
  17277.5  0.232176501849856    
  17278.5  0.2321832231912326   
  17279.5  0.23218993568804291  
  17280.5  0.23219665664055336  
  17281.5  0.2322033773985309   
  17282.5  0.2322100979619924   
  17283.5  0.23221680968195627  
  17284.5  0.23222352985668662  
  17285.5  0.23223024983695162  
  17286.5  0.23223696097452004  
  17287.5  0.23224368056615508  
  17288.5  0.23225039996337532  
  17289.5  0.23225711916619768  
  17290.5  0.23226382952739139  
  17291.5  0.23227054834171865  
  17292.5  0.2322772669616986   
  17293.5  0.2322839853873481   
  17294.5  0.23229069497243646  
  17295.5  0.23229741300972565  
  17296.5  0.2323041308527349   
  17297.5  0.2323108398559834   
  17298.5  0.2323175573107334   
  17299.5  0.23232427457125404  
  17300.5  0.23233099163756213  
  17301.5  0.2323376998651763   
  17302.5  0.2323444165433598   
  17303.5  0.23235113302738125  
  17304.5  0.23235784931725753  
  17305.5  0.23236455676950635  
  17306.5  0.23237127267139254  
  17307.5  0.23237798837918405  
  17308.5  0.2323846952501476   
  17309.5  0.23239141057004994  
  17310.5  0.232398125695908    
  17311.5  0.2324048406277386   
  17312.5  0.2324115467238071   
  17313.5  0.23241826126788295  
  17314.5  0.2324249756179818   
  17315.5  0.23243168113311752  
  17316.5  0.23243839509556236  
  17317.5  0.2324451088640806   
  17318.5  0.23245182243868906  
  17319.5  0.2324585271793995   
  17320.5  0.23246524036648822  
  17321.5  0.23247195335971751  
  17322.5  0.23247866615910417  
  17323.5  0.23248537012565756  
  17324.5  0.23249208253765874  
  17325.5  0.23249879475586763  
  17326.5  0.23250549814204144  
  17327.5  0.23251220997296543  
  17328.5  0.23251892161014748  
  17329.5  0.23252563305360432  
  17330.5  0.23253233566609016  
  17331.5  0.2325390467223962   
  17332.5  0.23254575758502732  
  17333.5  0.23255245961748516  
  17334.5  0.232559170093066    
  17335.5  0.23256588037502224  
  17336.5  0.23257259046337053  
  17337.5  0.232579291722609    
  17338.5  0.23258600142404098  
  17339.5  0.23259271093191533  
  17340.5  0.23259942024624883  
  17341.5  0.23260612073253542  
  17342.5  0.23261282966008642  
  17343.5  0.23261953839414676  
  17344.5  0.23262623830095713  
  17345.5  0.23263294664833534  
  17346.5  0.23263965480227303  
  17347.5  0.23264636276278702  
  17348.5  0.23265306189711338  
  17349.5  0.232659769471079    
  17350.5  0.232666476851671    
  17351.5  0.2326731754068718   
  17352.5  0.23267988240101564  
  17353.5  0.23268658920183605  
  17354.5  0.23269329580934972  
  17355.5  0.2326999935925339   
  17356.5  0.23270669981373301  
  17357.5  0.23271340584167555  
  17358.5  0.23272011167637816  
  17359.5  0.23272680868781256  
  17360.5  0.23273351413633414  
  17361.5  0.2327402193916659   
  17362.5  0.23274691582452506  
  17363.5  0.23275362069377586  
  17364.5  0.23276032536988692  
  17365.5  0.2327670298528749   
  17366.5  0.2327737255144509   
  17367.5  0.23278042961149134  
  17368.5  0.23278713351545874  
  17369.5  0.23279383722636976  
  17370.5  0.23280053211692908  
  17371.5  0.23280723544202583  
  17372.5  0.2328139385741163   
  17373.5  0.2328206328866498   
  17374.5  0.23282733563302593  
  17375.5  0.23283403818644569  
  17376.5  0.23284074054692572  
  17377.5  0.23284743408890843  
  17378.5  0.2328541360638073   
  17379.5  0.23286083784581646  
  17380.5  0.23286753081012262  
  17381.5  0.23287423220665043  
  17382.5  0.23288093341033841  
  17383.5  0.23288763442120325  
  17384.5  0.232894326615424    
  17385.5  0.23290102724094053  
  17386.5  0.2329077276736838   
  17387.5  0.23291442791367048  
  17388.5  0.23292111933807155  
  17389.5  0.2329278191928429   
  17390.5  0.23293451885490749  
  17391.5  0.23294120970218007  
  17392.5  0.232947908979129    
  17393.5  0.23295460806342103  
  17394.5  0.23296130695507275  
  17395.5  0.2329679970329904   
  17396.5  0.23297469553965933  
  17397.5  0.23298139385373778  
  17398.5  0.23298808335487517  
  17399.5  0.2329947812840704   
  17400.5  0.23300147902072496  
  17401.5  0.2330081765648555   
  17402.5  0.23301486529710214  
  17403.5  0.2330215624564821   
  17404.5  0.23302825942338778  
  17405.5  0.23303495619783582  
  17406.5  0.23304164416145678  
  17407.5  0.23304834055128684  
  17408.5  0.23305503674870903  
  17409.5  0.23306172413609638  
  17410.5  0.233068419949       
  17411.5  0.23307511556954544  
  17412.5  0.23308181099774922  
  17413.5  0.2330884976169744   
  17414.5  0.23309519266079212  
  17415.5  0.23310188751231797  
  17416.5  0.23310857355565692  
  17417.5  0.23311526802289603  
  17418.5  0.2331219622978929   
  17419.5  0.23312865638066405  
  17420.5  0.2331353416563038   
  17421.5  0.2331420353549206   
  17422.5  0.23314872886136132  
  17423.5  0.23315542217564256  
  17424.5  0.23316210668384751  
  17425.5  0.23316879961410666  
  17426.5  0.23317549235225593  
  17427.5  0.23318217628511992  
  17428.5  0.23318886863934624  
  17429.5  0.23319556080151227  
  17430.5  0.2332022527716346   
  17431.5  0.23320893593752606  
  17432.5  0.23321562752385755  
  17433.5  0.23322231891819487  
  17434.5  0.23322900150909187  
  17435.5  0.23323569251973744  
  17436.5  0.2332423833384384   
  17437.5  0.23324907396521125  
  17438.5  0.23325575578959754  
  17439.5  0.23326244603281066  
  17440.5  0.23326913608414515  
  17441.5  0.2332758259436176   
  17442.5  0.2332825070017569   
  17443.5  0.23328919647780152  
  17444.5  0.23329588576203358  
  17445.5  0.2333025662457222   
  17446.5  0.23330925514662537  
  17447.5  0.2333159438557654   
  17448.5  0.23332263237315878  
  17449.5  0.2333293120910615   
  17450.5  0.23333600022525783  
  17451.5  0.23334268816775694  
  17452.5  0.23334937591857535  
  17453.5  0.23335605487095545  
  17454.5  0.2333627422387085   
  17455.5  0.23336942941483024  
  17456.5  0.23337610779330265  
  17457.5  0.23338279458645778  
  17458.5  0.23338948118803104  
  17459.5  0.23339616759803883  
  17460.5  0.23340284521144897  
  17461.5  0.23340953123862176  
  17462.5  0.23341621707427845  
  17463.5  0.23342289411412595  
  17464.5  0.23342957956704627  
  17465.5  0.23343626482849988  
  17466.5  0.23344294989850317  
  17467.5  0.23344962617374831  
  17468.5  0.23345631086114674  
  17469.5  0.23346299535714415  
  17470.5  0.23346967966175705  
  17471.5  0.23347635517266246  
  17472.5  0.23348303909480184  
  17473.5  0.23348972282560596  
  17474.5  0.2334963977634903   
  17475.5  0.23350308111191942  
  17476.5  0.23350976426906253  
  17477.5  0.2335164472349361   
  17478.5  0.23352312140893985  
  17479.5  0.23352980399256965  
  17480.5  0.2335364863849791   
  17481.5  0.23354315998630598  
  17482.5  0.23354984199657008  
  17483.5  0.23355652381566305  
  17484.5  0.23356320544360132  
  17485.5  0.23356987828150638  
  17486.5  0.2335765595274304   
  17487.5  0.23358324058224889  
  17488.5  0.2335899214459783   
  17489.5  0.23359659352072343  
  17490.5  0.2336032740025696   
  17491.5  0.23360995429337586  
  17492.5  0.23361662579598425  
  17493.5  0.23362330570500553  
  17494.5  0.23362998542303598  
  17495.5  0.23363666495009197  
  17496.5  0.23364333568999848  
  17497.5  0.23365001483540046  
  17498.5  0.2336566937898771   
  17499.5  0.23366336395799014  
  17500.5  0.23367004253091087  
  17501.5  0.23367672091295538  
  17502.5  0.23368339910414     
  17503.5  0.2336900685100087   
  17504.5  0.2336967463197682   
  17505.5  0.23370342393871688  
  17506.5  0.2337101013668711   
  17507.5  0.2337167700107567   
  17508.5  0.23372344705761652  
  17509.5  0.23373012391373094  
  17510.5  0.23373679198636185  
  17511.5  0.23374346846127986  
  17512.5  0.23375014474550143  
  17513.5  0.2337568208390429   
  17514.5  0.23376348815014755  
  17515.5  0.23377016386262323  
  17516.5  0.2337768393844678   
  17517.5  0.23378351471569758  
  17518.5  0.23379018126553683  
  17519.5  0.2337968562158313   
  17520.5  0.23380353097555998  
  17521.5  0.23381019695468247  
  17522.5  0.23381687133357368  
  17523.5  0.233823545521948    
  17524.5  0.23383021951982172  
  17525.5  0.2338368847381349   
  17526.5  0.23384355835530157  
  17527.5  0.23385023178201655  
  17528.5  0.23385689642995489  
  17529.5  0.23386356947606052  
  17530.5  0.23387024233176334  
  17531.5  0.23387691499707972  
  17532.5  0.2338835788846644   
  17533.5  0.23389025116950163  
  17534.5  0.23389692326400127  
  17535.5  0.23390359516817957  
  17536.5  0.23391025829567078  
  17537.5  0.23391692981950013  
  17538.5  0.233923601153057    
  17539.5  0.23393026371070985  
  17540.5  0.23393693466401538  
  17541.5  0.2339436054270972   
  17542.5  0.2339502759999716   
  17543.5  0.2339569377979859   
  17544.5  0.233963607990739    
  17545.5  0.23397027799333342  
  17546.5  0.23397693922185048  
  17547.5  0.23398360884442107  
  17548.5  0.2339902782768818   
  17549.5  0.23399694751924888  
  17550.5  0.23400360798858186  
  17551.5  0.23401027685105505  
  17552.5  0.23401694552348332  
  17553.5  0.23402361400588295  
  17554.5  0.23403027371629143  
  17555.5  0.23403694181892698  
  17556.5  0.2340436097315826   
  17557.5  0.2340502688730289   
  17558.5  0.2340569364060178   
  17559.5  0.23406360374907542  
  17560.5  0.23407027090221802  
  17561.5  0.23407692928519358  
  17562.5  0.23408359605879914  
  17563.5  0.23409026264253835  
  17564.5  0.23409692045689187  
  17565.5  0.23410358666119127  
  17566.5  0.23411025267567295  
  17567.5  0.2341169185003531   
  17568.5  0.23412357555668917  
  17569.5  0.2341302410020591   
  17570.5  0.2341369062576761   
  17571.5  0.23414357132355643  
  17572.5  0.23415022762213392  
  17573.5  0.23415689230883355  
  17574.5  0.234163556805845    
  17575.5  0.2341702125363343   
  17576.5  0.23417687665426215  
  17577.5  0.23418354058255045  
  17578.5  0.23419020432121535  
  17579.5  0.23419685929439865  
  17580.5  0.23420352265410932  
  17581.5  0.23421018582424513  
  17582.5  0.2342168402296795   
  17583.5  0.23422350302095807  
  17584.5  0.23423016562271026  
  17585.5  0.2342368280349523   
  17586.5  0.23424348168353287  
  17587.5  0.23425014371704692  
  17588.5  0.23425680556109926  
  17589.5  0.2342634672157061   
  17590.5  0.23427012010769105  
  17591.5  0.23427678138369906  
  17592.5  0.23428344247031002  
  17593.5  0.23429009479507845  
  17594.5  0.23429675550318738  
  17595.5  0.23430341602194774  
  17596.5  0.23431007635137557  
  17597.5  0.23431672791999983  
  17598.5  0.23432338787105472  
  17599.5  0.23433004763282556  
  17600.5  0.23433670720532843  
  17601.5  0.23434335801806633  
  17602.5  0.23435001721232526  
  17603.5  0.2343566762173646   
  17604.5  0.2343633264634176   
  17605.5  0.2343699850903097   
  17606.5  0.23437664352803061  
  17607.5  0.23438330177659641  
  17608.5  0.23438995126721376  
  17609.5  0.23439660913776117  
  17610.5  0.23440326681920182  
  17611.5  0.23440991574347209  
  17612.5  0.2344165730469909   
  17613.5  0.2344232301614513   
  17614.5  0.23442988708686932  
  17615.5  0.2344365352561543   
  17616.5  0.23444319180377923  
  17617.5  0.2344498481624101   
  17618.5  0.23445650433206303  
  17619.5  0.2344631517466198   
  17620.5  0.23446980753860827  
  17621.5  0.23447646314166704  
  17622.5  0.234483109990407    
  17623.5  0.23448976521589773  
  17624.5  0.23449642025250703  
  17625.5  0.2345030751002509   
  17626.5  0.2345097211947123   
  17627.5  0.2345163756650167   
  17628.5  0.23452302994650392  
  17629.5  0.2345296754754855   
  17630.5  0.23453632937962954  
  17631.5  0.2345429830950046   
  17632.5  0.23454963662162676  
  17633.5  0.23455628139677892  
  17634.5  0.2345629345461863   
  17635.5  0.23456958750688892  
  17636.5  0.2345762402789028   
  17637.5  0.234582884300482    
  17638.5  0.23458953669540944  
  17639.5  0.23459618890169634  
  17640.5  0.23460283235832463  
  17641.5  0.23460948418762126  
  17642.5  0.23461613582832544  
  17643.5  0.23462278728045316  
  17644.5  0.23462942998395694  
  17645.5  0.23463608105922262  
  17646.5  0.23464273194596     
  17647.5  0.23464937408484898  
  17648.5  0.23465602459482035  
  17649.5  0.23466267491631146  
  17650.5  0.23466932504933835  
  17651.5  0.23467596643555086  
  17652.5  0.2346826161919398   
  17653.5  0.23468926575991256  
  17654.5  0.23469591513948512  
  17655.5  0.23470255577327698  
  17656.5  0.23470920477633958  
  17657.5  0.23471585359105004  
  17658.5  0.2347224936607547   
  17659.5  0.23472914209905119  
  17660.5  0.2347357903490435   
  17661.5  0.23474243841074763  
  17662.5  0.23474907772847886  
  17663.5  0.23475572541389686  
  17664.5  0.23476237291107466  
  17665.5  0.2347690202200282   
  17666.5  0.23477565878604154  
  17667.5  0.2347823057188368   
  17668.5  0.2347889524634557   
  17669.5  0.23479559046590853  
  17670.5  0.23480223683446497  
  17671.5  0.23480888301489303  
  17672.5  0.23481552900720867  
  17673.5  0.23482216625839017  
  17674.5  0.23482881187477095  
  17675.5  0.23483545730308725  
  17676.5  0.23484209399104303  
  17677.5  0.23484873904352013  
  17678.5  0.2348553839079806   
  17679.5  0.23486202858444039  
  17680.5  0.234868664521571    
  17681.5  0.23487530882231916  
  17682.5  0.2348819529351145   
  17683.5  0.23488859685997293  
  17684.5  0.23489523204653315  
  17685.5  0.23490187559580744  
  17686.5  0.2349085189571926   
  17687.5  0.23491515358105255  
  17688.5  0.23492179656694917  
  17689.5  0.23492843936500446  
  17690.5  0.2349350819752344   
  17691.5  0.23494171584896942  
  17692.5  0.23494835808383813  
  17693.5  0.23495500013092926  
  17694.5  0.23496163344229784  
  17695.5  0.23496827511412316  
  17696.5  0.23497491659821865  
  17697.5  0.2349815578946002   
  17698.5  0.23498819045628894  
  17699.5  0.2349948313775319   
  17700.5  0.2350014721111087   
  17701.5  0.23500811265703517  
  17702.5  0.23501474446929815  
  17703.5  0.23502138464021322  
  17704.5  0.23502802462352565  
  17705.5  0.2350346558739463   
  17706.5  0.23504129548234262  
  17707.5  0.23504793490318404  
  17708.5  0.23505457413648637  
  17709.5  0.23506120463792562  
  17710.5  0.2350678434964389   
  17711.5  0.23507448216746074  
  17712.5  0.23508111210739072  
  17713.5  0.23508775040371868  
  17714.5  0.2350943885126029   
  17715.5  0.2351010264340592   
  17716.5  0.2351076556254517   
  17717.5  0.235114293172341    
  17718.5  0.23512093053185004  
  17719.5  0.23512756770399465  
  17720.5  0.23513419614710312  
  17721.5  0.2351408329448076   
  17722.5  0.23514746955519517  
  17723.5  0.23515409743731708  
  17724.5  0.2351607336733596   
  17725.5  0.23516736972213276  
  17726.5  0.23517400558365253  
  17727.5  0.23518063271793366  
  17728.5  0.235187268205235    
  17729.5  0.2351939035053304   
  17730.5  0.2352005300789572   
  17731.5  0.23520716500492922  
  17732.5  0.23521379974374276  
  17733.5  0.23522043429541376  
  17734.5  0.23522706012164254  
  17735.5  0.23523369429931668  
  17736.5  0.23524032828989572  
  17737.5  0.23524696209339546  
  17738.5  0.23525358717247913  
  17739.5  0.2352602206021085   
  17740.5  0.23526685384470608  
  17741.5  0.23527347836365678  
  17742.5  0.23528011123247883  
  17743.5  0.23528674391431648  
  17744.5  0.23529337640918555  
  17745.5  0.23530000018143318  
  17746.5  0.2353066323026531   
  17747.5  0.23531326423695187  
  17748.5  0.23531989598434525  
  17749.5  0.23532651901014226  
  17750.5  0.23533315038401278  
  17751.5  0.23533978157102534  
  17752.5  0.23534640403721002  
  17753.5  0.23535303485079437  
  17754.5  0.23535966547756812  
  17755.5  0.23536629591754699  
  17756.5  0.23537291763772245  
  17757.5  0.23537954770439937  
  17758.5  0.23538617758432875  
  17759.5  0.2353927987452227   
  17760.5  0.23539942825194474  
  17761.5  0.2354060575719665   
  17762.5  0.23541268670530383  
  17763.5  0.23541930712062958  
  17764.5  0.2354259358808856   
  17765.5  0.23543256445450444  
  17766.5  0.23543919284150192  
  17767.5  0.23544581251151125  
  17768.5  0.23545244052555334  
  17769.5  0.23545906835302136  
  17770.5  0.23546568746426846  
  17771.5  0.23547231491887552  
  17772.5  0.2354789421869557   
  17773.5  0.23548556926852474  
  17774.5  0.23549218763489574  
  17775.5  0.2354988143437297   
  17776.5  0.23550544086609976  
  17777.5  0.23551205867403857  
  17778.5  0.23551868482376792  
  17779.5  0.2355253107870805   
  17780.5  0.2355319365639921   
  17781.5  0.23553855362749465  
  17782.5  0.23554517903189126  
  17783.5  0.23555180424993405  
  17784.5  0.23555842928163873  
  17785.5  0.23556504560095617  
  17786.5  0.23557167026027154  
  17787.5  0.2355782947332959   
  17788.5  0.23558491049469915  
  17789.5  0.23559153459542842  
  17790.5  0.23559815850991384  
  17791.5  0.23560478223817108  
  17792.5  0.23561139725582844  
  17793.5  0.2356180206119161   
  17794.5  0.23562464378182277  
  17795.5  0.2356312582418951   
  17796.5  0.23563788103972627  
  17797.5  0.23564450365142345  
  17798.5  0.23565112607700234  
  17799.5  0.2356577397937675   
  17800.5  0.23566436184739636  
  17801.5  0.23567098371495399  
  17802.5  0.23567760539645605  
  17803.5  0.23568421837016457  
  17804.5  0.23569083967984192  
  17805.5  0.23569746080351073  
  17806.5  0.2357040732201509   
  17807.5  0.23571069397208902  
  17808.5  0.23571731453806555  
  17809.5  0.23572393491809623  
  17810.5  0.23573054659211787  
  17811.5  0.23573716660054303  
  17812.5  0.2357437864230693   
  17813.5  0.23575040605971234  
  17814.5  0.23575701699136556  
  17815.5  0.23576363625652827  
  17816.5  0.2357702553358547   
  17817.5  0.23577686571095538  
  17818.5  0.23578348441889524  
  17819.5  0.23579010294104577  
  17820.5  0.23579672127742254  
  17821.5  0.23580333091059227  
  17822.5  0.23580994887570755  
  17823.5  0.23581656665509604  
  17824.5  0.23582317573204106  
  17825.5  0.23582979314026178  
  17826.5  0.23583641036280253  
  17827.5  0.23584302739967897  
  17828.5  0.23584963573513001  
  17829.5  0.2358562524009636   
  17830.5  0.23586286888117972  
  17831.5  0.23586948517579404  
  17832.5  0.23587609277000054  
  17833.5  0.23588270869369682  
  17834.5  0.2358893244318381   
  17835.5  0.2358959314703345   
  17836.5  0.23590254683765133  
  17837.5  0.23590916201945997  
  17838.5  0.235915777015776    
  17839.5  0.2359223833134642   
  17840.5  0.23592899793908054  
  17841.5  0.23593561237925106  
  17842.5  0.23594221812155614  
  17843.5  0.23594883219112045  
  17844.5  0.2359554460752857   
  17845.5  0.23596205977406745  
  17846.5  0.2359686647760002   
  17847.5  0.23597527810430038  
  17848.5  0.2359818912472638   
  17849.5  0.23598850420490608  
  17850.5  0.23599510846671537  
  17851.5  0.23600172105400055  
  17852.5  0.2360083334560113   
  17853.5  0.23601493716295077  
  17854.5  0.23602154919469778  
  17855.5  0.23602816104121702  
  17856.5  0.23603477270252407  
  17857.5  0.2360413756697753   
  17858.5  0.236047986960943    
  17859.5  0.2360545980669452   
  17860.5  0.23606120047965282  
  17861.5  0.23606781121560894  
  17862.5  0.23607442176644614  
  17863.5  0.2360810321321801   
  17864.5  0.2360876338056342   
  17865.5  0.23609424380144628  
  17866.5  0.23610085361220168  
  17867.5  0.23610746323791595  
  17868.5  0.2361140641723648   
  17869.5  0.23612067342828147  
  17870.5  0.23612728249920356  
  17871.5  0.23613388287962075  
  17872.5  0.23614049158083836  
  17873.5  0.23614710009710796  
  17874.5  0.2361537084284451   
  17875.5  0.2361603080702912   
  17876.5  0.23616691603204792  
  17877.5  0.23617352380891873  
  17878.5  0.2361801228970586   
  17879.5  0.236186730304442    
  17880.5  0.23619333752698607  
  17881.5  0.23619994456470625  
  17882.5  0.2362065429147086   
  17883.5  0.23621314958306536  
  17884.5  0.23621975606664475  
  17885.5  0.23622636236546227  
  17886.5  0.23623295997757482  
  17887.5  0.2362395659071528   
  17888.5  0.23624617165201542  
  17889.5  0.23625276871093237  
  17890.5  0.23625937408664835  
  17891.5  0.23626597927769538  
  17892.5  0.23627258428408895  
  17893.5  0.23627918060554912  
  17894.5  0.23628578524291985  
  17895.5  0.23629238969568353  
  17896.5  0.2362989939638557   
  17897.5  0.2363055895481063   
  17898.5  0.2363121934473793   
  17899.5  0.23631879716210719  
  17900.5  0.2363253921936721   
  17901.5  0.23633199553959355  
  17902.5  0.23633859870101628  
  17903.5  0.23634520167795567  
  17904.5  0.2363517959727434   
  17905.5  0.236358398581       
  17906.5  0.23636500100481966  
  17907.5  0.23637159474724576  
  17908.5  0.2363781968024752   
  17909.5  0.23638479867331408  
  17910.5  0.23639140035977785  
  17911.5  0.23639799336585865  
  17912.5  0.2364045946838557   
  17913.5  0.2364111958175239   
  17914.5  0.2364177967668787   
  17915.5  0.23642438903686086  
  17916.5  0.23643098961787237  
  17917.5  0.23643759001461678  
  17918.5  0.23644418173274595  
  17919.5  0.23645078176123954  
  17920.5  0.2364573816055123   
  17921.5  0.23646398126557966  
  17922.5  0.2364705722480414   
  17923.5  0.23647717153998124  
  17924.5  0.2364837706477619   
  17925.5  0.23649036107869392  
  17926.5  0.23649695981843946  
  17927.5  0.23650355837407203  
  17928.5  0.2365101567456071   
  17929.5  0.23651674644130255  
  17930.5  0.23652334444492568  
  17931.5  0.23652994226449744  
  17932.5  0.23653653990003323  
  17933.5  0.2365431288607382   
  17934.5  0.23654972612848515  
  17935.5  0.23655632321224235  
  17936.5  0.23656291162192492  
  17937.5  0.23656950833798548  
  17938.5  0.23657610487010247  
  17939.5  0.23658270121829122  
  17940.5  0.2365892888934134   
  17941.5  0.23659588487402852  
  17942.5  0.2366024806707616   
  17943.5  0.2366090677951838   
  17944.5  0.2366156632244354   
  17945.5  0.23662225846985097  
  17946.5  0.23662885353144592  
  17947.5  0.23663543992173758  
  17948.5  0.2366420346159739   
  17949.5  0.23664862912643575  
  17950.5  0.2366552234531384   
  17951.5  0.23666180910954485  
  17952.5  0.23666840306901168  
  17953.5  0.23667499684476542  
  17954.5  0.236681581950978    
  17955.5  0.23668817535958792  
  17956.5  0.23669476858453078  
  17957.5  0.2367013616258219   
  17958.5  0.23670794599857836  
  17959.5  0.23671453867284836  
  17960.5  0.23672113116351265  
  17961.5  0.23672771498639686  
  17962.5  0.23673430711013196  
  17963.5  0.23674089905030732  
  17964.5  0.23674749080693833  
  17965.5  0.23675407389679512  
  17966.5  0.2367606652866195   
  17967.5  0.23676725649294542  
  17968.5  0.23677384751578823  
  17969.5  0.2367804298728624   
  17970.5  0.2367870205290211   
  17971.5  0.23679361100174257  
  17972.5  0.2368001928094493   
  17973.5  0.23680678291557844  
  17974.5  0.23681337283831638  
  17975.5  0.23681996257767834  
  17976.5  0.2368265436530305   
  17977.5  0.23683313302592246  
  17978.5  0.2368397222154844   
  17979.5  0.2368463112217316   
  17980.5  0.23685289156497358  
  17981.5  0.2368594802048731   
  17982.5  0.23686606866150373  
  17983.5  0.23687264845588227  
  17984.5  0.23687923654625687  
  17985.5  0.23688582445340847  
  17986.5  0.23689241217735232  
  17987.5  0.23689899124004804  
  17988.5  0.23690557859785807  
  17989.5  0.23691216577250615  
  17990.5  0.2369187442866588   
  17991.5  0.2369253310952646   
  17992.5  0.23693191772075428  
  17993.5  0.2369385041631432   
  17994.5  0.23694508194603997  
  17995.5  0.23695166802250864  
  17996.5  0.23695825391592223  
  17997.5  0.23696483962629608  
  17998.5  0.2369714166781808   
  17999.5  0.23697800202275637  
  18000.5  0.2369845871843379   
  18001.5  0.23699116368818235  
  18002.5  0.23699774848405708  
  18003.5  0.23700433309698352  
  18004.5  0.2370109175269769   
  18005.5  0.23701749330023558  
  18006.5  0.237024077364644    
  18007.5  0.23703066124616515  
  18008.5  0.23703723647170308  
  18009.5  0.23704381998773055  
  18010.5  0.23705040332091643  
  18011.5  0.23705698647127588  
  18012.5  0.23706356096665396  
  18013.5  0.23707014375164157  
  18014.5  0.23707672635384844  
  18015.5  0.23708330877328979  
  18016.5  0.2370898825387512   
  18017.5  0.23709646459294237  
  18018.5  0.23710304646441369  
  18019.5  0.23710961968265584  
  18020.5  0.23711620118896817  
  18021.5  0.23712278251260627  
  18022.5  0.2371293636535853   
  18023.5  0.23713593614233605  
  18024.5  0.23714251691827767  
  18025.5  0.23714909751160587  
  18026.5  0.2371556694534561   
  18027.5  0.23716224968183802  
  18028.5  0.23716882972765202  
  18029.5  0.2371754095909134   
  18030.5  0.23718198080369704  
  18031.5  0.23718856030213356  
  18032.5  0.237195139618063    
  18033.5  0.23720171875150045  
  18034.5  0.2372082892354601   
  18035.5  0.2372148680041941   
  18036.5  0.23722144659048172  
  18037.5  0.23722801652804112  
  18038.5  0.23723459474971623  
  18039.5  0.23724117278899046  
  18040.5  0.23724775064587897  
  18041.5  0.23725431985503853  
  18042.5  0.2372608973474358   
  18043.5  0.23726747465749284  
  18044.5  0.2372740517852248   
  18045.5  0.23728062026622682  
  18046.5  0.23728719702958873  
  18047.5  0.23729377361067103  
  18048.5  0.2373003415457723   
  18049.5  0.23730691776257534  
  18050.5  0.2373134937971443   
  18051.5  0.2373200696494942   
  18052.5  0.2373266368568614   
  18053.5  0.23733321234505317  
  18054.5  0.23733978765107133  
  18055.5  0.23734635431285522  
  18056.5  0.237352929254806    
  18057.5  0.23735950401462858  
  18058.5  0.23736607859233808  
  18059.5  0.23737264452681103  
  18060.5  0.2373792187405741   
  18061.5  0.23738579277226945  
  18062.5  0.23739236662191227  
  18063.5  0.2373989318293159   
  18064.5  0.23740550531513316  
  18065.5  0.23741207861894315  
  18066.5  0.23741864328126178  
  18067.5  0.23742521622133686  
  18068.5  0.23743178897945005  
  18069.5  0.23743836155561643  
  18070.5  0.23744492549128823  
  18071.5  0.23745149770384047  
  18072.5  0.2374580697344912   
  18073.5  0.23746463312539465  
  18074.5  0.23747120479252173  
  18075.5  0.23747777627779265  
  18076.5  0.23748434758122244  
  18077.5  0.23749091024590108  
  18078.5  0.23749748118592792  
  18079.5  0.23750405194415888  
  18080.5  0.2375106225206091   
  18081.5  0.23751718445930398  
  18082.5  0.2375237546724718   
  18083.5  0.2375303247039041   
  18084.5  0.23753688609832768  
  18085.5  0.23754345576656793  
  18086.5  0.2375500252531179   
  18087.5  0.23755659455799263  
  18088.5  0.23756315522685387  
  18089.5  0.23756972416865707  
  18090.5  0.2375762929288302   
  18091.5  0.237582853053736    
  18092.5  0.23758942145092793  
  18093.5  0.23759598966653497  
  18094.5  0.23760255770057218  
  18095.5  0.23760911710033666  
  18096.5  0.237615684771513    
  18097.5  0.23762225226116468  
  18098.5  0.23762881956930668  
  18099.5  0.2376353782441703   
  18100.5  0.23764194518957174  
  18101.5  0.23764851195350867  
  18102.5  0.23765507008491266  
  18103.5  0.23766163648619917  
  18104.5  0.23766820270606628  
  18105.5  0.23767476874452903  
  18106.5  0.2376813261514525   
  18107.5  0.23768789182738498  
  18108.5  0.23769445732195818  
  18109.5  0.23770101418573708  
  18110.5  0.23770757931787012  
  18111.5  0.23771414426868892  
  18112.5  0.2377207090382085   
  18113.5  0.2377272651779269   
  18114.5  0.23773382958512634  
  18115.5  0.23774039381107165  
  18116.5  0.23774695785577776  
  18117.5  0.23775351327167546  
  18118.5  0.23776007695418147  
  18119.5  0.23776664045549328  
  18120.5  0.23777319532874097  
  18121.5  0.2377797584679426   
  18122.5  0.23778632142599512  
  18123.5  0.23779288420291347  
  18124.5  0.23779943835275974  
  18125.5  0.2378060007676878   
  18126.5  0.2378125630015266   
  18127.5  0.2378191250542912   
  18128.5  0.23782567848097558  
  18129.5  0.23783224017186969  
  18130.5  0.23783880168173452  
  18131.5  0.23784535456626268  
  18132.5  0.23785191571434686  
  18133.5  0.23785847668144663  
  18134.5  0.23786503746757703  
  18135.5  0.237871589629362    
  18136.5  0.23787815005383142  
  18137.5  0.23788471029737637  
  18138.5  0.23789126191731896  
  18139.5  0.23789782179929264  
  18140.5  0.23790438150038667  
  18141.5  0.23791094102061608  
  18142.5  0.2379174919182338   
  18143.5  0.23792405107701148  
  18144.5  0.23793061005496943  
  18145.5  0.2379371688521225   
  18146.5  0.23794371902765415  
  18147.5  0.23795027746347505  
  18148.5  0.23795683571853593  
  18149.5  0.23796338535271783  
  18150.5  0.2379699432465361   
  18151.5  0.23797650095963918  
  18152.5  0.237983058492042    
  18153.5  0.2379896074045555   
  18154.5  0.23799616457583514  
  18155.5  0.23800272156645924  
  18156.5  0.23800926993793606  
  18157.5  0.23801582656752648  
  18158.5  0.23802238301650622  
  18159.5  0.23802893928489013  
  18160.5  0.23803548693511584  
  18161.5  0.23804204284258534  
  18162.5  0.2380485985695038   
  18163.5  0.23805515411588615  
  18164.5  0.23806170104509897  
  18165.5  0.23806825623068611  
  18166.5  0.23807481123578184  
  18167.5  0.23808135762444932  
  18168.5  0.23808791226883919  
  18169.5  0.23809446673278237  
  18170.5  0.2381010210162937   
  18171.5  0.238107566684365    
  18172.5  0.2381141206072896   
  18173.5  0.23812067434982706  
  18174.5  0.23812721947766527  
  18175.5  0.23813377285970527  
  18176.5  0.2381403260614028   
  18177.5  0.23814687908277274  
  18178.5  0.23815342349043098  
  18179.5  0.2381599761514224   
  18180.5  0.2381665286321309   
  18181.5  0.2381730809325713   
  18182.5  0.23817962462028724  
  18183.5  0.2381861765604681   
  18184.5  0.23819272832042546  
  18185.5  0.23819927146839848  
  18186.5  0.23820582286818542  
  18187.5  0.23821237408779347  
  18188.5  0.2382189251272375   
  18189.5  0.23822546755568386  
  18190.5  0.23823201823507628  
  18191.5  0.23823856873434926  
  18192.5  0.2382451190535176   
  18193.5  0.23825166076267457  
  18194.5  0.23825821072191006  
  18195.5  0.2382647605010855   
  18196.5  0.23827130167098892  
  18197.5  0.23827785109032049  
  18198.5  0.23828440032963652  
  18199.5  0.23829094938895184  
  18200.5  0.2382974898399809   
  18201.5  0.238304038539571    
  18202.5  0.23831058705920488  
  18203.5  0.23831712697129145  
  18204.5  0.238323675131289    
  18205.5  0.23833022311137486  
  18206.5  0.2383367709115638   
  18207.5  0.23834331010519058  
  18208.5  0.2383498575458617   
  18209.5  0.2383564048066804   
  18210.5  0.23836295188766152  
  18211.5  0.23836949036306515  
  18212.5  0.2383760370846469   
  18213.5  0.23838258362643544  
  18214.5  0.23838912156338482  
  18215.5  0.2383956677458628   
  18216.5  0.238402213748592    
  18217.5  0.23840875957158722  
  18218.5  0.23841529679072743  
  18219.5  0.23842184225453042  
  18220.5  0.23842838753864384  
  18221.5  0.23843492421964008  
  18222.5  0.23844146914464992  
  18223.5  0.23844801389001455  
  18224.5  0.23845455845574878  
  18225.5  0.23846109441934946  
  18226.5  0.23846763862609832  
  18227.5  0.23847418265326115  
  18228.5  0.23848072650085267  
  18229.5  0.2384872617472939   
  18230.5  0.23849380523601826  
  18231.5  0.23850034854521562  
  18232.5  0.23850688325399988  
  18233.5  0.23851342620441862  
  18234.5  0.23851996897535477  
  18235.5  0.23852651156682297  
  18236.5  0.23853304555886068  
  18237.5  0.23853958779166834  
  18238.5  0.23854612984505236  
  18239.5  0.23855266329974262  
  18240.5  0.23855920499455455  
  18241.5  0.2385657465099871   
  18242.5  0.23857228784605508  
  18243.5  0.23857882058441138  
  18244.5  0.23858536156202517  
  18245.5  0.23859190236031863  
  18246.5  0.23859844297930646  
  18247.5  0.2386049750015643   
  18248.5  0.23861151526221583  
  18249.5  0.23861805534360597  
  18250.5  0.23862458682900214  
  18251.5  0.23863112655214433  
  18252.5  0.2386376660960693   
  18253.5  0.23864420546079174  
  18254.5  0.23865073623050143  
  18255.5  0.2386572752370937   
  18256.5  0.2386638140645277   
  18257.5  0.2386703442976844   
  18258.5  0.23867688276707644  
  18259.5  0.23868342105735432  
  18260.5  0.23868995916853272  
  18261.5  0.2386964886864145   
  18262.5  0.23870302643966862  
  18263.5  0.23870956401386745  
  18264.5  0.23871610140902563  
  18265.5  0.2387226302118674   
  18266.5  0.2387291672492189   
  18267.5  0.23873570410757386  
  18268.5  0.2387422323743473   
  18269.5  0.23874876887498367  
  18270.5  0.23875530519666763  
  18271.5  0.2387618413394139   
  18272.5  0.2387683688915582   
  18273.5  0.23877490467670331  
  18274.5  0.23878144028295475  
  18275.5  0.23878797571032723  
  18276.5  0.2387945025480771   
  18277.5  0.23880103761796587  
  18278.5  0.23880757250901966  
  18279.5  0.23881409881118504  
  18280.5  0.2388206333448431   
  18281.5  0.23882716769971027  
  18282.5  0.23883370187580116  
  18283.5  0.2388402274639824   
  18284.5  0.23884676128279483  
  18285.5  0.23885329492287502  
  18286.5  0.2388598199757793   
  18287.5  0.23886635325866895  
  18288.5  0.23887288636287035  
  18289.5  0.2388794192883981   
  18290.5  0.23888594362772808  
  18291.5  0.23889247619618248  
  18292.5  0.2388990085860072   
  18293.5  0.23890554079721693  
  18294.5  0.2389120644232067   
  18295.5  0.23891859627746018  
  18296.5  0.23892512795314252  
  18297.5  0.23893165104433803  
  18298.5  0.23893818236315192  
  18299.5  0.23894471350343865  
  18300.5  0.23895124446521288  
  18301.5  0.2389577668434774   
  18302.5  0.2389642974485001   
  18303.5  0.2389708278750542   
  18304.5  0.2389773497188312   
  18305.5  0.2389838797887215   
  18306.5  0.238990409680187    
  18307.5  0.23899693939324235  
  18308.5  0.23900346052449728  
  18309.5  0.23900998988100575  
  18310.5  0.2390165190591479   
  18311.5  0.23902304805893834  
  18312.5  0.23902956847790469  
  18313.5  0.23903609712126503  
  18314.5  0.23904262558631753  
  18315.5  0.23904914547127787  
  18316.5  0.2390556735799879   
  18317.5  0.23906220151043378  
  18318.5  0.2390687292626302   
  18319.5  0.2390752484357102   
  18320.5  0.23908177583168083  
  18321.5  0.23908830304944578  
  18322.5  0.23909482168882581  
  18323.5  0.23910134855045242  
  18324.5  0.2391078752339171   
  18325.5  0.23911440173923446  
  18326.5  0.23912091966714202  
  18327.5  0.23912744581643766  
  18328.5  0.23913397178762966  
  18329.5  0.23914049758073266  
  18330.5  0.23914701479740066  
  18331.5  0.23915354023459848  
  18332.5  0.23916006549375096  
  18333.5  0.2391665821771993   
  18334.5  0.23917310708053394  
  18335.5  0.239179631805867    
  18336.5  0.23918615635321294  
  18337.5  0.23919267232582903  
  18338.5  0.2391991965174736   
  18339.5  0.23920572053117478  
  18340.5  0.2392122443669471   
  18341.5  0.23921875962896344  
  18342.5  0.23922528310915075  
  18343.5  0.23923180641145286  
  18344.5  0.23923832114072915  
  18345.5  0.23924484408753344  
  18346.5  0.23925136685649617  
  18347.5  0.2392578894476319   
  18348.5  0.23926440346671513  
  18349.5  0.23927092570246927  
  18350.5  0.23927744776044005  
  18351.5  0.23928396124708795  
  18352.5  0.23929048294976427  
  18353.5  0.23929700447470076  
  18354.5  0.23930352582191197  
  18355.5  0.2393100385987731   
  18356.5  0.239316559590806    
  18357.5  0.2393230804051572   
  18358.5  0.2393296010418412   
  18359.5  0.2393361131091475   
  18360.5  0.23934263339076928  
  18361.5  0.2393491534947674   
  18362.5  0.23935566503011685  
  18363.5  0.23936218477913976  
  18364.5  0.2393687043505825   
  18365.5  0.23937522374445963  
  18366.5  0.23938173457065995  
  18367.5  0.2393882536096778   
  18368.5  0.23939477247117358  
  18369.5  0.23940128276572106  
  18370.5  0.2394078012724445   
  18371.5  0.23941431960168927  
  18372.5  0.23942083775346987  
  18373.5  0.2394273473392735   
  18374.5  0.23943386513639767  
  18375.5  0.2394403827561011   
  18376.5  0.23944690019839834  
  18377.5  0.23945340907568954  
  18378.5  0.23945992616344608  
  18379.5  0.23946644307383985  
  18380.5  0.2394729514199555   
  18381.5  0.23947946797589537  
  18382.5  0.23948598435451587  
  18383.5  0.23949250055583152  
  18384.5  0.23949900819383937  
  18385.5  0.23950552404081682  
  18386.5  0.23951203971053275  
  18387.5  0.23951854681766835  
  18388.5  0.2395250621331328   
  18389.5  0.2395315772713791   
  18390.5  0.23953809223242178  
  18391.5  0.2395445986318539   
  18392.5  0.23955111323876063  
  18393.5  0.23955762766850705  
  18394.5  0.23956414192110762  
  18395.5  0.2395706476130671   
  18396.5  0.23957716151164724  
  18397.5  0.23958367523312485  
  18398.5  0.23959018039468818  
  18399.5  0.23959669376223194  
  18400.5  0.2396032069527165   
  18401.5  0.23960971996615626  
  18402.5  0.23961622442065061  
  18403.5  0.23962273708027196  
  18404.5  0.2396292495628918   
  18405.5  0.23963575348729257  
  18406.5  0.23964226561618046  
  18407.5  0.23964877756811012  
  18408.5  0.239655289343096    
  18409.5  0.2396617925608311   
  18410.5  0.23966830398220032  
  18411.5  0.23967481522666895  
  18412.5  0.23968132629425148  
  18413.5  0.2396878288055512   
  18414.5  0.2396943395196323   
  18415.5  0.23970085005687047  
  18416.5  0.23970735203855154  
  18417.5  0.23971386222237465  
  18418.5  0.23972037222939802  
  18419.5  0.23972688205963613  
  18420.5  0.2397333833352845   
  18421.5  0.23973989281222263  
  18422.5  0.23974640211241863  
  18423.5  0.2397529112358869   
  18424.5  0.23975941180573257  
  18425.5  0.23976592057601592  
  18426.5  0.23977242916961475  
  18427.5  0.2397789292103159   
  18428.5  0.23978543745081607  
  18429.5  0.2397919455146748   
  18430.5  0.23979845340190648  
  18431.5  0.23980495273720698  
  18432.5  0.23981146027145495  
  18433.5  0.23981796762911897  
  18434.5  0.23982446643557645  
  18435.5  0.2398309734403429   
  18436.5  0.23983748026856855  
  18437.5  0.2398439869202677   
  18438.5  0.2398504850217262   
  18439.5  0.23985699132064267  
  18440.5  0.23986349744307572  
  18441.5  0.23987000338903972  
  18442.5  0.2398765007857287   
  18443.5  0.23988300637902477  
  18444.5  0.23988951179589485  
  18445.5  0.23989600866421382  
  18446.5  0.239902513728502    
  18447.5  0.23990901861640723  
  18448.5  0.23991552332794383  
  18449.5  0.23992201949189437  
  18450.5  0.23992852385096375  
  18451.5  0.2399350280337075   
  18452.5  0.23994152366958868  
  18453.5  0.23994802749995117  
  18454.5  0.23995453115403104  
  18455.5  0.23996103463184268  
  18456.5  0.23996752956375614  
  18457.5  0.239974032689301    
  18458.5  0.2399805356386206   
  18459.5  0.23998703841172916  
  18460.5  0.23999353263990378  
  18461.5  0.24000003506086015  
  18462.5  0.24000653730564847  
  18463.5  0.2400130310062256   
  18464.5  0.2400195328989475   
  18465.5  0.24002603461554434  
  18466.5  0.24003253615603035  
  18467.5  0.24003902915326875  
  18468.5  0.2400455303418027   
  18469.5  0.24005203135426884  
  18470.5  0.2400585238242097   
  18471.5  0.24006502448480949  
  18472.5  0.2400715249693843   
  18473.5  0.24007802527794844  
  18474.5  0.2400845170449503   
  18475.5  0.2400910170017624   
  18476.5  0.24009751678260668  
  18477.5  0.24010401638749743  
  18478.5  0.24011050745178858  
  18479.5  0.24011700670504152  
  18480.5  0.24012350578238378  
  18481.5  0.2401299963198481   
  18482.5  0.24013649504563817  
  18483.5  0.24014299359556035  
  18484.5  0.24014949196962895  
  18485.5  0.24015598180478173  
  18486.5  0.24016247982741223  
  18487.5  0.24016897767423195  
  18488.5  0.24017547534525516  
  18489.5  0.2401819644783243   
  18490.5  0.24018846179802347  
  18491.5  0.24019495894196885  
  18492.5  0.24020144754868128  
  18493.5  0.24020794434138812  
  18494.5  0.240214440958384    
  18495.5  0.24022093739968317  
  18496.5  0.24022742530471053  
  18497.5  0.24023392139488503  
  18498.5  0.2402404173094056   
  18499.5  0.24024690468837495  
  18500.5  0.2402534002518563   
  18501.5  0.24025989563972636  
  18502.5  0.24026639085199938  
  18503.5  0.24027287752968188  
  18504.5  0.2402793723910295   
  18505.5  0.24028586707682287  
  18506.5  0.24029236158707606  
  18507.5  0.2402988475636991   
  18508.5  0.2403053417231407   
  18509.5  0.2403118357070849   
  18510.5  0.24031832115811882  
  18511.5  0.2403248147913367   
  18512.5  0.24033130824909976  
  18513.5  0.24033780153142234  
  18514.5  0.24034428628179436  
  18515.5  0.24035077921350423  
  18516.5  0.2403572719698162   
  18517.5  0.2403637561948972   
  18518.5  0.24037024860068168  
  18519.5  0.24037674083111088  
  18520.5  0.240383232886199    
  18521.5  0.2403897164110153   
  18522.5  0.2403962081156895   
  18523.5  0.2404026996450652   
  18524.5  0.2404091909991566   
  18525.5  0.2404156738239351   
  18526.5  0.24042216482772608  
  18527.5  0.24042865565627533  
  18528.5  0.24043513795623053  
  18529.5  0.2404416284345644   
  18530.5  0.24044811873769917  
  18531.5  0.2404546088656489   
  18532.5  0.24046109046596287  
  18533.5  0.24046758024381068  
  18534.5  0.240474069846516    
  18535.5  0.24048055092230397  
  18536.5  0.24048704017499234  
  18537.5  0.24049352925258075  
  18538.5  0.24050001815508337  
  18539.5  0.24050649853162642  
  18540.5  0.2405129870842254   
  18541.5  0.24051947546178104  
  18542.5  0.24052596366430762  
  18543.5  0.24053244334183196  
  18544.5  0.24053893119456804  
  18545.5  0.2405454188723175   
  18546.5  0.24055189802578247  
  18547.5  0.24055838535382632  
  18548.5  0.24056487250692593  
  18549.5  0.24057135948509553  
  18550.5  0.24057783793993753  
  18551.5  0.2405843245685146   
  18552.5  0.24059081102220406  
  18553.5  0.24059728895328328  
  18554.5  0.24060377505746502  
  18555.5  0.24061026098680158  
  18556.5  0.24061674674130706  
  18557.5  0.24062322397415856  
  18558.5  0.24062970937926934  
  18559.5  0.2406361946095914   
  18560.5  0.24064267966513894  
  18561.5  0.2406491561999885   
  18562.5  0.24065564090625427  
  18563.5  0.24066212543778787  
  18564.5  0.24066860144934013  
  18565.5  0.24067508563167656  
  18566.5  0.2406815696393232   
  18567.5  0.24068805347229413  
  18568.5  0.24069452878623915  
  18569.5  0.24070101227012577  
  18570.5  0.24070749557937904  
  18571.5  0.24071397871401298  
  18572.5  0.24072045333057612  
  18573.5  0.2407269361162386   
  18574.5  0.2407334187273241   
  18575.5  0.24073989282105476  
  18576.5  0.24074637508325328  
  18577.5  0.2407528571709171   
  18578.5  0.24075933908406033  
  18579.5  0.24076581248080325  
  18580.5  0.2407722940451722   
  18581.5  0.2407787754350628   
  18582.5  0.24078524830926865  
  18583.5  0.24079172935046939  
  18584.5  0.24079821021723405  
  18585.5  0.2408046909095767   
  18586.5  0.2408111630871886   
  18587.5  0.240817643430954    
  18588.5  0.24082412360033956  
  18589.5  0.24083060359535946  
  18590.5  0.24083707507660224  
  18591.5  0.24084355472315733  
  18592.5  0.24085003419538892  
  18593.5  0.24085650515455834  
  18594.5  0.24086298427840946  
  18595.5  0.24086946322797928  
  18596.5  0.24087594200328183  
  18597.5  0.24088241226647533  
  18598.5  0.2408888906935098   
  18599.5  0.2408953689463192   
  18600.5  0.24090183868773402  
  18601.5  0.2409083165923596   
  18602.5  0.24091479432280222  
  18603.5  0.24092127187907597  
  18604.5  0.24092774092490762  
  18605.5  0.24093421813310983  
  18606.5  0.24094069516718525  
  18607.5  0.2409471720271479   
  18608.5  0.2409536403776208   
  18609.5  0.24096011688962413  
  18610.5  0.2409665932275569   
  18611.5  0.24097306105671365  
  18612.5  0.24097953704677122  
  18613.5  0.24098601286280025  
  18614.5  0.24099248850481472  
  18615.5  0.24099895563900486  
  18616.5  0.2410054309332563   
  18617.5  0.24101190605353526  
  18618.5  0.2410183726667033   
  18619.5  0.24102484743930327  
  18620.5  0.24103132203797278  
  18621.5  0.2410377964627259   
  18622.5  0.24104426238131924  
  18623.5  0.24105073645850536  
  18624.5  0.2410572103618171   
  18625.5  0.24106368409126844  
  18626.5  0.24107014931551077  
  18627.5  0.2410766226975071   
  18628.5  0.24108309590568505  
  18629.5  0.2410895606093667   
  18630.5  0.24109603347017355  
  18631.5  0.24110250615720397  
  18632.5  0.24110897867047196  
  18633.5  0.24111544268019394  
  18634.5  0.2411219148462027   
  18635.5  0.241128386838491    
  18636.5  0.24113485032794563  
  18637.5  0.24114132197305851  
  18638.5  0.24114779344449289  
  18639.5  0.24115426474226273  
  18640.5  0.24116072753814857  
  18641.5  0.24116719848885473  
  18642.5  0.2411736692659383   
  18643.5  0.24118013986941322  
  18644.5  0.24118660197195346  
  18645.5  0.24119307222847644  
  18646.5  0.24119954231143262  
  18647.5  0.24120600389416588  
  18648.5  0.2412124736302538   
  18649.5  0.24121894319281692  
  18650.5  0.2412254125818691   
  18651.5  0.24123187347164707  
  18652.5  0.24123834251394258  
  18653.5  0.24124481138276904  
  18654.5  0.24125128007814042  
  18655.5  0.24125774027518607  
  18656.5  0.24126420862391226  
  18657.5  0.24127067679922523  
  18658.5  0.24127713647692353  
  18659.5  0.24128360430567494  
  18660.5  0.2412900719610549   
  18661.5  0.24129653944307736  
  18662.5  0.24130299842843306  
  18663.5  0.24130946556400537  
  18664.5  0.241315932526262    
  18665.5  0.24132239099256253  
  18666.5  0.24132885760845252  
  18667.5  0.24133532405106858  
  18668.5  0.24134179032042466  
  18669.5  0.24134824809477196  
  18670.5  0.24135471401787273  
  18671.5  0.24136117976775526  
  18672.5  0.24136764534443345  
  18673.5  0.24137410242704993  
  18674.5  0.24138056765758406  
  18675.5  0.24138703271495562  
  18676.5  0.24139348927897547  
  18677.5  0.24139995399028635  
  18678.5  0.24140641852847639  
  18679.5  0.24141288289355944  
  18680.5  0.24141933876623725  
  18681.5  0.24142580278537082  
  18682.5  0.2414322666314391   
  18683.5  0.24143872198581168  
  18684.5  0.2414451854860138   
  18685.5  0.2414516488131923   
  18686.5  0.24145811196736108  
  18687.5  0.24146456663078014  
  18688.5  0.2414710294391938   
  18689.5  0.2414774920746394   
  18690.5  0.24148395453713084  
  18691.5  0.24149040850981815  
  18692.5  0.24149687062666542  
  18693.5  0.2415033325706002   
  18694.5  0.24150978602543977  
  18695.5  0.24151624762381357  
  18696.5  0.24152270904931644  
  18697.5  0.24152917030196228  
  18698.5  0.24153562306645798  
  18699.5  0.2415420839736538   
  18700.5  0.2415485447080341   
  18701.5  0.24155499695497282  
  18702.5  0.24156145734398618  
  18703.5  0.2415679175602257   
  18704.5  0.24157437760370518  
  18705.5  0.2415808291606876   
  18706.5  0.2415872888589109   
  18707.5  0.24159374838441577  
  18708.5  0.241600207737216    
  18709.5  0.24160665860446334  
  18710.5  0.24161311761211815  
  18711.5  0.24161957644710988  
  18712.5  0.24162602679725656  
  18713.5  0.24163248528718584  
  18714.5  0.24163894360449356  
  18715.5  0.24164540174919358  
  18716.5  0.24165185140999215  
  18717.5  0.24165830920974035  
  18718.5  0.24166476683692228  
  18719.5  0.24167122429155183  
  18720.5  0.2416776732632233   
  18721.5  0.2416841303730116   
  18722.5  0.24169058731028892  
  18723.5  0.24169703576531543  
  18724.5  0.2417034923578344   
  18725.5  0.24170994877788388  
  18726.5  0.2417164050254777   
  18727.5  0.2417228527917635   
  18728.5  0.24172930869470935  
  18729.5  0.24173576442524103  
  18730.5  0.24174221167517146  
  18731.5  0.24174866706113798  
  18732.5  0.24175512227473173  
  18733.5  0.24176157731596642  
  18734.5  0.24176802387754215  
  18735.5  0.24177447857432208  
  18736.5  0.24178093309878443  
  18737.5  0.24178738745094294  
  18738.5  0.24179383332438437  
  18739.5  0.2418002873321984   
  18740.5  0.24180674116775003  
  18741.5  0.24181318652529069  
  18742.5  0.24181964001658046  
  18743.5  0.24182609333564917  
  18744.5  0.24183254648251057  
  18745.5  0.24183899115230242  
  18746.5  0.2418454439550122   
  18747.5  0.24185189658555603  
  18748.5  0.24185834073973603  
  18749.5  0.2418647930262108   
  18750.5  0.24187124514056096  
  18751.5  0.24187769708280024  
  18752.5  0.24188414054961654  
  18753.5  0.24189059214789688  
  18754.5  0.24189704357410763  
  18755.5  0.24190349482826257  
  18756.5  0.24190993760793505  
  18757.5  0.2419163885182411   
  18758.5  0.24192283925653257  
  18759.5  0.24192928152104673  
  18760.5  0.2419357319155718   
  18761.5  0.24194218213812357  
  18762.5  0.24194863218871582  
  18763.5  0.24195507376647069  
  18764.5  0.24196152347340644  
  18765.5  0.24196797300842385  
  18766.5  0.24197441407130862  
  18767.5  0.24198086326275195  
  18768.5  0.2419873122823182   
  18769.5  0.24199376113002113  
  18770.5  0.2420002015065308   
  18771.5  0.2420066500107694   
  18772.5  0.2420130983431859   
  18773.5  0.242019546503794    
  18774.5  0.24202598619414795  
  18775.5  0.2420324340114015   
  18776.5  0.24203888165688786  
  18777.5  0.24204532083282407  
  18778.5  0.24205176813503815  
  18779.5  0.24205821526552618  
  18780.5  0.24206466222430184  
  18781.5  0.24207110071446597  
  18782.5  0.24207754733007905  
  18783.5  0.24208399377402093  
  18784.5  0.24209043175005487  
  18785.5  0.24209687785091635  
  18786.5  0.24210332378014773  
  18787.5  0.24210976953776273  
  18788.5  0.24211620682840782  
  18789.5  0.242122652243052    
  18790.5  0.24212909748612088  
  18791.5  0.2421355425576282   
  18792.5  0.2421419791631033   
  18793.5  0.2421484238917493   
  18794.5  0.2421548684488747   
  18795.5  0.24216130454067097  
  18796.5  0.2421677487550172   
  18797.5  0.24217419279788394  
  18798.5  0.24218063666928494  
  18799.5  0.24218707207629392  
  18800.5  0.24219351560502508  
  18801.5  0.24219995896233149  
  18802.5  0.24220640214822686  
  18803.5  0.24221283687066705  
  18804.5  0.24221927971400192  
  18805.5  0.24222572238596676  
  18806.5  0.2422321565951788   
  18807.5  0.2422385989246651   
  18808.5  0.24224504108282235  
  18809.5  0.24225148306966426  
  18810.5  0.24225791659468965  
  18811.5  0.24226435823916223  
  18812.5  0.24227079971236046  
  18813.5  0.2422772327244441   
  18814.5  0.24228367385535493  
  18815.5  0.24229011481503226  
  18816.5  0.24229655560348987  
  18817.5  0.24230298793176866  
  18818.5  0.242309428378048    
  18819.5  0.2423158686531485   
  18820.5  0.2423223087570838   
  18821.5  0.24232874040177577  
  18822.5  0.24233518016364186  
  18823.5  0.24234161975438373  
  18824.5  0.2423480508865835   
  18825.5  0.24235449013533794  
  18826.5  0.24236092921300897  
  18827.5  0.2423673681196103   
  18828.5  0.2423737985686045   
  18829.5  0.24238023713332738  
  18830.5  0.24238667552702137  
  18831.5  0.24239310546380916  
  18832.5  0.24239954351570642  
  18833.5  0.24240598139661568  
  18834.5  0.24241241910655056  
  18835.5  0.24241884836051364  
  18836.5  0.24242528572876063  
  18837.5  0.24243172292607412  
  18838.5  0.24243815995246767  
  18839.5  0.24244458852382347  
  18840.5  0.242451025208638    
  18841.5  0.2424574617225734   
  18842.5  0.24246388978217134  
  18843.5  0.24247032595460927  
  18844.5  0.2424767619562089   
  18845.5  0.24248319778698385  
  18846.5  0.24248962516435485  
  18847.5  0.24249606065374102  
  18848.5  0.2425024959723433   
  18849.5  0.24250892283824152  
  18850.5  0.24251535781553651  
  18851.5  0.24252179262208837  
  18852.5  0.2425282272579107   
  18853.5  0.24253465344196187  
  18854.5  0.24254108773658556  
  18855.5  0.2425475218605204   
  18856.5  0.24255395581378003  
  18857.5  0.24256038131620122  
  18858.5  0.2425668149283708   
  18859.5  0.24257324836990582  
  18860.5  0.24257967336130162  
  18861.5  0.24258610646182796  
  18862.5  0.24259253939176048  
  18863.5  0.24259897215111279  
  18864.5  0.24260539646125798  
  18865.5  0.24261182887971003  
  18866.5  0.24261826112762255  
  18867.5  0.24262469320500907  
  18868.5  0.24263111683412036  
  18869.5  0.24263754857071504  
  18870.5  0.2426439801368244   
  18871.5  0.2426504032553571   
  18872.5  0.24265683448075584  
  18873.5  0.24266326553570994  
  18874.5  0.24266969642023292  
  18875.5  0.24267611885811055  
  18876.5  0.24268254940203124  
  18877.5  0.24268897977556145  
  18878.5  0.24269540170314444  
  18879.5  0.24270183173615353  
  18880.5  0.24270826159881273  
  18881.5  0.2427146912911356   
  18882.5  0.242721112538442    
  18883.5  0.24272754189035198  
  18884.5  0.24273397107196618  
  18885.5  0.2427404000832981   
  18886.5  0.2427468206505441   
  18887.5  0.2427532493215713   
  18888.5  0.24275967782235683  
  18889.5  0.24276609787975392  
  18890.5  0.24277252604031577  
  18891.5  0.2427789540306765   
  18892.5  0.24278538185084966  
  18893.5  0.24279180122856425  
  18894.5  0.24279822870862175  
  18895.5  0.24280465601853216  
  18896.5  0.24281107488668122  
  18897.5  0.24281750185655696  
  18898.5  0.24282392865632615  
  18899.5  0.24283035528600233  
  18900.5  0.24283677347484647  
  18901.5  0.2428431997645959   
  18902.5  0.24284962588429276  
  18903.5  0.2428560518339506   
  18904.5  0.24286246934370548  
  18905.5  0.24286889495354444  
  18906.5  0.24287532039338486  
  18907.5  0.24288173739401883  
  18908.5  0.24288816249412126  
  18909.5  0.2428945874242656   
  18910.5  0.24290101218446522  
  18911.5  0.242907428506387    
  18912.5  0.2429138529269565   
  18913.5  0.24292027717762174  
  18914.5  0.24292669299070524  
  18915.5  0.24293311690182115  
  18916.5  0.24293954064307322  
  18917.5  0.24294596421447498  
  18918.5  0.24295237934922295  
  18919.5  0.24295880258118305  
  18920.5  0.2429652256433332   
  18921.5  0.2429716485356869   
  18922.5  0.24297806299231445  
  18923.5  0.24298448554533408  
  18924.5  0.24299090792859762  
  18925.5  0.24299732187683054  
  18926.5  0.24300374392084068  
  18927.5  0.2430101657951351   
  18928.5  0.24301658749972724  
  18929.5  0.2430230007702159   
  18930.5  0.2430294221356622   
  18931.5  0.24303584333144654  
  18932.5  0.24304225609382252  
  18933.5  0.24304867695054164  
  18934.5  0.2430550976376391   
  18935.5  0.24306151815512841  
  18936.5  0.24306793024013595  
  18937.5  0.24307435041866746  
  18938.5  0.24308077042763107  
  18939.5  0.2430871902670402   
  18940.5  0.2430936016748939   
  18941.5  0.24310002117545262  
  18942.5  0.24310644050649718  
  18943.5  0.24311285140668076  
  18944.5  0.24311927039895537  
  18945.5  0.24312568922175606  
  18946.5  0.24313210787509626  
  18947.5  0.24313851809850126  
  18948.5  0.24314493641317877  
  18949.5  0.2431513545584361   
  18950.5  0.24315777253428653  
  18951.5  0.24316418208112725  
  18952.5  0.24317059971842225  
  18953.5  0.24317701718635062  
  18954.5  0.24318342622596315  
  18955.5  0.24318984335541646  
  18956.5  0.24319626031554337  
  18957.5  0.24320267710635726  
  18958.5  0.24320908546978018  
  18959.5  0.2432155019222261   
  18960.5  0.2432219182053992   
  18961.5  0.2432283260618748   
  18962.5  0.24323474200676026  
  18963.5  0.24324115778241304  
  18964.5  0.2432475733888466   
  18965.5  0.24325398056950698  
  18966.5  0.24326039583775988  
  18967.5  0.2432668109368336   
  18968.5  0.24327322586674163  
  18969.5  0.2432796323718006   
  18970.5  0.24328604696363496  
  18971.5  0.2432924613863437   
  18972.5  0.24329886738489623  
  18973.5  0.24330528146961145  
  18974.5  0.24331169538524117  
  18975.5  0.24331810913179874  
  18976.5  0.2433245144551237   
  18977.5  0.24333092786379465  
  18978.5  0.24333734110343355  
  18979.5  0.24334374592053223  
  18980.5  0.2433501588223646   
  18981.5  0.24335657155520501  
  18982.5  0.2433629841190668   
  18983.5  0.2433693882613114   
  18984.5  0.24337580048747343  
  18985.5  0.24338221254469689  
  18986.5  0.2433886244329951   
  18987.5  0.24339502790059891  
  18988.5  0.2434014394513041   
  18989.5  0.24340785083312408  
  18990.5  0.24341425379494147  
  18991.5  0.2434206648392484   
  18992.5  0.24342707571471017  
  18993.5  0.2434334864213401   
  18994.5  0.2434398887088896   
  18995.5  0.2434462990781131   
  18996.5  0.24345270927854473  
  18997.5  0.24345911106058735  
  18998.5  0.24346552092369247  
  18999.5  0.24347193061804573  
  19000.5  0.24347834014366046  
  19001.5  0.24348474125180777  
  19002.5  0.2434911504402025   
  19003.5  0.24349755945989862  
  19004.5  0.24350396831090945  
  19005.5  0.24351036874537432  
  19006.5  0.24351677725927165  
  19007.5  0.2435231856045236   
  19008.5  0.24352958553392035  
  19009.5  0.24353599354213856  
  19010.5  0.24354240138175137  
  19011.5  0.24354880905277207  
  19012.5  0.2435552083088584   
  19013.5  0.24356161564295173  
  19014.5  0.24356802280849282  
  19015.5  0.243574429805495    
  19016.5  0.2435808283884834   
  19017.5  0.24358723504866453  
  19018.5  0.2435936415403466   
  19019.5  0.24360003961870502  
  19020.5  0.2436064457736457   
  19021.5  0.24361285176012723  
  19022.5  0.24361925757816286  
  19023.5  0.24362565498379485  
  19024.5  0.24363206046519528  
  19025.5  0.24363846577818968  
  19026.5  0.2436448626794702   
  19027.5  0.24365126765590903  
  19028.5  0.24365767246398165  
  19029.5  0.24366407710370128  
  19030.5  0.24367047333262656  
  19031.5  0.24367687763589677  
  19032.5  0.24368328177085383  
  19033.5  0.243689685737511    
  19034.5  0.243696081294293    
  19035.5  0.24370248492460678  
  19036.5  0.24370888838666047  
  19037.5  0.24371528343952809  
  19038.5  0.24372168656531787  
  19039.5  0.2437280895228873   
  19040.5  0.2437344923122497   
  19041.5  0.24374088669334468  
  19042.5  0.2437472891465491   
  19043.5  0.24375369143158626  
  19044.5  0.24376008530904467  
  19045.5  0.2437664872580033   
  19046.5  0.2437728890388343   
  19047.5  0.24377929065155093  
  19048.5  0.24378568385760702  
  19049.5  0.24379208513435105  
  19050.5  0.2437984862430204   
  19051.5  0.24380488718362833  
  19052.5  0.24381127971849356  
  19053.5  0.24381768032323467  
  19054.5  0.24382408075995401  
  19055.5  0.2438304727916188   
  19056.5  0.24383687289255063  
  19057.5  0.24384327282550042  
  19058.5  0.2438496725904814   
  19059.5  0.24385606395132509  
  19060.5  0.2438624633806242   
  19061.5  0.24386886264199417  
  19062.5  0.24387525349991457  
  19063.5  0.24388165242568194  
  19064.5  0.24388805118355977  
  19065.5  0.24389444977356126  
  19066.5  0.24390083996103     
  19067.5  0.24390723821553456  
  19068.5  0.2439136363022024   
  19069.5  0.2439200342210467   
  19070.5  0.24392642373827475  
  19071.5  0.24393282132172767  
  19072.5  0.24393921873739663  
  19073.5  0.24394560775213645  
  19074.5  0.24395200483249313  
  19075.5  0.24395840174510547  
  19076.5  0.2439647984899867   
  19077.5  0.24397118683485478  
  19078.5  0.24397758324452914  
  19079.5  0.24398397948651193  
  19080.5  0.24399036732916826  
  19081.5  0.24399676323602326  
  19082.5  0.24400315897522623  
  19083.5  0.24400955454679038  
  19084.5  0.24401594171994345  
  19085.5  0.24402233695648515  
  19086.5  0.24402873202542752  
  19087.5  0.24403512692678375  
  19088.5  0.24404151343064406  
  19089.5  0.24404790799708315  
  19090.5  0.2440543023959756   
  19091.5  0.24406068839805822  
  19092.5  0.24406708246211248  
  19093.5  0.24407347635865956  
  19094.5  0.24407987008771265  
  19095.5  0.24408625542087053  
  19096.5  0.24409264881519066  
  19097.5  0.2440990420420562   
  19098.5  0.24410543510148042  
  19099.5  0.24411181976592378  
  19100.5  0.24411821249072013  
  19101.5  0.24412460504811453  
  19102.5  0.24413098921121362  
  19103.5  0.24413738143405903  
  19104.5  0.24414377348954197  
  19105.5  0.24415016537767553  
  19106.5  0.2441565488724275   
  19107.5  0.2441629404261171   
  19108.5  0.24416933181249678  
  19109.5  0.24417571480617997  
  19110.5  0.24418210585819441  
  19111.5  0.24418849674293833  
  19112.5  0.2441948874604248   
  19113.5  0.2442012697861281   
  19114.5  0.24420766016935433  
  19115.5  0.24421405038536254  
  19116.5  0.2442204404341658   
  19117.5  0.24422682209209884  
  19118.5  0.24423321180674679  
  19119.5  0.24423960135422915  
  19120.5  0.24424598251152577  
  19121.5  0.24425237172493144  
  19122.5  0.2442587607712109   
  19123.5  0.24426514965037718  
  19124.5  0.2442715301402702   
  19125.5  0.24427791868546464  
  19126.5  0.24428430706358525  
  19127.5  0.24429068705311668  
  19128.5  0.24429707509734397  
  19129.5  0.24430346297453676  
  19130.5  0.24430985068470817  
  19131.5  0.2443162300072023   
  19132.5  0.24432261738358507  
  19133.5  0.24432900459298573  
  19134.5  0.24433539163541737  
  19135.5  0.2443417702910834   
  19136.5  0.2443481569998311   
  19137.5  0.24435454354164898  
  19138.5  0.24436092169738477  
  19139.5  0.2443673079055972   
  19140.5  0.2443736939469191   
  19141.5  0.24438007982136353  
  19142.5  0.244386457310637    
  19143.5  0.24439284285158053  
  19144.5  0.24439922822568583  
  19145.5  0.24440560521530322  
  19146.5  0.24441199025598595  
  19147.5  0.24441837512986972  
  19148.5  0.24442475983696751  
  19149.5  0.244431136160488    
  19150.5  0.24443752053426773  
  19151.5  0.2444439047413007   
  19152.5  0.2444502887816      
  19153.5  0.24445666443923228  
  19154.5  0.24446304814631792  
  19155.5  0.244469431686709    
  19156.5  0.24447580684511558  
  19157.5  0.2444821900523713   
  19158.5  0.24448857309297164  
  19159.5  0.24449495596692966  
  19160.5  0.24450133045981293  
  19161.5  0.2445077130007399   
  19162.5  0.24451409537506363  
  19163.5  0.24452047758279727  
  19164.5  0.24452685141036565  
  19165.5  0.24453323328517243  
  19166.5  0.24453961499342824  
  19167.5  0.24454598832220062  
  19168.5  0.24455236969760774  
  19169.5  0.24455875090650298  
  19170.5  0.24456513194889923  
  19171.5  0.24457150461272115  
  19172.5  0.24457788532237293  
  19173.5  0.24458426586556492  
  19174.5  0.24459063803086398  
  19175.5  0.24459701824138955  
  19176.5  0.24460339828549438  
  19177.5  0.24460977816319146  
  19178.5  0.24461614966390405  
  19179.5  0.2446225292090388   
  19180.5  0.24462890858780484  
  19181.5  0.24463528780021518  
  19182.5  0.24464165863654927  
  19183.5  0.2446480375165013   
  19184.5  0.24465441623013667  
  19185.5  0.24466078656837661  
  19186.5  0.2446671649496317   
  19187.5  0.24467354316460907  
  19188.5  0.24467992121332177  
  19189.5  0.2446862908875467   
  19190.5  0.24469266860398303  
  19191.5  0.24469904615419366  
  19192.5  0.244705415330597    
  19193.5  0.24471179254860914  
  19194.5  0.24471816960043455  
  19195.5  0.24472454648608624  
  19196.5  0.24473091499883778  
  19197.5  0.24473729155239482  
  19198.5  0.24474366793981706  
  19199.5  0.2447500441611175   
  19200.5  0.24475641201042467  
  19201.5  0.24476278789973424  
  19202.5  0.24476916362296094  
  19203.5  0.2447755309748742   
  19204.5  0.2447819063661878   
  19205.5  0.24478828159145746  
  19206.5  0.2447946566506961   
  19207.5  0.24480102333952772  
  19208.5  0.24480739806695695  
  19209.5  0.24481377262839413  
  19210.5  0.2448201388201037   
  19211.5  0.24482651304980915  
  19212.5  0.2448328871135614   
  19213.5  0.24483926101137343  
  19214.5  0.24484562654036365  
  19215.5  0.24485200010654753  
  19216.5  0.24485837350683004  
  19217.5  0.2448647467412241   
  19218.5  0.24487111160770192  
  19219.5  0.2448774845105714   
  19220.5  0.24488385724759132  
  19221.5  0.2448902216173738   
  19222.5  0.24489659402294675  
  19223.5  0.24490296626270888  
  19224.5  0.2449093383366732   
  19225.5  0.2449157020443051   
  19226.5  0.2449220737869259   
  19227.5  0.24492844536378766  
  19228.5  0.2449348085749955   
  19229.5  0.24494117982059127  
  19230.5  0.24494755090046677  
  19231.5  0.24495392181463496  
  19232.5  0.24496028436405376  
  19233.5  0.2449666549470593   
  19234.5  0.2449730253643963   
  19235.5  0.24497939561607765  
  19236.5  0.24498575750391383  
  19237.5  0.24499212742453583  
  19238.5  0.24499849717954095  
  19239.5  0.24500485857137877  
  19240.5  0.24501122799540195  
  19241.5  0.245017597253847    
  19242.5  0.24502396634672685  
  19243.5  0.24503032707734304  
  19244.5  0.24503669583934412  
  19245.5  0.24504306443581864  
  19246.5  0.24504943286677958  
  19247.5  0.24505579293638027  
  19248.5  0.2450621610365656   
  19249.5  0.245068528971276    
  19250.5  0.24507488854530352  
  19251.5  0.24508125614931564  
  19252.5  0.24508762358789155  
  19253.5  0.24509399086104403  
  19254.5  0.24510034977441653  
  19255.5  0.24510671671697382  
  19256.5  0.2451130834941464   
  19257.5  0.24511944191221585  
  19258.5  0.24512580835887052  
  19259.5  0.24513217464017906  
  19260.5  0.2451385407561544   
  19261.5  0.245144898513929    
  19262.5  0.24515126429948939  
  19263.5  0.24515762991975515  
  19264.5  0.24516399537473926  
  19265.5  0.24517035247242466  
  19266.5  0.24517671759709664  
  19267.5  0.24518308255652552  
  19268.5  0.24518943915933206  
  19269.5  0.24519580378852598  
  19270.5  0.24520216825251537  
  19271.5  0.24520853255131314  
  19272.5  0.2452148884943901   
  19273.5  0.24522125246305573  
  19274.5  0.24522761626656825  
  19275.5  0.24523397171503591  
  19276.5  0.24524033518849334  
  19277.5  0.24524669849683622  
  19278.5  0.24525306164007749  
  19279.5  0.24525941642917487  
  19280.5  0.24526577924246373  
  19281.5  0.2452721418906894   
  19282.5  0.24527850437386484  
  19283.5  0.24528485850379717  
  19284.5  0.24529122065712286  
  19285.5  0.24529758264543672  
  19286.5  0.2453039362811829   
  19287.5  0.24531029793972403  
  19288.5  0.24531665943329187  
  19289.5  0.24532302076189924  
  19290.5  0.24532937373883917  
  19291.5  0.24533573473777637  
  19292.5  0.24534209557179157  
  19293.5  0.24534844805481426  
  19294.5  0.24535480855923614  
  19295.5  0.24536116889877452  
  19296.5  0.24536752907344217  
  19297.5  0.24537388089801707  
  19298.5  0.24538024074319392  
  19299.5  0.24538660042353846  
  19300.5  0.2453929599390636   
  19301.5  0.24539931110539542  
  19302.5  0.24540567029153215  
  19303.5  0.24541202931288783  
  19304.5  0.24541837998572458  
  19305.5  0.24542473867776865  
  19306.5  0.24543109720507011  
  19307.5  0.24543745556764174  
  19308.5  0.24544380558259338  
  19309.5  0.24545016361595573  
  19310.5  0.24545652148462663  
  19311.5  0.24546287100635147  
  19312.5  0.2454692285458898   
  19313.5  0.24547558592077506  
  19314.5  0.24548194313102     
  19315.5  0.2454882919952174   
  19316.5  0.24549464887643205  
  19317.5  0.24550100559304477  
  19318.5  0.24550736214506835  
  19319.5  0.2455137103519425   
  19320.5  0.2455200665750379   
  19321.5  0.24552642263358251  
  19322.5  0.24553277034765106  
  19323.5  0.24553912607734413  
  19324.5  0.24554548164252468  
  19325.5  0.24555183704320555  
  19326.5  0.245558184100308    
  19327.5  0.24556453917223936  
  19328.5  0.2455708940797093   
  19329.5  0.24557724882273063  
  19330.5  0.24558359522307088  
  19331.5  0.2455899496374448   
  19332.5  0.2455963038874083   
  19333.5  0.24560264979536353  
  19334.5  0.2456090037167561   
  19335.5  0.24561535747377655  
  19336.5  0.24562171106643765  
  19337.5  0.24562805631798737  
  19338.5  0.24563440958217947  
  19339.5  0.24564076268205046  
  19340.5  0.24564710744148244  
  19341.5  0.2456534602129609   
  19342.5  0.24565981282015642  
  19343.5  0.2456661652630818   
  19344.5  0.24567250936646454  
  19345.5  0.24567886148109921  
  19346.5  0.24568521343150196  
  19347.5  0.2456915652176855   
  19348.5  0.24569790866522245  
  19349.5  0.24570426012321708  
  19350.5  0.24571061141703068  
  19351.5  0.2457169543728695   
  19352.5  0.24572330533857056  
  19353.5  0.24572965614012873  
  19354.5  0.2457360067775568   
  19355.5  0.24574234907790563  
  19356.5  0.24574869938732283  
  19357.5  0.24575504953264804  
  19358.5  0.24576139134156544  
  19359.5  0.24576774115895603  
  19360.5  0.2457740908122928   
  19361.5  0.24578044030158847  
  19362.5  0.2457867814553713   
  19363.5  0.24579313061683394  
  19364.5  0.2457994796142936   
  19365.5  0.24580582844776294  
  19366.5  0.24581216894661428  
  19367.5  0.2458185174523522   
  19368.5  0.2458248657941379   
  19369.5  0.24583120580197645  
  19370.5  0.24583755381610686  
  19371.5  0.24584390166632317  
  19372.5  0.24585024935263805  
  19373.5  0.24585658870590002  
  19374.5  0.24586293606466106  
  19375.5  0.24586928325955879  
  19376.5  0.245875622122074    
  19377.5  0.24588196898949394  
  19378.5  0.24588831569308858  
  19379.5  0.24589466223287063  
  19380.5  0.24590100044116395  
  19381.5  0.24590734665356961  
  19382.5  0.24591369270220068  
  19383.5  0.24592003858706984  
  19384.5  0.24592637614134377  
  19385.5  0.2459327216989379   
  19386.5  0.2459390670928081   
  19387.5  0.24594540415675295  
  19388.5  0.24595174922342408  
  19389.5  0.24595809412640932  
  19390.5  0.2459644388657213   
  19391.5  0.2459707752760009   
  19392.5  0.24597711968821506  
  19393.5  0.24598346393679393  
  19394.5  0.24598980802175024  
  19395.5  0.24599614377856685  
  19396.5  0.24600248753652645  
  19397.5  0.24600883113090147  
  19398.5  0.246015166397806    
  19399.5  0.24602150966526018  
  19400.5  0.24602785276916767  
  19401.5  0.2460341957095411   
  19402.5  0.24604053032333628  
  19403.5  0.24604687293689     
  19404.5  0.2460532153869476   
  19405.5  0.2460595495110958   
  19406.5  0.24606589163440945  
  19407.5  0.2460722335942649   
  19408.5  0.2460785753906748   
  19409.5  0.24608490886206694  
  19410.5  0.24609125033183388  
  19411.5  0.24609759163819314  
  19412.5  0.24610393278115733  
  19413.5  0.2461102655999952   
  19414.5  0.24611660641641742  
  19415.5  0.24612294706948243  
  19416.5  0.24612927939908943  
  19417.5  0.24613561972568812  
  19418.5  0.24614195988896753  
  19419.5  0.2461482998889402   
  19420.5  0.24615463156634573  
  19421.5  0.24616097123995295  
  19422.5  0.2461673107502913   
  19423.5  0.24617364193873045  
  19424.5  0.24617998112277895  
  19425.5  0.2461863201435964   
  19426.5  0.24619265900119539  
  19427.5  0.24619898953778557  
  19428.5  0.2462053280691955   
  19429.5  0.24621166643742476  
  19430.5  0.246218004642486    
  19431.5  0.24622433452742853  
  19432.5  0.2462306724064014   
  19433.5  0.24623701012224403  
  19434.5  0.24624333951863528  
  19435.5  0.24624967690846503  
  19436.5  0.24625601413520232  
  19437.5  0.24626235119885967  
  19438.5  0.24626867994395527  
  19439.5  0.2462750166817004   
  19440.5  0.24628135325640335  
  19441.5  0.24628768151321154  
  19442.5  0.24629401776207774  
  19443.5  0.24630035384793947  
  19444.5  0.24630668977080938  
  19445.5  0.2463130173766736   
  19446.5  0.24631935297380722  
  19447.5  0.24632568840798677  
  19448.5  0.2463320236792247   
  19449.5  0.24633835063434578  
  19450.5  0.246344685579948    
  19451.5  0.24635102036264628  
  19452.5  0.24635734682989413  
  19453.5  0.246363681287032    
  19454.5  0.24637001558130367  
  19455.5  0.2463763497127217   
  19456.5  0.24638267552957763  
  19457.5  0.24638900933553565  
  19458.5  0.24639534297867766  
  19459.5  0.24640166830792354  
  19460.5  0.2464080016256808   
  19461.5  0.24641433478065972  
  19462.5  0.2464206677728729   
  19463.5  0.2464269924520777   
  19464.5  0.24643332511900637  
  19465.5  0.24643965762320688  
  19466.5  0.2464459899646918   
  19467.5  0.24645231399405595  
  19468.5  0.24645864601035664  
  19469.5  0.24646497786397933  
  19470.5  0.24647130140614665  
  19471.5  0.2464776329346603   
  19472.5  0.24648396430053351  
  19473.5  0.24649029550377882  
  19474.5  0.24649661839645584  
  19475.5  0.24650294927469227  
  19476.5  0.24650927999033842  
  19477.5  0.24651561054340673  
  19478.5  0.24652193278679357  
  19479.5  0.24652826301495315  
  19480.5  0.24653459308057243  
  19481.5  0.2465409148371751   
  19482.5  0.24654724457796068  
  19483.5  0.24655357415624357  
  19484.5  0.24655990357203628  
  19485.5  0.2465662246796986   
  19486.5  0.2465725537707576   
  19487.5  0.24657888269936393  
  19488.5  0.24658520332050432  
  19489.5  0.24659153192445193  
  19490.5  0.24659786036598436  
  19491.5  0.2466041886451142   
  19492.5  0.24661050861766382  
  19493.5  0.24661683657223482  
  19494.5  0.24662316436444068  
  19495.5  0.24662949199429382  
  19496.5  0.24663581131845233  
  19497.5  0.2466421386238466   
  19498.5  0.24664846576692567  
  19499.5  0.24665478460497392  
  19500.5  0.24666111142366892  
  19501.5  0.24666743808008618  
  19502.5  0.24667376457423817  
  19503.5  0.24668008276424438  
  19504.5  0.24668640893411214  
  19505.5  0.24669273494175206  
  19506.5  0.24669905264590966  
  19507.5  0.24670537832934014  
  19508.5  0.2467117038505802   
  19509.5  0.2467180292096423   
  19510.5  0.24672434626610665  
  19511.5  0.24673067130105902  
  19512.5  0.24673699617387085  
  19513.5  0.24674332088455467  
  19514.5  0.24674963729352486  
  19515.5  0.24675596168019856  
  19516.5  0.24676228590478155  
  19517.5  0.2467686018283139   
  19518.5  0.2467749257289615   
  19519.5  0.24678124946755578  
  19520.5  0.24678757304410923  
  19521.5  0.24679388832049573  
  19522.5  0.24680021157321333  
  19523.5  0.24680653466392738  
  19524.5  0.2468128494551371   
  19525.5  0.24681917222208996  
  19526.5  0.24682549482707664  
  19527.5  0.2468318172701096   
  19528.5  0.24683813141452143  
  19529.5  0.24684445353389264  
  19530.5  0.24685077549134746  
  19531.5  0.24685709728689828  
  19532.5  0.24686341078471094  
  19533.5  0.24686973225669948  
  19534.5  0.24687605356682127  
  19535.5  0.24688236657986692  
  19536.5  0.24688868756650098  
  19537.5  0.2468950083913056   
  19538.5  0.24690132905429324  
  19539.5  0.2469076414210872   
  19540.5  0.2469139617606864   
  19541.5  0.2469202819385059   
  19542.5  0.24692660195455812  
  19543.5  0.24693291367529877  
  19544.5  0.2469392333680618   
  19545.5  0.2469455528990948   
  19546.5  0.24695186413547762  
  19547.5  0.2469581833432959   
  19548.5  0.2469645023894213   
  19549.5  0.2469708212738663   
  19550.5  0.24697713186454287  
  19551.5  0.24698345042587233  
  19552.5  0.24698976882555856  
  19553.5  0.2469960789321374   
  19554.5  0.24700239700878246  
  19555.5  0.2470087149238215   
  19556.5  0.24701503267726693  
  19557.5  0.24702134213848614  
  19558.5  0.2470276595689895   
  19559.5  0.2470339768379364   
  19560.5  0.24704029394533927  
  19561.5  0.24704660276139687  
  19562.5  0.2470529195459567   
  19563.5  0.24705923616900966  
  19564.5  0.24706554450137774  
  19565.5  0.24707186080166194  
  19566.5  0.24707817694047635  
  19567.5  0.24708449291783344  
  19568.5  0.24709080060538607  
  19569.5  0.2470971162600733   
  19570.5  0.24710343175334032  
  19571.5  0.247109738957463    
  19572.5  0.24711605412813437  
  19573.5  0.2471223691374226   
  19574.5  0.24712868398534013  
  19575.5  0.24713499054499322  
  19576.5  0.24714130507041396  
  19577.5  0.24714761943450106  
  19578.5  0.24715393363726684  
  19579.5  0.24716023955264788  
  19580.5  0.24716655343301572  
  19581.5  0.24717286715209935  
  19582.5  0.24717917258445768  
  19583.5  0.24718548598121745  
  19584.5  0.24719179921673007  
  19585.5  0.24719811229100785  
  19586.5  0.24720441707943955  
  19587.5  0.24721072983149225  
  19588.5  0.24721704242234713  
  19589.5  0.24722334672801508  
  19590.5  0.24722965899671887  
  19591.5  0.2472359711042619   
  19592.5  0.24724228305065654  
  19593.5  0.2472485867127429   
  19594.5  0.24725489833708508  
  19595.5  0.24726120980031585  
  19596.5  0.24726752110244754  
  19597.5  0.2472738241211494   
  19598.5  0.24728013510132726  
  19599.5  0.24728644592044305  
  19600.5  0.2472927484567875   
  19601.5  0.24729905895402335  
  19602.5  0.24730536929023408  
  19603.5  0.247311679465432    
  19604.5  0.24731798135873656  
  19605.5  0.24732429121215307  
  19606.5  0.24733060090459374  
  19607.5  0.24733690231579925  
  19608.5  0.24734321168653234  
  19609.5  0.24734952089632656  
  19610.5  0.24735582994519417  
  19611.5  0.24736213071370403  
  19612.5  0.2473684394409625   
  19613.5  0.2473747480073313   
  19614.5  0.24738105641282276  
  19615.5  0.24738735653883362  
  19616.5  0.2473936646228143   
  19617.5  0.24739997254595453  
  19618.5  0.24740627219027175  
  19619.5  0.24741257979197495  
  19620.5  0.24741888723287458  
  19621.5  0.24742519451298295  
  19622.5  0.24743149351514496  
  19623.5  0.24743780047391456  
  19624.5  0.24744410727192978  
  19625.5  0.2474504139092029   
  19626.5  0.24745671226940605  
  19627.5  0.24746301858543865  
  19628.5  0.24746932474076597  
  19629.5  0.24747562261968037  
  19630.5  0.24748192845384084  
  19631.5  0.24748823412733287  
  19632.5  0.24749453964016876  
  19633.5  0.24750083687746763  
  19634.5  0.2475071420692348   
  19635.5  0.24751344710038264  
  19636.5  0.24751974385665015  
  19637.5  0.24752604856680283  
  19638.5  0.24753235311637298  
  19639.5  0.24753865750537288  
  19640.5  0.24754495362036788  
  19641.5  0.24755125768847067  
  19642.5  0.24755756159604003  
  19643.5  0.24756386534308814  
  19644.5  0.2475701608170065   
  19645.5  0.24757646424325555  
  19646.5  0.24758276750902017  
  19647.5  0.2475890625023111   
  19648.5  0.2475953654473501   
  19649.5  0.24760166823194144  
  19650.5  0.2476079708560973   
  19651.5  0.24761426520865412  
  19652.5  0.2476205675121823   
  19653.5  0.24762686965531178  
  19654.5  0.24763316352749798  
  19655.5  0.24763946535007317  
  19656.5  0.24764576701228636  
  19657.5  0.2476520685141498   
  19658.5  0.24765836174594416  
  19659.5  0.24766466292735115  
  19660.5  0.24767096394844515  
  19661.5  0.2476772648092383   
  19662.5  0.2476835574008362   
  19663.5  0.2476898579412707   
  19664.5  0.24769615832144104  
  19665.5  0.24770245043307138  
  19666.5  0.24770875049295638  
  19667.5  0.2477150503926139   
  19668.5  0.2477213501320562   
  19669.5  0.24772764160383184  
  19670.5  0.2477339410230865   
  19671.5  0.24774024028216252  
  19672.5  0.24774653127422674  
  19673.5  0.24775283021318836  
  19674.5  0.24775912899200805  
  19675.5  0.24776542761069797  
  19676.5  0.24777171796324898  
  19677.5  0.24777801626192208  
  19678.5  0.24778431440050208  
  19679.5  0.24779061237900113  
  19680.5  0.24779690209223396  
  19681.5  0.24780319975081377  
  19682.5  0.24780949724934928  
  19683.5  0.24781578648327277  
  19684.5  0.24782208366196215  
  19685.5  0.2478283806806438   
  19686.5  0.2478346775393299   
  19687.5  0.24784096613427614  
  19688.5  0.2478472626732136   
  19689.5  0.2478535590521921   
  19690.5  0.24785985527122384  
  19691.5  0.24786614322738754  
  19692.5  0.24787243912676804  
  19693.5  0.24787873486623832  
  19694.5  0.24788502234349427  
  19695.5  0.24789131776338635  
  19696.5  0.2478976130234047   
  19697.5  0.24790390812356156  
  19698.5  0.2479101949623755   
  19699.5  0.24791648974305153  
  19700.5  0.24792278436390253  
  19701.5  0.2479290707240639   
  19702.5  0.24793536502550703  
  19703.5  0.24794165916716165  
  19704.5  0.2479479531490399   
  19705.5  0.2479542388710995   
  19706.5  0.24796053253366715  
  19707.5  0.24796682603649495  
  19708.5  0.247973119379595    
  19709.5  0.24797940446374708  
  19710.5  0.24798569748763372  
  19711.5  0.24799199035182914  
  19712.5  0.2479982749577293   
  19713.5  0.24800456750278418  
  19714.5  0.24801085988818428  
  19715.5  0.24801715211394174  
  19716.5  0.24802343608227406  
  19717.5  0.24802972798898812  
  19718.5  0.24803601973609593  
  19719.5  0.248042303226431    
  19720.5  0.2480485946545682   
  19721.5  0.2480548859231356   
  19722.5  0.24806117703214534  
  19723.5  0.24806745988525203  
  19724.5  0.2480737506753882   
  19725.5  0.24808004130600309  
  19726.5  0.24808633177710884  
  19727.5  0.248092613993181    
  19728.5  0.24809890414551017  
  19729.5  0.2481051941383666   
  19730.5  0.24811147587684124  
  19731.5  0.24811776555099374  
  19732.5  0.2481240550657099   
  19733.5  0.2481303444210018   
  19734.5  0.2481366255227808   
  19735.5  0.2481429145594657   
  19736.5  0.24814920343676264  
  19737.5  0.2481554840611982   
  19738.5  0.2481617726199608   
  19739.5  0.24816806101937183  
  19740.5  0.2481743492594434   
  19741.5  0.24818062924752202  
  19742.5  0.24818691716915606  
  19743.5  0.24819320493148692  
  19744.5  0.24819949253452675  
  19745.5  0.24820577188644177  
  19746.5  0.2482120591711408   
  19747.5  0.2482183462965851   
  19748.5  0.2482246251715555   
  19749.5  0.24823091197873154  
  19750.5  0.24823719862668908  
  19751.5  0.2482434851154403   
  19752.5  0.2482497633545853   
  19753.5  0.24825604952516495  
  19754.5  0.24826233553657445  
  19755.5  0.2482686132990283   
  19756.5  0.2482748989923387   
  19757.5  0.24828118452651526  
  19758.5  0.24828746990157008  
  19759.5  0.2482937470285364   
  19760.5  0.24830003208558868  
  19761.5  0.24830631698355546  
  19762.5  0.24831260172244873  
  19763.5  0.24831887821412052  
  19764.5  0.24832516263510784  
  19765.5  0.24833144689705794  
  19766.5  0.24833772291243647  
  19767.5  0.24834400685655295  
  19768.5  0.24835029064166836  
  19769.5  0.2483565742677948   
  19770.5  0.24836284964821623  
  19771.5  0.24836913295660554  
  19772.5  0.24837541610604205  
  19773.5  0.24838169909653784  
  19774.5  0.2483879738421948   
  19775.5  0.24839425651504984  
  19776.5  0.24840053902900033  
  19777.5  0.24840681329876138  
  19778.5  0.2484130954951434   
  19779.5  0.248419377532657    
  19780.5  0.24842565941131425  
  19781.5  0.2484319330466478   
  19782.5  0.24843821460783286  
  19783.5  0.24844449601019775  
  19784.5  0.24845076916988793  
  19785.5  0.24845705025485282  
  19786.5  0.24846333118103364  
  19787.5  0.24846961194844236  
  19788.5  0.2484758844740417   
  19789.5  0.2484821649241467   
  19790.5  0.24848844521551577  
  19791.5  0.24849472534816092  
  19792.5  0.2485009972398616   
  19793.5  0.2485072770552992   
  19794.5  0.24851355671204897  
  19795.5  0.24851982812850276  
  19796.5  0.2485261074681171   
  19797.5  0.24853238664907965  
  19798.5  0.24853866567140245  
  19799.5  0.2485449364542938   
  19800.5  0.2485512151595773   
  19801.5  0.24855749370625704  
  19802.5  0.2485637640141535   
  19803.5  0.24857004224386597  
  19804.5  0.2485763203150108   
  19805.5  0.24858259822759998  
  19806.5  0.24858886790226986  
  19807.5  0.24859514549798775  
  19808.5  0.24860142293518603  
  19809.5  0.24860770021387668  
  19810.5  0.2486139692555118   
  19811.5  0.24862024621742715  
  19812.5  0.24862652302087088  
  19813.5  0.24863279158790663  
  19814.5  0.248639068074647    
  19815.5  0.24864534440295172  
  19816.5  0.24865162057283283  
  19817.5  0.24865788850716922  
  19818.5  0.24866416436044284  
  19819.5  0.2486704400553288   
  19820.5  0.24867670751531726  
  19821.5  0.2486829828936676   
  19822.5  0.24868925811366624  
  19823.5  0.24869553317532514  
  19824.5  0.2487018000029494   
  19825.5  0.2487080747481685   
  19826.5  0.24871434933508382  
  19827.5  0.2487206237637073   
  19828.5  0.24872688995915865  
  19829.5  0.2487331640714381   
  19830.5  0.24873943802546167  
  19831.5  0.24874570374695973  
  19832.5  0.24875197738471105  
  19833.5  0.24875825086424236  
  19834.5  0.24876452418556566  
  19835.5  0.2487707892752255   
  19836.5  0.2487770622803722   
  19837.5  0.24878333512734674  
  19838.5  0.2487896078161611   
  19839.5  0.24879587227417385  
  19840.5  0.24880214464690728  
  19841.5  0.24880841686151636  
  19842.5  0.24881468084596994  
  19843.5  0.24882095274456978  
  19844.5  0.24882722448508113  
  19845.5  0.24883349606751598  
  19846.5  0.24883975942065664  
  19847.5  0.24884603068717773  
  19848.5  0.24885230179565818  
  19849.5  0.24885856467549017  
  19850.5  0.2488648354681285   
  19851.5  0.24887110610276192  
  19852.5  0.2488773765794025   
  19853.5  0.24888363882825545  
  19854.5  0.24888990898914934  
  19855.5  0.24889617899208613  
  19856.5  0.24890244883707777  
  19857.5  0.24890871045514235  
  19858.5  0.24891497998448273  
  19859.5  0.2489212493559137   
  19860.5  0.24892751050106282  
  19861.5  0.24893377955691404  
  19862.5  0.24894004845489165  
  19863.5  0.24894631719500765  
  19864.5  0.24895257770970183  
  19865.5  0.24895884613433333  
  19866.5  0.24896511440113894  
  19867.5  0.24897137444316764  
  19868.5  0.24897764239456022  
  19869.5  0.24898391018816265  
  19870.5  0.24899017782398686  
  19871.5  0.24899643723589374  
  19872.5  0.24900270455640014  
  19873.5  0.24900897171916403  
  19874.5  0.24901523872419729  
  19875.5  0.24902149750617267  
  19876.5  0.24902776419598335  
  19877.5  0.24903403072809913  
  19878.5  0.2490402890378013   
  19879.5  0.24904655525476585  
  19880.5  0.24905282131407117  
  19881.5  0.24905908721572922  
  19882.5  0.24906534489583246  
  19883.5  0.2490716104824344   
  19884.5  0.24907787591142466  
  19885.5  0.24908413311950411  
  19886.5  0.24909039823350954  
  19887.5  0.249096663189939    
  19888.5  0.24910292798880435  
  19889.5  0.2491091845676173   
  19890.5  0.24911544905159286  
  19891.5  0.24912171337803996  
  19892.5  0.24912797754697047  
  19893.5  0.24913423349670674  
  19894.5  0.24914049735084248  
  19895.5  0.24914676104749722  
  19896.5  0.2491530165256011   
  19897.5  0.24915927990753223  
  19898.5  0.249165543132018    
  19899.5  0.2491718061990703   
  19900.5  0.2491780610484295   
  19901.5  0.24918432380085306  
  19902.5  0.24919058639587877  
  19903.5  0.2491968407738543   
  19904.5  0.24920310305432242  
  19905.5  0.2492093651774282   
  19906.5  0.24921562714318357  
  19907.5  0.24922188089274602  
  19908.5  0.24922814254403858  
  19909.5  0.2492344040380163   
  19910.5  0.249240665374691    
  19911.5  0.2492469184960297   
  19912.5  0.2492531795183363   
  19913.5  0.24925944038337552  
  19914.5  0.24926569303372118  
  19915.5  0.24927195358446336  
  19916.5  0.24927821397797356  
  19917.5  0.24928447421426372  
  19918.5  0.24929072623671686  
  19919.5  0.24929698615880463  
  19920.5  0.24930324592370787  
  19921.5  0.24930950553143838  
  19922.5  0.24931575692618804  
  19923.5  0.24932201621981084  
  19924.5  0.2493282753562964   
  19925.5  0.24933452628044303  
  19926.5  0.24934078510289182  
  19927.5  0.24934704376823882  
  19928.5  0.2493533022764959   
  19929.5  0.24935955257326983  
  19930.5  0.24936581076758468  
  19931.5  0.24937206880484508  
  19932.5  0.2493783186312639   
  19933.5  0.24938457635465291  
  19934.5  0.24939083392102293  
  19935.5  0.24939709133038576  
  19936.5  0.24940334052976226  
  19937.5  0.2494095976253482   
  19938.5  0.24941585456396237  
  19939.5  0.2494221113456166   
  19940.5  0.2494283599181395   
  19941.5  0.24943461638611125  
  19942.5  0.24944087269715848  
  19943.5  0.24944712079971537  
  19944.5  0.24945337679715085  
  19945.5  0.24945963263769724  
  19946.5  0.2494658883213663   
  19947.5  0.24947213579739957  
  19948.5  0.24947839116755124  
  19949.5  0.24948464638086099  
  19950.5  0.2494908933871756   
  19951.5  0.24949714828703864  
  19952.5  0.24950340303009516  
  19953.5  0.24950965761635688  
  19954.5  0.24951590399647758  
  19955.5  0.24952215826938687  
  19956.5  0.24952841238553672  
  19957.5  0.24953466634493895  
  19958.5  0.249540912099054    
  19959.5  0.24954716574519803  
  19960.5  0.24955341923462973  
  19961.5  0.2495596645194144   
  19962.5  0.2495659176956585   
  19963.5  0.2495721707152256   
  19964.5  0.24957842357812754  
  19965.5  0.24958466823723574  
  19966.5  0.2495909207870442   
  19967.5  0.24959717318022273  
  19968.5  0.2496034173702473   
  19969.5  0.24960966945040294  
  19970.5  0.24961592137396396  
  19971.5  0.24962217314094212  
  19972.5  0.24962841670561922  
  19973.5  0.24963466815966848  
  19974.5  0.24964091945717018  
  19975.5  0.2496471705981361   
  19976.5  0.24965341353765355  
  19977.5  0.24965966436578454  
  19978.5  0.249665915037415    
  19979.5  0.2496721575082362   
  19980.5  0.2496784078671022   
  19981.5  0.24968465806950288  
  19982.5  0.24969090811545006  
  19983.5  0.24969714996144007  
  19984.5  0.24970339969471667  
  19985.5  0.24970964927157493  
  19986.5  0.24971589064911495  
  19987.5  0.24972213991337308  
  19988.5  0.24972838902124805  
  19989.5  0.24973463797275167  
  19990.5  0.24974087872578873  
  19991.5  0.24974712736478602  
  19992.5  0.24975337584744714  
  19993.5  0.2497596241737838   
  19994.5  0.24976586430250533  
  19995.5  0.24977211231642946  
  19996.5  0.24977836017406427  
  19997.5  0.24978459983472232  
  19998.5  0.2497908473800149   
  19999.5  0.24979709476905337  
  20000.5  0.24980334200184945  
