# lambda   Continuum_m1.3-m0.5  
  100.0    23.194583373573273   
  100.5    23.044681546289663   
  101.0    22.896485242874515   
  101.5    22.749963827984004   
  102.0    22.605096075060967   
  102.5    22.461852467289845   
  103.0    22.320204172415952   
  103.5    22.180131429841396   
  104.0    22.041606441037985   
  104.5    21.904604785507118   
  105.0    21.769099831497012   
  105.5    21.63507359664329    
  106.0    21.502500381379168   
  106.5    21.371357690150255   
  107.0    21.241620883295777   
  107.5    21.1132735768047     
  108.0    20.98629197323948    
  108.5    20.860652804350636   
  109.0    20.736340779423912   
  109.5    20.613333411650363   
  110.0    20.491611144655824   
  110.5    20.371152391738946   
  111.0    20.251943193999235   
  111.5    20.133962673002447   
  112.0    20.017192739956805   
  112.5    19.901613338388426   
  113.0    19.787211712101968   
  113.5    19.67396844767401    
  114.0    19.561866790488644   
  114.5    19.450888079058522   
  115.0    19.34102064501198    
  115.5    19.232246411669323   
  116.0    19.12454768359475    
  116.5    19.01791354045057    
  117.0    18.91232683198883    
  117.5    18.807772859042796   
  118.0    18.70423511745096    
  118.5    18.601703602719986   
  119.0    18.500162307868536   
  119.5    18.39959756907965    
  120.0    18.299993973137376   
  120.5    18.201342347245788   
  121.0    18.10362773227127    
  121.5    18.006835473429177   
  122.0    17.910956971783047   
  122.5    17.815977997182973   
  123.0    17.721886490242646   
  123.5    17.628668734922613   
  124.0    17.536316837173178   
  124.5    17.44481746975553    
  125.0    17.354159386097326   
  125.5    17.264329733419906   
  126.0    17.1753212601065     
  126.5    17.087121469857077   
  127.0    16.99971986243447    
  127.5    16.91310438003453    
  128.0    16.827268357266295   
  128.5    16.742200063602894   
  129.0    16.657887996541916   
  129.5    16.574325896835727   
  130.0    16.491502569198293   
  130.5    16.40940867826368    
  131.0    16.328033412007937   
  131.5    16.24737101201565    
  132.0    16.167410948940002   
  132.5    16.088144481706987   
  133.0    16.009561436500043   
  133.5    15.931656513343647   
  134.0    15.854419798835236   
  134.5    15.777841566360268   
  135.0    15.70191683439505    
  135.5    15.626636121389756   
  136.0    15.551991618239127   
  136.5    15.477974156085601   
  137.0    15.404579147096795   
  137.5    15.331797648639181   
  138.0    15.259622329295164   
  138.5    15.188044537492145   
  139.0    15.117060046777027   
  139.5    15.046660414642151   
  140.0    14.976838751848678   
  140.5    14.90758688713415    
  141.0    14.83890092607931    
  141.5    14.770772890838382   
  142.0    14.703194948023784   
  142.5    14.636163434595485   
  143.0    14.569670699746126   
  143.5    14.503710551738328   
  144.0    14.438275580179479   
  144.5    14.373362408948783   
  145.0    14.308963796875577   
  145.5    14.245073911798078   
  146.0    14.18168573728167    
  146.5    14.11879616146585    
  147.0    14.056398324913797   
  147.5    13.9944854890443     
  148.0    13.933054726526448   
  148.5    13.872099447286587   
  149.0    13.811614388589717   
  149.5    13.751593160586895   
  150.0    13.692033065221807   
  150.5    13.632927850657122   
  151.0    13.574272548841314   
  151.5    13.516061095637387   
  152.0    13.458291004617134   
  152.5    13.400956340019675   
  153.0    13.34405126798469    
  153.5    13.28757345013359    
  154.0    13.231517174271566   
  154.5    13.175877940707606   
  155.0    13.120650205279679   
  155.5    13.065831813882614   
  156.0    13.011417335702058   
  156.5    12.957402514295561   
  157.0    12.903782076787797   
  157.5    12.850554039495576   
  158.0    12.797713235232669   
  158.5    12.74525563479922    
  159.0    12.693176219596559   
  159.5    12.64147316365634    
  160.0    12.590141547010195   
  160.5    12.539176531377631   
  161.0    12.488576401366194   
  161.5    12.438336412392825   
  162.0    12.388452898075341   
  162.5    12.338921247650887   
  163.0    12.289739883647007   
  163.5    12.240904282863713   
  164.0    12.19241096819807    
  164.5    12.144255542649438   
  165.0    12.096436556593435   
  165.5    12.048949694922962   
  166.0    12.001790712536122   
  166.5    11.954958249569666   
  167.0    11.908448138844246   
  167.5    11.862257206391114   
  168.0    11.81638139915023    
  168.5    11.770819469365284   
  169.0    11.72556652972569    
  169.5    11.680621385475462   
  170.0    11.635980145959527   
  170.5    11.591639871476135   
  171.0    11.547597659268256   
  171.5    11.503850642952957   
  172.0    11.46039599196125    
  172.5    11.417229180100456   
  173.0    11.374350920049231   
  173.5    11.331756742939644   
  174.0    11.289443956059417   
  174.5    11.247409899858482   
  175.0    11.205651947447041   
  175.5    11.164167504102608   
  176.0    11.122954006785886   
  176.5    11.082007281673445   
  177.0    11.041328122306675   
  177.5    11.000912405137255   
  178.0    10.960757689188636   
  178.5    10.920861562872854   
  179.0    10.881221643555627   
  179.5    10.841835577129082   
  180.0    10.802699468107384   
  180.5    10.76381416713404    
  181.0    10.72517582363396    
  181.5    10.686782193480546   
  182.0    10.648631059046416   
  182.5    10.61072022881875    
  183.0    10.5730475370213     
  183.5    10.535610843242868   
  184.0    10.49840653995531    
  184.5    10.461435529905996   
  185.0    10.4246942451292     
  185.5    10.388180643084981   
  186.0    10.351892704833752   
  186.5    10.31582843470105    
  187.0    10.279985859947988   
  187.5    10.244361601616141   
  188.0    10.208956598258363   
  188.5    10.17376750638758    
  189.0    10.138792441821582   
  189.5    10.104029541746828   
  190.0    10.069476964420534   
  190.5    10.035132888877685   
  191.0    10.000995514642854   
  191.5    9.967061700329234    
  192.0    9.93333241596879     
  192.5    9.89980455154696     
  193.0    9.866476385759292    
  193.5    9.833346216419406    
  194.0    9.80041236019795     
  194.5    9.767673152365779    
  195.0    9.735125640959103    
  195.5    9.702770816526701    
  196.0    9.67060575532651     
  196.5    9.638628864544502    
  197.0    9.60683856874344     
  197.5    9.57523330962979     
  198.0    9.543811545824376    
  198.5    9.512570499395512    
  199.0    9.481511175831882    
  199.5    9.450630822625929    
  200.0    9.419927963834693    
  200.5    9.389401139336021    
  201.0    9.359048904620048    
  201.5    9.328869830583974    
  202.0    9.298862503330005    
  202.5    9.269024326933067    
  203.0    9.239356318148841    
  203.5    9.209855903654907    
  204.0    9.180521728415602    
  204.5    9.151352451636066    
  205.0    9.122346746578199    
  205.5    9.09350330037946     
  206.0    9.06481966310265     
  206.5    9.036296857045937    
  207.0    9.007932452692463    
  207.5    8.979725190925157    
  208.0    8.951673825637068    
  208.5    8.923777123566106    
  209.0    8.89603386413221     
  209.5    8.868442839277003    
  210.0    8.841001752325786    
  210.5    8.813711627757664    
  211.0    8.786570187108516    
  211.5    8.759576270851035    
  212.0    8.732728731213047    
  212.5    8.706026432030963    
  213.0    8.679468248605403    
  213.5    8.653052007649666    
  214.0    8.626778732473825    
  214.5    8.600646266285935    
  215.0    8.574653528842205    
  215.5    8.548799450672396    
  216.0    8.5230829729477      
  216.5    8.497503047350536    
  217.0    8.472057614944616    
  217.5    8.446747695445229    
  218.0    8.4215712448733      
  218.5    8.396527255691785    
  219.0    8.371614730251531    
  219.5    8.346832680671957    
  220.0    8.322180128723417    
  220.5    8.29765610571126     
  221.0    8.273258673364008    
  221.5    8.248988844786128    
  222.0    8.224844695098115    
  222.5    8.200825292618827    
  223.0    8.176929714646619    
  223.5    8.153157047352915    
  224.0    8.129506385677278    
  224.5    8.105975888975612    
  225.0    8.082566562730609    
  225.5    8.05927657846852     
  226.0    8.036105065181497    
  226.5    8.013051160126748    
  227.0    7.9901140087300915   
  227.5    7.967292764490827    
  228.0    7.9445865888879315   
  228.5    7.921993744625266    
  229.0    7.89951522673611     
  229.5    7.877149308846921    
  230.0    7.854895183443202    
  230.5    7.8327520505400905   
  231.0    7.810719117596009    
  231.5    7.78879559942749     
  232.0    7.766979842614464    
  232.5    7.745272831784547    
  233.0    7.723672923463338    
  233.5    7.702179361071181    
  234.0    7.680791394977629    
  234.5    7.659508282422944    
  235.0    7.638329287440638    
  235.5    7.617253680781059    
  236.0    7.596279898079997    
  236.5    7.575408910895733    
  237.0    7.554639163808864    
  237.5    7.533969953693319    
  238.0    7.5134005837727615   
  238.5    7.492930363550053    
  239.0    7.472558608737655    
  239.5    7.452283827457441    
  240.0    7.432106978992752    
  240.5    7.412026579624313    
  241.0    7.39204196922531     
  241.5    7.3721524935439735   
  242.0    7.3523575041392695   
  242.5    7.332656358317411    
  243.0    7.313047632042658    
  243.5    7.293532271693668    
  244.0    7.274108860682102    
  244.5    7.2547767786848905   
  245.0    7.235535410820917    
  245.5    7.2163841475922945   
  246.0    7.197322384826392    
  246.5    7.178349523618607    
  247.0    7.159464212255569    
  247.5    7.1406673817579875   
  248.0    7.121957687128058    
  248.5    7.103334549975598    
  249.0    7.084797396903025    
  249.5    7.066345659452345    
  250.0    7.047978774052806    
  250.5    7.029695448087548    
  251.0    7.0114965987272635   
  251.5    6.9933809394937      
  252.0    6.975347925854851    
  252.5    6.957397017913911    
  253.0    6.9395276803607455   
  253.5    6.921739382423958    
  254.0    6.904031597823546    
  254.5    6.886403097101198    
  255.0    6.868854781253095    
  255.5    6.851385426364541    
  256.0    6.833994523659501    
  256.5    6.816681568625262    
  257.0    6.799446060968484    
  257.5    6.782287504571797    
  258.0    6.765204721712471    
  258.5    6.748198599020651    
  259.0    6.731267963847015    
  259.5    6.714412336354602    
  260.0    6.6976312406731635   
  260.5    6.680924204858828    
  261.0    6.66429076085424     
  261.5    6.64772977963709     
  262.0    6.631242133344064    
  262.5    6.614826697598178    
  263.0    6.598483019499273    
  263.5    6.582210649841505    
  264.0    6.566009143076278    
  264.5    6.549878057275606    
  265.0    6.533816954095923    
  265.5    6.5178247567417475   
  266.0    6.501902320704767    
  266.5    6.486048573391891    
  267.0    6.470263090443902    
  267.5    6.45454545091135     
  268.0    6.438895237220833    
  268.5    6.4233120351417      
  269.0    6.4077948108025735   
  269.5    6.392344405116015    
  270.0    6.376959788061846    
  270.5    6.361640558455132    
  271.0    6.346386318292869    
  271.5    6.331196672722935    
  272.0    6.31607123001341     
  272.5    6.301009601522226    
  273.0    6.286010799510206    
  273.5    6.271075648268281    
  274.0    6.256203163544334    
  274.5    6.2413929687594445   
  275.0    6.226644690278036    
  275.5    6.211957957379568    
  276.0    6.1973324022305585   
  276.5    6.182767075087029    
  277.0    6.1682627857716135   
  277.5    6.153818587738106    
  278.0    6.139434124427872    
  278.5    6.125109042034125    
  279.0    6.110842989475797    
  279.5    6.096635618371708    
  280.0    6.08248658301501     
  280.5    6.068394974580131    
  281.0    6.054361586481753    
  281.5    6.040385512791544    
  282.0    6.02646641825034     
  282.5    6.012603970149815    
  283.0    5.998797838308597    
  283.5    5.9850476950486655   
  284.0    5.971352665312607    
  284.5    5.957713528298124    
  285.0    5.944129411605847    
  285.5    5.930599997340266    
  286.0    5.917124969995011    
  286.5    5.903704016430748    
  287.0    5.890336825853337    
  287.5    5.877022555207226    
  288.0    5.86376196962625     
  288.5    5.850554228493737    
  289.0    5.837399030182642    
  289.5    5.824296075305385    
  290.0    5.811245066693402    
  290.5    5.798245709376901    
  291.0    5.785297710564842    
  291.5    5.772400261761844    
  292.0    5.759554112239042    
  292.5    5.746758455711677    
  293.0    5.734013007907929    
  293.5    5.721317486637827    
  294.0    5.708671611774503    
  294.5    5.696075105235621    
  295.0    5.683527187124398    
  295.5    5.671028593032564    
  296.0    5.65857854509184     
  296.5    5.646176773216448    
  297.0    5.63382300927527     
  297.5    5.6215169870744415   
  298.0    5.60925844234013     
  298.5    5.597047112701496    
  299.0    5.584882249201362    
  299.5    5.572764572042951    
  300.0    5.560693334107612    
  300.5    5.5486682804696885   
  301.0    5.536689158023955    
  301.5    5.524755715469623    
  302.0    5.5128677032945115   
  302.5    5.501024398188293    
  303.0    5.489226507114376    
  303.5    5.477473308449155    
  304.0    5.4657645596799185   
  304.5    5.4541000200058445   
  305.0    5.442479450323134    
  305.5    5.430902613210295    
  306.0    5.419368809760513    
  306.5    5.407878733915388    
  307.0    5.39643168831525     
  307.5    5.385027442123721    
  308.0    5.373665766115383    
  308.5    5.362346432661935    
  309.0    5.351069215718508    
  309.5    5.3398338908101035   
  310.0    5.328639785495176    
  310.5    5.3174875791075245   
  311.0    5.306376600606846    
  311.5    5.295306631664888    
  312.0    5.284277455457532    
  312.5    5.273288856652041    
  313.0    5.262340621394441    
  313.5    5.2514320992331225   
  314.0    5.240563956964765    
  314.5    5.229735545422188    
  315.0    5.218946656542792    
  315.5    5.208197083681489    
  316.0    5.197486621598823    
  316.5    5.1868150664492      
  317.0    5.17618221576924     
  317.5    5.165587442992032    
  318.0    5.155031400869643    
  318.5    5.144513463997341    
  319.0    5.134033435326452    
  319.5    5.123591119133977    
  320.0    5.113186321011617    
  320.5    5.102818847854901    
  321.0    5.092488092972675    
  321.5    5.082194697077971    
  322.0    5.071938054543811    
  322.5    5.061717977374534    
  323.0    5.051534278825548    
  323.5    5.041386773393077    
  324.0    5.031275276804024    
  324.5    5.021199606005917    
  325.0    5.011159175927652    
  325.5    5.001154613810062    
  326.0    4.991185335543543    
  326.5    4.981251162859627    
  327.0    4.971351918661679    
  327.5    4.961487427015403    
  328.0    4.951657513139466    
  328.5    4.941861609979792    
  329.0    4.93210033323975     
  329.5    4.922373116744371    
  330.0    4.912679790232094    
  330.5    4.903020184548701    
  331.0    4.8933941316384555   
  331.5    4.8838014645353205   
  332.0    4.874241633411738    
  332.5    4.864715242666747    
  333.0    4.855221743275854    
  333.5    4.845760972545734    
  334.0    4.836332768830096    
  334.5    4.826936971521391    
  335.0    4.817573421042603    
  335.5    4.808241958839099    
  336.0    4.79894205385951     
  336.5    4.789674297867269    
  337.0    4.780438160534293    
  337.5    4.771233487315685    
  338.0    4.76205975620208     
  338.5    4.752917919948454    
  339.0    4.743806355641168    
  339.5    4.734726378925026    
  340.0    4.725676378754603    
  340.5    4.716657662764832    
  341.0    4.7076686316524885   
  341.5    4.698709865469206    
  342.0    4.6897819354491475   
  342.5    4.680883259670168    
  343.0    4.67201512603138     
  343.5    4.6631759640454      
  344.0    4.654367053830961    
  344.5    4.645586836215443    
  345.0    4.636835880642466    
  345.5    4.628114748012325    
  346.0    4.61942189590337     
  346.5    4.610758585262277    
  347.0    4.602123284689328    
  347.5    4.593517247572392    
  348.0    4.58493895341934     
  348.5    4.576389648121133    
  349.0    4.56786782198045     
  349.5    4.559374031137009    
  350.0    4.550908823523888    
  350.5    4.542470705428075    
  351.0    4.534060904264878    
  351.5    4.52567793684078     
  352.0    4.517323023286012    
  352.5    4.508994690819027    
  353.0    4.500693485488253    
  353.5    4.492419945385715    
  354.0    4.484172613149545    
  354.5    4.475952690954761    
  355.0    4.467758731588886    
  355.5    4.45959193014644     
  356.0    4.451450849461752    
  356.5    4.443336025712143    
  357.0    4.43524798735909     
  357.5    4.427185312117954    
  358.0    4.419149177630696    
  358.5    4.411138171408924    
  359.0    4.403153464211693    
  359.5    4.395193653248941    
  360.0    4.387259265043226    
  360.5    4.379350818632607    
  361.0    4.371466925593912    
  361.5    4.3636087397191705   
  362.0    4.355774882044322    
  362.5    4.347966499669375    
  363.0    4.34018222299586     
  363.5    4.332422569103971    
  364.0    4.324688047811945    
  364.5    4.31697730339721     
  365.0    4.309291466461807    
  365.5    4.301629190420249    
  366.0    4.293991599366972    
  366.5    4.286377355764227    
  367.0    4.278787577250379    
  367.5    4.27122093524722     
  368.0    4.263677935000337    
  368.5    4.256159074767212    
  369.0    4.248663039246205    
  369.5    4.241190930157577    
  370.0    4.233741440943625    
  370.5    4.226315667045005    
  371.0    4.218912310563618    
  371.5    4.2115318677728615   
  372.0    4.204174828161924    
  372.5    4.1968399066665025   
  373.0    4.18952818324286     
  373.5    4.182238381280119    
  374.0    4.174971574625485    
  374.5    4.167726495040838    
  375.0    4.160503630026257    
  375.5    4.153303460493954    
  376.0    4.146124730616079    
  376.5    4.138968499174635    
  377.0    4.131833518517258    
  377.5    4.124720841481747    
  378.0    4.117629228514034    
  378.5    4.110559158535562    
  379.0    4.103511104069028    
  379.5    4.096483837565312    
  380.0    4.089478397202246    
  380.5    4.0824935633401696   
  381.0    4.075530368372085    
  381.5    4.068587600493889    
  382.0    4.06166628635831     
  382.5    4.0547652219237955   
  383.0    4.047884875361438    
  383.5    4.041025708676628    
  384.0    4.0341865293368615   
  384.5    4.027368349836244    
  385.0    4.020569985226193    
  385.5    4.013792442413175    
  386.0    4.007034543962597    
  386.5    4.0002967498961475   
  387.0    3.9935795142435917   
  387.5    3.9868816707121835   
  388.0    3.980204212425027    
  388.5    3.973545980432199    
  389.0    3.966907962416785    
  389.5    3.9602890067046568   
  390.0    3.9536895653490323   
  390.5    3.947110084578745    
  391.0    3.940549423509581    
  391.5    3.9340085564042258   
  392.0    3.9274863494901804   
  392.5    3.920983771732898    
  393.0    3.914499696407327    
  393.5    3.9080345677750112   
  394.0    3.9015888244346835   
  394.5    3.8951613501137636   
  395.0    3.8887531007084224   
  395.5    3.8823629668361663   
  396.0    3.8759918992340783   
  396.5    3.869638795348103    
  397.0    3.863304091820818    
  397.5    3.856988219787853    
  398.0    3.8506900868239367   
  398.5    3.8444106309365913   
  399.0    3.8381487663780063   
  399.5    3.831905426130286    
  400.0    3.8256795310639222   
  400.5    3.8194720091729946   
  401.0    3.813281787887825    
  401.5    3.807109294302468    
  402.0    3.8009549501964175   
  402.5    3.7948176927317188   
  403.0    3.7886984375936112   
  403.5    3.782596128360735    
  404.0    3.7765116758584694   
  404.5    3.7704440300259088   
  405.0    3.764393610717813    
  405.5    3.758360832618081    
  406.0    3.7523446551027613   
  406.5    3.7463459770036374   
  407.0    3.74036376391966     
  407.5    3.734398909946814    
  408.0    3.728450386853031    
  408.5    3.722518607413415    
  409.0    3.716603979370953    
  409.5    3.7107054836473976   
  410.0    3.704824002650325    
  410.5    3.6989585233383204   
  411.0    3.6931099235032767   
  411.5    3.6872771960887962   
  412.0    3.6814607469461262   
  412.5    3.6756609770283846   
  413.0    3.6698768881609403   
  413.5    3.664109346742777    
  414.0    3.658357360457278    
  414.5    3.6526217912040573   
  415.0    3.646901652474706    
  415.5    3.641197343348632    
  416.0    3.63550925813655     
  416.5    3.6298364189503016   
  417.0    3.624179676582762    
  417.5    3.618538058831879    
  418.0    3.6129124121038054   
  418.5    3.607301769834697    
  419.0    3.6017069740755217   
  419.5    3.596127063853276    
  420.0    3.590562429758148    
  420.5    3.585013457771653    
  421.0    3.5794791952194904   
  421.5    3.573960473400666    
  422.0    3.568456345115574    
  422.5    3.5629676374161736   
  423.0    3.557493408531985    
  423.5    3.552034042615032    
  424.0    3.546589919328373    
  424.5    3.5411601049609716   
  425.0    3.5357454160789388   
  425.5    3.5303449242886007   
  426.0    3.524959442013799    
  426.5    3.5195880461343685   
  427.0    3.5142311145042884   
  427.5    3.5088890206043075   
  428.0    3.503560849143436    
  428.5    3.4982474023175305   
  429.0    3.4929477700015306   
  429.5    3.48766275035056     
  430.0    3.482391438363266    
  430.5    3.4771342057322383   
  431.0    3.471891419888761    
  431.5    3.466662183438963    
  432.0    3.4614472845598985   
  432.5    3.4562458308778132   
  433.0    3.4510586066274436   
  433.5    3.4458847244144892   
  434.0    3.440724549903428    
  434.5    3.4355784446056887   
  435.0    3.430445528520948    
  435.5    3.4253265761481195   
  436.0    3.4202207123665516   
  436.5    3.4151287078282464   
  437.0    3.4100496922530485   
  437.5    3.404984432472769    
  438.0    3.399932063008983    
  438.5    3.394892941966264    
  439.0    3.3898674234301693   
  439.5    3.3848546490531777   
  440.0    3.3798553762319203   
  440.5    3.374868751325469    
  441.0    3.3698955280019605   
  441.5    3.364934857289697    
  442.0    3.3599870915574632   
  442.5    3.3550525792554478   
  443.0    3.3501304783466934   
  443.5    3.345221533289909    
  444.0    3.340324906625658    
  444.5    3.335441339173078    
  445.0    3.3305699980142345   
  445.5    3.325711229904813    
  446.0    3.3208653777791124   
  446.5    3.316031615464809    
  447.0    3.3112106747905674   
  447.5    3.306401734037129    
  448.0    3.3016055214798437   
  448.5    3.2968212198177778   
  449.0    3.2920491703131534   
  449.5    3.287289710500921    
  450.0    3.282542029643359    
  450.5    3.277806847237743    
  451.0    3.273083356879369    
  451.5    3.2683722745958796   
  452.0    3.263672798282076    
  452.5    3.258985263823366    
  453.0    3.254310003469032    
  453.5    3.249646221501121    
  454.0    3.244994625375272    
  454.5    3.240354423590725    
  455.0    3.235726320214685    
  455.5    3.2311095279312405   
  456.0    3.2265047474419166   
  456.5    3.2219111955836346   
  457.0    3.21732920149549     
  457.5    3.2127590907934676   
  458.0    3.208200086484488    
  458.5    3.2036528809540936   
  459.0    3.199116701283388    
  459.5    3.194592236570363    
  460.0    3.1900787179393966   
  460.5    3.1855764694085864   
  461.0    3.181085811557703    
  461.5    3.1766059815188257   
  462.0    3.1721376602664098   
  462.5    3.1676800888998664   
  463.0    3.1632339451819402   
  463.5    3.158798474149525    
  464.0    3.1543739948070875   
  464.5    3.1499608228029308   
  465.0    3.1455582090249226   
  465.5    3.141166823299089    
  466.0    3.136785920377434    
  466.5    3.132416166947904    
  467.0    3.128056821597803    
  467.5    3.123708198422654    
  468.0    3.1193706082414665   
  468.5    3.1150433153411203   
  469.0    3.110726978654235    
  469.5    3.1064208662321287   
  470.0    3.1021256339408376   
  470.5    3.0978405535682563   
  471.0    3.093566277933885    
  471.5    3.0893020825346023   
  472.0    3.085048275304089    
  472.5    3.0808051609983695   
  473.0    3.07657202062672     
  473.5    3.072349499478852    
  474.0    3.0681368822052084   
  474.5    3.063934811117824    
  475.0    3.0597425744816373   
  475.5    3.0555604755510086   
  476.0    3.051388814476882    
  476.5    3.0472268848965602   
  477.0    3.0430753217619646   
  477.5    3.0389334222593285   
  478.0    3.034801818429789    
  478.5    3.0306798109827238   
  479.0    3.0265676985895626   
  479.5    3.0224657768903316   
  480.0    3.0183733518313822   
  480.5    3.0142910482585665   
  481.0    3.0102181755779798   
  481.5    3.0061553557896783   
  482.0    3.002101901734562    
  482.5    2.9980581075951287   
  483.0    2.994024264592345    
  483.5    2.9899996906731374   
  484.0    2.9859850008024362   
  484.5    2.981979516300647    
  485.0    2.977983849350052    
  485.5    2.9739973246204117   
  486.0    2.9700202318969713   
  486.5    2.966052858071251    
  487.0    2.9620945327923596   
  487.5    2.9581458613630938   
  488.0    2.9542061767225816   
  488.5    2.950276081452345    
  489.0    2.946354911758186    
  489.5    2.942443267517571    
  490.0    2.9385404881798443   
  490.5    2.934646858007733    
  491.0    2.9307626584544955   
  491.5    2.926887233791956    
  492.0    2.9230211772118064   
  492.5    2.9191638361725265   
  493.0    2.9153158012209275   
  493.5    2.9114764229797547   
  494.0    2.9076459815156475   
  494.5    2.903824754149125    
  495.0    2.9000120962078655   
  495.5    2.8962085916987808   
  496.0    2.8924135990587385   
  496.5    2.888627699707304    
  497.0    2.8848502551688604   
  497.5    2.881081541398433    
  498.0    2.877321831666451    
  498.5    2.8735704920884153   
  499.0    2.8698280976858253   
  499.5    2.866094017608367    
  500.0    2.862368824346137    
  500.5    2.8586518900620117   
  501.0    2.8549434866818157   
  501.5    2.8512438835065232   
  502.0    2.847552457179907    
  502.5    2.8438697739319267   
  503.0    2.84019521336789     
  503.5    2.8365293392407622   
  504.0    2.832871534097049    
  504.5    2.8292220659137755   
  505.0    2.8255812001011504   
  505.5    2.8219483235798064   
  506.0    2.8183239939767217   
  506.5    2.8147076011036827   
  507.0    2.8110997001635947   
  507.5    2.8074996838396946   
  508.0    2.8039081049256724   
  508.5    2.8003243589566855   
  509.0    2.796748708947725    
  509.5    2.7931814154191783   
  510.0    2.789621878147906    
  510.5    2.7860706439687384   
  511.0    2.7825271154623934   
  511.5    2.778991837105568    
  512.0    2.77546421426391     
  512.5    2.7719445061801142   
  513.0    2.7684329696566254   
  513.5    2.7649290142014205   
  514.0    2.761433178458309    
  514.5    2.7579448746736066   
  515.0    2.754464639182697    
  515.5    2.7509918869518857   
  516.0    2.7475268735257368   
  516.5    2.7440698520613958   
  517.0    2.740620241571157    
  517.5    2.737178572680104    
  518.0    2.7337442670753482   
  518.5    2.730317853121917    
  519.0    2.726898755163948    
  519.5    2.7234872251202513   
  520.0    2.7200835125735825   
  520.5    2.7166870458206467   
  521.0    2.71329834763548     
  521.5    2.7099168489280068   
  522.0    2.7065430702592885   
  522.5    2.7031764451352105   
  523.0    2.6998172219194676   
  523.5    2.69646564668964     
  524.0    2.6931211568135756   
  524.5    2.689784267377478    
  525.0    2.6864544183026617   
  525.5    2.683132122508191    
  526.0    2.6798168224521066   
  526.5    2.6765090288992024   
  527.0    2.6732081868276487   
  527.5    2.669914540131358    
  528.0    2.6666283304803295   
  528.5    2.6633490066021657   
  529.0    2.6600770739316175   
  529.5    2.6568119836755417   
  530.0    2.6535542391587064   
  530.5    2.6503032940511146   
  531.0    2.647059388846741    
  531.5    2.643822761862514    
  532.0    2.6405928704333084   
  532.5    2.637370212663104    
  533.0    2.634154248310253    
  533.5    2.63094547341188     
  534.0    2.627743350134181    
  534.5    2.624548115636439    
  535.0    2.621360004946491    
  535.5    2.618178483813327    
  536.0    2.6150040431596864   
  536.5    2.611836151103898    
  537.0    2.608675296543847    
  537.5    2.605520949952024    
  538.0    2.6023733452167206   
  538.5    2.599232714139154    
  539.0    2.596098530694929    
  539.5    2.5929712787711816   
  540.0    2.5898504346602933   
  540.5    2.5867364802654595   
  541.0    2.5836288941811008   
  541.5    2.5805279070867146   
  542.0    2.5774337476179046   
  542.5    2.574345897794836    
  543.0    2.571264834610915    
  543.5    2.5681900423520387   
  544.0    2.565121996067534    
  544.5    2.562060182294719    
  545.0    2.5590050741500385   
  545.5    2.5559561604080394   
  546.0    2.55291366771167     
  546.5    2.549877820713821    
  547.0    2.546848111518572    
  547.5    2.543825008458578    
  548.0    2.540808005840173    
  548.5    2.537797570101683    
  549.0    2.5347931977379092   
  549.5    2.531795112319731    
  550.0    2.5288035354685823   
  550.5    2.525817966936401    
  551.0    2.5228388684728698   
  551.5    2.519865741984415    
  552.0    2.5168990473639585   
  552.5    2.5139382886590167   
  553.0    2.5109836864259365   
  553.5    2.5080354593111567   
  554.0    2.505093114548991    
  554.5    2.502157107436448    
  555.0    2.499226947315911    
  555.5    2.496303087664248    
  556.0    2.493385039918893    
  556.5    2.4904730216778512   
  557.0    2.487567248667732    
  557.5    2.484667235444404    
  558.0    2.481773430979209    
  558.5    2.4788853518909755   
  559.0    2.4760034453665996   
  559.5    2.4731272300752116   
  560.0    2.470257151429296    
  560.5    2.4673927301357317   
  561.0    2.4645341800694243   
  561.5    2.461681713281931    
  562.0    2.458834853513472    
  562.5    2.455994041783892    
  563.0    2.45315880384021     
  563.5    2.450329578962412    
  564.0    2.4475058948921093   
  564.5    2.4446879626694744   
  565.0    2.4418759915476014   
  565.5    2.439069512237356    
  566.0    2.436268959711382    
  566.5    2.433473866645045    
  567.0    2.430684666304821    
  567.5    2.4279008933187054   
  568.0    2.4251227559441797   
  568.5    2.422350460686988    
  569.0    2.4195835450820575   
  569.5    2.4168224381717036   
  570.0    2.4140666794142147   
  570.5    2.4113166961785977   
  571.0    2.4085720298349576   
  571.5    2.405832885908937    
  572.0    2.4030994682088824   
  572.5    2.4003713209512134   
  573.0    2.397648867361904    
  573.5    2.3949316535407204   
  574.0    2.3922201010723776   
  574.5    2.3895137579287584   
  575.0    2.3868128269533577   
  575.5    2.3841175093059426   
  576.0    2.3814273557457404   
  576.5    2.3787427837935677   
  577.0    2.3760633460530722   
  577.5    2.373389458435073    
  578.0    2.370720675376708    
  578.5    2.3680574111875914   
  579.0    2.3653992221275084   
  579.5    2.3627463076626825   
  580.0    2.360098865617534    
  580.5    2.3574564549657038   
  581.0    2.3548194860518237   
  581.5    2.35218751964544     
  582.0    2.349560964520268    
  582.5    2.3469393832312027   
  583.0    2.3443229726717094   
  583.5    2.3417119281251217   
  584.0    2.339105814804786    
  584.5    2.3365050375942347   
  585.0    2.3339091634661346   
  585.5    2.331318595762658    
  586.0    2.32873290320552     
  586.5    2.3261522801615184   
  587.0    2.3235769194182048   
  587.5    2.3210063923018134   
  588.0    2.3184410983373267   
  588.5    2.3158806105746885   
  589.0    2.313325327026365    
  589.5    2.310774822456007    
  590.0    2.3082292887488034   
  590.5    2.3056889162408183   
  591.0    2.3031532822477154   
  591.5    2.3006227810360134   
  592.0    2.298096991610414    
  592.5    2.295576306753072    
  593.0    2.293060307147989    
  593.5    2.2905491822427915   
  594.0    2.2880431199653684   
  594.5    2.2855417035006056   
  595.0    2.28304532195425     
  595.5    2.2805535601664624   
  596.0    2.278066805786108    
  596.5    2.275584645299139    
  597.0    2.27310746490527     
  597.5    2.2706348527268325   
  598.0    2.2681669951406045   
  598.5    2.265704077040351    
  599.0    2.263245688985509    
  599.5    2.2607922135863703   
  600.0    2.2583432430155264   
  600.5    2.255899158460767    
  601.0    2.2534595536986686   
  601.5    2.2510246127654963   
  602.0    2.2485945182422724   
  602.5    2.2461688662945436   
  603.0    2.2437480345865044   
  603.5    2.241331620865063    
  604.0    2.2389200013979313   
  604.5    2.236512775504446    
  605.0    2.234110124921279    
  605.5    2.231712229956966    
  606.0    2.2293186922729102   
  606.5    2.2269298846775154   
  607.0    2.224545410382572    
  607.5    2.2221656408254096   
  608.0    2.2197901807594986   
  608.5    2.2174192096619456   
  609.0    2.2150529056081694   
  609.5    2.2126908756480086   
  610.0    2.2103334878222665   
  610.5    2.207980350700981    
  611.0    2.2056318309787017   
  611.5    2.203287538737181    
  612.0    2.2009476512331085   
  612.5    2.198612344347302    
  613.0    2.196281230413349    
  613.5    2.193954672790591    
  614.0    2.1916322853033936   
  614.5    2.1893144299890843   
  615.0    2.1870007221545413   
  615.5    2.184691522521901    
  616.0    2.182386447872343    
  616.5    2.180085672663888    
  617.0    2.177789370010984    
  617.5    2.175497158891031    
  618.0    2.1732093967677195   
  618.5    2.1709257040724923   
  619.0    2.1686464369773737   
  619.5    2.166371217359844    
  620.0    2.164100217543817    
  620.5    2.1618336085340735   
  621.0    2.1595710143623017   
  621.5    2.157312788000215    
  622.0    2.155058554905783    
  622.5    2.152808666782039    
  623.0    2.1505627505054354   
  623.5    2.148320976302201    
  624.0    2.146083513103305    
  624.5    2.143849989898438    
  625.0    2.1416207552471263   
  625.5    2.139395439538277    
  626.0    2.1371743900851974   
  626.5    2.134957238668403    
  627.0    2.13274415345208     
  627.5    2.1305353013284694   
  628.0    2.128330316151373    
  628.5    2.1261295421461024   
  629.0    2.1239326145392785   
  629.5    2.121739876331946    
  630.0    2.1195509641161228   
  630.5    2.117366044028833    
  631.0    2.1151852809579235   
  631.5    2.1130083135297313   
  632.0    2.1108354817115593   
  632.5    2.108666425476817    
  633.0    2.106501483589995    
  633.5    2.1043402973643315   
  634.0    2.102183204367547    
  634.5    2.1000298472455206   
  635.0    2.0978803895789784   
  635.5    2.095734993727974    
  636.0    2.093593304324005    
  636.5    2.091455655969012    
  637.0    2.0893216946093793   
  637.5    2.0871917536711138   
  638.0    2.085065480408473    
  638.5    2.082943036451974    
  639.0    2.0808245822330496   
  639.5    2.0787097669547485   
  640.0    2.0765989211288045   
  640.5    2.074491695248816    
  641.0    2.072388418670954    
  641.5    2.070288743172521    
  642.0    2.0681928284663256   
  642.5    2.066100833087189    
  643.0    2.064012410725267    
  643.5    2.061927887872818    
  644.0    2.0598469194867968   
  644.5    2.0577698309238164   
  645.0    2.0556962784009514   
  645.5    2.053626419745116    
  646.0    2.051560411625859    
  646.5    2.049497912138032    
  647.0    2.047439243823578    
  647.5    2.0453840660209672   
  648.0    2.0433327001559753   
  648.5    2.04128480680417     
  649.0    2.039240706280646    
  649.5    2.037200060391592    
  650.0    2.035163024584887    
  650.5    2.0331297531768673   
  651.0    2.0310999098076334   
  651.5    2.029073812039327    
  652.0    2.027051124726672    
  652.5    2.025032164340057    
  653.0    2.0230165969425085   
  653.5    2.0210045761662556   
  654.0    2.018996254531559    
  654.5    2.016991299902161    
  655.0    2.0149900260422973   
  655.5    2.012992102008393    
  656.0    2.010997840491444    
  656.5    2.0090069117343865   
  657.0    2.007019467583485    
  657.5    2.005035658792172    
  658.0    2.0030551573716875   
  658.5    2.0010782733526518   
  659.0    1.9991046799175636   
  659.5    1.9971346860419148   
  660.0    1.9951679660734334   
  660.5    1.9932046701014912   
  661.0    1.9912449471413372   
  661.5    1.9892884732773528   
  662.0    1.9873355548694374   
  662.5    1.9853858691523083   
  663.0    1.9834397214484534   
  663.5    1.9814967901370368   
  664.0    1.979557223579008    
  664.5    1.9776211690794894   
  665.0    1.975688306723385    
  665.5    1.9737589392614063   
  666.0    1.9718327479083557   
  666.5    1.9699100343948692   
  667.0    1.9679904810598974   
  667.5    1.9660743886188847   
  668.0    1.9641614405292165   
  668.5    1.9622517829704824   
  669.0    1.9603455610893803   
  669.5    1.9584424600103405   
  670.0    1.9565427779319808   
  670.5    1.9546462010830488   
  671.0    1.9527530266638295   
  671.5    1.9508629420018067   
  672.0    1.948976091611051    
  672.5    1.9470926189901336   
  673.0    1.9452122131042795   
  673.5    1.9433351686786415   
  674.0    1.9414611757633866   
  674.5    1.9395905281018346   
  675.0    1.9377229168236418   
  675.5    1.935858484803963    
  676.0    1.9339972242833652   
  676.5    1.9321394262907852   
  677.0    1.9302844850813132   
  677.5    1.9284326922414248   
  678.0    1.9265840401097394   
  678.5    1.924738817791238    
  679.0    1.9228964236864665   
  679.5    1.9210571474522509   
  680.0    1.9192209815237415   
  680.5    1.9173879183599876   
  681.0    1.915558244686368    
  681.5    1.9137313640281028   
  682.0    1.911907563655407    
  682.5    1.9100868361219958   
  683.0    1.9082691740050233   
  683.5    1.9064548616780508   
  684.0    1.9046433077283773   
  684.5    1.902834797067508    
  685.0    1.9010293223654404   
  685.5    1.8992271661340223   
  686.0    1.8974277409657838   
  686.5    1.8956313299050835   
  687.0    1.8938379257133373   
  687.5    1.8920475211745962   
  688.0    1.8902603964978548   
  688.5    1.8884759692275463   
  689.0    1.8866945200984881   
  689.5    1.8849160419844009   
  690.0    1.8831405277812097   
  690.5    1.8813682554216906   
  691.0    1.879598647342323    
  691.5    1.8778319819951266   
  692.0    1.8760682523639884   
  692.5    1.8743077345796342   
  693.0    1.8725498549496855   
  693.5    1.8707948901189269   
  694.0    1.8690428331578681   
  694.5    1.8672936771584703   
  695.0    1.8655476960221873   
  695.5    1.8638043208433068   
  696.0    1.8620638260309545   
  696.5    1.8603262047620759   
  697.0    1.8585917291731295   
  697.5    1.8568598341464317   
  698.0    1.8551307923210791   
  698.5    1.8534045969577155   
  699.0    1.8516812413377124   
  699.5    1.84996099541396     
  700.0    1.848243298753007    
  700.5    1.8465284218041806   
  701.0    1.8448163579309769   
  701.5    1.8431071005172315   
  702.0    1.8414009173571335   
  702.5    1.8396972526457929   
  703.0    1.837996374667734    
  703.5    1.8362982768873786   
  704.0    1.8346032253896294   
  704.5    1.8329106680329101   
  705.0    1.831220871387649    
  705.5    1.8295338289976468   
  706.0    1.8278495344263659   
  706.5    1.826168251643854    
  707.0    1.824489433039048    
  707.5    1.8228133430615956   
  708.0    1.8211399753528603   
  708.5    1.8194693235735002   
  709.0    1.8178016496025728   
  709.5    1.8161364103062256   
  710.0    1.814473868037284    
  710.5    1.812814016532863    
  711.0    1.811157116016188    
  711.5    1.8095026268973198   
  712.0    1.807850809868654    
  712.5    1.806201658742629    
  713.0    1.8045551673503395   
  713.5    1.8029115938661022   
  714.0    1.8012704030832953   
  714.5    1.7996318536397413   
  715.0    1.7979959394404683   
  715.5    1.796362917037188    
  716.0    1.7947322546931104   
  716.5    1.7931042094189829   
  717.0    1.7914787751926802   
  717.5    1.7898559460101218   
  718.0    1.7882359764151037   
  718.5    1.7866183389628156   
  719.0    1.7850032886505849   
  719.5    1.7833908195458414   
  720.0    1.7817809257337285   
  720.5    1.7801738597724441   
  721.0    1.7785690984594882   
  721.5    1.7769668948011705   
  722.0    1.77536724295284     
  722.5    1.7737703939000806   
  723.0    1.7721758277989548   
  723.5    1.7705837960788846   
  724.0    1.7689942929644      
  724.5    1.7674073126971674   
  725.0    1.7658231043165413   
  725.5    1.7642411521333643   
  726.0    1.7626617056255607   
  726.5    1.7610847591027223   
  727.0    1.7595103068912699   
  727.5    1.7579385961057612   
  728.0    1.7563691151642111   
  728.5    1.7548021116145625   
  729.0    1.7532375798499318   
  729.5    1.7516757654602826   
  730.0    1.7501161601155393   
  730.5    1.7485590098349586   
  731.0    1.7470043090773903   
  731.5    1.745452052317969    
  732.0    1.7439024832596834   
  732.5    1.7423550975957136   
  733.0    1.7408101394532987   
  733.5    1.7392676033721248   
  734.0    1.7377277315604558   
  734.5    1.736190022897148    
  735.0    1.7346547200107376   
  735.5    1.733121817504535    
  736.0    1.7315913099976148   
  736.5    1.73006343784813     
  737.0    1.7285377038765033   
  737.5    1.7270143488562553   
  738.0    1.7254933674689483   
  738.5    1.723974754411627    
  739.0    1.722458748212412    
  739.5    1.7209448555888431   
  740.0    1.7194333154795802   
  740.5    1.7179241226430424   
  741.0    1.7164175141576032   
  741.5    1.7149129998269088   
  742.0    1.7134108171360605   
  742.5    1.71191096090398     
  743.0    1.7104134259645798   
  743.5    1.7089184476016361   
  744.0    1.7074255394375435   
  744.5    1.7059349371581078   
  745.0    1.704446635656673    
  745.5    1.7029606298413096   
  746.0    1.7014771532204995   
  746.5    1.6999957231927345   
  747.0    1.6985165736639      
  747.5    1.697039699600449    
  748.0    1.695565333104358    
  748.5    1.6940929945646814   
  749.0    1.6926229164771474   
  749.5    1.6911550938657687   
  750.0    1.689689521768822    
  750.5    1.6882264305470638   
  751.0    1.6867653442904302   
  751.5    1.6853064937489268   
  752.0    1.6838498740173808   
  752.5    1.682395714076963    
  753.0    1.6809435409487843   
  753.5    1.6794935839997116   
  754.0    1.6780458383803292   
  754.5    1.6766002992550406   
  755.0    1.6751571938970287   
  755.5    1.6737160529550166   
  756.0    1.6722771040835005   
  756.5    1.6708403425016696   
  757.0    1.6694057634422905   
  757.5    1.6679735924886667   
  758.0    1.6665433638772449   
  758.5    1.6651153035683244   
  759.0    1.6636894068485064   
  759.5    1.6622658979620726   
  760.0    1.6608443139872906   
  760.5    1.65942487954203     
  761.0    1.6580075899659799   
  761.5    1.656592440611984    
  762.0    1.6551796540664188   
  762.5    1.6537687709249085   
  763.0    1.6523600141432138   
  763.5    1.65095337912635     
  764.0    1.6495490871469347   
  764.5    1.648146681586844    
  765.0    1.6467463840847631   
  765.5    1.6453481900971578   
  766.0    1.6439520950932447   
  766.5    1.6425583187189303   
  767.0    1.6411664078048727   
  767.5    1.639776582358953    
  768.0    1.6383888379009555   
  768.5    1.6370031699631968   
  769.0    1.6356197965818733   
  769.5    1.6342382679990832   
  770.0    1.6328588026089648   
  770.5    1.6314813959935366   
  771.0    1.6301062649133244   
  771.5    1.6287329623130231   
  772.0    1.6273617053079172   
  772.5    1.625992489529047    
  773.0    1.6246253106196031   
  773.5    1.6232603837604298   
  774.0    1.621897265241764    
  774.5    1.6205361705952819   
  775.0    1.6191770955123614   
  775.5    1.617820035696325    
  776.0    1.6164652047647057   
  776.5    1.6151121623173896   
  777.0    1.6137611223188706   
  777.5    1.612412080519841    
  778.0    1.6110652492988324   
  778.5    1.6097201908779255   
  779.0    1.6083771179795565   
  779.5    1.6070360264011458   
  780.0    1.6056969119516973   
  780.5    1.6043599854753463   
  781.0    1.6030248124404742   
  781.5    1.6016916040313511   
  782.0    1.6003603561029198   
  782.5    1.59903127828317     
  783.0    1.5977039386126335   
  783.5    1.596378547056456    
  784.0    1.5950550995149013   
  784.5    1.5937335918994686   
  785.0    1.5924142323319785   
  785.5    1.5910965920374893   
  786.0    1.589780879471304    
  786.5    1.5884670905894813   
  787.0    1.587155221359129    
  787.5    1.5858454784112883   
  788.0    1.5845374361218898   
  788.5    1.583231301451835    
  789.0    1.5819270704120472   
  789.5    1.5806249484518997   
  790.0    1.5793245124440787   
  790.5    1.5780259681649578   
  791.0    1.57672931166869     
  791.5    1.5754345390201467   
  792.0    1.5741418542051182   
  792.5    1.5728508371877412   
  793.0    1.5715616922772764   
  793.5    1.5702744155811066   
  794.0    1.5689890032171547   
  794.5    1.567705657722459    
  795.0    1.5664239621202274   
  795.5    1.5651441192674882   
  796.0    1.5638661253239716   
  796.5    1.5625901816782715   
  797.0    1.5613158737778168   
  797.5    1.560043403328442    
  798.0    1.5587727665311322   
  798.5    1.5575039595970994   
  799.0    1.5562371824923933   
  799.5    1.554972023666339    
  800.0    1.553708683398835    
  800.5    1.5524471579416688   
  801.0    1.551187646133165    
  801.5    1.54992973880169     
  802.0    1.548673635096738    
  802.5    1.5474193313101359   
  803.0    1.5461668237436381   
  803.5    1.5449163098386243   
  804.0    1.543667383369568    
  804.5    1.5424202420857103   
  805.0    1.5411748823281897   
  805.5    1.5399313004479098   
  806.0    1.538689692503268    
  806.5    1.537449655184437    
  807.0    1.536211384854413    
  807.5    1.5349748779028407   
  808.0    1.5337403292916723   
  808.5    1.5325073380220013   
  809.0    1.5312760993578032   
  809.5    1.5300466097269567   
  810.0    1.5288188655668227   
  810.5    1.5275930604810517   
  811.0    1.5263687963327266   
  811.5    1.5251462670243394   
  812.0    1.523925469030865    
  812.5    1.5227063988366043   
  813.0    1.5214892487003733   
  813.5    1.5202736233179603   
  814.0    1.519059715243886    
  814.5    1.5178475209994566   
  815.0    1.5166372317772068   
  815.5    1.515428454518252    
  816.0    1.5142213807083538   
  816.5    1.5130160069053438   
  817.0    1.5118123296761115   
  817.5    1.5106105388921622   
  818.0    1.5094102442755888   
  818.5    1.5082116359880628   
  819.0    1.5070147106324112   
  819.5    1.5058196570326845   
  820.0    1.5046260871154136   
  820.5    1.5034341899923969   
  821.0    1.5022439623019366   
  821.5    1.5010554006911319   
  822.0    1.499868692686265    
  822.5    1.4986834529443436   
  823.0    1.4974998692764128   
  823.5    1.4963179383644787   
  824.0    1.4951376568992039   
  824.5    1.4939592111217979   
  825.0    1.4927822183922035   
  825.5    1.4916068652334484   
  826.0    1.4904331483705442   
  826.5    1.4892612530256817   
  827.0    1.4880907987015506   
  827.5    1.4869219708998318   
  828.0    1.4857547663794481   
  828.5    1.4845891819077326   
  829.0    1.4834254014442505   
  829.5    1.4822630471459612   
  830.0    1.4811023032490473   
  830.5    1.4799431665542142   
  831.0    1.4787856338704426   
  831.5    1.4776298879069234   
  832.0    1.4764755534483462   
  832.5    1.4753228134776832   
  833.0    1.4741716648367593   
  833.5    1.4730222892431917   
  834.0    1.4718743135649577   
  834.5    1.470727919791215    
  835.0    1.469583104796217    
  835.5    1.4684398654622595   
  836.0    1.4672983822782513   
  836.5    1.466158284692991    
  837.0    1.465019753464161    
  837.5    1.4638827855059744   
  838.0    1.4627475603329039   
  838.5    1.4616137094399488   
  839.0    1.4604814126081682   
  839.5    1.4593506667832907   
  840.0    1.4582214689188615   
  840.5    1.4570939973218282   
  841.0    1.4559678860221894   
  841.5    1.4548433135907777   
  842.0    1.4537202770121602   
  842.5    1.4525987732785985   
  843.0    1.4514789795010783   
  843.5    1.4503605322196      
  844.0    1.4492436088063694   
  844.5    1.4481282062841851   
  845.0    1.4470145008155009   
  845.5    1.4459021309305198   
  846.0    1.4447912730508086   
  846.5    1.4436819242293215   
  847.0    1.4425740815264931   
  847.5    1.441467919929271    
  848.0    1.4403630804336693   
  848.5    1.4392597382831465   
  849.0    1.4381578905678238   
  849.5    1.4370575343851868   
  850.0    1.4359588435578463   
  850.5    1.4348614615235145   
  851.0    1.4337655623587444   
  851.5    1.4326711431902481   
  852.0    1.4315783769171233   
  852.5    1.430486908913271    
  853.0    1.4293969123297008   
  853.5    1.4283083843219895   
  854.0    1.4272213220528762   
  854.5    1.426135897276879    
  855.0    1.4250517577669664   
  855.5    1.4239690755270613   
  856.0    1.4228878477483216   
  856.5    1.4218082452773853   
  857.0    1.4207299177896953   
  857.5    1.4196530363793092   
  858.0    1.4185775982654558   
  858.5    1.4175036006743278   
  859.0    1.4164312133273107   
  859.5    1.4153600882572495   
  860.0    1.4142903954305002   
  860.5    1.4132221321008949   
  861.0    1.412155295529123    
  861.5    1.4110900543218718   
  862.0    1.4100260628466497   
  862.5    1.4089634899526964   
  863.0    1.4079023329279188   
  863.5    1.4068427594947657   
  864.0    1.405784425872281    
  864.5    1.404727500023554    
  865.0    1.4036719792633758   
  865.5    1.4026178609132074   
  866.0    1.401565311599476    
  866.5    1.400513989835674    
  867.0    1.3994640624865073   
  867.5    1.3984155268999128   
  868.0    1.3973683804303947   
  868.5    1.3963227886185603   
  869.0    1.3952784122503994   
  869.5    1.3942354171024651   
  870.0    1.3931938005553364   
  870.5    1.3921537272882318   
  871.0    1.3911148598895047   
  871.5    1.3900773632724752   
  872.0    1.389041234843481    
  872.5    1.3880064720152505   
  873.0    1.3869732383992337   
  873.5    1.385941198817456    
  874.0    1.384910517113191    
  874.5    1.3838811907245367   
  875.0    1.3828533824158415   
  875.5    1.3818267587807802   
  876.0    1.380801482813723    
  876.5    1.379777551977831    
  877.0    1.378754963742484    
  877.5    1.377733879821928    
  878.0    1.3767139690055465   
  878.5    1.3756953932353793   
  879.0    1.3746781500054939   
  879.5    1.3736622368160836   
  880.0    1.3726478143409417   
  880.5    1.3716345535444319   
  881.0    1.3706226153259444   
  881.5    1.3696119972099894   
  882.0    1.3686028590448767   
  882.5    1.3675948735201886   
  883.0    1.3665882007080918   
  883.5    1.3655828381571236   
  884.0    1.3645787834217837   
  884.5    1.363576195327013    
  885.0    1.362574748700703    
  885.5    1.3615746025895032   
  886.0    1.3605757545715815   
  886.5    1.3595782022309801   
  887.0    1.3585821033786045   
  887.5    1.3575871349606319   
  888.0    1.3565934550075545   
  888.5    1.355601061126731    
  889.0    1.3546101103244919   
  889.5    1.3536202812273763   
  890.0    1.352631731059622    
  890.5    1.3516444574516289   
  891.0    1.3506584580395138   
  891.5    1.3496738888320958   
  892.0    1.3486904305387697   
  892.5    1.3477082393841868   
  893.0    1.346727313027165    
  893.5    1.3457478066850261   
  894.0    1.3447694027194927   
  894.5    1.3437922565620792   
  895.0    1.3428163658940353   
  895.5    1.3418417284021766   
  896.0    1.3408684983224908   
  896.5    1.3398963600648945   
  897.0    1.3389254680775386   
  897.5    1.3379558200693418   
  898.0    1.336987413754708    
  898.5    1.3360204023971287   
  899.0    1.3350544724357842   
  899.5    1.3340897773443274   
  900.0    1.3331263148589398   
  900.5    1.3321642374714198   
  901.0    1.331203233230867    
  901.5    1.3302434548376552   
  902.0    1.3292849000494895   
  902.5    1.328327566629416    
  903.0    1.3273716061123917   
  903.5    1.3264167085432745   
  904.0    1.3254630256636386   
  904.5    1.3245105552577385   
  905.0    1.3235592951150936   
  905.5    1.3226093958223741   
  906.0    1.3216605494018951   
  906.5    1.3207129066450094   
  907.0    1.3197664653621355   
  907.5    1.3188213753874147   
  908.0    1.3178773303120848   
  908.5    1.3169344801734368   
  909.0    1.3159928228025473   
  909.5    1.3150523560356202   
  910.0    1.3141132287736608   
  910.5    1.3131751365529687   
  911.0    1.3122382284758076   
  911.5    1.3113025023987388   
  912.0    1.3103681064822337   
  912.5    1.3094347378058755   
  913.0    1.3085025447298955   
  913.5    1.3075715251309785   
  914.0    1.3066416768908027   
  914.5    1.3057131472515424   
  915.0    1.3047856352061373   
  915.5    1.3038592881946707   
  916.0    1.3029341041186537   
  916.5    1.3020100808845207   
  917.0    1.30108736482426     
  917.5    1.3001656568268447   
  918.0    1.2992451034203434   
  918.5    1.298325702530738    
  919.0    1.2974075997676517   
  919.5    1.2964904975245375   
  920.0    1.2955745416056512   
  920.5    1.294659729956298    
  921.0    1.2937460605265803   
  921.5    1.2928336780303027   
  922.0    1.2919222867262823   
  922.5    1.2910120315211684   
  923.0    1.290102910384109    
  923.5    1.2891949212889808   
  924.0    1.2882882080616267   
  924.5    1.2873824768094684   
  925.0    1.2864778715494247   
  925.5    1.285574390274147    
  926.0    1.2846721761047097   
  926.5    1.2837709366154726   
  927.0    1.2828708151171861   
  927.5    1.281971809621063    
  928.0    1.281073918142924    
  928.5    1.280177282929796    
  929.0    1.2792816133749698   
  929.5    1.2783870519134186   
  930.0    1.2774935965792609   
  930.5    1.2766013889257732   
  931.0    1.2757101397896944   
  931.5    1.2748199909108788   
  932.0    1.273930940341535    
  932.5    1.2730429861383625   
  933.0    1.2721562689942245   
  933.5    1.2712705015357353   
  934.0    1.2703858246406423   
  934.5    1.26950223638348     
  935.0    1.2686197348432098   
  935.5    1.267738459859736    
  936.0    1.2668581258336695   
  936.5    1.2659788727881252   
  937.0    1.2651006988196487   
  937.5    1.2642237430910945   
  938.0    1.2633477214109472   
  938.5    1.2624727731239487   
  939.0    1.2615988963440294   
  939.5    1.260726089189437    
  940.0    1.2598544899832758   
  940.5    1.2589838162799027   
  941.0    1.2581142065826716   
  941.5    1.257245659026972    
  942.0    1.2563783112693192   
  942.5    1.2555118822496787   
  943.0    1.2546465098035198   
  943.5    1.2537821920831809   
  944.0    1.252918927245209    
  944.5    1.2520568521193152   
  945.0    1.2511956873637917   
  945.5    1.2503355699856997   
  946.0    1.2494764981582995   
  946.5    1.2486184700590002   
  947.0    1.2477616216977891   
  947.5    1.2469056754362267   
  948.0    1.2460507674600647   
  948.5    1.245196895963194    
  949.0    1.2443441963048714   
  949.5    1.243492392198535    
  950.0    1.2426416191779535   
  950.5    1.2417918754533146   
  951.0    1.2409431592388525   
  951.5    1.2400956050866463   
  952.0    1.23924893838673     
  952.5    1.2384032938641423   
  953.0    1.237558669749189    
  953.5    1.2367150642761666   
  954.0    1.2358726111968392   
  954.5    1.2350310375632525   
  955.0    1.2341904772985979   
  955.5    1.2333509286530204   
  956.0    1.2325125247429285   
  956.5    1.2316749939395784   
  957.0    1.2308384695295902   
  957.5    1.2300029497787848   
  958.0    1.2291684329568746   
  958.5    1.2283350513921156   
  959.0    1.2275025350919415   
  959.5    1.2266710165533194   
  960.0    1.2258404940614214   
  960.5    1.225011099318781    
  961.0    1.2241825636315848   
  961.5    1.223355018869889    
  962.0    1.2225284633341547   
  962.5    1.221702895328639    
  963.0    1.2208784457796489   
  963.5    1.2200548476042348   
  964.0    1.219232231894755    
  964.5    1.2184105969705465   
  965.0    1.217589941154692    
  965.5    1.2167703946037938   
  966.0    1.215951691831924    
  966.5    1.215133963160284    
  967.0    1.2143172069268295   
  967.5    1.213501552677055    
  968.0    1.2126867361927771   
  968.5    1.2118728871829376   
  969.0    1.2110600040002042   
  969.5    1.2102480850008976   
  970.0    1.2094372589723732   
  970.5    1.2086272632689419   
  971.0    1.2078182268399813   
  971.5    1.2070101480563247   
  972.0    1.2062030252924087   
  972.5    1.205396986583776    
  973.0    1.2045917708438174   
  973.5    1.2037875062686911   
  974.0    1.202984191247149    
  974.5    1.2021819532177986   
  975.0    1.2013805323317268   
  975.5    1.2005800561870414   
  976.0    1.1997805231866547   
  976.5    1.1989819317369954   
  977.0    1.198184408536076    
  977.5    1.1973876952702913   
  978.0    1.1965919187957759   
  978.5    1.1957970775329272   
  979.0    1.1950032975917095   
  979.5    1.1942103218773858   
  980.0    1.1934182766569503   
  980.5    1.1926271603646188   
  981.0    1.1918369714380392   
  981.5    1.191047835257582    
  982.0    1.1902594962405177   
  982.5    1.189472079922895    
  983.0    1.1886855847559947   
  983.5    1.1879000091944836   
  984.0    1.1871154778951574   
  984.5    1.1863317367745492   
  985.0    1.185548910643798    
  985.5    1.18476699797102     
  986.0    1.1839861228384485   
  986.5    1.1832060323529339   
  987.0    1.1824268507499933   
  987.5    1.1816485765110498   
  988.0    1.1808712081208315   
  988.5    1.1800948689486714   
  989.0    1.1793193075780914   
  989.5    1.1785446475304002   
  990.0    1.1777708873034543   
  990.5    1.176998025398371    
  991.0    1.1762261844774264   
  991.5    1.1754551145884546   
  992.0    1.1746849385444122   
  992.5    1.1739156548593705   
  993.0    1.173147385634129    
  993.5    1.1723798820791551   
  994.0    1.1716132664449022   
  994.5    1.1708475372582592   
  995.0    1.1700826930492971   
  995.5    1.169318855222118    
  996.0    1.1685557764295937   
  996.5    1.167793578224212    
  997.0    1.167032259148691    
  997.5    1.1662719400538653   
  998.0    1.1655123747378842   
  998.5    1.164753684198963    
  999.0    1.1639958669923334   
  999.5    1.1632389216763337   
  1000.0   1.1624829684152653   
  1000.5   1.1617277624281999   
  1001.0   1.1609734240255754   
  1001.5   1.1602199517780794   
  1002.0   1.1594673442594656   
  1002.5   1.1587157209530643   
  1003.0   1.1579648384871164   
  1003.5   1.1572148164898592   
  1004.0   1.156465653547233    
  1004.5   1.1557174686017626   
  1005.0   1.1549700194006367   
  1005.5   1.154223425030313    
  1006.0   1.153477684088789    
  1006.5   1.152732795177057    
  1007.0   1.1519888765665391   
  1007.5   1.1512456873927523   
  1008.0   1.1505033460698468   
  1008.5   1.149761851210714    
  1009.0   1.1490212014312016   
  1009.5   1.1482815143370309   
  1010.0   1.1475425504406433   
  1010.5   1.1468044274892957   
  1011.0   1.1460671441105796   
  1011.5   1.1453308173815113   
  1012.0   1.1445952089079345   
  1012.5   1.1438604359074556   
  1013.0   1.1431264970192885   
  1013.5   1.1423933908855335   
  1014.0   1.1416612339270873   
  1014.5   1.1409297891064978   
  1015.0   1.1401991729840828   
  1015.5   1.139469384213413    
  1016.0   1.1387405386942744   
  1016.5   1.1380124004665944   
  1017.0   1.1372850855686536   
  1017.5   1.1365585926653743   
  1018.0   1.1358329204244986   
  1018.5   1.1351081840990966   
  1019.0   1.1343841490659645   
  1019.5   1.1336609307155199   
  1020.0   1.1329385277267094   
  1020.5   1.1322169387812635   
  1021.0   1.131496278490684    
  1021.5   1.1307763135577795   
  1022.0   1.1300571587302664   
  1022.5   1.129338812700934    
  1023.0   1.1286213895717074   
  1023.5   1.1279046570984557   
  1024.0   1.1271887295184186   
  1024.5   1.1264736055353317   
  1025.0   1.1257592838556498   
  1025.5   1.1250458779488635   
  1026.0   1.1243331568776018   
  1026.5   1.1236212342455587   
  1027.0   1.1229101087699938   
  1027.5   1.122199779170851    
  1028.0   1.1214903582901887   
  1028.5   1.1207816164868571   
  1029.0   1.1200736667360174   
  1029.5   1.1193665077682802   
  1030.0   1.1186602519273297   
  1030.5   1.1179546706014696   
  1031.0   1.1172498762666156   
  1031.5   1.1165458676639353   
  1032.0   1.1158426435372177   
  1032.5   1.11514031561159     
  1033.0   1.1144386565528848   
  1033.5   1.1137377782173803   
  1034.0   1.1130376793592889   
  1034.5   1.1123384712123963   
  1035.0   1.1116399274571773   
  1035.5   1.1109421594577147   
  1036.0   1.1102451659785362   
  1036.5   1.109548945786733    
  1037.0   1.1088536095062447   
  1037.5   1.1081589320767329   
  1038.0   1.1074650242513762   
  1038.5   1.1067718848074497   
  1039.0   1.1060795125247593   
  1039.5   1.1053880174221702   
  1040.0   1.1046971756884894   
  1040.5   1.1040070974707725   
  1041.0   1.1033177815588813   
  1041.5   1.1026293374910274   
  1042.0   1.1019415424481664   
  1042.5   1.101254506095871    
  1043.0   1.100568227233956    
  1043.5   1.0998827046647097   
  1044.0   1.099198047329735    
  1044.5   1.0985140336413204   
  1045.0   1.0978307726674021   
  1045.5   1.0971482632200968   
  1046.0   1.0964665041139612   
  1046.5   1.0957856036986273   
  1047.0   1.095105341607963    
  1047.5   1.0944258263169175   
  1048.0   1.0937470566497518   
  1048.5   1.0930691404858326   
  1049.0   1.0923918584293286   
  1049.5   1.0917153184841175   
  1050.0   1.091039519484067    
  1050.5   1.0903644602654312   
  1051.0   1.0896902481238353   
  1051.5   1.0890166648677249   
  1052.0   1.0883438179162381   
  1052.5   1.087671706115115    
  1053.0   1.0870004362962389   
  1053.5   1.0863297912246428   
  1054.0   1.0856598778549322   
  1054.5   1.0849906950422388   
  1055.0   1.084322241644026    
  1055.5   1.0836546239165172   
  1056.0   1.0829876258120377   
  1056.5   1.082321353708554    
  1057.0   1.0816558064728041   
  1057.5   1.0809909829738293   
  1058.0   1.0803269888966198   
  1058.5   1.079663609371492    
  1059.0   1.079000950204211    
  1059.5   1.0783390102729769   
  1060.0   1.0776778948089532   
  1060.5   1.077017389878211    
  1061.01  1.0763444420584085   
  1061.51  1.0756853820357568   
  1062.01  1.0750270356522065   
  1062.51  1.0743694017995682   
  1063.01  1.0737124793718935   
  1063.51  1.0730563728105895   
  1064.01  1.0724008698098912   
  1064.51  1.0717460749298813   
  1065.01  1.0710919870735205   
  1065.51  1.0704387102360038   
  1066.01  1.0697860330313338   
  1066.51  1.0691340595726309   
  1067.01  1.068482788771677    
  1067.51  1.0678322195424452   
  1068.01  1.0671824553261864   
  1068.51  1.066533285878593    
  1069.01  1.0658848147579112   
  1069.51  1.0652370408868272   
  1070.01  1.0645899631901907   
  1070.51  1.0639436845595198   
  1071.01  1.063297995883358    
  1071.51  1.0626530001692998   
  1072.01  1.0620086963508      
  1072.51  1.0613651868825986   
  1073.01  1.0607222635532094   
  1073.51  1.06008002893272     
  1074.01  1.0594384819631044   
  1074.51  1.058797621588455    
  1075.01  1.0581575497212556   
  1075.51  1.0575180592671858   
  1076.01  1.0568792522531751   
  1076.51  1.05624112763173     
  1077.01  1.0556037868844854   
  1077.51  1.0549670238046565   
  1078.01  1.054330939987607    
  1078.51  1.0536955343941774   
  1079.01  1.0530608059872772   
  1079.51  1.05242685571363     
  1080.01  1.0517934784682155   
  1080.51  1.0511607753106005   
  1081.01  1.0505287452119256   
  1081.51  1.049897387145378    
  1082.01  1.0492668015267947   
  1082.51  1.0486367843444817   
  1083.01  1.0480074361262415   
  1083.51  1.0473787558533918   
  1084.01  1.0467508435199357   
  1084.51  1.0461234959828143   
  1085.01  1.0454968133473015   
  1085.51  1.0448707946027658   
  1086.01  1.0442454387405773   
  1086.51  1.0436208452309983   
  1087.01  1.0429968120093205   
  1087.51  1.0423734386562158   
  1088.01  1.0417507241710078   
  1088.51  1.0411286675549964   
  1089.01  1.04050736775862     
  1089.51  1.0398866237873157   
  1090.01  1.0392665347010785   
  1090.51  1.0386470995090658   
  1091.01  1.0380284167486538   
  1091.51  1.0374102862755366   
  1092.01  1.0367928067359715   
  1092.51  1.0361759771468972   
  1093.01  1.0355597965271865   
  1093.51  1.0349443629013446   
  1094.01  1.0343294771806473   
  1094.51  1.0337152374976437   
  1095.01  1.0331016428788937   
  1095.51  1.032488790941355    
  1096.01  1.0318764834350127   
  1096.51  1.0312648180842043   
  1097.01  1.030653793923104    
  1097.51  1.0300434099877769   
  1098.01  1.0294337633891428   
  1098.51  1.0288246569184623   
  1099.01  1.0282161877932128   
  1099.51  1.0276083550569821   
  1100.01  1.0270011577552274   
  1100.51  1.026394692496575    
  1101.01  1.0257887631057223   
  1101.51  1.0251834662970396   
  1102.01  1.0245788011234165   
  1102.51  1.0239748637943207   
  1103.01  1.023371458955599    
  1103.51  1.0227686829218186   
  1104.01  1.0221665347532292   
  1104.51  1.0215650135119096   
  1105.01  1.020964214911686    
  1105.51  1.0203639446179247   
  1106.01  1.0197642984487514   
  1106.51  1.019165275473518    
  1107.01  1.0185668747633838   
  1107.51  1.0179691915401783   
  1108.01  1.0173720324811608   
  1108.51  1.01677549291167     
  1109.01  1.016179571910051    
  1109.51  1.015584364307141    
  1110.01  1.0149896775842668   
  1110.51  1.0143956066751467   
  1111.01  1.0138021506652437   
  1111.51  1.0132093086417904   
  1112.01  1.0126171749501018   
  1112.51  1.012025558069858    
  1113.01  1.0114345524484778   
  1113.51  1.0108441571802267   
  1114.01  1.0102544662245632   
  1114.51  1.0096652888544964   
  1115.01  1.0090767191309717   
  1115.51  1.008488756155222    
  1116.01  1.0079013990302108   
  1116.51  1.0073147412362389   
  1117.01  1.0067285930313632   
  1117.51  1.0061430479966085   
  1118.01  1.0055581052418232   
  1118.51  1.004973763878566    
  1119.01  1.0043901169114697   
  1119.51  1.0038069755763472   
  1120.01  1.0032244329777986   
  1120.51  1.0026424882341862   
  1121.01  1.002061233972101    
  1121.51  1.0014804822043508   
  1122.01  1.000900325656895    
  1122.51  1.0003207634548348   
  1123.01  0.9997417947249474   
  1123.51  0.999163511624352    
  1124.01  0.9985857271306644   
  1124.51  0.9980085334996293   
  1125.01  0.9974319298646834   
  1125.51  0.9968559153609189   
  1126.01  0.9962805816793819   
  1126.51  0.9957057427553978   
  1127.01  0.9951314903779025   
  1127.51  0.9945578236885702   
  1128.01  0.993984834008016    
  1128.51  0.993412336032663    
  1129.01  0.9928404211804329   
  1129.51  0.9922690885995202   
  1130.01  0.9916983374397402   
  1130.51  0.9911282585616704   
  1131.01  0.9905586676068395   
  1131.51  0.9899896555324087   
  1132.01  0.9894212214946376   
  1132.51  0.9888534559884607   
  1133.01  0.9882861754065078   
  1133.51  0.9877194703397234   
  1134.01  0.9871533399507517   
  1134.51  0.9865877834038235   
  1135.01  0.9860228907397699   
  1135.51  0.9854584792839375   
  1136.01  0.9848946391724579   
  1136.51  0.9843313695758721   
  1137.01  0.983768669666289    
  1137.51  0.9832066290336906   
  1138.01  0.9826450659293497   
  1138.51  0.9820840700378453   
  1139.01  0.9815236405375231   
  1139.51  0.9809638666600117   
  1140.01  0.9804045673924717   
  1140.51  0.9798458320605706   
  1141.01  0.9792876598488335   
  1141.51  0.9787300499433215   
  1142.01  0.9781730911305945   
  1142.52  0.9776054148236626   
  1143.02  0.9770495875494889   
  1143.52  0.9764942298180918   
  1144.02  0.9759394303301934   
  1144.52  0.9753851882810256   
  1145.02  0.9748315919254913   
  1145.52  0.9742784622561361   
  1146.02  0.9737258876203876   
  1146.52  0.9731738672195006   
  1147.02  0.9726224002562269   
  1147.52  0.97207157454735     
  1148.02  0.9715212119847867   
  1148.52  0.9709714004771683   
  1149.02  0.9704221392332006   
  1149.52  0.9698734274630693   
  1150.02  0.969325352548544    
  1150.52  0.9687777372744368   
  1151.02  0.9682306691136949   
  1151.52  0.9676841472823896   
  1152.02  0.9671382588165      
  1152.52  0.9665928272105256   
  1153.02  0.9660479395910915   
  1153.52  0.9655035951801004   
  1154.02  0.9649597932009051   
  1154.52  0.9644166202599896   
  1155.02  0.9638739007332439   
  1155.52  0.9633317213171393   
  1156.02  0.9627900812407937   
  1156.52  0.962248979734757    
  1157.02  0.9617085029790468   
  1157.52  0.9611684762246337   
  1158.02  0.9606289857408699   
  1158.52  0.9600900307640045   
  1159.02  0.9595516971350445   
  1159.52  0.9590138108005181   
  1160.02  0.9584764576902489   
  1160.52  0.9579396370461338   
  1161.02  0.9574033481114738   
  1161.52  0.956867676306187    
  1162.02  0.9563324484406756   
  1162.52  0.9557977500230334   
  1163.02  0.9552635803021446   
  1163.52  0.9547300243631847   
  1164.02  0.9541969097032221   
  1164.52  0.9536643214950995   
  1165.02  0.9531322589932332   
  1165.52  0.952600721453415    
  1166.02  0.9520697935450231   
  1166.52  0.9515393036179796   
  1167.02  0.9510093364286989   
  1167.52  0.9504798912384425   
  1168.02  0.949950967309832    
  1168.52  0.9494226488993504   
  1169.02  0.9488947652037297   
  1169.52  0.9483674005658648   
  1170.02  0.9478405542537848   
  1170.52  0.9473143101957313   
  1171.02  0.9467884982615654   
  1171.52  0.9462632024654445   
  1172.02  0.9457384220807573   
  1172.52  0.945214156382225    
  1173.02  0.9446904888903518   
  1173.52  0.9441672503110706   
  1174.02  0.9436445242501874   
  1174.52  0.9431223099877223   
  1175.02  0.9426006907200307   
  1175.52  0.9420794978176552   
  1176.02  0.9415588145617655   
  1176.52  0.9410386402376332   
  1177.02  0.9405189741318353   
  1177.52  0.9399998990380648   
  1178.02  0.9394812471523745   
  1178.52  0.9389631013526677   
  1179.02  0.938445460930714    
  1179.52  0.9379283251795738   
  1180.02  0.9374117764930614   
  1180.52  0.9368956478869477   
  1181.02  0.9363800218386588   
  1181.52  0.9358648976463897   
  1182.02  0.9353503573860412   
  1182.52  0.9348362347250193   
  1183.02  0.934322611822362    
  1183.52  0.933809487981353    
  1184.02  0.9332968625065412   
  1184.52  0.9327848170788965   
  1185.02  0.9322731861752497   
  1185.52  0.9317620515591198   
  1186.02  0.9312514125400877   
  1186.52  0.930741268428985    
  1187.02  0.930231700514565    
  1187.52  0.9297225440774387   
  1188.02  0.9292138804883253   
  1188.52  0.9287057090630326   
  1189.02  0.9281981107784819   
  1189.52  0.9276909215542718   
  1190.02  0.9271842224488269   
  1190.52  0.9266780127828868   
  1191.02  0.9261722918784171   
  1191.52  0.9256671403249479   
  1192.02  0.9251623948358245   
  1192.52  0.9246581360815067   
  1193.02  0.9241543633888375   
  1193.52  0.923651157039344    
  1194.02  0.9231483543773983   
  1194.52  0.9226460357650024   
  1195.02  0.9221442005338332   
  1195.52  0.9216428480167699   
  1196.02  0.9211420581126961   
  1196.52  0.9206416689498605   
  1197.02  0.9201417605070583   
  1197.52  0.919642332121949    
  1198.02  0.9191433831333808   
  1198.52  0.9186449930602006   
  1199.02  0.9181470008091178   
  1199.52  0.917649485978332    
  1200.02  0.917152447911419    
  1200.52  0.916655965825059    
  1201.02  0.9161598792448598   
  1201.52  0.9156642674664102   
  1202.02  0.915169129837973    
  1202.52  0.9146744657089764   
  1203.02  0.9141803539206943   
  1203.52  0.9136866347675722   
  1204.02  0.9131933871692441   
  1204.52  0.912700610479773    
  1205.02  0.9122083040543743   
  1205.52  0.9117165463614582   
  1206.02  0.9112251784590283   
  1206.52  0.9107342788933097   
  1207.02  0.9102438470241024   
  1207.52  0.9097539610233426   
  1208.02  0.9092644625561058   
  1208.52  0.9087754298717113   
  1209.02  0.908286862334503    
  1209.52  0.9077987593099548   
  1210.02  0.907311198601658    
  1210.52  0.9068240226288612   
  1211.02  0.9063373092720025   
  1211.52  0.9058510579010509   
  1212.02  0.9053653460267096   
  1212.52  0.9048800166678521   
  1213.02  0.904395147411604    
  1213.52  0.9039107376323893   
  1214.02  0.9034267867057401   
  1214.52  0.9029433717784624   
  1215.02  0.9024603366143683   
  1215.52  0.9019777584361587   
  1216.02  0.9014956366237725   
  1216.52  0.9010139705582448   
  1217.02  0.900532837024925    
  1217.52  0.900052080527497    
  1218.02  0.8995717779266822   
  1218.52  0.8990919286078755   
  1219.02  0.8986126090690059   
  1219.52  0.8981336644020321   
  1220.02  0.897655171179842    
  1220.52  0.8971771287921508   
  1221.02  0.8966995366297492   
  1221.52  0.89622247083345     
  1222.02  0.8957457772260765   
  1222.52  0.8952695320228855   
  1223.02  0.8947937346189422   
  1223.52  0.8943183844103749   
  1224.03  0.8938340086616479   
  1224.53  0.8933596362457966   
  1225.03  0.8928856328207248   
  1225.53  0.8924120741742669   
  1226.03  0.891938959707853    
  1226.53  0.8914662888239615   
  1227.03  0.8909941368847021   
  1227.53  0.8905223513063328   
  1228.03  0.8900510075242907   
  1228.53  0.8895801049452284   
  1229.03  0.8891096429768369   
  1229.53  0.8886396966316681   
  1230.03  0.8881701140411624   
  1230.53  0.8877009702906998   
  1231.03  0.8872322647921006   
  1231.53  0.8867640722799418   
  1232.03  0.8862962414543437   
  1232.53  0.8858288471223151   
  1233.03  0.8853618886997704   
  1233.53  0.8848953656036411   
  1234.03  0.8844293522231029   
  1234.53  0.8839636979648401   
  1235.03  0.8834984772899681   
  1235.53  0.8830336896194694   
  1236.03  0.8825693343753328   
  1236.53  0.8821054856036131   
  1237.03  0.8816419934128294   
  1237.53  0.8811789319204894   
  1238.03  0.880716300552589    
  1238.53  0.8802541730823177   
  1239.03  0.8797924001762801   
  1239.53  0.8793310556787323   
  1240.03  0.878870139019643    
  1240.53  0.8784096496299688   
  1241.03  0.8779496609438348   
  1241.53  0.8774900243212711   
  1242.03  0.8770308132669902   
  1242.53  0.8765720272158791   
  1243.03  0.8761137393324174   
  1243.53  0.8756558015280471   
  1244.03  0.8751982870374547   
  1244.53  0.8747411952994241   
  1245.03  0.8742845257537089   
  1245.53  0.8738283512297188   
  1246.03  0.8733725243240428   
  1246.53  0.8729171179358258   
  1247.03  0.8724621315086769   
  1247.53  0.8720075644871639   
  1248.03  0.8715534893678194   
  1248.53  0.8710997594278364   
  1249.03  0.8706464472330149   
  1249.53  0.8701935522317377   
  1250.03  0.8697411466558038   
  1250.53  0.8692890843236406   
  1251.03  0.868837437535943    
  1251.53  0.8683862057448766   
  1252.03  0.8679353884035481   
  1252.53  0.8674850574147794   
  1253.03  0.8670350672695216   
  1253.53  0.8665854899390327   
  1254.03  0.8661363248801619   
  1254.53  0.8656875715506893   
  1255.03  0.865239301526601    
  1255.53  0.8647913699669377   
  1256.03  0.8643438485156649   
  1256.53  0.8638967366342665   
  1257.03  0.863450105638791    
  1257.53  0.8630038112195791   
  1258.03  0.862557924760297    
  1258.53  0.8621124457261007   
  1259.03  0.8616673735830596   
  1259.53  0.861222779324195    
  1260.03  0.8607785193000503   
  1260.53  0.8603346645708149   
  1261.03  0.859891214606192    
  1261.53  0.8594482401422895   
  1262.03  0.8590055980546899   
  1262.53  0.8585633591463127   
  1263.03  0.8581215228904645   
  1263.53  0.8576800887613482   
  1264.03  0.8572391271757949   
  1264.53  0.8567984956618245   
  1265.03  0.8563582647026378   
  1265.53  0.8559184337760031   
  1266.03  0.8554790023605763   
  1266.53  0.8550400405559713   
  1267.03  0.8546014065383823   
  1267.53  0.8541631704733544   
  1268.03  0.8537253318430719   
  1268.53  0.8532879604948479   
  1269.03  0.8528509151203674   
  1269.53  0.8524142656325265   
  1270.03  0.8519780115170092   
  1270.53  0.8515421522603693   
  1271.03  0.8511067573963668   
  1271.53  0.8506716862572787   
  1272.03  0.8502370084420162   
  1272.53  0.8498027234405962   
  1273.03  0.8493688307438968   
  1273.53  0.8489353995741363   
  1274.03  0.8485022899000217   
  1274.53  0.8480695710084942   
  1275.03  0.8476372423938592   
  1275.53  0.84720537303054     
  1276.03  0.8467738233934108   
  1276.53  0.8463426625212782   
  1277.03  0.8459118899118466   
  1277.53  0.8454815050636655   
  1278.03  0.8450515766431949   
  1278.53  0.8446219657543353   
  1279.03  0.8441927411275092   
  1279.53  0.8437639022646296   
  1280.03  0.8433355175872037   
  1280.53  0.8429074486994208   
  1281.03  0.8424797640864161   
  1281.53  0.8420524632534382   
  1282.03  0.8416255457065661   
  1282.53  0.8411990795628691   
  1283.03  0.8407729270482714   
  1283.53  0.8403471563430555   
  1284.03  0.8399217669566013   
  1284.53  0.8394967583991101   
  1285.03  0.8390721984851498   
  1285.53  0.838647950058376    
  1286.03  0.8382240809961576   
  1286.53  0.8378005908119638   
  1287.03  0.8373775470797461   
  1287.53  0.8369548131344808   
  1288.03  0.8365324566125947   
  1288.53  0.8361104770307972   
  1289.03  0.8356888739066043   
  1289.53  0.8352677145149102   
  1290.03  0.8348468628013014   
  1290.53  0.8344263861027416   
  1291.03  0.8340062839399545   
  1291.53  0.833586623349953    
  1292.03  0.8331672687639905   
  1292.53  0.8327482872808281   
  1293.03  0.8323296784243704   
  1293.53  0.8319114417193142   
  1294.03  0.8314936439070085   
  1294.53  0.8310761500223014   
  1295.03  0.8306590268678915   
  1295.53  0.8302422739716242   
  1296.03  0.8298258908621275   
  1296.53  0.8294099439869516   
  1297.03  0.8289942989806867   
  1297.53  0.8285790223518367   
  1298.03  0.8281641136321464   
  1298.53  0.8277496390354598   
  1299.03  0.827335464673406    
  1299.53  0.8269216568204681   
  1300.03  0.8265082150114827   
  1300.53  0.826095138782056    
  1301.03  0.8256824940555478   
  1301.53  0.8252701475364776   
  1302.03  0.8248581652084553   
  1302.53  0.8244465466101473   
  1303.03  0.8240352912809801   
  1303.53  0.8236244648556528   
  1304.03  0.823213934627811    
  1304.53  0.8228037662920169   
  1305.03  0.8223939593907266   
  1305.53  0.8219845793290127   
  1306.04  0.821567268456165    
  1306.54  0.8211586160459455   
  1307.04  0.8207502574358594   
  1307.54  0.8203422579748555   
  1308.04  0.8199346172099026   
  1308.54  0.8195273346887143   
  1309.04  0.8191204754161373   
  1309.54  0.8187139079711185   
  1310.04  0.8183076974175276   
  1310.54  0.8179018433060405   
  1311.04  0.8174964104150244   
  1311.54  0.8170912677855363   
  1312.04  0.8166864802546655   
  1312.54  0.816282047376026    
  1313.04  0.8158779687039627   
  1313.54  0.8154743087353271   
  1314.04  0.8150709370855441   
  1314.54  0.8146679183098134   
  1315.04  0.8142652519653891   
  1315.54  0.8138629376102482   
  1316.04  0.8134610394614754   
  1316.54  0.8130594277052524   
  1317.04  0.8126581666166419   
  1317.54  0.8122572557565008   
  1318.04  0.8118567591193515   
  1318.54  0.8114565473453981   
  1319.04  0.8110566844868468   
  1319.54  0.8106571701074109   
  1320.04  0.8102580037715145   
  1320.54  0.8098592491970257   
  1321.04  0.80946077758848     
  1321.54  0.8090626527210646   
  1322.04  0.8086648741620313   
  1322.54  0.8082675054091575   
  1323.04  0.8078704181158995   
  1323.54  0.8074736758370641   
  1324.04  0.8070772781427079   
  1324.54  0.8066812246035866   
  1325.04  0.8062855784438906   
  1325.54  0.805890211875077    
  1326.04  0.8054951881780057   
  1326.54  0.8051005069262093   
  1327.04  0.8047061676939111   
  1327.54  0.8043122334333996   
  1328.04  0.8039185769106563   
  1328.54  0.8035252611342818   
  1329.04  0.8031322856812494   
  1329.54  0.8027397132875319   
  1330.04  0.8023474171602415   
  1330.54  0.8019554600913803   
  1331.04  0.8015638416606492   
  1331.54  0.8011725614484285   
  1332.04  0.8007816819217873   
  1332.54  0.8003910768361747   
  1333.04  0.8000008087143377   
  1333.54  0.7996108771393572   
  1334.04  0.799221281694986    
  1334.54  0.7988320845810383   
  1335.04  0.7984431600978997   
  1335.54  0.7980545705007138   
  1336.04  0.7976663153759076   
  1336.54  0.7972784567106699   
  1337.04  0.7968908692389042   
  1337.54  0.7965036150028518   
  1338.04  0.7961166935915929   
  1338.54  0.7957301045948675   
  1339.04  0.795343909735542    
  1339.54  0.7949579842864082   
  1340.04  0.7945723900250411   
  1340.54  0.7941871265438079   
  1341.04  0.7938022553552792   
  1341.54  0.7934176521609597   
  1342.04  0.7930333785278567   
  1342.54  0.7926494340509431   
  1343.04  0.792265818325841    
  1343.54  0.7918825926036892   
  1344.04  0.791499633118919    
  1344.54  0.7911170011767673   
  1345.04  0.7907346963754365   
  1345.54  0.7903527183137707   
  1346.04  0.7899711279830661   
  1346.54  0.7895898021474052   
  1347.04  0.7892088018518457   
  1347.54  0.7888281266977879   
  1348.04  0.7884478374697895   
  1348.54  0.7880678113533107   
  1349.04  0.7876881091864053   
  1349.54  0.787308730573008    
  1350.04  0.7869296751176849   
  1350.54  0.7865509424256307   
  1351.04  0.7861725321026691   
  1351.54  0.7857945653926958   
  1352.04  0.7854167985244569   
  1352.54  0.7850393528466644   
  1353.04  0.7846622279676421   
  1353.54  0.7842854234963361   
  1354.04  0.7839089390423137   
  1354.54  0.7835327742157615   
  1355.04  0.7831569286274846   
  1355.54  0.782781401888906    
  1356.04  0.7824063143231119   
  1356.54  0.7820314240183487   
  1357.04  0.781656851401367    
  1357.54  0.7812825960860464   
  1358.04  0.7809086576868777   
  1358.54  0.7805350358189614   
  1359.04  0.7801617300980075   
  1359.54  0.7797887401403331   
  1360.04  0.7794160655628625   
  1360.54  0.7790437059831247   
  1361.04  0.7786717807127949   
  1361.54  0.7783000498824498   
  1362.04  0.7779286329061683   
  1362.54  0.7775575294038889   
  1363.04  0.77718673899615     
  1363.54  0.7768162613040879   
  1364.04  0.7764460959494364   
  1364.54  0.7760762425545249   
  1365.04  0.7757067007422782   
  1365.54  0.7753375889244918   
  1366.04  0.7749686690487398   
  1366.54  0.7746000596281043   
  1367.04  0.7742317602878772   
  1367.54  0.7738637706539396   
  1368.04  0.773496090352761    
  1368.54  0.7731287190113971   
  1369.04  0.7727616562574897   
  1369.54  0.7723949017192648   
  1370.04  0.7720285729183373   
  1370.54  0.7716624335995866   
  1371.04  0.7712966013848125   
  1371.54  0.7709310759045673   
  1372.04  0.770565856789983    
  1372.54  0.7702009436727691   
  1373.04  0.7698363361852123   
  1373.54  0.769472033960174    
  1374.04  0.7691080366310908   
  1374.54  0.768744460838958    
  1375.04  0.7683810721065484   
  1375.54  0.7680179871739556   
  1376.04  0.7676552056769029   
  1376.54  0.767292727251682    
  1377.04  0.7669305515351525   
  1377.54  0.7665686781647413   
  1378.04  0.7662071067784403   
  1378.54  0.7658458370148062   
  1379.04  0.7654848685129595   
  1379.54  0.7651243169464796   
  1380.04  0.7647639497911439   
  1380.54  0.764403882818442    
  1381.04  0.764044115669737    
  1381.54  0.7636846479869503   
  1382.04  0.7633254794125606   
  1382.54  0.7629666095896018   
  1383.04  0.7626080381616637   
  1383.54  0.7622497647728891   
  1384.04  0.7618919042359912   
  1384.54  0.7615342257645438   
  1385.04  0.7611768442681159   
  1385.54  0.7608197593930552   
  1386.04  0.7604629707862582   
  1386.54  0.7601064780951687   
  1387.04  0.7597502809677771   
  1387.55  0.7593872800529359   
  1388.05  0.759031678879464    
  1388.55  0.7586763722099431   
  1389.05  0.7583213596945498   
  1389.55  0.7579667551043664   
  1390.05  0.7576123297555284   
  1390.55  0.7572581975147034   
  1391.05  0.7569043580342266   
  1391.55  0.7565508109669706   
  1392.05  0.756197555966344    
  1392.55  0.7558445926862902   
  1393.05  0.7554919207812874   
  1393.55  0.755139539906346    
  1394.05  0.7547875629918749   
  1394.55  0.7544357630508242   
  1395.05  0.7540842531081663   
  1395.55  0.7537330328210341   
  1396.05  0.7533821018470884   
  1396.55  0.7530314598445172   
  1397.05  0.7526811064720345   
  1397.55  0.7523310413888787   
  1398.05  0.7519812642548134   
  1398.55  0.7516317747301242   
  1399.05  0.751282684821541    
  1399.55  0.750933769406254    
  1400.05  0.7505851405844384   
  1400.55  0.750236798018462    
  1401.05  0.7498887413712115   
  1401.55  0.7495409703060899   
  1402.05  0.749193484487017    
  1402.55  0.7488462835784271   
  1403.05  0.7484993672452692   
  1403.55  0.7481528466721974   
  1404.05  0.7478064983954793   
  1404.55  0.7474604336922228   
  1405.05  0.7471146522294236   
  1405.55  0.7467691536745867   
  1406.05  0.7464239376957261   
  1406.55  0.7460790039613626   
  1407.05  0.7457343521405239   
  1407.55  0.745389981902743    
  1408.05  0.7450460036192205   
  1408.55  0.7447021954678087   
  1409.05  0.7443586679111833   
  1409.55  0.7440154206208905   
  1410.05  0.7436724532689765   
  1410.55  0.7433297655279875   
  1411.05  0.7429873570709686   
  1411.55  0.7426452275714635   
  1412.05  0.742303376703512    
  1412.55  0.7419619140333669   
  1413.05  0.7416206193632103   
  1413.55  0.7412796023498058   
  1414.05  0.7409388626691723   
  1414.55  0.7405983999978214   
  1415.05  0.7402582140127559   
  1415.55  0.7399183043914694   
  1416.05  0.739578670811945    
  1416.55  0.7392393129526548   
  1417.05  0.7389002304925582   
  1417.55  0.738561532113353    
  1418.05  0.7382229994020895   
  1418.55  0.7378847411299195   
  1419.05  0.7375467569777451   
  1419.55  0.7372090466269512   
  1420.05  0.7368716097594052   
  1420.55  0.7365344460574563   
  1421.05  0.7361975552039339   
  1421.55  0.7358609368821472   
  1422.05  0.7355246989864238   
  1422.55  0.7351886246924892   
  1423.05  0.7348528219831885   
  1423.55  0.7345172905437405   
  1424.05  0.7341820300598396   
  1424.55  0.7338470402176543   
  1425.05  0.7335123207038265   
  1425.55  0.7331778712054708   
  1426.05  0.7328436914101736   
  1426.55  0.7325098884330453   
  1427.05  0.7321762470219519   
  1427.55  0.7318428743795974   
  1428.05  0.7315097701954459   
  1428.55  0.7311769341594292   
  1429.05  0.7308443659619455   
  1429.55  0.7305120652938583   
  1430.05  0.730180031846496    
  1430.55  0.7298482653116514   
  1431.05  0.7295168720332608   
  1431.55  0.72918563831502     
  1432.05  0.7288546705875476   
  1432.55  0.7285239685444825   
  1433.05  0.7281935318799239   
  1433.55  0.7278633602884292   
  1434.05  0.7275334534650141   
  1434.55  0.7272038111051514   
  1435.05  0.72687443290477     
  1435.55  0.7265454244445669   
  1436.05  0.7262165735679788   
  1436.55  0.7258879859414848   
  1437.05  0.7255596612628307   
  1437.55  0.7252315992302135   
  1438.05  0.7249037995422819   
  1438.55  0.7245762618981348   
  1439.05  0.7242489859973209   
  1439.55  0.7239219715398372   
  1440.05  0.7235952182261289   
  1440.55  0.7232688307980242   
  1441.05  0.7229425987911797   
  1441.55  0.7226166270322212   
  1442.05  0.7222909152233769   
  1442.55  0.7219654630673188   
  1443.05  0.7216402702671624   
  1443.55  0.7213153365264645   
  1444.05  0.7209906615492241   
  1444.55  0.7206662450398802   
  1445.05  0.7203421909934279   
  1445.55  0.7200182904520013   
  1446.05  0.7196946474945187   
  1446.55  0.7193712618271734   
  1447.05  0.7190481331565949   
  1447.55  0.7187252611898489   
  1448.05  0.7184026456344356   
  1448.55  0.7180802861982895   
  1449.05  0.7177581825897784   
  1449.55  0.7174364380646748   
  1450.05  0.7171148451561616   
  1450.55  0.7167935072030726   
  1451.05  0.7164724239155007   
  1451.55  0.7161515950039685   
  1452.05  0.7158310201794273   
  1452.55  0.715510699153256    
  1453.05  0.7151906316372606   
  1453.55  0.7148708173436734   
  1454.05  0.7145513587965547   
  1454.55  0.7142320500049125   
  1455.05  0.7139129935750175   
  1455.55  0.7135941892207991   
  1456.05  0.7132756366566093   
  1456.55  0.7129573355972216   
  1457.05  0.7126392857578304   
  1457.55  0.7123214868540504   
  1458.05  0.7120039386019152   
  1458.55  0.7116866407178772   
  1459.05  0.7113696949216686   
  1459.55  0.7110528968444989   
  1460.05  0.7107363482873784   
  1460.55  0.7104200489684264   
  1461.05  0.7101039986061763   
  1461.55  0.7097881969195764   
  1462.05  0.7094726436279877   
  1462.55  0.7091573384511837   
  1463.05  0.7088422811093501   
  1463.55  0.7085275726060385   
  1464.05  0.7082130100168035   
  1464.55  0.7078986944256482   
  1465.05  0.7075846255543977   
  1465.55  0.7072708031252853   
  1466.05  0.7069572268609513   
  1466.55  0.7066438964844431   
  1467.05  0.7063308117192136   
  1467.55  0.706017972289121    
  1468.05  0.7057054784887438   
  1468.55  0.7053931288233758   
  1469.06  0.7050747981138071   
  1469.56  0.7047629420632547   
  1470.06  0.7044513299678035   
  1470.56  0.7041399615537351   
  1471.06  0.7038288365477311   
  1471.56  0.7035179546768724   
  1472.06  0.7032073156686387   
  1472.56  0.7028969192509072   
  1473.06  0.7025867651519526   
  1473.56  0.7022769528079312   
  1474.06  0.7019672824551662   
  1474.56  0.7016578536084644   
  1475.06  0.7013486659976823   
  1475.56  0.7010397193530693   
  1476.06  0.7007310134052679   
  1476.56  0.7004225478853129   
  1477.06  0.7001143225246306   
  1477.56  0.6998063370550379   
  1478.06  0.6994985912087419   
  1478.56  0.699191183652018    
  1479.06  0.698883916173585    
  1479.56  0.6985768875174894   
  1480.06  0.6982700974174917   
  1480.56  0.6979635456077388   
  1481.06  0.6976572318227638   
  1481.56  0.6973511557974846   
  1482.06  0.6970453172672042   
  1482.56  0.6967397159676089   
  1483.06  0.6964344498793696   
  1483.56  0.6961293221735951   
  1484.06  0.6958244309079464   
  1484.56  0.6955197758196385   
  1485.06  0.6952153566462671   
  1485.56  0.6949111731258072   
  1486.06  0.694607224996613    
  1486.56  0.6943035119974177   
  1487.06  0.6940000338673312   
  1487.56  0.6936968879082303   
  1488.06  0.6933938786598168   
  1488.56  0.6930911035001872   
  1489.06  0.6927885621699559   
  1489.56  0.6924862544101117   
  1490.06  0.6921841799620174   
  1490.56  0.6918823385674087   
  1491.06  0.6915807299683938   
  1491.56  0.6912793539074527   
  1492.06  0.6909783070143887   
  1492.56  0.6906773951838813   
  1493.06  0.6903767151211934   
  1493.56  0.6900762665702848   
  1494.06  0.6897760492754842   
  1494.56  0.6894760629814881   
  1495.06  0.6891763074333597   
  1495.56  0.6888767823765289   
  1496.06  0.6885774875567917   
  1496.56  0.6882784227203088   
  1497.06  0.6879796837579134   
  1497.56  0.6876810780540625   
  1498.06  0.6873827015742151   
  1498.56  0.687084554065986    
  1499.06  0.6867866352773526   
  1499.56  0.6864889449566532   
  1500.06  0.6861914828525871   
  1500.56  0.6858942487142133   
  1501.06  0.6855972422909506   
  1501.56  0.6853005588154687   
  1502.06  0.6850040069990287   
  1502.56  0.6847076821481863   
  1503.06  0.6844115840137912   
  1503.56  0.6841157123470496   
  1504.06  0.6838200668995232   
  1504.56  0.683524647423129    
  1505.06  0.683229453670138    
  1505.56  0.6829344853931751   
  1506.06  0.6826398371732045   
  1506.56  0.6823453190352131   
  1507.06  0.6820510256333202   
  1507.56  0.6817569567215597   
  1508.06  0.6814631120543158   
  1508.56  0.6811694913863228   
  1509.06  0.6808760944726646   
  1509.56  0.6805829210687737   
  1510.06  0.6802899709304312   
  1510.56  0.6799973379932706   
  1511.06  0.6797048335830939   
  1511.56  0.6794125517079691   
  1512.06  0.679120492125064    
  1512.56  0.678828654591891    
  1513.06  0.6785370388663071   
  1513.56  0.6782456447065138   
  1514.06  0.6779544718710554   
  1514.56  0.6776635201188191   
  1515.06  0.6773727892090343   
  1515.56  0.6770823723676775   
  1516.06  0.676792082350964    
  1516.56  0.676502012456514    
  1517.06  0.6762121624449198   
  1517.56  0.6759225320771124   
  1518.06  0.6756331211143615   
  1518.56  0.6753439293182747   
  1519.06  0.6750549564507972   
  1519.56  0.6747662022742108   
  1520.06  0.674477759382357    
  1520.56  0.6741894418055472   
  1521.06  0.6739013422085656   
  1521.56  0.6736134603550351   
  1522.06  0.6733257960089128   
  1522.56  0.6730383489344894   
  1523.06  0.6727511188963876   
  1523.56  0.6724641056595632   
  1524.06  0.6721773089893025   
  1524.56  0.6718908208534397   
  1525.06  0.6716044565439765   
  1525.56  0.6713183080989967   
  1526.06  0.6710323752851076   
  1526.56  0.670746657869245    
  1527.06  0.6704611556186735   
  1527.56  0.6701758683009842   
  1528.06  0.6698907956840963   
  1528.56  0.6696059375362544   
  1529.06  0.6693213852053357   
  1529.56  0.6690369552327831   
  1530.06  0.6687527390360393   
  1530.56  0.6684687363846494   
  1531.06  0.6681849470484821   
  1531.56  0.6679013707977292   
  1532.06  0.6676180074029048   
  1532.56  0.6673348566348453   
  1533.06  0.6670519182647081   
  1533.56  0.6667691920639717   
  1534.06  0.6664867686986731   
  1534.56  0.6662044660843498   
  1535.06  0.6659223749558549   
  1535.56  0.6656404950859449   
  1536.06  0.6653588262476933   
  1536.56  0.6650773682144923   
  1537.06  0.6647961207600501   
  1537.56  0.6645150836583921   
  1538.06  0.6642342566838589   
  1538.56  0.6639537298950562   
  1539.06  0.6636733224316073   
  1539.56  0.6633931244202681   
  1540.06  0.6631131356366377   
  1540.56  0.662833355856628    
  1541.06  0.6625537848564635   
  1541.56  0.6622744224126814   
  1542.06  0.66199526830213     
  1542.56  0.6617163223019683   
  1543.06  0.6614376738691886   
  1543.56  0.6611591433557241   
  1544.06  0.6608808202860597   
  1544.56  0.6606027044385935   
  1545.06  0.6603247955920318   
  1545.56  0.660047093525389    
  1546.06  0.6597695980179866   
  1546.56  0.6594923088494528   
  1547.06  0.6592152257997221   
  1547.56  0.6589384377299191   
  1548.06  0.6586617661926574   
  1548.56  0.6583853001159052   
  1549.06  0.658109039280817    
  1549.56  0.6578329834688504   
  1550.06  0.6575571324617667   
  1550.57  0.657276076297897    
  1551.07  0.6570006382572957   
  1551.57  0.6567254043644096   
  1552.07  0.6564503744022134   
  1552.57  0.6561755481539815   
  1553.07  0.6559009254032888   
  1553.57  0.6556265059340095   
  1554.07  0.6553522895303172   
  1554.57  0.6550783641363979   
  1555.07  0.654804553152408    
  1555.57  0.654530944588383    
  1556.07  0.6542575382296869   
  1556.57  0.6539843338619798   
  1557.07  0.6537113312712188   
  1557.57  0.6534385302436557   
  1558.07  0.6531659305658374   
  1558.57  0.652893532024605    
  1559.07  0.6526214219826522   
  1559.57  0.6523494250117261   
  1560.07  0.6520776285397403   
  1560.57  0.6518060323547086   
  1561.07  0.6515346362449373   
  1561.57  0.6512634399990238   
  1562.07  0.6509924434058566   
  1562.57  0.6507216462546145   
  1563.07  0.6504510483347664   
  1563.57  0.6501807364330101   
  1564.07  0.6499105362815601   
  1564.57  0.6496405347317132   
  1565.07  0.6493707315740935   
  1565.57  0.6491011265996122   
  1566.07  0.6488317195994676   
  1566.57  0.6485625103651449   
  1567.07  0.6482934986884149   
  1567.57  0.6480246843613345   
  1568.07  0.6477561536000351   
  1568.57  0.6474877332862128   
  1569.07  0.6472195096999851   
  1569.57  0.6469514826345464   
  1570.07  0.6466836518833736   
  1570.57  0.646416017240227    
  1571.07  0.6461485784991489   
  1571.57  0.6458813354544631   
  1572.07  0.6456142879007751   
  1572.57  0.6453474356329707   
  1573.07  0.6450808642395046   
  1573.57  0.6448144018665579   
  1574.07  0.6445481341658992   
  1574.57  0.6442820609335328   
  1575.07  0.6440161819657417   
  1575.57  0.6437504970590872   
  1576.07  0.6434850060104071   
  1576.57  0.6432197086168174   
  1577.07  0.6429546046757103   
  1577.57  0.6426897792162196   
  1578.07  0.6424250615112568   
  1578.57  0.6421605366526726   
  1579.07  0.6418962044389606   
  1579.57  0.6416320646688889   
  1580.07  0.6413681171414993   
  1580.57  0.641104361656107    
  1581.07  0.6408407980123      
  1581.57  0.6405774260099388   
  1582.07  0.6403143301240636   
  1582.57  0.6400513407437434   
  1583.07  0.6397885424061446   
  1583.57  0.639525934912213    
  1584.07  0.6392635180631644   
  1584.57  0.6390012916604842   
  1585.07  0.6387392555059275   
  1585.57  0.6384774094015174   
  1586.07  0.6382157531495461   
  1586.57  0.637954370676122    
  1587.07  0.6376930934760291   
  1587.57  0.6374320055369199   
  1588.07  0.6371711066621552   
  1588.57  0.6369103966553619   
  1589.07  0.6366498753204325   
  1589.57  0.6363895424615251   
  1590.07  0.6361293978830624   
  1590.57  0.6358694413897314   
  1591.07  0.6356096727864833   
  1591.57  0.6353501753954794   
  1592.07  0.6350907819279865   
  1592.57  0.6348315757670708   
  1593.07  0.6345725567187348   
  1593.57  0.6343137245892422   
  1594.07  0.634055079185118    
  1594.57  0.6337966203131489   
  1595.07  0.633538347780381    
  1595.57  0.6332802613941209   
  1596.07  0.6330224439382943   
  1596.57  0.63276472920825     
  1597.07  0.6325072000482506   
  1597.57  0.6322498562666381   
  1598.07  0.6319926976720125   
  1598.57  0.6317357240732311   
  1599.07  0.6314789352794086   
  1599.57  0.6312223310999155   
  1600.07  0.6309659113443794   
  1600.57  0.630709758263461    
  1601.07  0.6304537067265374   
  1601.57  0.6301978390440455   
  1602.07  0.6299421550266328   
  1602.57  0.6296866544852002   
  1603.07  0.6294313372309032   
  1603.57  0.6291762030751499   
  1604.07  0.6289212518296011   
  1604.57  0.6286664833061704   
  1605.07  0.6284119792271657   
  1605.57  0.6281575755260592   
  1606.07  0.627903353984381    
  1606.57  0.6276493144150495   
  1607.07  0.6273954566312334   
  1607.57  0.6271417804463515   
  1608.07  0.6268882856740717   
  1608.57  0.6266349721283114   
  1609.07  0.6263818396232366   
  1609.57  0.6261288879732608   
  1610.07  0.6258761983193212   
  1610.57  0.625623607765717    
  1611.07  0.625371197511999    
  1611.57  0.62511896737357     
  1612.07  0.6248669171660788   
  1612.57  0.6246150467054203   
  1613.07  0.6243633558077345   
  1613.57  0.6241118442894068   
  1614.07  0.6238605119670666   
  1614.57  0.6236094394634756   
  1615.07  0.6233584649264485   
  1615.57  0.6231076690368204   
  1616.07  0.6228570516121952   
  1616.57  0.6226066124704194   
  1617.07  0.6223563514295819   
  1617.57  0.6221062683080129   
  1618.07  0.6218563629242844   
  1618.57  0.6216066350972094   
  1619.07  0.6213571649361058   
  1619.57  0.6211077916227363   
  1620.07  0.6208585953239589   
  1620.57  0.6206095758595465   
  1621.07  0.6203607330495108   
  1621.57  0.6201120667141022   
  1622.07  0.6198635766738099   
  1622.57  0.6196152627493602   
  1623.07  0.6193671247617171   
  1623.57  0.6191192423114313   
  1624.07  0.6188714556047596   
  1624.57  0.6186238442992654   
  1625.07  0.6183764082168585   
  1625.57  0.6181291471796845   
  1626.07  0.6178820610101241   
  1626.57  0.6176351495307928   
  1627.07  0.6173884125645407   
  1627.57  0.6171418499344513   
  1628.07  0.6168954614638424   
  1628.57  0.616649326193382    
  1629.07  0.6164032854567073   
  1629.57  0.6161574183509201   
  1630.07  0.6159117247002689   
  1630.57  0.6156662043292334   
  1631.07  0.6154208570625248   
  1631.57  0.6151756827250856   
  1632.08  0.614925793906939    
  1632.58  0.6146809683458326   
  1633.08  0.6144363151867273   
  1633.58  0.61419183425549     
  1634.08  0.6139476039823161   
  1634.58  0.61370346693004     
  1635.08  0.6134595015846618   
  1635.58  0.6132157077729632   
  1636.08  0.6129720853219526   
  1636.58  0.6127286340588662   
  1637.08  0.612485353811167    
  1637.58  0.6122422444065443   
  1638.08  0.6119993056729139   
  1638.58  0.6117566155469044   
  1639.08  0.6115140175851151   
  1639.58  0.6112715897794733   
  1640.08  0.6110293319587957   
  1640.58  0.6107872439521229   
  1641.08  0.6105453255887199   
  1641.58  0.6103035766980751   
  1642.08  0.6100619971099002   
  1642.58  0.6098205866541299   
  1643.08  0.6095794227782676   
  1643.58  0.6093383500237004   
  1644.08  0.6090974458927296   
  1644.58  0.6088567102161779   
  1645.08  0.6086161428250888   
  1645.58  0.6083757435507268   
  1646.08  0.6081355122245763   
  1646.58  0.6078954486783422   
  1647.08  0.6076555527439491   
  1647.58  0.6074159013841655   
  1648.08  0.6071763401162928   
  1648.58  0.6069369459574029   
  1649.08  0.6066977187402951   
  1649.58  0.606458658297987    
  1650.08  0.6062197644637136   
  1650.58  0.6059810370709272   
  1651.08  0.605742475953297    
  1651.58  0.6055040809447088   
  1652.08  0.6052658518792641   
  1652.58  0.6050278651862218   
  1653.08  0.6047899674569568   
  1653.58  0.604552235174488    
  1654.08  0.604314668173778    
  1654.58  0.6040772662900048   
  1655.08  0.6038400293585596   
  1655.58  0.603602957215048    
  1656.08  0.6033660496952886   
  1656.58  0.6031293066353134   
  1657.08  0.6028928039887459   
  1657.58  0.6026563893044847   
  1658.08  0.6024201385894309   
  1658.58  0.6021840516804651   
  1659.08  0.6019481284146794   
  1659.58  0.601712368629377    
  1660.08  0.6014767721620718   
  1660.58  0.601241338850488    
  1661.08  0.6010060685325598   
  1661.58  0.6007710366905092   
  1662.08  0.6005360918222036   
  1662.58  0.6003013094626651   
  1663.08  0.600066689450665    
  1663.58  0.5998322316251824   
  1664.08  0.5995979358254049   
  1664.58  0.5993638018907276   
  1665.08  0.5991298296607529   
  1665.58  0.5988960189752904   
  1666.08  0.5986624448493444   
  1666.58  0.5984289567212964   
  1667.08  0.5981956296584794   
  1667.58  0.5979624635015279   
  1668.08  0.5977294580912818   
  1668.58  0.5974966132687858   
  1669.08  0.5972639288752895   
  1669.58  0.5970314047522468   
  1670.08  0.5967990407413162   
  1670.58  0.5965668366843594   
  1671.08  0.5963348670820968   
  1671.58  0.5961029824081321   
  1672.08  0.5958712572149971   
  1672.58  0.5956396913453655   
  1673.08  0.5954082846421134   
  1673.58  0.5951770369483184   
  1674.08  0.5949459481072599   
  1674.58  0.5947150179624183   
  1675.08  0.5944842463574752   
  1675.58  0.5942537073346088   
  1676.08  0.5940232522904075   
  1676.58  0.5937929553184011   
  1677.08  0.5935628162630714   
  1677.58  0.5933328349690994   
  1678.08  0.5931030112813651   
  1678.58  0.5928733450449475   
  1679.08  0.5926438361051235   
  1679.58  0.5924144843073683   
  1680.08  0.5921853632393544   
  1680.58  0.5919563252125002   
  1681.08  0.591727443865375    
  1681.58  0.5914987190442431   
  1682.08  0.5912701505955653   
  1682.58  0.5910417383659983   
  1683.08  0.5908134822023948   
  1683.58  0.5905853819518035   
  1684.08  0.5903574374614677   
  1684.58  0.5901297218685444   
  1685.08  0.5899020883912208   
  1685.58  0.5896746102171013   
  1686.08  0.5894472871942072   
  1686.58  0.589220119170754    
  1687.08  0.5889931059951502   
  1687.58  0.5887662475159979   
  1688.08  0.5885395435820916   
  1688.58  0.5883129940424187   
  1689.08  0.5880865987461581   
  1689.58  0.587860430334517    
  1690.08  0.5876343430238649   
  1690.58  0.5874084095053622   
  1691.08  0.5871826296289544   
  1691.58  0.5869570032447772   
  1692.08  0.586731530203157    
  1692.58  0.5865062103546105   
  1693.08  0.5862810435498438   
  1693.58  0.5860560296397528   
  1694.08  0.5858312408233033   
  1694.58  0.5856065322069178   
  1695.08  0.5853819760390774   
  1695.58  0.585157572171433    
  1696.08  0.5849333204558239   
  1696.58  0.5847092207442764   
  1697.08  0.5844852728890048   
  1697.58  0.5842614767424106   
  1698.08  0.584037832157082    
  1698.58  0.5838144108935948   
  1699.08  0.5835910689406457   
  1699.58  0.5833678781078925   
  1700.08  0.583144838248668    
  1700.58  0.5829219492164902   
  1701.08  0.5826992108650627   
  1701.58  0.5824766230482735   
  1702.08  0.5822541856201955   
  1702.58  0.5820318984350856   
  1703.08  0.5818098328189368   
  1703.58  0.5815878456350306   
  1704.08  0.5813660082580132   
  1704.58  0.5811443205428756   
  1705.08  0.580922782344792    
  1705.58  0.580701393519119    
  1706.08  0.5804801539213953   
  1706.58  0.580259063407342    
  1707.08  0.5800381218328615   
  1707.58  0.579817329054038    
  1708.08  0.5795967559184056   
  1708.58  0.5793762602520974   
  1709.08  0.5791559129508301   
  1709.58  0.5789357138714105   
  1710.08  0.5787156628708257   
  1710.58  0.5784957598062419   
  1711.08  0.5782760045350057   
  1711.58  0.5780563969146422   
  1712.08  0.5778369368028556   
  1712.58  0.5776176946204942   
  1713.08  0.5773985290523266   
  1713.58  0.5771795105669649   
  1714.09  0.5769562729485838   
  1714.59  0.5767375511322066   
  1715.09  0.5765189759716026   
  1715.59  0.5763005473257242   
  1716.09  0.5760822650537003   
  1716.59  0.5758641290148366   
  1717.09  0.5756461390686147   
  1717.59  0.5754282950746925   
  1718.09  0.5752106669364643   
  1718.59  0.5749931143799532   
  1719.09  0.5747757073558118   
  1719.59  0.5745584457243987   
  1720.09  0.5743413293462469   
  1720.59  0.5741243580820634   
  1721.09  0.5739075317927296   
  1721.59  0.5736908503393002   
  1722.09  0.5734743135830039   
  1722.59  0.5732579910086693   
  1723.09  0.5730417431845568   
  1723.59  0.5728256396423452   
  1724.09  0.5726096802439541   
  1724.59  0.572393864851475    
  1725.09  0.572178193327172    
  1725.59  0.5719626655334797   
  1726.09  0.571747281333005    
  1726.59  0.5715320405885255   
  1727.09  0.5713170123698884   
  1727.59  0.5711020580803535   
  1728.09  0.5708872468362144   
  1728.59  0.5706725785009307   
  1729.09  0.5704580529381311   
  1729.59  0.5702436700116147   
  1730.09  0.5700294295853489   
  1730.59  0.5698153315234707   
  1731.09  0.5696013756902857   
  1731.59  0.5693875619502681   
  1732.09  0.5691739589163288   
  1732.59  0.5689604289111161   
  1733.09  0.5687470405935448   
  1733.59  0.56853379382876     
  1734.09  0.5683206884820744   
  1734.59  0.5681077244189674   
  1735.09  0.5678949015050855   
  1735.59  0.567682219606241    
  1736.09  0.5674696785884128   
  1736.59  0.5672573466569683   
  1737.09  0.567045086954537    
  1737.59  0.5668329677320962   
  1738.09  0.5666209888562865   
  1738.59  0.5664091501939139   
  1739.09  0.5661974516119487   
  1739.59  0.5659858929775261   
  1740.09  0.5657744741579451   
  1740.59  0.5655631950206685   
  1741.09  0.5653521233669824   
  1741.59  0.5651411231525075   
  1742.09  0.5649302622237496   
  1742.59  0.564719540448825    
  1743.09  0.5645089576960123   
  1743.59  0.5642985138337527   
  1744.09  0.5640882087306495   
  1744.59  0.5638780422554681   
  1745.09  0.5636680142771356   
  1745.59  0.5634581921962806   
  1746.09  0.5632484407746017   
  1746.59  0.5630388274575622   
  1747.09  0.5628293521147333   
  1747.59  0.5626200146158468   
  1748.09  0.5624108148307946   
  1748.59  0.5622017526296285   
  1749.09  0.56199282788256     
  1749.59  0.5617840404599604   
  1750.09  0.5615753902323601   
  1750.59  0.5613669441591814   
  1751.09  0.5611585678897534   
  1751.59  0.5609503284279103   
  1752.09  0.5607422256448168   
  1752.59  0.5605342594117958   
  1753.09  0.5603264296003284   
  1753.59  0.5601187360820525   
  1754.09  0.5599111787287641   
  1754.59  0.5597037574124155   
  1755.09  0.5594965386988784   
  1755.59  0.5592893890292142   
  1756.09  0.5590823750133297   
  1756.59  0.5588754965238034   
  1757.09  0.5586687534333699   
  1757.59  0.5584621456149196   
  1758.09  0.5582556729414981   
  1758.59  0.5580493352863064   
  1759.09  0.5578431325227006   
  1759.59  0.5576371308263088   
  1760.09  0.5574311974232472   
  1760.59  0.5572253985328073   
  1761.09  0.5570197340289625   
  1761.59  0.5568142037858399   
  1762.09  0.5566088076777207   
  1762.59  0.5564035455790387   
  1763.09  0.5561984173643815   
  1763.59  0.555993422908489    
  1764.09  0.5557886280000196   
  1764.59  0.5555839006435378   
  1765.09  0.5553793066709966   
  1765.59  0.5551748459577456   
  1766.09  0.5549705183792857   
  1766.59  0.5547663238112698   
  1767.09  0.5545622621295018   
  1767.59  0.5543583332099368   
  1768.09  0.5541545369286804   
  1768.59  0.5539508731619897   
  1769.09  0.5537474072723484   
  1769.59  0.553544008121608    
  1770.09  0.5533407411151432   
  1770.59  0.5531376061298111   
  1771.09  0.5529346030426175   
  1771.59  0.5527317317307181   
  1772.09  0.5525289920714169   
  1772.59  0.5523263839421674   
  1773.09  0.5521239072205715   
  1773.59  0.5519216268889352   
  1774.09  0.5517194125738492   
  1774.59  0.5515173293001508   
  1775.09  0.551315376946034    
  1775.59  0.5511135553898403   
  1776.09  0.5509118645100582   
  1776.59  0.5507103041853236   
  1777.09  0.5505088742944192   
  1777.59  0.550307574716274    
  1778.09  0.5501064700561793   
  1778.59  0.5499054306990813   
  1779.09  0.5497045212924466   
  1779.59  0.5495037417157885   
  1780.09  0.549303091848766    
  1780.59  0.5491025715711834   
  1781.09  0.5489021807629899   
  1781.59  0.5487019193042801   
  1782.09  0.5485017870752925   
  1782.59  0.5483018483074322   
  1783.09  0.5481019741376866   
  1783.59  0.5479022288392841   
  1784.09  0.5477026122930401   
  1784.59  0.5475031243799134   
  1785.09  0.5473037649810065   
  1785.59  0.5471045339775648   
  1786.09  0.5469054312509766   
  1786.59  0.5467064566827731   
  1787.09  0.5465076101546279   
  1787.59  0.5463089554861444   
  1788.09  0.5461103646425909   
  1788.59  0.5459119014850076   
  1789.09  0.5457135658956361   
  1789.59  0.5455153577568598   
  1790.09  0.5453172769512026   
  1790.59  0.5451193233613304   
  1791.09  0.544921496870049    
  1791.59  0.5447237973603056   
  1792.09  0.5445262882843127   
  1792.59  0.5443288423462717   
  1793.09  0.5441315230394885   
  1793.59  0.5439343302474704   
  1794.09  0.5437372638538644   
  1794.59  0.5435403237424568   
  1795.09  0.5433435097971728   
  1795.6   0.543142898288807    
  1796.1   0.5429463388399389   
  1796.6   0.5427499052074977   
  1797.1   0.5425535972759664   
  1797.6   0.5423574780518238   
  1798.1   0.5421614211357488   
  1798.6   0.541965489574898    
  1799.1   0.5417696832543054   
  1799.6   0.5415740020591427   
  1800.1   0.541378445874719    
  1800.6   0.5411830145864798   
  1801.1   0.5409877080800078   
  1801.6   0.5407925262410221   
  1802.1   0.5405975317152968   
  1802.6   0.5404025988289529   
  1803.1   0.5402077902681065   
  1803.6   0.5400131059190209   
  1804.1   0.5398185456680944   
  1804.6   0.5396241094018612   
  1805.1   0.5394297970069909   
  1805.6   0.5392356083702874   
  1806.1   0.5390415433786895   
  1806.6   0.5388476643202208   
  1807.1   0.5386538462404844   
  1807.6   0.5384601514675135   
  1808.1   0.5382665798887836   
  1808.6   0.5380731313919047   
  1809.1   0.53787980586462     
  1809.6   0.5376866031948059   
  1810.1   0.5374935232704725   
  1810.6   0.5373005659797623   
  1811.1   0.537107731210951    
  1811.6   0.5369150808579859   
  1812.1   0.5367224907589847   
  1812.6   0.5365300228475397   
  1813.1   0.5363376770124555   
  1813.6   0.5361454531426689   
  1814.1   0.5359533511272477   
  1814.6   0.5357613708553918   
  1815.1   0.5355695122164319   
  1815.6   0.53537777509983     
  1816.1   0.5351862210479161   
  1816.6   0.5349947266059154   
  1817.1   0.5348033533554782   
  1817.6   0.5346121011865885   
  1818.1   0.534420969989361    
  1818.6   0.5342299596540394   
  1819.1   0.5340390700709978   
  1819.6   0.5338483011307396   
  1820.1   0.5336576527238975   
  1820.6   0.5334671860440421   
  1821.1   0.5332767783377407   
  1821.6   0.533086490837563    
  1822.1   0.5328963234346571   
  1822.6   0.5327062760202997   
  1823.1   0.5325163484858958   
  1823.6   0.5323265407229778   
  1824.1   0.5321368526232068   
  1824.6   0.5319472840783711   
  1825.1   0.5317578959361089   
  1825.6   0.5315685661386262   
  1826.1   0.5313793555722425   
  1826.6   0.5311902641292553   
  1827.1   0.5310012917020881   
  1827.6   0.5308124381832914   
  1828.1   0.530623703465542    
  1828.6   0.5304350874416429   
  1829.1   0.5302465900045229   
  1829.6   0.530058211047237    
  1830.1   0.5298700110363329   
  1830.6   0.5296818686803345   
  1831.1   0.5294938444841217   
  1831.6   0.529305938341251    
  1832.1   0.5291181501454032   
  1832.6   0.5289304797903844   
  1833.1   0.5287429271701249   
  1833.6   0.5285554921786795   
  1834.1   0.5283681747102271   
  1834.6   0.5281810348912552   
  1835.1   0.5279939521140815   
  1835.6   0.527806986543215    
  1836.1   0.5276201380733297   
  1836.6   0.5274334065992228   
  1837.1   0.5272467920158145   
  1837.6   0.5270602942181482   
  1838.1   0.5268739131013898   
  1838.6   0.5266876485608281   
  1839.1   0.5265015603856257   
  1839.6   0.5263155286463761   
  1840.1   0.5261296131699562   
  1840.6   0.5259438138521435   
  1841.1   0.5257581305888365   
  1841.6   0.5255725632760557   
  1842.1   0.5253871118099431   
  1842.6   0.5252017760867614   
  1843.1   0.5250165560028947   
  1843.6   0.5248315110128888   
  1844.1   0.5246465218601514   
  1844.6   0.5244616480366383   
  1845.1   0.5242768894392159   
  1845.6   0.5240922459648706   
  1846.1   0.5239077175107087   
  1846.6   0.5237233039739563   
  1847.1   0.5235390052519592   
  1847.6   0.5233548212421826   
  1848.1   0.523170751842211    
  1848.6   0.5229868561379332   
  1849.1   0.5228030156139962   
  1849.6   0.5226192893933644   
  1850.1   0.5224356773740981   
  1850.6   0.5222521794543754   
  1851.1   0.5220687955324929   
  1851.6   0.5218855255068652   
  1852.1   0.5217023692760251   
  1852.6   0.521519326738623    
  1853.1   0.5213364566515539   
  1853.6   0.5211536411609374   
  1854.1   0.5209709390604474   
  1854.6   0.5207883502492033   
  1855.1   0.5206058746264419   
  1855.6   0.5204235120915164   
  1856.1   0.5202412625438967   
  1856.6   0.5200591258831692   
  1857.1   0.5198771020090366   
  1857.6   0.5196952493520208   
  1858.1   0.5195134507144293   
  1858.6   0.5193317645632685   
  1859.1   0.519150190798704    
  1859.6   0.5189687293210171   
  1860.1   0.5187873800306047   
  1860.6   0.5186061428279782   
  1861.1   0.5184250176137644   
  1861.6   0.5182440042887044   
  1862.1   0.5180631609595415   
  1862.6   0.5178823710795396   
  1863.1   0.5177016927916347   
  1863.6   0.5175211259970253   
  1864.1   0.5173406705970244   
  1864.6   0.5171603264930583   
  1865.1   0.5169800935866673   
  1865.6   0.516799971779505    
  1866.1   0.5166199609733383   
  1866.6   0.5164400610700473   
  1867.1   0.5162603298196282   
  1867.6   0.5160806513925649   
  1868.1   0.515901083574726    
  1868.6   0.5157216262684429   
  1869.1   0.5155422793761587   
  1869.6   0.5153630428004292   
  1870.1   0.5151839164439218   
  1870.6   0.515004900209416    
  1871.1   0.5148259939998031   
  1871.6   0.5146472552466881   
  1872.1   0.5144685687606463   
  1872.6   0.5142899920088706   
  1873.1   0.5141115248946974   
  1873.6   0.513933167321574    
  1874.1   0.5137549191930586   
  1874.6   0.5135767804128197   
  1875.1   0.5133987508846366   
  1875.6   0.5132208305123988   
  1876.1   0.5130430764118313   
  1876.6   0.5128653740285375   
  1877.11  0.5126842377527813   
  1877.61  0.5125067551800042   
  1878.11  0.5123293812823936   
  1878.61  0.5121521159644995   
  1879.11  0.5119749591309811   
  1879.61  0.5117979106866071   
  1880.11  0.5116209705362544   
  1880.61  0.5114441385849093   
  1881.11  0.5112674147376663   
  1881.61  0.5110908557268551   
  1882.11  0.5109143477688164   
  1882.61  0.5107379476308441   
  1883.11  0.5105616552184659   
  1883.61  0.5103854704373166   
  1884.11  0.5102093931931396   
  1884.61  0.5100334233917854   
  1885.11  0.5098575609392114   
  1885.61  0.5096818057414831   
  1886.11  0.509506214220545    
  1886.61  0.5093306732166865   
  1887.11  0.5091552391865406   
  1887.61  0.5089799120366001   
  1888.11  0.5088046916734639   
  1888.61  0.5086295780038372   
  1889.11  0.5084545709345314   
  1889.61  0.5082796703724641   
  1890.11  0.5081048762246586   
  1890.61  0.507930188398244    
  1891.11  0.5077556629731396   
  1891.61  0.5075811874771708   
  1892.11  0.5074068180246428   
  1892.61  0.5072325545231062   
  1893.11  0.5070583968802165   
  1893.61  0.5068843450037339   
  1894.11  0.5067103988015237   
  1894.61  0.5065365581815552   
  1895.11  0.5063628230519026   
  1895.61  0.5061892491872003   
  1896.11  0.5060157247289397   
  1896.61  0.5058423054858715   
  1897.11  0.5056689913664858   
  1897.61  0.5054957822793763   
  1898.11  0.5053226781332407   
  1898.61  0.5051496788368794   
  1899.11  0.5049767842991966   
  1899.61  0.5048039944291994   
  1900.11  0.5046313646986151   
  1900.61  0.5044587838578075   
  1901.11  0.504286307412353    
  1901.61  0.5041139352716699   
  1902.11  0.5039416673452786   
  1902.61  0.5037695035428017   
  1903.11  0.503597443773964    
  1903.61  0.5034254879485922   
  1904.11  0.503253635976615    
  1904.61  0.5030819430292062   
  1905.11  0.5029102984608569   
  1905.61  0.5027387574763262   
  1906.11  0.5025673199859485   
  1906.61  0.5023959859001593   
  1907.11  0.5022247551294948   
  1907.61  0.5020536275845927   
  1908.11  0.5018826031761907   
  1908.61  0.5017116818151275   
  1909.11  0.501540863412342    
  1909.61  0.5013702028077903   
  1910.11  0.501199590021712    
  1910.61  0.5010290799273578   
  1911.11  0.500858672436067    
  1911.61  0.5006883674592782   
  1912.11  0.5005181649085304   
  1912.61  0.500348064695461    
  1913.11  0.5001780667318075   
  1913.61  0.5000081709294062   
  1914.11  0.49983843183255106  
  1914.61  0.49966874005574907  
  1915.11  0.49949915017633023  
  1915.61  0.4993296621065263   
  1916.11  0.4991602757586673   
  1916.61  0.49899099104518174  
  1917.11  0.49882180787859626  
  1917.61  0.4986527261715356   
  1918.11  0.4984837458367225   
  1918.61  0.4983149211250697   
  1919.11  0.49814614324075385  
  1919.61  0.4979774664674678   
  1920.11  0.49780889071832474  
  1920.61  0.4976404159065349   
  1921.11  0.4974720419454057   
  1921.61  0.4973037687483416   
  1922.11  0.4971355962288439   
  1922.61  0.4969675243005107   
  1923.11  0.4967996069231312   
  1923.61  0.49663173588600096  
  1924.11  0.49646396518143604  
  1924.61  0.49629629472342     
  1925.11  0.4961287244260325   
  1925.61  0.49596125420344916  
  1926.11  0.49579388396994134  
  1926.61  0.49562661363987603  
  1927.11  0.49545944312771595  
  1927.61  0.4952923723480189   
  1928.11  0.49512545493972343  
  1928.61  0.494958583336977    
  1929.11  0.4947918112109663   
  1929.61  0.49462513847662953  
  1930.11  0.4944585650489997   
  1930.61  0.4942920908432045   
  1931.11  0.49412571577446607  
  1931.61  0.49395943975810097  
  1932.11  0.49379326270951984  
  1932.61  0.49362723798123026  
  1933.11  0.4934612585830404   
  1933.61  0.493295377899458    
  1934.11  0.4931295958462694   
  1934.61  0.4929639123393546   
  1935.11  0.4927983272946869   
  1935.61  0.4926328406283331   
  1936.11  0.4924674522564532   
  1936.61  0.4923021620953001   
  1937.11  0.4921370232131394   
  1937.61  0.4919719291910285   
  1938.11  0.49180693312898754  
  1938.61  0.49164203494364056  
  1939.11  0.49147723455170406  
  1939.61  0.4913125318699868   
  1940.11  0.49114792681538977  
  1940.61  0.490983419304906    
  1941.11  0.4908190092556205   
  1941.61  0.49065474945372356  
  1942.11  0.490490534047155    
  1942.61  0.4903264158536166   
  1943.11  0.49016239479055984  
  1943.61  0.48999847077552744  
  1944.11  0.4898346437261535   
  1944.61  0.4896709135601629   
  1945.11  0.48950728019537165  
  1945.61  0.4893437435496866   
  1946.11  0.48918030354110525  
  1946.61  0.48901701264491493  
  1947.11  0.48885376563385824  
  1947.61  0.4886906150144668   
  1948.11  0.48852756070509973  
  1948.61  0.48836460262420595  
  1949.11  0.4882017406903246   
  1949.61  0.4880389748220845   
  1950.11  0.4878763049382042   
  1950.61  0.48771373095749193  
  1951.11  0.4875513050776641   
  1951.61  0.48738892262926836  
  1952.11  0.48722663584102754  
  1952.61  0.48706444463210674  
  1953.11  0.4869023489217604   
  1953.61  0.48674034862933147  
  1954.11  0.4865784436742519   
  1954.61  0.48641663397604223  
  1955.11  0.4862549194543113   
  1955.61  0.48609335203130555  
  1956.11  0.48593182759114434  
  1956.61  0.48577039808684447  
  1957.11  0.48560906343836774  
  1957.61  0.4854478235657639   
  1958.11  0.4852866783891703   
  1958.62  0.4851224150367921   
  1959.12  0.48496146089864284  
  1959.62  0.48480060121585417  
  1960.12  0.48463983590891535  
  1960.62  0.4844791648984026   
  1961.12  0.4843186397720945   
  1961.62  0.48415815708622545  
  1962.12  0.48399776845905895  
  1962.62  0.4838374738115189   
  1963.12  0.483677273064616    
  1963.62  0.48351716613944706  
  1964.12  0.48335715295719545  
  1964.62  0.48319723343913085  
  1965.12  0.48303740750660895  
  1965.62  0.4828777264765377   
  1966.12  0.4827180874494549   
  1966.62  0.48255854177252283  
  1967.12  0.4823990893674408   
  1967.62  0.4822397301559935   
  1968.12  0.4820804640600509   
  1968.62  0.48192129100156844  
  1969.12  0.481762210902587    
  1969.62  0.48160322368523206  
  1970.12  0.48144432927171454  
  1970.62  0.48128557868036     
  1971.12  0.48112686961168194  
  1971.62  0.4809682531140073   
  1972.12  0.4808097291098854   
  1972.62  0.4806512975219502   
  1973.12  0.4804929582729199   
  1973.62  0.480334711285597    
  1974.12  0.480176556482868    
  1974.62  0.4800184937877033   
  1975.12  0.479860573951831    
  1975.62  0.4797026952114582   
  1976.12  0.4795449083480883   
  1976.62  0.47938721328502665  
  1977.12  0.4792296099456616   
  1977.62  0.47907209825346514  
  1978.12  0.4789146781319922   
  1978.62  0.47875734950488086  
  1979.12  0.47860011229585214  
  1979.62  0.4784430169920303   
  1980.12  0.47828596236129933  
  1980.62  0.4781289989203351   
  1981.12  0.47797212659318955  
  1981.62  0.47781534530399655  
  1982.12  0.47765865497697274  
  1982.62  0.4775020555364165   
  1983.12  0.4773455469067087   
  1983.62  0.47718912901231186  
  1984.12  0.47703285207772034  
  1984.62  0.4768766153985178   
  1985.12  0.4767204692285289   
  1985.62  0.47656441349254314  
  1986.12  0.47640844811543137  
  1986.62  0.47625257302214546  
  1987.12  0.4760967881377188   
  1987.62  0.47594109338726576  
  1988.12  0.47578548869598164  
  1988.62  0.4756299739891427   
  1989.12  0.47547459920172336  
  1989.62  0.4753192642110246   
  1990.12  0.4751640189811078   
  1990.62  0.47500886343757165  
  1991.12  0.4748537975060951   
  1991.62  0.4746988211124373   
  1992.12  0.47454393418243757  
  1992.62  0.47438913664201526  
  1993.12  0.4742344284171697   
  1993.62  0.47407985918435036  
  1994.12  0.47392532934028775  
  1994.62  0.47377088859030175  
  1995.12  0.4736165368607101   
  1995.62  0.47346227407791003  
  1996.12  0.4733081001683779   
  1996.62  0.4731540150586695   
  1997.12  0.47300001867541935  
  1997.62  0.4728461109453413   
  1998.12  0.47269234128827525  
  1998.62  0.47253861061652297  
  1999.12  0.47238496837857996  
  1999.62  0.4722314145014746   
  2000.12  0.4720779489123138   
  2000.62  0.4719245715382827   
  2001.12  0.47177128230664483  
  2001.62  0.47161808114474174  
  2002.12  0.4714649679799931   
  2002.62  0.47131199197752616  
  2003.12  0.4711590545613927   
  2003.62  0.4710062049251627   
  2004.12  0.470853442996567    
  2004.62  0.4707007687034136   
  2005.12  0.4705481819735882   
  2005.62  0.4703956827350536   
  2006.12  0.4702432709158498   
  2006.62  0.47009094644409405  
  2007.12  0.46993870924798054  
  2007.62  0.46978660821182405  
  2008.12  0.4696345453238526   
  2008.62  0.4694825694965899   
  2009.12  0.469330680658537    
  2009.62  0.4691788787382717   
  2010.12  0.46902716366444774  
  2010.62  0.4688755353657957   
  2011.12  0.46872399377112195  
  2011.62  0.46857253880930905  
  2012.12  0.4684212191139042   
  2012.62  0.46826993717693877  
  2013.12  0.46811874165996037  
  2013.62  0.4679676324921549   
  2014.12  0.4678166096027839   
  2014.62  0.4676656729211843   
  2015.12  0.4675148223767686   
  2015.62  0.4673640578990245   
  2016.12  0.4672133794175149   
  2016.62  0.46706283531686     
  2017.12  0.46691232858918663  
  2017.62  0.46676190764690906  
  2018.12  0.46661157241989015  
  2018.62  0.4664613228380672   
  2019.12  0.4663111588314521   
  2019.62  0.4661610803301313   
  2020.12  0.4660110872642658   
  2020.62  0.46586117956409073  
  2021.12  0.46571140536712285  
  2021.62  0.46556166816191163  
  2022.12  0.4654120161135638   
  2022.62  0.4652624491526106   
  2023.12  0.46511296720965745  
  2023.62  0.46496357021538315  
  2024.12  0.46481425810054045  
  2024.62  0.46466503079595556  
  2025.12  0.4645158882325279   
  2025.62  0.4643668303412305   
  2026.12  0.464217904987137    
  2026.62  0.46406901620611524  
  2027.12  0.4639202118906038   
  2027.62  0.46377149197186807  
  2028.12  0.4636228563812462   
  2028.62  0.463474305050149    
  2029.12  0.4633258379100604   
  2029.62  0.46317745489253637  
  2030.12  0.46302915592920585  
  2030.62  0.46288098864183114  
  2031.12  0.4627328575550646   
  2031.62  0.46258481031783355  
  2032.12  0.46243684686205555  
  2032.62  0.4622889671197203   
  2033.12  0.46214117102288943  
  2033.62  0.4619934585036964   
  2034.12  0.4618458294943464   
  2034.62  0.46169828392711615  
  2035.12  0.46155086918222715  
  2035.62  0.46140349026955124  
  2036.12  0.46125619459627626  
  2036.62  0.4611089820949646   
  2037.12  0.46096185269824974  
  2037.62  0.4608148063388364   
  2038.12  0.46066784294950036  
  2038.62  0.46052096246308794  
  2039.12  0.46037416481251675  
  2039.62  0.46022749713822014  
  2040.13  0.4600778925556657   
  2040.63  0.4599313918128478   
  2041.13  0.4597849264566284   
  2041.63  0.4596385436005863   
  2042.13  0.45949224317806325  
  2042.63  0.45934602512247097  
  2043.13  0.45919988936729145  
  2043.63  0.45905383584607645  
  2044.13  0.45890786449244775  
  2044.63  0.4587619752400969   
  2045.13  0.4586162149382132   
  2045.63  0.45847048966340004  
  2046.13  0.4583248462913785   
  2046.63  0.4581792847561184   
  2047.13  0.45803380499165885  
  2047.63  0.4578884069321084   
  2048.13  0.4577431372691714   
  2048.63  0.4575979023957967   
  2049.13  0.45745274903009203  
  2049.63  0.45730767710644205  
  2050.13  0.4571626865593      
  2050.63  0.45701777732318793  
  2051.13  0.45687299593308367  
  2051.63  0.4567282490967547   
  2052.13  0.4565835833754544   
  2052.63  0.45643899870397886  
  2053.13  0.4562944950171924   
  2053.63  0.45615007225002757  
  2054.13  0.4560057303374849   
  2054.63  0.4558614692146332   
  2055.13  0.455717288816609    
  2055.63  0.4555732354447069   
  2056.13  0.45542921627608907  
  2056.63  0.45528527763813603  
  2057.13  0.45514141946625497  
  2057.63  0.4549976416959209   
  2058.13  0.45485394426267617  
  2058.63  0.4547103271021303   
  2059.13  0.4545667901499601   
  2059.63  0.4544233333419096   
  2060.13  0.45428000274726993  
  2060.63  0.45413670600921585  
  2061.13  0.4539934892229362   
  2061.63  0.4538503523244424   
  2062.13  0.453707295249813    
  2062.63  0.4535643179351931   
  2063.13  0.45342142031679405  
  2063.63  0.45327860233089406  
  2064.13  0.4531358639138375   
  2064.63  0.45299320500203505  
  2065.13  0.4528506714089456   
  2065.63  0.4527081712916101   
  2066.13  0.4525657504891781   
  2066.63  0.45242340893832445  
  2067.13  0.4522811465757901   
  2067.63  0.45213896333838166  
  2068.13  0.45199685916297133  
  2068.63  0.4518548339864971   
  2069.13  0.45171288774596247  
  2069.63  0.4515710660263167   
  2070.13  0.4514292774435779   
  2070.63  0.45128756760820155  
  2071.13  0.4511459364574522   
  2071.63  0.4510043839286598   
  2072.13  0.4508629099592192   
  2072.63  0.45072151448659     
  2073.13  0.45058019744829697  
  2073.63  0.45043895878192947  
  2074.13  0.4502978438455585   
  2074.63  0.4501567617108948   
  2075.13  0.45001575776133274  
  2075.63  0.4498748319347199   
  2076.13  0.4497339841689683   
  2076.63  0.44959321440205435  
  2077.13  0.4494525225720185   
  2077.63  0.44931190861696535  
  2078.13  0.44917137247506367  
  2078.63  0.449030959279122    
  2079.13  0.44889057855328995  
  2079.63  0.44875027545551854  
  2080.13  0.4486100499242317   
  2080.63  0.448469901897917    
  2081.13  0.4483298313151257   
  2081.63  0.44818983811447227  
  2082.13  0.44804992223463475  
  2082.63  0.4479100836143545   
  2083.13  0.44777032219243607  
  2083.63  0.44763068285327284  
  2084.13  0.44749107561994655  
  2084.63  0.4473515454017938   
  2085.13  0.44721209213787116  
  2085.63  0.4470727157672981   
  2086.13  0.44693341622925675  
  2086.63  0.4467941934629921   
  2087.13  0.44665504740781137  
  2087.63  0.44651597800308457  
  2088.13  0.44637702991130573  
  2088.63  0.44623811360122473  
  2089.13  0.44609927376010117  
  2089.63  0.4459605103275542   
  2090.13  0.44582182324326497  
  2090.63  0.44568321244697695  
  2091.13  0.4455446778784952   
  2091.63  0.44540621947768694  
  2092.13  0.44526783718448104  
  2092.63  0.445129575441042    
  2093.13  0.44499134515862704  
  2093.63  0.44485319080399044  
  2094.13  0.44471511231730754  
  2094.63  0.4445771096388149   
  2095.13  0.4444391827088108   
  2095.63  0.4443013314676542   
  2096.13  0.4441635558557657   
  2096.63  0.4440258558136269   
  2097.13  0.44388827556462823  
  2097.63  0.4437507264594028   
  2098.13  0.4436132527457564   
  2098.63  0.4434758543644144   
  2099.13  0.4433385312561625   
  2099.63  0.4432012833618474   
  2100.13  0.44306411062237583  
  2100.63  0.4429270129787156   
  2101.13  0.44278999037189454  
  2101.63  0.4426530427430008   
  2102.13  0.44251621407414926  
  2102.63  0.4423794162005315   
  2103.13  0.44224269312848613  
  2103.63  0.4421060447993418   
  2104.13  0.44196947115448737  
  2104.63  0.4418329721353714   
  2105.13  0.44169654768350236  
  2105.63  0.4415601977404484   
  2106.13  0.44142392224783733  
  2106.63  0.4412877649722472   
  2107.13  0.4411516381817282   
  2107.63  0.4410155856669112   
  2108.13  0.44087960736966203  
  2108.63  0.44074370323190537  
  2109.13  0.44060787319562555  
  2109.63  0.4404721172028656   
  2110.13  0.440336435195728    
  2110.63  0.44020082711637387  
  2111.13  0.44006533651735663  
  2111.63  0.4399298760965413   
  2112.13  0.43979448943036487  
  2112.63  0.43965917646122377  
  2113.13  0.43952393713157306  
  2113.63  0.43938877138392624  
  2114.13  0.4392536791608554   
  2114.63  0.43911866040499087  
  2115.13  0.43898371505902134  
  2115.63  0.4388488864629735   
  2116.13  0.4387140877415119   
  2116.63  0.438579362258379    
  2117.13  0.4384447099564961   
  2117.63  0.43831013077884234  
  2118.13  0.4381756246684548   
  2118.63  0.4380411915684283   
  2119.13  0.43790683142191555  
  2119.63  0.4377725441721267   
  2120.13  0.43763832976232964  
  2120.63  0.4375042312981495   
  2121.13  0.43737016237497134  
  2121.64  0.4372334929738467   
  2122.14  0.43709957078290934  
  2122.64  0.4369657211480567   
  2123.14  0.4368319440129018   
  2123.64  0.4366982393211148   
  2124.14  0.4365646070164228   
  2124.64  0.43643104704260977  
  2125.14  0.43629755934351666  
  2125.64  0.4361641438630413   
  2126.14  0.4360308434505989   
  2126.64  0.43589757221608005  
  2127.14  0.43576437303223026  
  2127.64  0.4356312458431736   
  2128.14  0.43549819059309086  
  2128.64  0.4353652072262189   
  2129.14  0.43523229568685123  
  2129.64  0.4350994559193374   
  2130.14  0.4349666878680832   
  2130.64  0.43483403417487576  
  2131.14  0.43470140936654483  
  2131.64  0.43456885610804485  
  2132.14  0.43443637434400567  
  2132.64  0.4343039640191127   
  2133.14  0.43417162507810736  
  2133.64  0.4340393574657866   
  2134.14  0.43390716112700295  
  2134.64  0.4337750360066646   
  2135.14  0.43364302454037074  
  2135.64  0.4335110416689915   
  2136.14  0.4333791298511322   
  2136.64  0.43324728903192244  
  2137.14  0.433115519156547    
  2137.64  0.4329838201702459   
  2138.14  0.432852192018314    
  2138.64  0.43272063464610144  
  2139.14  0.43258914799901305  
  2139.64  0.43245777430788707  
  2140.14  0.4323264289247619   
  2140.64  0.43219515410332215  
  2141.14  0.4320639497891917   
  2141.64  0.4319328159280491   
  2142.14  0.43180175246562746  
  2142.64  0.4316707593477141   
  2143.14  0.431539836520151    
  2143.64  0.4314089839288345   
  2144.14  0.4312782015197148   
  2144.64  0.4311475312977752   
  2145.14  0.4310168890685725   
  2145.64  0.4308863168597602   
  2146.14  0.4307558146175052   
  2146.64  0.4306253822880281   
  2147.14  0.4304950198176036   
  2147.64  0.43036472715255986  
  2148.14  0.430234504239279    
  2148.64  0.4301043510241967   
  2149.14  0.4299743093105055   
  2149.64  0.42984429530895213  
  2150.14  0.42971435084524284  
  2150.64  0.42958447586602727  
  2151.14  0.4294546703180084   
  2151.64  0.42932493414794237  
  2152.14  0.4291952673026387   
  2152.64  0.4290656697289598   
  2153.14  0.4289361413738213   
  2153.64  0.4288067238400127   
  2154.14  0.42867733374067807  
  2154.64  0.42854801270096526  
  2155.14  0.42841876066800155  
  2155.64  0.4282895775889667   
  2156.14  0.4281604634110934   
  2156.64  0.42803141808166667  
  2157.14  0.42790244154802437  
  2157.64  0.42777353375755656  
  2158.14  0.4276447361140248   
  2158.64  0.4275159656302032   
  2159.14  0.4273872637320577   
  2159.64  0.42725863036718786  
  2160.14  0.4271300654832451   
  2160.64  0.42700156902793324  
  2161.14  0.42687314094900786  
  2161.64  0.4267447811942767   
  2162.14  0.42661648971159927  
  2162.64  0.42648826644888693  
  2163.14  0.4263601525903562   
  2163.64  0.42623206558960036  
  2164.14  0.4261040466528709   
  2164.64  0.425976095728286    
  2165.14  0.425848212764015    
  2165.64  0.4257203977082793   
  2166.14  0.4255926505093512   
  2166.64  0.4254649711155545   
  2167.14  0.4253373594752642   
  2167.64  0.42520985657653176  
  2168.14  0.425082380266819    
  2168.64  0.4249549715560614   
  2169.14  0.42482763039283833  
  2169.64  0.4247003567257804   
  2170.14  0.42457315050356875  
  2170.64  0.4244460116749357   
  2171.14  0.4243189401886641   
  2171.64  0.42419193599358757  
  2172.14  0.42406503988292993  
  2172.64  0.42393817009533025  
  2173.14  0.42381136744574655  
  2173.64  0.4236846318832147   
  2174.14  0.4235579633568209   
  2174.64  0.4234313618157018   
  2175.14  0.4233048272090441   
  2175.64  0.423178359486085    
  2176.14  0.4230519585961116   
  2176.64  0.4229256651388456   
  2177.14  0.4227993977414359   
  2177.64  0.4226731970251901   
  2178.14  0.42254706293959543  
  2178.64  0.42242099543418893  
  2179.14  0.4222949944585574   
  2179.64  0.42216905996233733  
  2180.14  0.42204319189521516  
  2180.64  0.42191739020692653  
  2181.14  0.4217916548472569   
  2181.64  0.421666026202465    
  2182.14  0.42154042332827957  
  2182.64  0.42141488663238197  
  2183.14  0.4212894160647552   
  2183.64  0.4211640115754315   
  2184.14  0.42103867311449217  
  2184.64  0.4209134006320677   
  2185.14  0.42078819407833784  
  2185.64  0.420663053403531    
  2186.14  0.420538018803164    
  2186.64  0.4204130097159213   
  2187.14  0.420288066358597    
  2187.64  0.42016318868161484  
  2188.14  0.4200383766354477   
  2188.64  0.41991363017061684  
  2189.14  0.4197889492376923   
  2189.64  0.4196643337872925   
  2190.14  0.4195397837700846   
  2190.64  0.4194153391921324   
  2191.14  0.4192909198724823   
  2191.64  0.41916656583833095  
  2192.14  0.41904227704053865  
  2192.64  0.4189180534300139   
  2193.14  0.41879389495771335  
  2193.64  0.4186698015746415   
  2194.14  0.4185457732318512   
  2194.64  0.4184218098804429   
  2195.14  0.41829795133830633  
  2195.64  0.41817411780227715  
  2196.14  0.4180503491112348   
  2196.64  0.41792664521647105  
  2197.14  0.41780300606932536  
  2197.64  0.41767943162118487  
  2198.14  0.4175559218234842   
  2198.64  0.4174324766277056   
  2199.14  0.41730909598537863  
  2199.64  0.4171857798480801   
  2200.14  0.41706256782610146  
  2200.64  0.41693938053305774  
  2201.14  0.4168162576000727   
  2201.64  0.41669319897891205  
  2202.14  0.4165702046213889   
  2202.64  0.41644727447936314  
  2203.14  0.4163244085047419   
  2203.65  0.41619915679795527  
  2204.15  0.4160764202921034   
  2204.65  0.41595374780870176  
  2205.15  0.4158311392998458   
  2205.65  0.4157086341488471   
  2206.15  0.41558615342500266  
  2206.65  0.41546373653228486  
  2207.15  0.4153413834229754   
  2207.65  0.4152190940494024   
  2208.15  0.4150968683639405   
  2208.65  0.4149747063190107   
  2209.15  0.4148526078670801   
  2209.65  0.4147305729606624   
  2210.15  0.4146086407990778   
  2210.65  0.41448673282099663  
  2211.15  0.414364888246261    
  2211.65  0.4142431070275687   
  2212.15  0.4141213891176638   
  2212.65  0.41399973446933597  
  2213.15  0.413878143035421    
  2213.65  0.4137566147688003   
  2214.15  0.4136351496224013   
  2214.65  0.41351378661278293  
  2215.15  0.41339244754551374  
  2215.65  0.41327117145753695  
  2216.15  0.4131499583019623   
  2216.65  0.41302880803194486  
  2217.15  0.4129077206006853   
  2217.65  0.41278669596142964  
  2218.15  0.4126657340674691   
  2218.65  0.4125448348721402   
  2219.15  0.41242403721046084  
  2219.65  0.41230326325244354  
  2220.15  0.4121825518533537   
  2220.65  0.41206190296670825  
  2221.15  0.4119413165460693   
  2221.65  0.4118207925450439   
  2222.15  0.41170033091728386  
  2222.65  0.4115799316164859   
  2223.15  0.41145959459639153  
  2223.65  0.4113393198107869   
  2224.15  0.4112191458943941   
  2224.65  0.41109899541931316  
  2225.15  0.4109789070403634   
  2225.65  0.4108588807115092   
  2226.15  0.4107389163867598   
  2226.65  0.41061901402016865  
  2227.15  0.41049917356583343  
  2227.65  0.41037939497789633  
  2228.15  0.4102596782105436   
  2228.65  0.4101400617194962   
  2229.15  0.41002046843618783  
  2229.65  0.4099009368363026   
  2230.15  0.4097814668742033   
  2230.65  0.4096620585042969   
  2231.15  0.40954271168103396  
  2231.65  0.4094234263589092   
  2232.15  0.40930420249246097  
  2232.65  0.4091850400362716   
  2233.15  0.40906597726824795  
  2233.65  0.4089469374767691   
  2234.15  0.40882795895957247  
  2234.65  0.4087090416714148   
  2235.15  0.4085901855670966   
  2235.65  0.4084713906014615   
  2236.15  0.40835265672939675  
  2236.65  0.408233983905833    
  2237.15  0.40811537208574405  
  2237.65  0.40799685937039976  
  2238.15  0.4078783694027571   
  2238.65  0.4077599403037848   
  2239.15  0.40764157202862944  
  2239.65  0.4075232645324807   
  2240.15  0.40740501777057136  
  2240.65  0.40728683169817687  
  2241.15  0.4071687062706159   
  2241.65  0.40705064144324987  
  2242.15  0.4069326371714829   
  2242.65  0.406814731361689    
  2243.15  0.4066968480480496   
  2243.65  0.40657902515649263  
  2244.15  0.4064612626425929   
  2244.65  0.4063435604619679   
  2245.15  0.4062259185702776   
  2245.65  0.4061083369232244   
  2246.15  0.405990815476553    
  2246.65  0.4058733541860508   
  2247.15  0.40575599078390584  
  2247.65  0.40563864965394636  
  2248.15  0.4055213685477852   
  2248.65  0.4054041474213784   
  2249.15  0.40528698623072423  
  2249.65  0.40516988493186273  
  2250.15  0.40505284348087633  
  2250.65  0.40493586183388897  
  2251.15  0.40481893994706686  
  2251.65  0.40470211537955847  
  2252.15  0.4045853128625336   
  2252.65  0.40446856997443703  
  2253.15  0.40435188667160216  
  2253.65  0.40423526291040374  
  2254.15  0.4041186986472582   
  2254.65  0.40400219383862357  
  2255.15  0.40388574844099945  
  2255.65  0.4037693624109267   
  2256.15  0.4036530731356502   
  2256.65  0.4035368056913961   
  2257.15  0.40342059748457865  
  2257.65  0.40330444847190416  
  2258.15  0.4031883586101202   
  2258.65  0.4030723278560156   
  2259.15  0.40295635616642     
  2259.65  0.40284044349820447  
  2260.15  0.402724589808281    
  2260.65  0.4026087950536024   
  2261.15  0.4024930964317292   
  2261.65  0.40237741939962907  
  2262.15  0.4022618011738919   
  2262.65  0.402146241711634    
  2263.15  0.4020307409700126   
  2263.65  0.4019152989062254   
  2264.15  0.40179991547751087  
  2264.65  0.401684590641148    
  2265.15  0.4015693243544564   
  2265.65  0.40145415364545917  
  2266.15  0.4013390043114207   
  2266.65  0.4012239133992688   
  2267.15  0.4011088808664846   
  2267.65  0.40099390667059     
  2268.15  0.4008789907691466   
  2268.65  0.4007641331197567   
  2269.15  0.4006493336800624   
  2269.65  0.40053459240774625  
  2270.15  0.40041994616239984  
  2270.65  0.40030532107935973  
  2271.15  0.4001907540369988   
  2271.65  0.40007624499315925  
  2272.15  0.3999617939057235   
  2272.65  0.39984740073261366  
  2273.15  0.3997330654317917   
  2273.65  0.3996187879612594   
  2274.15  0.3995045682790579   
  2274.65  0.3993904430774448   
  2275.15  0.3992763388276224   
  2275.65  0.39916229224050637  
  2276.15  0.3990483032742964   
  2276.65  0.39893437188723185  
  2277.15  0.3988204980375913   
  2277.65  0.3987066816836928   
  2278.15  0.39859292278389363  
  2278.65  0.3984792212965906   
  2279.15  0.39836557718021953  
  2279.65  0.39825202694238504  
  2280.15  0.39813849742491075  
  2280.65  0.39802502515392446  
  2281.15  0.39791161008801873  
  2281.65  0.39779825218582493  
  2282.15  0.3976849514060134   
  2282.65  0.39757170770729355  
  2283.15  0.39745852104841367  
  2283.65  0.3973453913881607   
  2284.15  0.39723235506909     
  2284.65  0.39711933926429516  
  2285.16  0.3970041268245343   
  2285.66  0.3968912258628544   
  2286.16  0.3967783816935128   
  2286.66  0.3966655942755295   
  2287.16  0.3965528635679628   
  2287.66  0.3964401895299097   
  2288.16  0.39632757212050557  
  2288.66  0.396215011298924    
  2289.16  0.3961025070243771   
  2289.66  0.3959900954387795   
  2290.16  0.3958777041179242   
  2290.66  0.3957653692219826   
  2291.16  0.3956530907103196   
  2291.66  0.3955408685423382   
  2292.16  0.39542870267747987  
  2292.66  0.39531659307522354  
  2293.16  0.3952045396950867   
  2293.66  0.3950925424966243   
  2294.16  0.3949806374590655   
  2294.66  0.3948687524847194   
  2295.16  0.3947569235709537   
  2295.66  0.39464515067747463  
  2296.16  0.3945334337640266   
  2296.66  0.39442177279039153  
  2297.16  0.3943101677163889   
  2297.66  0.3941986185018759   
  2298.16  0.39408712510674726  
  2298.66  0.39397568749093526  
  2299.16  0.3938643414541357   
  2299.66  0.39375301525898276  
  2300.16  0.3936417447231806   
  2300.66  0.393530529806811    
  2301.16  0.39341937046999315  
  2301.66  0.3933082666728834   
  2302.16  0.39319721837567534  
  2302.66  0.39308622553859973  
  2303.16  0.39297528812192445  
  2303.66  0.3928644417648627   
  2304.16  0.39275361505213463  
  2304.66  0.3926428436408457   
  2305.16  0.39253212749141164  
  2305.66  0.39242146656428556  
  2306.16  0.3923108608199569   
  2306.66  0.3922003102189525   
  2307.16  0.3920898147218355   
  2307.66  0.391979374289206    
  2308.16  0.39186902440082444  
  2308.66  0.39175869396142593  
  2309.16  0.3916484184685479   
  2309.66  0.3915381978829369   
  2310.16  0.39142803216537614  
  2310.66  0.3913179212766852   
  2311.16  0.39120786517772016  
  2311.66  0.39109786382937356  
  2312.16  0.3909879171925742   
  2312.66  0.39087806058865093  
  2313.16  0.3907682232403003   
  2313.66  0.3906584404865137   
  2314.16  0.3905487122883652   
  2314.66  0.3904390386069647   
  2315.16  0.3903294194034585   
  2315.66  0.3902198546390288   
  2316.16  0.3901103442748938   
  2316.66  0.3900008882723078   
  2317.16  0.38989148659256107  
  2317.66  0.38978217438213414  
  2318.16  0.3896728812146272   
  2318.66  0.3895636422540577   
  2319.16  0.3894544574618594   
  2319.66  0.38934532679950157  
  2320.16  0.38923625022848934  
  2320.66  0.3891272277103633   
  2321.16  0.38901825920669986  
  2321.66  0.38890934467911087  
  2322.16  0.3888005191177738   
  2322.66  0.38869171240997     
  2323.16  0.38858295956330197  
  2323.66  0.38847426053952333  
  2324.16  0.38836561530042335  
  2324.66  0.3882570238078267   
  2325.16  0.3881484860235929   
  2325.66  0.3880400019096174   
  2326.16  0.3879315714278304   
  2326.66  0.38782322941310104  
  2327.16  0.3877149060643915   
  2327.66  0.3876066362338845   
  2328.16  0.38749841988365097  
  2328.66  0.3873902569757966   
  2329.16  0.3872821474724622   
  2329.66  0.38717409133582353  
  2330.16  0.3870660885280912   
  2330.66  0.38695813901151077  
  2331.16  0.3868502774666301   
  2331.66  0.3867424344021073   
  2332.16  0.38663464451569374  
  2332.66  0.38652690776977394  
  2333.16  0.386419224126767    
  2333.66  0.3863115935491267   
  2334.16  0.38620401599934157  
  2334.66  0.3860964914399344   
  2335.16  0.3859890198334628   
  2335.66  0.385881635707132    
  2336.16  0.38577426987732844  
  2336.66  0.38566695688835134  
  2337.16  0.38555969670289575  
  2337.66  0.3854524892836911   
  2338.16  0.38534533459350095  
  2338.66  0.38523823259512324  
  2339.16  0.3851311832513901   
  2339.66  0.38502418652516757  
  2340.16  0.38491724237935615  
  2340.66  0.3848103851719181   
  2341.16  0.38470354605887275  
  2341.66  0.3845967594151557   
  2342.16  0.3844900252038034   
  2342.66  0.38438334338788605  
  2343.16  0.38427671393050805  
  2343.66  0.3841701367948074   
  2344.16  0.384063611943956    
  2344.66  0.38395713934115944  
  2345.16  0.3838507531930774   
  2345.66  0.3837443849593557   
  2346.16  0.38363806886352     
  2346.66  0.38353180486891036  
  2347.16  0.383425592938901    
  2347.66  0.38331943303689914  
  2348.16  0.38321332512634587  
  2348.66  0.38310726917071564  
  2349.16  0.3830012651335162   
  2349.66  0.3828953470710583   
  2350.16  0.38278944674469684  
  2350.66  0.38268359822750175  
  2351.16  0.3825778014831142   
  2351.66  0.38247205647520854  
  2352.16  0.38236636316749256  
  2352.66  0.382260721523707    
  2353.16  0.3821551315076257   
  2353.66  0.3820495930830558   
  2354.16  0.3819441401569052   
  2354.66  0.3818387047903354   
  2355.16  0.3817333209069078   
  2355.66  0.3816279884705615   
  2356.16  0.3815227074452682   
  2356.66  0.381417477795033    
  2357.16  0.38131229948389317  
  2357.66  0.3812071724759193   
  2358.16  0.38110209673521456  
  2358.66  0.38099707222591483  
  2359.16  0.38089213269002453  
  2359.66  0.38078721051961284  
  2360.16  0.38068233947322133  
  2360.66  0.38057751951511637  
  2361.16  0.3804727506095968   
  2361.66  0.38036803272099406  
  2362.16  0.3802633658136722   
  2362.66  0.38015874985202736  
  2363.16  0.3800541848004884   
  2363.66  0.37994970425362884  
  2364.16  0.37984524089936006  
  2364.66  0.37974082834868855  
  2365.16  0.37963646656617245  
  2365.66  0.37953215551640174  
  2366.16  0.3794278951639988   
  2366.67  0.37932160649077495  
  2367.17  0.37921744843699673  
  2367.67  0.379113340973942    
  2368.17  0.3790092840663623   
  2368.67  0.37890527767904075  
  2369.17  0.3788013552272849   
  2369.67  0.3786974497587255   
  2370.17  0.37859359470497694  
  2370.67  0.37848979003095023  
  2371.17  0.3783860357015881   
  2371.67  0.3782823316818649   
  2372.17  0.37817867793678694  
  2372.67  0.37807507443139216  
  2373.17  0.37797152113075017  
  2373.67  0.3778680513047789   
  2374.17  0.37776459829284725  
  2374.67  0.37766119538107823  
  2375.17  0.37755784253466756  
  2375.67  0.3774545397188429   
  2376.17  0.37735128689886305  
  2376.67  0.37724808404001836  
  2377.17  0.37714493110763053  
  2377.67  0.3770418280670527   
  2378.17  0.37693877488366934  
  2378.67  0.3768358046669157   
  2379.17  0.37673285107818044  
  2379.67  0.3766299472429916   
  2380.17  0.3765270931268584   
  2380.67  0.37642428869532135  
  2381.17  0.3763215339139521   
  2381.67  0.37621882874835333  
  2382.17  0.37611617316415874  
  2382.67  0.376013567127033    
  2383.17  0.37591104360292543  
  2383.67  0.37580853654113633  
  2384.17  0.37570607892360713  
  2384.67  0.37560367071612627  
  2385.17  0.375501311884513    
  2385.67  0.3753990023946174   
  2386.17  0.3752967422123203   
  2386.67  0.37519453130353325  
  2387.17  0.3750923696341986   
  2387.67  0.3749902900276695   
  2388.17  0.37488822671936844  
  2388.67  0.37478621254854144  
  2389.17  0.3746842474812532   
  2389.67  0.3745823314835989   
  2390.17  0.3744804645217044   
  2390.67  0.37437864656172587  
  2391.17  0.37427687756985     
  2391.67  0.3741751575122939   
  2392.17  0.37407351907069786  
  2392.67  0.3739718967648312   
  2393.17  0.3738703232921284   
  2393.67  0.3737687986189276   
  2394.17  0.3736673227115974   
  2394.67  0.3735658955365366   
  2395.17  0.373464517060174    
  2395.67  0.3733631872489685   
  2396.17  0.37326190606940945  
  2396.67  0.37316067348801596  
  2397.17  0.37305952202999604  
  2397.67  0.3729583865289965   
  2398.17  0.37285729952591073  
  2398.67  0.3727562609873779   
  2399.17  0.3726552708800669   
  2399.67  0.3725543291706766   
  2400.17  0.37245343582593565  
  2400.67  0.3723525908126026   
  2401.17  0.37225179409746556  
  2401.67  0.3721510780658608   
  2402.17  0.37205037783208117  
  2402.67  0.3719497257970512   
  2403.17  0.37184912192767783  
  2403.67  0.37174856619089763  
  2404.17  0.37164805855367666  
  2404.67  0.37154759898301065  
  2405.17  0.37144718744592475  
  2405.67  0.37134682390947354  
  2406.17  0.3712465406199827   
  2406.67  0.37114627297065983  
  2407.17  0.37104605322332257  
  2407.67  0.37094588134514317  
  2408.17  0.3708457573033231   
  2408.67  0.37074568106509315  
  2409.17  0.3706456525977132   
  2409.67  0.37054567186847265  
  2410.17  0.37044573884468973  
  2410.67  0.37034588563453386  
  2411.17  0.3702460479084102   
  2411.67  0.37014625778988475  
  2412.17  0.3700465152463921   
  2412.67  0.3699468202453962   
  2413.17  0.3698471727543899   
  2413.67  0.3697475727408948   
  2414.17  0.3696480201724617   
  2414.67  0.3695485150166701   
  2415.17  0.3694490572411284   
  2415.67  0.369349678801492    
  2416.17  0.3692503156741673   
  2416.67  0.3691509998301011   
  2417.17  0.36905173123701684  
  2417.67  0.3689525098626669   
  2418.17  0.3688533356748322   
  2418.67  0.3687542086413222   
  2419.17  0.36865512872997513  
  2419.67  0.36855609590865773  
  2420.17  0.36845714199665014  
  2420.67  0.36835820324397617  
  2421.17  0.36825931148511365  
  2421.67  0.3681604666880432   
  2422.17  0.36806166882077396  
  2422.67  0.3679629178513436   
  2423.17  0.36786421374781797  
  2423.67  0.3677655564782914   
  2424.17  0.36766694601088623  
  2424.67  0.36756841402934076  
  2425.17  0.36746989705562144  
  2425.67  0.3673714267885709   
  2426.17  0.3672730031964246   
  2426.67  0.367174626247446    
  2427.17  0.3670762959099269   
  2427.67  0.3669780121521869   
  2428.17  0.3668797749425739   
  2428.67  0.36678158424946367  
  2429.17  0.36668347162187914  
  2429.67  0.36658537385206774  
  2430.17  0.3664873225040645   
  2430.67  0.366389317546357    
  2431.17  0.36629135894746073  
  2431.67  0.3661934466759189   
  2432.17  0.36609558070030274  
  2432.67  0.365997760989211    
  2433.17  0.3658999875112704   
  2433.67  0.3658022602351351   
  2434.17  0.36570461056110576  
  2434.67  0.36560697557981003  
  2435.17  0.3655093867064589   
  2435.67  0.365411843909817    
  2436.17  0.36531434715867706  
  2436.67  0.36521689642185884  
  2437.17  0.36511949166821     
  2437.67  0.3650221328666055   
  2438.17  0.3649248199859476   
  2438.67  0.3648275842935454   
  2439.17  0.3647303631468431   
  2439.67  0.36463318782796916  
  2440.17  0.36453605830593544  
  2440.67  0.3644389745497812   
  2441.17  0.3643419365285729   
  2441.67  0.36424494421140413  
  2442.17  0.364147997567396    
  2442.67  0.3640510965656965   
  2443.17  0.3639542723414294   
  2443.67  0.36385746251723466  
  2444.17  0.36376069824296553  
  2444.67  0.3636639794878785   
  2445.17  0.3635673062212571   
  2445.67  0.36347067841241193  
  2446.17  0.36337409603068044  
  2446.67  0.3632775590454272   
  2447.17  0.3631810674260434   
  2447.67  0.36308465217626806  
  2448.18  0.3629862969476189   
  2448.68  0.36288997315048105  
  2449.18  0.36279366357699505  
  2449.68  0.3626973992161402   
  2450.18  0.3626011800374692   
  2450.68  0.3625050060105617   
  2451.18  0.3624088771050237   
  2451.68  0.36231279329048816  
  2452.18  0.3622167545366145   
  2452.68  0.36212076081308875  
  2453.18  0.3620248429638562   
  2453.68  0.36192893919572183  
  2454.18  0.3618330803671626   
  2454.68  0.36173726644797066  
  2455.18  0.36164149740796464  
  2455.68  0.36154577321698944  
  2456.18  0.3614500938449165   
  2456.68  0.36135445926164367  
  2457.18  0.3612588694370951   
  2457.68  0.36116332434122117  
  2458.18  0.3610678546739841   
  2458.68  0.3609723989310439   
  2459.18  0.3608769878267969   
  2459.68  0.36078162133129843  
  2460.18  0.36068629941463015  
  2460.68  0.36059102204689963  
  2461.18  0.36049578919824077  
  2461.68  0.3604006008388134   
  2462.18  0.3603054569388036   
  2462.68  0.36021038806941214  
  2463.18  0.36011533298461373  
  2463.68  0.3600203222699563   
  2464.18  0.3599253558957297   
  2464.68  0.35983043383224983  
  2465.18  0.35973555604985824  
  2465.68  0.3596407225189226   
  2466.18  0.35954593320983635  
  2466.68  0.35945118809301857  
  2467.18  0.35935651761168214  
  2467.68  0.35926186077656236  
  2468.18  0.3591672480451328   
  2468.68  0.35907267938791554  
  2469.18  0.3589781547754583   
  2469.68  0.35888367417833467  
  2470.18  0.3587892375671436   
  2470.68  0.3586948449125098   
  2471.18  0.3586004961850834   
  2471.68  0.35850622170085644  
  2472.18  0.3584119607257831   
  2472.68  0.35831774359003027  
  2473.18  0.35822357026435003  
  2473.68  0.35812944071952013  
  2474.18  0.3580353549263434   
  2474.68  0.35794131285564823  
  2475.18  0.35784731447828827  
  2475.68  0.3577533597651424   
  2476.18  0.357659448687115    
  2476.68  0.3575656114197335   
  2477.18  0.35747178751073605  
  2477.68  0.35737800714973056  
  2478.18  0.35728427030772225  
  2478.68  0.35719057695574136  
  2479.18  0.3570969270648432   
  2479.68  0.35700332060610845  
  2480.18  0.3569097575506425   
  2480.68  0.3568162378695761   
  2481.18  0.3567227916128158   
  2481.68  0.3566293585801032   
  2482.18  0.3565359688353411   
  2482.68  0.35644262234976015  
  2483.18  0.35634931909461565  
  2483.68  0.35625605904118796  
  2484.18  0.35616284216078214  
  2484.68  0.3560696684247283   
  2485.18  0.35597653780438115  
  2485.68  0.3558834802247753   
  2486.18  0.35579043573615105  
  2486.68  0.35569743427745565  
  2487.18  0.35560447582014276  
  2487.68  0.35551156033569087  
  2488.18  0.35541868779560293  
  2488.68  0.35532585817140666  
  2489.18  0.3552330714346543   
  2489.68  0.3551403275569227   
  2490.18  0.35504765633911733  
  2490.68  0.3549549980804843   
  2491.18  0.3548623825957587   
  2491.68  0.3547698098566154   
  2492.18  0.35467727983475367  
  2492.68  0.35458479250189706  
  2493.18  0.35449234782979383  
  2493.68  0.3543999457902162   
  2494.18  0.35430758635496107  
  2494.68  0.35421526949584936  
  2495.18  0.3541230248767294   
  2495.68  0.35403079307178426  
  2496.18  0.35393860375860026  
  2496.68  0.3538464569090955   
  2497.18  0.35375435249521225  
  2497.68  0.3536622904889168   
  2498.18  0.3535702708621995   
  2498.68  0.35347829358707505  
  2499.18  0.35338635863558204  
  2499.68  0.35329449554898956  
  2500.18  0.353202645147372    
  2500.68  0.35311083698565504  
  2501.18  0.3530190710359733   
  2501.68  0.3529273472704854   
  2502.18  0.3528356656613739   
  2502.68  0.3527440261808454   
  2503.18  0.35265242880113     
  2503.68  0.352560873494482    
  2504.18  0.3524693896803163   
  2504.68  0.35237791842314176  
  2505.18  0.3522864891559488   
  2505.68  0.3521951018510867   
  2506.18  0.3521037564809286   
  2506.68  0.3520124530178711   
  2507.18  0.35192119143433465  
  2507.68  0.35182997170276326  
  2508.18  0.3517387937956246   
  2508.68  0.3516476870111993   
  2509.18  0.35155659265698413  
  2509.68  0.351465540044755    
  2510.18  0.35137452914707373  
  2510.68  0.35128355993652566  
  2511.18  0.35119263238571974  
  2511.68  0.3511017464672882   
  2512.18  0.35101090215388675  
  2512.68  0.3509200994181945   
  2513.18  0.35082933823291407  
  2513.68  0.35073864776256913  
  2514.18  0.3506479695829617   
  2514.68  0.3505573328720221   
  2515.18  0.35046673760254626  
  2515.68  0.350376183747353    
  2516.18  0.3502856712792846   
  2516.68  0.3501952001712065   
  2517.18  0.3501047703960071   
  2517.68  0.35001438192659834  
  2518.18  0.34992406380787083  
  2518.68  0.34983375785559817  
  2519.18  0.3497434931279986   
  2519.68  0.34965326959807624  
  2520.18  0.3495630872388581   
  2520.68  0.3494729460233945   
  2521.18  0.34938284592475843  
  2521.68  0.3492927869160459   
  2522.18  0.3492027689703761   
  2522.68  0.3491128210137092   
  2523.18  0.3490228851003786   
  2523.68  0.3489329901695935   
  2524.18  0.34884313619456453  
  2524.68  0.3487533231485249   
  2525.18  0.3486635510047309   
  2525.68  0.3485738197364611   
  2526.18  0.34848412931701744  
  2526.68  0.3483944797197239   
  2527.18  0.34830489975230805  
  2527.68  0.34821533170626146  
  2528.18  0.34812580440248275  
  2528.68  0.348036317814387    
  2529.18  0.3479468719154114   
  2529.69  0.34785568301647146  
  2530.19  0.34776631922676016  
  2530.69  0.34767699604608876  
  2531.19  0.34758771344798534  
  2531.69  0.34749847140600065  
  2532.19  0.34740926989370774  
  2532.69  0.34732013757500557  
  2533.19  0.3472310170298818   
  2533.69  0.34714193693531215  
  2534.19  0.3470528972649592   
  2534.69  0.34696389799250804  
  2535.19  0.34687493909166595  
  2535.69  0.34678602053616264  
  2536.19  0.34669714229974996  
  2536.69  0.34660830435620205  
  2537.19  0.34651950667931536  
  2537.69  0.3464307778033627   
  2538.19  0.3463420605683373   
  2538.69  0.34625338352150375  
  2539.19  0.346164746636747    
  2539.69  0.3460761498879743   
  2540.19  0.34598759324911477  
  2540.69  0.3458990766941198   
  2541.19  0.34581060019696264  
  2541.69  0.3457221637316386   
  2542.19  0.34563379571647523  
  2542.69  0.345545439224028    
  2543.19  0.3454571226855402   
  2543.69  0.34536884607509494  
  2544.19  0.34528060936679733  
  2544.69  0.3451924125347743   
  2545.19  0.34510425555317464  
  2545.69  0.345016138396169    
  2546.19  0.3449280610379499   
  2546.69  0.34484005178157395  
  2547.19  0.34475205393080355  
  2547.69  0.34466409580153595  
  2548.19  0.3445761773680505   
  2548.69  0.3444882986046484   
  2549.19  0.3444004594856525   
  2549.69  0.3443126599854072   
  2550.19  0.3442249000782787   
  2550.69  0.3441371797386546   
  2551.19  0.3440495271549906   
  2551.69  0.34396188586091064  
  2552.19  0.34387428405763587  
  2552.69  0.3437867217196403   
  2553.19  0.34369919882141936  
  2553.69  0.34361171533748985  
  2554.19  0.3435242712423902   
  2554.69  0.3434368665106801   
  2555.19  0.3433495011169407   
  2555.69  0.3432621750357746   
  2556.19  0.3431749163290812   
  2556.69  0.34308766878432223  
  2557.19  0.3430004604760805   
  2557.69  0.34291329137904375  
  2558.19  0.34282616146792116  
  2558.69  0.34273907071744314  
  2559.19  0.3426520191023612   
  2559.69  0.3425650065974483   
  2560.19  0.3424780331774984   
  2560.69  0.3423911267912066   
  2561.19  0.34230423145308986  
  2561.69  0.34221737512445316  
  2562.19  0.342130557780175    
  2562.69  0.34204377939515485  
  2563.19  0.34195703994431353  
  2563.69  0.34187033940259265  
  2564.19  0.3417836777449549   
  2564.69  0.34169705494638397  
  2565.19  0.3416104988430245   
  2565.69  0.3415239536751353   
  2566.19  0.3414374472913977   
  2566.69  0.34135097966687916  
  2567.19  0.3412645507766679   
  2567.69  0.34117816059587314  
  2568.19  0.34109180909962494  
  2568.69  0.341005496263074    
  2569.19  0.340919222061392    
  2569.69  0.3408330142188221   
  2570.19  0.340746817200061    
  2570.69  0.34066065874181617  
  2571.19  0.3405745388193421   
  2571.69  0.34048845740791417  
  2572.19  0.3404024144828282   
  2572.69  0.3403164100194008   
  2573.19  0.34023044399296914  
  2573.69  0.34014451637889104  
  2574.19  0.34005862715254487  
  2574.69  0.3399728039145938   
  2575.19  0.3398869913775934   
  2575.69  0.33980121715459116  
  2576.19  0.3397154812210476   
  2576.69  0.3396297835524437   
  2577.19  0.339544124124281    
  2577.69  0.33945850291208113  
  2578.19  0.3393729198913865   
  2578.69  0.3392873750377597   
  2579.19  0.3392018958413167   
  2579.69  0.3391164272363304   
  2580.19  0.3390309967252299   
  2580.69  0.3389456042836592   
  2581.19  0.3388602498872826   
  2581.69  0.33877493351178456  
  2582.19  0.33868965513287     
  2582.69  0.3386044147262639   
  2583.19  0.33851921226771153  
  2583.69  0.3384340751374157   
  2584.19  0.33834894849009284  
  2584.69  0.3382638597181883   
  2585.19  0.3381788087975277   
  2585.69  0.33809379570395715  
  2586.19  0.3380088204133426   
  2586.69  0.33792388290157016  
  2587.19  0.33783898314454586  
  2587.69  0.3377541211181959   
  2588.19  0.3376693240934392   
  2588.69  0.3375845374441719   
  2589.19  0.33749978845348494  
  2589.69  0.33741507709738433  
  2590.19  0.33733040335189607  
  2590.69  0.3372457671930659   
  2591.19  0.3371611685969595   
  2591.69  0.3370766075396624   
  2592.19  0.3369920839972801   
  2592.69  0.33690759794593766  
  2593.19  0.33682317653585947  
  2593.69  0.3367387653830041   
  2594.19  0.3366543916496906   
  2594.69  0.33657005531212314  
  2595.19  0.3364857563465258   
  2595.69  0.3364014947291421   
  2596.19  0.3363172704362354   
  2596.69  0.3362330834440887   
  2597.19  0.3361489337290046   
  2597.69  0.33606484833323674  
  2598.19  0.33598077308928537  
  2598.69  0.3358967350514297   
  2599.19  0.33581273419605057  
  2599.69  0.3357287704995486   
  2600.19  0.3356448439383435   
  2600.69  0.335560954488875    
  2601.19  0.33547710212760207  
  2601.69  0.335393286831003    
  2602.19  0.3353095355339756   
  2602.69  0.3352257942843267   
  2603.19  0.335142090028911    
  2603.69  0.33505842274428455  
  2604.19  0.33497479240702266  
  2604.69  0.3348911989937201   
  2605.19  0.3348076424809909   
  2605.69  0.33472412284546826  
  2606.19  0.33464064006380495  
  2606.69  0.3345572209641532   
  2607.19  0.3344738118084004   
  2607.69  0.33439043943658764  
  2608.19  0.3343071038254444   
  2608.69  0.3342238049517193   
  2609.19  0.33414054279218036  
  2609.69  0.33405731732361443  
  2610.19  0.3339741285228276   
  2610.69  0.3338909763666452   
  2611.19  0.3338078608319114   
  2611.7   0.33372312443254687  
  2612.2   0.3336401095223298   
  2612.7   0.3335571044305976   
  2613.2   0.3334741358674286   
  2613.7   0.3333912038097627   
  2614.2   0.33330830823455865  
  2614.7   0.33322544911879404  
  2615.2   0.3331426264394655   
  2615.7   0.3330598401735887   
  2616.2   0.33297709029819794  
  2616.7   0.3328943767903465   
  2617.2   0.33281172623122773  
  2617.7   0.3327290853780036   
  2618.2   0.3326464808235991   
  2618.7   0.3325639125451428   
  2619.2   0.33248138051978193  
  2619.7   0.33239888472468265  
  2620.2   0.3323164251370298   
  2620.7   0.33223400173402695  
  2621.2   0.33215161449289626  
  2621.7   0.33206928989008894  
  2622.2   0.33198697489282364  
  2622.7   0.3319046959892166   
  2623.2   0.3318224531565647   
  2623.7   0.33174024637218347  
  2624.2   0.3316580756134068   
  2624.7   0.3315759408575874   
  2625.2   0.3314938420820963   
  2625.7   0.3314117792643233   
  2626.2   0.3313297787765683   
  2626.7   0.33124778779491953  
  2627.2   0.33116583270327604  
  2627.7   0.3310839134791016   
  2628.2   0.33100203009987816  
  2628.7   0.3309201825431062   
  2629.2   0.3308383707863045   
  2629.7   0.3307565948070104   
  2630.2   0.3306748545827795   
  2630.7   0.33059317638234703  
  2631.2   0.3305115075894927   
  2631.7   0.3304298744844856   
  2632.2   0.33034827704495434  
  2632.7   0.33026671524854634  
  2633.2   0.3301851890729268   
  2633.7   0.3301036984957794   
  2634.2   0.33002224349480597  
  2634.7   0.3299408240477265   
  2635.2   0.32985944013227925  
  2635.7   0.32977811790281025  
  2636.2   0.3296968049724964   
  2636.7   0.3296155275071454   
  2637.2   0.32953428548456787  
  2637.7   0.32945307888259273  
  2638.2   0.32937190767906677  
  2638.7   0.32929077185185496  
  2639.2   0.3292096713788402   
  2639.7   0.32912860623792356  
  2640.2   0.32904760248111115  
  2640.7   0.32896660792681154  
  2641.2   0.3288856486384279   
  2641.7   0.3288047245939331   
  2642.2   0.328723835771318    
  2642.7   0.32864298214859106  
  2643.2   0.328562163703779    
  2643.7   0.32848138041492625  
  2644.2   0.32840063226009497  
  2644.7   0.328319945189525    
  2645.2   0.32823926722570473  
  2645.7   0.32815862433020676  
  2646.2   0.3280780164811648   
  2646.7   0.32799744365672995  
  2647.2   0.3279169058350713   
  2647.7   0.3278364029943756   
  2648.2   0.32775593511284734  
  2648.7   0.32767550216870855  
  2649.2   0.3275951300110017   
  2649.7   0.3275147668651519   
  2650.2   0.32743443859147103  
  2650.7   0.32735414516825184  
  2651.2   0.3272738865738047   
  2651.7   0.3271936627864574   
  2652.2   0.32711347378455563  
  2652.7   0.32703331954646225  
  2653.2   0.32695320005055795  
  2653.7   0.32687311527524077  
  2654.2   0.3267930909577739   
  2654.7   0.3267130755477377   
  2655.2   0.32663309479359465  
  2655.7   0.32655314867381285  
  2656.2   0.32647323716687776  
  2656.7   0.32639336025129206  
  2657.2   0.326313517905576    
  2657.7   0.3262337101082672   
  2658.2   0.32615393683792065  
  2658.7   0.32607422373179046  
  2659.2   0.32599451944000696  
  2659.7   0.3259148496109614   
  2660.2   0.32583521422327794  
  2660.7   0.325755613255598    
  2661.2   0.3256760466865804   
  2661.7   0.32559651449490107  
  2662.2   0.32551701665925314  
  2662.7   0.32543755315834716  
  2663.2   0.3253581495299847   
  2663.7   0.3252787546237286   
  2664.2   0.3251993939884555   
  2664.7   0.3251200676029443   
  2665.2   0.3250407754459913   
  2665.7   0.3249615174964096   
  2666.2   0.3248822937330297   
  2666.7   0.32480310413469893  
  2667.2   0.32472394868028176  
  2667.7   0.32464485280867983  
  2668.2   0.324565765567779    
  2668.7   0.32448671240749405  
  2669.2   0.32440769330675745  
  2669.7   0.3243287082445188   
  2670.2   0.3242497571997443   
  2670.7   0.3241708401514175   
  2671.2   0.3240919570785385   
  2671.7   0.32401310796012456  
  2672.2   0.32393429277520963  
  2672.7   0.32385553685344926  
  2673.2   0.3237767894617972   
  2673.7   0.3236980759408542   
  2674.2   0.3236193962697216   
  2674.7   0.32354075042751756  
  2675.2   0.3234621383933772   
  2675.7   0.32338356014645203  
  2676.2   0.3233050156659108   
  2676.7   0.3232265049309386   
  2677.2   0.3231480531734442   
  2677.7   0.3230696098563881   
  2678.2   0.3229912002225637   
  2678.7   0.3229128242512229   
  2679.2   0.3228344819216344   
  2679.7   0.32275617321308336  
  2680.2   0.3226778981048717   
  2680.7   0.3225996565763179   
  2681.2   0.3225214486067571   
  2681.7   0.32244329933089144  
  2682.2   0.3223651584066035   
  2682.7   0.3222870509794197   
  2683.2   0.3222089770287412   
  2683.7   0.3221309365339858   
  2684.2   0.32205292947458775  
  2684.7   0.32197495582999774  
  2685.2   0.3218970155796829   
  2685.7   0.32181910870312685  
  2686.2   0.32174126023836147  
  2686.7   0.3216634200371144   
  2687.2   0.32158561314818185  
  2687.7   0.32150783955111295  
  2688.2   0.3214300992254734   
  2688.7   0.321352392150845    
  2689.2   0.3212747183068258   
  2689.7   0.3211970776730305   
  2690.2   0.3211194702290898   
  2690.7   0.3210418959546507   
  2691.2   0.3209643797809578   
  2691.7   0.320886871773869    
  2692.2   0.32080939687532695  
  2692.7   0.32073195506504387  
  2693.21  0.3206530019722844   
  2693.71  0.3205756269369794   
  2694.21  0.3204982849287627   
  2694.71  0.32042097592741137  
  2695.21  0.32034369991271844  
  2695.71  0.32026645686449334  
  2696.21  0.32018924676256133  
  2696.71  0.3201120944212424   
  2697.21  0.3200349501408493   
  2697.71  0.3199578387463283   
  2698.21  0.31988076021756917  
  2698.71  0.31980371453447737  
  2699.21  0.3197267016769745   
  2699.71  0.3196497216249983   
  2700.21  0.31957279911900616  
  2700.71  0.319495859857456    
  2701.21  0.31941900284127045  
  2701.71  0.3193421290716707   
  2702.21  0.3192653374653231   
  2702.71  0.3191885291077174   
  2703.21  0.31911180283136636  
  2703.71  0.31903510917961225  
  2704.21  0.3189583987798566   
  2704.71  0.31888177033858767  
  2705.21  0.3188051251515036   
  2705.71  0.31872856184119547  
  2706.21  0.3186519817872705   
  2706.71  0.31857548352852494  
  2707.21  0.3184989685283728   
  2707.71  0.3184225352419176   
  2708.21  0.3183461344014769   
  2708.71  0.3182697168229672   
  2709.21  0.3181933808361573   
  2709.71  0.3181170281135185   
  2710.21  0.3180407569013814   
  2710.71  0.3179644689556674   
  2711.21  0.3178882624393702   
  2711.71  0.3178120391917599   
  2712.21  0.3177358972925949   
  2712.71  0.3176597876621335   
  2713.21  0.31758366130377613  
  2713.71  0.3175076161726315   
  2714.21  0.31743155431588405  
  2714.71  0.31735557360565964  
  2715.21  0.3172795761721371   
  2715.71  0.3172036598045606   
  2716.21  0.3171277267160022   
  2716.71  0.317051874612925    
  2717.21  0.3169760546025012   
  2717.71  0.31690021787459116  
  2718.21  0.3168244620116882   
  2718.71  0.31674868943364415  
  2719.21  0.31667299764042217  
  2719.71  0.3165972891344157   
  2720.21  0.3165216613331577   
  2720.71  0.3164460168214833   
  2721.21  0.3163704529345953   
  2721.71  0.3162948723396704   
  2722.21  0.3162193722896809   
  2722.71  0.3161439041188664   
  2723.21  0.3160684192436049   
  2723.71  0.3159930147937233   
  2724.21  0.3159175936418024   
  2724.71  0.31584225283568745  
  2725.21  0.3157668953299521   
  2725.71  0.3156916180905594   
  2726.21  0.31561632415397645  
  2726.71  0.3155411104043829   
  2727.21  0.3154659283606759   
  2727.71  0.3153907296234444   
  2728.21  0.3153156109543917   
  2728.71  0.3152404755942724   
  2729.21  0.31516542022325367  
  2729.71  0.3150903481636374   
  2730.21  0.31501535601415304  
  2730.71  0.3149403471785511   
  2731.21  0.3148654181742218   
  2731.71  0.3147905207037159   
  2732.21  0.3147156065508327   
  2732.71  0.31464077211115055  
  2733.21  0.3145659209915984   
  2733.71  0.31449114950666085  
  2734.21  0.31441636134437156  
  2734.71  0.3143416527382189   
  2735.21  0.3142669274572437   
  2735.71  0.3141922816540357   
  2736.21  0.31411766721380274  
  2736.71  0.3140430361025608   
  2737.21  0.3139684843517477   
  2737.71  0.3138939159324817   
  2738.21  0.31381942679554564  
  2738.71  0.3137449209927235   
  2739.21  0.3136704943942403   
  2739.71  0.31359605113244854  
  2740.21  0.3135216869971122   
  2740.71  0.31344735405510665  
  2741.21  0.31337300445367827  
  2741.71  0.3132987338620944   
  2742.21  0.31322444661369153  
  2742.71  0.31315023829751815  
  2743.21  0.3130760133271404   
  2743.71  0.3130018672114841   
  2744.21  0.31292770444424844  
  2744.71  0.3128536204543329   
  2745.21  0.3127795674892977   
  2745.71  0.31270549787663987  
  2746.21  0.31263150692541275  
  2746.71  0.3125574993292141   
  2747.21  0.31248357031731117  
  2747.71  0.3124096246630982   
  2748.21  0.31233575751615206  
  2748.71  0.31226187372956776  
  2749.21  0.3121880683733273   
  2749.71  0.31211429387470013  
  2750.21  0.31204050274046125  
  2750.71  0.31196678992139276  
  2751.21  0.31189306046941     
  2751.71  0.3118194092559388   
  2752.21  0.31174574141226113  
  2752.71  0.3116721517305416   
  2753.21  0.31159854542133336  
  2753.71  0.31152501719763487  
  2754.21  0.3114515196654556   
  2754.71  0.311378005509883    
  2755.21  0.3113045693253567   
  2755.71  0.31123111652018004  
  2756.21  0.3111577416098635   
  2756.71  0.31108435008164975  
  2757.21  0.3110110363722142   
  2757.71  0.31093770604764465  
  2758.21  0.3108644534658757   
  2758.71  0.3107912314106952   
  2759.21  0.3107179927445434   
  2759.71  0.3106448317074335   
  2760.21  0.31057165406214043  
  2760.71  0.3104985539701716   
  2761.21  0.31042543727281735  
  2761.71  0.3103523980531736   
  2762.21  0.31027934223095205  
  2762.71  0.3102063638109306   
  2763.21  0.3101333687911489   
  2763.71  0.31006045109816     
  2764.21  0.3099875637317407   
  2764.71  0.30991465976980526  
  2765.21  0.3098418330217574   
  2765.71  0.3097689896810352   
  2766.21  0.309696223479051    
  2766.71  0.30962344068724396  
  2767.21  0.3095507349591279   
  2767.71  0.30947801264405006  
  2768.21  0.3094053673177187   
  2768.71  0.3093327521555749   
  2769.21  0.3092601204107785   
  2769.71  0.3091875655425157   
  2770.21  0.30911499409448556  
  2770.71  0.3090424994482999   
  2771.21  0.30896998822524147  
  2771.71  0.30889755372944033  
  2772.21  0.30882510265967045  
  2772.71  0.30875272824267236  
  2773.21  0.30868038382861074  
  2773.71  0.3086080228449537   
  2774.21  0.3085357384025425   
  2774.72  0.30846199540029456  
  2775.22  0.3083897714555243   
  2775.72  0.3083175309470527   
  2776.22  0.30824536683072473  
  2776.72  0.30817318615364175  
  2777.22  0.30810108179467316  
  2777.72  0.30802896087790543  
  2778.22  0.3079569162053236   
  2778.72  0.3078849013397611   
  2779.22  0.30781286992084983  
  2779.72  0.3077409146354322   
  2780.22  0.3076689427996447   
  2780.72  0.3075970470236734   
  2781.22  0.3075251347003202   
  2781.72  0.30745329836320595  
  2782.22  0.30738144548170687  
  2782.72  0.3073096685129693   
  2783.22  0.30723792119248144  
  2783.72  0.30716615733212105  
  2784.22  0.3070944692745049   
  2784.72  0.3070227646800359   
  2785.22  0.30695113581508293  
  2785.72  0.306879490416306    
  2786.22  0.30680792067391605  
  2786.72  0.30673633440074     
  2787.22  0.30666482371092085  
  2787.72  0.3065933425116821   
  2788.22  0.30652184478623024  
  2788.72  0.3064504225347878   
  2789.22  0.3063789837601925   
  2789.72  0.3063076203868239   
  2790.22  0.30623624049337145  
  2790.72  0.30616493592846133  
  2791.22  0.3060936148465453   
  2791.72  0.3060223690205858   
  2792.22  0.30595115252862803  
  2792.72  0.30587991952429705  
  2793.22  0.30580876166723964  
  2793.72  0.30573758730090883  
  2794.22  0.30566648800951085  
  2794.72  0.3055953722119481   
  2795.22  0.30552433141707513  
  2795.72  0.30545327411915474  
  2796.22  0.3053822917517789   
  2796.72  0.3053113385629077   
  2797.22  0.3052403688756806   
  2797.72  0.30516947401097433  
  2798.22  0.30509856265105106  
  2798.72  0.30502772604174644  
  2799.22  0.3049568729403723   
  2799.72  0.3048860945178119   
  2800.22  0.3048152996063378   
  2800.72  0.30474457930196924  
  2801.22  0.30467384251185164  
  2801.72  0.30460318025722805  
  2802.22  0.3045325469925113   
  2802.72  0.3044618972468076   
  2803.22  0.3043913219293731   
  2803.72  0.30432073013413735  
  2804.22  0.30425021269580016  
  2804.72  0.3041796787828558   
  2805.22  0.3041092191555356   
  2805.72  0.3040387430568106   
  2806.22  0.3039683411725314   
  2806.72  0.30389796812503256  
  2807.22  0.3038275786109478   
  2807.72  0.3037572632047319   
  2808.22  0.3036869313351531   
  2808.72  0.30361667350250393  
  2809.22  0.30354639920972337  
  2809.72  0.3034761988830283   
  2810.22  0.30340598209944164  
  2810.72  0.3033358392111916   
  2811.22  0.3032657250076479   
  2811.72  0.30319559435208704  
  2812.22  0.3031255374859291   
  2812.72  0.30305546417101403  
  2813.22  0.30298546457499026  
  2813.72  0.30291544853347774  
  2814.22  0.3028455061404396   
  2814.72  0.30277554730518913  
  2815.22  0.30270566204809035  
  2815.72  0.3026358053246671   
  2816.22  0.30256593216396077  
  2816.72  0.3024961324761104   
  2817.22  0.30242631635427336  
  2817.72  0.30235657363520535  
  2818.22  0.3022868144854551   
  2818.72  0.3022171286684806   
  2819.22  0.3021474264241364   
  2819.72  0.3020777974426684   
  2820.22  0.30200819684487956  
  2820.72  0.3019385798247041   
  2821.22  0.30186903596274217  
  2821.72  0.30179947568172577  
  2822.22  0.3017299884892571   
  2822.72  0.301660484881074    
  2823.22  0.3015910542918659   
  2823.72  0.30152160729029126  
  2824.22  0.301452233238212    
  2824.72  0.30138288742084135  
  2825.22  0.3013135251961401   
  2825.72  0.3012442358168998   
  2826.22  0.3011749300336961   
  2826.72  0.3011056970267055   
  2827.22  0.3010364476191266   
  2827.72  0.30096727091860537  
  2828.22  0.3008980778208785   
  2828.72  0.3008289573611461   
  2829.22  0.3007598649881691   
  2829.72  0.3006907562230744   
  2830.22  0.3006217199925632   
  2830.72  0.3005526673733362   
  2831.22  0.3004836872198596   
  2831.72  0.3004146906810765   
  2832.22  0.30034576653930245  
  2832.72  0.300276826015639    
  2833.22  0.30020795782033466  
  2833.72  0.300139117564841    
  2834.22  0.30007026093259703  
  2834.72  0.30000147652591985  
  2835.22  0.29993267574592797  
  2835.72  0.2998639471230815   
  2836.22  0.29979520213036354  
  2836.72  0.2997265292264604   
  2837.22  0.29965783995613654  
  2837.72  0.29958922270638777  
  2838.22  0.2995205890936763   
  2838.72  0.29945202743339117  
  2839.22  0.29938349353467386  
  2839.72  0.2993149432781941   
  2840.22  0.299246464872098    
  2840.72  0.2991779701117159   
  2841.22  0.2991095471337948   
  2841.72  0.29904110780507126  
  2842.22  0.2989727401909762   
  2842.72  0.2989043562295697   
  2843.22  0.2988360439150491   
  2843.72  0.298767759217363    
  2844.22  0.29869945817761484  
  2844.72  0.29863122868331826  
  2845.22  0.2985629828504688   
  2845.72  0.2984948084955527   
  2846.22  0.2984266178055999   
  2846.72  0.2983584985261519   
  2847.22  0.29829036291519057  
  2847.72  0.2982222986473947   
  2848.22  0.29815426185268146  
  2848.72  0.2980862087317528   
  2849.22  0.29801822685315865  
  2849.72  0.29795022865189014  
  2850.22  0.2978823016258396   
  2850.72  0.2978143582806629   
  2851.22  0.29774648604367643  
  2851.72  0.2976785974911189   
  2852.22  0.29761077997981256  
  2852.72  0.2975429897988105   
  2853.22  0.29747518330758277  
  2853.72  0.2974074477573742   
  2854.22  0.2973396959005125   
  2854.72  0.2972720149179519   
  2855.22  0.29720431763231786  
  2855.72  0.2971366911543549   
  2856.23  0.2970676992807729   
  2856.73  0.2970001277873251   
  2857.23  0.2969325399980194   
  2857.73  0.2968650228827261   
  2858.23  0.29679753292422645  
  2858.73  0.2967300266752713   
  2859.23  0.2966625910008238   
  2859.73  0.2965951390395312   
  2860.23  0.29652775758651206  
  2860.73  0.2964603598502651   
  2861.23  0.2963930325561445   
  2861.73  0.2963256889824201   
  2862.23  0.29625841578476236  
  2862.73  0.29619116960325637  
  2863.23  0.2961239071475945   
  2863.73  0.29605671496908337  
  2864.23  0.2959895065200572   
  2864.73  0.29592236828233914  
  2865.23  0.29585521377775353  
  2865.73  0.29578812941872024  
  2866.23  0.29572102879647333  
  2866.73  0.2956539982541095   
  2867.23  0.29558699458820314  
  2867.73  0.295519974664576    
  2868.23  0.29545302472250046  
  2868.73  0.2953860585263747   
  2869.23  0.29531916224634663  
  2869.73  0.29525224971594555  
  2870.23  0.2951854070362746   
  2870.73  0.2951185481099141   
  2871.23  0.29505175896900193  
  2871.73  0.29498499656579263  
  2872.23  0.2949182179214308   
  2872.73  0.29485150896476575  
  2873.23  0.29478478377064776  
  2873.73  0.2947181281991588   
  2874.23  0.2946514563939232   
  2874.73  0.2945848541463341   
  2875.23  0.29451823566871094  
  2875.73  0.29445168668383703  
  2876.23  0.29438516429884354  
  2876.73  0.2943186256893962   
  2877.23  0.29425215647552216  
  2877.73  0.29418567104092275  
  2878.23  0.29411925493721186  
  2878.73  0.29405282261651045  
  2879.23  0.2939864595620973   
  2879.73  0.2939200802944348   
  2880.23  0.2938537702285449   
  2880.73  0.29378744395315304  
  2881.23  0.29372118681510284  
  2881.73  0.29365495610973646  
  2882.23  0.29358870920050006  
  2882.73  0.293522531332127    
  2883.23  0.29345633726364684  
  2883.73  0.2933902121718093   
  2884.23  0.29332407088363366  
  2884.73  0.2932579985079639   
  2885.23  0.2931919099397313   
  2885.73  0.2931258902199516   
  2886.23  0.2930598967970769   
  2886.73  0.2929938871873129   
  2887.23  0.2929279463300895   
  2887.73  0.2928619892897675   
  2888.23  0.29279610093814185  
  2888.73  0.29273019640721415  
  2889.23  0.2926643605012222   
  2889.73  0.29259850841973056  
  2890.23  0.29253272489949705  
  2890.73  0.29246696754129686  
  2891.23  0.2924011940133116   
  2891.73  0.2923354889512338   
  2892.23  0.2922697677231885   
  2892.73  0.29220411489758047  
  2893.23  0.29213844590982846  
  2893.73  0.29207284526112587  
  2894.23  0.29200722845410887  
  2894.73  0.2919416799228362   
  2895.23  0.29187615741962514  
  2895.73  0.2918106187638543   
  2896.23  0.2917451482890347   
  2896.73  0.29167966166549947  
  2897.23  0.29161424315981616  
  2897.73  0.29154880850926723  
  2898.23  0.2914834419135529   
  2898.73  0.2914180591768288   
  2899.23  0.2913527444320038   
  2899.73  0.29128745558216146  
  2900.23  0.2912221505971032   
  2900.73  0.2911569135097046   
  2901.23  0.29109166029096045  
  2901.73  0.2910264749071446   
  2902.23  0.2909612733958593   
  2902.73  0.2908961396568525   
  2903.23  0.29083098979425814  
  2903.73  0.2907659076413738   
  2904.23  0.29070085125127815  
  2904.73  0.29063577874342744  
  2905.23  0.2905707738515964   
  2905.73  0.29050575284590624  
  2906.23  0.29044079939386996  
  2906.73  0.2903758298318761   
  2907.23  0.2903109277612512   
  2907.73  0.290246009584576    
  2908.23  0.2901811588370655   
  2908.73  0.2901163337210278   
  2909.23  0.2900514925048103   
  2909.73  0.2899867186246123   
  2910.23  0.2899219286481556   
  2910.73  0.2898572059457152   
  2911.23  0.28979246715094276  
  2911.73  0.28972779556826384  
  2912.23  0.289663107897185    
  2912.73  0.28959848737635696  
  2913.23  0.2895338923565567   
  2913.73  0.28946928125426435  
  2914.23  0.2894047372096185   
  2914.73  0.2893401770864265   
  2915.23  0.28927568395923786  
  2915.73  0.28921117475745434  
  2916.23  0.28914673249011064  
  2916.73  0.2890822741521288   
  2917.23  0.2890178826871029   
  2917.73  0.28895347515540076  
  2918.23  0.28888913443525005  
  2918.73  0.28882481905786545  
  2919.23  0.2887604876197571   
  2919.73  0.28869622290125174  
  2920.23  0.28863194212599796  
  2920.73  0.28856772800914054  
  2921.23  0.2885034978395154   
  2921.73  0.28843933426715873  
  2922.23  0.28837515464602037  
  2922.73  0.28831104156110154  
  2923.23  0.2882469536904136   
  2923.73  0.28818284977693204  
  2924.23  0.28811881230825376  
  2924.73  0.288054758800781    
  2925.23  0.28799077167725895  
  2925.73  0.2879267685189466   
  2926.23  0.28786283168381066  
  2926.73  0.28779887881789395  
  2927.23  0.28773499221445753  
  2927.73  0.28767113069756495  
  2928.23  0.28760725315591473  
  2928.73  0.28754344178585683  
  2929.23  0.2874796143950638   
  2929.73  0.28741585311536183  
  2930.23  0.28735207581895206  
  2930.73  0.28728836457321     
  2931.23  0.2872246373147927   
  2931.73  0.2871609760466973   
  2932.23  0.2870973397382999   
  2932.73  0.2870336874232849   
  2933.23  0.286970101008228    
  2933.73  0.2869064985905987   
  2934.23  0.28684296201277526  
  2934.73  0.28677940943642943  
  2935.23  0.28671592263981444  
  2935.73  0.28665241984873224  
  2936.23  0.28658898277738276  
  2936.73  0.28652557053971983  
  2937.23  0.2864621423136811   
  2937.74  0.2863975151660417   
  2938.24  0.2863341370806404   
  2938.74  0.2862708245647262   
  2939.24  0.2862074960686168   
  2939.74  0.2861442330822658   
  2940.24  0.28608095411979695  
  2940.74  0.28601774060743435  
  2941.24  0.2859545111230361   
  2941.74  0.28589134702916835  
  2942.24  0.28582820761581945  
  2942.74  0.28576505223656673  
  2943.24  0.28570196215863314  
  2943.74  0.2856388561188901   
  2944.24  0.2855758153210809   
  2944.74  0.28551275856556124  
  2945.24  0.2854497669926657   
  2945.74  0.2853867594661638   
  2946.24  0.2853238170630522   
  2946.74  0.28526089921628023  
  2947.24  0.2851979654220659   
  2947.74  0.28513509666254255  
  2948.24  0.28507221195969273  
  2948.74  0.28500939223248917  
  2949.24  0.2849465565660795   
  2949.74  0.28488378581634644  
  2950.24  0.2848209991315326   
  2950.74  0.28475827730450115  
  2951.24  0.2846955799104428   
  2951.74  0.2846328665874995   
  2952.24  0.28457021803414734  
  2952.74  0.284507553556047    
  2953.24  0.2844449537888312   
  2953.74  0.2843823381010086   
  2954.24  0.28431978706543864  
  2954.74  0.2842572201134077   
  2955.24  0.2841947177550723   
  2955.74  0.28413223970714996  
  2956.24  0.28406974574899363  
  2956.74  0.284007316296846    
  2957.24  0.28394487093862186  
  2957.74  0.2838824900280354   
  2958.24  0.2838200932155342   
  2958.74  0.28375776079237397  
  2959.24  0.2836954124714654   
  2959.74  0.28363312848167516  
  2960.24  0.2835708285983075   
  2960.74  0.28350859298790937  
  2961.24  0.2834463815392133   
  2961.74  0.28338415420320406  
  2962.24  0.28332199105308914  
  2962.74  0.283259812019843    
  2963.24  0.2831976971145271   
  2963.74  0.28313556633026643  
  2964.24  0.28307349961604544  
  2964.74  0.28301141702707056  
  2965.24  0.2829493984503182   
  2965.74  0.28288740391447664  
  2966.24  0.28282539351017494  
  2966.74  0.2827634470315169   
  2967.24  0.28270148468860057  
  2967.74  0.28263958621369395  
  2968.24  0.2825776718787351   
  2968.74  0.2825158213542251   
  2969.24  0.2824539549738732   
  2969.74  0.28239215234648224  
  2970.24  0.28233037363999647  
  2970.74  0.2822685790839917   
  2971.24  0.28220684819486175  
  2971.74  0.28214510146043387  
  2972.24  0.28208341833557454  
  2972.74  0.2820217193696427   
  2973.24  0.2819600839560459   
  2973.74  0.28189843270560605  
  2974.24  0.28183684495034     
  2974.74  0.2817752809967528   
  2975.24  0.2817137012126742   
  2975.74  0.2816521848381722   
  2976.24  0.2815906526374188   
  2976.74  0.2815291837892613   
  2977.24  0.2814676991190965   
  2977.74  0.2814062777446189   
  2978.24  0.28134484055238235  
  2978.74  0.2812834665989961   
  2979.24  0.28122211632883576  
  2979.74  0.2811607502472959   
  2980.24  0.2810994473194949   
  2980.74  0.28103812858457294  
  2981.24  0.280976872946732    
  2981.74  0.2809156015060329   
  2982.24  0.2808543931058286   
  2982.74  0.2807931689070329   
  2983.24  0.2807320076922172   
  2983.74  0.2806708700429411   
  2984.24  0.28060971660148054  
  2984.74  0.2805486260593703   
  2985.24  0.2804875197293524   
  2985.74  0.2804264762423477   
  2986.24  0.2803654169717161   
  2986.74  0.28030442048783183  
  2987.24  0.28024340822460525  
  2987.74  0.28018245869193087  
  2988.24  0.2801215326078709   
  2988.74  0.28006059075090256  
  2989.24  0.2799997115403352   
  2989.74  0.279938816561154    
  2990.24  0.27987798417235515  
  2990.74  0.2798171360192409   
  2991.24  0.2797563504005609   
  2991.74  0.2796955490218679   
  2992.24  0.27963481012173125  
  2992.74  0.2795740945540388   
  2993.24  0.27951336323279335  
  2993.74  0.27945269430642816  
  2994.24  0.2793920096308222   
  2994.74  0.2793313872943939   
  2995.24  0.2792707492130406   
  2995.74  0.27921017341523247  
  2996.24  0.279149581876819    
  2996.74  0.2790890525663879   
  2997.24  0.27902850751967484  
  2997.74  0.2789680246454511   
  2998.24  0.2789075649627008   
  2998.74  0.2788470895501602   
  2999.24  0.2787866762270086   
  2999.74  0.2787262471783995   
  3000.24  0.2786658801638602   
  3000.74  0.27860549742819996  
  3001.24  0.2785451766713594   
  3001.74  0.27848484019773834  
  3002.24  0.27842456564775625  
  3002.74  0.2783643141747331   
  3003.24  0.278304046991446    
  3003.74  0.27824384164916505  
  3004.24  0.2781836206009697   
  3004.74  0.27812346133877214  
  3005.24  0.2780632863750134   
  3005.74  0.2780031731423129   
  3006.24  0.277943044212408    
  3006.74  0.27788297695869063  
  3007.24  0.27782293266815355  
  3007.74  0.27776287268695327  
  3008.24  0.27770287429977175  
  3008.74  0.2776428602262928   
  3009.24  0.27758290769213323  
  3009.74  0.27752293947604567  
  3010.24  0.27746303274464607  
  3010.74  0.2774031103356915   
  3011.24  0.277343249356862    
  3011.74  0.27728341122816386  
  3012.24  0.277223557428476    
  3012.74  0.27716376497720513  
  3013.24  0.2771039568593263   
  3013.74  0.2770442100354716   
  3014.24  0.27698444754939405  
  3014.74  0.27692474630301556  
  3015.24  0.27686502939880303  
  3015.74  0.27680537368003205  
  3016.24  0.2767457406990677   
  3016.74  0.27668609206685824  
  3017.24  0.2766265045388397   
  3017.74  0.2765669013639734   
  3018.24  0.2765073592392093   
  3018.74  0.2764478014719983   
  3019.25  0.2763871172947234   
  3019.75  0.2763276053378593   
  3020.25  0.27626815432258434  
  3020.75  0.27620868767371815  
  3021.25  0.2761492819125548   
  3021.75  0.2760898987526401   
  3022.25  0.27603049996575124  
  3022.75  0.27597116198587013  
  3023.25  0.2759118083834308   
  3023.75  0.2758525155342805   
  3024.25  0.27579320706699123  
  3024.75  0.27573395929933875  
  3025.25  0.27567469591797006  
  3025.75  0.27561549318265266  
  3026.25  0.27555631293784955  
  3026.75  0.2754971170859697   
  3027.25  0.2754379817998962   
  3027.75  0.2753788309111769   
  3028.25  0.27531974053484454  
  3028.75  0.2752606345603005   
  3029.25  0.2752015890447903   
  3029.75  0.2751425279355058   
  3030.25  0.2750835272319683   
  3030.75  0.27502454890891653  
  3031.25  0.2749655549987519   
  3031.75  0.27490662141453626  
  3032.25  0.27484767224765316  
  3032.75  0.27478878335359697  
  3033.25  0.27472987888132194  
  3033.75  0.2746710346288177   
  3034.25  0.27461217480254635  
  3034.75  0.2745533751430554   
  3035.25  0.274494597754722    
  3035.75  0.27443580479930446  
  3036.25  0.274377071931313    
  3036.75  0.2743183235006969   
  3037.25  0.27425963510468016  
  3037.75  0.2742009311505016   
  3038.25  0.274142287178161    
  3038.75  0.27408362765212446  
  3039.25  0.2740250280552297   
  3039.75  0.2739664129091079   
  3040.25  0.2739078576394968   
  3040.75  0.2738493245083625   
  3041.25  0.2737907758347095   
  3041.75  0.2737322869587512   
  3042.25  0.2736737825447508   
  3042.75  0.27361533787597625  
  3043.25  0.27355687767363934  
  3043.75  0.2734984771641244   
  3044.25  0.2734400611255297   
  3044.75  0.2733817047274177   
  3045.25  0.27332337035999105  
  3045.75  0.2732650204702134   
  3046.25  0.27320673014253904  
  3046.75  0.2731484242970038   
  3047.25  0.27309017796139384  
  3047.75  0.273031916112416    
  3048.25  0.27297371372124957  
  3048.75  0.27291549582121144  
  3049.25  0.27285733732693507  
  3049.75  0.2727992007562356   
  3050.25  0.2727410486834132   
  3050.75  0.27268295593840675  
  3051.25  0.2726248476957806   
  3051.75  0.272566798729081    
  3052.25  0.2725087342692679   
  3052.75  0.2724507290335556   
  3053.25  0.2723927083092389   
  3053.75  0.27233474675726116  
  3054.25  0.2722768070224293   
  3054.75  0.2722188518057613   
  3055.25  0.2721609556839169   
  3055.75  0.2721030440847526   
  3056.25  0.27204519152880896  
  3056.75  0.2719873235000644   
  3057.25  0.2719295144630008   
  3057.75  0.2718716899576582   
  3058.25  0.2718139243925203   
  3058.75  0.2717561805387696   
  3059.25  0.2716984212235272   
  3059.75  0.2716407207714017   
  3060.25  0.2715830048623133   
  3060.75  0.2715253477650232   
  3061.25  0.2714676752153018   
  3061.75  0.27141006142612323  
  3062.25  0.2713524321890476   
  3062.75  0.271294861661322    
  3063.25  0.27123731273989204  
  3063.75  0.2711797483773709   
  3064.25  0.2711222426475366   
  3064.75  0.2710647214811522   
  3065.25  0.2710072588964185   
  3065.75  0.27094978087967864  
  3066.25  0.27089236139361594  
  3066.75  0.27083492648009344  
  3067.25  0.270777550046337    
  3067.75  0.27072019511444645  
  3068.25  0.2706628247619201   
  3068.75  0.27060551281291806  
  3069.25  0.2705481854478334   
  3069.75  0.27049091643551737  
  3070.25  0.2704336320116744   
  3070.75  0.2703764058899067   
  3071.25  0.2703191643611705   
  3071.75  0.2702619810838779   
  3072.25  0.27020481920467815  
  3072.75  0.2701476419253515   
  3073.25  0.2700905228216453   
  3073.75  0.27003338832237717  
  3074.25  0.26997631194825233  
  3074.75  0.2699192201831329   
  3075.25  0.2698621864927413   
  3075.75  0.26980513741592516  
  3076.25  0.269748146363483    
  3076.75  0.2696911399291887   
  3077.25  0.2696341914689759   
  3077.75  0.2695772642809058   
  3078.25  0.26952032171784635  
  3078.75  0.2694634370535527   
  3079.25  0.2694065370188484   
  3079.75  0.26934969483277066  
  3080.25  0.2692928372808636   
  3080.75  0.2692360375275047   
  3081.25  0.26917922241290027  
  3081.75  0.26912246504682674  
  3082.25  0.2690657288505643   
  3082.75  0.2690089772999358   
  3083.25  0.2689522834229345   
  3083.75  0.2688955741961571   
  3084.25  0.2688389225931418   
  3084.75  0.2687822556449427   
  3085.25  0.26872564627070117  
  3085.75  0.2686690215558705   
  3086.25  0.2686124543652535   
  3086.75  0.26855590824275627  
  3087.25  0.2684993467865658   
  3087.75  0.2684428427800944   
  3088.25  0.2683863234445305   
  3088.75  0.2683298615090927   
  3089.25  0.2682733842491655   
  3089.75  0.2682169643398318   
  3090.25  0.26816052911061405  
  3090.75  0.26810415118251724  
  3091.25  0.26804779422148445  
  3091.75  0.26799142194747955  
  3092.25  0.2679351069005072   
  3092.75  0.26787877654517395  
  3093.25  0.2678225033675507   
  3093.75  0.2677662148861801   
  3094.25  0.26770998353325676  
  3094.75  0.26765373688120186  
  3095.25  0.2675975473083912   
  3095.75  0.2675413786022196   
  3096.25  0.26748519460384385  
  3096.75  0.26742906761102747  
  3097.25  0.2673729253306284   
  3097.75  0.26731684000673456  
  3098.25  0.2672607393998818   
  3098.75  0.26720469570053956  
  3099.25  0.2671486367228644   
  3099.75  0.26709263460376437  
  3100.25  0.2670366532515043   
  3100.75  0.2669806566278538   
  3101.26  0.266923600365061    
  3101.76  0.2668676456739698   
  3102.26  0.2668117477188954   
  3102.76  0.26675583450174206  
  3103.26  0.26669997797187744  
  3103.76  0.2666441061845699   
  3104.26  0.2665882910358821   
  3104.76  0.26653246063438946  
  3105.26  0.26647668682290615  
  3105.76  0.26642093365690944  
  3106.26  0.2663651652450683   
  3106.76  0.26630945335043904  
  3107.26  0.2662537262146088   
  3107.76  0.2661980555475268   
  3108.26  0.2661423696438893   
  3108.76  0.2660867401605949   
  3109.26  0.2660310954453928   
  3109.76  0.26597550710218687  
  3110.26  0.2659199393060434   
  3110.76  0.2658643562849669   
  3111.26  0.2658088295634835   
  3111.76  0.26575328762171996  
  3112.26  0.2656978019313484   
  3112.76  0.2656423010253515   
  3113.26  0.26558685632260354  
  3113.76  0.26553139640888734  
  3114.26  0.2654759926503348   
  3114.76  0.2654206093410311   
  3115.26  0.26536521082774783  
  3115.76  0.2653098683976168   
  3116.26  0.26525451076816803  
  3116.76  0.2651992091739311   
  3117.26  0.2651438923850406   
  3117.76  0.265088631583479    
  3118.26  0.26503335559192986  
  3118.76  0.2649781355398843   
  3119.26  0.26492290030251936  
  3119.76  0.26486772095689015  
  3120.26  0.26481256194178154  
  3120.76  0.2647573877483584   
  3121.26  0.2647022693751347   
  3121.76  0.26464713582826954  
  3122.26  0.26459205805397934  
  3122.76  0.26453696511072256  
  3123.26  0.2644819278924735   
  3123.76  0.26442687550993466  
  3124.26  0.2643718788048934   
  3124.76  0.26431690233389915  
  3125.26  0.2642619107056332   
  3125.76  0.2642069746837142   
  3126.26  0.2641520235092049   
  3126.76  0.26409712789367484  
  3127.26  0.264042217130238    
  3127.76  0.26398736187846933  
  3128.26  0.26393249148347925  
  3128.76  0.26387767655290306  
  3129.26  0.2638228817604961   
  3129.76  0.2637680718318985   
  3130.26  0.2637133172969471   
  3130.76  0.26365854763049495  
  3131.26  0.2636038333105761   
  3131.76  0.2635491038638483   
  3132.26  0.26349442971659726  
  3132.76  0.263439740447231    
  3133.26  0.2633851064303413   
  3133.76  0.26333049245633416  
  3134.26  0.2632758633672548   
  3134.76  0.2632212894602647   
  3135.26  0.26316670044290047  
  3135.76  0.2631121665607657   
  3136.26  0.26305761757295665  
  3136.76  0.26300312367357337  
  3137.26  0.26294861467321745  
  3137.76  0.2628941607145394   
  3138.26  0.26283972670404393  
  3138.76  0.2627852775996309   
  3139.26  0.2627308834668861   
  3139.76  0.2626764742449298   
  3140.26  0.2626221199480333   
  3140.76  0.26256775056663306  
  3141.26  0.2625134360637399   
  3141.76  0.2624591064810523   
  3142.26  0.26240483173037465  
  3142.76  0.26235057683376173  
  3143.26  0.26229630686442107  
  3143.76  0.2622420916574558   
  3144.26  0.2621878613824765   
  3144.76  0.2621336858235139   
  3145.26  0.2620794952012526   
  3145.76  0.2620253592487045   
  3146.26  0.2619712082375748   
  3146.76  0.26191711184990984  
  3147.26  0.26186303522276955  
  3147.76  0.26180894354412554  
  3148.26  0.26175490641968446  
  3148.76  0.2617008542484608   
  3149.26  0.2616468565853292   
  3149.76  0.2615928438801378   
  3150.26  0.2615388856369826   
  3150.76  0.2614849123564919   
  3151.26  0.2614309934920361   
  3151.76  0.26137709429513845  
  3152.26  0.26132318006799415  
  3152.76  0.2612693201879929   
  3153.26  0.2612154452824734   
  3153.76  0.26116162467823245  
  3154.26  0.26110778905320314  
  3154.76  0.2610540076836423   
  3155.26  0.2610002112980245   
  3155.76  0.26094646912211944  
  3156.26  0.2608927119348906   
  3156.76  0.2608390089116731   
  3157.26  0.2607853254431595   
  3157.76  0.26073162697042385  
  3158.26  0.2606779825932564   
  3158.76  0.26062432321660384  
  3159.26  0.2605707178899536   
  3159.76  0.2605170975685565   
  3160.26  0.26046353125164984  
  3160.76  0.26040994994473626  
  3161.26  0.2603564225968552   
  3161.76  0.2603029147119704   
  3162.26  0.2602493918441905   
  3162.76  0.2601959228673644   
  3163.26  0.2601424389123869   
  3163.76  0.26008900880303987  
  3164.26  0.26003556372028647  
  3164.76  0.25998217243789373  
  3165.26  0.25992876618684113  
  3165.76  0.259875413690933    
  3166.26  0.259822080566873    
  3166.76  0.25976873248127486  
  3167.26  0.25971543808310454  
  3167.76  0.25966212872814615  
  3168.26  0.259608873015533    
  3168.76  0.2595556023508833   
  3169.26  0.2595023852835496   
  3169.76  0.25944915326893225  
  3170.26  0.2593959748066548   
  3170.76  0.2593428156256328   
  3171.26  0.2592896415044585   
  3171.76  0.2592365208682668   
  3172.26  0.2591833852966792   
  3172.76  0.25913030316523084  
  3173.26  0.2590772061031443   
  3173.76  0.25902416243640664  
  3174.26  0.2589711038437899   
  3174.76  0.25891809860178444  
  3175.26  0.258865112550993    
  3175.76  0.25881211158146294  
  3176.26  0.2587591638955439   
  3176.76  0.2587062012956488   
  3177.26  0.2586532919347589   
  3177.76  0.2586003676646567   
  3178.26  0.25854749658900655  
  3178.76  0.25849461060890927  
  3179.26  0.2584417777787632   
  3179.76  0.25838896405033684  
  3180.26  0.2583361354246127   
  3180.76  0.25828335988219414  
  3181.26  0.2582305694472462   
  3181.76  0.258177832051234    
  3182.26  0.2581250797674621   
  3182.77  0.2580713287223388   
  3183.27  0.2580186149302547   
  3183.77  0.2579659540880819   
  3184.27  0.25791327836774003  
  3184.77  0.2578606555530965   
  3185.27  0.25780805173133076  
  3185.77  0.25775543303855575  
  3186.27  0.2577028671852643   
  3186.77  0.25765028646573895  
  3187.27  0.25759775854161415  
  3187.77  0.25754521575603184  
  3188.27  0.25749272572181875  
  3188.77  0.25744022083092594  
  3189.27  0.25738776864742274  
  3189.77  0.2573353353685054   
  3190.27  0.25728288724007636  
  3190.77  0.2572304917531714   
  3191.27  0.25717808142153553  
  3191.77  0.25712572368757297  
  3192.27  0.25707335111366136  
  3192.77  0.2570210310936239   
  3193.27  0.2569686962384204   
  3193.77  0.2569164138933432   
  3194.27  0.2568641503650941   
  3194.77  0.25681187200885486  
  3195.27  0.2567596460972233   
  3195.77  0.2567074053623875   
  3196.27  0.2566552170285396   
  3196.77  0.25660301387627454  
  3197.27  0.25655086308142866  
  3197.77  0.2564986974729538   
  3198.27  0.2564465841783803   
  3198.77  0.2563944560749672   
  3199.27  0.2563423802419887   
  3199.77  0.2562903231192975   
  3200.27  0.25623825119495186  
  3200.77  0.25618623147594305  
  3201.27  0.2561341969600718   
  3201.77  0.25608221460619757  
  3202.27  0.256030217460254    
  3202.77  0.2559782724330184   
  3203.27  0.2559263126185076   
  3203.77  0.2558744048794663   
  3204.27  0.25582251576412707  
  3204.77  0.2557706118687052   
  3205.27  0.25571875998399657  
  3205.77  0.25566689332400216  
  3206.27  0.2556150786316086   
  3206.77  0.2555632491687271   
  3207.27  0.2555114716303844   
  3207.77  0.2554596793263526   
  3208.27  0.2554079389038479   
  3208.77  0.25535621701898154  
  3209.27  0.2553044803756255   
  3209.77  0.2552527955493798   
  3210.27  0.25520109596944585  
  3210.77  0.25514944816373575  
  3211.27  0.2550977856091398   
  3211.77  0.2550461747859312   
  3212.27  0.2549945492186402   
  3212.77  0.2549429753399498   
  3213.27  0.2548914199133515   
  3213.77  0.25483984974987695  
  3214.27  0.2547883312109235   
  3214.77  0.2547367979398996   
  3215.27  0.25468531625073465  
  3215.77  0.254633819834306    
  3216.27  0.2545823749571238   
  3216.77  0.2545309153574857   
  3217.27  0.25447950725453106  
  3217.77  0.2544281175186359   
  3218.27  0.25437671306749743  
  3218.77  0.2543253600492977   
  3219.27  0.25427399232066455  
  3219.77  0.25422267598253095  
  3220.27  0.25417134493877497  
  3220.77  0.25412006524312847  
  3221.27  0.25406877084667145  
  3221.77  0.2540175277559832   
  3222.27  0.2539663029478317   
  3222.77  0.25391506344608833  
  3223.27  0.2538638751867016   
  3223.77  0.2538126722385372   
  3224.27  0.2537615204905115   
  3224.77  0.25371035405852294  
  3225.27  0.2536592387845041   
  3225.77  0.25360810883133833  
  3226.27  0.25355702999402224  
  3226.77  0.25350596935522635  
  3227.27  0.253454894044508    
  3227.77  0.25340386978655766  
  3228.27  0.2533528308615028   
  3228.77  0.2533018429472178   
  3229.27  0.25325084037064716  
  3229.77  0.253199888762897    
  3230.27  0.25314892249768073  
  3230.77  0.25309800715938413  
  3231.27  0.2530471099360935   
  3231.77  0.25299619806256685  
  3232.27  0.2529453370532064   
  3232.77  0.2528944613984315   
  3233.27  0.25284363656604314  
  3233.77  0.2527927970930628   
  3234.27  0.2527420084007376   
  3234.77  0.2526912050726437   
  3235.27  0.2526404524835219   
  3235.77  0.25258968526345527  
  3236.27  0.25253896874072584  
  3236.77  0.2524882702316057   
  3237.27  0.25243755709877747  
  3237.77  0.252386894600931    
  3238.27  0.25233621748420226  
  3238.77  0.2522855909609406   
  3239.27  0.2522349498236234   
  3239.77  0.2521843592383064   
  3240.27  0.2521337540437612   
  3240.77  0.25208319935979745  
  3241.27  0.25203266260703205  
  3241.77  0.25198211125228     
  3242.27  0.2519316103460773   
  3242.77  0.25188109484271715  
  3243.27  0.2518306297466069   
  3243.77  0.25178015005816906  
  3244.27  0.25172972073572913  
  3244.77  0.2516792768257923   
  3245.27  0.251628883240649    
  3245.77  0.2515785075047837   
  3246.27  0.25152811718866785  
  3246.77  0.2514777771356347   
  3247.27  0.25142742250718325  
  3247.77  0.2513771181007287   
  3248.27  0.25132679912368894  
  3248.77  0.2512765303276076   
  3249.27  0.2512262469657746   
  3249.77  0.2511760137439089   
  3250.27  0.2511257982898878   
  3250.77  0.2510755682773659   
  3251.27  0.2510253883434194   
  3251.77  0.2509751938558074   
  3252.27  0.2509250494058974   
  3252.77  0.25087489040715777  
  3253.27  0.25082478140529363  
  3253.77  0.2507746578594364   
  3254.27  0.25072458426967525  
  3254.77  0.2506745283668087   
  3255.27  0.2506244579272042   
  3255.77  0.25057443738262086  
  3256.27  0.2505244023061376   
  3256.77  0.2504744170840129   
  3257.27  0.25042441733482695  
  3257.77  0.2503744673993838   
  3258.27  0.25032450294171854  
  3258.77  0.2502745882572269   
  3259.27  0.25022469117915996  
  3259.77  0.25017477958613005  
  3260.27  0.25012491770551365  
  3260.77  0.25007504131477504  
  3261.27  0.25002521459599697  
  3261.77  0.24997537337193787  
  3262.27  0.24992558177943272  
  3262.77  0.24987577568648833  
  3263.27  0.24982601918473757  
  3263.77  0.24977628020941783  
  3264.28  0.24972553441124218  
  3264.78  0.24967583082290035  
  3265.28  0.24962611274627364  
  3265.78  0.2495764441597471   
  3266.28  0.24952676108977936  
  3266.78  0.24947712746971354  
  3267.28  0.24942747937105067  
  3267.78  0.24937788068213737  
  3268.28  0.2493282675194717   
  3268.78  0.24927870372644925  
  3269.28  0.24922915736255355  
  3269.78  0.24917959653217273  
  3270.28  0.24913008501136794  
  3270.78  0.24908055902892393  
  3271.28  0.2490310823160641   
  3271.78  0.24898159114641152  
  3272.28  0.2489321492063969   
  3272.78  0.24888269281443645  
  3273.28  0.24883328561221346  
  3273.78  0.24878389576017093  
  3274.28  0.24873449146345294  
  3274.78  0.2486851362967135   
  3275.28  0.24863576669014664  
  3275.78  0.24858644617377157  
  3276.28  0.24853711122241753  
  3276.78  0.24848782532151398  
  3277.28  0.2484385249904804   
  3277.78  0.24838927367020125  
  3278.28  0.2483400079246415   
  3278.78  0.24829079115018535  
  3279.28  0.24824159163005072  
  3279.78  0.24819237769190955  
  3280.28  0.24814321266548695  
  3280.78  0.24809403322590823  
  3281.28  0.2480449026585102   
  3281.78  0.2479957576828069   
  3282.28  0.24794666153979142  
  3282.78  0.2478975509933219   
  3283.28  0.24784848924009223  
  3283.78  0.24779944466326723  
  3284.28  0.24775038569026497  
  3284.78  0.2477013754514213   
  3285.28  0.24765235082125253  
  3285.78  0.24760337488590656  
  3286.28  0.2475543845640881   
  3286.78  0.24750544289780133  
  3287.28  0.24745648684989502  
  3287.78  0.24740757941827404  
  3288.28  0.24735868908559872  
  3288.78  0.24730978437858317  
  3289.28  0.24726092822907328  
  3289.78  0.247212057710077    
  3290.28  0.24716323570945137  
  3290.78  0.24711439934419352  
  3291.28  0.24706561145821576  
  3291.78  0.24701680921246028  
  3292.28  0.24696805540693872  
  3292.78  0.24691931862335836  
  3293.28  0.2468705674872819   
  3293.78  0.2468218647329594   
  3294.28  0.24677314763099603  
  3294.78  0.24672447887185114  
  3295.28  0.24667579576992105  
  3295.78  0.24662716097191806  
  3296.28  0.24657851183598573  
  3296.78  0.24652991096513327  
  3297.28  0.2464813270396688   
  3297.78  0.2464327287835586   
  3298.28  0.24638417873434612  
  3298.78  0.24633561435934456  
  3299.28  0.24628709815250333  
  3299.78  0.24623856762472995  
  3300.28  0.2461900852264234   
  3300.78  0.2461415885120419   
  3301.28  0.24609313988847756  
  3301.78  0.24604470813419602  
  3302.28  0.24599626207112502  
  3302.78  0.24594786404098481  
  3303.28  0.24589945170691294  
  3303.78  0.2458510873672314   
  3304.28  0.24580270872847632  
  3304.78  0.24575437804561462  
  3305.28  0.24570603306853767  
  3305.78  0.24565773600890073  
  3306.28  0.24560945574288626  
  3306.78  0.2455611611899436   
  3307.28  0.24551291449684853  
  3307.78  0.24546465352168417  
  3308.28  0.24541644036802254  
  3308.78  0.2453682129371507   
  3309.28  0.24532003328948     
  3309.78  0.2452718393694584   
  3310.28  0.24522369319437953  
  3310.78  0.24517556373770427  
  3311.28  0.24512742001596663  
  3311.78  0.24507932398187127  
  3312.28  0.24503121368757336  
  3312.78  0.24498315104276713  
  3313.28  0.2449350741426183   
  3313.78  0.24488704485385365  
  3314.28  0.24483900131460656  
  3314.78  0.24479100534867898  
  3315.28  0.24474299513712927  
  3315.78  0.2446950324608774   
  3316.28  0.24464708641168945  
  3316.78  0.24459912612416929  
  3317.28  0.2445512133150008   
  3317.78  0.24450328627236087  
  3318.28  0.2444554066701578   
  3318.78  0.24440751283934417  
  3319.28  0.24435966641109527  
  3319.78  0.2443118057590968   
  3320.28  0.24426399247183359  
  3320.78  0.24421619573738534  
  3321.28  0.2441683847864785   
  3321.78  0.2441206211436485   
  3322.28  0.2440728432892212   
  3322.78  0.24402511270514743  
  3323.28  0.24397736791433786  
  3323.78  0.24392967035620094  
  3324.28  0.24388195859618972  
  3324.78  0.24383429403121268  
  3325.28  0.24378664594523322  
  3325.78  0.24373898366467117  
  3326.28  0.2436913685227708   
  3326.78  0.24364373919114962  
  3327.28  0.2435961569606571   
  3327.78  0.2435485605453057   
  3328.28  0.2435010111935921   
  3328.78  0.24345344766188157  
  3329.28  0.24340593115636006  
  3329.78  0.24335843105644706  
  3330.28  0.2433109167838294   
  3330.78  0.24326344948131234  
  3331.28  0.24321596801095274  
  3331.78  0.2431685334733498   
  3332.28  0.24312108477276653  
  3332.78  0.24307368296763782  
  3333.28  0.24302626700439106  
  3333.78  0.24297889789933855  
  3334.28  0.24293154512693077  
  3334.78  0.24288417820369765  
  3335.28  0.24283685808285252  
  3335.78  0.24278952381604438  
  3336.28  0.24274223631446812  
  3336.78  0.24269493467179123  
  3337.28  0.24264767975723175  
  3337.78  0.24260041070643398  
  3338.28  0.2425531883466806   
  3338.78  0.24250598224703052  
  3339.28  0.24245876201843505  
  3339.78  0.24241158842535812  
  3340.28  0.24236440070819826  
  3340.78  0.2423172595895874   
  3341.28  0.24227010435175608  
  3341.78  0.24222299567554562  
  3342.28  0.24217587288497705  
  3342.78  0.24212879661914247  
  3343.28  0.24208173654128895  
  3343.78  0.24203466235637017  
  3344.28  0.24198763464093812  
  3344.78  0.24194059282330327  
  3345.28  0.241893597438371    
  3345.79  0.24184565035093866  
  3346.29  0.24179868758672357  
  3346.79  0.24175171073007887  
  3347.29  0.24170478023232572  
  3347.79  0.24165783564700527  
  3348.29  0.24161093738391565  
  3348.79  0.24156405522106386  
  3349.29  0.24151715897793738  
  3349.79  0.2414703090021331   
  3350.29  0.24142344495091636  
  3350.79  0.24137662713046318  
  3351.29  0.24132979523945963  
  3351.79  0.24128300954270168  
  3352.29  0.2412362097802554   
  3352.79  0.24118945617557747  
  3353.29  0.24114271859993708  
  3353.79  0.24109596696590055  
  3354.29  0.24104926143499836  
  3354.79  0.24100254185056194  
  3355.29  0.24095586833288393  
  3355.79  0.2409091807665335   
  3356.29  0.240862539230606    
  3356.79  0.24081588365086776  
  3357.29  0.24076927406525747  
  3357.79  0.24072265044069802  
  3358.29  0.24067607277401176  
  3358.79  0.24062951104989613  
  3359.29  0.24058293529412275  
  3359.79  0.24053640544192192  
  3360.29  0.24048986156292462  
  3360.79  0.24044336355134577  
  3361.29  0.24039685151783172  
  3361.79  0.24035038531562208  
  3362.29  0.24030390509633834  
  3362.79  0.24025747067228514  
  3363.29  0.2402110521205089   
  3363.79  0.24016461955894916  
  3364.29  0.24011823273858995  
  3364.79  0.240071831913308    
  3365.29  0.24002547679325267  
  3365.79  0.23997910767313518  
  3366.29  0.23993278422231026  
  3366.79  0.23988644677628365  
  3367.29  0.23984015496365538  
  3367.79  0.23979387895341372  
  3368.29  0.23974758895526     
  3368.79  0.2397013445367436   
  3369.29  0.2396550861351752   
  3369.79  0.2396088732774492   
  3370.29  0.23956264644153114  
  3370.79  0.23951646511370014  
  3371.29  0.23947026981253677  
  3371.79  0.23942411998374483  
  3372.29  0.23937798588784961  
  3372.79  0.23933183782591044  
  3373.29  0.23928573518284896  
  3373.79  0.23923961857860276  
  3374.29  0.23919354735761722  
  3374.79  0.23914746218030605  
  3375.29  0.23910142235067788  
  3375.79  0.23905536856958295  
  3376.29  0.23900936010063262  
  3376.79  0.2389633672954868   
  3377.29  0.23891736054616136  
  3377.79  0.23887139905575233  
  3378.29  0.23882542362602205  
  3378.79  0.2387794934197679   
  3379.29  0.23873354927905058  
  3379.79  0.2386876503264082   
  3380.29  0.2386417374441606   
  3380.79  0.23859586971462587  
  3381.29  0.23855001758019823  
  3381.79  0.23850415152345095  
  3382.29  0.23845833056645221  
  3382.79  0.23841249569199116  
  3383.29  0.23836670588201397  
  3383.79  0.2383209021594315   
  3384.29  0.23827514346610712  
  3384.79  0.23822937086503426  
  3385.29  0.2381836432580325   
  3385.79  0.23813793117783258  
  3386.29  0.23809220519716814  
  3386.79  0.23804652415787264  
  3387.29  0.23800082922296883  
  3387.79  0.2379551791943438   
  3388.29  0.23790951527496634  
  3388.79  0.23786389622681617  
  3389.29  0.23781826329276914  
  3389.79  0.2377726751949364   
  3390.29  0.23772710255598947  
  3390.79  0.23768151603842785  
  3391.29  0.2376359743046389   
  3391.79  0.2375904186970902   
  3392.29  0.23754490783839735  
  3392.79  0.23749938311079938  
  3393.29  0.23745390309717893  
  3393.79  0.23740840921950765  
  3394.29  0.2373629600209738   
  3394.79  0.2373174969632432   
  3395.29  0.23727207854984822  
  3395.79  0.23722667551285476  
  3396.29  0.2371812586239442   
  3396.79  0.23713588632724383  
  3397.29  0.23709050018347963  
  3397.79  0.23704515859721928  
  3398.29  0.236999803168748    
  3398.79  0.2369544922631123   
  3399.29  0.23690916752011829  
  3399.79  0.23686388726532964  
  3400.29  0.2368186223198819   
  3400.79  0.23677334354435337  
  3401.29  0.2367281092051616   
  3401.79  0.23668286104074077  
  3402.29  0.23663765727812136  
  3402.79  0.23659243969512428  
  3403.29  0.23654726647943108  
  3403.79  0.2365020794482113   
  3404.29  0.23645693674983567  
  3404.79  0.2364118092941209   
  3405.29  0.23636666803015477  
  3405.79  0.23632157104741938  
  3406.29  0.2362764602612828   
  3406.79  0.23623139372201146  
  3407.29  0.23618631338418872  
  3407.79  0.23614127725890333  
  3408.29  0.236096227339916    
  3408.79  0.23605122159917566  
  3409.29  0.23600623103479412  
  3409.79  0.23596122668398337  
  3410.29  0.23591626646005986  
  3410.79  0.2358712924545556   
  3411.29  0.23582636254174186  
  3411.79  0.23578141885219547  
  3412.29  0.23573651922118033  
  3412.79  0.23569160581828025  
  3413.29  0.23564673643978937  
  3413.79  0.2356018821717305   
  3414.29  0.23555701413905678  
  3414.79  0.23551219007968455  
  3415.29  0.2354673522605441   
  3415.79  0.23542255838067624  
  3416.29  0.23537775074588643  
  3416.79  0.23533298701637737  
  3417.29  0.23528820953679228  
  3417.79  0.23524347592853317  
  3418.29  0.235198757365152    
  3418.79  0.23515402505896205  
  3419.29  0.23510933657324085  
  3419.79  0.23506463434955566  
  3420.29  0.23501997591247692  
  3420.79  0.2349753037422786   
  3421.29  0.23493067532486137  
  3421.79  0.2348860331791685   
  3422.29  0.2348414347524682   
  3422.79  0.2347968513054618   
  3423.29  0.2347522541374441   
  3423.79  0.23470770063781057  
  3424.29  0.23466313342200856  
  3424.79  0.23461860984089403  
  3425.29  0.23457407254845342  
  3425.79  0.23452957885704037  
  3426.29  0.23448507145914313  
  3426.79  0.23444060762865004  
  3427.3   0.23439524298745593  
  3427.8   0.23435080928664248  
  3428.3   0.23430639048620877  
  3428.8   0.23426195799144126  
  3429.3   0.23421756897985033  
  3429.8   0.2341731662787659   
  3430.3   0.23412880702736277  
  3430.8   0.23408443409130592  
  3431.3   0.23404010457147156  
  3431.8   0.23399576137182274  
  3432.3   0.23395146155497396  
  3432.8   0.2339071480631495   
  3433.3   0.23386287792073882  
  3433.8   0.23381862260008227  
  3434.3   0.23377435361170656  
  3434.8   0.2337301279227386   
  3435.3   0.2336858885708891   
  3435.8   0.23364169248515154  
  3436.3   0.23359748274136952  
  3436.8   0.23355331623043976  
  3437.3   0.23350913606630216  
  3437.8   0.23346499910179325  
  3438.3   0.23342087689511046  
  3438.8   0.23337674104247288  
  3439.3   0.23333264833970147  
  3439.8   0.23328854199581056  
  3440.3   0.23324447876865215  
  3440.8   0.23320040190520894  
  3441.3   0.23315636812540044  
  3441.8   0.23311232071414145  
  3442.3   0.23306831635345515  
  3442.8   0.23302432668702577  
  3443.3   0.23298032339639546  
  3443.8   0.23293636310681726  
  3444.3   0.23289238919787103  
  3444.8   0.23284845825700434  
  3445.3   0.2328045137016019   
  3445.8   0.23276061208134208  
  3446.3   0.2327166968513783   
  3446.8   0.23267282452365579  
  3447.3   0.23262896682697734  
  3447.8   0.2325850955278408   
  3448.3   0.23254126708166548  
  3448.8   0.23249742503786242  
  3449.3   0.23245362581420803  
  3449.8   0.23240981299775576  
  3450.3   0.23236604296867508  
  3450.8   0.23232225935162573  
  3451.3   0.23227851848920628  
  3451.8   0.2322347921949719   
  3452.3   0.23219105232001092  
  3452.8   0.23214735515063872  
  3453.3   0.23210364440536768  
  3453.8   0.232059976333032    
  3454.3   0.23201629468962476  
  3454.8   0.23197265568653458  
  3455.3   0.23192900311719947  
  3455.8   0.2318853931555983   
  3456.3   0.23184179769967467  
  3456.8   0.23179818868474422  
  3457.3   0.23175462222874416  
  3457.8   0.2317110422185624   
  3458.3   0.23166750473481562  
  3458.8   0.23162395370171168  
  3459.3   0.23158044516258236  
  3459.8   0.23153692307891982  
  3460.3   0.2314934434568064   
  3460.8   0.231449978278212    
  3461.3   0.2314064995623184   
  3461.8   0.2313630632594064   
  3462.3   0.23131961342401752  
  3462.8   0.23127620596927195  
  3463.3   0.23123278498687136  
  3463.8   0.23118940635281052  
  3464.3   0.2311460141959158   
  3464.8   0.23110266435509202  
  3465.3   0.23105932889597539  
  3465.8   0.2310159799212546   
  3466.3   0.2309726732142718   
  3466.8   0.23092935299650447  
  3467.3   0.2308860750142929   
  3467.8   0.23084278352611573  
  3468.3   0.23079953424134675  
  3468.8   0.23075627145543037  
  3469.3   0.2307130508408091   
  3469.8   0.23066984454642725  
  3470.3   0.2306266247581235   
  3470.8   0.23058344709301493  
  3471.3   0.2305402559388011   
  3471.8   0.23049710687575542  
  3472.3   0.23045394432842045  
  3472.8   0.23041082384026093  
  3473.3   0.23036768987262748  
  3473.8   0.2303245979322111   
  3474.3   0.23028149251713542  
  3474.8   0.2302384290973527   
  3475.3   0.2301953799231459   
  3475.8   0.23015231728149974  
  3476.3   0.23010929658732956  
  3476.8   0.23006626243053305  
  3477.3   0.23002327018937382  
  3477.8   0.22998026449040054  
  3478.3   0.22993730067525994  
  3478.8   0.22989432340711688  
  3479.3   0.22985138799103594  
  3479.8   0.22980846675981978  
  3480.3   0.2297655320828165   
  3480.8   0.2297226392102883   
  3481.3   0.22967973289678284  
  3481.8   0.22963686835606678  
  3482.3   0.22959399037918268  
  3482.8   0.22955115414343616  
  3483.3   0.22950830447633006  
  3483.8   0.2294654965187436   
  3484.3   0.2294227026856475   
  3484.8   0.22937989542840242  
  3485.3   0.22933712983331841  
  3485.8   0.22929435081889216  
  3486.3   0.22925161343509337  
  3486.8   0.2292088626367583   
  3487.3   0.22916615343755076  
  3487.8   0.22912343082861222  
  3488.3   0.2290807497873349   
  3488.8   0.22903808281050797  
  3489.3   0.2289954024311558   
  3489.8   0.2289527635723334   
  3490.3   0.22891011131578917  
  3490.8   0.22886750054839225  
  3491.3   0.22882487638807628  
  3491.8   0.22878229368555858  
  3492.3   0.2287396975949238   
  3492.8   0.22869714293077173  
  3493.3   0.2286546022713622   
  3493.8   0.22861204823103634  
  3494.3   0.22856953557028745  
  3494.8   0.22852700953342234  
  3495.3   0.22848452484490198  
  3495.8   0.22844202678506473  
  3496.3   0.2283995700423732   
  3496.8   0.22835709993316347  
  3497.3   0.22831467110993367  
  3497.8   0.22827225623206843  
  3498.3   0.22822982799488065  
  3498.8   0.22818744099699134  
  3499.3   0.22814504064457625  
  3499.8   0.22810268150037663  
  3500.3   0.22806030900644716  
  3500.8   0.2280179776896833   
  3501.3   0.22797563302798474  
  3501.8   0.2279333295124349   
  3502.3   0.2278910398831992   
  3502.8   0.22784873691621935  
  3503.3   0.22780647504892962  
  3503.8   0.22776419984868895  
  3504.3   0.22772196571720388  
  3504.8   0.22767971825756025  
  3505.3   0.2276375118357705   
  3505.8   0.22759529209061385  
  3506.3   0.2275531133524421   
  3506.8   0.2275109484418596   
  3507.3   0.22746877021509543  
  3507.8   0.22742663294907914  
  3508.3   0.22738448237167092  
  3508.81  0.22734153229863102  
  3509.31  0.22729940962006082  
  3509.81  0.22725732784039018  
  3510.31  0.22721523275895236  
  3510.81  0.22717317854569255  
  3511.31  0.2271311110354528   
  3511.81  0.2270890843627021   
  3512.31  0.22704704439775783  
  3512.81  0.2270050452396462   
  3513.31  0.22696305982473902  
  3513.81  0.22692106112481567  
  3514.31  0.226879103185806    
  3514.81  0.22683713196656458  
  3515.31  0.22679520147766144  
  3515.81  0.22675325771331015  
  3516.31  0.22671135464875408  
  3516.81  0.2266694383135326   
  3517.31  0.22662756264759568  
  3517.81  0.22658570066692513  
  3518.31  0.22654382542276094  
  3518.81  0.22650199080218067  
  3519.31  0.2264601429228874   
  3519.81  0.22641833563674793  
  3520.31  0.22637651509667533  
  3520.81  0.22633473511935856  
  3521.31  0.22629294189288765  
  3521.81  0.2262511891988067   
  3522.31  0.22620945013237193  
  3522.81  0.2261676978239491   
  3523.31  0.22612598600243256  
  3523.81  0.22608426094370482  
  3524.31  0.2260425763415976   
  3524.81  0.2260008785070553   
  3525.31  0.2259592210988797   
  3525.81  0.22591755046304413  
  3526.31  0.22587592022335345  
  3526.81  0.22583430355400436  
  3527.31  0.22579267366415567  
  3527.81  0.2257510841251837   
  3528.31  0.22570948137048513  
  3528.81  0.22566791893652105  
  3529.31  0.2256263432916025   
  3529.81  0.22558480793730798  
  3530.31  0.22554325937683023  
  3530.81  0.22550175107689777  
  3531.31  0.22546025629031596  
  3531.81  0.22541874830470543  
  3532.31  0.2253772805345863   
  3532.81  0.22533579957020752  
  3533.31  0.22529435879132054  
  3533.81  0.22525290482294205  
  3534.31  0.22521149101008733  
  3534.81  0.22517006401250844  
  3535.31  0.22512867714051682  
  3535.81  0.22508730372519636  
  3536.31  0.22504591713230027  
  3536.81  0.2250045706201505   
  3537.31  0.22496321093519014  
  3537.81  0.22492189130111828  
  3538.31  0.224880558499       
  3538.81  0.22483926571794371  
  3539.31  0.2247979597736043   
  3539.81  0.22475669382053176  
  3540.31  0.22471544126776033  
  3540.81  0.2246741755588482   
  3541.31  0.22463294979657372  
  3541.81  0.22459171088291954  
  3542.31  0.22455051188618605  
  3542.81  0.22450929974283296  
  3543.31  0.2244681274867148   
  3543.81  0.2244269420887362   
  3544.31  0.22438579654833796  
  3544.81  0.224344664352178    
  3545.31  0.22430351902129386  
  3545.81  0.22426241350357126  
  3546.31  0.22422129485588133  
  3546.81  0.22418021599177598  
  3547.31  0.2241391240024593   
  3547.81  0.22409807176718133  
  3548.31  0.22405700641144696  
  3548.81  0.22401598078023635  
  3549.31  0.2239749420333235   
  3549.81  0.22393394298145036  
  3550.31  0.2238929572057082   
  3550.81  0.22385195832139243  
  3551.31  0.22381099908795296  
  3551.81  0.22377002675069155  
  3552.31  0.22372909403489957  
  3552.81  0.22368814822003644  
  3553.31  0.22364724199726663  
  3553.81  0.22360632268017552  
  3554.31  0.22356544292583233  
  3554.81  0.22352457639223292  
  3555.31  0.2234836967714344   
  3555.81  0.223442856669428    
  3556.31  0.22340200348496997  
  3556.81  0.22336118979003536  
  3557.31  0.22332036301739558  
  3557.81  0.22327957570504106  
  3558.31  0.223238775319727    
  3558.81  0.22319801436549058  
  3559.31  0.22315726657691137  
  3559.81  0.22311650572248837  
  3560.31  0.22307578425539348  
  3560.81  0.22303504972719795  
  3561.31  0.22299435455719915  
  3561.81  0.22295364633084186  
  3562.31  0.22291297743358032  
  3562.81  0.22287229548470144  
  3563.31  0.22283165283584774  
  3563.81  0.22279102329786346  
  3564.31  0.22275038071537095  
  3564.81  0.2227097773893592   
  3565.31  0.22266916102357806  
  3565.81  0.2226285838852828   
  3566.31  0.22258799371195584  
  3566.81  0.22254744273715008  
  3567.31  0.22250687873204944  
  3567.81  0.22246635389653555  
  3568.31  0.22242584211739985  
  3568.81  0.22238531731507183  
  3569.31  0.22234483163898996  
  3569.81  0.22230433294445     
  3570.31  0.22226387334729703  
  3570.81  0.22222340073641925  
  3571.31  0.22218296719409925  
  3571.81  0.22214252064278678  
  3572.31  0.22210211313123296  
  3572.81  0.222061718621861    
  3573.31  0.2220213111105923   
  3573.81  0.22198094259594434  
  3574.31  0.22194056108412943  
  3574.81  0.2219002185402109   
  3575.31  0.22185986300385419  
  3575.81  0.22181954640669937  
  3576.31  0.22177921682183416  
  3576.81  0.2217389261475062   
  3577.31  0.22169864842145648  
  3577.81  0.22165835771478531  
  3578.31  0.22161810587571487  
  3578.81  0.22157784106074818  
  3579.31  0.22153761508479194  
  3579.81  0.22149737613766368  
  3580.31  0.22145717600098522  
  3580.81  0.22141696289785792  
  3581.31  0.2213767885766495   
  3581.81  0.22133662715010652  
  3582.31  0.22129645276419674  
  3582.81  0.22125631711746946  
  3583.31  0.22121616851609602  
  3583.81  0.22117605862544806  
  3584.31  0.22113593578487345  
  3584.81  0.22109585162659684  
  3585.31  0.22105575452311207  
  3585.81  0.22101569607352728  
  3586.31  0.22097565046528403  
  3586.81  0.22093559191890766  
  3587.31  0.22089557198389392  
  3587.81  0.22085553911546302  
  3588.31  0.22081554483007013  
  3588.81  0.22077553761597496  
  3589.31  0.2207355689566226   
  3589.81  0.22069558737328174  
  3590.31  0.22065564431641774  
  3590.82  0.2206148914079166   
  3591.32  0.22057497418511193  
  3591.82  0.22053504404779029  
  3592.32  0.22049515238022     
  3592.82  0.22045527347735613  
  3593.32  0.22041538166704008  
  3593.82  0.22037552828422385  
  3594.32  0.22033566199866442  
  3594.82  0.22029583411247047  
  3595.32  0.22025599332824133  
  3595.82  0.2202161909152724   
  3596.32  0.2201763756089752   
  3596.82  0.220136598645862    
  3597.32  0.22009683439483008  
  3597.82  0.22005705725752747  
  3598.32  0.2200173184213534   
  3598.82  0.21997756670361288  
  3599.32  0.21993785325899703  
  3599.82  0.21989812693751798  
  3600.32  0.21985843886118867  
  3600.82  0.21981873791269818  
  3601.32  0.21977907518141143  
  3601.82  0.2197394251098632   
  3602.32  0.21969976217320408  
  3602.82  0.2196601374118882   
  3603.32  0.21962049979016085  
  3603.82  0.21958090031590258  
  3604.32  0.21954128798593114  
  3604.82  0.21950171377558353  
  3605.32  0.21946212671421994  
  3605.82  0.21942257774466345  
  3606.32  0.2193830413827832   
  3606.82  0.21934349217692994  
  3607.32  0.21930398102121706  
  3607.82  0.21926445702622568  
  3608.32  0.21922497105362954  
  3608.82  0.21918547224644827  
  3609.32  0.21914601143394574  
  3609.82  0.21910653779155032  
  3610.32  0.2190671021161456   
  3610.82  0.21902767899663347  
  3611.32  0.218988243054264    
  3611.82  0.21894884503741108  
  3612.32  0.21890943420239037  
  3612.82  0.21887006126526934  
  3613.32  0.21883067551466884  
  3613.82  0.2187913276343796   
  3614.32  0.21875196694529817  
  3614.82  0.21871264409896785  
  3615.32  0.21867333375702316  
  3615.82  0.2186340106133144   
  3616.32  0.21859472527107401  
  3616.82  0.218555427131754    
  3617.32  0.21851616676641297  
  3617.82  0.21847689360867564  
  3618.32  0.21843765819745614  
  3618.82  0.21839840999852253  
  3619.32  0.21835919951867372  
  3619.82  0.2183200014919787   
  3620.32  0.21828079068459014  
  3620.82  0.21824161755519395  
  3621.32  0.21820243164978362  
  3621.82  0.21816328339500302  
  3622.32  0.2181241223688865   
  3622.82  0.218084998966065    
  3623.32  0.21804586279658483  
  3623.82  0.21800676422309298  
  3624.32  0.2179676780517962   
  3624.82  0.2179285791208536   
  3625.32  0.21788951774499615  
  3625.82  0.2178504436141671   
  3626.32  0.21781140701118654  
  3626.82  0.21777235765790753  
  3627.32  0.21773334580526804  
  3627.82  0.2176943212070022   
  3628.32  0.2176553340821948   
  3628.82  0.2176163342164319   
  3629.32  0.21757737179697426  
  3629.82  0.21753842171779675  
  3630.32  0.21749945890466713  
  3630.82  0.21746053349716932  
  3631.32  0.21742159536038738  
  3631.82  0.21738269460215343  
  3632.32  0.21734378111930217  
  3632.82  0.2173049049879427   
  3633.32  0.21726601613663163  
  3633.82  0.21722716460978378  
  3634.32  0.21718832537285807  
  3634.82  0.21714947342297633  
  3635.32  0.21711065875707114  
  3635.82  0.21707183138287273  
  3636.32  0.2170330412656913   
  3636.82  0.21699423844487825  
  3637.32  0.21695547285415018  
  3637.82  0.21691669456445092  
  3638.32  0.21687795347793204  
  3638.82  0.21683922463124466  
  3639.32  0.21680048309257377  
  3639.82  0.21676177871678223  
  3640.32  0.21672306165366476  
  3640.82  0.21668438172659063  
  3641.32  0.21664568911684684  
  3641.82  0.21660703361633782  
  3642.32  0.2165683654378143   
  3642.82  0.21652973434174416  
  3643.32  0.21649111543568056  
  3643.82  0.2164524838585823   
  3644.32  0.21641388932382083  
  3644.82  0.21637528212267695  
  3645.32  0.21633671193715676  
  3645.82  0.2162981290899051   
  3646.32  0.21625958323159114  
  3646.82  0.2162210247161956   
  3647.32  0.21618250316307894  
  3647.82  0.21614399375040785  
  3648.32  0.21610547168762692  
  3648.82  0.21606698654719186  
  3649.32  0.21602848876129377  
  3649.82  0.21599002787115046  
  3650.32  0.21595155434018984  
  3650.82  0.21591311767841997  
  3651.32  0.21587466838047722  
  3651.82  0.21583625592518824  
  3652.32  0.21579785556104608  
  3652.82  0.21575944256769478  
  3653.32  0.2157210663772465   
  3653.82  0.21568267756223053  
  3654.32  0.21564432552364793  
  3654.82  0.21560596086513786  
  3655.32  0.21556763295661843  
  3655.82  0.2155292924328106   
  3656.32  0.2154909886325774   
  3656.82  0.21545269687445284  
  3657.32  0.2154143925079955   
  3657.82  0.21537612482554333  
  3658.32  0.21533784453939442  
  3658.82  0.21529960091090175  
  3659.32  0.2152613446833471   
  3659.82  0.21522312508712646  
  3660.32  0.21518489289647746  
  3660.82  0.21514669731086689  
  3661.32  0.21510851371858553  
  3661.82  0.21507031753882316  
  3662.32  0.21503215792471012  
  3662.82  0.21499398572774653  
  3663.32  0.21495585007020324  
  3663.82  0.2149177018344388   
  3664.32  0.21487959011189217  
  3664.82  0.2148414658157525   
  3665.32  0.21480337800665472  
  3665.82  0.2147652776285908   
  3666.32  0.21472721371141934  
  3666.82  0.21468916172830663  
  3667.32  0.21465109718316497  
  3667.82  0.2146130690597455   
  3668.32  0.2145750283789209   
  3668.82  0.2145370240937352   
  3669.32  0.2144990072557669   
  3669.82  0.21446102678738055  
  3670.32  0.21442303377083297  
  3670.82  0.2143850770978367   
  3671.32  0.21434713231068894  
  3671.82  0.21430917498230886  
  3672.33  0.21427049712393786  
  3672.83  0.214232563800539    
  3673.33  0.21419466675547522  
  3673.83  0.2141567571784604   
  3674.33  0.2141188838538422   
  3674.83  0.2140809980018887   
  3675.33  0.2140431483764197   
  3675.83  0.21400528622822979  
  3676.33  0.21396746028063823  
  3676.83  0.21392964616020943  
  3677.33  0.21389181952397843  
  3677.83  0.21385402904956977  
  3678.33  0.21381622606397024  
  3678.83  0.2137784592143723   
  3679.33  0.2137406798581936   
  3679.83  0.21370293661222162  
  3680.33  0.21366518086427772  
  3680.83  0.21362746120077178  
  3681.33  0.21358975331677996  
  3681.83  0.21355203293772634  
  3682.33  0.2135143486045103   
  3682.83  0.21347665178083822  
  3683.33  0.21343899097729974  
  3683.83  0.21340131768790963  
  3684.33  0.2133636803929751   
  3684.83  0.2133260306167921   
  3685.33  0.21328841680941243  
  3685.83  0.21325081473414806  
  3686.33  0.21321320018453696  
  3686.83  0.2131756215653033   
  3687.33  0.21313803047632293  
  3687.83  0.2131004752921323   
  3688.33  0.2130629076427936   
  3688.83  0.2130253758726827   
  3689.33  0.2129878316420212   
  3689.83  0.21295032326505114  
  3690.33  0.2129128265730459   
  3690.83  0.2128753174273831   
  3691.33  0.21283784409715953  
  3691.83  0.2128003583178727   
  3692.33  0.2127629083285529   
  3692.83  0.21272544589476283  
  3693.33  0.21268801922549319  
  3693.83  0.21265058011634497  
  3694.33  0.21261317674629612  
  3694.83  0.2125757850143081   
  3695.33  0.21253838084932594  
  3695.83  0.21250101238536345  
  3696.33  0.21246363149299533  
  3696.83  0.21242628627628957  
  3697.33  0.21238892863576536  
  3697.83  0.2123516066455716   
  3698.33  0.21231427223614535  
  3698.83  0.212276973451743    
  3699.33  0.21223968625874262  
  3699.83  0.21220238665338548  
  3700.33  0.21216512263514417  
  3700.83  0.2121278462091288   
  3701.33  0.21209060534498608  
  3701.83  0.21205335207765075  
  3702.33  0.2120161343469702   
  3702.83  0.21197890421767715  
  3703.33  0.2119417095998463   
  3703.83  0.21190452652700192  
  3704.33  0.21186733106241204  
  3704.83  0.2118301710715468   
  3705.33  0.2117929986935129   
  3705.83  0.21175586176407404  
  3706.33  0.21171871245204207  
  3706.83  0.21168159856350072  
  3707.33  0.21164447229694047  
  3707.83  0.2116073814287915   
  3708.33  0.21157027818719665  
  3708.83  0.21153321031895872  
  3709.33  0.21149615393930526  
  3709.83  0.21145908519306214  
  3710.33  0.21142205178264556  
  3710.83  0.211385006010209    
  3711.33  0.21134799554860723  
  3711.83  0.21131097272955385  
  3712.33  0.21127398519636856  
  3712.83  0.21123698531029866  
  3713.33  0.21120002068515503  
  3713.83  0.21116306750271577  
  3714.33  0.21112610197423937  
  3714.83  0.2110891716693271   
  3715.33  0.21105222902294146  
  3715.83  0.21101532157524033  
  3716.33  0.21097840179062824  
  3716.83  0.21094151717984586  
  3717.33  0.21090462023671364  
  3717.83  0.2108677584425811   
  3718.33  0.21083090804551138  
  3718.83  0.21079404532293033  
  3719.33  0.2107572177121543   
  3719.83  0.21072037778042474  
  3720.33  0.21068357293573198  
  3720.83  0.21064675577464217  
  3721.33  0.21060997367584566  
  3721.83  0.21057317926520727  
  3722.33  0.2105364198921433   
  3722.83  0.21049967187073756  
  3723.33  0.21046291154431943  
  3723.83  0.21042618621844753  
  3724.33  0.21038944859211506  
  3724.83  0.21035274594167147  
  3725.33  0.21031603099531776  
  3725.83  0.21027935100022008  
  3726.33  0.2102426587137615   
  3726.83  0.2102060013539505   
  3727.33  0.21016935530062852  
  3727.83  0.21013269696276615  
  3728.33  0.21009607351468867  
  3728.83  0.21005943778661665  
  3729.33  0.21002283692378226  
  3729.83  0.20998622378549778  
  3730.33  0.20994964548792816  
  3730.83  0.20991305491945156  
  3731.33  0.2098764991671913   
  3731.83  0.20983995467648472  
  3732.33  0.20980339792168265  
  3732.83  0.20976687594639873  
  3733.33  0.2097303417115591   
  3733.83  0.20969384223179993  
  3734.33  0.20965733049702343  
  3734.83  0.20962085349291393  
  3735.33  0.20958436423832422  
  3735.83  0.2095479096900123   
  3736.33  0.2095114663585511   
  3736.83  0.20947501078341213  
  3737.33  0.20943858987801628  
  3737.83  0.20940215673347629  
  3738.33  0.20936575823435064  
  3738.83  0.2093293475006132   
  3739.33  0.2092929713879854   
  3739.83  0.20925658304527675  
  3740.33  0.20922022929939718  
  3740.83  0.20918388672589647  
  3741.33  0.20914753192910815  
  3741.83  0.2091112116927769   
  3742.33  0.2090748792376857   
  3742.83  0.20903858131883102  
  3743.33  0.2090022711857426   
  3743.83  0.2089659955646942   
  3744.33  0.20892970773393685  
  3744.83  0.20889345439104692  
  3745.33  0.20885718884297158  
  3745.83  0.20882095775861492  
  3746.33  0.2087847377925937   
  3746.83  0.20874850562816902  
  3747.33  0.20871230789128867  
  3747.83  0.208676097960525    
  3748.33  0.20863992243321655  
  3748.83  0.2086037347165435   
  3749.33  0.2085675813792605   
  3749.83  0.20853141585713023  
  3750.33  0.20849528469034853  
  3750.83  0.20845916459793826  
  3751.33  0.20842303232745346  
  3751.83  0.20838693437630346  
  3752.33  0.20835082425159288  
  3752.83  0.20831474842223488  
  3753.33  0.20827866042382884  
  3753.84  0.20824188712761466  
  3754.34  0.2082058214565385   
  3754.84  0.20816979003268302  
  3755.34  0.2081337464488454   
  3755.84  0.20809773708831755  
  3756.34  0.20806173874863748  
  3756.84  0.20802572825573665  
  3757.34  0.2079897519503271   
  3757.84  0.20795376349620315  
  3758.34  0.2079178092057184   
  3758.84  0.20788184277102417  
  3759.34  0.20784591047614062  
  3759.84  0.20780996604155114  
  3760.34  0.20777405572296723  
  3760.84  0.2077381563817685   
  3761.34  0.20770224490761588  
  3761.84  0.20766636751380899  
  3762.34  0.20763047799154827  
  3762.84  0.20759462252588678  
  3763.34  0.2075587549362702   
  3763.84  0.20752292137952966  
  3764.34  0.2074870757033314   
  3764.84  0.20745126403630934  
  3765.34  0.2074154633034329   
  3765.84  0.20737965045784137  
  3766.34  0.2073438715859239   
  3766.84  0.20730808060578515  
  3767.34  0.20727232357567887  
  3767.84  0.20723655444184377  
  3768.34  0.20720081923442285  
  3768.84  0.20716507192776415  
  3769.34  0.2071293585239245   
  3769.84  0.20709365601121257  
  3770.34  0.20705794140599604  
  3770.84  0.2070222606682532   
  3771.34  0.20698656784249328  
  3771.84  0.20695090886066983  
  3772.34  0.20691523779531548  
  3772.84  0.2068796005503835   
  3773.34  0.2068439512264054   
  3773.84  0.2068083356993586   
  3774.34  0.20677273102064192  
  3774.84  0.2067371142696028   
  3775.34  0.2067015312803055   
  3775.84  0.2066659362231671   
  3776.34  0.206630374904337    
  3776.84  0.2065948015221456   
  3777.34  0.20655926185485207  
  3777.84  0.20652371012867568  
  3778.34  0.20648819209400962  
  3778.84  0.2064526848650949   
  3779.34  0.20641716558401155  
  3779.84  0.206381679959404    
  3780.34  0.20634618228710278  
  3780.84  0.20631071824794703  
  3781.34  0.20627524216557108  
  3781.84  0.2062397996930333   
  3782.34  0.20620434518174727  
  3782.84  0.20616892425701483  
  3783.34  0.20613351409567243  
  3783.84  0.2060980919022866   
  3784.34  0.20606270326057385  
  3784.84  0.20602730259128624  
  3785.34  0.205991935450444    
  3785.84  0.20595655628649398  
  3786.34  0.2059212106277844   
  3786.84  0.20588585295043277  
  3787.34  0.20585052875513932  
  3787.84  0.20581519254566805  
  3788.34  0.20577988979509534  
  3788.84  0.20574459775643092  
  3789.34  0.2057092937102817   
  3789.84  0.20567402308833782  
  3790.34  0.20563874046336986  
  3790.84  0.20560349123950417  
  3791.34  0.20556823001707372  
  3791.84  0.205533002172665    
  3792.34  0.20549776233414943  
  3792.84  0.20546255585059758  
  3793.34  0.20542736003707118  
  3793.84  0.20539215223612137  
  3794.34  0.2053569777555942   
  3794.84  0.20532179129209788  
  3795.34  0.20528663812602246  
  3795.84  0.2052514729814308   
  3796.34  0.2052163411112807   
  3796.84  0.2051811972670658   
  3797.34  0.20514608667433554  
  3797.84  0.20511098670996103  
  3798.34  0.20507587477819553  
  3798.84  0.20504079606352485  
  3799.34  0.20500570538591104  
  3799.84  0.2049706479024911   
  3800.34  0.2049355784605744   
  3800.84  0.20490054218997283  
  3801.34  0.20486549396531953  
  3801.84  0.20483047888912492  
  3802.34  0.20479547439982823  
  3802.84  0.20476045796314385  
  3803.34  0.20472547464067892  
  3803.84  0.2046904793752677   
  3804.34  0.20465551720127506  
  3804.84  0.2046205430887761   
  3805.34  0.20458560204491705  
  3805.84  0.20455064906699025  
  3806.34  0.20451572913494678  
  3806.84  0.2044808197485538   
  3807.34  0.20444589843474742  
  3807.84  0.20441101013273474  
  3808.34  0.20437610990774363  
  3808.84  0.20434124267184492  
  3809.34  0.2043063635174012   
  3809.84  0.20427151732937074  
  3810.34  0.2042366592272273   
  3810.84  0.20420183406883996  
  3811.34  0.20416701941506488  
  3811.84  0.2041321928538214   
  3812.34  0.20409739920239314  
  3812.84  0.20406259364792492  
  3813.34  0.20402782098066974  
  3813.84  0.20399303641480154  
  3814.34  0.2039582847135661   
  3814.84  0.20392352111814313  
  3815.34  0.20388879036479457  
  3815.84  0.20385407007522785  
  3816.34  0.2038193378981085   
  3816.84  0.20378463852927056  
  3817.34  0.20374992727730187  
  3817.84  0.20371524881111094  
  3818.34  0.20368055846620964  
  3818.84  0.20364590088460416  
  3819.34  0.20361123142870732  
  3819.84  0.20357659471364623  
  3820.34  0.2035419684217431   
  3820.84  0.20350733026217357  
  3821.34  0.203472724809794    
  3821.84  0.2034381074941634   
  3822.34  0.20340352286331695  
  3822.84  0.20336892637363335  
  3823.34  0.20333436254634976  
  3823.84  0.20329978686464145  
  3824.34  0.20326524382297076  
  3824.84  0.20323068893128632  
  3825.34  0.20319616665729864  
  3825.84  0.2031616547570959   
  3826.34  0.2031271310134924   
  3826.84  0.2030926398541186   
  3827.34  0.20305813685575128  
  3827.84  0.20302366641932687  
  3828.34  0.2029891841483148   
  3828.84  0.20295473441698034  
  3829.34  0.2029202728554626   
  3829.84  0.2028858438113787   
  3830.34  0.2028514251009103   
  3830.84  0.2028169945668617   
  3831.34  0.20278259651692518  
  3831.84  0.20274818664780916  
  3832.34  0.20271380924061508  
  3832.84  0.20267942001864073  
  3833.34  0.2026450632364197   
  3833.84  0.20261069464381615  
  3834.34  0.2025763584688186   
  3834.84  0.20254203258746956  
  3835.35  0.20250701002111335  
  3835.85  0.20247270492565722  
  3836.35  0.20243838803084965  
  3836.85  0.2024041034981566   
  3837.35  0.20236980717050473  
  3837.85  0.20233554318289493  
  3838.35  0.20230126740471746  
  3838.85  0.20226702394453092  
  3839.35  0.20223276869816637  
  3839.85  0.20219854574776291  
  3840.35  0.2021643330423443   
  3840.85  0.20213010855732869  
  3841.35  0.20209591633527269  
  3841.85  0.20206171233800563  
  3842.35  0.2020275405817213   
  3842.85  0.2019933570546104   
  3843.35  0.20195920574652654  
  3843.85  0.2019250426719991   
  3844.35  0.2018909117945641   
  3844.85  0.20185679112259278  
  3845.35  0.201822658690749    
  3845.85  0.20178855842313884  
  3846.35  0.20175444640003548  
  3846.85  0.20172036651928388  
  3847.35  0.20168627488741694  
  3847.85  0.2016522153760409   
  3848.35  0.20161814411792586  
  3848.85  0.2015841049584619   
  3849.35  0.20155007596513894  
  3849.85  0.201516035231638    
  3850.35  0.20148202656407124  
  3850.85  0.20144800616069922  
  3851.35  0.20141401780147397  
  3851.85  0.20138001771081454  
  3852.35  0.20134604964253544  
  3852.85  0.20131206984719183  
  3853.35  0.20127812205248297  
  3853.85  0.20124418438478953  
  3854.35  0.2012102349965826   
  3854.85  0.20117631757643464  
  3855.35  0.20114238844013912  
  3855.85  0.20110849125020916  
  3856.35  0.20107458234849607  
  3856.85  0.20104070537147586  
  3857.35  0.2010068166870355   
  3857.85  0.20097295990563616  
  3858.35  0.20093911321232266  
  3858.85  0.20090525481812999  
  3859.35  0.2008714282945429   
  3859.85  0.20083759007443586  
  3860.35  0.20080378370333438  
  3860.85  0.2007699656400707   
  3861.35  0.20073617940423322  
  3861.85  0.20070238148058975  
  3862.35  0.20066861536281383  
  3862.85  0.20063485929438898  
  3863.35  0.20060109154468905  
  3863.85  0.2005673555685608   
  3864.35  0.20053360791550998  
  3864.85  0.20049989201452367  
  3865.35  0.20046616444096582  
  3865.85  0.20043246859798594  
  3866.35  0.20039876108678403  
  3866.85  0.2003650852846941   
  3867.35  0.20033139781873013  
  3867.85  0.20029774204043269  
  3868.35  0.20026409626440625  
  3868.85  0.20023043883102432  
  3869.35  0.20019681305318254  
  3869.85  0.20016317562232955  
  3870.35  0.20012956982562244  
  3870.85  0.20009595238024686  
  3871.35  0.20006236654764337  
  3871.85  0.20002876907071265  
  3872.35  0.19999520318520053  
  3872.85  0.19996164726365326  
  3873.35  0.19992807970428714  
  3873.85  0.19989454370435117  
  3874.35  0.19986099607093388  
  3874.85  0.19982747997564426  
  3875.35  0.19979395225120933  
  3875.85  0.19976045604361986  
  3876.35  0.1997269482112196   
  3876.85  0.19969347187440292  
  3877.35  0.19966000546343568  
  3877.85  0.1996265274341559   
  3878.35  0.19959308086860827  
  3878.85  0.1995596226890788   
  3879.35  0.1995261959520703   
  3879.85  0.1994927576054092   
  3880.35  0.19945935068007797  
  3880.85  0.19942593214942186  
  3881.35  0.19939254501892478  
  3881.85  0.19935916777635168  
  3882.35  0.1993257789349417   
  3882.85  0.19929242146197573  
  3883.35  0.19925905239449684  
  3883.85  0.19922571467434147  
  3884.35  0.19919236536399565  
  3884.85  0.19915904737987294  
  3885.35  0.19912571780988067  
  3885.85  0.1990924195450312   
  3886.35  0.19905913113036877  
  3886.85  0.1990258311363146   
  3887.35  0.19899256241582378  
  3887.85  0.19895928212025837  
  3888.35  0.1989260330772261   
  3888.85  0.19889277246343487  
  3889.35  0.1988595430811665   
  3889.85  0.19882630213245328  
  3890.35  0.19879309239427273  
  3890.85  0.19875989246872963  
  3891.35  0.1987266809832093   
  3891.85  0.198693500676777    
  3892.35  0.19866030881467772  
  3892.85  0.198627148110726    
  3893.35  0.19859397585541613  
  3893.85  0.1985608347373332   
  3894.35  0.19852768207219945  
  3894.85  0.1984945605233919   
  3895.35  0.19846144874985866  
  3895.85  0.19842832543573194  
  3896.35  0.19839523320662092  
  3896.85  0.1983621294412199   
  3897.35  0.19832905673998336  
  3897.85  0.1982959725067588   
  3898.35  0.19826291931686726  
  3898.85  0.19822985459928819  
  3899.35  0.19819682090423046  
  3899.85  0.19816379694726904  
  3900.35  0.19813076146906716  
  3900.85  0.19809775698220947  
  3901.35  0.19806474097840793  
  3901.85  0.19803175594518818  
  3902.35  0.1979987593993197   
  3902.85  0.1979657938032903   
  3903.35  0.19793281669890572  
  3903.85  0.19789987052363708  
  3904.35  0.19786691284430535  
  3904.85  0.1978339860733861   
  3905.35  0.1978010689953728   
  3905.85  0.197768140419731    
  3906.35  0.19773524272148646  
  3906.85  0.19770233352990157  
  3907.35  0.19766945519505946  
  3907.85  0.19763656537116372  
  3908.35  0.19760370638337568  
  3908.85  0.19757083591081923  
  3909.35  0.19753799625375498  
  3909.85  0.19750516625282613  
  3910.35  0.19747232477355312  
  3910.85  0.19743951407888882  
  3911.35  0.19740669191016172  
  3911.85  0.1973739005054765   
  3912.35  0.19734109763100832  
  3912.85  0.19730832550003463  
  3913.35  0.19727554190355626  
  3913.85  0.19724278903004433  
  3914.35  0.19721004577607879  
  3914.85  0.19717729106302248  
  3915.35  0.1971445670421802   
  3915.85  0.19711183156652162  
  3916.35  0.19707912676259745  
  3916.86  0.19704575796502902  
  3917.36  0.19701307255332884  
  3917.86  0.1969803756953993   
  3918.36  0.19694770946809903  
  3918.86  0.19691503179883932  
  3919.36  0.19688238473978725  
  3919.86  0.1968497472557259   
  3920.36  0.19681709833610633  
  3920.86  0.19678447999610144  
  3921.36  0.19675185022480443  
  3921.86  0.19671925101274862  
  3922.36  0.19668664037366515  
  3922.86  0.19665406027346863  
  3923.36  0.19662146875050737  
  3923.86  0.196588907746098    
  3924.36  0.19655635628049015  
  3924.86  0.19652379339850842  
  3925.36  0.19649126100461506  
  3925.86  0.19645871719860694  
  3926.36  0.19642620386039983  
  3926.86  0.19639367911433558  
  3927.36  0.19636118481580417  
  3927.86  0.19632867911367158  
  3928.36  0.19629620383882265  
  3928.86  0.19626373806676417  
  3929.36  0.19623126089748508  
  3929.86  0.19619881412515483  
  3930.36  0.19616635595985613  
  3930.86  0.1961339281713047   
  3931.36  0.19610148899403548  
  3931.86  0.1960690801733309   
  3932.36  0.1960366599681576   
  3932.86  0.19600427009938537  
  3933.36  0.19597188969756937  
  3933.86  0.1959394979176548   
  3934.36  0.19590713644393445  
  3934.86  0.19587476359636077  
  3935.36  0.19584242103486493  
  3935.86  0.19581006710375945  
  3936.36  0.19577774343863438  
  3936.86  0.1957454084081418   
  3937.36  0.19571310362355102  
  3937.86  0.19568080827025827  
  3938.36  0.19564850155795765  
  3938.86  0.19561622506147944  
  3939.36  0.19558393721023165  
  3939.86  0.19555167955477473  
  3940.36  0.19551941054878497  
  3940.86  0.1954871717185732   
  3941.36  0.19545492154206387  
  3941.86  0.19542270152133848  
  3942.36  0.19539049089642763  
  3942.86  0.19535826893156844  
  3943.36  0.1953260770925404   
  3943.86  0.19529387391779543  
  3944.36  0.19526170084893432  
  3944.86  0.195229516448586    
  3945.36  0.195197362134193    
  3945.86  0.19516519649254105  
  3946.36  0.19513306091693444  
  3946.86  0.19510091401829557  
  3947.36  0.19506879716581077  
  3947.86  0.1950366896660074   
  3948.36  0.19500457084950829  
  3948.86  0.1949724820493643   
  3949.36  0.19494038193674731  
  3949.86  0.1949083118206407   
  3950.36  0.19487623039628232  
  3950.86  0.19484417894860803  
  3951.36  0.19481211619690175  
  3951.86  0.19478008340207173  
  3952.36  0.1947480599248244   
  3952.86  0.1947160251498711   
  3953.36  0.19468402030212031  
  3953.86  0.1946520041608794   
  3954.36  0.19462001792707948  
  3954.86  0.19458802040400366  
  3955.36  0.19455605276862578  
  3955.86  0.1945240738481848   
  3956.36  0.19449212479571704  
  3956.86  0.19446018502590465  
  3957.36  0.19442823397734468  
  3957.86  0.19439631276720865  
  3958.36  0.1943643802825339   
  3958.86  0.19433247761660435  
  3959.36  0.19430056368034343  
  3959.86  0.19426867954316743  
  3960.36  0.19423678413986573  
  3960.86  0.19420491851600694  
  3961.36  0.1941730621400466   
  3961.86  0.19414119450426565  
  3962.36  0.19410935661850207  
  3962.86  0.19407750747711974  
  3963.36  0.19404568806615846  
  3963.86  0.19401385740377874  
  3964.36  0.19398205645224212  
  3964.86  0.19395024425348575  
  3965.36  0.19391846174601265  
  3965.86  0.1938866884518505   
  3966.36  0.19385490391676316  
  3966.86  0.1938231490436567   
  3967.36  0.19379138293381987  
  3967.86  0.1937596464664496   
  3968.36  0.19372789876654234  
  3968.86  0.19369618068960542  
  3969.36  0.19366445138432326  
  3969.86  0.1936327516825334   
  3970.36  0.19360106115963532  
  3970.86  0.19356935941467598  
  3971.36  0.19353768724402903  
  3971.86  0.19350600385550865  
  3972.36  0.19347435002186786  
  3972.86  0.19344268497453992  
  3973.36  0.19341104946267687  
  3973.86  0.19337940274131135  
  3974.36  0.19334778553601403  
  3974.86  0.19331617747535662  
  3975.36  0.1932845582114703   
  3975.86  0.19325296843459394  
  3976.36  0.19322136745866952  
  3976.86  0.19318979595040334  
  3977.36  0.1931582132472683   
  3977.86  0.19312665999245782  
  3978.36  0.1930950955469561   
  3978.86  0.1930635605304632   
  3979.36  0.19303203462452476  
  3979.86  0.19300049753415807  
  3980.36  0.1929689898438631   
  3980.86  0.1929374709733137   
  3981.36  0.19290598148356491  
  3981.86  0.19287448081773392  
  3982.36  0.1928430095134504   
  3982.86  0.1928115270372553   
  3983.36  0.1927800739033723   
  3983.86  0.19274860960174683  
  3984.36  0.19271717462321594  
  3984.86  0.19268574871380373  
  3985.36  0.19265431164289912  
  3985.86  0.1926229038662992   
  3986.36  0.19259148493237208  
  3986.86  0.1925600952735766   
  3987.36  0.1925286944616175   
  3987.86  0.19249732290563468  
  3988.36  0.19246594020065036  
  3988.86  0.19243458673250471  
  3989.36  0.19240324229975844  
  3989.86  0.19237188672425012  
  3990.36  0.19234056035691033  
  3990.86  0.19230922285096663  
  3991.36  0.19227791453409812  
  3991.86  0.19224659508278222  
  3992.36  0.19221530480146579  
  3992.86  0.192184003389857    
  3993.36  0.1921527311291895   
  3993.86  0.1921214678703653   
  3994.36  0.1920901934874776   
  3994.86  0.1920589482269802   
  3995.36  0.19202769184657043  
  3995.86  0.19199646456953678  
  3996.36  0.1919652261767403   
  3996.86  0.1919340168683234   
  3997.36  0.19190279644829164  
  3997.86  0.19187160509366036  
  3998.36  0.19184042270747842  
  3998.87  0.1918086070432035   
  3999.37  0.19177744276743     
  3999.87  0.19174626739044537  
  4000.37  0.19171512103130448  
  4000.87  0.19168396357509482  
  4001.37  0.19165283511781128  
  4001.87  0.19162169556759992  
  4002.37  0.19159058499741444  
  4002.87  0.1915594633384404   
  4003.37  0.1915283706406095   
  4003.87  0.19149728687055825  
  4004.37  0.1914661920179238   
  4004.87  0.19143512609814398  
  4005.37  0.19140404909991635  
  4005.87  0.19137300101570398  
  4006.37  0.19134194185717762  
  4006.87  0.19131091159384456  
  4007.37  0.19127987026032975  
  4007.87  0.1912488578032036   
  4008.37  0.19121785424082058  
  4008.87  0.19118683961445052  
  4009.37  0.19115585383629763  
  4009.87  0.19112485699828605  
  4010.37  0.19109388898973023  
  4010.87  0.19106290992544245  
  4011.37  0.19103195967186629  
  4011.87  0.19100099836668333  
  4012.37  0.19097006585348505  
  4012.87  0.19093914220215247  
  4013.37  0.19090820750539714  
  4013.87  0.19087730157257146  
  4014.37  0.19084638459844433  
  4014.87  0.1908154963695629   
  4015.37  0.1907845971034997   
  4015.87  0.19075372656401546  
  4016.37  0.19072284499146752  
  4016.87  0.1906919921268489   
  4017.37  0.1906611480913767   
  4017.87  0.19063029302901421  
  4018.37  0.19059946664664182  
  4018.87  0.19056862924149337  
  4019.37  0.19053782049772816  
  4019.87  0.19050700073529947  
  4020.37  0.19047620961566425  
  4020.87  0.19044540748147656  
  4021.37  0.1904146339715096   
  4021.87  0.19038386925812695  
  4022.37  0.19035309353635468  
  4022.87  0.19032234641097906  
  4023.37  0.19029158828132092  
  4023.87  0.19026085872952925  
  4024.37  0.1902301181775605   
  4024.87  0.19019940618494505  
  4025.37  0.1901686831962565   
  4025.87  0.19013798874842494  
  4026.37  0.19010728330862267  
  4026.87  0.19007660639119814  
  4027.37  0.1900459382307718   
  4027.87  0.19001525908452452  
  4028.37  0.18998460843297085  
  4028.87  0.18995394679969463  
  4029.37  0.18992331364267503  
  4029.87  0.18989266950802974  
  4030.37  0.1898620538312209   
  4030.87  0.18983142718088158  
  4031.37  0.1898008289699755   
  4031.87  0.1897702394838516   
  4032.37  0.18973963903033642  
  4032.87  0.1897090669886841   
  4033.37  0.18967848398373183  
  4033.87  0.18964792937228112  
  4034.37  0.18961736380162023  
  4034.87  0.18958682660611648  
  4035.37  0.1895562784554906   
  4035.87  0.18952575866169424  
  4036.37  0.18949524756061836  
  4036.87  0.189464725510549    
  4037.37  0.1894342317898519   
  4037.87  0.1894037271242455   
  4038.37  0.18937325076972553  
  4038.87  0.1893427634743789   
  4039.37  0.18931230447184952  
  4039.87  0.18928183453257452  
  4040.37  0.1892513928678643   
  4040.87  0.18922095986396623  
  4041.37  0.18919051592944042  
  4041.87  0.18916010024213487  
  4042.37  0.18912967362827868  
  4042.87  0.18909927524343184  
  4043.37  0.1890688659361099   
  4043.87  0.189038484839603    
  4044.37  0.1890080928246949   
  4044.87  0.18897772900242424  
  4045.37  0.18894737380920978  
  4045.87  0.18891700770370143  
  4046.37  0.18888666976359794  
  4046.87  0.18885632091527046  
  4047.37  0.18882600021421156  
  4047.87  0.1887956686089971   
  4048.37  0.1887653651329314   
  4048.87  0.188735050756777    
  4049.37  0.18870476449166804  
  4049.87  0.18867448682401103  
  4050.37  0.18864419826236184  
  4050.87  0.1886139377846371   
  4051.37  0.18858366641698301  
  4051.87  0.18855342311519124  
  4052.37  0.18852316892753146  
  4052.87  0.18849294278768824  
  4053.37  0.18846270576603677  
  4053.87  0.1884324967741726   
  4054.37  0.18840229634830663  
  4054.87  0.18837208504671835  
  4055.37  0.1883419017479071   
  4055.87  0.1883117075774292   
  4056.37  0.18828154139174008  
  4056.87  0.1882513643384385   
  4057.37  0.18822121525195365  
  4057.87  0.18819105530190894  
  4058.37  0.18816092330072534  
  4058.87  0.18813079983423603  
  4059.37  0.18810066551026217  
  4059.87  0.18807055910824938  
  4060.37  0.18804044185280058  
  4060.87  0.18801035250139803  
  4061.37  0.1879802523006065   
  4061.87  0.1879501799859625   
  4062.37  0.18792009682597502  
  4062.87  0.18789004153425265  
  4063.37  0.1878599754012307   
  4063.87  0.18782993711860768  
  4064.37  0.18779990733262056  
  4064.87  0.18776986671139603  
  4065.37  0.18773985391380435  
  4065.87  0.18770983028501526  
  4066.37  0.18767983446203332  
  4066.87  0.18764982781189227  
  4067.37  0.1876198489497488   
  4067.87  0.187589859264483    
  4068.37  0.18755989734942136  
  4068.87  0.1875299439000214   
  4069.37  0.18749997963355058  
  4069.87  0.1874700431106269   
  4070.37  0.18744009577466517  
  4070.87  0.18741017616449743  
  4071.37  0.1873802457453228   
  4071.87  0.18735034303420506  
  4072.37  0.18732042951811015  
  4072.87  0.18729054369235104  
  4073.37  0.18726066630142638  
  4073.87  0.18723077811156533  
  4074.37  0.18720091758549148  
  4074.87  0.18717104626450692  
  4075.37  0.18714120258962855  
  4075.87  0.18711134812386357  
  4076.37  0.18708152128653974  
  4076.87  0.18705168366235184  
  4077.37  0.18702187364895606  
  4077.87  0.18699207203971363  
  4078.37  0.1869622596496372   
  4078.87  0.1869324748439121   
  4079.37  0.1869026792613716   
  4079.87  0.1868729112455732   
  4080.38  0.18684255765949156  
  4080.88  0.1868128065819634   
  4081.38  0.18678304473569093  
  4081.88  0.18675331042082027  
  4082.38  0.186723565341219    
  4082.88  0.18669384777545817  
  4083.38  0.18666411944897895  
  4083.88  0.18663441861879462  
  4084.38  0.18660470703190252  
  4084.88  0.18657502292377556  
  4085.38  0.18654534716892324  
  4085.88  0.18651566066337544  
  4086.38  0.18648600161033071  
  4086.88  0.1864563318105971   
  4087.38  0.18642668944587637  
  4087.88  0.18639703633847185  
  4088.38  0.1863674106486057   
  4088.88  0.18633777422005926  
  4089.38  0.18630816519159255  
  4089.88  0.18627856448610508  
  4090.38  0.18624895304793887  
  4090.88  0.18621936898369665  
  4091.38  0.1861897741907752   
  4091.88  0.18616020675435824  
  4092.38  0.18613062859326     
  4092.88  0.18610107777126256  
  4093.38  0.18607151622858015  
  4093.88  0.18604198200761043  
  4094.38  0.1860124560794677   
  4094.88  0.18598291943663092  
  4095.38  0.18595341008945687  
  4095.88  0.18592389003158113  
  4096.38  0.18589439725201917  
  4096.88  0.18586489376574628  
  4097.38  0.18583541754045377  
  4097.88  0.18580593061243958  
  4098.38  0.1857764709280879   
  4098.88  0.18574700054500218  
  4099.38  0.18571755738827678  
  4099.88  0.1856881224877183   
  4100.38  0.18565867689440357  
  4100.88  0.1856292585015277   
  4101.38  0.18559982941987924  
  4101.88  0.18557042752140626  
  4102.38  0.18554101493814276  
  4102.88  0.18551162952080685  
  4103.38  0.1854822334226609   
  4103.88  0.1854528644732101   
  4104.38  0.18542350375008873  
  4104.88  0.18539413235212443  
  4105.38  0.18536478807703846  
  4105.88  0.18533543313108602  
  4106.38  0.18530610529081812  
  4106.88  0.18527676678365873  
  4107.38  0.18524745536500556  
  4107.88  0.18521813328343417  
  4108.38  0.18518883827320604  
  4108.88  0.1851595514596102   
  4109.38  0.18513025398905258  
  4109.88  0.18510098356412538  
  4110.38  0.1850717024862058   
  4110.88  0.18504244843679207  
  4111.38  0.18501318373835376  
  4111.88  0.18498394605131216  
  4112.38  0.18495469771921214  
  4112.88  0.184925476381415    
  4113.38  0.18489626321069252  
  4113.88  0.18486703940085736  
  4114.38  0.18483784255971572  
  4114.88  0.1848086350834236   
  4115.38  0.18477945455876937  
  4115.88  0.18475026340292533  
  4116.38  0.1847210991816788   
  4116.88  0.18469192433320153  
  4117.38  0.18466277640229667  
  4117.88  0.18463363660904764  
  4118.38  0.18460448619450287  
  4118.88  0.1845753626720241   
  4119.38  0.18454622853220473  
  4119.88  0.18451712126746422  
  4120.38  0.18448800338933663  
  4120.88  0.184458912369316    
  4121.38  0.18442981073986023  
  4121.88  0.1844007359515547   
  4122.38  0.18437166927162413  
  4122.88  0.18434259198818267  
  4123.38  0.18431354152048748  
  4123.88  0.18428448045322937  
  4124.38  0.18425544618479864  
  4124.88  0.18422640132075138  
  4125.38  0.18419738323862772  
  4125.88  0.18416835456483227  
  4126.38  0.18413935265607173  
  4126.88  0.18411035882654236  
  4127.38  0.18408135441125484  
  4127.88  0.18405237673570007  
  4128.38  0.184023388478328    
  4128.88  0.18399442694383764  
  4129.38  0.1839654548314692   
  4129.88  0.18393650942514644  
  4130.38  0.18390755344488327  
  4130.88  0.18387862415384473  
  4131.38  0.1838497029130299   
  4131.88  0.1838207711041776   
  4132.38  0.18379186595934915  
  4132.88  0.1837629502504169   
  4133.38  0.18373406118872496  
  4133.88  0.1837051615668613   
  4134.38  0.18367628857546933  
  4134.88  0.18364740502783614  
  4135.38  0.18361854809392097  
  4135.88  0.1835896806076935   
  4136.38  0.1835608397184453   
  4136.88  0.18353200684415102  
  4137.38  0.1835031634234343   
  4137.88  0.18347434657461928  
  4138.38  0.1834455191833067   
  4138.88  0.18341671834719422  
  4139.38  0.18338790697250767  
  4139.88  0.18335912213633443  
  4140.38  0.18333032676550892  
  4140.88  0.1833015579165249   
  4141.38  0.1832727970537876   
  4141.88  0.18324402566227707  
  4142.38  0.18321528076763072  
  4142.88  0.183186525348129    
  4143.38  0.18315779640885652  
  4143.88  0.18312905694864492  
  4144.38  0.18310034395204255  
  4144.88  0.18307162043841574  
  4145.38  0.1830429233717928   
  4145.88  0.18301423426284313  
  4146.38  0.18298553464273745  
  4146.88  0.18295686144475798  
  4147.38  0.18292817773953315  
  4147.88  0.18289952043986607  
  4148.38  0.18287085263686273  
  4148.88  0.1828422112228634   
  4149.38  0.1828135593094353   
  4149.88  0.1827849337684721   
  4150.38  0.18275631615674184  
  4150.88  0.18272768805144057  
  4151.38  0.1826990862938257   
  4151.88  0.18267047404654335  
  4152.38  0.18264188813044493  
  4152.88  0.1826132917285811   
  4153.38  0.1825847216414133   
  4153.88  0.1825561410723805   
  4154.38  0.18252758680157052  
  4154.88  0.18249904043168547  
  4155.38  0.18247048358578236  
  4155.88  0.18244195301342234  
  4156.38  0.18241341196894068  
  4156.88  0.18238489718156528  
  4157.38  0.18235637192596318  
  4157.88  0.1823278729110451   
  4158.38  0.1822993634317936   
  4158.88  0.18227088017681842  
  4159.38  0.18224240479459167  
  4159.88  0.18221391895386774  
  4160.38  0.18218545931283855  
  4160.88  0.18215698921720153  
  4161.38  0.18212854530488778  
  4161.89  0.18209950509167183  
  4162.39  0.18207107705740622  
  4162.89  0.18204265687400054  
  4163.39  0.18201422624574273  
  4163.89  0.18198582175977748  
  4164.39  0.18195740683284384  
  4164.89  0.18192901803188208  
  4165.39  0.18190061879383412  
  4165.89  0.1818722456654518   
  4166.39  0.18184386210386386  
  4166.89  0.18181550463564972  
  4167.39  0.18178715499035128  
  4167.89  0.18175879491766447  
  4168.39  0.18173046091394335  
  4168.89  0.18170211648671047  
  4169.39  0.1816737981121873   
  4169.89  0.1816454693180275   
  4170.39  0.1816171665603358   
  4170.89  0.18158885338688094  
  4171.39  0.18156056623366695  
  4171.89  0.18153228687555398  
  4172.39  0.18150399710748438  
  4172.89  0.1814757333353443   
  4173.39  0.18144745915711713  
  4173.89  0.181419210958628    
  4174.39  0.18139095235791966  
  4174.89  0.18136271972077217  
  4175.39  0.1813344766852718   
  4175.89  0.18130625959716934  
  4176.39  0.18127805027648186  
  4176.89  0.1812498305632374   
  4177.39  0.18122163677317576  
  4177.89  0.1811934325944195   
  4178.39  0.18116525432271868  
  4178.89  0.18113706566618404  
  4179.39  0.18110890290059167  
  4179.89  0.1810807297540247   
  4180.39  0.181052582482301    
  4180.89  0.18102444295043424  
  4181.39  0.1809962930433781   
  4181.89  0.18096816898704593  
  4182.39  0.18094003455937965  
  4182.89  0.18091192596637368  
  4183.39  0.1808838070058873   
  4183.89  0.18085571386401175  
  4184.39  0.1808276103585079   
  4184.89  0.1807995326555795   
  4185.39  0.1807714445928733   
  4185.89  0.18074338231672135  
  4186.39  0.18071532774691684  
  4186.89  0.1806872628231067   
  4187.39  0.18065922366184786  
  4187.89  0.18063117415042995  
  4188.39  0.18060315038557723  
  4188.89  0.18057511627441042  
  4189.39  0.1805471078938368   
  4189.89  0.18051908917079243  
  4190.39  0.18049109616238324  
  4190.89  0.18046311083304525  
  4191.39  0.1804351151669981   
  4191.89  0.18040714519167786  
  4192.39  0.18037916488348785  
  4192.89  0.18035121025010173  
  4193.39  0.18032324528768373  
  4193.89  0.1802953059841605   
  4194.39  0.18026735635544172  
  4194.89  0.18023943236972256  
  4195.39  0.18021151603592417  
  4195.89  0.18018358938268103  
  4196.39  0.18015568834862355  
  4196.89  0.1801277769989537   
  4197.39  0.18009989125260914  
  4197.89  0.180071995194483    
  4198.39  0.1800441247238358   
  4198.89  0.18001624394523608  
  4199.39  0.17998838873828285  
  4199.89  0.17996054115622476  
  4200.39  0.17993268327195433  
  4200.89  0.17990485093561015  
  4201.39  0.17987700830087885  
  4201.89  0.17984919119827592  
  4202.39  0.17982136380110947  
  4202.89  0.17979356192028734  
  4203.39  0.17976574974872378  
  4203.89  0.17973796307773426  
  4204.39  0.17971018400473857  
  4204.89  0.179682394646731    
  4205.39  0.17965463076567045  
  4205.89  0.17962685660341618  
  4206.39  0.17959910790237316  
  4206.89  0.17957134892395296  
  4207.39  0.17954361539102195  
  4207.89  0.17951587158452872  
  4208.39  0.17948815320781644  
  4208.89  0.17946044240232017  
  4209.39  0.17943272132898053  
  4209.89  0.17940502566188765  
  4210.39  0.1793773197307624   
  4210.89  0.17934963919020996  
  4211.39  0.17932194838943455  
  4211.89  0.1792942829635716   
  4212.39  0.17926660728129362  
  4212.89  0.17923895695828146  
  4213.39  0.17921131417983036  
  4213.89  0.1791836611506724   
  4214.39  0.1791560334573384   
  4214.89  0.17912839551710155  
  4215.39  0.17910078289707607  
  4215.89  0.17907316003395007  
  4216.39  0.17904556247543654  
  4216.89  0.17901795467762327  
  4217.39  0.1789903721688372   
  4217.89  0.17896279717807936  
  4218.39  0.1789352119537193   
  4218.89  0.1789076519950365   
  4219.39  0.1788800818065483   
  4219.89  0.17885253686818597  
  4220.39  0.17882498170381353  
  4220.89  0.1787974517740291   
  4221.39  0.1787699116220282   
  4221.89  0.17874239668909106  
  4222.39  0.17871487153772958  
  4222.89  0.17868737158992112  
  4223.39  0.17865987912787654  
  4223.89  0.1786323764530922   
  4224.39  0.17860489895862255  
  4224.89  0.17857741125520127  
  4225.39  0.17854994871661758  
  4225.89  0.1785224759728689   
  4226.39  0.1784950283784943   
  4226.89  0.17846757058273965  
  4227.39  0.17844013792090896  
  4227.89  0.1784127127185784   
  4228.39  0.1783852773205417   
  4228.89  0.17835786703328152  
  4229.39  0.1783304465540963   
  4229.89  0.17830305117027104  
  4230.39  0.17827564559830025  
  4230.89  0.17824826510628622  
  4231.39  0.17822087442990464  
  4231.89  0.17819350881809004  
  4232.39  0.17816615063963165  
  4232.89  0.178138782282469    
  4233.39  0.17811143896681622  
  4233.89  0.1780840854762332   
  4234.39  0.17805675701180368  
  4234.89  0.17802941837621633  
  4235.39  0.17800210475143946  
  4235.89  0.17797478095927557  
  4236.39  0.17794748216259243  
  4236.89  0.17792019077324084  
  4237.39  0.177892889222155    
  4237.89  0.1778656126435827   
  4238.39  0.17783832590704302  
  4238.89  0.17781106412772038  
  4239.39  0.1777837921941957   
  4239.89  0.17775654520260487  
  4240.39  0.17772928806057575  
  4240.89  0.17770205584521045  
  4241.39  0.1776748310112707   
  4241.89  0.1776475960325348   
  4242.39  0.177620385957585    
  4242.89  0.1775931657415989   
  4243.4   0.17756542763330777  
  4243.9   0.17753823981998346  
  4244.4   0.17751105937082368  
  4244.9   0.17748386878817882  
  4245.4   0.17745670306350203  
  4245.9   0.17742952720909527  
  4246.4   0.17740237619745935  
  4246.9   0.177375215059847    
  4247.4   0.1773480787498214   
  4247.9   0.17732093231757132  
  4248.4   0.177293810697737    
  4248.9   0.17726669641635764  
  4249.4   0.17723957201837823  
  4249.9   0.1772124724100852   
  4250.4   0.17718536268894014  
  4250.9   0.1771582777423433   
  4251.4   0.1771311826866409   
  4251.9   0.17710411239036164  
  4252.4   0.17707703198872174  
  4252.9   0.17704997633139294  
  4253.4   0.17702292798692632  
  4253.9   0.17699586954271287  
  4254.4   0.17696883582016942  
  4254.9   0.17694179200162014  
  4255.4   0.17691477288966143  
  4255.9   0.17688774368543633  
  4256.4   0.1768607391727354   
  4256.9   0.17683372457150592  
  4257.4   0.1768067346467473   
  4257.9   0.17677973463719635  
  4258.4   0.17675275928907586  
  4258.9   0.17672579122269505  
  4259.4   0.17669881307712285  
  4259.9   0.1766718595704473   
  4260.4   0.17664489598831265  
  4260.9   0.1766179570300667   
  4261.4   0.1765910080000925   
  4261.9   0.17656408357901202  
  4262.4   0.17653714908993245  
  4262.9   0.17651023919476447  
  4263.4   0.1764833365560007   
  4263.9   0.1764564238548282   
  4264.4   0.17642953572512082  
  4264.9   0.17640263753673     
  4265.4   0.1763757639048544   
  4265.9   0.17634888021801917  
  4266.4   0.1763220210727622   
  4266.9   0.17629515187626774  
  4267.4   0.1762683072064275   
  4267.9   0.17624146976777078  
  4268.4   0.17621462228345625  
  4268.9   0.17618779930343628  
  4269.4   0.17616096628147684  
  4269.9   0.17613415774892     
  4270.4   0.1761073391781403   
  4270.9   0.17608054508188406  
  4271.4   0.1760537409511201   
  4271.9   0.1760269612800132   
  4272.4   0.17600018881498317  
  4272.9   0.17597340632101463  
  4273.4   0.17594664826442996  
  4273.9   0.17591988018261798  
  4274.4   0.17589313652335536  
  4274.9   0.17586638284257516  
  4275.4   0.17583965356952264  
  4275.9   0.1758129142786606   
  4276.4   0.17578619938071732  
  4276.9   0.17575949166385774  
  4277.4   0.17573277393474726  
  4277.9   0.1757060805763683   
  4278.4   0.17567937720944268  
  4278.9   0.1756526981984714   
  4279.4   0.17562600918265603  
  4279.9   0.17559934450803052  
  4280.4   0.175572669832262    
  4280.9   0.17554601948293155  
  4281.4   0.1755193762898045   
  4281.9   0.1754927231010825   
  4282.4   0.17546609421669693  
  4282.9   0.17543945534041355  
  4283.4   0.1754128407537464   
  4283.9   0.17538621617887712  
  4284.4   0.17535961587891646  
  4284.9   0.17533300559444767  
  4285.4   0.17530641957019255  
  4285.9   0.1752798406773727   
  4286.4   0.1752532518055823   
  4286.9   0.17522668717198908  
  4287.4   0.1752001125631154   
  4287.9   0.1751735621777754   
  4288.4   0.17514700182084356  
  4288.9   0.17512046567279443  
  4289.4   0.1750939195568405   
  4289.9   0.17506739763513088  
  4290.4   0.17504088282020003  
  4290.9   0.17501435804289137  
  4291.4   0.1749878574378953   
  4291.9   0.1749613468742045   
  4292.4   0.1749348604682192   
  4292.9   0.17490836410722077  
  4293.4   0.17488189188933323  
  4293.9   0.17485540972011257  
  4294.4   0.1748289516794207   
  4294.9   0.17480248369107412  
  4295.4   0.17477603981668674  
  4295.9   0.17474960301909281  
  4296.4   0.1747231562793583   
  4296.9   0.17469673363175425  
  4297.4   0.17467030104568415  
  4297.9   0.17464389253720602  
  4298.4   0.17461747409393483  
  4298.9   0.17459107971372945  
  4299.4   0.17456467540240247  
  4299.9   0.17453829513962768  
  4300.4   0.17451192192923554  
  4300.9   0.17448553879322548  
  4301.4   0.17445917968402258  
  4301.9   0.1744328106528693   
  4302.4   0.17440646563404047  
  4302.9   0.17438011069692724  
  4303.4   0.17435377975766808  
  4303.9   0.17432743890378896  
  4304.4   0.17430112203330594  
  4304.9   0.17427481219090443  
  4305.4   0.17424849243937612  
  4305.9   0.17422219664958227  
  4306.4   0.17419589095432217  
  4306.9   0.1741696092063694   
  4307.4   0.1741433175566093   
  4307.9   0.17411704983974163  
  4308.4   0.17409077222472408  
  4308.9   0.17406451852819635  
  4309.4   0.174038271835558    
  4309.9   0.1740120152502524   
  4310.4   0.17398578256185804  
  4310.9   0.17395953998445     
  4311.4   0.1739333212895812   
  4311.9   0.17390709270935073  
  4312.4   0.17388088799729984  
  4312.9   0.17385467340353772  
  4313.4   0.17382848266360765  
  4313.9   0.17380229890348314  
  4314.4   0.17377610526711962  
  4314.9   0.1737499354630921   
  4315.4   0.17372375578647212  
  4315.9   0.17369759992787112  
  4316.4   0.17367143420032272  
  4316.9   0.1736452922764885   
  4317.4   0.1736191404873503   
  4317.9   0.1735930124876337   
  4318.4   0.17356689144374668  
  4318.9   0.1735407605400174   
  4319.4   0.1735146534042958   
  4319.9   0.17348853641237152  
  4320.4   0.17346244317419263  
  4320.9   0.1734363400834491   
  4321.4   0.1734102607322008   
  4321.9   0.17338417153202434  
  4322.4   0.17335810605710508  
  4322.9   0.1733320475141467   
  4323.4   0.1733059791277113   
  4323.9   0.17327993444520104  
  4324.4   0.17325387992284644  
  4324.91  0.17322731279037043  
  4325.41  0.1732012722641465   
  4325.91  0.1731752554132979   
  4326.41  0.17314924547586513  
  4326.91  0.17312322570769956  
  4327.41  0.17309722959364068  
  4327.91  0.17307122365247615  
  4328.41  0.17304524135125274  
  4328.91  0.17301924922654932  
  4329.41  0.17299328072763345  
  4329.91  0.17296730240886166  
  4330.41  0.17294134770173583  
  4330.91  0.17291539988434648  
  4331.41  0.17288944225253386  
  4331.91  0.17286350821117963  
  4332.41  0.1728375643590223   
  4332.91  0.17281164408321176  
  4333.41  0.17278571400021683  
  4333.91  0.172759807479469    
  4334.41  0.17273389115515392  
  4334.91  0.1727079983789982   
  4335.41  0.17268211246900514  
  4335.91  0.17265621676086698  
  4336.41  0.1726303445797813   
  4336.91  0.1726044626041638   
  4337.41  0.1725786041415408   
  4337.91  0.1725527358879977   
  4338.41  0.17252689113340308  
  4338.91  0.17250103659149854  
  4339.41  0.17247520553450837  
  4339.91  0.17244936469381686  
  4340.41  0.17242354732401746  
  4340.91  0.17239773679171055  
  4341.41  0.17237191648111183  
  4341.91  0.17234611962039625  
  4342.41  0.17232031298499362  
  4342.91  0.17229452978548143  
  4343.41  0.17226873681488541  
  4343.91  0.17224296726619906  
  4344.41  0.17221718795003052  
  4344.91  0.17219143204180265  
  4345.41  0.17216568294772602  
  4345.91  0.17213992409156628  
  4346.41  0.172114188622418    
  4346.91  0.17208844339478443  
  4347.41  0.1720627215402228   
  4347.91  0.17203698993077218  
  4348.41  0.17201128168046573  
  4348.91  0.171985563678865    
  4349.41  0.17195986902249238  
  4349.91  0.1719341811570335   
  4350.41  0.17190848354566896  
  4350.91  0.17188280925868277  
  4351.41  0.17185712522938187  
  4351.91  0.17183146451057266  
  4352.41  0.17180579405303803  
  4352.91  0.1717801468921201   
  4353.41  0.17175448999606463  
  4353.91  0.17172885638276253  
  4354.41  0.17170322953723968  
  4354.91  0.17167759296195756  
  4355.41  0.171651979648658    
  4355.91  0.17162635660918316  
  4356.41  0.17160075681785678  
  4356.91  0.17157514730393747  
  4357.41  0.17154956102434424  
  4357.91  0.171523965025739    
  4358.41  0.17149839224764898  
  4358.91  0.1714728262143064   
  4359.41  0.17144725046731968  
  4359.91  0.171421697920156    
  4360.41  0.17139613566292522  
  4360.91  0.17137059659173573  
  4361.41  0.17134504781405466  
  4361.91  0.17131952220864466  
  4362.41  0.1712939869003171   
  4362.91  0.17126847475050205  
  4363.41  0.17124296932250463  
  4363.91  0.17121745419694712  
  4364.41  0.17119196220928812  
  4364.91  0.17116646052763923  
  4365.41  0.17114098197015915  
  4365.91  0.17111549372225773  
  4366.41  0.17109002858480699  
  4366.91  0.171064553760502    
  4367.41  0.17103910203294106  
  4367.91  0.17101365700436946  
  4368.41  0.1709882022942907   
  4368.91  0.1709627706604199   
  4369.41  0.17093732934860523  
  4369.91  0.17091191109932058  
  4370.41  0.17088648317565377  
  4370.91  0.17086107830085065  
  4371.41  0.17083566375522558  
  4371.91  0.17081027224480919  
  4372.41  0.17078488741065476  
  4372.91  0.1707594929110151   
  4373.41  0.17073412142612557  
  4373.91  0.17070874027930713  
  4374.41  0.17068338213361253  
  4374.91  0.1706580143295439   
  4375.41  0.17063266951298417  
  4375.91  0.1706073150416037   
  4376.41  0.17058198354412868  
  4376.91  0.17055664239538468  
  4377.41  0.17053132420695416  
  4377.91  0.17050601266714363  
  4378.41  0.17048069148138825  
  4378.91  0.1704553932355818   
  4379.41  0.1704300853473784   
  4379.91  0.1704048003855604   
  4380.41  0.17037950578489183  
  4380.91  0.17035423409705638  
  4381.41  0.17032895277391524  
  4381.91  0.17030369435006637  
  4382.41  0.17027844255233238  
  4382.91  0.17025318112460658  
  4383.41  0.1702279425758851   
  4383.91  0.17020269440071284  
  4384.41  0.17017746909103237  
  4384.91  0.1701522341584406   
  4385.41  0.17012702207783936  
  4385.91  0.17010180037786482  
  4386.41  0.1700766015163908   
  4386.91  0.17005140925862577  
  4387.41  0.170026207386791    
  4387.91  0.17000102833324507  
  4388.41  0.1699758396691636   
  4388.91  0.16995067380990922  
  4389.41  0.1699254983436519   
  4389.91  0.16990034566877113  
  4390.41  0.16987518339041854  
  4390.91  0.1698500438900032   
  4391.41  0.1698249109709895   
  4391.91  0.1697997684537972   
  4392.41  0.1697746486944064   
  4392.91  0.1697495193403643   
  4393.41  0.16972441273071248  
  4393.91  0.16969929652993512  
  4394.41  0.1696742030601479   
  4394.91  0.16964910000275948  
  4395.41  0.16962401966297228  
  4395.91  0.16959894588237748  
  4396.41  0.16957386251946438  
  4396.91  0.16954880185409235  
  4397.41  0.16952373160992246  
  4397.91  0.16949868404993257  
  4398.41  0.1694736269146638   
  4398.91  0.16944859245022523  
  4399.41  0.1694235484140251   
  4399.91  0.1693985270353165   
  4400.41  0.16937351219368857  
  4400.91  0.16934848778557185  
  4401.41  0.1693234860149615   
  4401.91  0.16929847468137593  
  4402.41  0.1692734859719858   
  4402.91  0.16924848770313253  
  4403.41  0.1692235120451748   
  4403.91  0.16919852683126452  
  4404.41  0.16917356421496102  
  4404.91  0.16914860811372356  
  4405.41  0.16912364246179598  
  4405.91  0.1690986993875649   
  4406.42  0.16907326511940737  
  4406.92  0.1690483191374087   
  4407.42  0.1690233957130889   
  4407.92  0.16899847878916482  
  4408.42  0.16897355232510014  
  4408.92  0.16894864839885382  
  4409.42  0.16892373493596907  
  4409.92  0.1688988439976747   
  4410.42  0.1688739435262426   
  4410.92  0.1688490655661839   
  4411.42  0.1688241780764866   
  4411.92  0.1687993130849567   
  4412.42  0.16877443856728583  
  4412.92  0.16874958653458735  
  4413.42  0.1687247409755872   
  4413.92  0.16869988589568913  
  4414.42  0.16867505328099358  
  4414.92  0.168650211148894    
  4415.42  0.1686253914688293   
  4415.92  0.1686005622748529   
  4416.42  0.16857575551975468  
  4416.92  0.1685509392542356   
  4417.42  0.1685261454144489   
  4417.92  0.16850135802662344  
  4418.42  0.16847656113360993  
  4418.92  0.16845178664663268  
  4419.42  0.16842700265795446  
  4419.92  0.16840224106219398  
  4420.42  0.168377469968218    
  4420.92  0.16835272125405218  
  4421.42  0.16832796304515485  
  4421.92  0.1683032272029709   
  4422.42  0.16827849779110607  
  4422.92  0.16825375888973235  
  4423.42  0.16822904233544936  
  4423.92  0.1682043162951376   
  4424.42  0.16817961258884695  
  4424.92  0.16815489940000627  
  4425.42  0.16813020853212782  
  4425.92  0.16810550818517658  
  4426.42  0.16808083014613956  
  4426.92  0.16805615851587413  
  4427.42  0.16803147741174831  
  4427.92  0.1680068185959871   
  4428.42  0.16798215030983887  
  4428.92  0.16795750429903422  
  4429.42  0.16793284882131448  
  4429.92  0.1679082156059281   
  4430.42  0.16788357292709707  
  4430.92  0.16785895249759986  
  4431.42  0.1678343384554207   
  4431.92  0.1678097149549991   
  4432.42  0.16778511368443436  
  4432.92  0.16776050295909387  
  4433.42  0.16773591445063762  
  4433.92  0.1677113164908707   
  4434.42  0.16768674073502618  
  4434.92  0.1676621555313346   
  4435.42  0.16763759251861424  
  4435.92  0.16761303587185183  
  4436.42  0.16758846978243438  
  4436.92  0.16756392586458355  
  4437.42  0.16753937250753753  
  4437.92  0.16751484130913372  
  4438.42  0.16749030067499304  
  4438.92  0.1674657821865808   
  4439.42  0.16744125426588857  
  4439.92  0.16741674847802168  
  4440.42  0.16739224903484556  
  4440.92  0.16736774016457134  
  4441.42  0.16734325340778985  
  4441.92  0.1673187572273633   
  4442.42  0.16729428314755299  
  4442.92  0.1672697996475492   
  4443.42  0.16724533823529575  
  4443.92  0.16722086740629888  
  4444.42  0.16719641865219712  
  4444.92  0.1671719762216115   
  4445.42  0.16714752437945424  
  4445.92  0.16712309459293112  
  4446.42  0.16709865539828261  
  4446.92  0.16707423824643947  
  4447.42  0.16704981168991576  
  4447.92  0.16702540716337919  
  4448.42  0.16700099323560533  
  4448.92  0.166976601325011    
  4449.42  0.1669522000166212   
  4449.92  0.16692782071261378  
  4450.42  0.1669034477063672   
  4450.92  0.16687906530748448  
  4451.42  0.16685470489381032  
  4451.92  0.1668303350909381   
  4452.42  0.16680598726050366  
  4452.92  0.16678163004430768  
  4453.42  0.16675729478778928  
  4453.92  0.16673295014894435  
  4454.42  0.1667086274570272   
  4454.92  0.1666843110419      
  4455.42  0.16665998524959558  
  4455.92  0.16663568138511595  
  4456.42  0.16661136814689037  
  4456.92  0.16658707682376606  
  4457.42  0.1665627761303256   
  4457.92  0.1665384973392733   
  4458.42  0.16651420918133314  
  4458.92  0.16648994291307853  
  4459.42  0.16646568290073385  
  4459.92  0.1664414135266405   
  4460.42  0.1664171660232002   
  4460.92  0.16639290916143581  
  4461.42  0.16636867415764792  
  4461.92  0.16634442979895897  
  4462.42  0.16632020728558036  
  4462.92  0.16629597542072228  
  4463.42  0.16627176538851876  
  4463.92  0.1662475615914357   
  4464.42  0.16622334844800213  
  4464.92  0.166199157118261    
  4465.42  0.16617495644558722  
  4465.92  0.16615077757397606  
  4466.42  0.1661265893628486   
  4466.92  0.1661024229401643   
  4467.42  0.16607824718137856  
  4467.92  0.16605409319842684  
  4468.42  0.16602994542989594  
  4468.92  0.16600578833038257  
  4469.42  0.16598165298781092  
  4469.92  0.16595750831766792  
  4470.42  0.16593338539188338  
  4470.92  0.16590925314193708  
  4471.42  0.16588514262377632  
  4471.92  0.16586102278486195  
  4472.42  0.16583692466517042  
  4472.92  0.1658128327392895   
  4473.42  0.16578873149776385  
  4473.92  0.16576465195663836  
  4474.42  0.16574056310327254  
  4474.92  0.16571649593776985  
  4475.42  0.16569241946342977  
  4475.92  0.16566836466442614  
  4476.42  0.16564430055998655  
  4476.92  0.16562025811836698  
  4477.42  0.1655962218500368   
  4477.92  0.1655721762813695   
  4478.42  0.16554815235676873  
  4478.92  0.16552411913522852  
  4479.42  0.16550010754526395  
  4479.92  0.16547608666175617  
  4480.42  0.16545208739734338  
  4480.92  0.1654280788427821   
  4481.42  0.16540409189484537  
  4481.92  0.1653801110997654   
  4482.42  0.1653561210196257   
  4482.92  0.16533215252742597  
  4483.42  0.16530817475355755  
  4483.92  0.16528421855518413  
  4484.42  0.16526025307853154  
  4484.92  0.1652363091649391   
  4485.42  0.16521235597645553  
  4485.92  0.16518842433860745  
  4486.42  0.1651644988332715   
  4486.92  0.16514056405812313  
  4487.42  0.16511665081499427  
  4487.92  0.16509272830543742  
  4488.43  0.1650683348932805   
  4488.93  0.16504442476648612  
  4489.43  0.16502053614679515  
  4489.93  0.16499665364380708  
  4490.43  0.16497276188287963  
  4490.93  0.16494889161049278  
  4491.43  0.1649250120835457   
  4491.93  0.1649011540327754   
  4492.43  0.16487728673082247  
  4492.93  0.16485344089269255  
  4493.43  0.16482958580675616  
  4493.93  0.16480575217229906  
  4494.43  0.16478192463435576  
  4494.93  0.16475808785366694  
  4495.43  0.1647342725059627   
  4495.93  0.1647104479188854   
  4496.43  0.16468664475247405  
  4496.93  0.16466283235006066  
  4497.43  0.16463904135600466  
  4497.93  0.16461524112931608  
  4498.43  0.16459146229868638  
  4498.93  0.16456767423879218  
  4499.43  0.16454390756266832  
  4499.93  0.1645201469585003   
  4500.43  0.16449637713011647  
  4500.93  0.16447262866709098  
  4501.43  0.16444887098321395  
  4501.93  0.16442513465243172  
  4502.43  0.1644013891041609   
  4502.93  0.16437766489673122  
  4503.43  0.16435393147517435  
  4503.93  0.16433021938221506  
  4504.43  0.16430651334121466  
  4504.93  0.16428279809112578  
  4505.43  0.1642591041512897   
  4505.93  0.16423540100572284  
  4506.43  0.1642117191581901   
  4506.93  0.16418802810828276  
  4507.43  0.16416435834420073  
  4507.93  0.16414067938109883  
  4508.43  0.16411702169162334  
  4508.93  0.1640933700341955   
  4509.43  0.16406970918277664  
  4509.93  0.16404606958670634  
  4510.43  0.16402242079999607  
  4510.93  0.1639987932564603   
  4511.43  0.16397515652563407  
  4511.93  0.16395154102581808  
  4512.43  0.16392791634205975  
  4512.93  0.1639043128771573   
  4513.43  0.16388071542447646  
  4513.93  0.16385710879287224  
  4514.43  0.16383352336191268  
  4514.93  0.1638099287553741   
  4515.43  0.1637863553373504   
  4515.93  0.16376277274709067  
  4516.43  0.16373921133322594  
  4516.93  0.1637156407504666   
  4517.43  0.16369209133199217  
  4517.93  0.16366854790599833  
  4518.43  0.16364499531611884  
  4518.93  0.16362146387237944  
  4519.43  0.1635979232680922   
  4519.93  0.16357440379785945  
  4520.43  0.16355087517041528  
  4520.93  0.16352736766494977  
  4521.43  0.16350385100560766  
  4521.93  0.16348035545617823  
  4522.43  0.16345686587957267  
  4522.93  0.16343336715408946  
  4523.43  0.16340988952044022  
  4523.93  0.16338640274124458  
  4524.43  0.1633629370418412   
  4524.93  0.16333946220022127  
  4525.43  0.16331600842636174  
  4525.93  0.1632925455136138   
  4526.43  0.1632691036566042   
  4526.93  0.16324566775284557  
  4527.43  0.16322222271518771  
  4527.93  0.1631987987152551   
  4528.43  0.16317536558474782  
  4528.93  0.16315195347996797  
  4529.43  0.16312853224793658  
  4529.93  0.16310513202964447  
  4530.43  0.16308172268742252  
  4530.93  0.16305833434696135  
  4531.43  0.16303495194026185  
  4531.93  0.16301156041461173  
  4532.43  0.1629881898727748   
  4532.93  0.1629648102153053   
  4533.43  0.16294145152969464  
  4533.93  0.16291808373176794  
  4534.43  0.16289473689375547  
  4534.93  0.16287138094674208  
  4535.43  0.16284804594770788  
  4535.93  0.1628247018429864   
  4536.43  0.16280137867431874  
  4536.93  0.1627780614157051   
  4537.43  0.16275473505637134  
  4537.93  0.16273142961522327  
  4538.43  0.1627081150766651   
  4538.93  0.1626848214443913   
  4539.43  0.16266151871801596  
  4539.93  0.1626382368860332   
  4540.43  0.16261494596325596  
  4540.93  0.1625916759229892   
  4541.43  0.1625684117734711   
  4541.93  0.16254513853811575  
  4542.43  0.16252188616746754  
  4542.93  0.16249862471428556  
  4543.43  0.16247538411395246  
  4543.93  0.16245213443438752  
  4544.43  0.1624289055958228   
  4544.93  0.16240566768132678  
  4545.43  0.16238245059599182  
  4545.93  0.16235923938218225  
  4546.43  0.16233601909738882  
  4546.93  0.16231281962401753  
  4547.43  0.16228961108295928  
  4547.93  0.16226642334150787  
  4548.43  0.16224322653566486  
  4548.93  0.16222005051762287  
  4549.43  0.16219686543848327  
  4549.93  0.16217370113534832  
  4550.43  0.1621505426845972   
  4550.93  0.16212737517768608  
  4551.43  0.16210422842910482  
  4551.93  0.16208107262765395  
  4552.43  0.16205793757276035  
  4552.93  0.16203479346828595  
  4553.43  0.16201167009860568  
  4553.93  0.16198853768263202  
  4554.43  0.16196542598969876  
  4554.93  0.1619423201300889   
  4555.43  0.16191920522911354  
  4555.93  0.16189611103356766  
  4556.43  0.16187300779993996  
  4556.93  0.16184992526001163  
  4557.43  0.1618268336852839   
  4557.93  0.16180376279253478  
  4558.43  0.1617806828682671   
  4558.93  0.1617576236142668   
  4559.43  0.16173457017461032  
  4559.93  0.16171150770835338  
  4560.43  0.16168846589481636  
  4560.93  0.16166541505795612  
  4561.43  0.161642384862128    
  4561.93  0.16161934564625244  
  4562.43  0.16159632705973057  
  4562.93  0.16157329945643564  
  4563.43  0.16155029247082528  
  4563.93  0.16152729128065962  
  4564.43  0.16150428107862924  
  4564.93  0.1614812914767992   
  4565.43  0.16145829286637517  
  4565.93  0.16143531484450585  
  4566.43  0.1614123278173118   
  4566.93  0.16138936136703608  
  4567.43  0.1613663859147035   
  4567.93  0.1613434310276622   
  4568.43  0.16132048191724635  
  4568.93  0.1612975238096722   
  4569.43  0.16127458624996807  
  4569.94  0.16125119676954275  
  4570.44  0.16122825610314195  
  4570.94  0.16120533596709516  
  4571.44  0.16118240684207993  
  4571.94  0.16115949823582895  
  4572.44  0.16113659538950134  
  4572.94  0.1611136835590951   
  4573.44  0.16109079223008774  
  4573.94  0.16106789192026022  
  4574.44  0.16104501210026498  
  4574.94  0.16102212330270657  
  4575.44  0.16099925498342305  
  4575.94  0.160976377689832    
  4576.44  0.1609535208629677   
  4576.94  0.16093066977735762  
  4577.44  0.16090780972232013  
  4577.94  0.16088497011670638  
  4578.44  0.16086212154491714  
  4578.94  0.16083929341102662  
  4579.44  0.16081645631421115  
  4579.94  0.16079363964377855  
  4580.44  0.16077081401367002  
  4580.94  0.16074800879843779  
  4581.44  0.16072520930586937  
  4581.94  0.16070240085849546  
  4582.44  0.16067961280875692  
  4582.94  0.16065681580745836  
  4583.44  0.16063403919231142  
  4583.94  0.1606112536288485   
  4584.44  0.16058848844006274  
  4584.94  0.1605657143062036   
  4585.44  0.16054296053555614  
  4585.94  0.16052021246906062  
  4586.44  0.1604974554623524   
  4586.94  0.16047471880167685  
  4587.44  0.16045197320402765  
  4587.94  0.16042924794096855  
  4588.44  0.16040651374417342  
  4588.94  0.16038379987053497  
  4589.44  0.16036107706639663  
  4589.94  0.16033837457399067  
  4590.44  0.1603156777673026   
  4590.94  0.1602929720349656   
  4591.44  0.16027028659724346  
  4591.94  0.160247592237105    
  4592.44  0.1602249181601798   
  4592.94  0.16020223516406942  
  4593.44  0.16017957243977987  
  4593.94  0.1601569007995348   
  4594.44  0.16013424941972712  
  4594.94  0.16011160370728084  
  4595.44  0.16008894908372037  
  4595.94  0.16006631470354102  
  4596.44  0.16004367141547363  
  4596.94  0.16002104835942654  
  4597.44  0.15999841639871612  
  4597.94  0.15997580465867428  
  4598.44  0.15995318401719236  
  4598.94  0.1599305835850363   
  4599.44  0.1599079888019623   
  4599.94  0.15988538512227987  
  4600.44  0.159862801634928    
  4600.94  0.15984020925418738  
  4601.44  0.15981763705445717  
  4601.94  0.15979505596455645  
  4602.44  0.15977249504435495  
  4602.94  0.1597499252371998   
  4603.44  0.15972737558844166  
  4603.94  0.15970483157056295  
  4604.44  0.15968227867055265  
  4604.94  0.15965974591200469  
  4605.44  0.1596372042745384   
  4605.94  0.15961468276725466  
  4606.44  0.1595921523842644   
  4606.94  0.15956964212018598  
  4607.44  0.15954712298361143  
  4607.94  0.15952462395468678  
  4608.44  0.159502116056475    
  4608.94  0.15947962825466022  
  4609.44  0.1594571460615808   
  4609.94  0.15943465500402448  
  4610.44  0.15941218402600432  
  4610.94  0.15938970418671272  
  4611.44  0.15936724441572664  
  4611.94  0.1593447757866731   
  4612.44  0.15932232721470338  
  4612.94  0.15929986978786878  
  4613.44  0.15927743240690515  
  4613.94  0.15925500061664338  
  4614.44  0.15923255997631747  
  4614.94  0.15921013936506168  
  4615.44  0.15918770990694076  
  4615.94  0.15916530046669936  
  4616.44  0.15914288218279038  
  4616.94  0.1591204839055792   
  4617.44  0.15909807678789661  
  4617.94  0.1590756896657389   
  4618.44  0.15905330811632507  
  4618.94  0.159030917731231    
  4619.44  0.15900854732492073  
  4619.94  0.15898616808612281  
  4620.44  0.15896380881495792  
  4620.94  0.1589414407144966   
  4621.44  0.1589190925705263   
  4621.94  0.15889673560044937  
  4622.44  0.15887439857573027  
  4622.94  0.1588520671058722   
  4623.44  0.15882972681468902  
  4623.94  0.1588074064521822   
  4624.44  0.15878507727153646  
  4624.94  0.15876276800845596  
  4625.44  0.15874044993042136  
  4625.94  0.1587181517588496   
  4626.44  0.15869584477550713  
  4626.94  0.15867355768753386  
  4627.44  0.15865127613661345  
  4627.94  0.1586289857786943   
  4628.44  0.15860671529952214  
  4628.94  0.1585844360165311   
  4629.44  0.15856217660121533  
  4629.94  0.15853990838525914  
  4630.44  0.1585176600259152   
  4630.94  0.1584954028691079   
  4631.44  0.15847316555785862  
  4631.94  0.15845093376592828  
  4632.44  0.15842869318129707  
  4632.94  0.15840647242566055  
  4633.44  0.15838424288049663  
  4633.94  0.15836203315329497  
  4634.44  0.15833981463973804  
  4634.94  0.15831761593311955  
  4635.44  0.1582954084433165   
  4635.94  0.15827322074943684  
  4636.44  0.15825103855721623  
  4636.94  0.15822884758656394  
  4637.44  0.15820667639533048  
  4637.94  0.1581844964288325   
  4638.44  0.15816233623076     
  4638.94  0.15814016726058874  
  4639.44  0.15811801804785824  
  4639.94  0.1580958600661933   
  4640.44  0.15807372183099308  
  4640.94  0.15805158907986555  
  4641.44  0.158029447564547    
  4641.94  0.15800732577924698  
  4642.44  0.1579851952329168   
  4642.94  0.1579630844056507   
  4643.44  0.15794096482051387  
  4643.94  0.15791886494349525  
  4644.44  0.1578967563117639   
  4644.94  0.15787466737721356  
  4645.44  0.15785256969110711  
  4645.94  0.15783049169125307  
  4646.44  0.15780841915407648  
  4646.94  0.1577863378700755   
  4647.44  0.1577642762559519   
  4647.94  0.15774220589815702  
  4648.44  0.15772015519933233  
  4648.94  0.15769809575998808  
  4649.44  0.15767605596871545  
  4649.94  0.15765400744007357  
  4650.44  0.1576319785486133   
  4650.94  0.15760995510240622  
  4651.45  0.15758746929373005  
  4651.95  0.15756545684784148  
  4652.45  0.15754343567248516  
  4652.95  0.1575214341070127   
  4653.45  0.1574994379771051   
  4653.95  0.15747743312244677  
  4654.45  0.15745544786138727  
  4654.95  0.15743345387872024  
  4655.45  0.15741147947880482  
  4655.95  0.1573894963604238   
  4656.45  0.15736753281395563  
  4656.95  0.15734556055216228  
  4657.45  0.15732360785145166  
  4657.95  0.15730164643855493  
  4658.45  0.15727970457591922  
  4658.95  0.15725776812769926  
  4659.45  0.15723582297199865  
  4659.95  0.15721389735034416  
  4660.45  0.1571919630243446   
  4660.95  0.1571700482215906   
  4661.45  0.1571481247176258   
  4661.95  0.1571262207261145   
  4662.45  0.15710430803652514  
  4662.95  0.15708241484860574  
  4663.45  0.1570605270578781   
  4663.95  0.15703863057376838  
  4664.45  0.15701675357517086  
  4664.95  0.1569948678863206   
  4665.45  0.15697300167222003  
  4665.95  0.15695112677099463  
  4666.45  0.15692927133376489  
  4666.95  0.15690740721253676  
  4667.45  0.15688556254455877  
  4667.95  0.15686372325661976  
  4668.45  0.15684187528936902  
  4668.95  0.15682004675926742  
  4669.45  0.1567982095529771   
  4669.95  0.15677639177311128  
  4670.45  0.1567545653201784   
  4670.95  0.15673275828295383  
  4671.45  0.15671094257578233  
  4671.95  0.15668914627361136  
  4672.45  0.15666735533439768  
  4672.95  0.15664555572991434  
  4673.45  0.15662377551438716  
  4673.95  0.1566019866367071   
  4674.45  0.15658021713729628  
  4674.95  0.15655843897884789  
  4675.45  0.1565366801879902   
  4675.95  0.1565149127412089   
  4676.45  0.15649316465134808  
  4676.95  0.15647142190743343  
  4677.45  0.15644967051226302  
  4677.95  0.1564279384580251   
  4678.45  0.15640619775564193  
  4678.95  0.15638447638354186  
  4679.45  0.15636274636640565  
  4679.95  0.15634103566891142  
  4680.45  0.1563193163294888   
  4680.95  0.1562976162990754   
  4681.45  0.15627592159766723  
  4681.95  0.15625421825898916  
  4682.45  0.15623253421338837  
  4682.95  0.15621084153362197  
  4683.45  0.15618916813632078  
  4683.95  0.15616748610795683  
  4684.45  0.15614582335145433  
  4684.95  0.15612415196699053  
  4685.45  0.15610249984379274  
  4685.95  0.15608085303272914  
  4686.45  0.1560591975983534   
  4686.95  0.15603756140936756  
  4687.45  0.1560159166001676   
  4687.95  0.15599429102578263  
  4688.45  0.15597265683428016  
  4688.95  0.1559510418670261   
  4689.45  0.15592941828574977  
  4689.95  0.15590781391816347  
  4690.45  0.15588621484590992  
  4690.95  0.15586460716427394  
  4691.45  0.15584301868050743  
  4691.95  0.15582142159045032  
  4692.45  0.15579984368772481  
  4692.95  0.15577825718179913  
  4693.45  0.15575668985267543  
  4693.95  0.15573511392344058  
  4694.45  0.15571355716048618  
  4694.95  0.15569199180050836  
  4695.45  0.15567044559629772  
  4695.95  0.15564890466697848  
  4696.45  0.15562735514526418  
  4696.95  0.15560582476356422  
  4697.45  0.15558428579255337  
  4697.95  0.15556276595106402  
  4698.45  0.1555412375233467   
  4698.95  0.1555197282146661   
  4699.45  0.15549821032283895  
  4699.95  0.15547671153957204  
  4700.45  0.1554552180145483   
  4700.95  0.15543371591099717  
  4701.45  0.15541223290030837  
  4701.95  0.15539074131417016  
  4702.45  0.15536926881043805  
  4702.95  0.15534778773433328  
  4703.45  0.15532632573018648  
  4703.95  0.15530485515674225  
  4704.45  0.15528340364481605  
  4704.95  0.15526195737455323  
  4705.45  0.15524050253960275  
  4705.95  0.15521906675052724  
  4706.45  0.15519762239983595  
  4706.95  0.15517619708459987  
  4707.45  0.15515476321081847  
  4707.95  0.15513334836208065  
  4708.45  0.1551119249578666   
  4708.95  0.15509052056829253  
  4709.45  0.15506912140387005  
  4709.95  0.1550477136885719   
  4710.45  0.1550263249723252   
  4710.95  0.1550049277082685   
  4711.45  0.15498354943287979  
  4711.95  0.15496216261274542  
  4712.45  0.15494079477090367  
  4712.95  0.15491941838737913  
  4713.45  0.1548980609717799   
  4713.95  0.15487670876488818  
  4714.45  0.154855348020905    
  4714.95  0.15483400622931284  
  4715.45  0.15481265590368876  
  4715.95  0.15479132452010838  
  4716.45  0.15476998460555424  
  4716.95  0.15474866362270454  
  4717.45  0.15472733411193781  
  4717.95  0.15470602352254428  
  4718.45  0.15468471812548157  
  4718.95  0.15466340420508393  
  4719.45  0.15464210919057925  
  4719.95  0.154620805655793    
  4720.45  0.15459952101658841  
  4720.95  0.15457822786015424  
  4721.45  0.15455695358899843  
  4721.95  0.15453567080366362  
  4722.45  0.15451440689331186  
  4722.95  0.15449314815898121  
  4723.45  0.1544718809150445   
  4723.95  0.15445063253066438  
  4724.45  0.15442937563972534  
  4724.95  0.1544081375980674   
  4725.45  0.15438689105289646  
  4725.95  0.15436566334673907  
  4726.45  0.15434442714011318  
  4726.95  0.1543232097622413   
  4727.45  0.1543019975441475   
  4727.95  0.1542807768301489   
  4728.45  0.15425957492953138  
  4728.95  0.1542383645360501   
  4729.45  0.15421717294571013  
  4729.95  0.1541959728655461   
  4730.45  0.15417479157829148  
  4730.95  0.15415360180425114  
  4731.45  0.15413243081289624  
  4731.95  0.15411125133779266  
  4732.45  0.15409009063515833  
  4732.96  0.15406851283094292  
  4733.46  0.15404736250909634  
  4733.96  0.15402620370960035  
  4734.46  0.15400506366206657  
  4734.96  0.15398391513991624  
  4735.46  0.15396278535953578  
  4735.96  0.15394166070839801  
  4736.46  0.15392052758719005  
  4736.96  0.15389941319247966  
  4737.46  0.15387829033072858  
  4737.96  0.15385718618530228  
  4738.46  0.15383607357586346  
  4738.96  0.15381497967258442  
  4739.46  0.1537938773083197   
  4739.96  0.15377279364005766  
  4740.46  0.1537517150849863   
  4740.96  0.15373062807346646  
  4741.46  0.15370955974272987  
  4741.96  0.1536884829585682   
  4742.46  0.15366742484505225  
  4742.96  0.1536463582811333   
  4743.46  0.1536253103777302   
  4743.96  0.15360425402694486  
  4744.46  0.15358321632655342  
  4744.96  0.15356218372336602  
  4745.46  0.15354114267732438  
  4745.96  0.1535201202665099   
  4746.46  0.15349908941585855  
  4746.96  0.15347807719033177  
  4747.46  0.1534570565279841   
  4747.96  0.15343605448066627  
  4748.46  0.15341504399954217  
  4748.96  0.1533940521233609   
  4749.46  0.15337306532846212  
  4749.96  0.15335207010427598  
  4750.46  0.15333109346991833  
  4750.96  0.15331010840928455  
  4751.46  0.15328914192841162  
  4751.96  0.15326816702427254  
  4752.46  0.15324721068983438  
  4752.96  0.15322624593513856  
  4753.46  0.15320529974009153  
  4753.96  0.15318435861047008  
  4754.46  0.1531634090651009   
  4754.96  0.15314247806431822  
  4755.46  0.153121538650793    
  4755.96  0.15310061777182138  
  4756.46  0.15307968848311101  
  4756.96  0.15305877771892912  
  4757.46  0.15303785854801094  
  4757.96  0.1530169578916037   
  4758.46  0.15299606228482965  
  4758.96  0.1529751582758201   
  4759.46  0.1529542727663112   
  4759.96  0.152933378857566    
  4760.46  0.15291250343832308  
  4760.96  0.15289161962284165  
  4761.46  0.15287075428687183  
  4761.96  0.15284988055765994  
  4762.46  0.15282902529797668  
  4762.96  0.15280817507219832  
  4763.46  0.15278731645766958  
  4763.96  0.1527664762977109   
  4764.46  0.1527456277519949   
  4764.96  0.15272479765088512  
  4765.46  0.1527039591670098   
  4765.96  0.15268313911778433  
  4766.46  0.1526623106887838   
  4766.96  0.15264150068448454  
  4767.46  0.15262068230339926  
  4767.96  0.15259988233707417  
  4768.46  0.15257908738551687  
  4768.96  0.15255828406165423  
  4769.46  0.15253749913765607  
  4769.96  0.1525167058443383   
  4770.46  0.152495930940963    
  4770.96  0.15247514767125245  
  4771.46  0.15245438278156995  
  4771.96  0.15243360952853524  
  4772.46  0.1524128546456217   
  4772.96  0.15239210476188897  
  4773.46  0.15237134651927564  
  4773.96  0.152350606631939    
  4774.46  0.15232985838870147  
  4774.96  0.15230912849085268  
  4775.46  0.15228839024008142  
  4775.96  0.1522676703248185   
  4776.46  0.15224694205961015  
  4776.96  0.15222623212003733  
  4777.46  0.1522055271641213   
  4777.96  0.15218481386272242  
  4778.46  0.15216411887216552  
  4778.96  0.15214341553909944  
  4779.46  0.15212273050702138  
  4779.5   0.15212106579806742  
  4780.5   0.15207971145796542  
  4781.5   0.15203836369908402  
  4782.5   0.1519970358252365   
  4783.5   0.1519557278227046   
  4784.5   0.1519144396777826   
  4785.5   0.15187317137677692  
  4786.5   0.1518319229060063   
  4787.5   0.15179069425180192  
  4788.5   0.15174948540050703  
  4789.5   0.15170829633847724  
  4790.5   0.15166714029939504  
  4791.5   0.15162599076865305  
  4792.5   0.1515848609863208   
  4793.5   0.15154375093880282  
  4794.5   0.15150266061251583  
  4795.5   0.15146158999388865  
  4796.5   0.15142053906936237  
  4797.5   0.15137950782539022  
  4798.5   0.1513384962484375   
  4799.5   0.15129751751523096  
  4800.5   0.1512565452254426   
  4801.5   0.15121559256214678  
  4802.5   0.1511746595118572   
  4803.5   0.15113374606109978  
  4804.5   0.15109285219641233  
  4805.5   0.15105197790434485  
  4806.5   0.1510111231714593   
  4807.5   0.15097028798432963  
  4808.5   0.15092948546307786  
  4809.5   0.1508886893209499   
  4810.5   0.15084791268437617  
  4811.5   0.15080715553997853  
  4812.5   0.1507664178743909   
  4813.5   0.1507256996742591   
  4814.5   0.1506850009262409   
  4815.5   0.15064432161700594  
  4816.5   0.15060366173323583  
  4817.5   0.1505630343387959   
  4818.5   0.15052241325980617  
  4819.5   0.15048181156640159  
  4820.5   0.15044122924531111  
  4821.5   0.15040066628327564  
  4822.5   0.15036012266704787  
  4823.5   0.1503195983833923   
  4824.5   0.15027909341908519  
  4825.5   0.15023860776091472  
  4826.5   0.1501981413956807   
  4827.5   0.15015770732514583  
  4828.5   0.15011727950003237  
  4829.5   0.1500768709283297   
  4830.5   0.15003648159688457  
  4831.5   0.1499961114925555   
  4832.5   0.14995576060221275  
  4833.5   0.14991542891273818  
  4834.5   0.14987511641102533  
  4835.5   0.1498348230839794   
  4836.5   0.14979456187783238  
  4837.5   0.14975430685472163  
  4838.5   0.14971407096706743  
  4839.5   0.14967385420182153  
  4840.5   0.14963365654594718  
  4841.5   0.14959347798641925  
  4842.5   0.14955331851022424  
  4843.5   0.14951317810436007  
  4844.5   0.1494730567558363   
  4845.5   0.14943296735569372  
  4846.5   0.1493928840768022   
  4847.5   0.14935281981635296  
  4848.5   0.14931277456140152  
  4849.5   0.14927274829901496  
  4850.5   0.1492327410162718   
  4851.5   0.14919275270026197  
  4852.5   0.14915278333808685  
  4853.5   0.1491128329168593   
  4854.5   0.14907291427276587  
  4855.5   0.14903300168873174  
  4856.5   0.14899310800705623  
  4857.5   0.1489532332148977   
  4858.5   0.14891337729942603  
  4859.5   0.1488735402478223   
  4860.5   0.1488337220472789   
  4861.5   0.14879392268499977  
  4862.5   0.1487541421481999   
  4863.5   0.14871438042410576  
  4864.5   0.14867465028834628  
  4865.5   0.1486349261453433   
  4866.5   0.1485952207767971   
  4867.5   0.1485555341699792   
  4868.5   0.14851586631217228  
  4869.5   0.1484762171906704   
  4870.5   0.14843658679277869  
  4871.5   0.1483969751058135   
  4872.5   0.1483573821171026   
  4873.5   0.14831782054812287  
  4874.5   0.14827826491193982  
  4875.5   0.14823872793606485  
  4876.5   0.14819920960787022  
  4877.5   0.14815970991473923  
  4878.5   0.14812022884406645  
  4879.5   0.14808076638325743  
  4880.5   0.14804132251972887  
  4881.5   0.1480018972409086   
  4882.5   0.14796250321445034  
  4883.5   0.14792311506140274  
  4884.5   0.14788374545541716  
  4885.5   0.14784439438396563  
  4886.5   0.14780506183453115  
  4887.5   0.14776574779460772  
  4888.5   0.14772645225170045  
  4889.5   0.1476871751933253   
  4890.5   0.14764791660700932  
  4891.5   0.14760868910690902  
  4892.5   0.14756946742140084  
  4893.5   0.14753026417060258  
  4894.5   0.147491079342085    
  4895.5   0.14745191292342977  
  4896.5   0.14741276490222952  
  4897.5   0.14737363526608774  
  4898.5   0.14733452400261882  
  4899.5   0.14729543109944804  
  4900.5   0.1472563565442115   
  4901.5   0.14721731289200343  
  4902.5   0.1471782749896916   
  4903.5   0.14713925539829134  
  4904.5   0.14710025410548208  
  4905.5   0.147061271098954    
  4906.5   0.14702230636640815  
  4907.5   0.14698335989555633  
  4908.5   0.14694443167412105  
  4909.5   0.14690552168983567  
  4910.5   0.14686664244497716  
  4911.5   0.14682776889237453  
  4912.5   0.14678891354019005  
  4913.5   0.14675007637619988  
  4914.5   0.14671125738819096  
  4915.5   0.14667245656396088  
  4916.5   0.14663367389131782  
  4917.5   0.14659490935808075  
  4918.5   0.14655616295207918  
  4919.5   0.1465174471230911   
  4920.5   0.1464787369292673   
  4921.5   0.14644004482623543  
  4922.5   0.14640137080186755  
  4923.5   0.14636271484404625  
  4924.5   0.1463240769406647   
  4925.5   0.1462854570796268   
  4926.5   0.14624685524884684  
  4927.5   0.14620827143624968  
  4928.5   0.14616971803942969  
  4929.5   0.14613117022122543  
  4930.5   0.1460926403850457   
  4931.5   0.1460541285188575   
  4932.5   0.14601563461063818  
  4933.5   0.14597715864837577  
  4934.5   0.14593870062006858  
  4935.5   0.14590026051372554  
  4936.5   0.14586183831736588  
  4937.5   0.1458234340190194   
  4938.5   0.1457850599586657   
  4939.5   0.1457466914147254   
  4940.5   0.14570834073295377  
  4941.5   0.14567000790142218  
  4942.5   0.14563169290821232  
  4943.5   0.1455933957414163   
  4944.5   0.14555511638913657  
  4945.5   0.14551685483948593  
  4946.5   0.1454786110805875   
  4947.5   0.14544039740089576  
  4948.5   0.14540218918219594  
  4949.5   0.14536399871868344  
  4950.5   0.14532582599852262  
  4951.5   0.14528767100988807  
  4952.5   0.14524953374096472  
  4953.5   0.14521141417994773  
  4954.5   0.14517331231504244  
  4955.5   0.14513522813446453  
  4956.5   0.14509717387545126  
  4957.5   0.1450591250225336   
  4958.5   0.14502109381865524  
  4959.5   0.14498308025207268  
  4960.5   0.1449450843110526   
  4961.5   0.14490710598387174  
  4962.5   0.1448691452588171   
  4963.5   0.14483120212418582  
  4964.5   0.14479327656828508  
  4965.5   0.1447553807774407   
  4966.5   0.144717490338315    
  4967.5   0.14467961744290606  
  4968.5   0.14464176207956161  
  4969.5   0.1446039242366394   
  4970.5   0.1445661039025072   
  4971.5   0.14452830106554304  
  4972.5   0.1444905157141348   
  4973.5   0.14445274783668047  
  4974.5   0.14441499742158806  
  4975.5   0.14437727659897037  
  4976.5   0.14433956106825493  
  4977.5   0.14430186296518926  
  4978.5   0.14426418227822138  
  4979.5   0.14422651899580932  
  4980.5   0.144188873106421    
  4981.5   0.14415124459853434  
  4982.5   0.14411363346063724  
  4983.5   0.1440760396812275   
  4984.5   0.14403847534014383  
  4985.5   0.14400091623766414  
  4986.5   0.14396337445922838  
  4987.5   0.14392584999337396  
  4988.5   0.14388834282864818  
  4989.5   0.14385085295360817  
  4990.5   0.143813380356821    
  4991.5   0.14377592502686357  
  4992.5   0.14373848695232253  
  4993.5   0.14370107816306102  
  4994.5   0.14366367455960777  
  4995.5   0.1436262881773937   
  4996.5   0.14358891900504478  
  4997.5   0.14355156703119676  
  4998.5   0.14351423224449514  
  4999.5   0.14347691463359524  
  5000.5   0.14343961418716214  
  5001.5   0.14340233089387058  
  5002.5   0.14336507673390403  
  5003.5   0.14332782770744723  
  5004.5   0.14329059580021836  
  5005.5   0.14325338100093113  
  5006.5   0.14321618329830887  
  5007.5   0.14317900268108466  
  5008.5   0.1431418391380012   
  5009.5   0.14310469265781087  
  5010.5   0.1430675632292757   
  5011.5   0.1430304508411674   
  5012.5   0.142993367418814    
  5013.5   0.14295628907243743  
  5014.5   0.1429192277328641   
  5015.5   0.14288218338890418  
  5016.5   0.1428451560293774   
  5017.5   0.14280814564311298  
  5018.5   0.14277115221894993  
  5019.5   0.14273417574573666  
  5020.5   0.14269721621233114  
  5021.5   0.14266028549499934  
  5022.5   0.14262335980237834  
  5023.5   0.1425864510161999   
  5024.5   0.14254955912536013  
  5025.5   0.14251268411876458  
  5026.5   0.14247582598532843  
  5027.5   0.1424389847139762   
  5028.5   0.14240216029364194  
  5029.5   0.14236535271326917  
  5030.5   0.14232857380035072  
  5031.5   0.1422917998613581   
  5032.5   0.14225504272921766  
  5033.5   0.14221830239291072  
  5034.5   0.1421815788414279   
  5035.5   0.14214487206376925  
  5036.5   0.1421081820489442   
  5037.5   0.1420715087859717   
  5038.5   0.14203485226387982  
  5039.5   0.14199822426167513  
  5040.5   0.14196160118308734  
  5041.5   0.1419249948125245   
  5042.5   0.14188840513905218  
  5043.5   0.1418518321517453   
  5044.5   0.14181527583968812  
  5045.5   0.1417787361919741   
  5046.5   0.14174221319770605  
  5047.5   0.14170570684599618  
  5048.5   0.1416692171259658   
  5049.5   0.14163275576308132  
  5050.5   0.14159629926846687  
  5051.5   0.14155985937295512  
  5052.5   0.14152343606570442  
  5053.5   0.14148702933588234  
  5054.5   0.14145063917266573  
  5055.5   0.1414142655652406   
  5056.5   0.14137790850280213  
  5057.5   0.1413415679745548   
  5058.5   0.1413052556580769   
  5059.5   0.14126894816054875  
  5060.5   0.14123265716488334  
  5061.5   0.14119638266032178  
  5062.5   0.14116012463611427  
  5063.5   0.14112388308152007  
  5064.5   0.1410876579858077   
  5065.5   0.14105144933825461  
  5066.5   0.1410152571281475   
  5067.5   0.14097909298545677  
  5068.5   0.14094293361285606  
  5069.5   0.14090679064561917  
  5070.5   0.14087066407306914  
  5071.5   0.14083455388453786  
  5072.5   0.14079846006936644  
  5073.5   0.140762382616905    
  5074.5   0.14072632151651257  
  5075.5   0.14069027675755727  
  5076.5   0.14065425992267952  
  5077.5   0.14061824780948792  
  5078.5   0.14058225200589525  
  5079.5   0.14054627250130555  
  5080.5   0.14051030928513195  
  5081.5   0.1404743623467964   
  5082.5   0.14043843167572986  
  5083.5   0.14040251726137226  
  5084.5   0.14036661909317244  
  5085.5   0.14033073716058808  
  5086.5   0.1402948829939939   
  5087.5   0.14025903349583244  
  5088.5   0.14022320020171655  
  5089.5   0.14018738310113962  
  5090.5   0.14015158218360382  
  5091.5   0.14011579743862024  
  5092.5   0.1400800288557088   
  5093.5   0.14004427642439835  
  5094.5   0.14000854013422645  
  5095.5   0.13997283146881753  
  5096.5   0.13993712742438433  
  5097.5   0.13990143948975883  
  5098.5   0.13986576765451397  
  5099.5   0.1398301119082314   
  5100.5   0.13979447224050162  
  5101.5   0.13975884864092383  
  5102.5   0.13972324109910605  
  5103.5   0.139687649604665    
  5104.5   0.13965208559474634  
  5105.5   0.13961652615878753  
  5106.5   0.13958098273911146  
  5107.5   0.13954545532536988  
  5108.5   0.13950994390722318  
  5109.5   0.13947444847434046  
  5110.5   0.13943896901639946  
  5111.5   0.13940350552308672  
  5112.5   0.1393680579840974   
  5113.5   0.13933263779036759  
  5114.5   0.1392972221240184   
  5115.5   0.1392618223811333   
  5116.5   0.13922643855144204  
  5117.5   0.13919107062468297  
  5118.5   0.13915571859060316  
  5119.5   0.1391203824389582   
  5120.5   0.13908506215951225  
  5121.5   0.13904975774203818  
  5122.5   0.1390144691763174   
  5123.5   0.13897920780225553  
  5124.5   0.13894395090432599  
  5125.5   0.13890870982754863  
  5126.5   0.1388734845617391   
  5127.5   0.13883827509672153  
  5128.5   0.1388030814223287   
  5129.5   0.1387679035284018   
  5130.5   0.13873274140479055  
  5131.5   0.13869759504135334  
  5132.5   0.1386624757323483   
  5133.5   0.13862736085380345  
  5134.5   0.13859226170506153  
  5135.5   0.13855717827601477  
  5136.5   0.1385221105565638   
  5137.5   0.13848705853661775  
  5138.5   0.13845202220609418  
  5139.5   0.138417001554919    
  5140.5   0.13838199657302674  
  5141.5   0.13834701850929124  
  5142.5   0.13831204483076648  
  5143.5   0.13827708679138154  
  5144.5   0.13824214438110444  
  5145.5   0.13820721758991159  
  5146.5   0.1381723064077878   
  5147.5   0.13813741082472625  
  5148.5   0.13810253083072838  
  5149.5   0.13806766641580415  
  5150.5   0.13803282878370426  
  5151.5   0.13799799549198402  
  5152.5   0.13796317774942016  
  5153.5   0.1379283755460559   
  5154.5   0.13789358887194264  
  5155.5   0.13785881771714026  
  5156.5   0.13782406207171677  
  5157.5   0.1377893219257485   
  5158.5   0.13775459726932013  
  5159.5   0.1377198880925245   
  5160.5   0.13768520554927927  
  5161.5   0.13765052729708657  
  5162.5   0.13761586449485794  
  5163.5   0.1375812171327192   
  5164.5   0.13754658520080448  
  5165.5   0.13751196868925605  
  5166.5   0.13747736758822438  
  5167.5   0.13744278188786813  
  5168.5   0.1374082115783542   
  5169.5   0.13737366776902205  
  5170.5   0.1373391282067804   
  5171.5   0.1373046040059339   
  5172.5   0.13727009515668204  
  5173.5   0.13723560164923257  
  5174.5   0.13720112347380126  
  5175.5   0.13716666062061203  
  5176.5   0.13713221307989706  
  5177.5   0.13709778084189642  
  5178.5   0.13706337497162646  
  5179.5   0.13702897330489014  
  5180.5   0.13699458691164046  
  5181.5   0.13696021578214995  
  5182.5   0.13692585990669925  
  5183.5   0.13689151927557705  
  5184.5   0.13685719387908005  
  5185.5   0.13682288370751308  
  5186.5   0.1367885887511889   
  5187.5   0.13675432003105398  
  5188.5   0.13672005547129673  
  5189.5   0.136685806097772    
  5190.5   0.13665157190082472  
  5191.5   0.13661735287080773  
  5192.5   0.1365831489980819   
  5193.5   0.13654896027301613  
  5194.5   0.1365147866859872   
  5195.5   0.1364806282273799   
  5196.5   0.13644648488758704  
  5197.5   0.13641236763888298  
  5198.5   0.1363782545030706   
  5199.5   0.1363441564573016   
  5200.5   0.13631007349200047  
  5201.5   0.13627600559759964  
  5202.5   0.13624195276453938  
  5203.5   0.13620791498326792  
  5204.5   0.1361738922442414   
  5205.5   0.13613988453792375  
  5206.5   0.13610590279304796  
  5207.5   0.1360719251187409   
  5208.5   0.13603796244858501  
  5209.5   0.1360040147730757   
  5210.5   0.13597008208271627  
  5211.5   0.13593616436801784  
  5212.5   0.13590226161949936  
  5213.5   0.1358683738276876   
  5214.5   0.13583450098311714  
  5215.5   0.13580065397122684  
  5216.5   0.1357668109879707   
  5217.5   0.13573298292360944  
  5218.5   0.13569916976870877  
  5219.5   0.13566537151384223  
  5220.5   0.13563158814959114  
  5221.5   0.1355978196665445   
  5222.5   0.13556406605529908  
  5223.5   0.13553032730645947  
  5224.5   0.13549661426241605  
  5225.5   0.1354629052054565   
  5226.5   0.13542921098276572  
  5227.5   0.13539553158497908  
  5228.5   0.13536186700273972  
  5229.5   0.1353282172266984   
  5230.5   0.13529458224751367  
  5231.5   0.13526096205585172  
  5232.5   0.1352273566423863   
  5233.5   0.13519376599779898  
  5234.5   0.1351602009169343   
  5235.5   0.13512663977743233  
  5236.5   0.13509309337890185  
  5237.5   0.135059561712055    
  5238.5   0.13502604476761135  
  5239.5   0.13499254253629828  
  5240.5   0.13495905500885072  
  5241.5   0.1349255821760112   
  5242.5   0.13489212402852982  
  5243.5   0.13485869131871522  
  5244.5   0.1348252625095117   
  5245.5   0.13479184835796518  
  5246.5   0.13475844885485597  
  5247.5   0.1347250639909721   
  5248.5   0.1346916937571091   
  5249.5   0.13465833814407     
  5250.5   0.13462499714266535  
  5251.5   0.1345916707437133   
  5252.5   0.13455836965722662  
  5253.5   0.1345250724309717   
  5254.5   0.1344917897796717   
  5255.5   0.1344585216941748   
  5256.5   0.13442526816533654  
  5257.5   0.13439202918402013  
  5258.5   0.13435880474109602  
  5259.5   0.1343255948274423   
  5260.5   0.1342923994339445   
  5261.5   0.13425922922855765  
  5262.5   0.13422606284339178  
  5263.5   0.13419291095108582  
  5264.5   0.13415977354255498  
  5265.5   0.134126650608722    
  5266.5   0.1340935421405169   
  5267.5   0.13406044812887713  
  5268.5   0.13402736856474762  
  5269.5   0.13399430343908056  
  5270.5   0.13396125274283557  
  5271.5   0.13392822709751437  
  5272.5   0.13389520522838513  
  5273.5   0.13386219776160405  
  5274.5   0.13382920468816023  
  5275.5   0.13379622599905003  
  5276.5   0.1337632616852773   
  5277.5   0.1337303117378531   
  5278.5   0.13369737614779587  
  5279.5   0.13366445490613135  
  5280.5   0.13363155859280076  
  5281.5   0.1335986660164172   
  5282.5   0.13356578776155026  
  5283.5   0.13353292381925486  
  5284.5   0.13350007418059315  
  5285.5   0.13346723883663472  
  5286.5   0.13343441777845624  
  5287.5   0.13340161099714168  
  5288.5   0.13336881848378235  
  5289.5   0.13333605077699195  
  5290.5   0.13330328676826064  
  5291.5   0.13327053700080457  
  5292.5   0.13323780146574385  
  5293.5   0.1332050801542059   
  5294.5   0.1331723730573253   
  5295.5   0.13313968016624383  
  5296.5   0.13310700147211046  
  5297.5   0.1330743369660814   
  5298.5   0.13304169714567407  
  5299.5   0.13300906098479132  
  5300.5   0.13297643898552722  
  5301.5   0.13294383113906655  
  5302.5   0.13291123743660138  
  5303.5   0.1328786578693307   
  5304.5   0.13284609242846082  
  5305.5   0.13281354110520516  
  5306.5   0.1327810038907841   
  5307.5   0.1327484807764254   
  5308.5   0.1327159822142528   
  5309.5   0.13268348726919876  
  5310.5   0.13265100639793528  
  5311.5   0.13261853959171832  
  5312.5   0.13258608684181095  
  5313.5   0.1325536481394833   
  5314.5   0.13252122347601264  
  5315.5   0.1324888128426831   
  5316.5   0.13245641623078608  
  5317.5   0.13242404405183167  
  5318.5   0.13239167545219585  
  5319.5   0.1323593208479115   
  5320.5   0.13232698023029799  
  5321.5   0.1322946535906818   
  5322.5   0.13226234092039635  
  5323.5   0.13223004221078216  
  5324.5   0.13219775745318663  
  5325.5   0.13216548663896416  
  5326.5   0.13213324013923716  
  5327.5   0.13210099718137133  
  5328.5   0.13206876814098653  
  5329.5   0.13203655300946507  
  5330.5   0.1320043517781962   
  5331.5   0.1319721644385761   
  5332.5   0.13193999098200793  
  5333.5   0.1319078313999018   
  5334.5   0.13187568568367464  
  5335.5   0.13184356416428547  
  5336.5   0.13181144614963908  
  5337.5   0.1317793419751669   
  5338.5   0.13174725163231363  
  5339.5   0.13171517511253067  
  5340.5   0.13168311240727648  
  5341.5   0.13165106350801634  
  5342.5   0.13161902840622236  
  5343.5   0.13158700709337354  
  5344.5   0.13155499956095573  
  5345.5   0.13152301609556297  
  5346.5   0.13149103609406376  
  5347.5   0.13145906984749697  
  5348.5   0.13142711734737583  
  5349.5   0.1313951785852203   
  5350.5   0.13136325355255732  
  5351.5   0.13133134224092047  
  5352.5   0.13129944464185025  
  5353.5   0.1312675607468939   
  5354.5   0.13123570080295033  
  5355.5   0.1312038442864867   
  5356.5   0.13117200144882216  
  5357.5   0.13114017228153102  
  5358.5   0.13110835677619442  
  5359.5   0.13107655492440023  
  5360.5   0.13104476671774312  
  5361.5   0.1310129921478244   
  5362.5   0.1309812312062522   
  5363.5   0.13094949410044976  
  5364.5   0.13091776038604225  
  5365.5   0.13088604027484863  
  5366.5   0.13085433375850383  
  5367.5   0.13082264082864956  
  5368.5   0.13079096147693414  
  5369.5   0.13075929569501268  
  5370.5   0.13072764347454693  
  5371.5   0.13069600480720528  
  5372.5   0.13066438986115303  
  5373.5   0.13063277827073605  
  5374.5   0.13060118020849107  
  5375.5   0.13056959566611315  
  5376.5   0.13053802463530395  
  5377.5   0.13050646710777186  
  5378.5   0.13047492307523173  
  5379.5   0.13044339252940523  
  5380.5   0.1304118754620205   
  5381.5   0.13038037186481236  
  5382.5   0.13034889186257959  
  5383.5   0.13031741517662665  
  5384.5   0.13028595193609693  
  5385.5   0.13025450213275167  
  5386.5   0.1302230657583585   
  5387.5   0.13019164280469187  
  5388.5   0.13016023326353257  
  5389.5   0.1301288371266681   
  5390.5   0.13009745438589237  
  5391.5   0.13006609512720102  
  5392.5   0.1300347391497061   
  5393.5   0.1300033965437238   
  5394.5   0.12997206730107433  
  5395.5   0.12994075141358424  
  5396.5   0.12990944887308678  
  5397.5   0.1298781596714216   
  5398.5   0.12984688380043488  
  5399.5   0.1298156212519792   
  5400.5   0.12979398901496822  
  5401.5   0.12978197728323562  
  5402.5   0.12976996115443487  
  5403.5   0.1297579560917961   
  5404.5   0.12974594663329603  
  5405.5   0.12973394823358209  
  5406.5   0.12972195316194837  
  5407.5   0.12970995369626348  
  5408.5   0.129697965278317    
  5409.5   0.12968597246752625  
  5410.5   0.12967399069711794  
  5411.5   0.12966200453507223  
  5412.5   0.12965002940606096  
  5413.5   0.12963804988661926  
  5414.5   0.12962608139287182  
  5415.5   0.12961411621339206  
  5416.5   0.12960214664529207  
  5417.5   0.1295901880918922   
  5418.5   0.12957822515107909  
  5419.5   0.12956627321764574  
  5420.5   0.12955431689800614  
  5421.5   0.12954237157843382  
  5422.5   0.1295304218738622   
  5423.5   0.12951848316205325  
  5424.5   0.12950654775077947  
  5425.5   0.12949460795631676  
  5426.5   0.12948267914367564  
  5427.5   0.12947074594905264  
  5428.5   0.12945882372896625  
  5429.5   0.12944689712810495  
  5430.5   0.1294349814945031   
  5431.5   0.12942306148133345  
  5432.5   0.12941115242815382  
  5433.5   0.1293992466618564   
  5434.5   0.12938733651780154  
  5435.5   0.12937543732284845  
  5436.5   0.12936353375134504  
  5437.5   0.12935164112169348  
  5438.5   0.12933974411669866  
  5439.5   0.12932785804631358  
  5440.5   0.1293159676017923   
  5441.5   0.12930408808464644  
  5442.5   0.12929221184080875  
  5443.5   0.1292803312246452   
  5444.5   0.12926846152502128  
  5445.5   0.12925658745427857  
  5446.5   0.12924472429286046  
  5447.5   0.12923285676153062  
  5448.5   0.12922100013231816  
  5449.5   0.12920913913440096  
  5450.5   0.12919728903140162  
  5451.5   0.12918544218821476  
  5452.5   0.12917359097813352  
  5453.5   0.1291617506521864   
  5454.5   0.1291499059605519   
  5455.5   0.12913807214587122  
  5456.5   0.1291262339667102   
  5457.5   0.1291144066573303   
  5458.5   0.12910257498467703  
  5459.5   0.12909075417463997  
  5460.5   0.12907893661099745  
  5461.5   0.12906711468589188  
  5462.5   0.12905530361267048  
  5463.5   0.12904348817919295  
  5464.5   0.12903168359045375  
  5465.5   0.12901987464266532  
  5466.5   0.12900807653247698  
  5467.5   0.12899627406444633  
  5468.5   0.12898448242688512  
  5469.5   0.1289726940223778   
  5470.5   0.12896090126183832  
  5471.5   0.12894911932108769  
  5472.5   0.1289373330255118   
  5473.5   0.1289255575426131   
  5474.5   0.12891377770609594  
  5475.5   0.12890200867515192  
  5476.5   0.12889023529179627  
  5477.5   0.12887847270691719  
  5478.5   0.12886670577083328  
  5479.5   0.12885494962613697  
  5480.5   0.12884319669829314  
  5481.5   0.12883143942105438  
  5482.5   0.12881969292458506  
  5483.5   0.12880794207992755  
  5484.5   0.1287962020089693   
  5485.5   0.12878445759102955  
  5486.5   0.12877272393972644  
  5487.5   0.1287609859426485   
  5488.5   0.12874925870515203  
  5489.5   0.12873753467133683  
  5490.5   0.1287258062935565   
  5491.5   0.12871408866479014  
  5492.5   0.12870236669326524  
  5493.5   0.12869065546371786  
  5494.5   0.12867893989261847  
  5495.5   0.12866723505646763  
  5496.5   0.12865552587997128  
  5497.5   0.12864382743140196  
  5498.5   0.1286321321734181   
  5499.5   0.12862043257689815  
  5500.5   0.12860874369778807  
  5501.5   0.1285970504813483   
  5502.5   0.12858536797531547  
  5503.5   0.12857368113315934  
  5504.5   0.12856200499441456  
  5505.5   0.1285503245207528   
  5506.5   0.12853865474351428  
  5507.5   0.12852698814384023  
  5508.5   0.12851531721105833  
  5509.5   0.12850365696423252  
  5510.5   0.12849199238550507  
  5511.5   0.12848033848576404  
  5512.5   0.1284686802553275   
  5513.5   0.1284570326969151   
  5514.5   0.1284453808090133   
  5515.5   0.12843373958618068  
  5516.5   0.12842210152796577  
  5517.5   0.12841045914207033  
  5518.5   0.12839882741082653  
  5519.5   0.12838719135310817  
  5520.5   0.12837556594310487  
  5521.5   0.12836393620783287  
  5522.5   0.1283523171133467   
  5523.5   0.1283406936947977   
  5524.5   0.1283290809101125   
  5525.5   0.12831747127717205  
  5526.5   0.12830585732197722  
  5527.5   0.12829425399027808  
  5528.5   0.12828264633753028  
  5529.5   0.12827104930137442  
  5530.5   0.12825944794537555  
  5531.5   0.12824785719907214  
  5532.5   0.1282362621341313   
  5533.5   0.12822467767199672  
  5534.5   0.12821309634880704  
  5535.5   0.12820151070878802  
  5536.5   0.1281899356612561   
  5537.5   0.1281783562981003   
  5538.5   0.12816678752056046  
  5539.5   0.1281552144286021   
  5540.5   0.1281436519153958   
  5541.5   0.1281320850889763   
  5542.5   0.1281205288344522   
  5543.5   0.1281089757061459   
  5544.5   0.12809741826643395  
  5545.5   0.12808587138834704  
  5546.5   0.12807432020005963  
  5547.5   0.12806277956655857  
  5548.5   0.12805123462406204  
  5549.5   0.12803970022952035  
  5550.5   0.12802816152718818  
  5551.5   0.1280166333659865   
  5552.5   0.12800510089819928  
  5553.5   0.12799357896472535  
  5554.5   0.1279820601420116   
  5555.5   0.12797053701451933  
  5556.5   0.12795902441112905  
  5557.5   0.12794750750416498  
  5558.5   0.12793600111450357  
  5559.5   0.127924490422473    
  5560.5   0.12791299024095287  
  5561.5   0.12790148575826815  
  5562.5   0.1278899917793088   
  5563.5   0.127878500898542    
  5564.5   0.1278670057184171   
  5565.5   0.12785552103185432  
  5566.5   0.1278440320471378   
  5567.5   0.12783255354921594  
  5568.5   0.12782107075434465  
  5569.5   0.12780959843950773  
  5570.5   0.12779812182892558  
  5571.5   0.12778665569162456  
  5572.5   0.12777519264001952  
  5573.5   0.12776372529447522  
  5574.5   0.12775226841209644  
  5575.5   0.1277408072369824   
  5576.5   0.12772935651829828  
  5577.5   0.12771790150808277  
  5578.5   0.12770645694756858  
  5579.5   0.12769500809672682  
  5580.5   0.1276835696888648   
  5581.5   0.12767213435427263  
  5582.5   0.1276606947311582   
  5583.5   0.1276492655409554   
  5584.5   0.12763783206343393  
  5585.5   0.12762640901212     
  5586.5   0.12761498167469087  
  5587.5   0.1276035647567722   
  5588.5   0.12759214355394174  
  5589.5   0.12758073276393161  
  5590.5   0.12756932503483512  
  5591.5   0.12755791302263159  
  5592.5   0.1275465114132273   
  5593.5   0.1275351055219191   
  5594.5   0.12752371002673746  
  5595.5   0.12751231025085497  
  5596.5   0.12750092086443324  
  5597.5   0.12748952719851364  
  5598.5   0.1274781439153959   
  5599.5   0.127466763680905    
  5600.5   0.12745537916872035  
  5601.5   0.12744400502936326  
  5602.5   0.12743262661351512  
  5603.5   0.127421258563853    
  5604.5   0.1274098862389024   
  5605.5   0.12739852427350315  
  5606.5   0.1273871580340179   
  5607.5   0.1273758021474562   
  5608.5   0.12736444929730353  
  5609.5   0.12735309217486823  
  5610.5   0.12734174539542875  
  5611.5   0.12733039434490886  
  5612.5   0.12731905363077414  
  5613.5   0.12730770864676116  
  5614.5   0.12729637399252955  
  5615.5   0.12728503506962174  
  5616.5   0.12727370646989833  
  5617.5   0.12726238089443456  
  5618.5   0.12725105105209722  
  5619.5   0.12723973152306273  
  5620.5   0.12722840772835645  
  5621.5   0.12721709424037309  
  5622.5   0.1272057764879196   
  5623.5   0.12719446903561596  
  5624.5   0.12718315732004365  
  5625.5   0.127171855898055    
  5626.5   0.12716055021399905  
  5627.5   0.12714925481696723  
  5628.5   0.12713796242943795  
  5629.5   0.12712666578164308  
  5630.5   0.12711537941104686  
  5631.5   0.1271040887813862   
  5632.5   0.12709280842238166  
  5633.5   0.12708152380551363  
  5634.5   0.12707024945276588  
  5635.5   0.12705897084335557  
  5636.5   0.12704770249153646  
  5637.5   0.12703643713722082  
  5638.5   0.1270251675280435   
  5639.5   0.12701390816667746  
  5640.5   0.12700264455165033  
  5641.5   0.12699139117792224  
  5642.5   0.12698013355173352  
  5643.5   0.12696888616033825  
  5644.5   0.12695763451768274  
  5645.5   0.12694639310332184  
  5646.5   0.12693515467453223  
  5647.5   0.1269239119962824   
  5648.5   0.12691267953659255  
  5649.5   0.1269014428286425   
  5650.5   0.12689021633277028  
  5651.5   0.1268789855898378   
  5652.5   0.12686776505250766  
  5653.5   0.12685654026931703  
  5654.5   0.12684532568525997  
  5655.5   0.1268341140749084   
  5656.5   0.1268228982204955   
  5657.5   0.12681169255552652  
  5658.5   0.12680048264769564  
  5659.5   0.12678928292285646  
  5660.5   0.12677807895635473  
  5661.5   0.1267668851663991   
  5662.5   0.12675568713598012  
  5663.5   0.1267444992756683   
  5664.5   0.1267333143772621   
  5665.5   0.12672212524019083  
  5666.5   0.12671094626358176  
  5667.5   0.12669976304950645  
  5668.5   0.12668858998947086  
  5669.5   0.12667741269316776  
  5670.5   0.12666624554448855  
  5671.5   0.12665507416074037  
  5672.5   0.12664391291820676  
  5673.5   0.12663275462584433  
  5674.5   0.12662159210021037  
  5675.5   0.1266104397061904   
  5676.5   0.12659928308009707  
  5677.5   0.12658813657922488  
  5678.5   0.1265769858474774   
  5679.5   0.12656584523456468  
  5680.5   0.12655470039197467  
  5681.5   0.12654356566183958  
  5682.5   0.1265324338702062   
  5683.5   0.12652129785069202  
  5684.5   0.12651017193407627  
  5685.5   0.12649904179077726  
  5686.5   0.12648792174401316  
  5687.5   0.12647679747176327  
  5688.5   0.12646568328969127  
  5689.5   0.12645456488333073  
  5690.5   0.1264434565607976   
  5691.5   0.12643235116516127  
  5692.5   0.12642124154703188  
  5693.5   0.12641014200321726  
  5694.5   0.12639903823810653  
  5695.5   0.12638794454097618  
  5696.5   0.12637684662374649  
  5697.5   0.12636575876816936  
  5698.5   0.1263546666936895   
  5699.5   0.1263435846745408   
  5700.5   0.12633249843768582  
  5701.5   0.12632142224984697  
  5702.5   0.126310348974808    
  5703.5   0.12629927148385703  
  5704.5   0.12628820403246283  
  5705.5   0.12627713236635268  
  5706.5   0.12626607073350038  
  5707.5   0.1262550048871281   
  5708.5   0.12624394906772113  
  5709.5   0.12623288903598998  
  5710.5   0.12622183902493808  
  5711.5   0.12621079191522286  
  5712.5   0.12619974059497666  
  5713.5   0.12618869928599352  
  5714.5   0.12617765376767479  
  5715.5   0.126166618254349    
  5716.5   0.12615557853288284  
  5717.5   0.12614454881014586  
  5718.5   0.12613351488046362  
  5719.5   0.12612249094325312  
  5720.5   0.1261114698959792   
  5721.5   0.12610044464355216  
  5722.5   0.12608942937422368  
  5723.5   0.12607840990093674  
  5724.5   0.12606740040450684  
  5725.5   0.126056386705313    
  5726.5   0.12604538297674098  
  5727.5   0.12603437504659937  
  5728.5   0.12602337708085073  
  5729.5   0.12601238199370113  
  5730.5   0.126001382706773    
  5731.5   0.1259903933749073   
  5732.5   0.12597939984445702  
  5733.5   0.1259684162628561   
  5734.5   0.12595742848386432  
  5735.5   0.12594645064751506  
  5736.5   0.12593546861496857  
  5737.5   0.1259244965188641   
  5738.5   0.12591352729008332  
  5739.5   0.12590255386689525  
  5740.5   0.1258915903708611   
  5741.5   0.12588062268161285  
  5742.5   0.12586966491333362  
  5743.5   0.1258587029530333   
  5744.5   0.12584775090752343  
  5745.5   0.12583679467118533  
  5746.5   0.12582584834346525  
  5747.5   0.12581490487185532  
  5748.5   0.1258039572112059   
  5749.5   0.12579301944992866  
  5750.5   0.12578207750080436  
  5751.5   0.1257711454448954   
  5752.5   0.12576020920233166  
  5753.5   0.12574928284683268  
  5754.5   0.12573835230587097  
  5755.5   0.1257274316458296   
  5756.5   0.1257165138307461   
  5757.5   0.12570559183198746  
  5758.5   0.12569467970494522  
  5759.5   0.12568376339541948  
  5760.5   0.1256728569514812   
  5761.5   0.12566194632625088  
  5762.5   0.1256510455604853   
  5763.5   0.12564014061461898  
  5764.5   0.1256292455221008   
  5765.5   0.12561835326344903  
  5766.5   0.1256074568264829   
  5767.5   0.12559657023370258  
  5768.5   0.12558567946379873  
  5769.5   0.12557479853197953  
  5770.5   0.12556391342422743  
  5771.5   0.1255530381484649   
  5772.5   0.12554215869795998  
  5773.5   0.1255312890733557   
  5774.5   0.12552042227158683  
  5775.5   0.1255095512968607   
  5776.5   0.12549869013891427  
  5777.5   0.12548782480920062  
  5778.5   0.125476969290193    
  5779.5   0.125466109600608    
  5780.5   0.1254552597156615   
  5781.5   0.12544440566132722  
  5782.5   0.12543356140557     
  5783.5   0.12542271298161445  
  5784.5   0.12541187435018059  
  5785.5   0.12540103852818119  
  5786.5   0.1253901985397671   
  5787.5   0.12537936833480398  
  5788.5   0.1253685339646152   
  5789.5   0.12535770937183716  
  5790.5   0.1253468806150222   
  5791.5   0.12533606162958386  
  5792.5   0.12532523848129723  
  5793.5   0.1253144250983591   
  5794.5   0.12530361451395727  
  5795.5   0.1252927997684895   
  5796.5   0.12528199477934032  
  5797.5   0.12527118563031336  
  5798.5   0.12526038623159197  
  5799.5   0.1252495826741807   
  5800.5   0.12523878886106798  
  5801.5   0.12522799089045317  
  5802.5   0.12521720265813585  
  5803.5   0.12520641721351575  
  5804.5   0.12519562761317463  
  5805.5   0.12518484774214167  
  5806.5   0.12517406371657494  
  5807.5   0.1251632894143304   
  5808.5   0.12515251095873908  
  5809.5   0.12514174222048988  
  5810.5   0.12513096933008083  
  5811.5   0.1251202061510398   
  5812.5   0.12510944574891558  
  5813.5   0.12509868119641127  
  5814.5   0.12508792634632593  
  5815.5   0.12507716734704685  
  5816.5   0.1250664180442276   
  5817.5   0.12505566459340076  
  5818.5   0.12504492083308047  
  5819.5   0.1250341729259386   
  5820.5   0.12502343470335595  
  5821.5   0.12501269924696798  
  5822.5   0.12500195964553681  
  5823.5   0.12499122971975594  
  5824.5   0.12498049565011733  
  5825.5   0.12496977125019648  
  5826.5   0.12495904270760318  
  5827.5   0.12494832382880101  
  5828.5   0.12493760080851143  
  5829.5   0.12492688744609227  
  5830.5   0.12491617683920354  
  5831.5   0.12490546209260443  
  5832.5   0.12489475699500664  
  5833.5   0.12488404775888301  
  5834.5   0.12487334816585469  
  5835.5   0.12486264443548485  
  5836.5   0.12485195034231017  
  5837.5   0.12484125211297813  
  5838.5   0.12483056351494697  
  5839.5   0.12481987766183944  
  5840.5   0.12480918767435019  
  5841.5   0.12479850730933227  
  5842.5   0.12478782281111624  
  5843.5   0.12477714792949188  
  5844.5   0.12476646891585283  
  5845.5   0.1247557995129316   
  5846.5   0.12474512597917886  
  5847.5   0.12473446205027594  
  5848.5   0.12472380085574694  
  5849.5   0.12471313553216065  
  5850.5   0.12470247980463402  
  5851.5   0.12469181994923274  
  5852.5   0.12468116968403763  
  5853.5   0.12467051529215036  
  5854.5   0.12465987048462152  
  5855.5   0.12464922155158278  
  5856.5   0.12463858219706057  
  5857.5   0.12462793871821051  
  5858.5   0.12461730481204085  
  5859.5   0.12460667362742789  
  5860.5   0.1245960383202595   
  5861.5   0.12458541257702911  
  5862.5   0.12457478271242482  
  5863.5   0.12456416240593679  
  5864.5   0.12455353797925614  
  5865.5   0.12454292310487583  
  5866.5   0.12453230411148394  
  5867.5   0.12452169466458218  
  5868.5   0.12451108792881284  
  5869.5   0.1245004770758029   
  5870.5   0.12448987576057949  
  5871.5   0.12447927032929601  
  5872.5   0.12446867443000317  
  5873.5   0.1244580744158306   
  5874.5   0.1244474839278585   
  5875.5   0.12443688932618673  
  5876.5   0.124426304244931    
  5877.5   0.12441572186443918  
  5878.5   0.1244051353720172   
  5879.5   0.12439455839134622  
  5880.5   0.12438397729992462  
  5881.5   0.1243734057144838   
  5882.5   0.12436283001947167  
  5883.5   0.1243522638246758   
  5884.5   0.1243416935214877   
  5885.5   0.12433113271275704  
  5886.5   0.12432057459447725  
  5887.5   0.12431001236957322  
  5888.5   0.12429945963049992  
  5889.5   0.12428890278598093  
  5890.5   0.12427835542154798  
  5891.5   0.12426780395284763  
  5892.5   0.12425726195849429  
  5893.5   0.12424671586105161  
  5894.5   0.12423617923222256  
  5895.5   0.12422564528358637  
  5896.5   0.12421510723362733  
  5897.5   0.12420457864369333  
  5898.5   0.12419404595361397  
  5899.5   0.12418352271784032  
  5900.5   0.12417299538309862  
  5901.5   0.12416247749694889  
  5902.5   0.12415195551300816  
  5903.5   0.12414144297195132  
  5904.5   0.12413093310088404  
  5905.5   0.12412041913379067  
  5906.5   0.12410991460103046  
  5907.5   0.12409940597342069  
  5908.5   0.12408890677444996  
  5909.5   0.12407840348180588  
  5910.5   0.12406790961211234  
  5911.5   0.12405741164992146  
  5912.5   0.12404692310499814  
  5913.5   0.12403643721991534  
  5914.5   0.12402594724409856  
  5915.5   0.1240154666770363   
  5916.5   0.1240049820204155   
  5917.5   0.12399450676688016  
  5918.5   0.12398402742496148  
  5919.5   0.12397355748046472  
  5920.5   0.12396308344875961  
  5921.5   0.12395261880881846  
  5922.5   0.12394215681862271  
  5923.5   0.1239316907429804   
  5924.5   0.12392123405062638  
  5925.5   0.12391077327400019  
  5926.5   0.12390032187501814  
  5927.5   0.12388986639293806  
  5928.5   0.12387942028286346  
  5929.5   0.12386897009086474  
  5930.5   0.12385852926523838  
  5931.5   0.12384808435886155  
  5932.5   0.12383764881322948  
  5933.5   0.12382721590507695  
  5934.5   0.12381677891793381  
  5935.5   0.12380635128310517  
  5936.5   0.12379591957045898  
  5937.5   0.12378549720451336  
  5938.5   0.12377507076192301  
  5939.5   0.12376465366042484  
  5940.5   0.12375423248345449  
  5941.5   0.12374382064197334  
  5942.5   0.12373341142799517  
  5943.5   0.12372299814030308  
  5944.5   0.12371259417970684  
  5945.5   0.12370218614656867  
  5946.5   0.12369178743493703  
  5947.5   0.12368138465193516  
  5948.5   0.12367099118485594  
  5949.5   0.123660593647578    
  5950.5   0.12365020542064423  
  5951.5   0.12363981981128962  
  5952.5   0.12362943013349288  
  5953.5   0.1236190497576837   
  5954.5   0.12360866531460327  
  5955.5   0.12359829016794546  
  5956.5   0.12358791095518706  
  5957.5   0.12357754103329179  
  5958.5   0.12356716704646631  
  5959.5   0.12355680234494984  
  5960.5   0.12354644025114112  
  5961.5   0.12353607409415712  
  5962.5   0.12352571721416199  
  5963.5   0.12351535627216137  
  5964.5   0.123505004601609    
  5965.5   0.12349464887022066  
  5966.5   0.1234843024047453   
  5967.5   0.12347395187960324  
  5968.5   0.12346361061484429  
  5969.5   0.12345327194797368  
  5970.5   0.12344292922318964  
  5971.5   0.1234325957505048   
  5972.5   0.12342225822107522  
  5973.5   0.12341192993822832  
  5974.5   0.12340159759980507  
  5975.5   0.12339127450245338  
  5976.5   0.12338094735069347  
  5977.5   0.1233706294344993   
  5978.5   0.12336031410642577  
  5979.5   0.1233499947256956   
  5980.5   0.12333968457228331  
  5981.5   0.12332937036738192  
  5982.5   0.1233190653843059   
  5983.5   0.12330875635090806  
  5984.5   0.12329845653384838  
  5985.5   0.12328815266763389  
  5986.5   0.12327785801227571  
  5987.5   0.12326756593532179  
  5988.5   0.1232572698109629   
  5989.5   0.12324698288924829  
  5990.5   0.1232366919212951   
  5991.5   0.12322641015051755  
  5992.5   0.12321612433466753  
  5993.5   0.12320584771052973  
  5994.5   0.12319556704248537  
  5995.5   0.12318529556069513  
  5996.5   0.12317502664764378  
  5997.5   0.12316475369243401  
  5998.5   0.12315448991530195  
  5999.5   0.1231442220971767   
  6000.5   0.12313396345168418  
  6001.5   0.12312370076636343  
  6002.5   0.12311344724823574  
  6003.5   0.12310318969144453  
  6004.5   0.1230929412964119   
  6005.5   0.12308268886388021  
  6006.5   0.12307244558767788  
  6007.5   0.1230622048684699   
  6008.5   0.12305196011350886  
  6009.5   0.12304172450674399  
  6010.5   0.12303148486538988  
  6011.5   0.12302125436681577  
  6012.5   0.12301101983481598  
  6013.5   0.12300079444018523  
  6014.5   0.12299056501329207  
  6015.5   0.12298034471836218  
  6016.5   0.12297012697087335  
  6017.5   0.12295990519286636  
  6018.5   0.12294969253872462  
  6019.5   0.12293947585522735  
  6020.5   0.12292926829020256  
  6021.5   0.12291905669698461  
  6022.5   0.12290885421685152  
  6023.5   0.12289864770968739  
  6024.5   0.12288845031022569  
  6025.5   0.12287825544870166  
  6026.5   0.12286805656188904  
  6027.5   0.12285786677471577  
  6028.5   0.12284767296341535  
  6029.5   0.12283748824638478  
  6030.5   0.12282729950638824  
  6031.5   0.12281711985529713  
  6032.5   0.12280693618240097  
  6033.5   0.12279676159305104  
  6034.5   0.12278658953218495  
  6035.5   0.12277641345125447  
  6036.5   0.12276624644584185  
  6037.5   0.1227560754215251   
  6038.5   0.1227459134673798   
  6039.5   0.12273574749549035  
  6040.5   0.12272559058843105  
  6041.5   0.12271542966478731  
  6042.5   0.12270527780063754  
  6043.5   0.12269512845556702  
  6044.5   0.12268497509565092  
  6045.5   0.12267483078723497  
  6046.5   0.1226646824651325   
  6047.5   0.12265454318920672  
  6048.5   0.1226443999007532   
  6049.5   0.12263426565315802  
  6050.5   0.12262412739419361  
  6051.5   0.1226139981707743   
  6052.5   0.12260387145707852  
  6053.5   0.12259374073375055  
  6054.5   0.12258361903800816  
  6055.5   0.12257349333379138  
  6056.5   0.12256337665185961  
  6057.5   0.12255325596261102  
  6058.5   0.12254314429035189  
  6059.5   0.12253302861193321  
  6060.5   0.12252292194521355  
  6061.5   0.12251281777891028  
  6062.5   0.12250270960818269  
  6063.5   0.12249261044122868  
  6064.5   0.12248250727100696  
  6065.5   0.12247241309928095  
  6066.5   0.12246231492544353  
  6067.5   0.12245222574482899  
  6068.5   0.12244213256325907  
  6069.5   0.1224320483696442   
  6070.5   0.12242196666718688  
  6071.5   0.12241188096550755  
  6072.5   0.1224018042438918   
  6073.5   0.12239172352420939  
  6074.5   0.12238165177933527  
  6075.5   0.12237157603754958  
  6076.5   0.12236150926532188  
  6077.5   0.12235143849733741  
  6078.5   0.12234137669366564  
  6079.5   0.12233131089539162  
  6080.5   0.12232125405618996  
  6081.5   0.1223111996968944   
  6082.5   0.1223011413447277   
  6083.5   0.12229109194378307  
  6084.5   0.12228103855112113  
  6085.5   0.12227099410445336  
  6086.5   0.12226094566722184  
  6087.5   0.12225090617076158  
  6088.5   0.12224086268489084  
  6089.5   0.12223082813457338  
  6090.5   0.12222079605500924  
  6091.5   0.12221075998776382  
  6092.5   0.12220073284825489  
  6093.5   0.12219070172221726  
  6094.5   0.12218067951871049  
  6095.5   0.12217065332982734  
  6096.5   0.12216063605827439  
  6097.5   0.12215061480249706  
  6098.5   0.12214060245885422  
  6099.5   0.12213059257685907  
  6100.5   0.12212057871236687  
  6101.5   0.1221105737522256   
  6102.5   0.12210056481073858  
  6103.5   0.12209056476841904  
  6104.5   0.12208056074590476  
  6105.5   0.12207056561737943  
  6106.5   0.12206056650981013  
  6107.5   0.12205057629105612  
  6108.5   0.12204058852489116  
  6109.5   0.12203059678140764  
  6110.5   0.12202061391898895  
  6111.5   0.12201062708040174  
  6112.5   0.12200064911771794  
  6113.5   0.12199066718001535  
  6114.5   0.12198069411305963  
  6115.5   0.12197071707223463  
  6116.5   0.1219607488970048   
  6117.5   0.12195078316535196  
  6118.5   0.12194081346155329  
  6119.5   0.12193085261563226  
  6120.5   0.12192088779871414  
  6121.5   0.12191093183453415  
  6122.5   0.12190097190050554  
  6123.5   0.12189102081408036  
  6124.5   0.12188106575895476  
  6125.5   0.12187111954630275  
  6126.5   0.12186117576826196  
  6127.5   0.12185122802324228  
  6128.5   0.12184128911301133  
  6129.5   0.12183134623694895  
  6130.5   0.12182141219055757  
  6131.5   0.12181147417948195  
  6132.5   0.12180154499296435  
  6133.5   0.1217916118429094   
  6134.5   0.12178168751230435  
  6135.5   0.12177176560739075  
  6136.5   0.12176183974065936  
  6137.5   0.12175192268572556  
  6138.5   0.12174200167012017  
  6139.5   0.1217320894612162   
  6140.5   0.12172217329278653  
  6141.5   0.12171226592596697  
  6142.5   0.12170235460076728  
  6143.5   0.12169245207209119  
  6144.5   0.12168255196023238  
  6145.5   0.12167264789171109  
  6146.5   0.12166275261209335  
  6147.5   0.12165285337695798  
  6148.5   0.12164296292565156  
  6149.5   0.12163306851997206  
  6150.5   0.12162318289305168  
  6151.5   0.12161329331290248  
  6152.5   0.12160341250644732  
  6153.5   0.12159352774790734  
  6154.5   0.12158365175800108  
  6155.5   0.12157377817412754  
  6156.5   0.12156390063988438  
  6157.5   0.12155403186669417  
  6158.5   0.12154415914427762  
  6159.5   0.1215342951778655   
  6160.5   0.12152442726337     
  6161.5   0.12151456809983521  
  6162.5   0.12150470498935968  
  6163.5   0.12149485062480585  
  6164.5   0.1214849986575111   
  6165.5   0.12147514274498884  
  6166.5   0.1214652955708394   
  6167.5   0.1214554444526044   
  6168.5   0.12144560206771499  
  6169.5   0.1214357557398816   
  6170.5   0.12142591814037132  
  6171.5   0.12141607659905838  
  6172.5   0.12140624378105071  
  6173.5   0.12139641335157315  
  6174.5   0.12138657898200422  
  6175.5   0.12137675332822338  
  6176.5   0.12136692373549175  
  6177.5   0.12135710285354209  
  6178.5   0.12134727803378192  
  6179.5   0.12133746191980228  
  6180.5   0.12132764186915214  
  6181.5   0.12131783051928577  
  6182.5   0.12130802154926504  
  6183.5   0.12129820864428302  
  6184.5   0.12128840443259917  
  6185.5   0.12127859628709328  
  6186.5   0.12126879682990044  
  6187.5   0.12125899344002451  
  6188.5   0.12124919873348115  
  6189.5   0.12123940009539336  
  6190.5   0.1212296101356623   
  6191.5   0.12121982254713654  
  6192.5   0.12121003102877355  
  6193.5   0.12120024818131306  
  6194.5   0.12119046140515324  
  6195.5   0.12118068329493169  
  6196.5   0.12117090125714838  
  6197.5   0.12116112788034374  
  6198.5   0.12115135057711462  
  6199.5   0.12114158192990915  
  6200.5   0.12113181564531246  
  6201.5   0.12112204543599654  
  6202.5   0.12111228387528115  
  6203.5   0.12110251839098307  
  6204.5   0.12109276155034206  
  6205.5   0.12108300078725456  
  6206.5   0.12107324866288526  
  6207.5   0.1210634926172054   
  6208.5   0.12105374520530941  
  6209.5   0.12104400014746929  
  6210.5   0.12103425117002177  
  6211.5   0.12102451081896606  
  6212.5   0.12101476654943814  
  6213.5   0.12100503090137917  
  6214.5   0.12099529133598284  
  6215.5   0.12098556038713719  
  6216.5   0.12097582552208876  
  6217.5   0.12096609926867727  
  6218.5   0.120956375360812    
  6219.5   0.12094664753844504  
  6220.5   0.12093692832035378  
  6221.5   0.12092720518889466  
  6222.5   0.1209174906568089   
  6223.5   0.12090777221248876  
  6224.5   0.12089806236264418  
  6225.5   0.12088834860169845  
  6226.5   0.120878643430335    
  6227.5   0.12086893434900328  
  6228.5   0.12085923385236513  
  6229.5   0.12084953569093082  
  6230.5   0.12083983362122683  
  6231.5   0.12083014012889258  
  6232.5   0.12082044272942076  
  6233.5   0.12081075390244127  
  6234.5   0.12080106116945602  
  6235.5   0.1207913770040902   
  6236.5   0.12078168893385013  
  6237.5   0.12077200942636108  
  6238.5   0.12076233224566142  
  6239.5   0.12075265116178402  
  6240.5   0.12074297863336425  
  6241.5   0.12073330220289746  
  6242.5   0.12072363432303117  
  6243.5   0.12071396254224827  
  6244.5   0.12070429930721319  
  6245.5   0.12069463217239165  
  6246.5   0.12068497357846969  
  6247.5   0.12067531730296506  
  6248.5   0.12066565712936839  
  6249.5   0.12065600548940818  
  6250.5   0.12064634995248529  
  6251.5   0.12063670294436185  
  6252.5   0.12062705204040473  
  6253.5   0.12061740966041452  
  6254.5   0.12060776338571938  
  6255.5   0.12059812563016302  
  6256.5   0.12058849018469402  
  6257.5   0.1205788508462124   
  6258.5   0.12056922001963652  
  6259.5   0.12055958530117598  
  6260.5   0.1205499590898042   
  6261.5   0.12054032898767539  
  6262.5   0.12053070738782279  
  6263.5   0.12052108189834047  
  6264.5   0.12051146490632622  
  6265.5   0.1205018502161112   
  6266.5   0.1204922316379567   
  6267.5   0.12048262155006714  
  6268.5   0.12047300757536465  
  6269.5   0.12046340208612999  
  6270.5   0.12045379271120865  
  6271.5   0.12044419181696249  
  6272.5   0.12043458703815553  
  6273.5   0.12042499073523551  
  6274.5   0.12041539672586817  
  6275.5   0.12040579883362813  
  6276.5   0.12039620941010165  
  6277.5   0.12038661610482759  
  6278.5   0.12037703126348982  
  6279.5   0.12036744254152931  
  6280.5   0.12035786227873217  
  6281.5   0.1203482781364368   
  6282.5   0.12033870244853627  
  6283.5   0.12032912904598318  
  6284.5   0.12031955176561786  
  6285.5   0.12030998293250357  
  6286.5   0.12030041022270076  
  6287.5   0.1202908459553914   
  6288.5   0.1202812778125169   
  6289.5   0.12027171810738264  
  6290.5   0.12026215452780635  
  6291.5   0.12025259938122138  
  6292.5   0.12024304651181963  
  6293.5   0.12023348976965972  
  6294.5   0.12022394145337675  
  6295.5   0.12021438926545788  
  6296.5   0.12020484549867794  
  6297.5   0.12019529786138408  
  6298.5   0.12018575864049547  
  6299.5   0.12017621555021461  
  6300.5   0.12016668087160966  
  6301.5   0.12015714232473379  
  6302.5   0.12014761218480878  
  6303.5   0.12013808431214382  
  6304.5   0.1201285525728892   
  6305.5   0.12011902923350673  
  6306.5   0.12010950202865515  
  6307.5   0.12009998321896155  
  6308.5   0.12009046054491904  
  6309.5   0.12008094626132454  
  6310.5   0.12007142811450106  
  6311.5   0.12006191835341996  
  6312.5   0.12005241085152495  
  6313.5   0.12004289948808006  
  6314.5   0.1200333965033279   
  6315.5   0.12002388965814494  
  6316.5   0.12001439118695983  
  6317.5   0.12000488885646275  
  6318.5   0.11999539489527286  
  6319.5   0.11998589707588946  
  6320.5   0.11997640762112693  
  6321.5   0.11996692041751672  
  6322.5   0.11995742935738991  
  6323.5   0.11994794665486322  
  6324.5   0.1199384600969376   
  6325.5   0.1199289818919364   
  6326.5   0.11991949983265364  
  6327.5   0.11991002612162385  
  6328.5   0.11990054855742954  
  6329.5   0.11989107933682107  
  6330.5   0.11988161235937107  
  6331.5   0.1198721415304313   
  6332.5   0.11986267903808531  
  6333.5   0.11985321269536577  
  6334.5   0.11984375468458341  
  6335.5   0.11983429282454341  
  6336.5   0.11982483929178829  
  6337.5   0.1198153819108911   
  6338.5   0.11980593285263066  
  6339.5   0.1197964860295746   
  6340.5   0.11978703536004905  
  6341.5   0.11977759300619677  
  6342.5   0.11976814680698977  
  6343.5   0.11975870891881849  
  6344.5   0.11974926718640694  
  6345.5   0.11973983376039775  
  6346.5   0.11973039649126242  
  6347.5   0.11972096752390031  
  6348.5   0.11971154078382787  
  6349.5   0.11970211020229968  
  6350.5   0.11969268791560961  
  6351.5   0.11968326178857712  
  6352.5   0.11967384395176407  
  6353.5   0.1196644222757216   
  6354.5   0.11965500888528412  
  6355.5   0.11964559165672989  
  6356.5   0.11963618270917031  
  6357.5   0.11962677598102489  
  6358.5   0.11961736541643093  
  6359.5   0.1196079631259248   
  6360.5   0.11959855700008196  
  6361.5   0.11958915914372706  
  6362.5   0.11957975745314701  
  6363.5   0.11957036402745923  
  6364.5   0.11956096676865748  
  6365.5   0.11955157777015642  
  6366.5   0.11954219098323293  
  6367.5   0.11953280036486148  
  6368.5   0.11952341799991195  
  6369.5   0.11951403180462489  
  6370.5   0.11950465385817853  
  6371.5   0.11949527208250471  
  6372.5   0.11948589855109458  
  6373.5   0.11947652119156668  
  6374.5   0.1194671520717296   
  6375.5   0.11945777912488417  
  6376.5   0.11944841441316077  
  6377.5   0.1194390519034893   
  6378.5   0.1194296855684728   
  6379.5   0.11942032746173366  
  6380.5   0.11941096553075807  
  6381.5   0.11940161182350134  
  6382.5   0.11939225429311644  
  6383.5   0.11938290498189603  
  6384.5   0.11937355184865539  
  6385.5   0.11936420693002898  
  6386.5   0.11935486420570357  
  6387.5   0.11934551766101902  
  6388.5   0.11933617932413175  
  6389.5   0.11932683716799244  
  6390.5   0.11931750321511042  
  6391.5   0.11930816544408315  
  6392.5   0.11929883587177723  
  6393.5   0.11928950248243252  
  6394.5   0.11928017728727731  
  6395.5   0.11927085427871027  
  6396.5   0.11926152745476332  
  6397.5   0.11925220881821649  
  6398.5   0.11924288636739537  
  6399.5   0.11923357209945273  
  6400.5   0.1192242540183411   
  6401.5   0.11921494411559035  
  6402.5   0.11920563040077557  
  6403.5   0.11919632485980816  
  6404.5   0.11918702149775398  
  6405.5   0.11917771432529245  
  6406.5   0.11916841531991629  
  6407.5   0.11915911250523692  
  6408.5   0.11914981785313952  
  6409.5   0.11914051939284273  
  6410.5   0.11913122909062857  
  6411.5   0.11912193498131847  
  6412.5   0.11911264902559567  
  6413.5   0.11910336524114885  
  6414.5   0.11909407765126055  
  6415.5   0.11908479820822483  
  6416.5   0.11907551496085028  
  6417.5   0.11906623985584308  
  6418.5   0.11905696094759934  
  6419.5   0.11904769017724173  
  6420.5   0.11903841560474958  
  6421.5   0.11902914916566636  
  6422.5   0.11901988489025928  
  6423.5   0.11901061681436982  
  6424.5   0.11900135686518173  
  6425.5   0.11899209311661241  
  6426.5   0.11898283749027724  
  6427.5   0.1189735780656617   
  6428.5   0.11896432675881709  
  6429.5   0.11895507165479259  
  6430.5   0.11894582466407984  
  6431.5   0.11893657982948058  
  6432.5   0.11892733119935137  
  6433.5   0.1189180906758533   
  6434.5   0.11890884635792491  
  6435.5   0.11889961014217842  
  6436.5   0.11889037013310094  
  6437.5   0.11888113822176011  
  6438.5   0.11887190251818727  
  6439.5   0.11886267490790976  
  6440.5   0.11885344944622009  
  6441.5   0.11884422019394607  
  6442.5   0.11883499902831361  
  6443.5   0.11882577407319497  
  6444.5   0.11881655720028651  
  6445.5   0.11880733653898967  
  6446.5   0.11879812395547558  
  6447.5   0.11878890758467062  
  6448.5   0.11877969928722491  
  6449.5   0.11877049313087805  
  6450.5   0.11876128318888572  
  6451.5   0.11875208131362552  
  6452.5   0.11874287565381653  
  6453.5   0.11873367805632602  
  6454.5   0.118724476675383    
  6455.5   0.11871528335234878  
  6456.5   0.11870608624695805  
  6457.5   0.11869689719507033  
  6458.5   0.1186877043619217   
  6459.5   0.11867851957787427  
  6460.5   0.118669336925822    
  6461.5   0.11866015049415146  
  6462.5   0.1186509721049874   
  6463.5   0.11864178993729987  
  6464.5   0.11863261580772676  
  6465.5   0.11862343790072465  
  6466.5   0.11861426802744876  
  6467.5   0.11860509437783802  
  6468.5   0.11859592875756925  
  6469.5   0.11858676526188745  
  6470.5   0.11857759799151117  
  6471.5   0.1185684387439085   
  6472.5   0.11855927572270461  
  6473.5   0.1185501207198998   
  6474.5   0.11854096194458673  
  6475.5   0.1185318111833021   
  6476.5   0.11852265665060178  
  6477.5   0.11851351012756318  
  6478.5   0.11850436572173935  
  6479.5   0.11849521754613795  
  6480.5   0.11848607737365607  
  6481.5   0.11847693343248837  
  6482.5   0.11846779749008311  
  6483.5   0.11845865778008345  
  6484.5   0.11844952606449301  
  6485.5   0.11844039058239927  
  6486.5   0.11843126309036539  
  6487.5   0.11842213770820985  
  6488.5   0.11841300856118682  
  6489.5   0.11840388739770753  
  6490.5   0.118394762470451    
  6491.5   0.11838564552239846  
  6492.5   0.11837652481165856  
  6493.5   0.11836741207578678  
  6494.5   0.11835829557831719  
  6495.5   0.11834918705138366  
  6496.5   0.11834008062702761  
  6497.5   0.1183309704427073   
  6498.5   0.11832186822243282  
  6499.5   0.11831276224328277  
  6500.5   0.11830366422385612  
  6501.5   0.11829456244664226  
  6502.5   0.11828546862483312  
  6503.5   0.1182763710463248   
  6504.5   0.11826728141890637  
  6505.5   0.11825819388679984  
  6506.5   0.11824910259962537  
  6507.5   0.11824001925707635  
  6508.5   0.11823093216054656  
  6509.5   0.1182218530043369   
  6510.5   0.1182127700952333   
  6511.5   0.11820369512214833  
  6512.5   0.1181946163972559   
  6513.5   0.11818554560408437  
  6514.5   0.11817647689899427  
  6515.5   0.11816740444372567  
  6516.5   0.11815833991373917  
  6517.5   0.11814927163465978  
  6518.5   0.11814021127657424  
  6519.5   0.11813114717048115  
  6520.5   0.1181220909810974   
  6521.5   0.11811303104479104  
  6522.5   0.11810397902091335  
  6523.5   0.11809492907792152  
  6524.5   0.1180858753896337   
  6525.5   0.11807682960736123  
  6526.5   0.11806778008087689  
  6527.5   0.11805873845613662  
  6528.5   0.11804969308826825  
  6529.5   0.1180406556178764   
  6530.5   0.11803161440543988  
  6531.5   0.11802258108621612  
  6532.5   0.11801354402603075  
  6533.5   0.11800451485479813  
  6534.5   0.11799548775570376  
  6535.5   0.1179864569172716   
  6536.5   0.11797743396140985  
  6537.5   0.1179684072672925   
  6538.5   0.11795938845149492  
  6539.5   0.11795036589852362  
  6540.5   0.11794135121962515  
  6541.5   0.1179323328046345   
  6542.5   0.11792332225947345  
  6543.5   0.11791431377933184  
  6544.5   0.11790530156471954  
  6545.5   0.11789629721357972  
  6546.5   0.11788728912904989  
  6547.5   0.11787828890375861  
  6548.5   0.11786928494615768  
  6549.5   0.11786028884356511  
  6550.5   0.11785128900974289  
  6551.5   0.11784229702670254  
  6552.5   0.11783330710159699  
  6553.5   0.11782431344688093  
  6554.5   0.11781532763661469  
  6555.5   0.11780633809781704  
  6556.5   0.117797356399252    
  6557.5   0.11778837097323436  
  6558.5   0.11777939338323576  
  6559.5   0.11777041206686302  
  6560.5   0.11776143858229948  
  6561.5   0.11775246714862007  
  6562.5   0.11774349199018336  
  6563.5   0.11773452465724868  
  6564.5   0.11772555360063426  
  6565.5   0.11771659036532126  
  6566.5   0.11770762340740573  
  6567.5   0.11769866426659466  
  6568.5   0.11768970140425795  
  6569.5   0.11768074635483242  
  6570.5   0.1176717933492741   
  6571.5   0.1176628366238047   
  6572.5   0.11765388770496404  
  6573.5   0.11764493506728832  
  6574.5   0.11763599023205719  
  6575.5   0.11762704167906667  
  6576.5   0.11761810092434027  
  6577.5   0.11760915645292983  
  6578.5   0.11760021977560665  
  6579.5   0.1175912851351674   
  6580.5   0.11758234677965626  
  6581.5   0.11757341621197465  
  6582.5   0.11756448193029564  
  6583.5   0.11755555543227843  
  6584.5   0.11754662522133795  
  6585.5   0.11753770278989514  
  6586.5   0.11752877664660287  
  6587.5   0.11751985827864778  
  6588.5   0.11751094194062667  
  6589.5   0.11750202189236589  
  6590.5   0.1174931096132091   
  6591.5   0.11748419362488556  
  6592.5   0.11747528540151461  
  6593.5   0.11746637347004946  
  6594.5   0.1174574692993891   
  6595.5   0.11744856142170676  
  6596.5   0.11743966130068502  
  6597.5   0.11743076320268041  
  6598.5   0.11742186139926135  
  6599.5   0.11741296734629401  
  6600.5   0.11740406958898357  
  6601.5   0.11739517957798966  
  6602.5   0.11738628586372366  
  6603.5   0.11737739989164261  
  6604.5   0.1173685102173601   
  6605.5   0.11735962828113455  
  6606.5   0.11735074264377789  
  6607.5   0.11734186474035374  
  6608.5   0.11733298885153755  
  6609.5   0.11732410926319484  
  6610.5   0.11731523740260545  
  6611.5   0.117306361843559    
  6612.5   0.11729749400815039  
  6613.5   0.11728862247535381  
  6614.5   0.11727975866208318  
  6615.5   0.11727089115249334  
  6616.5   0.11726203135832111  
  6617.5   0.11725317357191295  
  6618.5   0.11724431209078788  
  6619.5   0.11723545831892526  
  6620.5   0.1172266008534136   
  6621.5   0.117217751093065    
  6622.5   0.11720889764013484  
  6623.5   0.11720005188827186  
  6624.5   0.11719120244489453  
  6625.5   0.11718236069849206  
  6626.5   0.11717352095304229  
  6627.5   0.11716467751767812  
  6628.5   0.1171558417731576   
  6629.5   0.11714700233978897  
  6630.5   0.11713817059318055  
  6631.5   0.11712933515878994  
  6632.5   0.11712050740707959  
  6633.5   0.1171116759686527   
  6634.5   0.11710285220882964  
  6635.5   0.11709403044318026  
  6636.5   0.1170852049924119   
  6637.5   0.11707638721414002  
  6638.5   0.1170675657518139   
  6639.5   0.11705875195791668  
  6640.5   0.1170499344810296   
  6641.5   0.1170411246685073   
  6642.5   0.11703231117405917  
  6643.5   0.11702350533991526  
  6644.5   0.11701470149319809  
  6645.5   0.1170058939661503   
  6646.5   0.1169970940933231   
  6647.5   0.11698829054122843  
  6648.5   0.1169794946393025   
  6649.5   0.11697069505917196  
  6650.5   0.11696190312516182  
  6651.5   0.1169531075140095   
  6652.5   0.11694431954493276  
  6653.5   0.1169355335565677   
  6654.5   0.11692674389265335  
  6655.5   0.11691796186475452  
  6656.5   0.11690917616236793  
  6657.5   0.11690039809196073  
  6658.5   0.11689161634812704  
  6659.5   0.11688284223224008  
  6660.5   0.1168740644439875   
  6661.5   0.11686529427965248  
  6662.5   0.11685652608934585  
  6663.5   0.1168477542282641   
  6664.5   0.11683898998506331  
  6665.5   0.1168302220721474   
  6666.5   0.11682146177309191  
  6667.5   0.11681269780538096  
  6668.5   0.1168039414475134   
  6669.5   0.11679518142204967  
  6670.5   0.11678642900241573  
  6671.5   0.11677767855015841  
  6672.5   0.11676892443189305  
  6673.5   0.11676017791344419  
  6674.5   0.11675142773004574  
  6675.5   0.11674268514245878  
  6676.5   0.1167339388909803   
  6677.5   0.11672520023131179  
  6678.5   0.1167164579088095   
  6679.5   0.11670772317411904  
  6680.5   0.11669898477765216  
  6681.5   0.11669025396500247  
  6682.5   0.11668152511164195  
  6683.5   0.11667279259809023  
  6684.5   0.11666406766237077  
  6685.5   0.11665533906751657  
  6686.5   0.11664661804650854  
  6687.5   0.11663789336742192  
  6688.5   0.11662917625819877  
  6689.5   0.11662045549195282  
  6690.5   0.11661174229159108  
  6691.5   0.11660303104393607  
  6692.5   0.11659431614084115  
  6693.5   0.11658560879766852  
  6694.5   0.11657689780011087  
  6695.5   0.11656819435850473  
  6696.5   0.11655948726356814  
  6697.5   0.11655078772061572  
  6698.5   0.11654208452538703  
  6699.5   0.11653338887817855  
  6700.5   0.11652469517712535  
  6701.5   0.11651599782537637  
  6702.5   0.11650730801570866  
  6703.5   0.11649861455639847  
  6704.5   0.11648992863521405  
  6705.5   0.11648123906544011  
  6706.5   0.11647255702983984  
  6707.5   0.11646387134670268  
  6708.5   0.11645519319379044  
  6709.5   0.11644651698051275  
  6710.5   0.11643783712127627  
  6711.5   0.11642916478634857  
  6712.5   0.11642048880651382  
  6713.5   0.11641182034704754  
  6714.5   0.1164031482437256   
  6715.5   0.11639448365683518  
  6716.5   0.1163858154271401   
  6717.5   0.11637715470994299  
  6718.5   0.11636849592589023  
  6719.5   0.11635983350060854  
  6720.5   0.11635117858193135  
  6721.5   0.11634252002307535  
  6722.5   0.11633386896689868  
  6723.5   0.116325214271593    
  6724.5   0.11631656707504476  
  6725.5   0.11630791624041699  
  6726.5   0.11629927290062812  
  6727.5   0.11629063148752379  
  6728.5   0.11628198643791324  
  6729.5   0.11627334887727074  
  6730.5   0.11626470768117057  
  6731.5   0.11625607397012827  
  6732.5   0.11624743662467651  
  6733.5   0.11623880676037578  
  6734.5   0.11623017326271344  
  6735.5   0.1162215472422986   
  6736.5   0.11621292314213864  
  6737.5   0.11620429541018801  
  6738.5   0.11619567514963644  
  6739.5   0.11618705125834117  
  6740.5   0.11617843483454976  
  6741.5   0.11616981478106125  
  6742.5   0.11616120219118468  
  6743.5   0.11615258597265726  
  6744.5   0.11614397721385318  
  6745.5   0.11613537036890431  
  6746.5   0.11612675989687316  
  6747.5   0.11611815687873925  
  6748.5   0.1161095502345684   
  6749.5   0.11610095104041444  
  6750.5   0.11609234822126857  
  6751.5   0.11608375284826254  
  6752.5   0.11607515385130923  
  6753.5   0.116066562296622    
  6754.5   0.11605796711903182  
  6755.5   0.1160493793798372   
  6756.5   0.11604079354671643  
  6757.5   0.11603220409225834  
  6758.5   0.11602362207039686  
  6759.5   0.11601503642824149  
  6760.5   0.11600645821482043  
  6761.5   0.11599787638214855  
  6762.5   0.11598930197435198  
  6763.5   0.11598072394834727  
  6764.5   0.11597215334336214  
  6765.5   0.1159635846381172   
  6766.5   0.11595501231622742  
  6767.5   0.1159464474095803   
  6768.5   0.11593787888733009  
  6769.5   0.11592931777647499  
  6770.5   0.11592075305105827  
  6771.5   0.11591219573319234  
  6772.5   0.1159036348018059   
  6773.5   0.11589508127412913  
  6774.5   0.11588652963988838  
  6775.5   0.115877974393688    
  6776.5   0.11586942654544234  
  6777.5   0.11586087508627727  
  6778.5   0.11585233102123396  
  6779.5   0.11584378334631111  
  6780.5   0.11583524306168032  
  6781.5   0.11582669916820947  
  6782.5   0.11581816266120416  
  6783.5   0.11580962804135991  
  6784.5   0.11580108981423407  
  6785.5   0.1157925589678407   
  6786.5   0.11578402451520435  
  6787.5   0.11577549743948204  
  6788.5   0.11576696675855502  
  6789.5   0.11575844345072683  
  6790.5   0.11574991653873187  
  6791.5   0.11574139699602373  
  6792.5   0.11573287933423079  
  6793.5   0.1157243580698271   
  6794.5   0.11571584416899888  
  6795.5   0.11570732666659696  
  6796.5   0.11569881652396657  
  6797.5   0.11569030278079913  
  6798.5   0.11568179639360246  
  6799.5   0.11567328640690505  
  6800.5   0.11566478377238086  
  6801.5   0.11565628301255487  
  6802.5   0.11564777865478179  
  6803.5   0.11563928164349219  
  6804.5   0.11563078103529092  
  6805.5   0.11562228776978357  
  6806.5   0.11561379090839961  
  6807.5   0.11560530138592319  
  6808.5   0.1155968082686049   
  6809.5   0.11558832248641092  
  6810.5   0.1155798385727269   
  6811.5   0.11557135106575224  
  6812.5   0.11556287088823367  
  6813.5   0.1155543871184583   
  6814.5   0.11554591067436376  
  6815.5   0.11553743063904587  
  6816.5   0.11552895792563674  
  6817.5   0.11552048162203736  
  6818.5   0.11551201263657786  
  6819.5   0.11550354551346861  
  6820.5   0.11549507480171795  
  6821.5   0.11548661140246032  
  6822.5   0.11547814441559347  
  6823.5   0.11546968473745867  
  6824.5   0.1154612214727465   
  6825.5   0.1154527655130085   
  6826.5   0.11544430596772468  
  6827.5   0.1154358537236603   
  6828.5   0.11542739789508125  
  6829.5   0.1154189493639701   
  6830.5   0.11541050268771919  
  6831.5   0.11540205242849949  
  6832.5   0.11539360946112687  
  6833.5   0.1153851629118157   
  6834.5   0.1153767236506079   
  6835.5   0.11536828080849147  
  6836.5   0.11535984525073784  
  6837.5   0.11535140611310511  
  6838.5   0.11534297425609774  
  6839.5   0.1153345442478538   
  6840.5   0.11532611066127425  
  6841.5   0.11531768434972038  
  6842.5   0.11530925446085956  
  6843.5   0.11530083184329477  
  6844.5   0.11529240564945133  
  6845.5   0.11528398672317744  
  6846.5   0.1152755642216528   
  6847.5   0.11526714898397435  
  6848.5   0.1152587355889905   
  6849.5   0.11525031862029703  
  6850.5   0.11524190890987102  
  6851.5   0.11523349562676244  
  6852.5   0.11522508959820572  
  6853.5   0.11521667999799313  
  6854.5   0.11520827764861988  
  6855.5   0.11519987172861706  
  6856.5   0.1151914730557442   
  6857.5   0.11518307621952499  
  6858.5   0.1151746758142149   
  6859.5   0.115166282650477    
  6860.5   0.11515788591867367  
  6861.5   0.11514949642474086  
  6862.5   0.11514110336376768  
  6863.5   0.11513271753696643  
  6864.5   0.11512432814414952  
  6865.5   0.11511594598180905  
  6866.5   0.11510756565010896  
  6867.5   0.1150991817539295   
  6868.5   0.11509080508268954  
  6869.5   0.11508242484799404  
  6870.5   0.11507405183455022  
  6871.5   0.11506567525867432  
  6872.5   0.11505730590036535  
  6873.5   0.11504893298064743  
  6874.5   0.11504056727481476  
  6875.5   0.11503220339363676  
  6876.5   0.11502383595258364  
  6877.5   0.11501547571989958  
  6878.5   0.11500711192836265  
  6879.5   0.11499875534152072  
  6880.5   0.11499039519684777  
  6881.5   0.11498204225319889  
  6882.5   0.11497368575274047  
  6883.5   0.11496533644963819  
  6884.5   0.11495698896523222  
  6885.5   0.11494863792554814  
  6886.5   0.11494029407772463  
  6887.5   0.11493194667564363  
  6888.5   0.11492360646176288  
  6889.5   0.1149152626946449   
  6890.5   0.11490692611206989  
  6891.5   0.11489858597727758  
  6892.5   0.11489025302337398  
  6893.5   0.1148819218822355   
  6894.5   0.11487358719040876  
  6895.5   0.11486525967399565  
  6896.5   0.11485692860791324  
  6897.5   0.11484860471359781  
  6898.5   0.11484027727063176  
  6899.5   0.11483195699578902  
  6900.5   0.11482363317331394  
  6901.5   0.11481531651532159  
  6902.5   0.11480699631071482  
  6903.5   0.11479868326695317  
  6904.5   0.1147903720287441   
  6905.5   0.11478205724544671  
  6906.5   0.11477374961754425  
  6907.5   0.11476543844557048  
  6908.5   0.1147571344253616   
  6909.5   0.11474882686209809  
  6910.5   0.11474052644697236  
  6911.5   0.11473222248980834  
  6912.5   0.11472392567715804  
  6913.5   0.11471563066418908  
  6914.5   0.11470733211070545  
  6915.5   0.11469904069630565  
  6916.5   0.11469074574240663  
  6917.5   0.11468245792397486  
  6918.5   0.11467416656705895  
  6919.5   0.11466588234199668  
  6920.5   0.11465759457946496  
  6921.5   0.11464931394517631  
  6922.5   0.11464103510472437  
  6923.5   0.11463275272832425  
  6924.5   0.11462447747475743  
  6925.5   0.11461619868625623  
  6926.5   0.11460792701698519  
  6927.5   0.11459965181379322  
  6928.5   0.11459138372623123  
  6929.5   0.11458311210576141  
  6930.5   0.11457484759732435  
  6931.5   0.11456658487690596  
  6932.5   0.11455831862509859  
  6933.5   0.1145500594799343   
  6934.5   0.11454179680439322  
  6935.5   0.11453354123190541  
  6936.5   0.11452528213005267  
  6937.5   0.11451703012766637  
  6938.5   0.11450877459692661  
  6939.5   0.1145005261620694   
  6940.5   0.11449227950943922  
  6941.5   0.114484029329972    
  6942.5   0.1144757862410176   
  6943.5   0.11446753962623676  
  6944.5   0.11445930009839222  
  6945.5   0.11445105704573151  
  6946.5   0.11444282107643353  
  6947.5   0.11443458158332923  
  6948.5   0.11442634917001704  
  6949.5   0.11441811853316644  
  6950.5   0.11440988437402351  
  6951.5   0.11440165728932282  
  6952.5   0.11439342668333881  
  6953.5   0.11438520314823374  
  6954.5   0.11437697609285397  
  6955.5   0.11436875610479277  
  6956.5   0.11436053259746516  
  6957.5   0.11435231615389868  
  6958.5   0.11434410148105445  
  6959.5   0.11433588329045533  
  6960.5   0.11432767215828725  
  6961.5   0.11431945750937168  
  6962.5   0.11431124991533702  
  6963.5   0.11430303880556188  
  6964.5   0.11429483474712043  
  6965.5   0.11428662717394514  
  6966.5   0.11427842664855925  
  6967.5   0.11427022788818214  
  6968.5   0.11426202561458035  
  6969.5   0.11425383038345749  
  6970.5   0.11424563164011572  
  6971.5   0.11423743993571583  
  6972.5   0.11422924472010242  
  6973.5   0.11422105653989674  
  6974.5   0.11421286484948258  
  6975.5   0.1142046801909449   
  6976.5   0.11419649202320342  
  6977.5   0.11418831088381007  
  6978.5   0.11418013150247737  
  6979.5   0.11417194861344708  
  6980.5   0.11416377274747834  
  6981.5   0.1141555933748158   
  6982.5   0.11414742102169367  
  6983.5   0.11413924516288118  
  6984.5   0.11413107632009081  
  6985.5   0.11412290397261317  
  6986.5   0.11411473863764225  
  6987.5   0.11410657505507567  
  6988.5   0.11409840796932556  
  6989.5   0.11409024789081507  
  6990.5   0.11408208431012326  
  6991.5   0.11407392773316287  
  6992.5   0.11406576765502296  
  6993.5   0.11405761457710913  
  6994.5   0.11404945799901726  
  6995.5   0.11404130841764898  
  6996.5   0.11403316058305409  
  6997.5   0.11402500924978252  
  6998.5   0.11401686490798675  
  6999.5   0.11400871706851488  
  7000.5   0.11400057621702349  
  7001.5   0.11399243186885619  
  7002.5   0.11398429450517689  
  7003.5   0.11397615364582153  
  7004.5   0.11396801976746451  
  7005.5   0.1139598876302753   
  7006.5   0.11395175199890896  
  7007.5   0.11394362334331244  
  7008.5   0.11393549119453779  
  7009.5   0.1139273660180504   
  7010.5   0.11391923734938346  
  7011.5   0.11391111564952412  
  7012.5   0.11390299045848347  
  7013.5   0.11389487223277354  
  7014.5   0.11388675574265097  
  7015.5   0.1138786357628436   
  7016.5   0.11387052274315757  
  7017.5   0.11386240623478408  
  7018.5   0.11385429668306216  
  7019.5   0.11384618364364978  
  7020.5   0.11383807755742201  
  7021.5   0.1138299679845004   
  7022.5   0.11382186536129926  
  7023.5   0.11381376446812999  
  7024.5   0.11380566008976101  
  7025.5   0.11379756265592213  
  7026.5   0.11378946173787925  
  7027.5   0.11378136776090937  
  7028.5   0.11377327030073088  
  7029.5   0.1137651797781711   
  7030.5   0.11375708577339774  
  7031.5   0.11374899870279159  
  7032.5   0.11374091335668673  
  7033.5   0.11373282452985999  
  7034.5   0.11372474263202903  
  7035.5   0.1137166572544703   
  7036.5   0.11370857880246288  
  7037.5   0.11370049687172146  
  7038.5   0.11369242186308967  
  7039.5   0.11368434337671729  
  7040.5   0.11367627180901564  
  7041.5   0.1136682019603094   
  7042.5   0.11366012863535183  
  7043.5   0.11365206222391244  
  7044.5   0.11364399233721421  
  7045.5   0.11363592936060224  
  7046.5   0.11362786290972361  
  7047.5   0.11361980336550206  
  7048.5   0.11361174034800565  
  7049.5   0.11360368423373995  
  7050.5   0.11359562464719082  
  7051.5   0.11358757196044882  
  7052.5   0.11357952098600618  
  7053.5   0.11357146654076641  
  7054.5   0.11356341899020413  
  7055.5   0.11355536796983526  
  7056.5   0.1135473238407272   
  7057.5   0.11353927624280276  
  7058.5   0.11353123553272522  
  7059.5   0.1135231913548211   
  7060.5   0.11351515406135276  
  7061.5   0.11350711847473233  
  7062.5   0.1134990794217692   
  7063.5   0.11349104724813085  
  7064.5   0.11348301160913876  
  7065.5   0.11347498284606718  
  7066.5   0.11346695061863042  
  7067.5   0.11345892526371265  
  7068.5   0.11345089644541795  
  7069.5   0.11344287449624346  
  7070.5   0.11343485424848973  
  7071.5   0.11342683053884052  
  7072.5   0.1134188136932191   
  7073.5   0.11341079338668954  
  7074.5   0.11340277994079585  
  7075.5   0.11339476303498097  
  7076.5   0.1133867529864128   
  7077.5   0.11337873947891004  
  7078.5   0.11337073282526758  
  7079.5   0.1133627278676428   
  7080.5   0.11335471945256252  
  7081.5   0.11334671788626853  
  7082.5   0.11333871286350472  
  7083.5   0.11333071468614758  
  7084.5   0.11332271305330599  
  7085.5   0.11331471826249417  
  7086.5   0.11330672001718291  
  7087.5   0.11329872861052724  
  7088.5   0.11329073889451023  
  7089.5   0.1132827457254704   
  7090.5   0.11327475939003057  
  7091.5   0.11326676960255201  
  7092.5   0.11325878664530607  
  7093.5   0.11325080023700516  
  7094.5   0.11324282065557217  
  7095.5   0.1132348376240676   
  7096.5   0.11322686141606896  
  7097.5   0.11321888689335378  
  7098.5   0.11321090892204128  
  7099.5   0.11320293776919735  
  7100.5   0.1131949631687386   
  7101.5   0.1131869953833932   
  7102.5   0.1131790241514151   
  7103.5   0.11317105973119786  
  7104.5   0.11316309186532969  
  7105.5   0.11315513080787251  
  7106.5   0.11314717143036733  
  7107.5   0.11313920860868304  
  7108.5   0.11313125259039059  
  7109.5   0.11312329312889992  
  7110.5   0.113115340467458    
  7111.5   0.11310738436379839  
  7112.5   0.11309943505684708  
  7113.5   0.11309148230865823  
  7114.5   0.11308353635383994  
  7115.5   0.11307559207366574  
  7116.5   0.11306764435372342  
  7117.5   0.11305970342215059  
  7118.5   0.11305175905178892  
  7119.5   0.11304382146646569  
  7120.5   0.1130358804433325   
  7121.5   0.11302794620190935  
  7122.5   0.11302000852365485  
  7123.5   0.11301207762378464  
  7124.5   0.11300414839327405  
  7125.5   0.1129962157273991   
  7126.5   0.1129882898349254   
  7127.5   0.11298036050806498  
  7128.5   0.11297243795128672  
  7129.5   0.11296451196109908  
  7130.5   0.11295659273767716  
  7131.5   0.11294867008182281  
  7132.5   0.11294075418942043  
  7133.5   0.11293283486556219  
  7134.5   0.11292492230184481  
  7135.5   0.11291701140105988  
  7136.5   0.11290909707028317  
  7137.5   0.11290118949468612  
  7138.5   0.112893278490073    
  7139.5   0.11288537423733502  
  7140.5   0.1128774665565563   
  7141.5   0.11286956562435088  
  7142.5   0.11286166126507968  
  7143.5   0.11285376365108254  
  7144.5   0.11284586769478509  
  7145.5   0.11283796831288351  
  7146.5   0.1128300756713126   
  7147.5   0.11282217960511168  
  7148.5   0.11281429027594882  
  7149.5   0.11280639752312965  
  7150.5   0.11279851150405851  
  7151.5   0.11279062206230445  
  7152.5   0.11278273935101103  
  7153.5   0.11277485829220746  
  7154.5   0.11276697381218022  
  7155.5   0.11275909605768794  
  7156.5   0.1127512148829445   
  7157.5   0.11274334043045514  
  7158.5   0.11273546255868676  
  7159.5   0.11272759140589422  
  7160.5   0.11271971683479441  
  7161.5   0.11271184897939486  
  7162.5   0.11270398277129827  
  7163.5   0.11269611314635122  
  7164.5   0.11268825023219642  
  7165.5   0.11268038390216203  
  7166.5   0.11267252427965076  
  7167.5   0.11266466124223044  
  7168.5   0.11265680490906671  
  7169.5   0.11264894516196411  
  7170.5   0.11264109211585419  
  7171.5   0.11263324071188312  
  7172.5   0.11262538589542759  
  7173.5   0.11261753777507426  
  7174.5   0.11260968624320576  
  7175.5   0.11260184140418203  
  7176.5   0.11259399315461203  
  7177.5   0.11258615159463196  
  7178.5   0.11257830662507423  
  7179.5   0.11257046834185412  
  7180.5   0.1125626316956314   
  7181.5   0.11255479164128299  
  7182.5   0.11254695826839922  
  7183.5   0.11253912148835746  
  7184.5   0.11253129138653452  
  7185.5   0.1125234578785209   
  7186.5   0.11251563104548289  
  7187.5   0.11250780080722118  
  7188.5   0.11249997724069438  
  7189.5   0.11249215530604595  
  7190.5   0.11248432996762342  
  7191.5   0.11247651129608018  
  7192.5   0.11246868922172891  
  7193.5   0.11246087381102267  
  7194.5   0.11245305499847413  
  7195.5   0.11244524284633894  
  7196.5   0.11243742729332681  
  7197.5   0.11242961839749892  
  7198.5   0.11242181112845276  
  7199.5   0.1124140004599769   
  7200.5   0.11240619644384688  
  7201.5   0.1123983890292516   
  7202.5   0.11239058826377947  
  7203.5   0.11238278410080618  
  7204.5   0.11237498658373585  
  7205.5   0.11236718567012811  
  7206.5   0.1123593913992057   
  7207.5   0.11235159373270928  
  7208.5   0.1123438027056831   
  7209.5   0.11233601329923967  
  7210.5   0.11232822049866652  
  7211.5   0.11232043433274624  
  7212.5   0.11231264477365877  
  7213.5   0.11230486184601542  
  7214.5   0.11229707552616702  
  7215.5   0.11228929583455656  
  7216.5   0.11228151275170282  
  7217.5   0.11227373629388336  
  7218.5   0.11226596145159934  
  7219.5   0.11225818321951393  
  7220.5   0.11225041160766253  
  7221.5   0.11224263660697066  
  7222.5   0.11223486822331544  
  7223.5   0.1122270964517803   
  7224.5   0.11221933129408698  
  7225.5   0.11221156274947396  
  7226.5   0.11220380081551044  
  7227.5   0.112196040492057    
  7228.5   0.11218827678312335  
  7229.5   0.11218051968005595  
  7230.5   0.11217275919246764  
  7231.5   0.11216500530755956  
  7232.5   0.11215724803908951  
  7233.5   0.11214949737011619  
  7234.5   0.1121417433185395   
  7235.5   0.11213399586327852  
  7236.5   0.11212625001352416  
  7237.5   0.11211850078260352  
  7238.5   0.1121107581432323   
  7239.5   0.11210301212365249  
  7240.5   0.11209527269244735  
  7241.5   0.11208752988199099  
  7242.5   0.11207979365673702  
  7243.5   0.11207205405318883  
  7244.5   0.11206432103167331  
  7245.5   0.11205658961068267  
  7246.5   0.11204885481283247  
  7247.5   0.11204112659226549  
  7248.5   0.11203339499579508  
  7249.5   0.11202566997344435  
  7250.5   0.11201794157614593  
  7251.5   0.11201021974980613  
  7252.5   0.11200249454947407  
  7253.5   0.11199477591694208  
  7254.5   0.11198705887997483  
  7255.5   0.11197933847044762  
  7256.5   0.11197162462398777  
  7257.5   0.11196390740592248  
  7258.5   0.11195619674777217  
  7259.5   0.11194848271897058  
  7260.5   0.11194077524693409  
  7261.5   0.11193306440520014  
  7262.5   0.11192536011708384  
  7263.5   0.11191765741959368  
  7264.5   0.11190995135383594  
  7265.5   0.11190225183697988  
  7266.5   0.11189454895280915  
  7267.5   0.11188685261439885  
  7268.5   0.11187915290962644  
  7269.5   0.11187145974747567  
  7270.5   0.11186376321991502  
  7271.5   0.11185607323183963  
  7272.5   0.11184838482947314  
  7273.5   0.11184069306312427  
  7274.5   0.11183300783156129  
  7275.5   0.11182531923696727  
  7276.5   0.11181763717402893  
  7277.5   0.11180995174901051  
  7278.5   0.11180227285252003  
  7279.5   0.1117945905949001   
  7280.5   0.1117869148626828   
  7281.5   0.11177923577028633  
  7282.5   0.11177156320016961  
  7283.5   0.11176389220978061  
  7284.5   0.111756217860637    
  7285.5   0.11174855002909397  
  7286.5   0.11174087883974569  
  7287.5   0.11173321416488122  
  7288.5   0.11172554613316055  
  7289.5   0.11171788461280936  
  7290.5   0.11171021973655064  
  7291.5   0.11170256136854952  
  7292.5   0.11169490457540591  
  7293.5   0.11168724442777697  
  7294.5   0.11167959078374283  
  7295.5   0.11167193378617114  
  7296.5   0.11166428328908845  
  7297.5   0.11165662943941564  
  7298.5   0.1116489820871284   
  7299.5   0.11164133138319815  
  7300.5   0.11163368717355249  
  7301.5   0.11162604453391517  
  7302.5   0.11161839854405463  
  7303.5   0.11161075904383226  
  7304.5   0.11160311619433286  
  7305.5   0.1115954798313767   
  7306.5   0.11158784012008935  
  7307.5   0.1115802068922527   
  7308.5   0.11157257031703037  
  7309.5   0.11156494022216862  
  7310.5   0.11155731169248691  
  7311.5   0.11154967981683692  
  7312.5   0.11154205441691735  
  7313.5   0.11153442567197411  
  7314.5   0.1115268033996772   
  7315.5   0.11151917778330087  
  7316.5   0.11151155863648918  
  7317.5   0.11150393614654194  
  7318.5   0.11149632012308004  
  7319.5   0.11148870565999063  
  7320.5   0.11148108785518071  
  7321.5   0.11147347651224214  
  7322.5   0.11146586182852612  
  7323.5   0.1114582536036081   
  7324.5   0.11145064203885528  
  7325.5   0.11144303692982957  
  7326.5   0.11143542848191135  
  7327.5   0.11142782648665167  
  7328.5   0.11142022604697757  
  7329.5   0.11141262226982364  
  7330.5   0.11140502494073036  
  7331.5   0.1113974242750987   
  7332.5   0.11138983005446511  
  7333.5   0.11138223249823419  
  7334.5   0.11137464138394113  
  7335.5   0.11136704693499147  
  7336.5   0.11135945892492183  
  7337.5   0.11135187246567138  
  7338.5   0.11134428267317463  
  7339.5   0.11133669931497606  
  7340.5   0.11132911262447101  
  7341.5   0.11132153236521221  
  7342.5   0.11131394877458645  
  7343.5   0.11130637161215738  
  7344.5   0.11129879111930048  
  7345.5   0.11129121705159309  
  7346.5   0.11128364452995895  
  7347.5   0.11127606867930488  
  7348.5   0.11126849924923445  
  7349.5   0.11126092649108234  
  7350.5   0.11125336015047259  
  7351.5   0.11124579048271906  
  7352.5   0.11123822722946893  
  7353.5   0.11123066065001258  
  7354.5   0.11122310048202305  
  7355.5   0.11121553698876452  
  7356.5   0.11120797990393856  
  7357.5   0.1112004243594128   
  7358.5   0.111192865491023    
  7359.5   0.11118531302651935  
  7360.5   0.11117775723908796  
  7361.5   0.11117020785251434  
  7362.5   0.11116265514394898  
  7363.5   0.1111551088332153   
  7364.5   0.11114755920142555  
  7365.5   0.11114001596444378  
  7366.5   0.11113247426306125  
  7367.5   0.11112492924202522  
  7368.5   0.11111739061126652  
  7369.5   0.11110984866178907  
  7370.5   0.11110231309957108  
  7371.5   0.11109477421956873  
  7372.5   0.1110872417238103   
  7373.5   0.11107970591120159  
  7374.5   0.11107217647982355  
  7375.5   0.11106464857936386  
  7376.5   0.1110571173634541   
  7377.5   0.11104959252426007  
  7378.5   0.11104206437054914  
  7379.5   0.11103454259054654  
  7380.5   0.11102701749695987  
  7381.5   0.11101949877407645  
  7382.5   0.11101197673854139  
  7383.5   0.11100446107070683  
  7384.5   0.11099694692912963  
  7385.5   0.11098942947629867  
  7386.5   0.11098191838666888  
  7387.5   0.1109744039867169   
  7388.5   0.11096689594696911  
  7389.5   0.11095938459783035  
  7390.5   0.1109518796059011   
  7391.5   0.11094437130551178  
  7392.5   0.11093686935933955  
  7393.5   0.1109293689347836   
  7394.5   0.11092186520316309  
  7395.5   0.11091436782127592  
  7396.5   0.1109068671332542   
  7397.5   0.1108993727919792   
  7398.5   0.1108918751454993   
  7399.5   0.11088438384278178  
  7400.5   0.11087688923578864  
  7401.5   0.11086940096957588  
  7402.5   0.110861914220358    
  7403.5   0.11085442416825766  
  7404.5   0.11084694045246939  
  7405.5   0.11083945343472709  
  7406.5   0.11083197275032054  
  7407.5   0.11082448876488805  
  7408.5   0.1108170111098173   
  7409.5   0.11080953015464831  
  7410.5   0.11080205552686931  
  7411.5   0.11079458241148345  
  7412.5   0.11078710599739013  
  7413.5   0.11077963590623394  
  7414.5   0.11077216251729713  
  7415.5   0.11076469544833142  
  7416.5   0.11075722508251162  
  7417.5   0.1107497610336991   
  7418.5   0.11074229368895865  
  7419.5   0.11073483265826398  
  7420.5   0.11072737313538022  
  7421.5   0.11071991031795696  
  7422.5   0.11071245381014194  
  7423.5   0.11070499400871268  
  7424.5   0.11069754051393588  
  7425.5   0.11069008372646974  
  7426.5   0.1106826332427025   
  7427.5   0.1106751794671705   
  7428.5   0.11066773199238604  
  7429.5   0.11066028122676108  
  7430.5   0.11065283675893466  
  7431.5   0.11064539379334493  
  7432.5   0.11063794753830022  
  7433.5   0.11063050757663516  
  7434.5   0.11062306432643848  
  7435.5   0.11061562736667802  
  7436.5   0.11060818711930895  
  7437.5   0.11060075315943496  
  7438.5   0.11059331591287498  
  7439.5   0.11058588495087118  
  7440.5   0.11057845548656486  
  7441.5   0.11057102273695575  
  7442.5   0.11056359626749909  
  7443.5   0.11055616651366147  
  7444.5   0.11054874303704298  
  7445.5   0.11054131627696494  
  7446.5   0.110533895791175    
  7447.5   0.11052647202284656  
  7448.5   0.1105190545258774   
  7449.5   0.11051163852208568  
  7450.5   0.1105042192371363   
  7451.5   0.1104968062191576   
  7452.5   0.11048938992094147  
  7453.5   0.11048197988677279  
  7454.5   0.11047456657328654  
  7455.5   0.1104671595209267   
  7456.5   0.11045974919016883  
  7457.5   0.11045234511761859  
  7458.5   0.11044494253374479  
  7459.5   0.11043753667285142  
  7460.5   0.11043013706579215  
  7461.5   0.11042273418263193  
  7462.5   0.11041533755039258  
  7463.5   0.11040793764297062  
  7464.5   0.11040054398355849  
  7465.5   0.11039314704988169  
  7466.5   0.11038575636130595  
  7467.5   0.11037836715692463  
  7468.5   0.11037097467965477  
  7469.5   0.11036358844312738  
  7470.5   0.11035619893462852  
  7471.5   0.11034881566396885  
  7472.5   0.11034142912225448  
  7473.5   0.11033404881547823  
  7474.5   0.11032666523856363  
  7475.5   0.11031928789368833  
  7476.5   0.11031191202854433  
  7477.5   0.11030453289463575  
  7478.5   0.1102971599884228   
  7479.5   0.11028978381436078  
  7480.5   0.11028241386510103  
  7481.5   0.11027504064890738  
  7482.5   0.11026767365462486  
  7483.5   0.11026030339432327  
  7484.5   0.11025293935304385  
  7485.5   0.11024557678705135  
  7486.5   0.1102382109564112   
  7487.5   0.11023085134046438  
  7488.5   0.11022348846078388  
  7489.5   0.11021613179291319  
  7490.5   0.11020877186222243  
  7491.5   0.11020141814046024  
  7492.5   0.11019406115679119  
  7493.5   0.1101867103791716   
  7494.5   0.11017936107241323  
  7495.5   0.11017200850511714  
  7496.5   0.11016466213955639  
  7497.5   0.11015731251437029  
  7498.5   0.11014996908804589  
  7499.5   0.1101426224030082   
  7500.5   0.11013528191396073  
  7501.5   0.11012793816711167  
  7502.5   0.11012060061338351  
  7503.5   0.11011325980276512  
  7504.5   0.11010592518240053  
  7505.5   0.11009859202751313  
  7506.5   0.1100912556171017   
  7507.5   0.11008392539264793  
  7508.5   0.1100765919135806   
  7509.5   0.11006926461760924  
  7510.5   0.11006193406793448  
  7511.5   0.11005460969849609  
  7512.5   0.11004728207626413  
  7513.5   0.1100399606314112   
  7514.5   0.11003264064765085  
  7515.5   0.11002531741246079  
  7516.5   0.1100180003503682   
  7517.5   0.11001068003775484  
  7518.5   0.11000336589538694  
  7519.5   0.10999604850340687  
  7520.5   0.10998873727882244  
  7521.5   0.10998142280553405  
  7522.5   0.10997411449679366  
  7523.5   0.1099668076447796   
  7524.5   0.10995949754542317  
  7525.5   0.10995219360634768  
  7526.5   0.10994488642083716  
  7527.5   0.10993758539276531  
  7528.5   0.10993028111916543  
  7529.5   0.10992298300016407  
  7530.5   0.10991568163654138  
  7531.5   0.10990838642467918  
  7532.5   0.10990109266519532  
  7533.5   0.10989379566244938  
  7534.5   0.10988650480721136  
  7535.5   0.10987921070961706  
  7536.5   0.109871922756698    
  7537.5   0.10986463156232815  
  7538.5   0.10985734650980303  
  7539.5   0.10985005821673219  
  7540.5   0.10984277606267769  
  7541.5   0.1098354953566717   
  7542.5   0.10982821141147692  
  7543.5   0.1098209336010603   
  7544.5   0.10981365255235913  
  7545.5   0.10980637763561306  
  7546.5   0.10979909948148638  
  7547.5   0.10979182745649381  
  7548.5   0.10978455219502421  
  7549.5   0.1097772830598699   
  7550.5   0.10977001536845232  
  7551.5   0.10976274444191224  
  7552.5   0.10975547963746364  
  7553.5   0.10974821159879528  
  7554.5   0.10974094967940483  
  7555.5   0.10973368452669699  
  7556.5   0.10972642549045565  
  7557.5   0.10971916322179896  
  7558.5   0.10971190706679944  
  7559.5   0.1097046523512428   
  7560.5   0.10969739440462302  
  7561.5   0.10969014256745087  
  7562.5   0.10968288750011676  
  7563.5   0.10967563853942623  
  7564.5   0.10966838634947455  
  7565.5   0.10966114026336453  
  7566.5   0.10965389094889383  
  7567.5   0.10964664773546495  
  7568.5   0.10963940595720294  
  7569.5   0.1096321609519302   
  7570.5   0.10962492204350388  
  7571.5   0.10961767990896647  
  7572.5   0.10961044386848089  
  7573.5   0.10960320460278346  
  7574.5   0.10959597142834539  
  7575.5   0.10958873502959439  
  7576.5   0.10958150471931237  
  7577.5   0.109574271185616    
  7578.5   0.10956704373760029  
  7579.5   0.10955981771954933  
  7580.5   0.1095525884794311   
  7581.5   0.10954536532081544  
  7582.5   0.10953813894103022  
  7583.5   0.1095309186399645   
  7584.5   0.10952369511862661  
  7585.5   0.1095164776732272   
  7586.5   0.10950925700845265  
  7587.5   0.10950204241683764  
  7588.5   0.10949482925095075  
  7589.5   0.1094876128670335   
  7590.5   0.10948040255211174  
  7591.5   0.10947318902005582  
  7592.5   0.10946598155422166  
  7593.5   0.10945877087214916  
  7594.5   0.10945156625352676  
  7595.5   0.10944435841956152  
  7596.5   0.10943715664627679  
  7597.5   0.10942995629450107  
  7598.5   0.10942275272872498  
  7599.5   0.10941555521947934  
  7600.5   0.10940835449712795  
  7601.5   0.10940115982854258  
  7602.5   0.1093939619477458   
  7603.5   0.10938677011795266  
  7604.5   0.10937957507684205  
  7605.5   0.1093723860839748   
  7606.5   0.10936519850841493  
  7607.5   0.10935800772287771  
  7608.5   0.10935082298144774  
  7609.5   0.10934363503093351  
  7610.5   0.1093364531217714   
  7611.5   0.10932926800441778  
  7612.5   0.10932208892566314  
  7613.5   0.10931490663960945  
  7614.5   0.10930773038940371  
  7615.5   0.10930055555232106  
  7616.5   0.10929337750927719  
  7617.5   0.10928620549795896  
  7618.5   0.10927903028157109  
  7619.5   0.10927186109416294  
  7620.5   0.10926468870257636  
  7621.5   0.10925752233722562  
  7622.5   0.10925035276858731  
  7623.5   0.10924318922344303  
  7624.5   0.10923602708725486  
  7625.5   0.10922886174911466  
  7626.5   0.10922170243035999  
  7627.5   0.10921453991054329  
  7628.5   0.1092073834073754   
  7629.5   0.10920022370403519  
  7630.5   0.10919307001460907  
  7631.5   0.10918591312589997  
  7632.5   0.1091787622483723   
  7633.5   0.10917161277565089  
  7634.5   0.10916446010497975  
  7635.5   0.10915731344139527  
  7636.5   0.10915016358074953  
  7637.5   0.10914301972446284  
  7638.5   0.10913587267200307  
  7639.5   0.10912873162117677  
  7640.5   0.10912158737506518  
  7641.5   0.10911444912786354  
  7642.5   0.10910731228133547  
  7643.5   0.10910017224085301  
  7644.5   0.10909303819519943  
  7645.5   0.10908590095647842  
  7646.5   0.1090787697098678   
  7647.5   0.10907163527107634  
  7648.5   0.10906450682167879  
  7649.5   0.10905737518098671  
  7650.5   0.10905024952697406  
  7651.5   0.10904312068255283  
  7652.5   0.10903599782209855  
  7653.5   0.10902887635728979  
  7654.5   0.10902175170340055  
  7655.5   0.10901463302941383  
  7656.5   0.10900751116723172  
  7657.5   0.1090003952822447   
  7658.5   0.10899327620994702  
  7659.5   0.10898616311213899  
  7660.5   0.10897904682790473  
  7661.5   0.10897193651545672  
  7662.5   0.10896482759455914  
  7663.5   0.10895771548856115  
  7664.5   0.10895060935029845  
  7665.5   0.10894350002781891  
  7666.5   0.10893639667037623  
  7667.5   0.10892929012959993  
  7668.5   0.10892218955116406  
  7669.5   0.10891508579027744  
  7670.5   0.10890798798903684  
  7671.5   0.1089008915752684   
  7672.5   0.10889379198037277  
  7673.5   0.10888669834108566  
  7674.5   0.10887960152155338  
  7675.5   0.10887251065494016  
  7676.5   0.10886541660896346  
  7677.5   0.10885832851321836  
  7678.5   0.10885123723899111  
  7679.5   0.10884415191231     
  7680.5   0.10883706796903952  
  7681.5   0.10882998084860816  
  7682.5   0.10882289967169884  
  7683.5   0.10881581531850913  
  7684.5   0.10880873690616095  
  7685.5   0.10880165531841257  
  7686.5   0.10879457966882713  
  7687.5   0.10878750084472132  
  7688.5   0.10878042795610189  
  7689.5   0.10877335644684819  
  7690.5   0.10876628176439304  
  7691.5   0.10875921301341357  
  7692.5   0.10875214109011164  
  7693.5   0.10874507509561375  
  7694.5   0.10873800592967205  
  7695.5   0.10873094268986469  
  7696.5   0.10872387627949184  
  7697.5   0.10871681579258563  
  7698.5   0.10870975668101673  
  7699.5   0.10870269440019903  
  7700.5   0.10869563803885052  
  7701.5   0.10868857850913063  
  7702.5   0.10868152489621716  
  7703.5   0.10867446811580943  
  7704.5   0.10866741724954726  
  7705.5   0.10866036321666764  
  7706.5   0.10865331509527469  
  7707.5   0.10864626834520713  
  7708.5   0.10863921842983652  
  7709.5   0.10863217442196835  
  7710.5   0.10862512724967308  
  7711.5   0.10861808598222625  
  7712.5   0.10861104155122792  
  7713.5   0.10860400302242597  
  7714.5   0.10859696133094779  
  7715.5   0.1085899255390159   
  7716.5   0.10858289111441387  
  7717.5   0.1085758535284477   
  7718.5   0.10856882183805677  
  7719.5   0.10856178698717615  
  7720.5   0.10855475802922553  
  7721.5   0.10854772591165932  
  7722.5   0.10854069968437982  
  7723.5   0.10853367029835846  
  7724.5   0.10852664679998246  
  7725.5   0.10851962014373802  
  7726.5   0.10851259937249953  
  7727.5   0.10850557996372946  
  7728.5   0.10849855739840031  
  7729.5   0.10849154071412204  
  7730.5   0.10848452087415725  
  7731.5   0.10847750691260875  
  7732.5   0.10847048979624599  
  7733.5   0.10846347855566688  
  7734.5   0.10845646416114539  
  7735.5   0.10844945563977684  
  7736.5   0.10844244847691721  
  7737.5   0.10843543816142229  
  7738.5   0.10842843371513827  
  7739.5   0.10842142611709     
  7740.5   0.10841442438562675  
  7741.5   0.10840741950326996  
  7742.5   0.10840042048487421  
  7743.5   0.10839341831645534  
  7744.5   0.10838642200937543  
  7745.5   0.108379427056861    
  7746.5   0.10837242895562828  
  7747.5   0.10836543671180546  
  7748.5   0.10835844132013385  
  7749.5   0.10835145178325488  
  7750.5   0.10834445909939637  
  7751.5   0.10833747226771513  
  7752.5   0.10833048228992322  
  7753.5   0.10832349816169515  
  7754.5   0.10831651538410517  
  7755.5   0.10830952946170706  
  7756.5   0.10830254938495663  
  7757.5   0.10829556616426611  
  7758.5   0.10828858878661461  
  7759.5   0.10828160826589074  
  7760.5   0.1082746335855991   
  7761.5   0.10826765576310246  
  7762.5   0.10826068377843322  
  7763.5   0.10825371314049057  
  7764.5   0.1082467393616432   
  7765.5   0.10823977141671991  
  7766.5   0.10823280033175842  
  7767.5   0.10822583507812092  
  7768.5   0.10821886668531142  
  7769.5   0.10821190412122766  
  7770.5   0.10820493841883778  
  7771.5   0.10819797854257736  
  7772.5   0.10819102000914788  
  7773.5   0.1081840583387103   
  7774.5   0.10817710249051166  
  7775.5   0.10817014350616992  
  7776.5   0.10816319034147553  
  7777.5   0.10815623404150276  
  7778.5   0.10814928355858763  
  7779.5   0.10814232994125848  
  7780.5   0.10813538213839914  
  7781.5   0.10812843567449086  
  7782.5   0.10812148607746436  
  7783.5   0.10811454229102986  
  7784.5   0.10810759537234067  
  7785.5   0.10810065426166038  
  7786.5   0.10809371001958858  
  7787.5   0.10808677158294447  
  7788.5   0.10807983001577169  
  7789.5   0.10807289425144725  
  7790.5   0.10806595982220966  
  7791.5   0.10805902226373693  
  7792.5   0.10805209050424744  
  7793.5   0.10804515561638482  
  7794.5   0.10803822652493078  
  7795.5   0.10803129430596531  
  7796.5   0.10802436788083561  
  7797.5   0.10801743832905582  
  7798.5   0.1080105145685409   
  7799.5   0.10800359213926419  
  7800.5   0.10799666658462871  
  7801.5   0.10798974681740559  
  7802.5   0.10798282392568419  
  7803.5   0.10797590681880889  
  7804.5   0.10796898658829551  
  7805.5   0.10796207214006383  
  7806.5   0.10795515456905394  
  7807.5   0.1079482427777632   
  7808.5   0.10794132786455378  
  7809.5   0.10793441872850282  
  7810.5   0.10792751091900726  
  7811.5   0.10792059998888155  
  7812.5   0.10791369483207719  
  7813.5   0.10790678655550136  
  7814.5   0.10789988404969082  
  7815.5   0.10789297842496719  
  7816.5   0.10788607856845467  
  7817.5   0.10787917559388709  
  7818.5   0.10787227838497825  
  7819.5   0.10786538249881059  
  7820.5   0.10785848349587415  
  7821.5   0.10785159025477183  
  7822.5   0.10784469389775796  
  7823.5   0.10783780330003047  
  7824.5   0.1078309095872483   
  7825.5   0.10782402163120665  
  7826.5   0.10781713056096683  
  7827.5   0.10781024524492348  
  7828.5   0.1078033612478224   
  7829.5   0.10779647413780723  
  7830.5   0.1077895927781763   
  7831.5   0.10778270830648701  
  7832.5   0.10777582958264255  
  7833.5   0.10776894774759507  
  7834.5   0.10776207165785484  
  7835.5   0.10775519245776664  
  7836.5   0.10774831900044993  
  7837.5   0.10774144685829179  
  7838.5   0.1077345716070675   
  7839.5   0.10772770209481486  
  7840.5   0.1077208294743503   
  7841.5   0.1077139625903262   
  7842.5   0.10770709259894405  
  7843.5   0.107700228341473    
  7844.5   0.10769336097749747  
  7845.5   0.10768649934490548  
  7846.5   0.10767963902370362  
  7847.5   0.10767277559727688  
  7848.5   0.10766591789844616  
  7849.5   0.10765905709524332  
  7850.5   0.10765220201711354  
  7851.5   0.107645343835464    
  7852.5   0.10763849137636636  
  7853.5   0.10763163581460106  
  7854.5   0.1076247859728683   
  7855.5   0.1076179374387723   
  7856.5   0.10761108580328595  
  7857.5   0.10760423988405694  
  7858.5   0.10759739086428888  
  7859.5   0.10759054755826332  
  7860.5   0.10758370115254963  
  7861.5   0.10757686045806544  
  7862.5   0.1075700166647437   
  7863.5   0.10756317858014028  
  7864.5   0.10755634179943525  
  7865.5   0.10754950192116779  
  7866.5   0.10754266774785565  
  7867.5   0.10753583047783084  
  7868.5   0.10752899891025466  
  7869.5   0.1075221642468153   
  7870.5   0.10751533528331968  
  7871.5   0.10750850322480993  
  7872.5   0.10750167686374087  
  7873.5   0.10749485180284682  
  7874.5   0.10748802364821153  
  7875.5   0.10748120118726612  
  7876.5   0.10747437563342777  
  7877.5   0.1074675557707807   
  7878.5   0.10746073281608864  
  7879.5   0.10745391555009111  
  7880.5   0.10744709519289622  
  7881.5   0.10744028052190083  
  7882.5   0.1074334627605554   
  7883.5   0.10742665068291626  
  7884.5   0.10741983990092145  
  7885.5   0.10741302602984676  
  7886.5   0.10740621783874234  
  7887.5   0.10739940655940455  
  7888.5   0.10739260095754828  
  7889.5   0.1073857922683048   
  7890.5   0.10737898925405591  
  7891.5   0.10737218315326559  
  7892.5   0.10736538272498472  
  7893.5   0.10735858358865767  
  7894.5   0.1073517813670572   
  7895.5   0.10734498481424216  
  7896.5   0.10733818517699867  
  7897.5   0.10733139120605993  
  7898.5   0.10732459415153742  
  7899.5   0.10731780276084071  
  7900.5   0.10731100828740457  
  7901.5   0.1073042194753171   
  7902.5   0.10729743195150768  
  7903.5   0.10729064134622458  
  7904.5   0.10728385639857814  
  7905.5   0.10727706837030156  
  7906.5   0.1072702859971889   
  7907.5   0.10726350054428929  
  7908.5   0.10725672074408266  
  7909.5   0.10724993786493194  
  7910.5   0.107243160636005    
  7911.5   0.10723638469169498  
  7912.5   0.10722960566970446  
  7913.5   0.10722283229423762  
  7914.5   0.10721605584193233  
  7915.5   0.10720928503368597  
  7916.5   0.10720251114944288  
  7917.5   0.1071957429067957   
  7918.5   0.10718897158899318  
  7919.5   0.10718220591032533  
  7920.5   0.10717544151262778  
  7921.5   0.10716867404103625  
  7922.5   0.10716191220489119  
  7923.5   0.10715514729569274  
  7924.5   0.10714838801948388  
  7925.5   0.10714162567106189  
  7926.5   0.1071348689531744   
  7927.5   0.10712810916391369  
  7928.5   0.10712135500273412  
  7929.5   0.10711460211889273  
  7930.5   0.1071078461649373   
  7931.5   0.10710109583538664  
  7932.5   0.10709434243656103  
  7933.5   0.10708759465969123  
  7934.5   0.10708084381438526  
  7935.5   0.10707409858858784  
  7936.5   0.10706735029519274  
  7937.5   0.1070606076188607   
  7938.5   0.10705386621624913  
  7939.5   0.1070471217472968   
  7940.5   0.10704038289174297  
  7941.5   0.10703364097068604  
  7942.5   0.10702690466058645  
  7943.5   0.10702016528582109  
  7944.5   0.10701343151957367  
  7945.5   0.10700669468949747  
  7946.5   0.10699996346550156  
  7947.5   0.1069932335116227   
  7948.5   0.10698650049516985  
  7949.5   0.1069797730811444   
  7950.5   0.10697304260538112  
  7951.5   0.10696631772961193  
  7952.5   0.10695958979294076  
  7953.5   0.10695286745383208  
  7954.5   0.10694614205465698  
  7955.5   0.10693942225061445  
  7956.5   0.10693269938734073  
  7957.5   0.10692598211677146  
  7958.5   0.10691926611193445  
  7959.5   0.10691254704911829  
  7960.5   0.10690583357536801  
  7961.5   0.10689911704447298  
  7962.5   0.10689240610021998  
  7963.5   0.10688569209965633  
  7964.5   0.10687898368331257  
  7965.5   0.1068722722114919   
  7966.5   0.10686556632147075  
  7967.5   0.10685886169361007  
  7968.5   0.10685215401152234  
  7969.5   0.10684545190760716  
  7970.5   0.10683874675029789  
  7971.5   0.10683204716874507  
  7972.5   0.10682534453463076  
  7973.5   0.10681864747385852  
  7974.5   0.1068119473613571   
  7975.5   0.10680525281978505  
  7976.5   0.10679855953681573  
  7977.5   0.10679186320336494  
  7978.5   0.10678517243722808  
  7979.5   0.10677847862144127  
  7980.5   0.10677179037055998  
  7981.5   0.10676509907085988  
  7982.5   0.10675841333365862  
  7983.5   0.10675172454846937  
  7984.5   0.10674504132337398  
  7985.5   0.10673835935333763  
  7986.5   0.10673167433655883  
  7987.5   0.10672499487626995  
  7988.5   0.10671831237006865  
  7989.5   0.10671163541795654  
  7990.5   0.10670495542076172  
  7991.5   0.10669828097525703  
  7992.5   0.10669160348549904  
  7993.5   0.10668493154503385  
  7994.5   0.10667826085609794  
  7995.5   0.10667158712415208  
  7996.5   0.10666491893790656  
  7997.5   0.10665824770947963  
  7998.5   0.10665158202435993  
  7999.5   0.10664491329788708  
  8000.5   0.10663825011233007  
  8001.5   0.10663158388624784  
  8002.5   0.1066249231986917   
  8003.5   0.10661826375914903  
  8004.5   0.1066116012803223   
  8005.5   0.1066049443364406   
  8006.5   0.10659828435410201  
  8007.5   0.10659162990432296  
  8008.5   0.1065849724169138   
  8009.5   0.10657832045968034  
  8010.5   0.10657166546564327  
  8011.5   0.10656501599939976  
  8012.5   0.10655836777766765  
  8013.5   0.10655171652037093  
  8014.5   0.10654507078729808  
  8015.5   0.10653842201948628  
  8016.5   0.10653177877352042  
  8017.5   0.10652513249364098  
  8018.5   0.1065184917332312   
  8019.5   0.10651184793973288  
  8020.5   0.10650520966332963  
  8021.5   0.10649857262794948  
  8022.5   0.10649193256071761  
  8023.5   0.10648529800702243  
  8024.5   0.10647866042229978  
  8025.5   0.1064720283487434   
  8026.5   0.10646539324498346  
  8027.5   0.10645876365002103  
  8028.5   0.10645213102567866  
  8029.5   0.10644550390776672  
  8030.5   0.1064388737612981   
  8031.5   0.1064322491188945   
  8032.5   0.10642562571326906  
  8033.5   0.10641899928032113  
  8034.5   0.1064123783478936   
  8035.5   0.10640575438896603  
  8036.5   0.10639913592819762  
  8037.5   0.10639251444175134  
  8038.5   0.1063858984511046   
  8039.5   0.10637927943560183  
  8040.5   0.10637266591354068  
  8041.5   0.10636605362479967  
  8042.5   0.10635943831243465  
  8043.5   0.1063528284899778   
  8044.5   0.10634621564471798  
  8045.5   0.10633960828701257  
  8046.5   0.10633299790732488  
  8047.5   0.10632639301283943  
  8048.5   0.10631978509719212  
  8049.5   0.10631318266439656  
  8050.5   0.10630658146147666  
  8051.5   0.10629997723862475  
  8052.5   0.10629337849510233  
  8053.5   0.10628677673246749  
  8054.5   0.10628018044681575  
  8055.5   0.10627358114287089  
  8056.5   0.1062669873135644   
  8057.5   0.10626039046678376  
  8058.5   0.1062537990922984   
  8059.5   0.10624720894425767  
  8060.5   0.10624061577997047  
  8061.5   0.10623402808446741  
  8062.5   0.10622743737353604  
  8063.5   0.10622085212904982  
  8064.5   0.10621426386995313  
  8065.5   0.10620768107496427  
  8066.5   0.10620109526618246  
  8067.5   0.10619451491917276  
  8068.5   0.10618793579519002  
  8069.5   0.10618135365863993  
  8070.5   0.10617477698036182  
  8071.5   0.10616819729033306  
  8072.5   0.10616162305624467  
  8073.5   0.10615504581122204  
  8074.5   0.10614847401980979  
  8075.5   0.1061418992182794   
  8076.5   0.10613532986803105  
  8077.5   0.10612876173740533  
  8078.5   0.10612219059788489  
  8079.5   0.10611562490615734  
  8080.5   0.10610905620635037  
  8081.5   0.10610249295201203  
  8082.5   0.10609592669040924  
  8083.5   0.1060893658719524   
  8084.5   0.10608280204704577  
  8085.5   0.10607624366296407  
  8086.5   0.10606968649511393  
  8087.5   0.10606312632203527  
  8088.5   0.10605657158630337  
  8089.5   0.10605001384615682  
  8090.5   0.10604346154104005  
  8091.5   0.10603690623232218  
  8092.5   0.1060303563563187   
  8093.5   0.10602380347752736  
  8094.5   0.10601725602913667  
  8095.5   0.10601070979359964  
  8096.5   0.10600416055649388  
  8097.5   0.10599761674632151  
  8098.5   0.10599106993539284  
  8099.5   0.10598452854908787  
  8100.5   0.10597798416283871  
  8101.5   0.10597144519890513  
  8102.5   0.10596490323583918  
  8103.5   0.10595836669278227  
  8104.5   0.10595182715140451  
  8105.5   0.10594529302773091  
  8106.5   0.1059387601128002   
  8107.5   0.10593222420076517  
  8108.5   0.10592569370298031  
  8109.5   0.10591916020890181  
  8110.5   0.1059126321267726   
  8111.5   0.10590610104916014  
  8112.5   0.10589957538119768  
  8113.5   0.10589304671856203  
  8114.5   0.1058865234632787   
  8115.5   0.10588000141338948  
  8116.5   0.10587347637004142  
  8117.5   0.10586695673060256  
  8118.5   0.10586043409851414  
  8119.5   0.10585391686804121  
  8120.5   0.10584739664572773  
  8121.5   0.10584088182273761  
  8122.5   0.1058343640087156   
  8123.5   0.10582785159172645  
  8124.5   0.10582134037679551  
  8125.5   0.10581482617204495  
  8126.5   0.10580831736089483  
  8127.5   0.10580180556073293  
  8128.5   0.10579529915188497  
  8129.5   0.10578878975483277  
  8130.5   0.10578228574680958  
  8131.5   0.10577577875138938  
  8132.5   0.10576927714271481  
  8133.5   0.10576277673277554  
  8134.5   0.1057562733366494   
  8135.5   0.1057497753238472   
  8136.5   0.10574327432566458  
  8137.5   0.10573677870852652  
  8138.5   0.10573028010681415  
  8139.5   0.10572378688386855  
  8140.5   0.10571729067715446  
  8141.5   0.10571079984693088  
  8142.5   0.1057043102121325   
  8143.5   0.10569781759477365  
  8144.5   0.10569133035049429  
  8145.5   0.10568484012445949  
  8146.5   0.1056783552692319   
  8147.5   0.10567186743305358  
  8148.5   0.10566538496541175  
  8149.5   0.1056588995176236   
  8150.5   0.10565241943610282  
  8151.5   0.1056459405467099   
  8152.5   0.10563945867837654  
  8153.5   0.10563298217291013  
  8154.5   0.10562650268930693  
  8155.5   0.10562002856630545  
  8156.5   0.10561355146597046  
  8157.5   0.10560707972397355  
  8158.5   0.10560060500544614  
  8159.5   0.10559413564299473  
  8160.5   0.10558766746938661  
  8161.5   0.10558119632045172  
  8162.5   0.10557473052420303  
  8163.5   0.10556826175342982  
  8164.5   0.10556179833308459  
  8165.5   0.10555533193901674  
  8166.5   0.10554887089312028  
  8167.5   0.10554240687430277  
  8168.5   0.10553594820140158  
  8169.5   0.10552949071407176  
  8170.5   0.10552303025502253  
  8171.5   0.10551657513851034  
  8172.5   0.1055101170510796   
  8173.5   0.10550366430393471  
  8174.5   0.10549720858667175  
  8175.5   0.10549075820744504  
  8176.5   0.10548430485890044  
  8177.5   0.10547785684614405  
  8178.5   0.10547140586486961  
  8179.5   0.10546496021713689  
  8180.5   0.10545851575099352  
  8181.5   0.10545206831753122  
  8182.5   0.10544562621424412  
  8183.5   0.10543918114443716  
  8184.5   0.1054327414025628   
  8185.5   0.10542629869496735  
  8186.5   0.10541986131306338  
  8187.5   0.1054134209662368   
  8188.5   0.10540698594286219  
  8189.5   0.1054005520978329   
  8190.5   0.10539411528907795  
  8191.5   0.10538768380041892  
  8192.5   0.10538124934883195  
  8193.5   0.10537482021510516  
  8194.5   0.1053683881192478   
  8195.5   0.10536196133901651  
  8196.5   0.1053555315974517   
  8197.5   0.10534910716928035  
  8198.5   0.10534268391622273  
  8199.5   0.1053362577030265   
  8200.5   0.10532983679987805  
  8201.5   0.10532341293738723  
  8202.5   0.10531699438271543  
  8203.5   0.10531057286949727  
  8204.5   0.10530415666187087  
  8205.5   0.10529773749649377  
  8206.5   0.10529132363448272  
  8207.5   0.10528491094436626  
  8208.5   0.10527849529769186  
  8209.5   0.10527208495104819  
  8210.5   0.10526567164864149  
  8211.5   0.10525926364404363  
  8212.5   0.10525285268447733  
  8213.5   0.10524644702049951  
  8214.5   0.10524003840234752  
  8215.5   0.1052336350775652   
  8216.5   0.10522723292147056  
  8217.5   0.10522082781239243  
  8218.5   0.10521442799335892  
  8219.5   0.10520802522213542  
  8220.5   0.1052016277387415   
  8221.5   0.1051952273039508   
  8222.5   0.10518883215477616  
  8223.5   0.10518243405499758  
  8224.5   0.10517604123862313  
  8225.5   0.10516964958774178  
  8226.5   0.10516325498744508  
  8227.5   0.10515686566723771  
  8228.5   0.10515047339840711  
  8229.5   0.10514408640745762  
  8230.5   0.10513769646867668  
  8231.5   0.1051313118055702   
  8232.5   0.10512492419542373  
  8233.5   0.10511854185874656  
  8234.5   0.1051121606843801   
  8235.5   0.1051057765641602   
  8236.5   0.105099397714105    
  8237.5   0.10509301591898706  
  8238.5   0.10508663939183241  
  8239.5   0.10508025992040543  
  8240.5   0.10507388571474185  
  8241.5   0.10506750856559602  
  8242.5   0.10506113668001522  
  8243.5   0.10505476595357494  
  8244.5   0.10504839228483683  
  8245.5   0.10504202387636934  
  8246.5   0.10503565252639337  
  8247.5   0.10502928643449337  
  8248.5   0.10502291740187392  
  8249.5   0.10501655362513729  
  8250.5   0.10501018690846992  
  8251.5   0.10500382544549376  
  8252.5   0.10499746104337523  
  8253.5   0.1049911018927578   
  8254.5   0.10498474389742256  
  8255.5   0.10497838296412686  
  8256.5   0.10497202727905018  
  8257.5   0.10496566865680068  
  8258.5   0.10495931528058382  
  8259.5   0.10495295896798146  
  8260.5   0.10494660789922683  
  8261.5   0.10494025389487371  
  8262.5   0.10493390513218494  
  8263.5   0.10492755752163493  
  8264.5   0.10492120697666621  
  8265.5   0.1049148616700899   
  8266.5   0.10490851342988113  
  8267.5   0.10490217042588504  
  8268.5   0.10489582448904247  
  8269.5   0.10488948378623436  
  8270.5   0.1048831401513654   
  8271.5   0.10487680174835422  
  8272.5   0.10487046449435034  
  8273.5   0.10486412430946332  
  8274.5   0.10485778935317214  
  8275.5   0.1048514514667827   
  8276.5   0.10484511880681607  
  8277.5   0.10483878321753577  
  8278.5   0.10483245285250675  
  8279.5   0.10482611955894829  
  8280.5   0.10481979148747109  
  8281.5   0.1048134645618816   
  8282.5   0.10480713470893835  
  8283.5   0.10480081007482439  
  8284.5   0.10479448251414016  
  8285.5   0.10478816017011884  
  8286.5   0.10478183490031044  
  8287.5   0.1047755148450001   
  8288.5   0.10476919186468553  
  8289.5   0.1047628740967056   
  8290.5   0.10475655747150567  
  8291.5   0.10475023792247513  
  8292.5   0.10474392358253723  
  8293.5   0.10473760631955083  
  8294.5   0.10473129426349731  
  8295.5   0.10472497928517711  
  8296.5   0.10471866951163153  
  8297.5   0.10471235681660077  
  8298.5   0.10470604932418784  
  8299.5   0.10469974297145894  
  8300.5   0.10469343369841644  
  8301.5   0.10468712962475964  
  8302.5   0.10468082263156994  
  8303.5   0.10467452083561281  
  8304.5   0.10466821612090323  
  8305.5   0.10466191660127452  
  8306.5   0.10465561416367349  
  8307.5   0.1046493169190031   
  8308.5   0.10464302081093259  
  8309.5   0.10463672178605926  
  8310.5   0.10463042795089432  
  8311.5   0.10462413119970593  
  8312.5   0.10461783963607936  
  8313.5   0.10461154515720841  
  8314.5   0.10460525586375415  
  8315.5   0.10459896365583428  
  8316.5   0.10459267663118743  
  8317.5   0.1045863907400679   
  8318.5   0.1045801019356502   
  8319.5   0.1045738183112931   
  8320.5   0.10456753177441581  
  8321.5   0.10456125041545908  
  8322.5   0.10455496614475987  
  8323.5   0.1045486870498426   
  8324.5   0.10454240504396028  
  8325.5   0.10453612821172277  
  8326.5   0.10452984846929726  
  8327.5   0.10452357389838086  
  8328.5   0.10451730045725224  
  8329.5   0.10451102410710054  
  8330.5   0.10450475292525749  
  8331.5   0.1044984788351677   
  8332.5   0.10449220991125448  
  8333.5   0.10448593807987054  
  8334.5   0.10447967141253253  
  8335.5   0.10447340183849953  
  8336.5   0.10446713742638324  
  8337.5   0.10446087414100788  
  8338.5   0.10445460795010049  
  8339.5   0.104448346917919    
  8340.5   0.10444208298098043  
  8341.5   0.10443582420064217  
  8342.5   0.10442956251632146  
  8343.5   0.10442330598647692  
  8344.5   0.1044170465534243   
  8345.5   0.1044107922727251   
  8346.5   0.10440453911573154  
  8347.5   0.10439828305669079  
  8348.5   0.10439203214682233  
  8349.5   0.10438577833568029  
  8350.5   0.1043795296715914   
  8351.5   0.10437327810700224  
  8352.5   0.1043670316873485   
  8353.5   0.10436078236796748  
  8354.5   0.10435453819140558  
  8355.5   0.10434829513552549  
  8356.5   0.10434204918107688  
  8357.5   0.10433580836627601  
  8358.5   0.1043295646536789   
  8359.5   0.10432332607861676  
  8360.5   0.10431708460653033  
  8361.5   0.10431084826986757  
  8362.5   0.10430460903695217  
  8363.5   0.10429837493735054  
  8364.5   0.10429214195541822  
  8365.5   0.10428590607839004  
  8366.5   0.10427967533151378  
  8367.5   0.10427344169031258  
  8368.5   0.10426721317715698  
  8369.5   0.10426098177044701  
  8370.5   0.10425475548967773  
  8371.5   0.10424852631612437  
  8372.5   0.10424230226640818  
  8373.5   0.10423607933136012  
  8374.5   0.10422985350468274  
  8375.5   0.10422363279869028  
  8376.5   0.10421740920183802  
  8377.5   0.1042111907235707   
  8378.5   0.10420496935521284  
  8379.5   0.10419875310334138  
  8380.5   0.10419253396214831  
  8381.5   0.10418631993534447  
  8382.5   0.10418010702021886  
  8383.5   0.10417389121692437  
  8384.5   0.10416768052487639  
  8385.5   0.1041614669454277   
  8386.5   0.1041552584751319   
  8387.5   0.10414904711820329  
  8388.5   0.10414284086833533  
  8389.5   0.10413663173260217  
  8390.5   0.10413042770183883  
  8391.5   0.10412422477977505  
  8392.5   0.10411801897299675  
  8393.5   0.10411181826805503  
  8394.5   0.10410561467916564  
  8395.5   0.10409941619002552  
  8396.5   0.10409321481770428  
  8397.5   0.10408701854304639  
  8398.5   0.1040808193859736   
  8399.5   0.10407462532447968  
  8400.5   0.10406842838133681  
  8401.5   0.10406223653168968  
  8402.5   0.10405604578711662  
  8403.5   0.10404985216204282  
  8404.5   0.10404366362734307  
  8405.5   0.10403747221290778  
  8406.5   0.1040312858867669   
  8407.5   0.1040250966816554   
  8408.5   0.10401891256276004  
  8409.5   0.10401272556565867  
  8410.5   0.10400654365269664  
  8411.5   0.10400036284185471  
  8412.5   0.10399417915395297  
  8413.5   0.10398800054707823  
  8414.5   0.10398181906390755  
  8415.5   0.10397564265969048  
  8416.5   0.10396946337994104  
  8417.5   0.10396328917707322  
  8418.5   0.10395711209943628  
  8419.5   0.10395094009661039  
  8420.5   0.10394476919296171  
  8421.5   0.10393859541568809  
  8422.5   0.10393242671012258  
  8423.5   0.10392625513169464  
  8424.5   0.10392008862290764  
  8425.5   0.10391391924202044  
  8426.5   0.10390775492870843  
  8427.5   0.10390158774405815  
  8428.5   0.10389542562491869  
  8429.5   0.10388926460202454  
  8430.5   0.10388310070893426  
  8431.5   0.1038769418782612   
  8432.5   0.1038707801781532   
  8433.5   0.10386462353840147  
  8434.5   0.10385846402997567  
  8435.5   0.10385230957984658  
  8436.5   0.10384615226180402  
  8437.5   0.10384              
  8438.5   0.10383384883152029  
  8439.5   0.1038276947962673   
  8440.5   0.10382154581416847  
  8441.5   0.10381539396605619  
  8442.5   0.10380924716904333  
  8443.5   0.10380309750677658  
  8444.5   0.10379695289355585  
  8445.5   0.10379080541584047  
  8446.5   0.10378466298511914  
  8447.5   0.10377852164481201  
  8448.5   0.10377237744114841  
  8449.5   0.10376623828140372  
  8450.5   0.10376009625906106  
  8451.5   0.10375395927858873  
  8452.5   0.10374781943627662  
  8453.5   0.1037416846337876   
  8454.5   0.10373554697021674  
  8455.5   0.10372941434442312  
  8456.5   0.10372328280614444  
  8457.5   0.1037171484079201   
  8458.5   0.10371101904440706  
  8459.5   0.10370488682170555  
  8460.5   0.10369875963167288  
  8461.5   0.10369262958320859  
  8462.5   0.10368650456537205  
  8463.5   0.10368037668986048  
  8464.5   0.10367425384293691  
  8465.5   0.1036681320806398   
  8466.5   0.10366200746180185  
  8467.5   0.10365588786849517  
  8468.5   0.10364976541940346  
  8469.5   0.10364364799380667  
  8470.5   0.10363752771318042  
  8471.5   0.10363141245401405  
  8472.5   0.10362529434057349  
  8473.5   0.10361918124655917  
  8474.5   0.10361306923429357  
  8475.5   0.10360695436888598  
  8476.5   0.10360084451985699  
  8477.5   0.10359473181844053  
  8478.5   0.1035886241313724   
  8479.5   0.10358251359267102  
  8480.5   0.10357640806628904  
  8481.5   0.10357029968902771  
  8482.5   0.10356419632205822  
  8483.5   0.10355809010496303  
  8484.5   0.10355198889613342  
  8485.5   0.10354588876554974  
  8486.5   0.10353978578597015  
  8487.5   0.1035336878116196   
  8488.5   0.10352758698902606  
  8489.5   0.10352149116963867  
  8490.5   0.10351539250276089  
  8491.5   0.10350929883706772  
  8492.5   0.10350320232463646  
  8493.5   0.10349711081136961  
  8494.5   0.10349102037349463  
  8495.5   0.10348492709000934  
  8496.5   0.103478838802661    
  8497.5   0.10347274767045392  
  8498.5   0.10346666153236694  
  8499.5   0.10346057255017252  
  8500.5   0.10345448856008267  
  8501.5   0.10344840172663636  
  8502.5   0.10344231988328043  
  8503.5   0.10343623911247284  
  8504.5   0.10343015549943457  
  8505.5   0.10342407687346825  
  8506.5   0.10341799540602153  
  8507.5   0.10341191892363588  
  8508.5   0.1034058396005198   
  8509.5   0.10339976526045526  
  8510.5   0.10339368808040995  
  8511.5   0.10338761588140798  
  8512.5   0.10338154475212133  
  8513.5   0.10337547078397775  
  8514.5   0.10336940179386803  
  8515.5   0.10336332996565031  
  8516.5   0.10335726311346155  
  8517.5   0.10335119342391348  
  8518.5   0.10334512870839078  
  8519.5   0.10333906115625714  
  8520.5   0.10333299857614663  
  8521.5   0.10332693706292888  
  8522.5   0.10332087271422204  
  8523.5   0.10331481333453779  
  8524.5   0.10330875112011208  
  8525.5   0.10330269387271     
  8526.5   0.10329663379131382  
  8527.5   0.10329057867494365  
  8528.5   0.1032845207253264   
  8529.5   0.10327846773873887  
  8530.5   0.10327241581623199  
  8531.5   0.10326636106159791  
  8532.5   0.10326031126700191  
  8533.5   0.10325425864102504  
  8534.5   0.10324821097309322  
  8535.5   0.10324216047452657  
  8536.5   0.10323611493201326  
  8537.5   0.10323006655961085  
  8538.5   0.1032240231412714   
  8539.5   0.10321798078421082  
  8540.5   0.10321193559837909  
  8541.5   0.10320589536362751  
  8542.5   0.10319985230084977  
  8543.5   0.10319381418716507  
  8544.5   0.10318777324619896  
  8545.5   0.10318173725234006  
  8546.5   0.10317569843194418  
  8547.5   0.10316966455667102  
  8548.5   0.10316363173988531  
  8549.5   0.10315759609767854  
  8550.5   0.10315156539762055  
  8551.5   0.10314553187288522  
  8552.5   0.10313950328831743  
  8553.5   0.10313347187981571  
  8554.5   0.1031274454095016   
  8555.5   0.10312141611599668  
  8556.5   0.10311539175870074  
  8557.5   0.10310936457895681  
  8558.5   0.10310334233344454  
  8559.5   0.10309732114302184  
  8560.5   0.10309129713126475  
  8561.5   0.10308527805077605  
  8562.5   0.10307925614969508  
  8563.5   0.10307323917790842  
  8564.5   0.1030672193862713   
  8565.5   0.10306120452195572  
  8566.5   0.10305518683853118  
  8567.5   0.1030491740804567   
  8568.5   0.10304316237470308  
  8569.5   0.10303714785095217  
  8570.5   0.10303113824959678  
  8571.5   0.1030251258309849   
  8572.5   0.10301911833280031  
  8573.5   0.10301310801809974  
  8574.5   0.10300710262185946  
  8575.5   0.10300109440984342  
  8576.5   0.10299509111432205  
  8577.5   0.10298908886836299  
  8578.5   0.10298308380773785  
  8579.5   0.10297708366066158  
  8580.5   0.10297108069965873  
  8581.5   0.10296508265024225  
  8582.5   0.10295908178763842  
  8583.5   0.10295308583465981  
  8584.5   0.10294708706923279  
  8585.5   0.10294109321147107  
  8586.5   0.10293510040052328  
  8587.5   0.10292910477823482  
  8588.5   0.10292311406067453  
  8589.5   0.1029171205325118   
  8590.5   0.10291113190712058  
  8591.5   0.1029051404718648   
  8592.5   0.10289915393742514  
  8593.5   0.10289316459385855  
  8594.5   0.10288718014915398  
  8595.5   0.10288119674852496  
  8596.5   0.10287521053987482  
  8597.5   0.10286922922715819  
  8598.5   0.10286324510715736  
  8599.5   0.10285726588113911  
  8600.5   0.10285128384857328  
  8601.5   0.10284530670804039  
  8602.5   0.10283932676169624  
  8603.5   0.10283335170543666  
  8604.5   0.1028273776905243   
  8605.5   0.10282140087090455  
  8606.5   0.10281542893844949  
  8607.5   0.10280945420202266  
  8608.5   0.1028034843508153   
  8609.5   0.10279751169637154  
  8610.5   0.10279154392520329  
  8611.5   0.1027855733515337   
  8612.5   0.10277960765919697  
  8613.5   0.10277364300548911  
  8614.5   0.1027676755503818   
  8615.5   0.10276171297369606  
  8616.5   0.1027557475963452   
  8617.5   0.10274978709547643  
  8618.5   0.10274382379467659  
  8619.5   0.1027378653684206   
  8620.5   0.10273190414296729  
  8621.5   0.10272594779012088  
  8622.5   0.10271999247319487  
  8623.5   0.10271403435817157  
  8624.5   0.10270808111285236  
  8625.5   0.1027021250701689   
  8626.5   0.10269617389525573  
  8627.5   0.10269021992371104  
  8628.5   0.10268427081800412  
  8629.5   0.10267831891639817  
  8630.5   0.10267237187869867  
  8631.5   0.10266642204583232  
  8632.5   0.10266047707494239  
  8633.5   0.10265453313667595  
  8634.5   0.10264858640434033  
  8635.5   0.1026426445310887   
  8636.5   0.10263669986449937  
  8637.5   0.10263076005506715  
  8638.5   0.10262481745302843  
  8639.5   0.10261887970622116  
  8640.5   0.10261293916753829  
  8641.5   0.1026070034821625   
  8642.5   0.10260106882672365  
  8643.5   0.1025951313805049   
  8644.5   0.1025891987847093   
  8645.5   0.10258326339886399  
  8646.5   0.10257733286152058  
  8647.5   0.10257139953485736  
  8648.5   0.10256547105477602  
  8649.5   0.10255953978610452  
  8650.5   0.10255361336209612  
  8651.5   0.10254768796534787  
  8652.5   0.10254175978110325  
  8653.5   0.10253583643864622  
  8654.5   0.10252991030942173  
  8655.5   0.10252398902006918  
  8656.5   0.1025180649446778   
  8657.5   0.10251214570724394  
  8658.5   0.10250622368449962  
  8659.5   0.10250030649779966  
  8660.5   0.1024943903356928   
  8661.5   0.10248847138936734  
  8662.5   0.1024825572762191   
  8663.5   0.10247664037957992  
  8664.5   0.1024707283142079   
  8665.5   0.1024648134660723   
  8666.5   0.10245890344729501  
  8667.5   0.10245299064648121  
  8668.5   0.10244708267311814  
  8669.5   0.10244117572169083  
  8670.5   0.10243526598931692  
  8671.5   0.10242936108153501  
  8672.5   0.1024234533935329   
  8673.5   0.10241755052821826  
  8674.5   0.10241164488340952  
  8675.5   0.10240574405938498  
  8676.5   0.1023998404565921   
  8677.5   0.1023939416726814   
  8678.5   0.10238804390805871  
  8679.5   0.10238214336575577  
  8680.5   0.10237624763948454  
  8681.5   0.10237034913625816  
  8682.5   0.10236445544716453  
  8683.5   0.10235855898184054  
  8684.5   0.10235266732875156  
  8685.5   0.10234677290015678  
  8686.5   0.10234088328190052  
  8687.5   0.10233499468029413  
  8688.5   0.10232910330426806  
  8689.5   0.10232321673573835  
  8690.5   0.10231732739351279  
  8691.5   0.10231144285689016  
  8692.5   0.10230555554729522  
  8693.5   0.10229967304141098  
  8694.5   0.10229378776327767  
  8695.5   0.10228790728696409  
  8696.5   0.1022820278246718   
  8697.5   0.1022761455912147   
  8698.5   0.10227026815674341  
  8699.5   0.10226438795182988  
  8700.5   0.1022585125440142   
  8701.5   0.10225263436647855  
  8702.5   0.10224676098415404  
  8703.5   0.10224088483283154  
  8704.5   0.10223501347483469  
  8705.5   0.10222913934856158  
  8706.5   0.10222327001372977  
  8707.5   0.10221740168971943  
  8708.5   0.10221153059851479  
  8709.5   0.10220566429592759  
  8710.5   0.10219979522686709  
  8711.5   0.10219393094454281  
  8712.5   0.10218806389646592  
  8713.5   0.10218220163324523  
  8714.5   0.1021763366049924   
  8715.5   0.10217047635971688  
  8716.5   0.10216461712265533  
  8717.5   0.10215875512164167  
  8718.5   0.10215289790078969  
  8719.5   0.10214703791670535  
  8720.5   0.10214118271090686  
  8721.5   0.1021353247425955   
  8722.5   0.10212947155069539  
  8723.5   0.10212361559700159  
  8724.5   0.10211776441784565  
  8725.5   0.10211191424430553  
  8726.5   0.10210606131004989  
  8727.5   0.10210021314752456  
  8728.5   0.1020943622250022   
  8729.5   0.10208851607233978  
  8730.5   0.10208266716039853  
  8731.5   0.10207682301644803  
  8732.5   0.10207097611393665  
  8733.5   0.10206513397754806  
  8734.5   0.10205929284418654  
  8735.5   0.10205344895334038  
  8736.5   0.10204760982581759  
  8737.5   0.1020417679415274   
  8738.5   0.10203593081869561  
  8739.5   0.10203009093981337  
  8740.5   0.10202425582052575  
  8741.5   0.10201841794590437  
  8742.5   0.10201258482901501  
  8743.5   0.10200675271257331  
  8744.5   0.10200091784187221  
  8745.5   0.10199508772611182  
  8746.5   0.10198925485680801  
  8747.5   0.10198342674058533  
  8748.5   0.10197759587153493  
  8749.5   0.10197176975370725  
  8750.5   0.10196594088376727  
  8751.5   0.10196011676319282  
  8752.5   0.10195429364049584  
  8753.5   0.10194846776675907  
  8754.5   0.10194264663960455  
  8755.5   0.10193682276212496  
  8756.5   0.10193100362937338  
  8757.5   0.10192518174701115  
  8758.5   0.1019193646075239   
  8759.5   0.10191354471914021  
  8760.5   0.10190772957177961  
  8761.5   0.10190191541973562  
  8762.5   0.10189609851986578  
  8763.5   0.10189028635824379  
  8764.5   0.10188447144950945  
  8765.5   0.10187866127717407  
  8766.5   0.10187284835843954  
  8767.5   0.10186704017425628  
  8768.5   0.10186122924438677  
  8769.5   0.101855423047222    
  8770.5   0.1018496178428221   
  8771.5   0.10184380989380469  
  8772.5   0.10183800667472477  
  8773.5   0.1018322007117396   
  8774.5   0.10182639947684831  
  8775.5   0.10182059549876372  
  8776.5   0.10181479624693064  
  8777.5   0.10180899425261593  
  8778.5   0.10180319698271151  
  8779.5   0.10179739697103686  
  8780.5   0.10179160168193248  
  8781.5   0.10178580738248658  
  8782.5   0.10178001034233691  
  8783.5   0.10177421802199996  
  8784.5   0.10176842296166995  
  8785.5   0.10176263261931554  
  8786.5   0.10175683953767853  
  8787.5   0.1017510511721812   
  8788.5   0.10174526006811138  
  8789.5   0.10173947367834651  
  8790.5   0.10173368827570868  
  8791.5   0.10172790013556297  
  8792.5   0.10172211670697255  
  8793.5   0.10171633054158376  
  8794.5   0.10171054908591844  
  8795.5   0.1017047648941639   
  8796.5   0.10169898541030219  
  8797.5   0.10169320319106019  
  8798.5   0.10168742567788151  
  8799.5   0.10168164914930747  
  8800.5   0.10167586988641587  
  8801.5   0.10167009532684586  
  8802.5   0.10166431803366653  
  8803.5   0.1016585454419822   
  8804.5   0.10165277011739651  
  8805.5   0.1016469994924804   
  8806.5   0.10164122613537062  
  8807.5   0.10163545747610618  
  8808.5   0.10162968979893298  
  8809.5   0.10162391939062698  
  8810.5   0.10161815367743243  
  8811.5   0.10161238523381207  
  8812.5   0.10160662148348182  
  8813.5   0.10160085500343248  
  8814.5   0.10159509321485305  
  8815.5   0.10158932869726095  
  8816.5   0.10158356886931977  
  8817.5   0.10157781002096543  
  8818.5   0.10157204844465746  
  8819.5   0.10156629155527432  
  8820.5   0.10156053193864331  
  8821.5   0.10155477700712098  
  8822.5   0.10154901934905627  
  8823.5   0.10154326637428529  
  8824.5   0.10153751067367713  
  8825.5   0.10153175965454884  
  8826.5   0.10152600961251192  
  8827.5   0.101520256845695    
  8828.5   0.10151450875763969  
  8829.5   0.10150875794550891  
  8830.5   0.1015030118103288   
  8831.5   0.10149726295177744  
  8832.5   0.10149151876836697  
  8833.5   0.10148577186228924  
  8834.5   0.10148002962954376  
  8835.5   0.10147428837140304  
  8836.5   0.10146854439165041  
  8837.5   0.1014628050825195   
  8838.5   0.10145706305247995  
  8839.5   0.10145132569125635  
  8840.5   0.10144558560982714  
  8841.5   0.10143985019540924  
  8842.5   0.10143411206148849  
  8843.5   0.10142837859277555  
  8844.5   0.10142264609618967  
  8845.5   0.10141691088115441  
  8846.5   0.10141118032862419  
  8847.5   0.10140544705834667  
  8848.5   0.10139971844877356  
  8849.5   0.10139398712215494  
  8850.5   0.10138826045444126  
  8851.5   0.10138253107038359  
  8852.5   0.10137680634343249  
  8853.5   0.10137107890083866  
  8854.5   0.10136535611355421  
  8855.5   0.10135963429538039  
  8856.5   0.10135390976261506  
  8857.5   0.10134818988246576  
  8858.5   0.10134246728842553  
  8859.5   0.10133674934520692  
  8860.5   0.10133102868879768  
  8861.5   0.10132531268141685  
  8862.5   0.10131959396154541  
  8863.5   0.10131387988891032  
  8864.5   0.10130816678292763  
  8865.5   0.10130245096550375  
  8866.5   0.10129673979263049  
  8867.5   0.10129102590901536  
  8868.5   0.10128531666816158  
  8869.5   0.10127960471726502  
  8870.5   0.10127389740734169  
  8871.5   0.10126818738807437  
  8872.5   0.1012624820079933   
  8873.5   0.10125677759211515  
  8874.5   0.10125107046794062  
  8875.5   0.10124536798027421  
  8876.5   0.10123966278500954  
  8877.5   0.10123396222446884  
  8878.5   0.10122825895702771  
  8879.5   0.10122256032252754  
  8880.5   0.1012168589818245   
  8881.5   0.10121116227228048  
  8882.5   0.10120546652449859  
  8883.5   0.10119976807155959  
  8884.5   0.10119407424710915  
  8885.5   0.1011883777181985   
  8886.5   0.10118268581599729  
  8887.5   0.10117699121003253  
  8888.5   0.1011713012289992   
  8889.5   0.10116560854489869  
  8890.5   0.10115992048395275  
  8891.5   0.10115423338233677  
  8892.5   0.10114854357869753  
  8893.5   0.10114285839554996  
  8894.5   0.1011371705110748   
  8895.5   0.10113148724531727  
  8896.5   0.10112580127892759  
  8897.5   0.10112011992948257  
  8898.5   0.10111443588010055  
  8899.5   0.10110875644589136  
  8900.5   0.10110307796858856  
  8901.5   0.10109739679239087  
  8902.5   0.10109172022871063  
  8903.5   0.10108604096683     
  8904.5   0.10108036631569779  
  8905.5   0.10107468896705935  
  8906.5   0.10106901622740143  
  8907.5   0.10106334079093124  
  8908.5   0.10105766996167474  
  8909.5   0.10105200008690964  
  8910.5   0.10104632751637253  
  8911.5   0.10104065955040128  
  8912.5   0.10103498888935132  
  8913.5   0.10102932283110315  
  8914.5   0.10102365407846926  
  8915.5   0.10101798992687426  
  8916.5   0.10101232308158628  
  8917.5   0.10100666083557536  
  8918.5   0.10100099954164933  
  8919.5   0.1009953355550688   
  8920.5   0.10098967616512496  
  8921.5   0.10098401408321867  
  8922.5   0.10097835659619002  
  8923.5   0.10097269641789071  
  8924.5   0.1009670408327111   
  8925.5   0.10096138255695236  
  8926.5   0.10095572887255648  
  8927.5   0.1009500724982727   
  8928.5   0.10094442071359605  
  8929.5   0.10093876987807454  
  8930.5   0.10093311635370142  
  8931.5   0.10092746741630415  
  8932.5   0.10092181579074586  
  8933.5   0.10091616875041043  
  8934.5   0.1009105190226043   
  8935.5   0.10090487387826914  
  8936.5   0.10089922604715335  
  8937.5   0.10089358279775773  
  8938.5   0.10088794049512959  
  8939.5   0.10088229550675526  
  8940.5   0.10087665509747729  
  8941.5   0.10087101200314248  
  8942.5   0.10086537348615601  
  8943.5   0.10085973228480184  
  8944.5   0.10085409565904901  
  8945.5   0.10084845634961735  
  8946.5   0.10084282161404122  
  8947.5   0.10083718782285327  
  8948.5   0.10083155134901911  
  8949.5   0.10082591944642405  
  8950.5   0.10082028486187096  
  8951.5   0.10081465484681382  
  8952.5   0.10080902215048658  
  8953.5   0.10080339402191325  
  8954.5   0.10079776321275748  
  8955.5   0.10079213696961468  
  8956.5   0.10078651166848918  
  8957.5   0.10078088368781209  
  8958.5   0.10077526027053889  
  8959.5   0.10076963417440107  
  8960.5   0.10076401263992894  
  8961.5   0.10075838842727892  
  8962.5   0.10075276877455745  
  8963.5   0.10074714644434452  
  8964.5   0.10074152867232411  
  8965.5   0.10073591183995839  
  8966.5   0.1007302923311303   
  8967.5   0.10072467737789298  
  8968.5   0.10071905974887904  
  8969.5   0.10071344667372255  
  8970.5   0.10070783092347496  
  8971.5   0.10070221972535255  
  8972.5   0.10069660585282433  
  8973.5   0.10069099653069012  
  8974.5   0.1006853881458563   
  8975.5   0.10067977708764396  
  8976.5   0.10067417057723116  
  8977.5   0.1006685613941244   
  8978.5   0.10066295675708875  
  8979.5   0.10065734944804347  
  8980.5   0.10065174668334191  
  8981.5   0.10064614124731476  
  8982.5   0.10064054035390502  
  8983.5   0.10063494039544962  
  8984.5   0.10062933776669417  
  8985.5   0.10062373967796892  
  8986.5   0.10061813891962701  
  8987.5   0.10061254269959169  
  8988.5   0.10060694381062284  
  8989.5   0.10060134945823805  
  8990.5   0.10059575243760259  
  8991.5   0.10059015995182971  
  8992.5   0.10058456839867336  
  8993.5   0.10057897417829004  
  8994.5   0.10057338449018938  
  8995.5   0.10056779213554397  
  8996.5   0.10056220431146243  
  8997.5   0.10055661382151809  
  8998.5   0.1005510278604199   
  8999.5   0.10054543923414058  
  9000.5   0.10053985513499077  
  9001.5   0.10053426837134125  
  9002.5   0.10052868613310563  
  9003.5   0.10052310482464025  
  9004.5   0.10051752085269672  
  9005.5   0.10051194140359597  
  9006.5   0.10050635929169785  
  9007.5   0.10050078170092959  
  9008.5   0.10049520144804443  
  9009.5   0.1004896257145773   
  9010.5   0.1004840473196735   
  9011.5   0.10047847344247694  
  9012.5   0.1004729004927309   
  9013.5   0.10046732488256796  
  9014.5   0.10046175378754833  
  9015.5   0.10045618003279137  
  9016.5   0.10045061079146961  
  9017.5   0.1004450388910898   
  9018.5   0.10043947150243814  
  9019.5   0.10043390145540751  
  9020.5   0.10042833591839898  
  9021.5   0.10042277130652934  
  9022.5   0.10041720403729873  
  9023.5   0.10041164127553347  
  9024.5   0.1004060758570856   
  9025.5   0.10040051494439974  
  9026.5   0.1003949513757094   
  9027.5   0.10038939231107877  
  9028.5   0.10038383059112155  
  9029.5   0.10037827337352274  
  9030.5   0.10037271707875929  
  9031.5   0.10036715812968544  
  9032.5   0.10036160368042041  
  9033.5   0.10035604657752221  
  9034.5   0.10035049397273421  
  9035.5   0.10034493871499     
  9036.5   0.10033938795365843  
  9037.5   0.10033383454004735  
  9038.5   0.10032828562115238  
  9039.5   0.10032273762279721  
  9040.5   0.10031718697317696  
  9041.5   0.10031164081573032  
  9042.5   0.10030609200769465  
  9043.5   0.1003005476901387   
  9044.5   0.10029500072266949  
  9045.5   0.10028945824398718  
  9046.5   0.10028391311606712  
  9047.5   0.10027837247524218  
  9048.5   0.10027283275266945  
  9049.5   0.10026729038187167  
  9050.5   0.10026175249563356  
  9051.5   0.10025621196184524  
  9052.5   0.10025067591092741  
  9053.5   0.100245137213134    
  9054.5   0.10023960299652296  
  9055.5   0.10023406613371065  
  9056.5   0.10022853375039363  
  9057.5   0.10022300228304926  
  9058.5   0.10021746817051454  
  9059.5   0.1002119385349467   
  9060.5   0.10020640625486225  
  9061.5   0.10020087845006022  
  9062.5   0.10019534800141498  
  9063.5   0.10018982202636871  
  9064.5   0.10018429340815241  
  9065.5   0.1001787692618527   
  9066.5   0.10017324602925391  
  9067.5   0.10016772015449428  
  9068.5   0.10016219874912985  
  9069.5   0.1001566747022771   
  9070.5   0.10015115512313973  
  9071.5   0.10014563290318632  
  9072.5   0.10014011514926952  
  9073.5   0.1001345947552087   
  9074.5   0.10012907882550674  
  9075.5   0.10012356025633251  
  9076.5   0.10011804614984049  
  9077.5   0.10011253295428356  
  9078.5   0.10010701712026135  
  9079.5   0.10010150574640851  
  9080.5   0.1000959917347615   
  9081.5   0.10009048218160976  
  9082.5   0.10008496999133469  
  9083.5   0.10007946225788182  
  9084.5   0.10007395188797616  
  9085.5   0.10006844597322068  
  9086.5   0.10006294096714605  
  9087.5   0.10005743332562395  
  9088.5   0.10005193013674613  
  9089.5   0.10004642431309076  
  9090.5   0.1000409229404102   
  9091.5   0.10003541893362175  
  9092.5   0.1000299193761397   
  9093.5   0.10002441718521916  
  9094.5   0.10001891944193758  
  9095.5   0.10001342260509045  
  9096.5   0.1000079231358084   
  9097.5   0.10000242811166637  
  9098.5   0.09999693045575818  
  9099.5   0.09999143724332514  
  9100.5   0.09998594139979447  
  9101.5   0.09998044999807515  
  9102.5   0.09997495596592644  
  9103.5   0.09996946637392626  
  9104.5   0.09996397768612186  
  9105.5   0.09995848636888986  
  9106.5   0.0999529994893144   
  9107.5   0.09994750998097893  
  9108.5   0.09994202490863972  
  9109.5   0.09993653720820789  
  9110.5   0.09993105394211309  
  9111.5   0.09992556804859275  
  9112.5   0.09992008658775124  
  9113.5   0.09991460602887457  
  9114.5   0.09990912284357242  
  9115.5   0.09990364408846396  
  9116.5   0.09989816270759648  
  9117.5   0.099892685755267    
  9118.5   0.09988720617784469  
  9119.5   0.09988173102730574  
  9120.5   0.0998762532523399   
  9121.5   0.09987077990260378  
  9122.5   0.0998653074526093   
  9123.5   0.09985983237918625  
  9124.5   0.09985436172851464  
  9125.5   0.09984888845507975  
  9126.5   0.0998434196027452   
  9127.5   0.09983794812831243  
  9128.5   0.09983248107332991  
  9129.5   0.09982701139691393  
  9130.5   0.09982154613829913  
  9131.5   0.09981608177721041  
  9132.5   0.09981061479568483  
  9133.5   0.09980515222948896  
  9134.5   0.09979968704352038  
  9135.5   0.09979422627123499  
  9136.5   0.09978876287984076  
  9137.5   0.09978330390048416  
  9138.5   0.09977784230268236  
  9139.5   0.09977238511527367  
  9140.5   0.09976692882318311  
  9141.5   0.09976146991364222  
  9142.5   0.09975601541202976  
  9143.5   0.09975055829362997  
  9144.5   0.09974510558151663  
  9145.5   0.09973965025327866  
  9146.5   0.09973419932968612  
  9147.5   0.09972874579063146  
  9148.5   0.0997232966545822   
  9149.5   0.09971784841165071  
  9150.5   0.09971239755425028  
  9151.5   0.09970695109739736  
  9152.5   0.09970150202673732  
  9153.5   0.0996960573549873   
  9154.5   0.09969061007009172  
  9155.5   0.09968516718246968  
  9156.5   0.09967972168236343  
  9157.5   0.09967428057789518  
  9158.5   0.09966883686160383  
  9159.5   0.09966339753931597  
  9160.5   0.09965795910746687  
  9161.5   0.09965251806478566  
  9162.5   0.09964708141365836  
  9163.5   0.0996416421523594   
  9164.5   0.09963620728098234  
  9165.5   0.0996307698000938   
  9166.5   0.09962533670749614  
  9167.5   0.09961990100604695  
  9168.5   0.0996144696912586   
  9169.5   0.09960903926472545  
  9170.5   0.09960360623033007  
  9171.5   0.09959817758015264  
  9172.5   0.09959274632277233  
  9173.5   0.09958731944798241  
  9174.5   0.09958188996664864  
  9175.5   0.09957646486627875  
  9176.5   0.0995710371600238   
  9177.5   0.09956561383310716  
  9178.5   0.09956019139226961  
  9179.5   0.09955476634653462  
  9180.5   0.09954934567770173  
  9181.5   0.09954392240462956  
  9182.5   0.0995385035068364   
  9183.5   0.09953308200546189  
  9184.5   0.09952766487774432  
  9185.5   0.09952224514710302  
  9186.5   0.09951682978849757  
  9187.5   0.09951141531380259  
  9188.5   0.09950599823716977  
  9189.5   0.09950058553014327  
  9190.5   0.09949517022183596  
  9191.5   0.09948975928151632  
  9192.5   0.09948434574057266  
  9193.5   0.09947893656599903  
  9194.5   0.09947352479145788  
  9195.5   0.0994681173816701   
  9196.5   0.09946271085363156  
  9197.5   0.09945730172660971  
  9198.5   0.09945189696191832  
  9199.5   0.09944648959889951  
  9200.5   0.09944108659659696  
  9201.5   0.0994356809966226   
  9202.5   0.09943027975575129  
  9203.5   0.09942487591786356  
  9204.5   0.09941947643746661  
  9205.5   0.0994140778366651   
  9206.5   0.09940867663982966  
  9207.5   0.09940327979806875  
  9208.5   0.09939788036092864  
  9209.5   0.09939248527725328  
  9210.5   0.09938708759885323  
  9211.5   0.09938169427230908  
  9212.5   0.09937629835169451  
  9213.5   0.09937090678132798  
  9214.5   0.09936551608841043  
  9215.5   0.09936012280240325  
  9216.5   0.09935473386423446  
  9217.5   0.09934934233362964  
  9218.5   0.0993439551492578   
  9219.5   0.0993385653731033   
  9220.5   0.09933317994157735  
  9221.5   0.09932779191892187  
  9222.5   0.09932240823929146  
  9223.5   0.0993170254349709   
  9224.5   0.09931164004049992  
  9225.5   0.0993062589866509   
  9226.5   0.09930087534330392  
  9227.5   0.0992954960389779   
  9228.5   0.09929011414580619  
  9229.5   0.09928473659005535  
  9230.5   0.09927935644611079  
  9231.5   0.09927398063798802  
  9232.5   0.09926860224232327  
  9233.5   0.0992632281808822   
  9234.5   0.09925785499214636  
  9235.5   0.09925247921684556  
  9236.5   0.09924710777337334  
  9237.5   0.09924173374398727  
  9238.5   0.09923636404483405  
  9239.5   0.09923099176041786  
  9240.5   0.09922562380463978  
  9241.5   0.09922025326424935  
  9242.5   0.09921488705090324  
  9243.5   0.09920952170813942  
  9244.5   0.09920415378173858  
  9245.5   0.09919879017999347  
  9246.5   0.09919342399526133  
  9247.5   0.09918806213359359  
  9248.5   0.09918269768958851  
  9249.5   0.09917733756705745  
  9250.5   0.09917197486283855  
  9251.5   0.09916661647850421  
  9252.5   0.09916125896263638  
  9253.5   0.0991558988660544   
  9254.5   0.09915054308697485  
  9255.5   0.09914518472783002  
  9256.5   0.09913983068460058  
  9257.5   0.09913447406195447  
  9258.5   0.09912912175363764  
  9259.5   0.09912376686655253  
  9260.5   0.09911841629221158  
  9261.5   0.09911306658422861  
  9262.5   0.09910771429844932  
  9263.5   0.09910236632303857  
  9264.5   0.09909701577047923  
  9265.5   0.0990916695267057   
  9266.5   0.09908632070643106  
  9267.5   0.09908097619336047  
  9268.5   0.09907562910443603  
  9269.5   0.09907028632113477  
  9270.5   0.09906494440209011  
  9271.5   0.0990595999081619   
  9272.5   0.09905425971748769  
  9273.5   0.09904891695257657  
  9274.5   0.099043578489341    
  9275.5   0.09903823745251489  
  9276.5   0.09903290071578684  
  9277.5   0.09902756140611438  
  9278.5   0.09902222639496346  
  9279.5   0.09901689224597483  
  9280.5   0.09901155552501043  
  9281.5   0.09900622310020478  
  9282.5   0.09900088810406883  
  9283.5   0.09899555740251748  
  9284.5   0.0989902241302811   
  9285.5   0.09898489515105607  
  9286.5   0.09897956360179103  
  9287.5   0.09897423634396507  
  9288.5   0.09896890994621428  
  9289.5   0.09896358097939044  
  9290.5   0.09895825630164928  
  9291.5   0.09895292905547948  
  9292.5   0.09894760609682245  
  9293.5   0.09894228057038093  
  9294.5   0.09893695932988321  
  9295.5   0.0989316355222449   
  9296.5   0.09892631599898236  
  9297.5   0.09892099733371489  
  9298.5   0.09891567610227212  
  9299.5   0.0989103591528551   
  9300.5   0.09890503963790608  
  9301.5   0.09889972440341714  
  9302.5   0.09889440660403924  
  9303.5   0.09888909308355669  
  9304.5   0.09888377699882794  
  9305.5   0.09887846519143077  
  9306.5   0.09887315082042997  
  9307.5   0.0988678407251979   
  9308.5   0.09886253148542808  
  9309.5   0.09885721968301787  
  9310.5   0.09885191215403412  
  9311.5   0.09884660206305193  
  9312.5   0.09884129624393567  
  9313.5   0.09883598786346268  
  9314.5   0.09883068375329604  
  9315.5   0.0988253770824141   
  9316.5   0.09882007468027988  
  9317.5   0.09881477313154342  
  9318.5   0.09880946902305324  
  9319.5   0.09880416918097484  
  9320.5   0.09879886677978357  
  9321.5   0.09879356864344778  
  9322.5   0.09878826794863965  
  9323.5   0.09878297151713167  
  9324.5   0.09877767252779168  
  9325.5   0.09877237780019742  
  9326.5   0.09876708392394336  
  9327.5   0.09876178749081727  
  9328.5   0.0987564953171072   
  9329.5   0.0987512005871648   
  9330.5   0.09874591011508635  
  9331.5   0.09874061708741504  
  9332.5   0.09873532831605648  
  9333.5   0.09873003698974431  
  9334.5   0.09872474991819465  
  9335.5   0.0987194636959346   
  9336.5   0.09871417491967922  
  9337.5   0.09870889039586296  
  9338.5   0.09870360331869     
  9339.5   0.09869832049240822  
  9340.5   0.0986930351134081   
  9341.5   0.09868775398375217  
  9342.5   0.09868247030201603  
  9343.5   0.098677190868078    
  9344.5   0.09867191228138589  
  9345.5   0.09866663114357022  
  9346.5   0.09866135425123551  
  9347.5   0.09865607480841475  
  9348.5   0.09865079960953119  
  9349.5   0.09864552186079885  
  9350.5   0.09864024835446085  
  9351.5   0.09863497229891112  
  9352.5   0.09862970048421381  
  9353.5   0.09862442951472562  
  9354.5   0.09861915599698068  
  9355.5   0.09861388671777725  
  9356.5   0.09860861489095347  
  9357.5   0.0986033473011316   
  9358.5   0.09859807716432555  
  9359.5   0.09859281126298268  
  9360.5   0.09858754281529158  
  9361.5   0.0985822786015259   
  9362.5   0.09857701523093935  
  9363.5   0.09857174931495796  
  9364.5   0.09856648763059722  
  9365.5   0.09856122340147695  
  9366.5   0.09855596340244185  
  9367.5   0.0985507008592823   
  9368.5   0.09854544254467333  
  9369.5   0.09854018168657476  
  9370.5   0.09853492505549309  
  9371.5   0.09852966926556747  
  9372.5   0.09852441093310395  
  9373.5   0.0985191568253588   
  9374.5   0.09851390017570998  
  9375.5   0.09850864774924817  
  9376.5   0.09850339278151668  
  9377.5   0.09849814203544173  
  9378.5   0.09849288874873084  
  9379.5   0.09848763968214695  
  9380.5   0.0984823880755606   
  9381.5   0.09847714068757263  
  9382.5   0.09847189413827713  
  9383.5   0.09846664504992893  
  9384.5   0.09846140017788803  
  9385.5   0.09845615276742732  
  9386.5   0.09845090957174756  
  9387.5   0.09844566383828064  
  9388.5   0.09844042231806921  
  9389.5   0.09843517826070303  
  9390.5   0.09842993841506777  
  9391.5   0.09842469940611691  
  9392.5   0.0984194578609594   
  9393.5   0.09841422052524791  
  9394.5   0.09840898065396157  
  9395.5   0.09840374499059898  
  9396.5   0.0983985067922931   
  9397.5   0.09839327280038958  
  9398.5   0.0983880362741741   
  9399.5   0.09838280395284049  
  9400.5   0.09837757246618992  
  9401.5   0.09837233844617385  
  9402.5   0.09836710862876086  
  9403.5   0.09836187627861309  
  9404.5   0.09835664812955018  
  9405.5   0.09835141744838298  
  9406.5   0.09834619096678329  
  9407.5   0.09834096195370959  
  9408.5   0.09833573713868697  
  9409.5   0.0983305131563527   
  9410.5   0.09832528664348925  
  9411.5   0.09832006432640415  
  9412.5   0.09831483947941949  
  9413.5   0.09830961882669906  
  9414.5   0.09830439564470846  
  9415.5   0.09829917665546878  
  9416.5   0.09829395513758811  
  9417.5   0.09828873781094598  
  9418.5   0.0982835213150042   
  9419.5   0.09827830229136465  
  9420.5   0.09827308745669698  
  9421.5   0.09826787009496006  
  9422.5   0.09826265692068492  
  9423.5   0.09825744121996886  
  9424.5   0.09825222970520531  
  9425.5   0.09824701566462894  
  9426.5   0.09824180580849672  
  9427.5   0.09823659678108349  
  9428.5   0.09823138522879901  
  9429.5   0.09822617785869807  
  9430.5   0.09822096796435338  
  9431.5   0.09821576225068611  
  9432.5   0.09821055401340231  
  9433.5   0.09820534995529072  
  9434.5   0.09820014337418961  
  9435.5   0.09819494097075636  
  9436.5   0.09818973939406733  
  9437.5   0.09818453529532876  
  9438.5   0.09817933537200345  
  9439.5   0.098174132927255    
  9440.5   0.09816893465641768  
  9441.5   0.09816373386478341  
  9442.5   0.09815853724555905  
  9443.5   0.09815333810616364  
  9444.5   0.09814814313767779  
  9445.5   0.09814294899396803  
  9446.5   0.09813775233102556  
  9447.5   0.09813255983674407  
  9448.5   0.09812736482385521  
  9449.5   0.0981221739781292   
  9450.5   0.09811698061442095  
  9451.5   0.09811179141637827  
  9452.5   0.09810659970097821  
  9453.5   0.09810141214974738  
  9454.5   0.09809622208178378  
  9455.5   0.09809103617649395  
  9456.5   0.09808585109358352  
  9457.5   0.09808066349487668  
  9458.5   0.09807548005660231  
  9459.5   0.09807029410315557  
  9460.5   0.098065112308648    
  9461.5   0.09805992799959187  
  9462.5   0.09805474784798254  
  9463.5   0.09804956518244819  
  9464.5   0.0980443866728691   
  9465.5   0.09803920898371578  
  9466.5   0.0980340287815722   
  9467.5   0.09802885273314854  
  9468.5   0.09802367417235759  
  9469.5   0.09801849976379726  
  9470.5   0.09801332284349233  
  9471.5   0.09800815007392961  
  9472.5   0.09800297479324477  
  9473.5   0.09799780366181457  
  9474.5   0.09799263334886296  
  9475.5   0.09798746052572242  
  9476.5   0.09798229184960708  
  9477.5   0.09797712066392468  
  9478.5   0.0979719536237821   
  9479.5   0.09796678407469414  
  9480.5   0.0979616186696615   
  9481.5   0.0979564507563049   
  9482.5   0.09795128698552001  
  9483.5   0.09794612403127302  
  9484.5   0.09794095856963361  
  9485.5   0.09793579724834238  
  9486.5   0.09793063342027956  
  9487.5   0.09792547373108348  
  9488.5   0.09792031153573642  
  9489.5   0.09791515347777552  
  9490.5   0.09790999291428398  
  9491.5   0.09790483648669891  
  9492.5   0.09789968087371748  
  9493.5   0.09789452275613536  
  9494.5   0.0978893687722421   
  9495.5   0.09788421228436789  
  9496.5   0.09787905992870498  
  9497.5   0.09787390506968069  
  9498.5   0.09786875434139103  
  9499.5   0.09786360111035929  
  9500.5   0.0978584520085864   
  9501.5   0.09785330371948929  
  9502.5   0.09784815292857847  
  9503.5   0.09784300626471469  
  9504.5   0.0978378570996559   
  9505.5   0.09783271206017054  
  9506.5   0.09782756452010863  
  9507.5   0.09782242110414736  
  9508.5   0.0978172751882278   
  9509.5   0.09781213339493702  
  9510.5   0.09780699241240054  
  9511.5   0.09780184893083255  
  9512.5   0.09779670956968735  
  9513.5   0.09779156771012827  
  9514.5   0.09778642996952228  
  9515.5   0.09778128973111978  
  9516.5   0.09777615361020149  
  9517.5   0.0977710149921039   
  9518.5   0.09776588049002251  
  9519.5   0.09776074679678029  
  9520.5   0.09775561060728398  
  9521.5   0.0977504785316037   
  9522.5   0.09774534396028592  
  9523.5   0.09774021350131828  
  9524.5   0.0977350805473295   
  9525.5   0.09772995170422588  
  9526.5   0.09772482036671719  
  9527.5   0.09771969313862955  
  9528.5   0.09771456341675272  
  9529.5   0.09770943780283362  
  9530.5   0.09770431299542162  
  9531.5   0.0976991856951437   
  9532.5   0.09769406250063045  
  9533.5   0.09768893681386659  
  9534.5   0.09768381523140625  
  9535.5   0.09767869115731034  
  9536.5   0.09767357118605767  
  9537.5   0.09766844872378429  
  9538.5   0.09766333036289468  
  9539.5   0.09765821280661105  
  9540.5   0.0976530927602284   
  9541.5   0.09764797681304221  
  9542.5   0.09764285837637127  
  9543.5   0.09763774403743947  
  9544.5   0.09763262720963692  
  9545.5   0.09762751447811706  
  9546.5   0.09762239925834021  
  9547.5   0.09761728813339046  
  9548.5   0.09761217781115188  
  9549.5   0.09760706500157643  
  9550.5   0.0976019562846465   
  9551.5   0.09759684508099292  
  9552.5   0.09759173796853136  
  9553.5   0.09758662836995911  
  9554.5   0.09758152286112629  
  9555.5   0.09757641486679548  
  9556.5   0.09757131096075229  
  9557.5   0.0975662078555317   
  9558.5   0.09756110226573168  
  9559.5   0.09755600076204345  
  9560.5   0.09755089677438793  
  9561.5   0.09754579687139453  
  9562.5   0.09754069448504578  
  9563.5   0.09753559618191031  
  9564.5   0.09753049539603116  
  9565.5   0.09752539869191736  
  9566.5   0.09752030278674376  
  9567.5   0.09751520439974344  
  9568.5   0.09751011009233831  
  9569.5   0.0975050133037176   
  9570.5   0.09749992059324619  
  9571.5   0.09749482540217005  
  9572.5   0.09748973428779821  
  9573.5   0.09748464069343228  
  9574.5   0.09747955117432645  
  9575.5   0.09747446245228467  
  9576.5   0.0974693712511642   
  9577.5   0.09746428412313939  
  9578.5   0.09745919451664595  
  9579.5   0.09745410898180609  
  9580.5   0.09744902096910743  
  9581.5   0.09744393702662113  
  9582.5   0.0974388506068856   
  9583.5   0.09743376825592202  
  9584.5   0.09742868670015244  
  9585.5   0.09742360266804753  
  9586.5   0.09741852270255577  
  9587.5   0.09741344026133765  
  9588.5   0.09740836188529438  
  9589.5   0.09740328103413355  
  9590.5   0.09739820424671009  
  9591.5   0.09739312498477762  
  9592.5   0.0973880497851459   
  9593.5   0.0973829753788443   
  9594.5   0.09737789849894601  
  9595.5   0.0973728256791953   
  9596.5   0.09736775038645586  
  9597.5   0.09736267915242944  
  9598.5   0.09735760544602205  
  9599.5   0.09735253579689396  
  9600.5   0.09734746367599241  
  9601.5   0.0973423956109373   
  9602.5   0.09733732507471599  
  9603.5   0.09733225859290906  
  9604.5   0.09732719290216248  
  9605.5   0.09732212474116013  
  9606.5   0.09731706063242586  
  9607.5   0.09731199405404252  
  9608.5   0.0973069315264973   
  9609.5   0.09730186652990948  
  9610.5   0.09729680558273063  
  9611.5   0.09729174216711543  
  9612.5   0.09728668279948091  
  9613.5   0.09728162422105638  
  9614.5   0.09727656317510436  
  9615.5   0.09727150617499229  
  9616.5   0.09726644670795842  
  9617.5   0.09726139128533827  
  9618.5   0.09725633339640173  
  9619.5   0.0972512795504535   
  9620.5   0.09724622323879412  
  9621.5   0.09724117096869843  
  9622.5   0.09723611948596848  
  9623.5   0.09723106553843465  
  9624.5   0.09722601563032944  
  9625.5   0.097220963258025    
  9626.5   0.09721591492372661  
  9627.5   0.09721086412583343  
  9628.5   0.0972058173645246   
  9629.5   0.09720076814022514  
  9630.5   0.09719572295108918  
  9631.5   0.09719067854748067  
  9632.5   0.0971856316817873   
  9633.5   0.09718058884912784  
  9634.5   0.09717554355498713  
  9635.5   0.09717050229246152  
  9636.5   0.09716545856905802  
  9637.5   0.0971604188758516   
  9638.5   0.09715537672237046  
  9639.5   0.09715033859766921  
  9640.5   0.09714530125666321  
  9641.5   0.09714026145628667  
  9642.5   0.09713522568256601  
  9643.5   0.09713018745007744  
  9644.5   0.0971251532428296   
  9645.5   0.09712011657741616  
  9646.5   0.09711508393582916  
  9647.5   0.0971100488366787   
  9648.5   0.09710501775994117  
  9649.5   0.09709998746507256  
  9650.5   0.09709495471354321  
  9651.5   0.09708992598230824  
  9652.5   0.09708489479501407  
  9653.5   0.09707986762660283  
  9654.5   0.09707483800273371  
  9655.5   0.09706981239633686  
  9656.5   0.09706478433508324  
  9657.5   0.09705976028989206  
  9658.5   0.09705473702474954  
  9659.5   0.09704971130565136  
  9660.5   0.09704468960050261  
  9661.5   0.09703966544199875  
  9662.5   0.09703464529603655  
  9663.5   0.09702962269731955  
  9664.5   0.09702460410973716  
  9665.5   0.09701958307000007  
  9666.5   0.09701456603999145  
  9667.5   0.09700954978821706  
  9668.5   0.09700453108518756  
  9669.5   0.096999516389779    
  9670.5   0.09699449924371481  
  9671.5   0.09698948610386741  
  9672.5   0.0969844705139637   
  9673.5   0.09697945892887341  
  9674.5   0.09697444489432587  
  9675.5   0.09696943486318922  
  9676.5   0.09696442238319415  
  9677.5   0.09695941390520824  
  9678.5   0.09695440620324697  
  9679.5   0.09694939605332502  
  9680.5   0.09694438990331136  
  9681.5   0.09693938130593527  
  9682.5   0.09693437670706778  
  9683.5   0.09692936966143591  
  9684.5   0.09692436661291372  
  9685.5   0.09691936111822495  
  9686.5   0.09691435961924776  
  9687.5   0.0969093588944939   
  9688.5   0.09690435572446969  
  9689.5   0.09689935654806162  
  9690.5   0.09689435492698045  
  9691.5   0.09688935729811932  
  9692.5   0.09688435722518211  
  9693.5   0.09687936114306965  
  9694.5   0.09687436261747794  
  9695.5   0.09686936808131646  
  9696.5   0.09686437431758287  
  9697.5   0.09685937811126467  
  9698.5   0.09685438589228676  
  9699.5   0.09684939123132046  
  9700.5   0.09684440055630193  
  9701.5   0.09683940743989106  
  9702.5   0.09683441830803624  
  9703.5   0.09682942673538486  
  9704.5   0.09682443914589868  
  9705.5   0.09681945232705073  
  9706.5   0.09681446306829938  
  9707.5   0.09680947779062862  
  9708.5   0.09680449007364966  
  9709.5   0.09679950633636238  
  9710.5   0.09679452016036193  
  9711.5   0.09678953796266503  
  9712.5   0.09678455332684974  
  9713.5   0.09677957266795072  
  9714.5   0.09677459277790612  
  9715.5   0.09676961045063474  
  9716.5   0.09676463209820041  
  9717.5   0.09675965130913354  
  9718.5   0.09675467449351836  
  9719.5   0.09674969524186465  
  9720.5   0.09674471996227813  
  9721.5   0.09673974224724681  
  9722.5   0.09673476850289897  
  9723.5   0.09672979552562747  
  9724.5   0.09672482011380132  
  9725.5   0.09671984867058475  
  9726.5   0.09671487479340672  
  9727.5   0.09670990488345653  
  9728.5   0.09670493254013787  
  9729.5   0.09669996416266612  
  9730.5   0.09669499335241863  
  9731.5   0.09669002650663786  
  9732.5   0.09668506042616112  
  9733.5   0.0966800919137973   
  9734.5   0.09667512736383163  
  9735.5   0.09667016038257109  
  9736.5   0.09666519736233052  
  9737.5   0.09666023191138703  
  9738.5   0.09665527042008613  
  9739.5   0.09665030649867407  
  9740.5   0.09664534653552795  
  9741.5   0.09664038733591929  
  9742.5   0.09663542570708658  
  9743.5   0.0966304680344566   
  9744.5   0.09662550793319377  
  9745.5   0.09662055178675903  
  9746.5   0.0966155932122824   
  9747.5   0.09661063859125997  
  9748.5   0.09660568154278644  
  9749.5   0.09660072844639403  
  9750.5   0.09659577292314102  
  9751.5   0.09659082135059684  
  9752.5   0.0965858705394387   
  9753.5   0.09658091730230522  
  9754.5   0.09657596801382384  
  9755.5   0.0965710162999571   
  9756.5   0.09656606853337212  
  9757.5   0.09656111834199152  
  9758.5   0.09655617209652313  
  9759.5   0.09655122342684863  
  9760.5   0.09654627870171759  
  9761.5   0.09654133473621862  
  9762.5   0.09653638834739733  
  9763.5   0.09653144590106802  
  9764.5   0.09652650103200534  
  9765.5   0.0965215601040678   
  9766.5   0.09651661675398569  
  9767.5   0.09651167734366264  
  9768.5   0.09650673551178353  
  9769.5   0.09650179761829826  
  9770.5   0.09649686048269678  
  9771.5   0.0964919209264215   
  9772.5   0.09648698530649384  
  9773.5   0.09648204726648037  
  9774.5   0.09647711316145118  
  9775.5   0.09647217663692392  
  9776.5   0.09646724404601842  
  9777.5   0.09646230903620237  
  9778.5   0.0964573779586463   
  9779.5   0.09645244763723139  
  9780.5   0.0964475148977867   
  9781.5   0.09644258608856103  
  9782.5   0.09643765486189258  
  9783.5   0.0964327275640833   
  9784.5   0.096427797849418    
  9785.5   0.09642287206225282  
  9786.5   0.09641794385881816  
  9787.5   0.09641301958152533  
  9788.5   0.09640809605863657  
  9789.5   0.09640317012035764  
  9790.5   0.09639824810618478  
  9791.5   0.09639332367720771  
  9792.5   0.09638840317098037  
  9793.5   0.09638348025053457  
  9794.5   0.0963785612514829   
  9795.5   0.09637363983879836  
  9796.5   0.09636872234615314  
  9797.5   0.09636380560618053  
  9798.5   0.09635888645345282  
  9799.5   0.0963539712187339   
  9800.5   0.09634905357184485  
  9801.5   0.0963441398416117   
  9802.5   0.09633922369979322  
  9803.5   0.09633431147327852  
  9804.5   0.09632939683576303  
  9805.5   0.09632448611219994  
  9806.5   0.09631957613958357  
  9807.5   0.09631466375684274  
  9808.5   0.09630975528602893  
  9809.5   0.09630484440567467  
  9810.5   0.09629993743589803  
  9811.5   0.09629502805716472  
  9812.5   0.09629012258766034  
  9813.5   0.09628521470978287  
  9814.5   0.0962803107397864   
  9815.5   0.09627540751901628  
  9816.5   0.09627050189074789  
  9817.5   0.09626560016834032  
  9818.5   0.09626069603901749  
  9819.5   0.0962557958142095   
  9820.5   0.09625089318306905  
  9821.5   0.09624599445509821  
  9822.5   0.09624109332137747  
  9823.5   0.09623619608948189  
  9824.5   0.09623129960509776  
  9825.5   0.09622640071583709  
  9826.5   0.0962215057263865   
  9827.5   0.09621660833264142  
  9828.5   0.09621171483736385  
  9829.5   0.09620681893837361  
  9830.5   0.09620192693650907  
  9831.5   0.09619703253151343  
  9832.5   0.09619214202230247  
  9833.5   0.0961872491105418   
  9834.5   0.09618236009322549  
  9835.5   0.09617747182133211  
  9836.5   0.09617258114776059  
  9837.5   0.09616769436662466  
  9838.5   0.09616280518439137  
  9839.5   0.0961579198932553   
  9840.5   0.09615303220160248  
  9841.5   0.09614814839970924  
  9842.5   0.09614326219787966  
  9843.5   0.09613837988447277  
  9844.5   0.09613349831478613  
  9845.5   0.09612861434603323  
  9846.5   0.09612373426369933  
  9847.5   0.09611885178287903  
  9848.5   0.09611397318714274  
  9849.5   0.09610909219349968  
  9850.5   0.09610421508360639  
  9851.5   0.09609933557638574  
  9852.5   0.09609445995158139  
  9853.5   0.09608958506880001  
  9854.5   0.0960847077895599   
  9855.5   0.09607983439073747  
  9856.5   0.09607495859603518  
  9857.5   0.09607008668041898  
  9858.5   0.09606521236950157  
  9859.5   0.09606034193633937  
  9860.5   0.09605546910845443  
  9861.5   0.09605060015699461  
  9862.5   0.09604573194586594  
  9863.5   0.09604086134088163  
  9864.5   0.09603599461032895  
  9865.5   0.09603112548649852  
  9866.5   0.09602626023577149  
  9867.5   0.0960213925923444   
  9868.5   0.09601652882069323  
  9869.5   0.09601166265691945  
  9870.5   0.09600680036359488  
  9871.5   0.096001938808915    
  9872.5   0.09599707486297819  
  9873.5   0.09599221478550213  
  9874.5   0.09598735231734605  
  9875.5   0.09598249371632583  
  9876.5   0.09597763272520234  
  9877.5   0.09597277559989058  
  9878.5   0.09596791608505202  
  9879.5   0.09596306043470186  
  9880.5   0.09595820552131533  
  9881.5   0.0959533482192662   
  9882.5   0.09594849477972203  
  9883.5   0.09594363895209121  
  9884.5   0.09593878698564386  
  9885.5   0.09593393263168558  
  9886.5   0.09592908213759001  
  9887.5   0.09592422925655904  
  9888.5   0.09591938023407075  
  9889.5   0.09591453194687037  
  9890.5   0.09590968127359735  
  9891.5   0.0959048344568886   
  9892.5   0.0958999852546822   
  9893.5   0.0958951399077219   
  9894.5   0.0958902921758387   
  9895.5   0.09588544829788419  
  9896.5   0.09588060203558131  
  9897.5   0.09587575962589044  
  9898.5   0.09587091794981711  
  9899.5   0.09586607389025673  
  9900.5   0.09586123368133494  
  9901.5   0.0958563910895001   
  9902.5   0.09585155234698906  
  9903.5   0.09584671122213873  
  9904.5   0.0958418739452981   
  9905.5   0.09583703428669177  
  9906.5   0.09583219847478179  
  9907.5   0.09582736028167949  
  9908.5   0.09582252593396089  
  9909.5   0.09581769231782541  
  9910.5   0.09581285632135718  
  9911.5   0.09580802416830533  
  9912.5   0.09580318963549353  
  9913.5   0.09579835894478732  
  9914.5   0.09579352587489377  
  9915.5   0.09578869664579581  
  9916.5   0.0957838650380829   
  9917.5   0.09577903726985625  
  9918.5   0.0957742102315541   
  9919.5   0.0957693808154951   
  9920.5   0.09576455523696     
  9921.5   0.0957597272812399   
  9922.5   0.09575490316173625  
  9923.5   0.09575007666561924  
  9924.5   0.09574525400441193  
  9925.5   0.0957404289671627   
  9926.5   0.09573560776351717  
  9927.5   0.09573078728814276  
  9928.5   0.09572596443758312  
  9929.5   0.09572114541866973  
  9930.5   0.09571632402514198  
  9931.5   0.09571150646195631  
  9932.5   0.09570668652472696  
  9933.5   0.09570187041653627  
  9934.5   0.09569705193487237  
  9935.5   0.09569223728094438  
  9936.5   0.0956874233536394   
  9937.5   0.09568260705371645  
  9938.5   0.09567779457957691  
  9939.5   0.09567297973338933  
  9940.5   0.09566816871168426  
  9941.5   0.09566335531850087  
  9942.5   0.09565854574849986  
  9943.5   0.09565373380759001  
  9944.5   0.09564892568856309  
  9945.5   0.09564411829451629  
  9946.5   0.09563930853041443  
  9947.5   0.09563450258624792  
  9948.5   0.09562969427259534  
  9949.5   0.09562488977758046  
  9950.5   0.0956200829136483   
  9951.5   0.09561527986705695  
  9952.5   0.09561047445211686  
  9953.5   0.09560567285322141  
  9954.5   0.09560087197766834  
  9955.5   0.09559606873461889  
  9956.5   0.09559126930567136  
  9957.5   0.09558646750979546  
  9958.5   0.09558166952672714  
  9959.5   0.09557686917729825  
  9960.5   0.0955720726393833   
  9961.5   0.09556727373567536  
  9962.5   0.09556247864218846  
  9963.5   0.09555768427041142  
  9964.5   0.0955528875336923   
  9965.5   0.09554809460525639  
  9966.5   0.09554329931244547  
  9967.5   0.09553850782662664  
  9968.5   0.09553371397699967  
  9969.5   0.09552892393307437  
  9970.5   0.09552413152590761  
  9971.5   0.09551934292315283  
  9972.5   0.09551455504048054  
  9973.5   0.09550976479541622  
  9974.5   0.09550497835283094  
  9975.5   0.09550018954841977  
  9976.5   0.09549540454519977  
  9977.5   0.09549061718071977  
  9978.5   0.09548583361614378  
  9979.5   0.09548104769087347  
  9980.5   0.09547626556422074  
  9981.5   0.09547148107743918  
  9982.5   0.09546670038798946  
  9983.5   0.09546192041664013  
  9984.5   0.09545713808600972  
  9985.5   0.0954523595507841   
  9986.5   0.09544757865684234  
  9987.5   0.09544280155702144  
  9988.5   0.09543802209904913  
  9989.5   0.09543324643391446  
  9990.5   0.09542846841119292  
  9991.5   0.0954236941800265   
  9992.5   0.09541892066534449  
  9993.5   0.0954141447939219   
  9994.5   0.09540937271213223  
  9995.5   0.095404598274166    
  9996.5   0.09539982762455197  
  9997.5   0.09539505461932517  
  9998.5   0.0953902854011705   
  9999.5   0.09538551382796671  
  10000.5  0.09538074604055574  
  10001.5  0.09537597896801825  
  10002.5  0.0953712095412765   
  10003.5  0.09536644389841017  
  10004.5  0.09536167590190263  
  10005.5  0.095356911687993    
  10006.5  0.09535214512100501  
  10007.5  0.09534738233533811  
  10008.5  0.09534261719715548  
  10009.5  0.09533785583901783  
  10010.5  0.0953330951941478   
  10011.5  0.09532833219760553  
  10012.5  0.0953235729791956   
  10013.5  0.09531881140967556  
  10014.5  0.09531405361701352  
  10015.5  0.09530929347380326  
  10016.5  0.09530453710617737  
  10017.5  0.09529977838856496  
  10018.5  0.09529502344526403  
  10019.5  0.09529026921362989  
  10020.5  0.09528551263285127  
  10021.5  0.09528075982447627  
  10022.5  0.09527600466751798  
  10023.5  0.09527125328169213  
  10024.5  0.09526649954784398  
  10025.5  0.09526174958385777  
  10026.5  0.09525699727241002  
  10027.5  0.0952522487295545   
  10028.5  0.09524750089676999  
  10029.5  0.0952427507173646   
  10030.5  0.09523800430464831  
  10031.5  0.09523325554587135  
  10032.5  0.09522851055251552  
  10033.5  0.09522376321365904  
  10034.5  0.09521901963895642  
  10035.5  0.09521427371931294  
  10036.5  0.09520953156255674  
  10037.5  0.09520479011428078  
  10038.5  0.09520004632190321  
  10039.5  0.09519530629051455  
  10040.5  0.0951905639155836   
  10041.5  0.09518582530037671  
  10042.5  0.0951810843421866   
  10043.5  0.0951763471424564   
  10044.5  0.09517160760030188  
  10045.5  0.09516687181534385  
  10046.5  0.09516213673728027  
  10047.5  0.09515739931763022  
  10048.5  0.09515266565328298  
  10049.5  0.09514792964790764  
  10050.5  0.09514319739657343  
  10051.5  0.09513846280476924  
  10052.5  0.0951337319657452   
  10053.5  0.09512899878680917  
  10054.5  0.09512426935939296  
  10055.5  0.09511953759262248  
  10056.5  0.09511480957611224  
  10057.5  0.095110082264565    
  10058.5  0.0951053526144996   
  10059.5  0.09510062671280656  
  10060.5  0.09509589847315257  
  10061.5  0.09509117398061308  
  10062.5  0.09508644715066968  
  10063.5  0.09508172406658358  
  10064.5  0.09507699864565036  
  10065.5  0.09507227696931803  
  10066.5  0.09506755599637388  
  10067.5  0.09506283268741733  
  10068.5  0.09505811312117844  
  10069.5  0.09505339121948343  
  10070.5  0.09504867305925134  
  10071.5  0.09504395256411922  
  10072.5  0.09503923580919597  
  10073.5  0.09503451671992856  
  10074.5  0.09502980136961667  
  10075.5  0.0950250867211231   
  10076.5  0.0950203697391187   
  10077.5  0.0950156564941913   
  10078.5  0.09501094091630842  
  10079.5  0.09500622907425088  
  10080.5  0.09500151489979301  
  10081.5  0.09499680445990957  
  10082.5  0.09499209168818074  
  10083.5  0.09498738264977608  
  10084.5  0.09498267431162478  
  10085.5  0.09497796364246006  
  10086.5  0.0949732567047456   
  10087.5  0.09496854743657214  
  10088.5  0.09496384189860044  
  10089.5  0.09495913403072392  
  10090.5  0.09495442989180135  
  10091.5  0.09494972342352798  
  10092.5  0.09494502068296137  
  10093.5  0.09494031864108804  
  10094.5  0.09493561427069451  
  10095.5  0.0949309136261385   
  10096.5  0.09492621065361576  
  10097.5  0.09492151140568507  
  10098.5  0.094916809830341    
  10099.5  0.09491211197834422  
  10100.5  0.09490741179948711  
  10101.5  0.09490271534273324  
  10102.5  0.09489801958311747  
  10103.5  0.09489332149747051  
  10104.5  0.09488862713206218  
  10105.5  0.09488393044117527  
  10106.5  0.09487923746928462  
  10107.5  0.09487454217246775  
  10108.5  0.09486985059340548  
  10109.5  0.09486515668996917  
  10110.5  0.09486046650304644  
  10111.5  0.0948557770117114   
  10112.5  0.09485108519683011  
  10113.5  0.09484639709660238  
  10114.5  0.09484170667338004  
  10115.5  0.094837019963572    
  10116.5  0.09483233093132079  
  10117.5  0.09482764561124525  
  10118.5  0.09482295796927781  
  10119.5  0.09481827403824812  
  10120.5  0.09481359080126055  
  10121.5  0.09480890524320747  
  10122.5  0.0948042233942367   
  10123.5  0.09479953922475116  
  10124.5  0.0947948587631117   
  10125.5  0.094790175981508    
  10126.5  0.09478549690651483  
  10127.5  0.09478081551210775  
  10128.5  0.09477613782307631  
  10129.5  0.09477145781518108  
  10130.5  0.09476678151142728  
  10131.5  0.09476210589983312  
  10132.5  0.09475742797019988  
  10133.5  0.09475275374285827  
  10134.5  0.09474807719802718  
  10135.5  0.09474340435425518  
  10136.5  0.09473872919354315  
  10137.5  0.09473405773265837  
  10138.5  0.09472938395538275  
  10139.5  0.09472471387670323  
  10140.5  0.09472004448864842  
  10141.5  0.09471537278502609  
  10142.5  0.09471070477815462  
  10143.5  0.09470603445626431  
  10144.5  0.09470136782989538  
  10145.5  0.09469669888905612  
  10146.5  0.09469203364250939  
  10147.5  0.09468736608204066  
  10148.5  0.09468270221463633  
  10149.5  0.09467803903632657  
  10150.5  0.09467337354491676  
  10151.5  0.09466871174473063  
  10152.5  0.09466404763199221  
  10153.5  0.09465938720925103  
  10154.5  0.09465472447450515  
  10155.5  0.09465006542853072  
  10156.5  0.09464540407109896  
  10157.5  0.09464074640121355  
  10158.5  0.0946360894188973   
  10159.5  0.09463143012594433  
  10160.5  0.09462677451870147  
  10161.5  0.09462211660136877  
  10162.5  0.09461746236852277  
  10163.5  0.09461280582613357  
  10164.5  0.0946081529670083   
  10165.5  0.0946034977988863   
  10166.5  0.09459884631280613  
  10167.5  0.09459419551277444  
  10168.5  0.09458954240456525  
  10169.5  0.09458489297656619  
  10170.5  0.09458024124093561  
  10171.5  0.09457559318429469  
  10172.5  0.09457094282056802  
  10173.5  0.09456629613461126  
  10174.5  0.09456164714211429  
  10175.5  0.09455700182616814  
  10176.5  0.09455235719475448  
  10177.5  0.09454771025761849  
  10178.5  0.09454306699520608  
  10179.5  0.0945384214276164   
  10180.5  0.09453377953353288  
  10181.5  0.09452913533481691  
  10182.5  0.09452449480839036  
  10183.5  0.09451985197787599  
  10184.5  0.09451521281843488  
  10185.5  0.094510574342015    
  10186.5  0.09450593356232385  
  10187.5  0.09450129645188322  
  10188.5  0.09449665703871547  
  10189.5  0.09449202129358379  
  10190.5  0.09448738324626894  
  10191.5  0.09448274886577637  
  10192.5  0.09447811218364435  
  10193.5  0.0944734791671215   
  10194.5  0.09446884683211322  
  10195.5  0.09446421219628064  
  10196.5  0.09445958122423896  
  10197.5  0.09445494795191622  
  10198.5  0.09445031834217289  
  10199.5  0.09444568643269154  
  10200.5  0.09444105818457876  
  10201.5  0.09443642763727082  
  10202.5  0.09443180075012128  
  10203.5  0.09442717156431922  
  10204.5  0.09442254603746607  
  10205.5  0.09441792119029237  
  10206.5  0.09441329404527962  
  10207.5  0.09440867055740294  
  10208.5  0.09440404477222938  
  10209.5  0.09439942264298402  
  10210.5  0.0943947982169837   
  10211.5  0.09439017744570437  
  10212.5  0.09438555437821183  
  10213.5  0.09438093496423375  
  10214.5  0.09437631622843878  
  10215.5  0.09437169519724274  
  10216.5  0.09436707781775275  
  10217.5  0.09436245814340291  
  10218.5  0.09435784211955422  
  10219.5  0.09435322380138672  
  10220.5  0.09434860913251611  
  10221.5  0.09434399216986751  
  10222.5  0.09433937885531221  
  10223.5  0.09433476621744831  
  10224.5  0.09433015128661726  
  10225.5  0.09432554000207548  
  10226.5  0.09432092642510687  
  10227.5  0.09431631649322558  
  10228.5  0.09431170426945759  
  10229.5  0.09430709568957561  
  10230.5  0.09430248481834687  
  10231.5  0.09429787758980347  
  10232.5  0.09429327103646436  
  10233.5  0.09428866219258793  
  10234.5  0.09428405698959727  
  10235.5  0.09427944949660873  
  10236.5  0.09427484564330689  
  10237.5  0.09427023950054644  
  10238.5  0.09426563699627431  
  10239.5  0.09426103220308259  
  10240.5  0.09425643104718147  
  10241.5  0.09425183056500208  
  10242.5  0.09424722779471122  
  10243.5  0.09424262865991573  
  10244.5  0.0942380272375473   
  10245.5  0.09423342944947814  
  10246.5  0.0942288293743744   
  10247.5  0.09422423293237446  
  10248.5  0.09421963420387809  
  10249.5  0.09421503910729066  
  10250.5  0.094210444682947    
  10251.5  0.09420584797291366  
  10252.5  0.09420125489299845  
  10253.5  0.09419665952793124  
  10254.5  0.09419206779178897  
  10255.5  0.09418747377103213  
  10256.5  0.09418288337800766  
  10257.5  0.09417829070090589  
  10258.5  0.09417370165034455  
  10259.5  0.09416911327055351  
  10260.5  0.0941645226074906   
  10261.5  0.09415993556918166  
  10262.5  0.09415534624813761  
  10263.5  0.09415076055065724  
  10264.5  0.0941461725709783   
  10265.5  0.0941415882136734   
  10266.5  0.0941370015747063   
  10267.5  0.09413241855692418  
  10268.5  0.09412783620844342  
  10269.5  0.09412325157910456  
  10270.5  0.09411867056916857  
  10271.5  0.09411408727891035  
  10272.5  0.09410950760686758  
  10273.5  0.09410492565503828  
  10274.5  0.09410034732023763  
  10275.5  0.09409576670618593  
  10276.5  0.09409118970797678  
  10277.5  0.09408661043105183  
  10278.5  0.09408203476878393  
  10279.5  0.0940774597740281   
  10280.5  0.09407288250135895  
  10281.5  0.09406830884157     
  10282.5  0.09406373290440252  
  10283.5  0.09405916057893135  
  10284.5  0.09405458597661624  
  10285.5  0.09405001498481419  
  10286.5  0.0940454417167026   
  10287.5  0.09404087205792143  
  10288.5  0.09403630306519335  
  10289.5  0.0940317317969569   
  10290.5  0.09402716413627832  
  10291.5  0.09402259420062524  
  10292.5  0.09401802787134904  
  10293.5  0.09401345926763205  
  10294.5  0.09400889426911155  
  10295.5  0.09400432699668376  
  10296.5  0.09399976332827271  
  10297.5  0.09399520032446024  
  10298.5  0.0939906350475403   
  10299.5  0.09398607337286885  
  10300.5  0.09398150942562297  
  10301.5  0.0939769490794474   
  10302.5  0.09397238646123021  
  10303.5  0.09396782744290581  
  10304.5  0.09396326615307243  
  10305.5  0.09395870846195495  
  10306.5  0.09395415143398597  
  10307.5  0.0939495921353065   
  10308.5  0.09394503643357897  
  10309.5  0.09394047846167307  
  10310.5  0.09393592408554378  
  10311.5  0.09393136743976808  
  10312.5  0.09392681438859435  
  10313.5  0.09392225906830592  
  10314.5  0.09391770734144539  
  10315.5  0.09391315627628774  
  10316.5  0.09390860294281257  
  10317.5  0.09390405320100562  
  10318.5  0.09389950119141241  
  10319.5  0.09389495277231492  
  10320.5  0.09389040208596226  
  10321.5  0.09388585498893348  
  10322.5  0.09388130562518039  
  10323.5  0.09387675984957998  
  10324.5  0.09387221473424119  
  10325.5  0.09386766735297396  
  10326.5  0.09386312355810396  
  10327.5  0.09385857749783587  
  10328.5  0.09385403502279537  
  10329.5  0.09384949028288696  
  10330.5  0.09384494912703716  
  10331.5  0.09384040570684941  
  10332.5  0.0938358658695519   
  10333.5  0.09383132669107917  
  10334.5  0.09382678524906307  
  10335.5  0.09382224738818597  
  10336.5  0.09381770726429497  
  10337.5  0.09381317072037618  
  10338.5  0.09380863191397282  
  10339.5  0.09380409668637545  
  10340.5  0.09379955919682262  
  10341.5  0.09379502528491022  
  10342.5  0.09379049203039015  
  10343.5  0.09378595651470785  
  10344.5  0.09378142457491899  
  10345.5  0.09377689037449655  
  10346.5  0.09377235974880353  
  10347.5  0.09376782686300536  
  10348.5  0.09376329755077324  
  10349.5  0.09375876597896422  
  10350.5  0.09375423797955848  
  10351.5  0.09374970772110389  
  10352.5  0.09374518103389046  
  10353.5  0.09374065500232445  
  10354.5  0.09373612671250121  
  10355.5  0.0937316019921773   
  10356.5  0.09372707501412371  
  10357.5  0.09372255160440886  
  10358.5  0.09371802593749169  
  10359.5  0.09371350383775331  
  10360.5  0.09370897948133983  
  10361.5  0.09370445869094576  
  10362.5  0.09369993855477633  
  10363.5  0.0936954161627221   
  10364.5  0.09369089733494966  
  10365.5  0.09368637625181911  
  10366.5  0.09368185873181255  
  10367.5  0.0936773389569744   
  10368.5  0.09367282274410306  
  10369.5  0.09366830427692645  
  10370.5  0.09366378937056011  
  10371.5  0.09365927511699991  
  10372.5  0.09365475860992342  
  10373.5  0.09365024566192374  
  10374.5  0.09364573046093362  
  10375.5  0.09364121881786529  
  10376.5  0.09363670492233213  
  10377.5  0.0936321945835664   
  10378.5  0.0936276819928613   
  10379.5  0.09362317295776983  
  10380.5  0.09361866457407031  
  10381.5  0.09361415393921912  
  10382.5  0.09360964685825227  
  10383.5  0.09360513752665871  
  10384.5  0.09360063174779727  
  10385.5  0.09359612371883387  
  10386.5  0.09359161924145097  
  10387.5  0.09358711251449071  
  10388.5  0.09358260933795995  
  10389.5  0.09357810681141121  
  10390.5  0.09357360203607154  
  10391.5  0.09356910080943617  
  10392.5  0.09356459733453397  
  10393.5  0.09356009740718664  
  10394.5  0.09355559523209633  
  10395.5  0.09355109660341206  
  10396.5  0.09354659572750852  
  10397.5  0.09354209839686277  
  10398.5  0.09353760171479343  
  10399.5  0.09353310278628996  
  10400.5  0.09352860740132324  
  10401.5  0.09352410977044563  
  10402.5  0.09351961568195805  
  10403.5  0.09351511934808263  
  10404.5  0.09351062655545113  
  10405.5  0.09350613151795464  
  10406.5  0.0935016400205566   
  10407.5  0.09349714917033358  
  10408.5  0.0934926560760294   
  10409.5  0.09348816652010675  
  10410.5  0.0934836747206253   
  10411.5  0.09347918645838142  
  10412.5  0.09347469595310093  
  10413.5  0.09347020898391466  
  10414.5  0.09346571977221374  
  10415.5  0.09346123409546432  
  10416.5  0.09345674906449278  
  10417.5  0.09345226179178912  
  10418.5  0.09344777805232415  
  10419.5  0.0934432920716486   
  10420.5  0.09343880962307051  
  10421.5  0.09343432493380313  
  10422.5  0.0934298437754926   
  10423.5  0.09342536037701393  
  10424.5  0.0934208805083521   
  10425.5  0.09341639840004305  
  10426.5  0.09341191982041142  
  10427.5  0.09340744188485575  
  10428.5  0.09340296171043386  
  10429.5  0.09339848506298158  
  10430.5  0.09339400617718355  
  10431.5  0.09338953081721724  
  10432.5  0.09338505321942542  
  10433.5  0.09338057914632805  
  10434.5  0.09337610283592525  
  10435.5  0.09337163004908021  
  10436.5  0.09336715790492335  
  10437.5  0.09336268352424074  
  10438.5  0.09335821266541218  
  10439.5  0.09335373957057749  
  10440.5  0.09334926999646168  
  10441.5  0.09334479818685913  
  10442.5  0.09334032989684087  
  10443.5  0.09333585937185514  
  10444.5  0.09333139236531972  
  10445.5  0.09332692600008885  
  10446.5  0.09332245740066893  
  10447.5  0.09331799231799964  
  10448.5  0.09331352500166004  
  10449.5  0.09330906120093863  
  10450.5  0.09330459516706545  
  10451.5  0.0933001326476786   
  10452.5  0.09329566789565837  
  10453.5  0.09329120665699318  
  10454.5  0.09328674605825311  
  10455.5  0.09328228322765679  
  10456.5  0.09327782390871991  
  10457.5  0.09327336235844468  
  10458.5  0.09326890431869912  
  10459.5  0.09326444404813292  
  10460.5  0.09325998728696723  
  10461.5  0.09325552829549841  
  10462.5  0.09325107281230154  
  10463.5  0.09324661796765447  
  10464.5  0.09324216089348014  
  10465.5  0.09323770732588618  
  10466.5  0.093233251529282    
  10467.5  0.0932287992381311   
  10468.5  0.09322434471848685  
  10469.5  0.09321989370316941  
  10470.5  0.09321544045987527  
  10471.5  0.09321099071978207  
  10472.5  0.09320654161686752  
  10473.5  0.09320209028675086  
  10474.5  0.09319764245814759  
  10475.5  0.0931931924028584   
  10476.5  0.0931887458479582   
  10477.5  0.0931842970668881   
  10478.5  0.09317985178508319  
  10479.5  0.0931754042776242   
  10480.5  0.09317096026830718  
  10481.5  0.09316651689480179  
  10482.5  0.09316207129641563  
  10483.5  0.09315762919448792  
  10484.5  0.0931531848681948   
  10485.5  0.0931487440372384   
  10486.5  0.09314430098243173  
  10487.5  0.09313986142184068  
  10488.5  0.09313541963791434  
  10489.5  0.09313098134708306  
  10490.5  0.09312654369070046  
  10491.5  0.09312210381175463  
  10492.5  0.09311766742422431  
  10493.5  0.09311322881464529  
  10494.5  0.09310879369536271  
  10495.5  0.09310435635454574  
  10496.5  0.09309992250290676  
  10497.5  0.09309548643024751  
  10498.5  0.09309105384564836  
  10499.5  0.09308662189413905  
  10500.5  0.09308218772238025  
  10501.5  0.093077757037006    
  10502.5  0.09307332413189594  
  10503.5  0.09306889471205403  
  10504.5  0.09306446307298978  
  10505.5  0.09306003491807784  
  10506.5  0.09305560454445687  
  10507.5  0.093051177653873    
  10508.5  0.09304674854509318  
  10509.5  0.09304232291823582  
  10510.5  0.09303789792281299  
  10511.5  0.09303347070996344  
  10512.5  0.09302904697736565  
  10513.5  0.0930246210278538   
  10514.5  0.09302019855748056  
  10515.5  0.09301577387070567  
  10516.5  0.09301135266195679  
  10517.5  0.09300692923731856  
  10518.5  0.09300250928959432  
  10519.5  0.09299808997195479  
  10520.5  0.09299366843919386  
  10521.5  0.09298925038168021  
  10522.5  0.09298483010955698  
  10523.5  0.09298041331157045  
  10524.5  0.09297599429948598  
  10525.5  0.09297157876042826  
  10526.5  0.092967161007784    
  10527.5  0.09296274672705714  
  10528.5  0.09295833307506918  
  10529.5  0.0929539172102614   
  10530.5  0.09294950481570823  
  10531.5  0.09294509020884618  
  10532.5  0.09294067907113084  
  10533.5  0.09293626572161741  
  10534.5  0.09293185584014332  
  10535.5  0.09292744374738174  
  10536.5  0.09292303512155277  
  10537.5  0.09291862712312095  
  10538.5  0.09291421691416708  
  10539.5  0.09290981017048698  
  10540.5  0.09290540121679496  
  10541.5  0.09290099572727138  
  10542.5  0.09289658802824584  
  10543.5  0.09289218379228405  
  10544.5  0.09288777734733003  
  10545.5  0.09288337436433561  
  10546.5  0.09287897200740058  
  10547.5  0.09287456744223754  
  10548.5  0.09287016633737917  
  10549.5  0.0928657630248021   
  10550.5  0.09286136317142697  
  10551.5  0.09285696111084224  
  10552.5  0.0928525625083574   
  10553.5  0.09284816169917186  
  10554.5  0.09284376434698466  
  10555.5  0.09283936761952306  
  10556.5  0.09283496868612374  
  10557.5  0.09283057320807173  
  10558.5  0.09282617552459047  
  10559.5  0.09282178129535638  
  10560.5  0.09281738486120135  
  10561.5  0.092812991880194    
  10562.5  0.09280859669477375  
  10563.5  0.09280420496140228  
  10564.5  0.0927998138514266   
  10565.5  0.09279542053779978  
  10566.5  0.09279103067457455  
  10567.5  0.09278663860820578  
  10568.5  0.09278224999114115  
  10569.5  0.09277785917144041  
  10570.5  0.09277347179994688  
  10571.5  0.0927690822263245   
  10572.5  0.092764696099813    
  10573.5  0.09276031059537146  
  10574.5  0.09275592288956154  
  10575.5  0.09275153862921924  
  10576.5  0.09274715216801535  
  10577.5  0.09274276915118417  
  10578.5  0.09273838393399804  
  10579.5  0.09273400216009024  
  10580.5  0.09272961818633393  
  10581.5  0.09272523765476222  
  10582.5  0.09272085492384823  
  10583.5  0.09271647563402564  
  10584.5  0.0927120969646579   
  10585.5  0.09270771609670685  
  10586.5  0.09270333866820862  
  10587.5  0.0926989590416329   
  10588.5  0.09269458285341826  
  10589.5  0.09269020446763171  
  10590.5  0.09268582951911504  
  10591.5  0.0926814523735319   
  10592.5  0.09267707866412803  
  10593.5  0.0926727055738619   
  10594.5  0.09266833028728699  
  10595.5  0.09266395843525668  
  10596.5  0.09265958438742256  
  10597.5  0.09265521377304381  
  10598.5  0.09265084096336604  
  10599.5  0.09264647158605503  
  10600.5  0.0926421000139496   
  10601.5  0.09263773187312284  
  10602.5  0.09263336435012068  
  10603.5  0.09262899463308055  
  10604.5  0.09262462834568826  
  10605.5  0.09262025986476217  
  10606.5  0.09261589481239729  
  10607.5  0.09261152756700256  
  10608.5  0.09260716374908297  
  10609.5  0.09260279773863729  
  10610.5  0.09259843515458124  
  10611.5  0.09259407318704048  
  10612.5  0.09258970902772888  
  10613.5  0.09258534829317988  
  10614.5  0.0925809853673634   
  10615.5  0.09257662586522539  
  10616.5  0.09257226417232303  
  10617.5  0.09256790590201565  
  10618.5  0.09256354544144686  
  10619.5  0.09255918840239008  
  10620.5  0.0925548319785432   
  10621.5  0.09255047336518889  
  10622.5  0.09254611817172341  
  10623.5  0.09254176078925301  
  10624.5  0.09253740682558989  
  10625.5  0.09253305067342418  
  10626.5  0.09252869793898474  
  10627.5  0.09252434301654487  
  10628.5  0.09251999151075083  
  10629.5  0.09251564061886512  
  10630.5  0.09251128753973176  
  10631.5  0.09250693787562483  
  10632.5  0.09250258602477195  
  10633.5  0.09249823758786645  
  10634.5  0.0924938869647165   
  10635.5  0.09248953975443551  
  10636.5  0.09248519035841135  
  10637.5  0.09248084437417826  
  10638.5  0.09247649900255582  
  10639.5  0.09247215144594179  
  10640.5  0.09246780729950317  
  10641.5  0.09246346096857386  
  10642.5  0.09245911804674348  
  10643.5  0.09245477294092305  
  10644.5  0.09245043124312563  
  10645.5  0.09244608736183868  
  10646.5  0.09244174688749936  
  10647.5  0.09243740702447682  
  10648.5  0.0924330649787151   
  10649.5  0.09242872633828915  
  10650.5  0.09242438551562408  
  10651.5  0.09242004809722079  
  10652.5  0.09241570849707824  
  10653.5  0.09241137230012406  
  10654.5  0.09240703392193031  
  10655.5  0.09240269894585207  
  10656.5  0.09239836178903375  
  10657.5  0.09239402803325864  
  10658.5  0.09238969488722414  
  10659.5  0.0923853595611984   
  10660.5  0.09238102763460862  
  10661.5  0.0923766935285267   
  10662.5  0.0923723628208098   
  10663.5  0.09236802993409962  
  10664.5  0.09236370044468412  
  10665.5  0.09235936877677405  
  10666.5  0.09235504050508883  
  10667.5  0.09235071284185885  
  10668.5  0.0923463830008819   
  10669.5  0.09234205655452632  
  10670.5  0.09233772793092206  
  10671.5  0.09233340270087073  
  10672.5  0.09232907529406878  
  10673.5  0.0923247512797519   
  10674.5  0.09232042508918228  
  10675.5  0.09231610229003046  
  10676.5  0.09231178009805226  
  10677.5  0.09230745573056771  
  10678.5  0.0923031347529012   
  10679.5  0.09229881160022578  
  10680.5  0.09229449183630245  
  10681.5  0.0922901698978675   
  10682.5  0.09228585134711924  
  10683.5  0.09228153062235642  
  10684.5  0.09227721328421551  
  10685.5  0.09227289655197041  
  10686.5  0.09226857764645595  
  10687.5  0.09226426212596736  
  10688.5  0.09225994443270603  
  10689.5  0.09225563012340711  
  10690.5  0.09225131364183191  
  10691.5  0.09224700054315624  
  10692.5  0.09224268527270053  
  10693.5  0.092238373384082    
  10694.5  0.09223406210008525  
  10695.5  0.0922297486450525   
  10696.5  0.09222543857026458  
  10697.5  0.09222112632493647  
  10698.5  0.09221681745879222  
  10699.5  0.09221250642260345  
  10700.5  0.0922081987645381   
  10701.5  0.09220388893692369  
  10702.5  0.09219958248637285  
  10703.5  0.09219527663917348  
  10704.5  0.09219096862316782  
  10705.5  0.0921866639826371   
  10706.5  0.09218235717379512  
  10707.5  0.09217805373936956  
  10708.5  0.0921737481371276   
  10709.5  0.0921694459082441   
  10710.5  0.09216514151203883  
  10711.5  0.09216084048813462  
  10712.5  0.09215654006631534  
  10713.5  0.09215223747791586  
  10714.5  0.09214793826023251  
  10715.5  0.09214363687646321  
  10716.5  0.09213933886235397  
  10717.5  0.09213503868265281  
  10718.5  0.09213074187155623  
  10719.5  0.09212644289536158  
  10720.5  0.09212214728671653  
  10721.5  0.09211785227889356  
  10722.5  0.0921135551067129   
  10723.5  0.0921092613005006   
  10724.5  0.09210496533042403  
  10725.5  0.0921006727252622   
  10726.5  0.09209637795672936  
  10727.5  0.09209208655205822  
  10728.5  0.0920877929845091   
  10729.5  0.09208350277976918  
  10730.5  0.09207921041264416  
  10731.5  0.09207492140727637  
  10732.5  0.09207063300119217  
  10733.5  0.09206634243346179  
  10734.5  0.09206205522591185  
  10735.5  0.09205776585720819  
  10736.5  0.09205347984763433  
  10737.5  0.09204919167739903  
  10738.5  0.09204490686524344  
  10739.5  0.0920406198929185   
  10740.5  0.09203633627762374  
  10741.5  0.09203205326035795  
  10742.5  0.0920277680836605   
  10743.5  0.09202348626242014  
  10744.5  0.09201920228223975  
  10745.5  0.09201492165646825  
  10746.5  0.09201063887224821  
  10747.5  0.09200635944138941  
  10748.5  0.09200207785257335  
  10749.5  0.09199779961607141  
  10750.5  0.0919935219763475   
  10751.5  0.09198924217940282  
  10752.5  0.09198496573320283  
  10753.5  0.09198068713027292  
  10754.5  0.09197641187704193  
  10755.5  0.0919721344675717   
  10756.5  0.09196786040675514  
  10757.5  0.09196358419018985  
  10758.5  0.09195931132123356  
  10759.5  0.09195503904780797  
  10760.5  0.09195076461936896  
  10761.5  0.09194649353697311  
  10762.5  0.0919422203000539   
  10763.5  0.09193795040813448  
  10764.5  0.09193367836218158  
  10765.5  0.09192940966018567  
  10766.5  0.09192513880464598  
  10767.5  0.091920871292021    
  10768.5  0.09191660437368308  
  10769.5  0.09191233530253552  
  10770.5  0.09190806957274043  
  10771.5  0.09190380169062497  
  10772.5  0.09189953714882106  
  10773.5  0.09189527045518585  
  10774.5  0.09189100710082178  
  10775.5  0.09188674159511531  
  10776.5  0.09188247942764012  
  10777.5  0.09187821785321199  
  10778.5  0.09187395412817438  
  10779.5  0.09186969373980945  
  10780.5  0.09186543120132355  
  10781.5  0.09186117199847174  
  10782.5  0.09185691064598729  
  10783.5  0.09185265262809893  
  10784.5  0.09184839246106603  
  10785.5  0.09184413562759175  
  10786.5  0.09183987938592811  
  10787.5  0.0918356209958517   
  10788.5  0.09183136593777887  
  10789.5  0.09182710873178095  
  10790.5  0.09182285485675049  
  10791.5  0.09181859883428242  
  10792.5  0.09181434614174622  
  10793.5  0.09181009130225974  
  10794.5  0.09180583979167004  
  10795.5  0.09180158887165815  
  10796.5  0.09179733580542661  
  10797.5  0.09179308606654037  
  10798.5  0.09178883418192137  
  10799.5  0.09178458562361388  
  10800.5  0.09178033765520095  
  10801.5  0.09177608754178516  
  10802.5  0.09177183801875045  
  10803.5  0.09176758908596011  
  10804.5  0.09176334621052089  
  10805.5  0.09175909845705033  
  10806.5  0.0917548512934146   
  10807.5  0.0917506101844444   
  10808.5  0.09174636419931023  
  10809.5  0.09174211880360168  
  10810.5  0.09173787399718247  
  10811.5  0.09173363524185074  
  10812.5  0.09172939161284323  
  10813.5  0.09172514857271637  
  10814.5  0.09172091158099607  
  10815.5  0.09171666971746459  
  10816.5  0.0917124284424055   
  10817.5  0.09170818775568278  
  10818.5  0.09170395311379471  
  10819.5  0.09169971360257999  
  10820.5  0.0916954746792939   
  10821.5  0.0916912363438006   
  10822.5  0.09168700404957354  
  10823.5  0.09168276688850226  
  10824.5  0.09167853031481656  
  10825.5  0.09167429977972338  
  10826.5  0.09167006437964628  
  10827.5  0.09166582956654795  
  10828.5  0.09166159534029283  
  10829.5  0.09165736714906796  
  10830.5  0.09165313409533792  
  10831.5  0.09164890162804483  
  10832.5  0.09164467519311284  
  10833.5  0.0916404438975332   
  10834.5  0.09163621318798465  
  10835.5  0.0916319830643319   
  10836.5  0.09162775896948407  
  10837.5  0.09162353001646373  
  10838.5  0.09161930164893384  
  10839.5  0.09161507386675932  
  10840.5  0.09161085210983701  
  10841.5  0.09160662549721525  
  10842.5  0.09160239946954403  
  10843.5  0.09159817946446305  
  10844.5  0.09159395460553584  
  10845.5  0.09158973033115472  
  10846.5  0.09158550664118494  
  10847.5  0.09158128897025877  
  10848.5  0.09157706644795577  
  10849.5  0.09157284450966018  
  10850.5  0.0915686231552374   
  10851.5  0.09156440781631507  
  10852.5  0.09156018762848325  
  10853.5  0.09155596802412082  
  10854.5  0.09155175443260404  
  10855.5  0.09154753599402668  
  10856.5  0.09154331813851575  
  10857.5  0.09153910086593693  
  10858.5  0.09153488960266662  
  10859.5  0.09153067349479944  
  10860.5  0.0915264579694619   
  10861.5  0.09152224845078262  
  10862.5  0.09151803408935268  
  10863.5  0.09151382031005027  
  10864.5  0.09150960711274138  
  10865.5  0.09150539991855967  
  10866.5  0.09150118788408741  
  10867.5  0.09149697643120709  
  10868.5  0.09149276555978489  
  10869.5  0.09148856068796227  
  10870.5  0.09148435097830707  
  10871.5  0.09148014184970894  
  10872.5  0.09147593871806721  
  10873.5  0.09147173075043488  
  10874.5  0.09146752336345892  
  10875.5  0.09146331655700585  
  10876.5  0.09145911574398755  
  10877.5  0.09145491009743305  
  10878.5  0.09145070503100126  
  10879.5  0.09144650595536559  
  10880.5  0.09144230204803298  
  10881.5  0.0914380987204233   
  10882.5  0.09143389597240333  
  10883.5  0.09142969921166387  
  10884.5  0.09142549762167829  
  10885.5  0.09142129661088316  
  10886.5  0.09141709617914541  
  10887.5  0.09141290173117599  
  10888.5  0.0914087024564092   
  10889.5  0.09140450376030104  
  10890.5  0.09140031104532964  
  10891.5  0.09139611350539585  
  10892.5  0.09139191654372235  
  10893.5  0.09138772016017638  
  10894.5  0.09138352975426095  
  10895.5  0.09137933452582832  
  10896.5  0.09137513987512536  
  10897.5  0.09137095119942582  
  10898.5  0.09136675770304137  
  10899.5  0.09136256478398916  
  10900.5  0.0913583724421367   
  10901.5  0.09135418607178743  
  10902.5  0.09134999488319484  
  10903.5  0.09134580427140504  
  10904.5  0.09134161423628577  
  10905.5  0.09133743016917287  
  10906.5  0.09133324128625615  
  10907.5  0.09132905297961352  
  10908.5  0.09132487063835716  
  10909.5  0.09132068348312511  
  10910.5  0.09131649690377104  
  10911.5  0.091312310900163    
  10912.5  0.09130813085845035  
  10913.5  0.09130394600519796  
  10914.5  0.09129976172729602  
  10915.5  0.09129557802461272  
  10916.5  0.09129140028033733  
  10917.5  0.09128721772695611  
  10918.5  0.09128303574839847  
  10919.5  0.09127885972563562  
  10920.5  0.09127467889559085  
  10921.5  0.091270498639975    
  10922.5  0.09126631895865654  
  10923.5  0.09126214522965131  
  10924.5  0.0912579666957945   
  10925.5  0.0912537887358409   
  10926.5  0.0912496167255919   
  10927.5  0.09124543991231254  
  10928.5  0.09124126367254261  
  10929.5  0.0912370880061509   
  10930.5  0.0912329182859881   
  10931.5  0.09122874376522175  
  10932.5  0.09122456981744033  
  10933.5  0.09122039644251276  
  10934.5  0.09121622901034183  
  10935.5  0.09121205677999213  
  10936.5  0.0912078851221035   
  10937.5  0.09120371940436978  
  10938.5  0.09119954889027433  
  10939.5  0.09119537894824759  
  10940.5  0.09119120957815872  
  10941.5  0.0911870461447584   
  10942.5  0.09118287791741755  
  10943.5  0.09117871026162275  
  10944.5  0.0911745485399191   
  10945.5  0.09117038202608939  
  10946.5  0.09116621608341416  
  10947.5  0.09116205071176295  
  10948.5  0.0911578912707424   
  10949.5  0.09115372704001345  
  10950.5  0.09114956337991748  
  10951.5  0.09114540029032421  
  10952.5  0.0911412431279044   
  10953.5  0.0911370811781919   
  10954.5  0.09113291979859155  
  10955.5  0.09112876434357427  
  10956.5  0.0911246041030745   
  10957.5  0.09112044443229676  
  10958.5  0.09111628533111099  
  10959.5  0.091112132151057    
  10960.5  0.09110797418793265  
  10961.5  0.09110381679401065  
  10962.5  0.0910996653186344   
  10963.5  0.0910955090619954   
  10964.5  0.09109135337416946  
  10965.5  0.09108719825502685  
  10966.5  0.09108304905098451  
  10967.5  0.09107889506808804  
  10968.5  0.09107474165348614  
  10969.5  0.09107058880704923  
  10970.5  0.0910664418722704   
  10971.5  0.0910622901610441   
  10972.5  0.0910581390175945   
  10973.5  0.09105399378322385  
  10974.5  0.09104984377420917  
  10975.5  0.09104569433258328  
  10976.5  0.0910415454582169   
  10977.5  0.09103740248949313  
  10978.5  0.09103325474852847  
  10979.5  0.09102910757443589  
  10980.5  0.09102496630341111  
  10981.5  0.09102082026194626  
  10982.5  0.09101667478696648  
  10983.5  0.09101252987834274  
  10984.5  0.09100839086935628  
  10985.5  0.09100424709232935  
  10986.5  0.09100010388127196  
  10987.5  0.09099596123605522  
  10988.5  0.09099182448704851  
  10989.5  0.09098768297239901  
  10990.5  0.0909835420232041   
  10991.5  0.09097940696765129  
  10992.5  0.09097526714825234  
  10993.5  0.09097112789392234  
  10994.5  0.09096698920453272  
  10995.5  0.0909628564053637   
  10996.5  0.09095871884474271  
  10997.5  0.09095458184867694  
  10998.5  0.09095044541703795  
  10999.5  0.09094631487220142  
  11000.5  0.0909421795683051   
  11001.5  0.09093804482845085  
  11002.5  0.09093391597283791  
  11003.5  0.09092978235995776  
  11004.5  0.09092564931073535  
  11005.5  0.09092151682504261  
  11006.5  0.09091739022017876  
  11007.5  0.0909132588604364   
  11008.5  0.09090912806383983  
  11009.5  0.09090500314551529  
  11010.5  0.09090087347410224  
  11011.5  0.0908967443654515   
  11012.5  0.09089261581943527  
  11013.5  0.09088849314828443  
  11014.5  0.09088436572643027  
  11015.5  0.09088023886682763  
  11016.5  0.09087611256934884  
  11017.5  0.09087199214333208  
  11018.5  0.09086786696899522  
  11019.5  0.0908637423563997   
  11020.5  0.0908596236127161   
  11021.5  0.09085550012249832  
  11022.5  0.09085137719363977  
  11023.5  0.09084725482601302  
  11024.5  0.09084313832390056  
  11025.5  0.09083901707763371  
  11026.5  0.09083489639221701  
  11027.5  0.09083078156976876  
  11028.5  0.09082666200494946  
  11029.5  0.090822543000599    
  11030.5  0.09081842455659037  
  11031.5  0.09081431197215822  
  11032.5  0.09081019464773134  
  11033.5  0.09080607788326543  
  11034.5  0.09080196167863355  
  11035.5  0.09079785133018954  
  11036.5  0.09079373624412511  
  11037.5  0.09078962171751441  
  11038.5  0.09078551304455243  
  11039.5  0.09078139963574933  
  11040.5  0.09077728678601997  
  11041.5  0.09077317449523774  
  11042.5  0.09076906805472124  
  11043.5  0.09076495688073451  
  11044.5  0.0907608462653154   
  11045.5  0.09075674149762722  
  11046.5  0.0907526319982455   
  11047.5  0.09074852305705225  
  11048.5  0.09074441467392114  
  11049.5  0.09074031213514364  
  11050.5  0.09073620486704007  
  11051.5  0.09073209815661998  
  11052.5  0.09072799200375717  
  11053.5  0.0907238916918739   
  11054.5  0.09071978665303007  
  11055.5  0.09071568217136536  
  11056.5  0.09071158352815202  
  11057.5  0.0907074801597508   
  11058.5  0.09070337734815086  
  11059.5  0.0906992750932263   
  11060.5  0.09069517867338471  
  11061.5  0.0906910775307173   
  11062.5  0.09068697694434792  
  11063.5  0.09068287691415086  
  11064.5  0.09067878271567158  
  11065.5  0.09067468379672658  
  11066.5  0.09067058543357705  
  11067.5  0.09066649289962378  
  11068.5  0.09066239564697345  
  11069.5  0.09065829894974205  
  11070.5  0.09065420280780409  
  11071.5  0.09065011249170288  
  11072.5  0.09064601745926132  
  11073.5  0.09064192298173716  
  11074.5  0.09063783432753247  
  11075.5  0.09063374095875351  
  11076.5  0.09062964814451631  
  11077.5  0.09062555588469566  
  11078.5  0.09062146944484052  
  11079.5  0.09061737829276442  
  11080.5  0.09061328769472969  
  11081.5  0.09060919765061129  
  11082.5  0.09060511342310767  
  11083.5  0.09060102448573447  
  11084.5  0.09059693610190288  
  11085.5  0.09059285353217537  
  11086.5  0.09058876625434037  
  11087.5  0.0905846795296726   
  11088.5  0.0905805933580473   
  11089.5  0.09057651299718099  
  11090.5  0.09057242793055513  
  11091.5  0.09056834341659786  
  11092.5  0.0905642647108931   
  11093.5  0.09056018130118833  
  11094.5  0.09055609844377857  
  11095.5  0.09055201613853937  
  11096.5  0.09054793963821316  
  11097.5  0.09054385843623151  
  11098.5  0.09053977778604734  
  11099.5  0.09053569768753632  
  11100.5  0.09053162339060193  
  11101.5  0.09052754439435476  
  11102.5  0.09052346594940815  
  11103.5  0.09051939330353825  
  11104.5  0.09051531596011113  
  11105.5  0.09051123916761229  
  11106.5  0.0905071629259177   
  11107.5  0.09050309247996907  
  11108.5  0.09049901733880247  
  11109.5  0.09049494274806834  
  11110.5  0.09049087395058443  
  11111.5  0.09048680045963556  
  11112.5  0.09048272751874772  
  11113.5  0.09047865512779715  
  11114.5  0.09047458852677157  
  11115.5  0.09047051723461694  
  11116.5  0.0904664464920286   
  11117.5  0.09046237629888293  
  11118.5  0.0904583118923402   
  11119.5  0.09045424279700241  
  11120.5  0.09045017425073679  
  11121.5  0.0904461114885849   
  11122.5  0.090442044039387    
  11123.5  0.09043797713889114  
  11124.5  0.09043391078697392  
  11125.5  0.09042985021585397  
  11126.5  0.09042578496001857  
  11127.5  0.0904217202523922   
  11128.5  0.09041766132307799  
  11129.5  0.09041359771079491  
  11130.5  0.09040953464635149  
  11131.5  0.09040547212962466  
  11132.5  0.09040141538789899  
  11133.5  0.09039735396553174  
  11134.5  0.09039329309051218  
  11135.5  0.09038923276271743  
  11136.5  0.090385178206616    
  11137.5  0.09038111897219832  
  11138.5  0.09037706028463702  
  11139.5  0.09037300736629049  
  11140.5  0.09036894977137029  
  11141.5  0.09036489272293843  
  11142.5  0.09036083622087225  
  11143.5  0.09035678548471848  
  11144.5  0.09035273007431306  
  11145.5  0.09034867520990571  
  11146.5  0.09034462089137395  
  11147.5  0.09034057233545541  
  11148.5  0.0903365191076053   
  11149.5  0.09033246642526366  
  11150.5  0.09032841950306313  
  11151.5  0.0903243679106697   
  11152.5  0.09032031686341792  
  11153.5  0.09031626636118557  
  11154.5  0.09031222161580064  
  11155.5  0.09030817220253957  
  11156.5  0.09030412333393159  
  11157.5  0.09030008021970305  
  11158.5  0.09029603243933451  
  11159.5  0.09029198520325309  
  11160.5  0.09028793851133685  
  11161.5  0.09028389757051175  
  11162.5  0.09027985196586011  
  11163.5  0.09027580690500811  
  11164.5  0.09027176238783395  
  11165.5  0.0902677236184658   
  11166.5  0.09026368018758267  
  11167.5  0.0902596373000123   
  11168.5  0.09025560015778639  
  11169.5  0.09025155835577774  
  11170.5  0.0902475170967171   
  11171.5  0.090243476380483    
  11172.5  0.09023944140631367  
  11173.5  0.09023540177466981  
  11174.5  0.09023136268548818  
  11175.5  0.09022732933591388  
  11176.5  0.0902232913305948   
  11177.5  0.09021925386737406  
  11178.5  0.09021521694613031  
  11179.5  0.09021118576121966  
  11180.5  0.09020714992286916  
  11181.5  0.09020311462613222  
  11182.5  0.09019907987088771  
  11183.5  0.09019505084870512  
  11184.5  0.09019101717538572  
  11185.5  0.09018698404319575  
  11186.5  0.09018295664161663  
  11187.5  0.09017892459062656  
  11188.5  0.09017489308040325  
  11189.5  0.09017086211082583  
  11190.5  0.09016683686859352  
  11191.5  0.09016280697925     
  11192.5  0.09015877763019015  
  11193.5  0.0901547540060284   
  11194.5  0.09015072573647884  
  11195.5  0.09014669800685106  
  11196.5  0.0901426708170245   
  11197.5  0.0901386493488357   
  11198.5  0.09013462323755553  
  11199.5  0.09013059766571513  
  11200.5  0.09012657263319404  
  11201.5  0.0901225533190535   
  11202.5  0.09011852936411613  
  11203.5  0.09011450594813712  
  11204.5  0.09011048824809798  
  11205.5  0.09010646590898157  
  11206.5  0.09010244410846285  
  11207.5  0.09009842284642168  
  11208.5  0.09009440729706848  
  11209.5  0.0900903871109293   
  11210.5  0.09008636746290748  
  11211.5  0.09008235352513702  
  11212.5  0.09007833495229764  
  11213.5  0.09007431691721574  
  11214.5  0.09007029941977142  
  11215.5  0.09006628762933197  
  11216.5  0.09006227120611161  
  11217.5  0.09005825532016944  
  11218.5  0.09005423997138565  
  11219.5  0.09005023032636332  
  11220.5  0.0900462160508462   
  11221.5  0.09004220231212855  
  11222.5  0.09003819427474205  
  11223.5  0.09003418160857397  
  11224.5  0.09003016947884672  
  11225.5  0.0900261578854408   
  11226.5  0.09002215199012796  
  11227.5  0.09001814146831644  
  11228.5  0.09001413148246806  
  11229.5  0.09001012203246347  
  11230.5  0.09000611827731696  
  11231.5  0.09000210989795275  
  11232.5  0.0899981020540746   
  11233.5  0.08999409990263053  
  11234.5  0.08999009312867813  
  11235.5  0.08998608688985442  
  11236.5  0.0899820811860403   
  11237.5  0.08997808117143052  
  11238.5  0.0899740765365902   
  11239.5  0.08997007243640254  
  11240.5  0.08996607402299919  
  11241.5  0.08996207099107226  
  11242.5  0.08995806849344133  
  11243.5  0.08995406652998758  
  11244.5  0.08995007025009383  
  11245.5  0.08994606935395097  
  11246.5  0.08994206899162911  
  11247.5  0.0899380691630096   
  11248.5  0.08993407501472872  
  11249.5  0.0899300762524714   
  11250.5  0.08992607802356069  
  11251.5  0.08992208547257488  
  11252.5  0.08991808830931573  
  11253.5  0.08991409167904778  
  11254.5  0.0899100955816526   
  11255.5  0.08990610515896628  
  11256.5  0.08990211012627607  
  11257.5  0.08989811562610367  
  11258.5  0.08989412679823036  
  11259.5  0.0898901333620538   
  11260.5  0.08988614045804046  
  11261.5  0.08988214808607213  
  11262.5  0.08987816138319216  
  11263.5  0.08987417007427514  
  11264.5  0.08987017929704898  
  11265.5  0.08986618905139562  
  11266.5  0.0898622044716229   
  11267.5  0.08985821528807746  
  11268.5  0.08985422663575111  
  11269.5  0.08985024364690183  
  11270.5  0.08984625605597672  
  11271.5  0.08984226899591728  
  11272.5  0.08983828246660575  
  11273.5  0.0898343015975688   
  11274.5  0.0898303161287172   
  11275.5  0.0898263311902605   
  11276.5  0.0898223519096788   
  11277.5  0.08981836803097686  
  11278.5  0.0898143846823172   
  11279.5  0.08981040186358231  
  11280.5  0.08980642469952527  
  11281.5  0.08980244293960586  
  11282.5  0.08979846170925902  
  11283.5  0.08979448100836737  
  11284.5  0.08979050595895934  
  11285.5  0.08978652631594505  
  11286.5  0.08978254720203419  
  11287.5  0.08977857373721353  
  11288.5  0.08977459568047727  
  11289.5  0.08977061815249301  
  11290.5  0.08976664115314362  
  11291.5  0.08976266979969547  
  11292.5  0.08975869385658458  
  11293.5  0.08975471844175759  
  11294.5  0.08975074355509746  
  11295.5  0.08974677431115262  
  11296.5  0.0897428004797961   
  11297.5  0.08973882717625592  
  11298.5  0.08973485951304373  
  11299.5  0.0897308872641068   
  11300.5  0.08972691554263594  
  11301.5  0.08972294434851441  
  11302.5  0.08971897879154017  
  11303.5  0.08971500865108901  
  11304.5  0.0897110390376374   
  11305.5  0.08970707505894972  
  11306.5  0.08970310649846962  
  11307.5  0.08969913846463957  
  11308.5  0.08969517095734314  
  11309.5  0.08969120908163508  
  11310.5  0.08968724262637927  
  11311.5  0.08968327669730801  
  11312.5  0.08967931129430495  
  11313.5  0.08967535151971773  
  11314.5  0.08967138716782558  
  11315.5  0.08966742334165304  
  11316.5  0.0896634651415191   
  11317.5  0.08965950236576099  
  11318.5  0.08965554011537417  
  11319.5  0.08965157839024261  
  11320.5  0.08964762228798226  
  11321.5  0.08964366161233742  
  11322.5  0.08963970146159993  
  11323.5  0.08963574693136035  
  11324.5  0.08963178782941464  
  11325.5  0.08962782925202875  
  11326.5  0.08962387119908684  
  11327.5  0.08961991876348065  
  11328.5  0.0896159617584048   
  11329.5  0.08961200527742585  
  11330.5  0.08960804932042808  
  11331.5  0.0896040989776068   
  11332.5  0.08960014406755054  
  11333.5  0.0895961896811288   
  11334.5  0.08959224090651627  
  11335.5  0.0895882875663434   
  11336.5  0.08958433474945872  
  11337.5  0.08958038245574675  
  11338.5  0.0895764357706899   
  11339.5  0.08957248452230425  
  11340.5  0.0895685337967454   
  11341.5  0.0895645886774783   
  11342.5  0.08956063899655464  
  11343.5  0.08955668983811219  
  11344.5  0.0895527412020357   
  11345.5  0.08954879816910204  
  11346.5  0.0895448505767402   
  11347.5  0.08954090350639916  
  11348.5  0.08953695695796386  
  11349.5  0.08953301600952542  
  11350.5  0.08952907050388532  
  11351.5  0.08952512551980624  
  11352.5  0.08952118613336667  
  11353.5  0.08951724219139401  
  11354.5  0.0895132987706379   
  11355.5  0.08950935587098355  
  11356.5  0.08950541856582785  
  11357.5  0.08950147670736248  
  11358.5  0.08949753536965485  
  11359.5  0.08949359962409238  
  11360.5  0.08948965932688645  
  11361.5  0.08948571955009456  
  11362.5  0.08948178029360214  
  11363.5  0.08947784662611914  
  11364.5  0.08947390840921296  
  11365.5  0.08946997071226297  
  11366.5  0.08946603353515477  
  11367.5  0.08946210194392318  
  11368.5  0.08945816580548685  
  11369.5  0.08945423018654948  
  11370.5  0.08945030015114123  
  11371.5  0.08944636557019078  
  11372.5  0.08944243150839672  
  11373.5  0.08943849796564492  
  11374.5  0.0894345700032945   
  11375.5  0.08943063749761722  
  11376.5  0.08942670551064005  
  11377.5  0.08942277404224902  
  11378.5  0.08941884815113456  
  11379.5  0.08941491771890676  
  11380.5  0.08941098780492339  
  11381.5  0.08940706346587514  
  11382.5  0.08940313458737238  
  11383.5  0.08939920622677267  
  11384.5  0.08939527838396219  
  11385.5  0.08939135611296711  
  11386.5  0.08938742930472796  
  11387.5  0.0893835030139371   
  11388.5  0.08937958229262397  
  11389.5  0.08937565703572325  
  11390.5  0.08937173229593019  
  11391.5  0.08936780807313124  
  11392.5  0.08936388941669536  
  11393.5  0.0893599662268792   
  11394.5  0.08935604355371693  
  11395.5  0.08935212139709517  
  11396.5  0.08934820480372468  
  11397.5  0.08934428367917947  
  11398.5  0.08934036307083495  
  11399.5  0.08933644802341002  
  11400.5  0.08933252844646317  
  11401.5  0.08932860938537751  
  11402.5  0.08932469084003991  
  11403.5  0.08932077785251517  
  11404.5  0.08931686033767094  
  11405.5  0.0893129433382357   
  11406.5  0.08930903189428539  
  11407.5  0.0893051159246661   
  11408.5  0.08930120047011701  
  11409.5  0.08929728553052521  
  11410.5  0.08929337614331667  
  11411.5  0.08928946223263849  
  11412.5  0.08928554883657924  
  11413.5  0.08928163595502615  
  11414.5  0.08927772862275755  
  11415.5  0.08927381676921685  
  11416.5  0.08926990542984437  
  11417.5  0.0892659996374344   
  11418.5  0.08926208932539917  
  11419.5  0.08925817952719453  
  11420.5  0.08925427024270799  
  11421.5  0.08925036650209014  
  11422.5  0.08924645824404152  
  11423.5  0.08924255049937375  
  11424.5  0.08923864829625651  
  11425.5  0.08923474157735299  
  11426.5  0.08923083537149344  
  11427.5  0.08922692967856555  
  11428.5  0.08922302952409938  
  11429.5  0.08921912485603838  
  11430.5  0.08921522070057253  
  11431.5  0.08921131705758972  
  11432.5  0.08920741894998273  
  11433.5  0.0892035163309705   
  11434.5  0.08919961422410523  
  11435.5  0.08919571765030343  
  11436.5  0.08919181656673732  
  11437.5  0.08918791599498238  
  11438.5  0.08918401593492671  
  11439.5  0.08918012140485362  
  11440.5  0.08917622236720275  
  11441.5  0.0891723238409158   
  11442.5  0.08916842582588098  
  11443.5  0.08916453333775068  
  11444.5  0.08916063634422737  
  11445.5  0.08915673986162127  
  11446.5  0.08915284890361323  
  11447.5  0.08914895344184948  
  11448.5  0.08914505849066828  
  11449.5  0.0891411640499581   
  11450.5  0.08913727513077288  
  11451.5  0.0891333817100137   
  11452.5  0.08912948879939128  
  11453.5  0.08912560140799113  
  11454.5  0.08912170951665198  
  11455.5  0.08911781813511567  
  11456.5  0.08911392726327094  
  11457.5  0.08911004190758033  
  11458.5  0.08910615205412939  
  11459.5  0.0891022627100365   
  11460.5  0.0890983738751905   
  11461.5  0.08909449055343331  
  11462.5  0.08909060273609275  
  11463.5  0.08908671542766594  
  11464.5  0.08908283363003108  
  11465.5  0.08907894733844421  
  11466.5  0.08907506155543829  
  11467.5  0.08907117628090244  
  11468.5  0.08906729651409817  
  11469.5  0.08906341225551577  
  11470.5  0.08905952850507103  
  11471.5  0.08905565026006466  
  11472.5  0.08905176752490929  
  11473.5  0.08904788529755946  
  11474.5  0.0890440035779045   
  11475.5  0.08904012736063253  
  11476.5  0.08903624665538236  
  11477.5  0.08903236645749536  
  11478.5  0.08902848676686101  
  11479.5  0.08902461257555705  
  11480.5  0.08902073389844396  
  11481.5  0.08901685572825223  
  11482.5  0.08901298305510352  
  11483.5  0.08900910589777124  
  11484.5  0.08900522924702928  
  11485.5  0.0890013531027674   
  11486.5  0.08899748245250083  
  11487.5  0.08899360732021674  
  11488.5  0.08898973269408214  
  11489.5  0.08898586355965916  
  11490.5  0.08898198994484191  
  11491.5  0.08897811683584385  
  11492.5  0.08897424423255489  
  11493.5  0.08897037711793482  
  11494.5  0.08896650552508348  
  11495.5  0.08896263443761138  
  11496.5  0.08895876385540856  
  11497.5  0.08895489875883465  
  11498.5  0.0889510291861908   
  11499.5  0.08894716011848675  
  11500.5  0.0889432965341337   
  11501.5  0.08893942847533036  
  11502.5  0.08893556092113768  
  11503.5  0.08893169387144591  
  11504.5  0.08892783230207006  
  11505.5  0.0889239662604022   
  11506.5  0.08892010072290651  
  11507.5  0.0889162406634525   
  11508.5  0.0889123761333239   
  11509.5  0.08890851210703896  
  11510.5  0.08890464858448822  
  11511.5  0.08890079053694896  
  11512.5  0.08889692802089039  
  11513.5  0.08889306600823794  
  11514.5  0.08888920449888227  
  11515.5  0.08888534846151064  
  11516.5  0.08888148795777326  
  11517.5  0.08887762795700496  
  11518.5  0.08887377342595222  
  11519.5  0.08886991443014758  
  11520.5  0.08886605593698466  
  11521.5  0.08886219794635436  
  11522.5  0.08885834542241704  
  11523.5  0.08885448843587836  
  11524.5  0.08885063195154531  
  11525.5  0.08884677596930893  
  11526.5  0.08884292545074574  
  11527.5  0.08883907047173001  
  11528.5  0.08883521599448438  
  11529.5  0.08883136697864913  
  11530.5  0.08882751350397172  
  11531.5  0.08882366053073808  
  11532.5  0.08881980805883948  
  11533.5  0.08881596104533633  
  11534.5  0.08881210957513684  
  11535.5  0.0888082586059465   
  11536.5  0.08880441309289248  
  11537.5  0.08880056312475018  
  11538.5  0.08879671365729143  
  11539.5  0.0887928646904077   
  11540.5  0.0887890211766502   
  11541.5  0.08878517320994726  
  11542.5  0.08878132574349418  
  11543.5  0.08877747877718253  
  11544.5  0.08877363726098973  
  11545.5  0.08876979129399265  
  11546.5  0.08876594582681223  
  11547.5  0.08876210580749717  
  11548.5  0.08875826133898242  
  11549.5  0.08875441736995979  
  11550.5  0.08875057390032116  
  11551.5  0.08874673587554535  
  11552.5  0.088742893403708    
  11553.5  0.08873905143093053  
  11554.5  0.08873521490076602  
  11555.5  0.08873137392514231  
  11556.5  0.08872753344825463  
  11557.5  0.08872369346999506  
  11558.5  0.08871985893135077  
  11559.5  0.08871601994938243  
  11560.5  0.08871218146571878  
  11561.5  0.08870834348025203  
  11562.5  0.08870451093140555  
  11563.5  0.0887006739413685   
  11564.5  0.08869683744920534  
  11565.5  0.08869300639141822  
  11566.5  0.08868917089403938  
  11567.5  0.08868533589421167  
  11568.5  0.08868150139182748  
  11569.5  0.08867767232082917  
  11570.5  0.08867383881236965  
  11571.5  0.08867000580103133  
  11572.5  0.08866617821883827  
  11573.5  0.08866234620078059  
  11574.5  0.08865851467952206  
  11575.5  0.08865468365495531  
  11576.5  0.08865085805654839  
  11577.5  0.08864702802440445  
  11578.5  0.08864319848863061  
  11579.5  0.08863936944911967  
  11580.5  0.08863554583278589  
  11581.5  0.08863171778484093  
  11582.5  0.08862789023283761  
  11583.5  0.08862406810177642  
  11584.5  0.0886202415406972   
  11585.5  0.0886164154752386   
  11586.5  0.08861258990529365  
  11587.5  0.08860876975331293  
  11588.5  0.08860494517343707  
  11589.5  0.08860112108875427  
  11590.5  0.08859729749915764  
  11591.5  0.08859347932455001  
  11592.5  0.0885896567241685   
  11593.5  0.08858583461855297  
  11594.5  0.08858201792569703  
  11595.5  0.08857819680865689  
  11596.5  0.08857437618606276  
  11597.5  0.08857055605780804  
  11598.5  0.08856674133934248  
  11599.5  0.08856292219881097  
  11600.5  0.08855910355229933  
  11601.5  0.08855529031335099  
  11602.5  0.08855147265392416  
  11603.5  0.08854765548819796  
  11604.5  0.08854383881606595  
  11605.5  0.0885400275485315   
  11606.5  0.08853621186263394  
  11607.5  0.08853239667001171  
  11608.5  0.08852858197055856  
  11609.5  0.08852477267273993  
  11610.5  0.08852095895867186  
  11611.5  0.08851714573745438  
  11612.5  0.08851333791565115  
  11613.5  0.08850952567918247  
  11614.5  0.08850571393524617  
  11615.5  0.08850190268373621  
  11616.5  0.0884980968286822   
  11617.5  0.08849428656107348  
  11618.5  0.0884904767855733   
  11619.5  0.08848667240431232  
  11620.5  0.08848286361207844  
  11621.5  0.08847905531163557  
  11622.5  0.08847524750287784  
  11623.5  0.08847144508540575  
  11624.5  0.08846763825906857  
  11625.5  0.0884638319240994   
  11626.5  0.08846002608039259  
  11627.5  0.08845622562502044  
  11628.5  0.0884524207628894   
  11629.5  0.08844861639170391  
  11630.5  0.08844481740664191  
  11631.5  0.08844101401639935  
  11632.5  0.0884372111167859   
  11633.5  0.08843340870769606  
  11634.5  0.08842961168178347  
  11635.5  0.08842581025279359  
  11636.5  0.08842200931401122  
  11637.5  0.08841821375619843  
  11638.5  0.08841441379688451  
  11639.5  0.0884106143274623   
  11640.5  0.08840681534782655  
  11641.5  0.08840302174621881  
  11642.5  0.08839922374521031  
  11643.5  0.08839542623367282  
  11644.5  0.08839162921150122  
  11645.5  0.08838783756441876  
  11646.5  0.0883840415200342   
  11647.5  0.0883802459647005   
  11648.5  0.08837645578225377  
  11649.5  0.08837266120407769  
  11650.5  0.08836886711463768  
  11651.5  0.08836507351382884  
  11652.5  0.08836128528297277  
  11653.5  0.08835749265848312  
  11654.5  0.08835370052231027  
  11655.5  0.08834991375389148  
  11656.5  0.08834612259340972  
  11657.5  0.08834233192093063  
  11658.5  0.08833854173634952  
  11659.5  0.08833475691659293  
  11660.5  0.08833096770686626  
  11661.5  0.08832717898472382  
  11662.5  0.08832339075006108  
  11663.5  0.08831960787729597  
  11664.5  0.088315820616652    
  11665.5  0.08831203384317438  
  11666.5  0.08830825242940114  
  11667.5  0.08830446662931626  
  11668.5  0.08830068131608464  
  11669.5  0.08829689648960193  
  11670.5  0.08829311701990138  
  11671.5  0.08828933316597752  
  11672.5  0.08828554979848986  
  11673.5  0.08828176691733423  
  11674.5  0.08827798939004111  
  11675.5  0.0882742074806114   
  11676.5  0.08827042605720138  
  11677.5  0.08826664998546613  
  11678.5  0.08826286953315805  
  11679.5  0.08825908956655763  
  11680.5  0.08825531008556085  
  11681.5  0.08825153595332386  
  11682.5  0.08824775744259787  
  11683.5  0.08824397941716386  
  11684.5  0.08824020673830536  
  11685.5  0.08823642968251949  
  11686.5  0.08823265311171422  
  11687.5  0.08822887702578576  
  11688.5  0.0882251062835224   
  11689.5  0.08822133116641263  
  11690.5  0.08821755653386869  
  11691.5  0.08821378238578688  
  11692.5  0.08821001357846242  
  11693.5  0.08820624039837088  
  11694.5  0.08820246770243086  
  11695.5  0.08819870034506933  
  11696.5  0.08819492861649897  
  11697.5  0.08819115737176973  
  11698.5  0.08818738661077821  
  11699.5  0.08818362118546202  
  11700.5  0.08817985139101346  
  11701.5  0.08817608207999261  
  11702.5  0.08817231810247168  
  11703.5  0.08816854975737451  
  11704.5  0.08816478189539532  
  11705.5  0.0881610145164309   
  11706.5  0.08815725246806783  
  11707.5  0.08815348605420209  
  11708.5  0.08814972012304179  
  11709.5  0.08814595467448381  
  11710.5  0.08814219455363122  
  11711.5  0.08813843006934796  
  11712.5  0.08813466606735805  
  11713.5  0.0881309073909035   
  11714.5  0.08812714435257103  
  11715.5  0.0881233817962232   
  11716.5  0.08811961972175715  
  11717.5  0.08811586296993507  
  11718.5  0.0881121018583042   
  11719.5  0.08810834122824678  
  11720.5  0.08810458591866673  
  11721.5  0.08810082625082848  
  11722.5  0.08809706706425562  
  11723.5  0.08809330835884548  
  11724.5  0.0880895549710259   
  11725.5  0.08808579722701441  
  11726.5  0.08808203996385797  
  11727.5  0.088078283181454    
  11728.5  0.08807453171375636  
  11729.5  0.08807077589193149  
  11730.5  0.08806702055055178  
  11731.5  0.08806327052171715  
  11732.5  0.08805951614030257  
  11733.5  0.0880557622390261   
  11734.5  0.08805200881778544  
  11735.5  0.08804826070621018  
  11736.5  0.08804450824411676  
  11737.5  0.08804075626175248  
  11738.5  0.08803700475901512  
  11739.5  0.08803325856306606  
  11740.5  0.08802950801865905  
  11741.5  0.08802575795357268  
  11742.5  0.0880220131931187   
  11743.5  0.08801826408575072  
  11744.5  0.08801451545739733  
  11745.5  0.08801076730795648  
  11746.5  0.08800702446027552  
  11747.5  0.08800327726773792  
  11748.5  0.08799953055380721  
  11749.5  0.08799578913948389  
  11750.5  0.08799204338184574  
  11751.5  0.0879882981025091   
  11752.5  0.08798455330137218  
  11753.5  0.08798081379697459  
  11754.5  0.08797706995131674  
  11755.5  0.08797332658355358  
  11756.5  0.08796958369358344  
  11757.5  0.08796584609748713  
  11758.5  0.08796210416218357  
  11759.5  0.08795836270436833  
  11760.5  0.08795462653827976  
  11761.5  0.08795088603452242  
  11762.5  0.08794714600794902  
  11763.5  0.0879434064584581   
  11764.5  0.0879396721978329   
  11765.5  0.08793593360158906  
  11766.5  0.08793219548212367  
  11767.5  0.08792846264938017  
  11768.5  0.08792472548255444  
  11769.5  0.08792098879220338  
  11770.5  0.08791725257822577  
  11771.5  0.08791352164811359  
  11772.5  0.0879097863859665   
  11773.5  0.08790605159988946  
  11774.5  0.0879023172897813   
  11775.5  0.08789858826068468  
  11776.5  0.0878948549015989   
  11777.5  0.087891122018179    
  11778.5  0.08788739441363208  
  11779.5  0.08788366248062908  
  11780.5  0.08787993102298917  
  11781.5  0.08787620004061147  
  11782.5  0.08787247433425732  
  11783.5  0.08786874430149003  
  11784.5  0.08786501474368251  
  11785.5  0.08786129045976339  
  11786.5  0.08785756185096212  
  11787.5  0.08785383371681847  
  11788.5  0.08785010605723176  
  11789.5  0.08784638366868845  
  11790.5  0.08784265695730317  
  11791.5  0.08783893072017301  
  11792.5  0.0878352049571974   
  11793.5  0.08783148446242284  
  11794.5  0.08782775964684482  
  11795.5  0.0878240353051199   
  11796.5  0.08782031622946611  
  11797.5  0.08781659283453658  
  11798.5  0.08781286991315901  
  11799.5  0.08780914746523304  
  11800.5  0.08780543028054019  
  11801.5  0.08780170877860738  
  11802.5  0.08779798774982538  
  11803.5  0.08779427198214992  
  11804.5  0.08779055189876012  
  11805.5  0.08778683228822057  
  11806.5  0.0877831131504311   
  11807.5  0.08777939927091467  
  11808.5  0.0877756810777169   
  11809.5  0.08777196335696903  
  11810.5  0.08776824610857101  
  11811.5  0.08776453411561506  
  11812.5  0.08776081781100915  
  11813.5  0.0877571019784533   
  11814.5  0.08775339139921813  
  11815.5  0.08774967650985536  
  11816.5  0.08774596209224308  
  11817.5  0.08774224814628144  
  11818.5  0.08773853945081395  
  11819.5  0.08773482644724749  
  11820.5  0.08773111391503245  
  11821.5  0.08772740185406913  
  11822.5  0.08772369504077594  
  11823.5  0.08771998392141084  
  11824.5  0.0877162732729986   
  11825.5  0.08771256787014034  
  11826.5  0.08770885816272923  
  11827.5  0.08770514892597242  
  11828.5  0.08770144015977037  
  11829.5  0.0876977366363027   
  11830.5  0.08769402881030648  
  11831.5  0.08769032145456679  
  11832.5  0.08768661933944864  
  11833.5  0.08768291292331896  
  11834.5  0.08767920697714786  
  11835.5  0.087675501500836    
  11836.5  0.08767180126233048  
  11837.5  0.08766809672483496  
  11838.5  0.08766439265690107  
  11839.5  0.08766068905842965  
  11840.5  0.08765699069495184  
  11841.5  0.08765328803450399  
  11842.5  0.08764958584322134  
  11843.5  0.08764588888482465  
  11844.5  0.0876421876309717   
  11845.5  0.08763848684598695  
  11846.5  0.0876347865297714   
  11847.5  0.0876310914436335   
  11848.5  0.08762739206405652  
  11849.5  0.08762369315295213  
  11850.5  0.08761999946982102  
  11851.5  0.08761630149476256  
  11852.5  0.08761260398788026  
  11853.5  0.08760890694907537  
  11854.5  0.08760521513543981  
  11855.5  0.0876015190318914   
  11856.5  0.08759782339612432  
  11857.5  0.08759412822803994  
  11858.5  0.08759043828232346  
  11859.5  0.087586744048707    
  11860.5  0.08758305028247756  
  11861.5  0.0875793617365168   
  11862.5  0.08757566890416454  
  11863.5  0.08757197653890389  
  11864.5  0.08756828464063633  
  11865.5  0.08756459795984038  
  11866.5  0.08756090699466311  
  11867.5  0.08755721649618389  
  11868.5  0.08755353121308031  
  11869.5  0.08754984164710186  
  11870.5  0.08754615254752662  
  11871.5  0.08754246391425637  
  11872.5  0.08753878049356903  
  11873.5  0.08753509279201425  
  11874.5  0.08753140555646996  
  11875.5  0.08752771878683804  
  11876.5  0.08752403722699882  
  11877.5  0.08752035138829801  
  11878.5  0.08751666601521545  
  11879.5  0.08751298584983476  
  11880.5  0.08750930140709569  
  11881.5  0.087505617429681    
  11882.5  0.08750193391749278  
  11883.5  0.0874982556102205   
  11884.5  0.08749457302759302  
  11885.5  0.08749089090989846  
  11886.5  0.08748721399503229  
  11887.5  0.0874835328063121   
  11888.5  0.08747985208223158  
  11889.5  0.08747617182269299  
  11890.5  0.0874724967632012   
  11891.5  0.08746881743185585  
  11892.5  0.0874651385647595   
  11893.5  0.08746146016181457  
  11894.5  0.08745778695613733  
  11895.5  0.08745410948060539  
  11896.5  0.08745043246893229  
  11897.5  0.08744676065244442  
  11898.5  0.08744308456759982  
  11899.5  0.08743940894632177  
  11900.5  0.08743573378851281  
  11901.5  0.08743206382311428  
  11902.5  0.08742838959135521  
  11903.5  0.0874247158227733   
  11904.5  0.0874210425172712   
  11905.5  0.08741737440140722  
  11906.5  0.08741370202117733  
  11907.5  0.08741003010373566  
  11908.5  0.08740636337385467  
  11909.5  0.0874026923811026   
  11910.5  0.08739902185084734  
  11911.5  0.08739535178299185  
  11912.5  0.08739168689992903  
  11913.5  0.08738801775598701  
  11914.5  0.08738434907415372  
  11915.5  0.08738068557503892  
  11916.5  0.08737701781653771  
  11917.5  0.08737335051985445  
  11918.5  0.08736968368489224  
  11919.5  0.08736602202988478  
  11920.5  0.08736235611748014  
  11921.5  0.08735869066650613  
  11922.5  0.08735502567686594  
  11923.5  0.08735136586441922  
  11924.5  0.08734770179656301  
  11925.5  0.08734403818975055  
  11926.5  0.08734037975806241  
  11927.5  0.08733671707245438  
  11928.5  0.08733305484760027  
  11929.5  0.08732939308340351  
  11930.5  0.08732573649157403  
  11931.5  0.08732207564780968  
  11932.5  0.08731841526441318  
  11933.5  0.08731476005131802  
  11934.5  0.08731110058777561  
  11935.5  0.08730744158431178  
  11936.5  0.08730378304083015  
  11937.5  0.08730012966489717  
  11938.5  0.08729647204049922  
  11939.5  0.08729281487579456  
  11940.5  0.08728915817068694  
  11941.5  0.08728550663037764  
  11942.5  0.08728185084358414  
  11943.5  0.08727819551609915  
  11944.5  0.08727454535135154  
  11945.5  0.08727089094160417  
  11946.5  0.08726723699087699  
  11947.5  0.08726358349907389  
  11948.5  0.08725993516726212  
  11949.5  0.08725628259242872  
  11950.5  0.08725263047623145  
  11951.5  0.08724898351796778  
  11952.5  0.08724533231816492  
  11953.5  0.08724168157671044  
  11954.5  0.08723803129350852  
  11955.5  0.08723438616549835  
  11956.5  0.08723073679792444  
  11957.5  0.08722708788831568  
  11958.5  0.08722343943657627  
  11959.5  0.08721979613728928  
  11960.5  0.08721614860041244  
  11961.5  0.08721250152111791  
  11962.5  0.08720885959222306  
  11963.5  0.08720521342721765  
  11964.5  0.08720156771950778  
  11965.5  0.08719792246899788  
  11966.5  0.08719428236615245  
  11967.5  0.08719063802916774  
  11968.5  0.08718699414909654  
  11969.5  0.08718335072584339  
  11970.5  0.08717971244752196  
  11971.5  0.08717606993703098  
  11972.5  0.08717242788307193  
  11973.5  0.08716879097199684  
  11974.5  0.08716514983022836  
  11975.5  0.08716150914470591  
  11976.5  0.08715786891533427  
  11977.5  0.08715423382611806  
  11978.5  0.08715059450817553  
  11979.5  0.08714695564609826  
  11980.5  0.0871433219221318   
  11981.5  0.08713968397091318  
  11982.5  0.08713604647527454  
  11983.5  0.0871324094351208   
  11984.5  0.08712877753035353  
  11985.5  0.08712514140029855  
  11986.5  0.08712150572544351  
  11987.5  0.08711787050569347  
  11988.5  0.08711424041860796  
  11989.5  0.08711060610819767  
  11990.5  0.08710697225260773  
  11991.5  0.08710334352764268  
  11992.5  0.08709971058082389  
  11993.5  0.08709607808854107  
  11994.5  0.0870924460506995   
  11995.5  0.08708881914076506  
  11996.5  0.08708518801093716  
  11997.5  0.08708155733526644  
  11998.5  0.08707793178546636  
  11999.5  0.08707430201724185  
  12000.5  0.08707067270289076  
  12001.5  0.08706704384231849  
  12002.5  0.08706342010490328  
  12003.5  0.0870597921510213   
  12004.5  0.08705616465063469  
  12005.5  0.08705253760364899  
  12006.5  0.08704891567710916  
  12007.5  0.08704528953605872  
  12008.5  0.08704166384812605  
  12009.5  0.08703804327860767  
  12010.5  0.08703441849604462  
  12011.5  0.08703079416631647  
  12012.5  0.08702717028932894  
  12013.5  0.08702355152804869  
  12014.5  0.08701992855567728  
  12015.5  0.08701630603576394  
  12016.5  0.08701268862952942  
  12017.5  0.08700906701366773  
  12018.5  0.0870054458499818   
  12019.5  0.08700182513837755  
  12020.5  0.08699820953774927  
  12021.5  0.08699458972944471  
  12022.5  0.08699097037293986  
  12023.5  0.08698735146814073  
  12024.5  0.0869837376716171   
  12025.5  0.08698011966936658  
  12026.5  0.08697650211854015  
  12027.5  0.0869728896739656   
  12028.5  0.0869692730251251   
  12029.5  0.08696565682742727  
  12030.5  0.08696204108077833  
  12031.5  0.08695843043768499  
  12032.5  0.08695481559227242  
  12033.5  0.0869512011976277   
  12034.5  0.08694759190451806  
  12035.5  0.08694397841054816  
  12036.5  0.08694036536706524  
  12037.5  0.08693675277397576  
  12038.5  0.08693314527972919  
  12039.5  0.08692953358656648  
  12040.5  0.0869259223435167   
  12041.5  0.08692231155048634  
  12042.5  0.08691870585360906  
  12043.5  0.08691509595975834  
  12044.5  0.08691148651564685  
  12045.5  0.08690788216567284  
  12046.5  0.08690427362018124  
  12047.5  0.08690066552414898  
  12048.5  0.08689705787748275  
  12049.5  0.08689345532226826  
  12050.5  0.08688984857347627  
  12051.5  0.08688624227377069  
  12052.5  0.08688263642305837  
  12053.5  0.08687903566111442  
  12054.5  0.08687543070753154  
  12055.5  0.08687182620266264  
  12056.5  0.08686822678455135  
  12057.5  0.08686462317625393  
  12058.5  0.08686102001639145  
  12059.5  0.08685741730487087  
  12060.5  0.0868538196774287   
  12061.5  0.08685021786173637  
  12062.5  0.08684661649410726  
  12063.5  0.08684302020854882  
  12064.5  0.08683941973619112  
  12065.5  0.08683581971161816  
  12066.5  0.08683222013473713  
  12067.5  0.08682862563725163  
  12068.5  0.08682502695490027  
  12069.5  0.08682142871996266  
  12070.5  0.08681783093234616  
  12071.5  0.08681423822145237  
  12072.5  0.08681064132762462  
  12073.5  0.08680704488084012  
  12074.5  0.0868034535087755   
  12075.5  0.0867998579552247   
  12076.5  0.08679626284843958  
  12077.5  0.08679266818832762  
  12078.5  0.08678907860026681  
  12079.5  0.08678548483264915  
  12080.5  0.08678189151142741  
  12081.5  0.086778303260257    
  12082.5  0.08677471083097563  
  12083.5  0.08677111884781315  
  12084.5  0.08676752731067722  
  12085.5  0.08676394084092796  
  12086.5  0.0867603501949945   
  12087.5  0.08675675999481092  
  12088.5  0.08675317024028494  
  12089.5  0.08674958555048334  
  12090.5  0.08674599668642281  
  12091.5  0.08674240826774354  
  12092.5  0.08673882491179365  
  12093.5  0.08673523738302764  
  12094.5  0.08673165029936675  
  12095.5  0.08672806366071895  
  12096.5  0.08672448208214226  
  12097.5  0.08672089633267219  
  12098.5  0.08671731102793935  
  12099.5  0.08671373078128569  
  12100.5  0.08671014636517956  
  12101.5  0.08670656239353508  
  12102.5  0.08670297886626047  
  12103.5  0.08669940039441078  
  12104.5  0.08669581775502877  
  12105.5  0.08669223555974132  
  12106.5  0.08668865380845671  
  12107.5  0.08668507710994515  
  12108.5  0.08668149624581993  
  12109.5  0.08667791582542261  
  12110.5  0.08667434045581116  
  12111.5  0.08667076092202393  
  12112.5  0.08666718183168988  
  12113.5  0.08666360318471746  
  12114.5  0.08666002958588306  
  12115.5  0.08665645182478901  
  12116.5  0.08665287450678219  
  12117.5  0.08664929763177115  
  12118.5  0.0866457258022526   
  12119.5  0.08664214981238906  
  12120.5  0.08663857426524724  
  12121.5  0.08663500376161545  
  12122.5  0.08663142909907356  
  12123.5  0.08662785487897953  
  12124.5  0.08662428110124214  
  12125.5  0.08662071236437327  
  12126.5  0.08661713947050638  
  12127.5  0.08661356701872258  
  12128.5  0.08660999960582792  
  12129.5  0.0866064280373682   
  12130.5  0.08660285691071831  
  12131.5  0.08659928622578714  
  12132.5  0.08659572057710758  
  12133.5  0.08659215077477256  
  12134.5  0.0865885814138833   
  12135.5  0.08658501249434883  
  12136.5  0.08658144860843077  
  12137.5  0.08657788057076533  
  12138.5  0.08657431297418204  
  12139.5  0.08657075040924048  
  12140.5  0.0865671836939815   
  12141.5  0.08656361741953225  
  12142.5  0.08656005158580193  
  12143.5  0.08655649078108214  
  12144.5  0.08655292582795052  
  12145.5  0.08654936131526571  
  12146.5  0.08654580182961975  
  12147.5  0.08654223819699002  
  12148.5  0.08653867500453523  
  12149.5  0.08653511225216481  
  12150.5  0.08653155452420606  
  12151.5  0.08652799265116654  
  12152.5  0.08652443121793982  
  12153.5  0.08652087022443539  
  12154.5  0.08651731425271769  
  12155.5  0.08651375413782082  
  12156.5  0.08651019446237501  
  12157.5  0.08650663980674896  
  12158.5  0.0865030810093688   
  12159.5  0.08649952265116871  
  12160.5  0.08649596473205833  
  12161.5  0.08649241183014678  
  12162.5  0.08648885478838018  
  12163.5  0.0864852981854326   
  12164.5  0.08648174659771987  
  12165.5  0.08647819087157528  
  12166.5  0.08647463558397926  
  12167.5  0.08647108073484165  
  12168.5  0.08646753089832193  
  12169.5  0.08646397692526687  
  12170.5  0.08646042339040011  
  12171.5  0.08645687029363158  
  12172.5  0.08645332220686623  
  12173.5  0.08644976998546065  
  12174.5  0.08644621820188347  
  12175.5  0.08644267142635015  
  12176.5  0.0864391205175968   
  12177.5  0.08643557004640226  
  12178.5  0.08643202001267668  
  12179.5  0.0864284749843842   
  12180.5  0.0864249258247643   
  12181.5  0.08642137710234403  
  12182.5  0.08641783338340055  
  12183.5  0.08641428553454795  
  12184.5  0.08641073812262594  
  12185.5  0.08640719114754483  
  12186.5  0.08640364917333374  
  12187.5  0.08640010307110359  
  12188.5  0.08639655740544559  
  12189.5  0.08639301217627017  
  12190.5  0.08638947194536024  
  12191.5  0.08638592758831991  
  12192.5  0.08638238366749369  
  12193.5  0.08637884474298126  
  12194.5  0.0863753016937538   
  12195.5  0.08637175908047226  
  12196.5  0.08636821690304723  
  12197.5  0.08636467971933542  
  12198.5  0.08636113841279469  
  12199.5  0.08635759754184258  
  12200.5  0.0863540571063898   
  12201.5  0.0863505216620519   
  12202.5  0.0863469820967698   
  12203.5  0.0863434429667194   
  12204.5  0.08633990882583684  
  12205.5  0.0863363705654225   
  12206.5  0.0863328327399725   
  12207.5  0.08632929534939773  
  12208.5  0.0863257629453964   
  12209.5  0.0863222264237455   
  12210.5  0.08631869033670277  
  12211.5  0.08631515923428933  
  12212.5  0.08631162401563688  
  12213.5  0.08630808923132578  
  12214.5  0.08630455488126708  
  12215.5  0.0863010255132472   
  12216.5  0.08629749203086803  
  12217.5  0.08629395898247473  
  12218.5  0.08629042636797848  
  12219.5  0.08628689873293278  
  12220.5  0.0862833669854061   
  12221.5  0.08627983567151025  
  12222.5  0.08627630933512544  
  12223.5  0.08627277888766725  
  12224.5  0.08626924887357389  
  12225.5  0.08626571929275671  
  12226.5  0.08626219468686626  
  12227.5  0.08625866597177823  
  12228.5  0.08625513768970068  
  12229.5  0.08625161438061327  
  12230.5  0.08624808696373407  
  12231.5  0.08624455997959989  
  12232.5  0.08624103342812223  
  12233.5  0.08623751184705429  
  12234.5  0.08623398616006786  
  12235.5  0.08623046090547283  
  12236.5  0.08622693608318079  
  12237.5  0.08622341622872026  
  12238.5  0.08621989227021315  
  12239.5  0.08621636874374418  
  12240.5  0.08621285018317473  
  12241.5  0.08620932751996153  
  12242.5  0.08620580528852188  
  12243.5  0.08620228348876753  
  12244.5  0.08619876665233837  
  12245.5  0.08619524571513491  
  12246.5  0.08619172520935245  
  12247.5  0.08618820966496608  
  12248.5  0.0861846900212064   
  12249.5  0.08618117080860364  
  12250.5  0.08617765202706976  
  12251.5  0.0861741382043615   
  12252.5  0.0861706202841469   
  12253.5  0.08616710279473741  
  12254.5  0.08616358573604507  
  12255.5  0.08616007363361013  
  12256.5  0.0861565574355344   
  12257.5  0.08615304166791235  
  12258.5  0.08614953085462317  
  12259.5  0.08614601594709129  
  12260.5  0.08614250146974982  
  12261.5  0.086138987422511    
  12262.5  0.08613547832704066  
  12263.5  0.08613196513919075  
  12264.5  0.08612845238118051  
  12265.5  0.08612494005292232  
  12266.5  0.08612143267387043  
  12267.5  0.08611792120430065  
  12268.5  0.08611441016422025  
  12269.5  0.08611090407142617  
  12270.5  0.08610739388950943  
  12271.5  0.08610388413681958  
  12272.5  0.08610037481326917  
  12273.5  0.0860968704344468   
  12274.5  0.08609336196836098  
  12275.5  0.08608985393115245  
  12276.5  0.08608635083675485  
  12277.5  0.08608284365648716  
  12278.5  0.08607933690483484  
  12279.5  0.0860758305817106   
  12280.5  0.08607232919884283  
  12281.5  0.08606882373196173  
  12282.5  0.0860653186933471   
  12283.5  0.08606181408291173  
  12284.5  0.08605831441018055  
  12285.5  0.08605481065529143  
  12286.5  0.08605130732832025  
  12287.5  0.08604780893714069  
  12288.5  0.08604430646519366  
  12289.5  0.08604080442090346  
  12290.5  0.08603730280418309  
  12291.5  0.08603380612070588  
  12292.5  0.08603030535831416  
  12293.5  0.08602680502323143  
  12294.5  0.08602330961948218  
  12295.5  0.08601981013820706  
  12296.5  0.08601631108398036  
  12297.5  0.08601281245671524  
  12298.5  0.08600931875823896  
  12299.5  0.08600582098408732  
  12300.5  0.08600232363663694  
  12301.5  0.08599882671580114  
  12302.5  0.08599533472121172  
  12303.5  0.08599183865279605  
  12304.5  0.08598834301073492  
  12305.5  0.085984852293015    
  12306.5  0.0859813575028546   
  12307.5  0.08597786313878897  
  12308.5  0.08597436920073155  
  12309.5  0.0859708801844767   
  12310.5  0.08596738709762806  
  12311.5  0.08596389443652815  
  12312.5  0.08596040669532844  
  12313.5  0.0859569148849189   
  12314.5  0.08595342349999885  
  12315.5  0.08594993254048185  
  12316.5  0.08594644649833025  
  12317.5  0.08594295638881305  
  12318.5  0.08593946670443998  
  12319.5  0.08593597744512471  
  12320.5  0.08593249310064219  
  12321.5  0.08592900469063694  
  12322.5  0.08592551670543082  
  12323.5  0.08592203363315956  
  12324.5  0.0859185464967467   
  12325.5  0.08591505978487453  
  12326.5  0.08591157349745691  
  12327.5  0.0859080921204453   
  12328.5  0.08590460668113252  
  12329.5  0.08590112166601614  
  12330.5  0.08589764155941074  
  12331.5  0.08589415739188343  
  12332.5  0.08589067364829463  
  12333.5  0.08588719032855832  
  12334.5  0.0858837119148079   
  12335.5  0.08588022944197363  
  12336.5  0.08587674739273424  
  12337.5  0.08587326576700385  
  12338.5  0.08586978904473641  
  12339.5  0.08586630826522178  
  12340.5  0.08586282790895881  
  12341.5  0.08585935245426819  
  12342.5  0.08585587294370683  
  12343.5  0.08585239385614003  
  12344.5  0.08584891519148206  
  12345.5  0.08584544142587729  
  12346.5  0.08584196360623601  
  12347.5  0.08583848620924675  
  12348.5  0.0858350092348239   
  12349.5  0.08583153715693723  
  12350.5  0.08582806102684692  
  12351.5  0.0858245853190665   
  12352.5  0.08582111450593612  
  12353.5  0.08581763964197571  
  12354.5  0.08581416520006882  
  12355.5  0.08581069118013007  
  12356.5  0.0858072220523281   
  12357.5  0.08580374887552658  
  12358.5  0.08580027612043714  
  12359.5  0.08579680825560115  
  12360.5  0.0857933363431374   
  12361.5  0.08578986485212994  
  12362.5  0.08578639378249348  
  12363.5  0.08578292760060094  
  12364.5  0.08577945737290876  
  12365.5  0.08577598756633203  
  12366.5  0.08577251818078563  
  12367.5  0.0857690536804758   
  12368.5  0.08576558513619302  
  12369.5  0.08576211701268528  
  12370.5  0.08575865377253522  
  12371.5  0.0857551864897812   
  12372.5  0.08575171962754723  
  12373.5  0.08574825318574829  
  12374.5  0.08574479162480339  
  12375.5  0.08574132602307884  
  12376.5  0.0857378608415346   
  12377.5  0.08573440053896828  
  12378.5  0.08573093619698949  
  12379.5  0.0857274722749365   
  12380.5  0.0857240087727245   
  12381.5  0.0857205501469905   
  12382.5  0.08571708748366598  
  12383.5  0.08571362523992818  
  12384.5  0.08571016341569242  
  12385.5  0.08570670646543688  
  12386.5  0.08570324547941138  
  12387.5  0.08569978491263396  
  12388.5  0.08569632921796505  
  12389.5  0.08569286948889057  
  12390.5  0.08568941017881042  
  12391.5  0.08568595128764005  
  12392.5  0.08568249726608414  
  12393.5  0.08567903921194084  
  12394.5  0.08567558157645387  
  12395.5  0.08567212880871242  
  12396.5  0.0856686720097462   
  12397.5  0.08566521562918308  
  12398.5  0.08566175966693867  
  12399.5  0.08565830856994942  
  12400.5  0.08565485344355123  
  12401.5  0.08565139873521878  
  12402.5  0.08564794444486781  
  12403.5  0.08564449501728379  
  12404.5  0.08564104156210525  
  12405.5  0.08563758852465553  
  12406.5  0.08563414034810818  
  12407.5  0.08563068814532612  
  12408.5  0.08562723636002044  
  12409.5  0.08562378499210699  
  12410.5  0.08562033848261136  
  12411.5  0.08561688794869313  
  12412.5  0.085613437831915    
  12413.5  0.08560998813219288  
  12414.5  0.08560654328840618  
  12415.5  0.08560309442200761  
  12416.5  0.08559964597241322  
  12417.5  0.085596202376894    
  12418.5  0.08559275476011993  
  12419.5  0.08558930755989838  
  12420.5  0.08558586077614545  
  12421.5  0.08558241884398898  
  12422.5  0.08557897289238603  
  12423.5  0.08557552735700034  
  12424.5  0.08557208667135362  
  12425.5  0.0855686419676157   
  12426.5  0.08556519767984387  
  12427.5  0.0855617538079544   
  12428.5  0.08555831478332888  
  12429.5  0.08555487174241815  
  12430.5  0.08555142911713892  
  12431.5  0.08554798690740757  
  12432.5  0.08554454954246718  
  12433.5  0.08554110816304629  
  12434.5  0.08553766719892267  
  12435.5  0.08553423107773687  
  12436.5  0.08553079094342306  
  12437.5  0.08552735122415613  
  12438.5  0.08552391191985263  
  12439.5  0.08552047745601767  
  12440.5  0.08551703898085701  
  12441.5  0.08551360092040969  
  12442.5  0.0855101676985805   
  12443.5  0.08550673046677632  
  12444.5  0.08550329364943558  
  12445.5  0.08549985724647499  
  12446.5  0.08549642567966691  
  12447.5  0.08549299010468382  
  12448.5  0.08548955494383127  
  12449.5  0.08548612019702607  
  12450.5  0.08548269028390983  
  12451.5  0.08547925636441722  
  12452.5  0.08547582285872263  
  12453.5  0.08547239418487089  
  12454.5  0.08546896150599075  
  12455.5  0.08546552924065949  
  12456.5  0.08546209738879411  
  12457.5  0.08545867036631168  
  12458.5  0.08545523934059715  
  12459.5  0.08545180872809964  
  12460.5  0.08544838294314173  
  12461.5  0.08544495315629791  
  12462.5  0.0854415237824225   
  12463.5  0.0854380948214326   
  12464.5  0.08543467068552603  
  12465.5  0.08543124254952753  
  12466.5  0.0854278148261662   
  12467.5  0.08542438751535923  
  12468.5  0.08542096502718145  
  12469.5  0.08541753854070436  
  12470.5  0.08541411246653359  
  12471.5  0.0854106912131529   
  12472.5  0.08540726596281635  
  12473.5  0.08540384112453826  
  12474.5  0.085400416698236    
  12475.5  0.08539699709027328  
  12476.5  0.085393573487145    
  12477.5  0.08539015029574498  
  12478.5  0.08538673192084811  
  12479.5  0.08538330955212743  
  12480.5  0.0853798875948876   
  12481.5  0.0853764660490462   
  12482.5  0.08537304931726102  
  12483.5  0.08536962859343998  
  12484.5  0.08536620828077027  
  12485.5  0.08536278837916951  
  12486.5  0.0853593732891801   
  12487.5  0.0853559542089415   
  12488.5  0.08535253553952504  
  12489.5  0.08534912167988783  
  12490.5  0.08534570383134038  
  12491.5  0.08534228639336847  
  12492.5  0.08533886936588986  
  12493.5  0.08533545714574925  
  12494.5  0.08533204093848275  
  12495.5  0.08532862514146322  
  12496.5  0.08532520975460857  
  12497.5  0.08532179917265272  
  12498.5  0.08531838460535397  
  12499.5  0.08531497044797404  
  12500.5  0.08531156109366501  
  12501.5  0.0853081477553494   
  12502.5  0.08530473482670671  
  12503.5  0.08530132230765503  
  12504.5  0.08529791458923866  
  12505.5  0.08529450288859637  
  12506.5  0.0852910915972995   
  12507.5  0.0852876851048128   
  12508.5  0.08528427463143466  
  12509.5  0.0852808645671566   
  12510.5  0.08527745491189678  
  12511.5  0.0852740500530151   
  12512.5  0.0852706412150204   
  12513.5  0.08526723278579885  
  12514.5  0.08526382476526877  
  12515.5  0.08526042153868686  
  12516.5  0.08525701433476901  
  12517.5  0.08525360753929778  
  12518.5  0.08525020553595379  
  12519.5  0.08524679955660566  
  12520.5  0.08524339398545953  
  12521.5  0.0852399888224339   
  12522.5  0.08523658844910909  
  12523.5  0.0852331841015549   
  12524.5  0.08522978016187686  
  12525.5  0.0852263810100814   
  12526.5  0.08522297788538664  
  12527.5  0.08521957516832387  
  12528.5  0.08521617285881171  
  12529.5  0.08521277533475928  
  12530.5  0.08520937383958006  
  12531.5  0.08520597275170758  
  12532.5  0.08520257207106054  
  12533.5  0.08519917617345246  
  12534.5  0.08519577630648875  
  12535.5  0.0851923768465069   
  12536.5  0.08518898216774994  
  12537.5  0.08518558352096472  
  12538.5  0.08518218528091796  
  12539.5  0.08517878744752855  
  12540.5  0.08517539439294679  
  12541.5  0.08517199737210565  
  12542.5  0.08516860075767874  
  12543.5  0.08516520892024808  
  12544.5  0.0851618131178837   
  12545.5  0.08515841772169062  
  12546.5  0.08515502273158786  
  12547.5  0.08515163251606768  
  12548.5  0.0851482383373804   
  12549.5  0.08514484456454077  
  12550.5  0.08514145119746795  
  12551.5  0.08513806260256607  
  12552.5  0.08513467004626235  
  12553.5  0.08513127789548305  
  12554.5  0.08512789051506747  
  12555.5  0.08512449917457304  
  12556.5  0.08512110823936085  
  12557.5  0.08511771770935017  
  12558.5  0.0851143319472951   
  12559.5  0.0851109422269242   
  12560.5  0.08510755291151288  
  12561.5  0.08510416836225262  
  12562.5  0.08510077985599779  
  12563.5  0.08509739175446084  
  12564.5  0.08509400405756126  
  12565.5  0.08509062112440814  
  12566.5  0.08508723423602116  
  12567.5  0.08508384775203008  
  12568.5  0.08508046167235447  
  12569.5  0.08507708035402275  
  12570.5  0.08507369508221661  
  12571.5  0.08507031021448476  
  12572.5  0.08506693010629637  
  12573.5  0.08506354604595218  
  12574.5  0.08506016238944128  
  12575.5  0.0850567791366834   
  12576.5  0.08505340064106995  
  12577.5  0.08505001819505782  
  12578.5  0.085046636152558    
  12579.5  0.08504325451349029  
  12580.5  0.08503987762916995  
  12581.5  0.08503649679620683  
  12582.5  0.08503311636643536  
  12583.5  0.08502974068961504  
  12584.5  0.08502636106546782  
  12585.5  0.08502298184427204  
  12586.5  0.0850196030259476   
  12587.5  0.08501622895818078  
  12588.5  0.08501285094484069  
  12589.5  0.08500947333413199  
  12590.5  0.08500610047218728  
  12591.5  0.08500272366598352  
  12592.5  0.08499934726217138  
  12593.5  0.08499597126067096  
  12594.5  0.08499260000554448  
  12595.5  0.08498922480791031  
  12596.5  0.08498585001234837  
  12597.5  0.08498247561877882  
  12598.5  0.08497910596919521  
  12599.5  0.08497573237885395  
  12600.5  0.08497235919026587  
  12601.5  0.08496899074387419  
  12602.5  0.08496561835803647  
  12603.5  0.08496224637371287  
  12604.5  0.08495887479082372  
  12605.5  0.08495550794774648  
  12606.5  0.08495213716697096  
  12607.5  0.08494876678739115  
  12608.5  0.08494540114583633  
  12609.5  0.08494203156789312  
  12610.5  0.08493866239090704  
  12611.5  0.08493529361479858  
  12612.5  0.08493192957433407  
  12613.5  0.08492856159922674  
  12614.5  0.0849251940247587   
  12615.5  0.08492182685085058  
  12616.5  0.08491846441020731  
  12617.5  0.08491509803666553  
  12618.5  0.0849117320634456   
  12619.5  0.08490837082170774  
  12620.5  0.08490500564837855  
  12621.5  0.0849016408751334   
  12622.5  0.08489827650189298  
  12623.5  0.08489491685775907  
  12624.5  0.08489155328377587  
  12625.5  0.08488819010955984  
  12626.5  0.08488483166267011  
  12627.5  0.08488146928723665  
  12628.5  0.08487810731133298  
  12629.5  0.08487474573487996  
  12630.5  0.08487138888338115  
  12631.5  0.08486802810507839  
  12632.5  0.08486466772598919  
  12633.5  0.08486130774603454  
  12634.5  0.0848579524886639   
  12635.5  0.08485459330622785  
  12636.5  0.08485123452268949  
  12637.5  0.08484788045995903  
  12638.5  0.08484452247346608  
  12639.5  0.08484116488563416  
  12640.5  0.08483780769638437  
  12641.5  0.08483445522557582  
  12642.5  0.08483109883274106  
  12643.5  0.08482774283825205  
  12644.5  0.08482438724203     
  12645.5  0.08482103636188446  
  12646.5  0.08481768156144774  
  12647.5  0.08481432715904184  
  12648.5  0.0848109774709404   
  12649.5  0.08480762386384806  
  12650.5  0.08480427065455062  
  12651.5  0.08480091784296942  
  12652.5  0.08479756974333141  
  12653.5  0.08479421772643532  
  12654.5  0.08479086610701977  
  12655.5  0.08478751919777795  
  12656.5  0.08478416837257666  
  12657.5  0.08478081794462045  
  12658.5  0.08477746791383085  
  12659.5  0.08477412259085712  
  12660.5  0.0847707733536545   
  12661.5  0.08476742451338326  
  12662.5  0.08476407606996503  
  12663.5  0.08476073233200679  
  12664.5  0.08475738468154895  
  12665.5  0.08475403742770914  
  12666.5  0.08475069487756391  
  12667.5  0.08474734841621506  
  12668.5  0.0847440023512495   
  12669.5  0.08474065668258896  
  12670.5  0.08473731571527053  
  12671.5  0.0847339708384756   
  12672.5  0.0847306263577512   
  12673.5  0.08472728657660604  
  12674.5  0.08472394288727873  
  12675.5  0.08472059959378762  
  12676.5  0.08471725669605462  
  12677.5  0.08471391849555185  
  12678.5  0.0847105763885918   
  12679.5  0.0847072346771558   
  12680.5  0.08470389336116585  
  12681.5  0.08470055674005907  
  12682.5  0.08469721621421859  
  12683.5  0.0846938760835904   
  12684.5  0.08469054064608648  
  12685.5  0.08468720130514068  
  12686.5  0.08468386235917351  
  12687.5  0.08468052380810713  
  12688.5  0.08467718994782139  
  12689.5  0.08467385218581515  
  12690.5  0.08467051481847637  
  12691.5  0.08466718214016192  
  12692.5  0.08466384556141705  
  12693.5  0.0846605093771065   
  12694.5  0.08465717358715254  
  12695.5  0.08465384248388265  
  12696.5  0.08465050748190156  
  12697.5  0.08464717287404416  
  12698.5  0.08464383866023285  
  12699.5  0.08464050913076729  
  12700.5  0.08463717570430847  
  12701.5  0.0846338426716631   
  12702.5  0.08463051432161119  
  12703.5  0.08462718207585353  
  12704.5  0.08462385022367686  
  12705.5  0.08462051876500373  
  12706.5  0.08461719198658911  
  12707.5  0.08461386131418451  
  12708.5  0.08461053103505124  
  12709.5  0.08460720543442675  
  12710.5  0.08460387594109814  
  12711.5  0.08460054684080885  
  12712.5  0.08459721813348159  
  12713.5  0.08459389410233155  
  12714.5  0.08459056618019094  
  12715.5  0.08458723865078062  
  12716.5  0.08458391151402332  
  12717.5  0.08458058905111362  
  12718.5  0.08457726269892568  
  12719.5  0.0845739367391593   
  12720.5  0.08457061545149475  
  12721.5  0.08456729027583522  
  12722.5  0.08456396549236596  
  12723.5  0.08456064110100985  
  12724.5  0.08455732137942933  
  12725.5  0.08455399777156397  
  12726.5  0.08455067455558074  
  12727.5  0.08454735173140265  
  12728.5  0.0845440335746758   
  12729.5  0.08454071153337299  
  12730.5  0.08453738988364452  
  12731.5  0.08453407289962553  
  12732.5  0.08453075203231128  
  12733.5  0.08452743155634077  
  12734.5  0.08452411147163713  
  12735.5  0.084520796050322    
  12736.5  0.08451747674741834  
  12737.5  0.0845141578355512   
  12738.5  0.0845108435853333   
  12739.5  0.08450752545480593  
  12740.5  0.08450420771508493  
  12741.5  0.08450089036609362  
  12742.5  0.08449757767643393  
  12743.5  0.0844942611081693   
  12744.5  0.08449094493040443  
  12745.5  0.08448762914306272  
  12746.5  0.08448431801273694  
  12747.5  0.08448100300550951  
  12748.5  0.08447768838847558  
  12749.5  0.08447437842672226  
  12750.5  0.0844710645893438   
  12751.5  0.08446775114192936  
  12752.5  0.08446443808440253  
  12753.5  0.0844611296798439   
  12754.5  0.08445781740136128  
  12755.5  0.08445450551253703  
  12756.5  0.08445119827494818  
  12757.5  0.08444788716471023  
  12758.5  0.08444457644390162  
  12759.5  0.084441266112446    
  12760.5  0.08443796042991679  
  12761.5  0.08443465087643744  
  12762.5  0.08443134171208233  
  12763.5  0.0844280329367752   
  12764.5  0.08442472880808737  
  12765.5  0.0844214208101471   
  12766.5  0.08441811320102632  
  12767.5  0.08441481023679594  
  12768.5  0.08441150340458546  
  12769.5  0.08440819696096614  
  12770.5  0.08440489090586185  
  12771.5  0.08440158949334418  
  12772.5  0.084398284214542    
  12773.5  0.08439497932402679  
  12774.5  0.08439167907437178  
  12775.5  0.08438837495970299  
  12776.5  0.08438507123309326  
  12777.5  0.08438176789446665  
  12778.5  0.0843784691943998   
  12779.5  0.08437516663101256  
  12780.5  0.08437186445538081  
  12781.5  0.08436856266742865  
  12782.5  0.08436526551573768  
  12783.5  0.08436196450241851  
  12784.5  0.08435866387655154  
  12785.5  0.08435536788522327  
  12786.5  0.08435206803353498  
  12787.5  0.08434876856907171  
  12788.5  0.08434546949175771  
  12789.5  0.08434217504668713  
  12790.5  0.08433887674294659  
  12791.5  0.08433557882612835  
  12792.5  0.0843322812961568   
  12793.5  0.08432898839613533  
  12794.5  0.08432569163913266  
  12795.5  0.08432239526874996  
  12796.5  0.08431910352659873  
  12797.5  0.08431580792873197  
  12798.5  0.08431251271725868  
  12799.5  0.08430921789210333  
  12800.5  0.08430592769288936  
  12801.5  0.08430263363964653  
  12802.5  0.08429933997249539  
  12803.5  0.08429605092956952  
  12804.5  0.08429275803387883  
  12805.5  0.08428946552405371  
  12806.5  0.08428617340001884  
  12807.5  0.08428288589792246  
  12808.5  0.08427959454474579  
  12809.5  0.0842763035771335   
  12810.5  0.08427301299501033  
  12811.5  0.08426972703254076  
  12812.5  0.0842664372206742   
  12813.5  0.08426314779407117  
  12814.5  0.08425986298540947  
  12815.5  0.08425657432861232  
  12816.5  0.08425328605685328  
  12817.5  0.08424999817005722  
  12818.5  0.0842467148989209   
  12819.5  0.08424342778133029  
  12820.5  0.08424014104847748  
  12821.5  0.08423685892957461  
  12822.5  0.0842335729654774   
  12823.5  0.08423028738589301  
  12824.5  0.08422700219074647  
  12825.5  0.08422372160727154  
  12826.5  0.0842204371802813   
  12827.5  0.08421715313750416  
  12828.5  0.08421386947886525  
  12829.5  0.08421059042962145  
  12830.5  0.08420730753854018  
  12831.5  0.08420402503137261  
  12832.5  0.08420074713189424  
  12833.5  0.08419746539183581  
  12834.5  0.0841941840354668   
  12835.5  0.08419090306271243  
  12836.5  0.08418762669537407  
  12837.5  0.08418434648913133  
  12838.5  0.08418106666627918  
  12839.5  0.08417779144713954  
  12840.5  0.08417451239035137  
  12841.5  0.08417123371672992  
  12842.5  0.08416795542620055  
  12843.5  0.08416468173711375  
  12844.5  0.084161404212052    
  12845.5  0.08415812706985872  
  12846.5  0.08415485031045933  
  12847.5  0.08415157815023444  
  12848.5  0.08414830215570697  
  12849.5  0.08414502654375002  
  12850.5  0.0841417555292679   
  12851.5  0.08413848068173654  
  12852.5  0.0841352062165525   
  12853.5  0.08413193213364138  
  12854.5  0.08412866264594027  
  12855.5  0.08412538932686016  
  12856.5  0.08412211638983001  
  12857.5  0.08411884804631263  
  12858.5  0.08411557587266803  
  12859.5  0.0841123040808506   
  12860.5  0.0841090326707861   
  12861.5  0.08410576585197277  
  12862.5  0.08410249520470037  
  12863.5  0.08409922493895833  
  12864.5  0.08409595505467252  
  12865.5  0.08409268975937814  
  12866.5  0.0840894206372916   
  12867.5  0.084086151896439    
  12868.5  0.08408288774288442  
  12869.5  0.08407961976378696  
  12870.5  0.0840763521657013   
  12871.5  0.08407308494855341  
  12872.5  0.08406982231644702  
  12873.5  0.0840665558604626   
  12874.5  0.08406328978519409  
  12875.5  0.0840600240905675   
  12876.5  0.08405676297872776  
  12877.5  0.08405349804467363  
  12878.5  0.08405023349103978  
  12879.5  0.0840469735185032   
  12880.5  0.08404370972499901  
  12881.5  0.08404044631169366  
  12882.5  0.08403718327851335  
  12883.5  0.08403392482417885  
  12884.5  0.08403066255053829  
  12885.5  0.08402740065680155  
  12886.5  0.0840241433402234   
  12887.5  0.08402088220558443  
  12888.5  0.08401762145062826  
  12889.5  0.0840143610752812   
  12890.5  0.08401110527484452  
  12891.5  0.08400784565800645  
  12892.5  0.08400458642055669  
  12893.5  0.08400132756242168  
  12894.5  0.08399807327695066  
  12895.5  0.08399481517673649  
  12896.5  0.0839915574556165   
  12897.5  0.08398830430547709  
  12898.5  0.08398504734183729  
  12899.5  0.0839817907570713   
  12900.5  0.08397853455110564  
  12901.5  0.08397528291387742  
  12902.5  0.08397202746480495  
  12903.5  0.08396877239431268  
  12904.5  0.08396552189087682  
  12905.5  0.08396226757683793  
  12906.5  0.08395901364115928  
  12907.5  0.0839557600837676   
  12908.5  0.08395251109119231  
  12909.5  0.08394925828966807  
  12910.5  0.08394600586621104  
  12911.5  0.08394275382074803  
  12912.5  0.08393950633786326  
  12913.5  0.08393625504768239  
  12914.5  0.08393300413527606  
  12915.5  0.08392975778377072  
  12916.5  0.08392650762620803  
  12917.5  0.08392325784620057  
  12918.5  0.08392000844367523  
  12919.5  0.08391676359981592  
  12920.5  0.08391351495155007  
  12921.5  0.08391026668054727  
  12922.5  0.08390702296653565  
  12923.5  0.08390377544935466  
  12924.5  0.08390052830921785  
  12925.5  0.08389728154605226  
  12926.5  0.08389403933764608  
  12927.5  0.08389079332771925  
  12928.5  0.08388754769454498  
  12929.5  0.08388430243805041  
  12930.5  0.08388106173408529  
  12931.5  0.08387781723024701  
  12932.5  0.08387457310287004  
  12933.5  0.08387133352635139  
  12934.5  0.08386809015119435  
  12935.5  0.08386484715228038  
  12936.5  0.0838616045295367   
  12937.5  0.08385836645542456  
  12938.5  0.0838551245843195   
  12939.5  0.08385188308916677  
  12940.5  0.08384864196989368  
  12941.5  0.08384540539702715  
  12942.5  0.08384216502881195  
  12943.5  0.08383892503625866  
  12944.5  0.08383568958844453  
  12945.5  0.08383245034651407  
  12946.5  0.08382921148002792  
  12947.5  0.08382597298891355  
  12948.5  0.08382273904031654  
  12949.5  0.08381950129924538  
  12950.5  0.08381626393332868  
  12951.5  0.08381303110826432  
  12952.5  0.08380979449195658  
  12953.5  0.08380655825058611  
  12954.5  0.08380332238408052  
  12955.5  0.08380009105620859  
  12956.5  0.08379685593873346  
  12957.5  0.08379362119590626  
  12958.5  0.0837903868276547   
  12959.5  0.08378715699581994  
  12960.5  0.08378392337602095  
  12961.5  0.08378069013058088  
  12962.5  0.08377746141989634  
  12963.5  0.0837742289224759   
  12964.5  0.08377099679919783  
  12965.5  0.08376776504999     
  12966.5  0.08376453783332398  
  12967.5  0.08376130683155895  
  12968.5  0.08375807620364788  
  12969.5  0.08375485010661966  
  12970.5  0.08375162022571928  
  12971.5  0.08374839071845668  
  12972.5  0.08374516158475985  
  12973.5  0.08374193697973531  
  12974.5  0.08373870859247345  
  12975.5  0.08373548057856149  
  12976.5  0.08373225293792745  
  12977.5  0.0837290298237569   
  12978.5  0.08372580292898275  
  12979.5  0.08372257640727088  
  12980.5  0.08371935441036725  
  12981.5  0.08371612863408441  
  12982.5  0.08371290323064834  
  12983.5  0.08370967819998723  
  12984.5  0.08370645769192876  
  12985.5  0.08370323340612268  
  12986.5  0.08370000949287634  
  12987.5  0.0836967901005797   
  12988.5  0.08369356693175835  
  12989.5  0.0836903441352816   
  12990.5  0.08368712171107784  
  12991.5  0.08368390380562127  
  12992.5  0.08368068212526956  
  12993.5  0.08367746081697597  
  12994.5  0.08367423988066888  
  12995.5  0.08367102346090825  
  12996.5  0.08366780326788092  
  12997.5  0.08366458344662549  
  12998.5  0.0836613681402673   
  12999.5  0.08365814906186285  
  13000.5  0.08365493035501585  
  13001.5  0.08365171201965485  
  13002.5  0.08364849819699345  
  13003.5  0.0836452806039122   
  13004.5  0.08364206338210271  
  13005.5  0.08363885067134598  
  13006.5  0.0836356341913883   
  13007.5  0.08363241808248835  
  13008.5  0.08362920234457481  
  13009.5  0.08362599111551947  
  13010.5  0.08362277611888758  
  13011.5  0.08361956149302828  
  13012.5  0.08361634723787031  
  13013.5  0.08361313748937779  
  13014.5  0.08360992397493194  
  13015.5  0.08360671083097383  
  13016.5  0.08360350219203798  
  13017.5  0.08360028978836528  
  13018.5  0.08359707775496694  
  13019.5  0.08359386609177183  
  13020.5  0.08359065893140932  
  13021.5  0.08358744800793115  
  13022.5  0.08358423745444303  
  13023.5  0.08358102727087394  
  13024.5  0.08357782158794952  
  13025.5  0.0835746121435295   
  13026.5  0.08357140306881555  
  13027.5  0.08356819849310672  
  13028.5  0.0835649901571164   
  13029.5  0.08356178219061937  
  13030.5  0.08355857459354471  
  13031.5  0.0835553714932904   
  13032.5  0.0835521646343726   
  13033.5  0.0835489581446646   
  13034.5  0.08354575615013972  
  13035.5  0.08354255039816395  
  13036.5  0.08353934501518563  
  13037.5  0.08353614000113399  
  13038.5  0.08353293948008372  
  13039.5  0.08352973520319856  
  13040.5  0.08352653129502793  
  13041.5  0.08352332775550113  
  13042.5  0.08352012870679575  
  13043.5  0.0835169259038703   
  13044.5  0.08351372346937677  
  13045.5  0.08351052552407102  
  13046.5  0.08350732382575546  
  13047.5  0.08350412249566004  
  13048.5  0.08350092153371422  
  13049.5  0.08349772505877931  
  13050.5  0.0834945248324474   
  13051.5  0.08349132497405354  
  13052.5  0.0834881296010393   
  13053.5  0.08348493047783677  
  13054.5  0.08348173172236095  
  13055.5  0.0834785333345414   
  13056.5  0.08347533942992764  
  13057.5  0.08347214177673642  
  13058.5  0.08346894449099033  
  13059.5  0.08346574757261904  
  13060.5  0.08346255513528147  
  13061.5  0.0834593589509761   
  13062.5  0.08345616313383461  
  13063.5  0.08345297179609913  
  13064.5  0.08344977671260223  
  13065.5  0.08344658199605846  
  13066.5  0.08344338764639761  
  13067.5  0.0834401977739738   
  13068.5  0.08343700415739619  
  13069.5  0.083433810907491    
  13070.5  0.0834306221331974   
  13071.5  0.08342742961595488  
  13072.5  0.08342423746517445  
  13073.5  0.083421045680786    
  13074.5  0.08341785836984318  
  13075.5  0.08341466731755713  
  13076.5  0.08341147663145292  
  13077.5  0.08340828631146055  
  13078.5  0.08340510046274965  
  13079.5  0.08340191087429999  
  13080.5  0.08339872165175229  
  13081.5  0.0833955368988642   
  13082.5  0.08339234840743988  
  13083.5  0.08338916028170779  
  13084.5  0.08338597252159803  
  13085.5  0.08338278922898675  
  13086.5  0.08337960219944172  
  13087.5  0.08337641553530957  
  13088.5  0.08337322923652044  
  13089.5  0.08337004740307036  
  13090.5  0.08336686183428792  
  13091.5  0.08336367663063925  
  13092.5  0.08336049589071134  
  13093.5  0.08335731141665126  
  13094.5  0.08335412730751585  
  13095.5  0.0833509435632354   
  13096.5  0.08334776428051936  
  13097.5  0.08334458126527051  
  13098.5  0.08334139861466776  
  13099.5  0.08333822042401343  
  13100.5  0.08333503850202495  
  13101.5  0.08333185694447387  
  13102.5  0.08332867575129062  
  13103.5  0.08332549901590242  
  13104.5  0.08332231855077749  
  13105.5  0.0833191384498119   
  13106.5  0.08331595871293616  
  13107.5  0.08331278343170385  
  13108.5  0.08330960442233107  
  13109.5  0.08330642577683987  
  13110.5  0.0833032515853797   
  13111.5  0.08330007366697538  
  13112.5  0.08329689611224456  
  13113.5  0.08329371892111788  
  13114.5  0.08329054618187358  
  13115.5  0.08328736971727943  
  13116.5  0.08328419361608155  
  13117.5  0.08328102196515591  
  13118.5  0.08327784659007526  
  13119.5  0.08327467157818315  
  13120.5  0.08327149692941038  
  13121.5  0.08326832672876425  
  13122.5  0.08326515280555542  
  13123.5  0.08326197924525841  
  13124.5  0.08325880604780411  
  13125.5  0.08325563729633256  
  13126.5  0.08325246482388948  
  13127.5  0.08324929271408184  
  13128.5  0.08324612504865032  
  13129.5  0.0832429536634398   
  13130.5  0.08323978264065761  
  13131.5  0.08323661198023471  
  13132.5  0.08323344576204708  
  13133.5  0.08323027582566965  
  13134.5  0.08322710625144462  
  13135.5  0.08322394111785053  
  13136.5  0.08322077226725764  
  13137.5  0.08321760377861048  
  13138.5  0.08321443565184013  
  13139.5  0.08321127196356279  
  13140.5  0.08320810455987392  
  13141.5  0.08320493751785536  
  13142.5  0.08320177083743832  
  13143.5  0.08319860859337812  
  13144.5  0.0831954426354925   
  13145.5  0.0831922770390021   
  13146.5  0.08318911587726772  
  13147.5  0.08318595100289665  
  13148.5  0.08318278648971468  
  13149.5  0.08317962233765314  
  13150.5  0.08317646261821442  
  13151.5  0.08317329918772316  
  13152.5  0.08317013611814641  
  13153.5  0.08316697747959394  
  13154.5  0.08316381513117614  
  13155.5  0.08316065314346716  
  13156.5  0.08315749151639841  
  13157.5  0.0831543343182237   
  13158.5  0.08315117341176587  
  13159.5  0.08314801286574276  
  13160.5  0.08314485268008592  
  13161.5  0.0831416969211946   
  13162.5  0.08313853745560124  
  13163.5  0.08313537835016882  
  13164.5  0.08313222366990687  
  13165.5  0.0831290652841278   
  13166.5  0.08312590725830457  
  13167.5  0.0831227495923688   
  13168.5  0.08311959634947798  
  13169.5  0.08311643940264914  
  13170.5  0.08311328281550286  
  13171.5  0.08311012658797083  
  13172.5  0.08310697478135992  
  13173.5  0.08310381927238901  
  13174.5  0.08310066412282767  
  13175.5  0.08309751339259584  
  13176.5  0.08309435896118667  
  13177.5  0.08309120488898253  
  13178.5  0.08308805117591528  
  13179.5  0.08308490188005668  
  13180.5  0.08308174888459677  
  13181.5  0.08307859624806943  
  13182.5  0.08307544802716138  
  13183.5  0.08307229610783319  
  13184.5  0.08306914454723344  
  13185.5  0.08306599334529406  
  13186.5  0.08306284655685608  
  13187.5  0.08305969607157207  
  13188.5  0.0830565459447445   
  13189.5  0.08305339617630544  
  13190.5  0.08305025081925153  
  13191.5  0.08304710176692459  
  13192.5  0.08304395307278242  
  13193.5  0.08304080878843953  
  13194.5  0.08303766081000247  
  13195.5  0.08303451318954665  
  13196.5  0.08303136592700423  
  13197.5  0.0830282230721478   
  13198.5  0.08302507652476829  
  13199.5  0.0830219303350988   
  13200.5  0.08301878855153165  
  13201.5  0.08301564307661884  
  13202.5  0.08301249795921291  
  13203.5  0.08300935319924614  
  13204.5  0.08300621284327137  
  13205.5  0.08300306879752004  
  13206.5  0.08299992510900492  
  13207.5  0.08299678177765836  
  13208.5  0.08299364284819516  
  13209.5  0.08299050023052341  
  13210.5  0.08298735796981747  
  13211.5  0.08298422010941471  
  13212.5  0.0829810785619785   
  13213.5  0.08297793737130554  
  13214.5  0.08297479653732832  
  13215.5  0.08297166010154854  
  13216.5  0.08296851998030141  
  13217.5  0.08296538021554764  
  13218.5  0.0829622448474133   
  13219.5  0.0829591057949853   
  13220.5  0.08295596709884848  
  13221.5  0.0829528287589354   
  13222.5  0.08294969481353898  
  13223.5  0.08294655718541305  
  13224.5  0.08294341991330889  
  13225.5  0.08294028299715916  
  13226.5  0.08293715047342498  
  13227.5  0.08293401426852436  
  13228.5  0.08293087841937638  
  13229.5  0.08292774696106937  
  13230.5  0.08292461182276735  
  13231.5  0.08292147704001637  
  13232.5  0.08291834261274923  
  13233.5  0.08291521257422488  
  13234.5  0.08291207885726663  
  13235.5  0.0829089454955908   
  13236.5  0.08290581652108539  
  13237.5  0.08290268386931605  
  13238.5  0.08289955157262792  
  13239.5  0.08289641963095391  
  13240.5  0.08289329207435503  
  13241.5  0.08289016084205142  
  13242.5  0.0828870299645609   
  13243.5  0.08288389944181648  
  13244.5  0.08288077330205357  
  13245.5  0.08287764348814403  
  13246.5  0.08287451402877977  
  13247.5  0.08287138895082806  
  13248.5  0.08286826019989746  
  13249.5  0.08286513180331148  
  13250.5  0.08286200376100322  
  13251.5  0.08285888009801681  
  13252.5  0.0828557527636077   
  13253.5  0.08285262578327586  
  13254.5  0.08284949915695448  
  13255.5  0.08284637690786593  
  13256.5  0.08284325098890975  
  13257.5  0.08284012542376382  
  13258.5  0.08283700423428517  
  13259.5  0.08283387937610434  
  13260.5  0.08283075487153367  
  13261.5  0.08282763072050649  
  13262.5  0.08282451094306043  
  13263.5  0.0828213874984654   
  13264.5  0.08281826440721397  
  13265.5  0.0828151456879803   
  13266.5  0.0828120233027617   
  13267.5  0.082808901270687    
  13268.5  0.08280577959168965  
  13269.5  0.08280266228262678  
  13270.5  0.08279954130913025  
  13271.5  0.08279642068851158  
  13272.5  0.08279330042070424  
  13273.5  0.08279018452074978  
  13274.5  0.08278706495791185  
  13275.5  0.08278394574768597  
  13276.5  0.08278083090375304  
  13277.5  0.0827777123980984   
  13278.5  0.08277459424485673  
  13279.5  0.08277147644396159  
  13280.5  0.08276836300728065  
  13281.5  0.08276524591042629  
  13282.5  0.0827621291657196   
  13283.5  0.0827590167836693   
  13284.5  0.08275590074260598  
  13285.5  0.08275278505349151  
  13286.5  0.08274966971625967  
  13287.5  0.0827465587396084   
  13288.5  0.08274344410549048  
  13289.5  0.08274032982305662  
  13290.5  0.08273721589224066  
  13291.5  0.08273410631993101  
  13292.5  0.08273099309170004  
  13293.5  0.08272788021488861  
  13294.5  0.08272477169502912  
  13295.5  0.0827216595204064   
  13296.5  0.08271854769700504  
  13297.5  0.08271543622475898  
  13298.5  0.08271232910739351  
  13299.5  0.08270921833680822  
  13300.5  0.08270610791718026  
  13301.5  0.08270300185088063  
  13302.5  0.0826998921325179   
  13303.5  0.08269678276491466  
  13304.5  0.08269367374800499  
  13305.5  0.08269056908235514  
  13306.5  0.08268746076618373  
  13307.5  0.08268435280050826  
  13308.5  0.08268124518526289  
  13309.5  0.0826781419192105   
  13310.5  0.08267503500417696  
  13311.5  0.0826719284393761   
  13312.5  0.08266882622221933  
  13313.5  0.0826657203572359   
  13314.5  0.0826626148422879   
  13315.5  0.08265950967730959  
  13316.5  0.08265640885791137  
  13317.5  0.08265330439222504  
  13318.5  0.08265020027631136  
  13319.5  0.08264709651010461  
  13320.5  0.08264399708741563  
  13321.5  0.082640894019976    
  13322.5  0.08263779130204649  
  13323.5  0.08263469292608917  
  13324.5  0.08263159090653349  
  13325.5  0.08262848923629125  
  13326.5  0.0826253879152969   
  13327.5  0.08262229093421523  
  13328.5  0.08261919031107079  
  13329.5  0.08261609003697774  
  13330.5  0.08261299410125397  
  13331.5  0.0826098945246183   
  13332.5  0.08260679529683772  
  13333.5  0.08260369641784679  
  13334.5  0.08260060187516845  
  13335.5  0.08259750369311189  
  13336.5  0.08259440585964889  
  13337.5  0.08259130837471407  
  13338.5  0.08258821522403677  
  13339.5  0.08258511843551392  
  13340.5  0.08258202199532333  
  13341.5  0.0825789298878502   
  13342.5  0.08257583414368018  
  13343.5  0.08257273874764667  
  13344.5  0.08256964369968442  
  13345.5  0.0825665529823874   
  13346.5  0.08256345862992424  
  13347.5  0.08256036462533681  
  13348.5  0.08255727494987665  
  13349.5  0.08255418164039763  
  13350.5  0.08255108867859891  
  13351.5  0.08254799606441539  
  13352.5  0.08254490777730976  
  13353.5  0.08254181585771415  
  13354.5  0.08253872428553855  
  13355.5  0.08253563306071787  
  13356.5  0.0825325461609273   
  13357.5  0.0825294556301746   
  13358.5  0.08252636544658182  
  13359.5  0.08252327958648453  
  13360.5  0.08252019009657015  
  13361.5  0.08251710095362087  
  13362.5  0.0825140121575718   
  13363.5  0.08251092768297323  
  13364.5  0.08250783958008352  
  13365.5  0.08250475182389935  
  13366.5  0.0825016683876332   
  13367.5  0.08249858132421957  
  13368.5  0.08249549460731702  
  13369.5  0.08249240823686071  
  13370.5  0.08248932618428025  
  13371.5  0.08248624050607642  
  13372.5  0.08248315517412458  
  13373.5  0.08248007018835996  
  13374.5  0.08247698951843063  
  13375.5  0.08247390522440097  
  13376.5  0.08247082127636446  
  13377.5  0.08246774164263404  
  13378.5  0.08246465838594474  
  13379.5  0.08246157547505471  
  13380.5  0.08245849290989928  
  13381.5  0.08245541465701219  
  13382.5  0.0824523327826874   
  13383.5  0.08244925125390352  
  13384.5  0.08244617403586087  
  13385.5  0.0824430931975206   
  13386.5  0.0824400127045277   
  13387.5  0.08243693255681758  
  13388.5  0.08243385671781375  
  13389.5  0.08243077726003166  
  13390.5  0.08242769814733901  
  13391.5  0.0824246193796714   
  13392.5  0.08242154491867668  
  13393.5  0.08241846684042196  
  13394.5  0.08241538910699911  
  13395.5  0.08241231567872535  
  13396.5  0.0824092386343295   
  13397.5  0.08240616193457251  
  13398.5  0.08240308557939002  
  13399.5  0.08240001352732607  
  13400.5  0.08239693786065644  
  13401.5  0.08239386253836853  
  13402.5  0.08239078756039807  
  13403.5  0.08238771688351718  
  13404.5  0.08238464259354596  
  13405.5  0.08238156864769962  
  13406.5  0.08237849900142227  
  13407.5  0.08237542574319037  
  13408.5  0.08237235282889087  
  13409.5  0.0823692802584596   
  13410.5  0.08236621198557117  
  13411.5  0.08236314010224167  
  13412.5  0.0823600685625882   
  13413.5  0.08235700131895911  
  13414.5  0.0823539304660233   
  13415.5  0.08235085995657138  
  13416.5  0.08234778979053933  
  13417.5  0.08234472391850825  
  13418.5  0.08234165443868213  
  13419.5  0.082338585302084    
  13420.5  0.08233551650864987  
  13421.5  0.08233245200719486  
  13422.5  0.08232938389945547  
  13423.5  0.0823263161346884   
  13424.5  0.08232325266038526  
  13425.5  0.08232018558092993  
  13426.5  0.08231711884425534  
  13427.5  0.08231405245029766  
  13428.5  0.08231099034478485  
  13429.5  0.08230792463562865  
  13430.5  0.082304859268998    
  13431.5  0.08230179818929913  
  13432.5  0.08229873350708765  
  13433.5  0.08229566916721053  
  13434.5  0.08229260516960403  
  13435.5  0.08228954545691299  
  13436.5  0.08228648214321634  
  13437.5  0.08228341917159929  
  13438.5  0.0822803565419982   
  13439.5  0.08227729819529785  
  13440.5  0.0822742362490978   
  13441.5  0.0822711746447229   
  13442.5  0.08226811732173889  
  13443.5  0.08226505640038381  
  13444.5  0.08226199582066324  
  13445.5  0.08225893558251361  
  13446.5  0.08225587962374288  
  13447.5  0.0822528200681052   
  13448.5  0.08224976085384803  
  13449.5  0.08224670591746194  
  13450.5  0.08224364738533618  
  13451.5  0.08224058919440061  
  13452.5  0.08223753134459179  
  13453.5  0.08223447777064485  
  13454.5  0.08223142060246053  
  13455.5  0.08222836377521282  
  13456.5  0.08222530728883842  
  13457.5  0.08222225507631821  
  13458.5  0.08221919927106186  
  13459.5  0.08221614380648885  
  13460.5  0.08221309261426551  
  13461.5  0.08221003783043114  
  13462.5  0.08220698338709037  
  13463.5  0.08220392928417995  
  13464.5  0.08220087945161426  
  13465.5  0.08219782602893697  
  13466.5  0.08219477294650045  
  13467.5  0.08219172020424154  
  13468.5  0.08218867173032401  
  13469.5  0.08218561966779322  
  13470.5  0.08218256794525068  
  13471.5  0.08217952048954819  
  13472.5  0.08217646944635543  
  13473.5  0.08217341874296168  
  13474.5  0.08217036837930389  
  13475.5  0.08216732228048551  
  13476.5  0.08216427259567342  
  13477.5  0.08216122325040828  
  13478.5  0.08215817816848325  
  13479.5  0.08215512950168614  
  13480.5  0.08215208117424709  
  13481.5  0.08214903318610312  
  13482.5  0.08214598945930138  
  13483.5  0.08214294214912232  
  13484.5  0.08213989517804968  
  13485.5  0.08213684854602053  
  13486.5  0.08213380617333729  
  13487.5  0.08213076021877044  
  13488.5  0.08212771460305862  
  13489.5  0.08212467324519662  
  13490.5  0.08212162830657051  
  13491.5  0.08211858370661107  
  13492.5  0.08211553944525557  
  13493.5  0.08211249943975625  
  13494.5  0.08210945585498475  
  13495.5  0.08210641260862898  
  13496.5  0.0821033736166354   
  13497.5  0.08210033104648774  
  13498.5  0.08209728881456785  
  13499.5  0.08209424692081307  
  13500.5  0.08209120927942955  
  13501.5  0.08208816806138207  
  13502.5  0.0820851271813119   
  13503.5  0.08208208663915643  
  13504.5  0.08207905034738286  
  13505.5  0.08207601048043439  
  13506.5  0.08207297095121303  
  13507.5  0.08206993567088273  
  13508.5  0.08206689681649354  
  13509.5  0.08206385829964402  
  13510.5  0.08206082012027165  
  13511.5  0.08205778618780364  
  13512.5  0.08205474868276406  
  13513.5  0.08205171151501436  
  13514.5  0.08204867859268024  
  13515.5  0.0820456420988892   
  13516.5  0.08204260594220093  
  13517.5  0.08203957012255304  
  13518.5  0.08203653854633677  
  13519.5  0.08203350340014907  
  13520.5  0.08203046859081484  
  13521.5  0.08202743411827176  
  13522.5  0.08202440388717788  
  13523.5  0.08202137008759704  
  13524.5  0.0820183366246206   
  13525.5  0.08201530740160773  
  13526.5  0.08201227461122045  
  13527.5  0.08200924215725099  
  13528.5  0.08200621003963716  
  13529.5  0.0820031821600072   
  13530.5  0.08200015071448546  
  13531.5  0.08199711960513298  
  13532.5  0.0819940927322807   
  13533.5  0.08199106229464788  
  13534.5  0.08198803219299805  
  13535.5  0.08198500242726914  
  13536.5  0.08198197689606339  
  13537.5  0.08197894780155798  
  13538.5  0.08197591904278743  
  13539.5  0.08197289061968972  
  13540.5  0.08196986642913967  
  13541.5  0.08196683867676982  
  13542.5  0.08196381125988694  
  13543.5  0.08196078807407128  
  13544.5  0.08195776132754493  
  13545.5  0.0819547349163198   
  13546.5  0.08195170884033402  
  13547.5  0.08194868699344263  
  13548.5  0.08194566158731863  
  13549.5  0.08194263651624842  
  13550.5  0.08193961178017019  
  13551.5  0.08193659127121504  
  13552.5  0.08193356720450434  
  13553.5  0.08193054347260027  
  13554.5  0.08192752396634198  
  13555.5  0.08192450090343514  
  13556.5  0.08192147817514975  
  13557.5  0.08191845578142404  
  13558.5  0.08191543761137549  
  13559.5  0.08191241588615368  
  13560.5  0.08190939449530656  
  13561.5  0.08190637732666128  
  13562.5  0.08190335660394844  
  13563.5  0.0819003362154254   
  13564.5  0.0818973161610306   
  13565.5  0.08189430032687167  
  13566.5  0.08189128094011869  
  13567.5  0.08188826188730923  
  13568.5  0.08188524316838175  
  13569.5  0.08188222866772572  
  13570.5  0.08187921061594813  
  13571.5  0.08187619289786803  
  13572.5  0.08187317939658723  
  13573.5  0.08187016234528842  
  13574.5  0.08186714562750277  
  13575.5  0.08186412924316885  
  13576.5  0.08186111707367245  
  13577.5  0.08185810135562877  
  13578.5  0.08185508597085266  
  13579.5  0.08185207479944386  
  13580.5  0.08184906008059006  
  13581.5  0.08184604569481982  
  13582.5  0.08184303164207182  
  13583.5  0.08184002180073202  
  13584.5  0.08183700841341618  
  13585.5  0.08183399535893873  
  13586.5  0.08183098263723844  
  13587.5  0.08182797412498874  
  13588.5  0.08182496206823092  
  13589.5  0.08182195034406664  
  13590.5  0.08181894282788589  
  13591.5  0.0818159317682972   
  13592.5  0.08181292104111854  
  13593.5  0.08180991064628876  
  13594.5  0.08180690445748756  
  13595.5  0.08180389472674458  
  13596.5  0.0818008853281672   
  13597.5  0.08179788013415333  
  13598.5  0.08179487139929653  
  13599.5  0.08179186299642216  
  13600.5  0.08178885492546918  
  13601.5  0.08178585105712738  
  13602.5  0.08178284364940708  
  13603.5  0.08177983657342519  
  13604.5  0.08177682982912075  
  13605.5  0.08177382728547665  
  13606.5  0.08177082120391749  
  13607.5  0.08176781545385296  
  13608.5  0.08176481390298684  
  13609.5  0.08176180881530243  
  13610.5  0.08175880405893003  
  13611.5  0.08175579963380876  
  13612.5  0.08175279940593771  
  13613.5  0.08174979564271002  
  13614.5  0.08174679221055103  
  13615.5  0.0817437891093999   
  13616.5  0.08174079020355231  
  13617.5  0.08173778776380873  
  13618.5  0.08173478565489078  
  13619.5  0.08173178773981747  
  13620.5  0.08172878629194293  
  13621.5  0.08172578517471185  
  13622.5  0.08172278438806359  
  13623.5  0.08171978779331589  
  13624.5  0.08171678766722587  
  13625.5  0.0817137878715367   
  13626.5  0.08171079226629122  
  13627.5  0.0817077931307968   
  13628.5  0.08170479432552143  
  13629.5  0.08170179585040453  
  13630.5  0.08169880156378989  
  13631.5  0.08169580374838348  
  13632.5  0.08169280626295389  
  13633.5  0.08168980910744064  
  13634.5  0.08168681613848972  
  13635.5  0.08168381964220314  
  13636.5  0.08168082347565149  
  13637.5  0.08167783149420833  
  13638.5  0.0816748359865209   
  13639.5  0.08167184080838708  
  13640.5  0.08166884595974645  
  13641.5  0.081665855294277    
  13642.5  0.08166286110401769  
  13643.5  0.08165986724307048  
  13644.5  0.08165687756384256  
  13645.5  0.08165388436091484  
  13646.5  0.08165089148711825  
  13647.5  0.08164789894239248  
  13648.5  0.0816449105774513   
  13649.5  0.08164191869026298  
  13650.5  0.08163892713196472  
  13651.5  0.08163593590249625  
  13652.5  0.08163294885087914  
  13653.5  0.08162995827846656  
  13654.5  0.08162696803470319  
  13655.5  0.08162398196734238  
  13656.5  0.08162099238027412  
  13657.5  0.08161800312167462  
  13658.5  0.08161501419148373  
  13659.5  0.08161202943576476  
  13660.5  0.08160904116178827  
  13661.5  0.08160605321604016  
  13662.5  0.08160306944331709  
  13663.5  0.08160008215342322  
  13664.5  0.08159709519157758  
  13665.5  0.08159410855772013  
  13666.5  0.0815911260949597   
  13667.5  0.08158814011647668  
  13668.5  0.08158515446580192  
  13669.5  0.08158216914287543  
  13670.5  0.0815791879891194   
  13671.5  0.08157620332108798  
  13672.5  0.0815732189806251   
  13673.5  0.08157023880788888  
  13674.5  0.08156725512196196  
  13675.5  0.08156427176342392  
  13676.5  0.08156128873221494  
  13677.5  0.08155830986680863  
  13678.5  0.0815553274896571   
  13679.5  0.08155234543965517  
  13680.5  0.0815493675540141   
  13681.5  0.08154638615771113  
  13682.5  0.08154340508837848  
  13683.5  0.08154042434595639  
  13684.5  0.08153744776597373  
  13685.5  0.08153446767677297  
  13686.5  0.08153148791430365  
  13687.5  0.08152850847850607  
  13688.5  0.08152553320322802  
  13689.5  0.08152255442017464  
  13690.5  0.08151957596361406  
  13691.5  0.08151660166613421  
  13692.5  0.08151362386196036  
  13693.5  0.08151064638410052  
  13694.5  0.0815076692324951   
  13695.5  0.08150469623805305  
  13696.5  0.08150171973835808  
  13697.5  0.0814987435647389   
  13698.5  0.08149576771713601  
  13699.5  0.08149279602478063  
  13700.5  0.08148982082861238  
  13701.5  0.081486845958282    
  13702.5  0.0814838752417633   
  13703.5  0.08148090102251107  
  13704.5  0.08147792712891838  
  13705.5  0.08147495356092585  
  13706.5  0.08147198414483171  
  13707.5  0.08146901122744238  
  13708.5  0.08146603863547507  
  13709.5  0.08146307019397231  
  13710.5  0.08146009825225235  
  13711.5  0.08145712663577646  
  13712.5  0.08145415534448532  
  13713.5  0.08145118820174796  
  13714.5  0.08144821756023006  
  13715.5  0.08144524724371913  
  13716.5  0.08144227725215589  
  13717.5  0.08143931140723712  
  13718.5  0.08143634206497352  
  13719.5  0.08143337304748     
  13720.5  0.08143040817520013  
  13721.5  0.08142743980665139  
  13722.5  0.08142447176269527  
  13723.5  0.0814215040432726   
  13724.5  0.08141854046715685  
  13725.5  0.08141557339620621  
  13726.5  0.08141260664961171  
  13727.5  0.08140964404489523  
  13728.5  0.08140667794641855  
  13729.5  0.08140371217212088  
  13730.5  0.08140074672194317  
  13731.5  0.08139778541173925  
  13732.5  0.08139482060920741  
  13733.5  0.08139185613061857  
  13734.5  0.0813888919759137   
  13735.5  0.08138593195927994  
  13736.5  0.08138296845174953  
  13737.5  0.0813800052679263   
  13738.5  0.08137704622074822  
  13739.5  0.08137408368374621  
  13740.5  0.08137112147027473  
  13741.5  0.0813681595802749   
  13742.5  0.08136520182502006  
  13743.5  0.08136224058137084  
  13744.5  0.08135927966101682  
  13745.5  0.08135632287398371  
  13746.5  0.08135336259962767  
  13747.5  0.08135040264839045  
  13748.5  0.08134744302021332  
  13749.5  0.08134448752345945  
  13750.5  0.08134152854081053  
  13751.5  0.0813385698810455   
  13752.5  0.08133561154410565  
  13753.5  0.08133265733669288  
  13754.5  0.08132969964481199  
  13755.5  0.08132674227558025  
  13756.5  0.08132378903445459  
  13757.5  0.0813208323099302   
  13758.5  0.08131787590787913  
  13759.5  0.0813149198282428   
  13760.5  0.08131196787481884  
  13761.5  0.08130901243942137  
  13762.5  0.08130605732626296  
  13763.5  0.08130310253528504  
  13764.5  0.08130015186862728  
  13765.5  0.08129719772142026  
  13766.5  0.08129424389621823  
  13767.5  0.08129129419391833  
  13768.5  0.08128834101213658  
  13769.5  0.08128538815218446  
  13770.5  0.08128243561400351  
  13771.5  0.08127948719683499  
  13772.5  0.08127653530160721  
  13773.5  0.0812735837279754   
  13774.5  0.08127063627393985  
  13775.5  0.08126768534291116  
  13776.5  0.08126473473330345  
  13777.5  0.08126178444505833  
  13778.5  0.08125883827452227  
  13779.5  0.08125588862841397  
  13780.5  0.0812529393034934   
  13781.5  0.08124999029970226  
  13782.5  0.08124704541173446  
  13783.5  0.0812440970496143   
  13784.5  0.08124114900844889  
  13785.5  0.08123820508169359  
  13786.5  0.08123525768185014  
  13787.5  0.08123231060278686  
  13788.5  0.08122936384444561  
  13789.5  0.0812264211986312   
  13790.5  0.08122347508114688  
  13791.5  0.08122052928421017  
  13792.5  0.081217587598389    
  13793.5  0.08121464244196082  
  13794.5  0.081211697605906    
  13795.5  0.08120875309016648  
  13796.5  0.08120581268366177  
  13797.5  0.08120286880796657  
  13798.5  0.0811999252524126   
  13799.5  0.08119698201694182  
  13800.5  0.08119404288882655  
  13801.5  0.08119110029293639  
  13802.5  0.08118815801695553  
  13803.5  0.0811852198469218   
  13804.5  0.08118227821017411  
  13805.5  0.08117933689316197  
  13806.5  0.08117639589582742  
  13807.5  0.0811734590025632   
  13808.5  0.08117051864399895  
  13809.5  0.08116757860493873  
  13810.5  0.08116464266854231  
  13811.5  0.08116170326790553  
  13812.5  0.08115876418659934  
  13813.5  0.08115582542456588  
  13814.5  0.08115289076332194  
  13815.5  0.08114995263924989  
  13816.5  0.08114701483427728  
  13817.5  0.08114407734834639  
  13818.5  0.08114114396133214  
  13819.5  0.08113820711290104  
  13820.5  0.08113527058333853  
  13821.5  0.08113233815128909  
  13822.5  0.08112940225888052  
  13823.5  0.08112646668516757  
  13824.5  0.08112353143009261  
  13825.5  0.08112060027066029  
  13826.5  0.08111766565227846  
  13827.5  0.08111473135236182  
  13828.5  0.0811118011466861   
  13829.5  0.08110886748311734  
  13830.5  0.08110593413784108  
  13831.5  0.08110300111079977  
  13832.5  0.08110007217613151  
  13833.5  0.08109713978497812  
  13834.5  0.08109420771188719  
  13835.5  0.08109127595680124  
  13836.5  0.08108834829222182  
  13837.5  0.08108541717256428  
  13838.5  0.08108248637073938  
  13839.5  0.08107955965802222  
  13840.5  0.08107662949128146  
  13841.5  0.08107369964220112  
  13842.5  0.08107077011072386  
  13843.5  0.08106784466649036  
  13844.5  0.08106491576963852  
  13845.5  0.08106198719021776  
  13846.5  0.0810590589281707   
  13847.5  0.08105613475150478  
  13848.5  0.08105320712362493  
  13849.5  0.08105027981294695  
  13850.5  0.08104735658625421  
  13851.5  0.08104442990940011  
  13852.5  0.08104150354957618  
  13853.5  0.08103857750672518  
  13854.5  0.08103565554599926  
  13855.5  0.08103273013651471  
  13856.5  0.08102980504383156  
  13857.5  0.08102688403187946  
  13858.5  0.08102395957222004  
  13859.5  0.08102103542919059  
  13860.5  0.08101811160273399  
  13861.5  0.0810151918551508   
  13862.5  0.08101226866126132  
  13863.5  0.08100934578377347  
  13864.5  0.08100642322263016  
  13865.5  0.08100350473850397  
  13866.5  0.08100058280947163  
  13867.5  0.08099766119661278  
  13868.5  0.08099474365937992  
  13869.5  0.08099182267829026  
  13870.5  0.08098890201320315  
  13871.5  0.08098598166406161  
  13872.5  0.08098306538869227  
  13873.5  0.08098014567086459  
  13874.5  0.08097722626881172  
  13875.5  0.08097431093914174  
  13876.5  0.08097139216806155  
  13877.5  0.08096847371258556  
  13878.5  0.08096555557265687  
  13879.5  0.08096264150325971  
  13880.5  0.08095972399384918  
  13881.5  0.08095680679981548  
  13882.5  0.08095388992110183  
  13883.5  0.08095097711106976  
  13884.5  0.08094806086242015  
  13885.5  0.08094514492892033  
  13886.5  0.08094223306271564  
  13887.5  0.08093931775893964  
  13888.5  0.08093640277014322  
  13889.5  0.08093348809626968  
  13890.5  0.0809305774878438   
  13891.5  0.0809276634432408   
  13892.5  0.08092474971339073  
  13893.5  0.0809218400476037   
  13894.5  0.08091892694668452  
  13895.5  0.08091601416034838  
  13896.5  0.08091310168853867  
  13897.5  0.08091019327894695  
  13898.5  0.08090728143561568  
  13899.5  0.08090436990664113  
  13900.5  0.08090145869196676  
  13901.5  0.0808985515376667   
  13902.5  0.08089564095101875  
  13903.5  0.08089273067850145  
  13904.5  0.08088982446497675  
  13905.5  0.08088691482014718  
  13906.5  0.08088400548927886  
  13907.5  0.08088109647231538  
  13908.5  0.08087819151250324  
  13909.5  0.08087528312277623  
  13910.5  0.08087237504678482  
  13911.5  0.08086947102656489  
  13912.5  0.08086656357747189  
  13913.5  0.08086365644194539  
  13914.5  0.08086074961992903  
  13915.5  0.0808578468518453   
  13916.5  0.08085494065627692  
  13917.5  0.08085203477404974  
  13918.5  0.0808491292051075   
  13919.5  0.08084622768826046  
  13920.5  0.08084332274531619  
  13921.5  0.0808404181154881   
  13922.5  0.08083751753637818  
  13923.5  0.0808346135322109   
  13924.5  0.08083170984099118  
  13925.5  0.0808288064626628   
  13926.5  0.08082590713321758  
  13927.5  0.08082300438010082  
  13928.5  0.08082010193970697  
  13929.5  0.08081719981197985  
  13930.5  0.08081430173130226  
  13931.5  0.08081140022833803  
  13932.5  0.08080849903787225  
  13933.5  0.08080560189308184  
  13934.5  0.08080270132704272  
  13935.5  0.08079980107333391  
  13936.5  0.08079690113189937  
  13937.5  0.08079400523430895  
  13938.5  0.0807911059168531   
  13939.5  0.08078820691150351  
  13940.5  0.0807853119486257   
  13941.5  0.08078241356691919  
  13942.5  0.08077951549715108  
  13943.5  0.08077661773926544  
  13944.5  0.08077372402202274  
  13945.5  0.08077082688733297  
  13946.5  0.08076793006435799  
  13947.5  0.08076503355304188  
  13948.5  0.08076214108054126  
  13949.5  0.08075924519197435  
  13950.5  0.08075634961489873  
  13951.5  0.08075345807526912  
  13952.5  0.08075056312060801  
  13953.5  0.08074766847727083  
  13954.5  0.0807447741452018   
  13955.5  0.08074188384875372  
  13956.5  0.08073899013865322  
  13957.5  0.08073609673965365  
  13958.5  0.08073320737490729  
  13959.5  0.08073031459754212  
  13960.5  0.08072742213111078  
  13961.5  0.08072452997555754  
  13962.5  0.0807216418524349   
  13963.5  0.08071875031807092  
  13964.5  0.08071585909441813  
  13965.5  0.08071296818142086  
  13966.5  0.0807100812990329   
  13967.5  0.0807071910067802   
  13968.5  0.08070430102501625  
  13969.5  0.08070141507249672  
  13970.5  0.08069852571114412  
  13971.5  0.08069563666011363  
  13972.5  0.08069274791934973  
  13973.5  0.08068986320601135  
  13974.5  0.08068697508521488  
  13975.5  0.08068408727451849  
  13976.5  0.08068120348988454  
  13977.5  0.08067831629882295  
  13978.5  0.08067542941769512  
  13979.5  0.08067254284644557  
  13980.5  0.08066966029944196  
  13981.5  0.08066677434738408  
  13982.5  0.08066388870503828  
  13983.5  0.0806610033723492   
  13984.5  0.08065812206209096  
  13985.5  0.08065523734815085  
  13986.5  0.08065235294370142  
  13987.5  0.0806494725603225   
  13988.5  0.08064658877429033  
  13989.5  0.08064370529758294  
  13990.5  0.08064082213014506  
  13991.5  0.08063794298196494  
  13992.5  0.08063506043250239  
  13993.5  0.08063217819214359  
  13994.5  0.08062929626083334  
  13995.5  0.08062641834696946  
  13996.5  0.08062353703319303  
  13997.5  0.08062065602829957  
  13998.5  0.08061777903949498  
  13999.5  0.08061489865180456  
  14000.5  0.08061201857283166  
  14001.5  0.08060913880252116  
  14002.5  0.08060626304649049  
  14003.5  0.0806033838929423   
  14004.5  0.08060050504789122  
  14005.5  0.08059763021576427  
  14006.5  0.08059475198714529  
  14007.5  0.08059187406685828  
  14008.5  0.08058899645484817  
  14009.5  0.08058612285395556  
  14010.5  0.0805832458579376   
  14011.5  0.08058036917003157  
  14012.5  0.08057749279018248  
  14013.5  0.0805746204196456   
  14014.5  0.08057174465534916  
  14015.5  0.08056886919894483  
  14016.5  0.08056599775049977  
  14017.5  0.0805631229093188   
  14018.5  0.08056024837586523  
  14019.5  0.08055737415008418  
  14020.5  0.08055450393045947  
  14021.5  0.08055163031946302  
  14022.5  0.08054875701597458  
  14023.5  0.08054588771729129  
  14024.5  0.08054301502825871  
  14025.5  0.0805401426465697   
  14026.5  0.08053727057216946  
  14027.5  0.08053440250077383  
  14028.5  0.0805315310403915   
  14029.5  0.08052865988713369  
  14030.5  0.08052578904094566  
  14031.5  0.08052292219596302  
  14032.5  0.08052005196335536  
  14033.5  0.08051718203765341  
  14034.5  0.08051431611180844  
  14035.5  0.08051144679935901  
  14036.5  0.08050857779365134  
  14037.5  0.08050570909463076  
  14038.5  0.08050284439367027  
  14039.5  0.08049997630746544  
  14040.5  0.0804971085277839   
  14041.5  0.08049424474481584  
  14042.5  0.08049137757762281  
  14043.5  0.08048851071678939  
  14044.5  0.08048564416226106  
  14045.5  0.08048278160265167  
  14046.5  0.0804799156601758   
  14047.5  0.0804770500238415   
  14048.5  0.08047418469359426  
  14049.5  0.08047132335647278  
  14050.5  0.08046845863784245  
  14051.5  0.08046559422513581  
  14052.5  0.08046273380421108  
  14053.5  0.080459870002795    
  14054.5  0.08045700650713941  
  14055.5  0.08045414331718989  
  14056.5  0.08045128411723143  
  14057.5  0.08044842153813764  
  14058.5  0.08044555926458688  
  14059.5  0.08044270097968503  
  14060.5  0.0804398393166642   
  14061.5  0.08043697795902342  
  14062.5  0.08043411690670842  
  14063.5  0.08043125984125385  
  14064.5  0.0804283993990347   
  14065.5  0.08042553926197855  
  14066.5  0.08042267943003113  
  14067.5  0.08041982358315697  
  14068.5  0.08041696436087178  
  14069.5  0.08041410544353271  
  14070.5  0.08041125050992752  
  14071.5  0.08040839220192579  
  14072.5  0.08040553419870768  
  14073.5  0.08040267650021901  
  14074.5  0.08039982278367938  
  14075.5  0.08039696569409517  
  14076.5  0.08039410890907808  
  14077.5  0.08039125242857402  
  14078.5  0.08038839992823546  
  14079.5  0.08038554405620339  
  14080.5  0.08038268848852217  
  14081.5  0.08037983689966983  
  14082.5  0.08037698194013661  
  14083.5  0.08037412728479218  
  14084.5  0.08037127293358251  
  14085.5  0.08036842255942055  
  14086.5  0.08036556881592719  
  14087.5  0.0803627153764067   
  14088.5  0.08035986591259904  
  14089.5  0.08035701308047141  
  14090.5  0.08035416055215489  
  14091.5  0.08035130832759557  
  14092.5  0.08034846007697018  
  14093.5  0.08034560845937275  
  14094.5  0.08034275714537091  
  14095.5  0.08033990613491078  
  14096.5  0.08033705909660704  
  14097.5  0.08033420869267831  
  14098.5  0.08033135859212984  
  14099.5  0.0803285124624056   
  14100.5  0.08032566296806595  
  14101.5  0.08032281377694525  
  14102.5  0.0803199648889897   
  14103.5  0.08031711997008315  
  14104.5  0.08031427168790664  
  14105.5  0.08031142370873416  
  14106.5  0.08030857969728021  
  14107.5  0.08030573232356476  
  14108.5  0.08030288525269225  
  14109.5  0.08030003848460901  
  14110.5  0.08029719568247139  
  14111.5  0.08029434951941616  
  14112.5  0.08029150365898932  
  14113.5  0.08028865810113721  
  14114.5  0.08028581650745913  
  14115.5  0.08028297155420645  
  14116.5  0.0802801269033678   
  14117.5  0.08027728621537544  
  14118.5  0.08027444216881507  
  14119.5  0.08027159842450812  
  14120.5  0.08026875498240106  
  14121.5  0.08026591550137095  
  14122.5  0.0802630726631143   
  14123.5  0.0802602301268971   
  14124.5  0.08025739155043088  
  14125.5  0.08025454961774353  
  14126.5  0.08025170798693528  
  14127.5  0.08024886665795267  
  14128.5  0.08024602928695404  
  14129.5  0.08024318856107418  
  14130.5  0.08024034813685979  
  14131.5  0.08023750801425751  
  14132.5  0.08023467184787349  
  14133.5  0.08023183232794726  
  14134.5  0.08022899310947311  
  14135.5  0.08022615784589396  
  14136.5  0.08022331922977616  
  14137.5  0.08022048091495054  
  14138.5  0.08021764290136381  
  14139.5  0.08021480884090866  
  14140.5  0.08021197142925235  
  14141.5  0.08020913431867517  
  14142.5  0.08020629750912392  
  14143.5  0.0802034646509421   
  14144.5  0.08020062844289572  
  14145.5  0.08019779253571566  
  14146.5  0.08019496057858447  
  14147.5  0.08019212527259047  
  14148.5  0.08018929026730333  
  14149.5  0.08018645556266989  
  14150.5  0.08018362480632552  
  14151.5  0.08018079070245333  
  14152.5  0.08017795689907556  
  14153.5  0.08017512704266798  
  14154.5  0.08017229383973318  
  14155.5  0.0801694609371336   
  14156.5  0.0801666283348162   
  14157.5  0.08016379967771145  
  14158.5  0.08016096767541296  
  14159.5  0.08015813597323762  
  14160.5  0.0801553045711324   
  14161.5  0.08015247711248356  
  14162.5  0.08014964630997364  
  14163.5  0.08014681580737497  
  14164.5  0.08014398924691649  
  14165.5  0.08014115934359568  
  14166.5  0.08013832974002738  
  14167.5  0.08013550043615868  
  14168.5  0.08013267507267618  
  14169.5  0.08012984636766245  
  14170.5  0.08012701796218968  
  14171.5  0.08012419349578867  
  14172.5  0.08012136568885402  
  14173.5  0.08011853818130187  
  14174.5  0.08011571097307942  
  14175.5  0.080112887702177    
  14176.5  0.08011006109207047  
  14177.5  0.08010723478113531  
  14178.5  0.08010440876931875  
  14179.5  0.08010158669307182  
  14180.5  0.08009876127894941  
  14181.5  0.08009593616378745  
  14182.5  0.0800931149828833   
  14183.5  0.08009029046509948  
  14184.5  0.08008746624611805  
  14185.5  0.08008464232588633  
  14186.5  0.08008182233816426  
  14187.5  0.08007899901488966  
  14188.5  0.08007617599020687  
  14189.5  0.08007335689672361  
  14190.5  0.08007053446868247  
  14191.5  0.08006771233907538  
  14192.5  0.08006489050784972  
  14193.5  0.08006207260607773  
  14194.5  0.08005925137107343  
  14195.5  0.08005643043429296  
  14196.5  0.08005360979568378  
  14197.5  0.08005079308478365  
  14198.5  0.08004797304197593  
  14199.5  0.08004515329718204  
  14200.5  0.08004233747878974  
  14201.5  0.08003951832948268  
  14202.5  0.08003669947803213  
  14203.5  0.08003388092438561  
  14204.5  0.0800310662953983   
  14205.5  0.08002824833681946  
  14206.5  0.08002543067588745  
  14207.5  0.08002261693830891  
  14208.5  0.08001979987213051  
  14209.5  0.0800169831034419   
  14210.5  0.08001416663219066  
  14211.5  0.08001135408255279  
  14212.5  0.08000853820563673  
  14213.5  0.08000572262600117  
  14214.5  0.08000290734359379  
  14215.5  0.08000009598106093  
  14216.5  0.0799972812925707   
  14217.5  0.07999446690115185  
  14218.5  0.07999165642830443  
  14219.5  0.07998884263048951  
  14220.5  0.07998602912958934  
  14221.5  0.07998321592555173  
  14222.5  0.07998040663834895  
  14223.5  0.07997759402749796  
  14224.5  0.079974781713353    
  14225.5  0.07997196969586193  
  14226.5  0.0799691615934704   
  14227.5  0.07996635016874902  
  14228.5  0.07996353904052521  
  14229.5  0.07996073182610043  
  14230.5  0.07995792129033394  
  14231.5  0.07995511105090876  
  14232.5  0.07995230110777281  
  14233.5  0.07994949507670286  
  14234.5  0.07994668572560808  
  14235.5  0.07994387667064644  
  14236.5  0.079941071526452    
  14237.5  0.07993826306321968  
  14238.5  0.07993545489596457  
  14239.5  0.07993264702463468  
  14240.5  0.07992984306234113  
  14241.5  0.07992703578232509  
  14242.5  0.07992422879807848  
  14243.5  0.07992142210954932  
  14244.5  0.07991861932832696  
  14245.5  0.0799158132306966   
  14246.5  0.07991300742862807  
  14247.5  0.07991020553257012  
  14248.5  0.0799074003210894   
  14249.5  0.07990459540501495  
  14250.5  0.07990179078429493  
  14251.5  0.0798989900678582   
  14252.5  0.07989618603731163  
  14253.5  0.07989338230196413  
  14254.5  0.07989058246960538  
  14255.5  0.07988777932412088  
  14256.5  0.07988497647368013  
  14257.5  0.07988217391823144  
  14258.5  0.07987937526404638  
  14259.5  0.07987657329804705  
  14260.5  0.07987377162688462  
  14261.5  0.0798709702505074   
  14262.5  0.07986817277366998  
  14263.5  0.07986537198632888  
  14264.5  0.07986257149361803  
  14265.5  0.07985977489915506  
  14266.5  0.07985697499517072  
  14267.5  0.07985417538566175  
  14268.5  0.07985137607057657  
  14269.5  0.07984858065201765  
  14270.5  0.07984578192524644  
  14271.5  0.07984298349274431  
  14272.5  0.0798401889554782   
  14273.5  0.07983739111098097  
  14274.5  0.07983459356059822  
  14275.5  0.07983179630427842  
  14276.5  0.07982900294147523  
  14277.5  0.07982620627274851  
  14278.5  0.07982340989793031  
  14279.5  0.07982061381696916  
  14280.5  0.07981782162780647  
  14281.5  0.07981502613402701  
  14282.5  0.07981223093395029  
  14283.5  0.07980943962438437  
  14284.5  0.0798066450111811   
  14285.5  0.07980385069152639  
  14286.5  0.07980105666536888  
  14287.5  0.07979826652800623  
  14288.5  0.07979547308831145  
  14289.5  0.07979267994195985  
  14290.5  0.07978988708890007  
  14291.5  0.07978709812292047  
  14292.5  0.07978430585591313  
  14293.5  0.07978151388204376  
  14294.5  0.07977872579396948  
  14295.5  0.0797759344058451   
  14296.5  0.07977314331070494  
  14297.5  0.07977035250849773  
  14298.5  0.07976756559037315  
  14299.5  0.07976477537350134  
  14300.5  0.07976198544940889  
  14301.5  0.07975919940811566  
  14302.5  0.0797564100690517   
  14303.5  0.0797536210226136   
  14304.5  0.07975083226875021  
  14305.5  0.07974804739597573  
  14306.5  0.07974525922673194  
  14307.5  0.07974247134990951  
  14308.5  0.07973968376545733  
  14309.5  0.07973690006038502  
  14310.5  0.07973411306014393  
  14311.5  0.0797313263521199   
  14312.5  0.07972854352219493  
  14313.5  0.07972575739807591  
  14314.5  0.07972297156602089  
  14315.5  0.07972018602597881  
  14316.5  0.07971740436232891  
  14317.5  0.07971461940578406  
  14318.5  0.07971183474109922  
  14319.5  0.0797090539515274   
  14320.5  0.07970626987003424  
  14321.5  0.07970348608024827  
  14322.5  0.07970070258211857  
  14323.5  0.07969792295739721  
  14324.5  0.07969514004205207  
  14325.5  0.07969235741821054  
  14326.5  0.07968957508582171  
  14327.5  0.07968679662513778  
  14328.5  0.07968401487512683  
  14329.5  0.07968123341641606  
  14330.5  0.07967845582813357  
  14331.5  0.07967567495149593  
  14332.5  0.07967289436600607  
  14333.5  0.07967011407161319  
  14334.5  0.07966733764594736  
  14335.5  0.0796645579332216   
  14336.5  0.07966177851144055  
  14337.5  0.07965900295711158  
  14338.5  0.07965622411669344  
  14339.5  0.07965344556706788  
  14340.5  0.07965066730818418  
  14341.5  0.07964789291505346  
  14342.5  0.07964511523712736  
  14343.5  0.0796423378497911   
  14344.5  0.07963956075299404  
  14345.5  0.07963678752025215  
  14346.5  0.07963401100400777  
  14347.5  0.07963123477815073  
  14348.5  0.07962846241507643  
  14349.5  0.07962568676946867  
  14350.5  0.0796229114140965   
  14351.5  0.07962013634890937  
  14352.5  0.07961736514480931  
  14353.5  0.07961459065946722  
  14354.5  0.07961181646415856  
  14355.5  0.07960904612866618  
  14356.5  0.0796062725128997   
  14357.5  0.07960349918701516  
  14358.5  0.07960072615096207  
  14359.5  0.07959795697303178  
  14360.5  0.07959518451611733  
  14361.5  0.079592412348883    
  14362.5  0.07958964047127835  
  14363.5  0.07958687245010423  
  14364.5  0.07958410115123507  
  14365.5  0.0795813301418444   
  14366.5  0.07957856298761601  
  14367.5  0.07957579255665875  
  14368.5  0.07957302241502892  
  14369.5  0.07957025256267615  
  14370.5  0.07956748656379554  
  14371.5  0.07956471728947374  
  14372.5  0.07956194830427805  
  14373.5  0.0795591796081582   
  14374.5  0.07955641476382164  
  14375.5  0.07955364664533068  
  14376.5  0.07955087881576475  
  14377.5  0.07954811483671642  
  14378.5  0.07954534758447815  
  14379.5  0.07954258062101423  
  14380.5  0.07953981394627445  
  14381.5  0.07953705112036555  
  14382.5  0.07953428502255204  
  14383.5  0.07953151921331214  
  14384.5  0.079528757251639    
  14385.5  0.07952599201902462  
  14386.5  0.07952322707483345  
  14387.5  0.07952046241901532  
  14388.5  0.07951770160907942  
  14389.5  0.07951493752948612  
  14390.5  0.0795121737381156   
  14391.5  0.07950941023491781  
  14392.5  0.07950665057591887  
  14393.5  0.07950388764854557  
  14394.5  0.07950112500919487  
  14395.5  0.07949836621278145  
  14396.5  0.0794956041489553   
  14397.5  0.07949284237300172  
  14398.5  0.07949008088487072  
  14399.5  0.0794873232379958   
  14400.5  0.07948456232498972  
  14401.5  0.07948180169965635  
  14402.5  0.0794790449143191   
  14403.5  0.07947628486381123  
  14404.5  0.0794735251008263   
  14405.5  0.0794707656253144   
  14406.5  0.07946800998811956  
  14407.5  0.0794652510870342   
  14408.5  0.07946249247327226  
  14409.5  0.07945973414678387  
  14410.5  0.07945697965693468  
  14411.5  0.07945422190447428  
  14412.5  0.07945146443913795  
  14413.5  0.07944871080918338  
  14414.5  0.0794459539175764   
  14415.5  0.07944319731294415  
  14416.5  0.07944044099523682  
  14417.5  0.07943768851123556  
  14418.5  0.07943493276685969  
  14419.5  0.07943217730925956  
  14420.5  0.07942942568410961  
  14421.5  0.07942667079954281  
  14422.5  0.07942391620160263  
  14423.5  0.07942116189023936  
  14424.5  0.07941841140965272  
  14425.5  0.07941565767092558  
  14426.5  0.0794129042186264   
  14427.5  0.07941015105270553  
  14428.5  0.0794074017158889   
  14429.5  0.07940464912220734  
  14430.5  0.07940189681475525  
  14431.5  0.07939914833515407  
  14432.5  0.07939639659964395  
  14433.5  0.07939364515021463  
  14434.5  0.07939089398681652  
  14435.5  0.07938814664959908  
  14436.5  0.07938539605774678  
  14437.5  0.07938264575177711  
  14438.5  0.07937989573164062  
  14439.5  0.07937714953601574  
  14440.5  0.07937440008702928  
  14441.5  0.07937165092372753  
  14442.5  0.07936890558368657  
  14443.5  0.07936615699123835  
  14444.5  0.07936340868432651  
  14445.5  0.07936066066290164  
  14446.5  0.07935791646307064  
  14447.5  0.07935516901210418  
  14448.5  0.07935242184647653  
  14449.5  0.07934967850119351  
  14450.5  0.07934693190572822  
  14451.5  0.07934418559545368  
  14452.5  0.07934143957032053  
  14453.5  0.07933869736386719  
  14454.5  0.07933595190850198  
  14455.5  0.07933320673813027  
  14456.5  0.07933046185270269  
  14457.5  0.07932772078429134  
  14458.5  0.07932497646823768  
  14459.5  0.07932223243698042  
  14460.5  0.0793194922214926   
  14461.5  0.07931674875931398  
  14462.5  0.07931400558178409  
  14463.5  0.0793112626888537   
  14464.5  0.0793085236100313   
  14465.5  0.07930578128578618  
  14466.5  0.07930303924599305  
  14467.5  0.0793003010190627   
  14468.5  0.0792975595476601   
  14469.5  0.07929481836056207  
  14470.5  0.07929207745771946  
  14471.5  0.07928934036608024  
  14472.5  0.07928660003123544  
  14473.5  0.07928385998049882  
  14474.5  0.07928112021382124  
  14475.5  0.07927838425668889  
  14476.5  0.07927564505761679  
  14477.5  0.07927290614245665  
  14478.5  0.07927017103559897  
  14479.5  0.07926743268775033  
  14480.5  0.07926469462366659  
  14481.5  0.07926195684329877  
  14482.5  0.07925922286957734  
  14483.5  0.07925648565612935  
  14484.5  0.07925374872625039  
  14485.5  0.07925101560177668  
  14486.5  0.0792482792385241   
  14487.5  0.07924554315869374  
  14488.5  0.07924280736223671  
  14489.5  0.07924007536953095  
  14490.5  0.0792373401393093   
  14491.5  0.07923460519231433  
  14492.5  0.07923187052849716  
  14493.5  0.07922913966677846  
  14494.5  0.07922640556880604  
  14495.5  0.07922367175386491  
  14496.5  0.0792209417397836   
  14497.5  0.07921820849039453  
  14498.5  0.07921547552389041  
  14499.5  0.07921274284022241  
  14500.5  0.07921001395576348  
  14501.5  0.07920728183725756  
  14502.5  0.07920455000144153  
  14503.5  0.07920182196359746  
  14504.5  0.07919909069265131  
  14505.5  0.0791963597042489   
  14506.5  0.07919362899834154  
  14507.5  0.07919090208875751  
  14508.5  0.07918817194733072  
  14509.5  0.07918544208825294  
  14510.5  0.07918271251147556  
  14511.5  0.07917998672937408  
  14512.5  0.07917725771668835  
  14513.5  0.07917452898615711  
  14514.5  0.07917180404906712  
  14515.5  0.0791690758823361   
  14516.5  0.07916634799761384  
  14517.5  0.07916362039485177  
  14518.5  0.07916089658388557  
  14519.5  0.07915816954453542  
  14520.5  0.07915544278699985  
  14521.5  0.07915271631123029  
  14522.5  0.07914999362561248  
  14523.5  0.07914726771286697  
  14524.5  0.07914454208174201  
  14525.5  0.07914182023953657  
  14526.5  0.07913909517114498  
  14527.5  0.0791363703842286   
  14528.5  0.07913364587873895  
  14529.5  0.07913092516052672  
  14530.5  0.07912820121738322  
  14531.5  0.07912547755552121  
  14532.5  0.07912275767970596  
  14533.5  0.07912003457989993  
  14534.5  0.07911731176123027  
  14535.5  0.07911458922364863  
  14536.5  0.07911187047047374  
  14537.5  0.07910914849456148  
  14538.5  0.07910642679959225  
  14539.5  0.07910370538551773  
  14540.5  0.07910098775421111  
  14541.5  0.07909826690141973  
  14542.5  0.07909554632937824  
  14543.5  0.07909282953887639  
  14544.5  0.07909010952782862  
  14545.5  0.07908738979738598  
  14546.5  0.07908467034750025  
  14547.5  0.0790819546775174   
  14548.5  0.07907923578823982  
  14549.5  0.07907651717937454  
  14550.5  0.07907380234918546  
  14551.5  0.07907108430063944  
  14552.5  0.07906836653236121  
  14553.5  0.0790656490443026   
  14554.5  0.0790629353332855   
  14555.5  0.07906021840516123  
  14556.5  0.07905750175711225  
  14557.5  0.07905478538909042  
  14558.5  0.07905207279647652  
  14559.5  0.07904935698800448  
  14560.5  0.07904664145941537  
  14561.5  0.07904392970500995  
  14562.5  0.07904121473568247  
  14563.5  0.07903850004609382  
  14564.5  0.07903578563619597  
  14565.5  0.07903307499885032  
  14566.5  0.07903036114783019  
  14567.5  0.07902764757635687  
  14568.5  0.07902493777621306  
  14569.5  0.0790222247633298   
  14570.5  0.0790195120298495   
  14571.5  0.07901679957572419  
  14572.5  0.07901409089129893  
  14573.5  0.07901137899538042  
  14574.5  0.07900866737867318  
  14575.5  0.07900595604112928  
  14576.5  0.07900324847165717  
  14577.5  0.07900053769193717  
  14578.5  0.07899782719123694  
  14579.5  0.07899512045738818  
  14580.5  0.07899241051422494  
  14581.5  0.07898970084993798  
  14582.5  0.07898699146447943  
  14583.5  0.07898428584424616  
  14584.5  0.07898157701594238  
  14585.5  0.07897886846632367  
  14586.5  0.07897616368071145  
  14587.5  0.07897345568796107  
  14588.5  0.07897074797375253  
  14589.5  0.07896804053803808  
  14590.5  0.07896533686470594  
  14591.5  0.07896262998547819  
  14592.5  0.07895992338460142  
  14593.5  0.07895721706202793  
  14594.5  0.07895451450021373  
  14595.5  0.0789518087337457   
  14596.5  0.07894910324543797  
  14597.5  0.07894640151667316  
  14598.5  0.07894369658418522  
  14599.5  0.07894099192971471  
  14600.5  0.07893828755321401  
  14601.5  0.07893558693463525  
  14602.5  0.07893288311357374  
  14603.5  0.07893017957033929  
  14604.5  0.07892747630488434  
  14605.5  0.07892477679573151  
  14606.5  0.0789220740853355   
  14607.5  0.07891937165257638  
  14608.5  0.07891667297490543  
  14609.5  0.07891397109692036  
  14610.5  0.07891126949642968  
  14611.5  0.07890856817338589  
  14612.5  0.07890587060381248  
  14613.5  0.07890316983516313  
  14614.5  0.07890046934381831  
  14615.5  0.07889777260473142  
  14616.5  0.07889507266749661  
  14617.5  0.07889237300742408  
  14618.5  0.07888967362446639  
  14619.5  0.07888697799215089  
  14620.5  0.07888427916292423  
  14621.5  0.07888158061067034  
  14622.5  0.0788788823353418   
  14623.5  0.07887618780904082  
  14624.5  0.07887349008706471  
  14625.5  0.07887079264187197  
  14626.5  0.07886809894449676  
  14627.5  0.07886540205237275  
  14628.5  0.07886270543689025  
  14629.5  0.07886000909800196  
  14630.5  0.07885731650531859  
  14631.5  0.07885462071912107  
  14632.5  0.07885192520937599  
  14633.5  0.0788492334446273   
  14634.5  0.07884653848728977  
  14635.5  0.07884384380626308  
  14636.5  0.07884114940149996  
  14637.5  0.07883845874012267  
  14638.5  0.07883576488738976  
  14639.5  0.07883307131077896  
  14640.5  0.07883037801024308  
  14641.5  0.07882768845148358  
  14642.5  0.07882499570260093  
  14643.5  0.07882230322965181  
  14644.5  0.07881961449727293  
  14645.5  0.07881692257569456  
  14646.5  0.07881423092990847  
  14647.5  0.07881153955986758  
  14648.5  0.0788088519287895   
  14649.5  0.078806161109743    
  14650.5  0.07880347056630056  
  14651.5  0.07880078376061628  
  14652.5  0.07879809376788625  
  14653.5  0.07879540405061922  
  14654.5  0.07879271460876817  
  14655.5  0.07879002890306991  
  14656.5  0.07878734001155557  
  14657.5  0.0787846513953163   
  14658.5  0.0787819630543052   
  14659.5  0.07877927844784258  
  14660.5  0.0787765906567928   
  14661.5  0.07877390314083034  
  14662.5  0.07877121935821413  
  14663.5  0.07876853239193177  
  14664.5  0.07876584570059608  
  14665.5  0.07876315928416022  
  14666.5  0.07876047659946832  
  14667.5  0.07875779073233778  
  14668.5  0.0787551051399665   
  14669.5  0.07875241982230767  
  14670.5  0.0787497382347917   
  14671.5  0.07874705346606381  
  14672.5  0.07874436897190795  
  14673.5  0.07874168820669503  
  14674.5  0.07873900426118961  
  14675.5  0.07873632059011593  
  14676.5  0.07873363719342719  
  14677.5  0.0787309575240823   
  14678.5  0.07872827467567026  
  14679.5  0.07872559210150301  
  14680.5  0.07872291325348114  
  14681.5  0.07872023122731053  
  14682.5  0.07871754947524466  
  14683.5  0.07871486799723681  
  14684.5  0.07871219024377726  
  14685.5  0.07870950931339295  
  14686.5  0.07870682865692673  
  14687.5  0.07870414827433198  
  14688.5  0.07870147161468956  
  14689.5  0.07869879177934554  
  14690.5  0.07869611221773319  
  14691.5  0.07869343637787705  
  14692.5  0.07869075736323615  
  14693.5  0.07868807862218719  
  14694.5  0.07868540015468364  
  14695.5  0.07868272540734234  
  14696.5  0.07868004748643806  
  14697.5  0.07867736983893961  
  14698.5  0.07867469591040879  
  14699.5  0.07867201880923078  
  14700.5  0.07866934198131911  
  14701.5  0.07866666542662737  
  14702.5  0.07866399258931123  
  14703.5  0.07866131658056835  
  14704.5  0.07865864084490602  
  14705.5  0.07865596538227781  
  14706.5  0.07865329363543437  
  14707.5  0.07865061871838386  
  14708.5  0.07864794407422826  
  14709.5  0.07864527314466516  
  14710.5  0.07864259904580914  
  14711.5  0.07863992521970892  
  14712.5  0.07863725166631816  
  14713.5  0.07863458182593101  
  14714.5  0.07863190881746927  
  14715.5  0.078629236081578    
  14716.5  0.07862656705749954  
  14717.5  0.07862389486625963  
  14718.5  0.07862122294745133  
  14719.5  0.07861855130102834  
  14720.5  0.07861588336483127  
  14721.5  0.07861321226268969  
  14722.5  0.0786105414327947   
  14723.5  0.07860787087510003  
  14724.5  0.07860520402604552  
  14725.5  0.07860253401226268  
  14726.5  0.07859986427054157  
  14727.5  0.07859719823627215  
  14728.5  0.07859452903818591  
  14729.5  0.07859186011202292  
  14730.5  0.07858919145773698  
  14731.5  0.0785865265093189   
  14732.5  0.07858385839829886  
  14733.5  0.0785811905590175   
  14734.5  0.07857852642441703  
  14735.5  0.07857585912812509  
  14736.5  0.07857319210343357  
  14737.5  0.07857052535029636  
  14738.5  0.0785678623002582   
  14739.5  0.07856519608974204  
  14740.5  0.07856253015064207  
  14741.5  0.07855986448291222  
  14742.5  0.07855720251670069  
  14743.5  0.07855453739122388  
  14744.5  0.07855187253697918  
  14745.5  0.07854921138306814  
  14746.5  0.07854654707080073  
  14747.5  0.0785438830296275   
  14748.5  0.07854121925950251  
  14749.5  0.07853855918813243  
  14750.5  0.07853589595961732  
  14751.5  0.07853323300201265  
  14752.5  0.07853057031527248  
  14753.5  0.0785279113257096   
  14754.5  0.07852524918021227  
  14755.5  0.07852258730544179  
  14756.5  0.07851992912666624  
  14757.5  0.07851726779286355  
  14758.5  0.07851460672965017  
  14759.5  0.07851194593698024  
  14760.5  0.07850928883872955  
  14761.5  0.07850662858666096  
  14762.5  0.0785039686049984   
  14763.5  0.0785013123165742   
  14764.5  0.07849865287523841  
  14765.5  0.0784959937041713   
  14766.5  0.07849333480332712  
  14767.5  0.07849067959414757  
  14768.5  0.07848802123326433  
  14769.5  0.0784853631424668   
  14770.5  0.07848270532170926  
  14771.5  0.07848005119104375  
  14772.5  0.07847739390988163  
  14773.5  0.07847473689862246  
  14774.5  0.0784720835762767   
  14775.5  0.0784694271043391   
  14776.5  0.07846677090216744  
  14777.5  0.07846411496971609  
  14778.5  0.07846146272460748  
  14779.5  0.07845880733111281  
  14780.5  0.07845615220720159  
  14781.5  0.07845350076945601  
  14782.5  0.07845084618422805  
  14783.5  0.07844819186844681  
  14784.5  0.07844553782206672  
  14785.5  0.07844288746028354  
  14786.5  0.07844023395222242  
  14787.5  0.07843758071342583  
  14788.5  0.0784349277438482   
  14789.5  0.07843227845729991  
  14790.5  0.07842962602567735  
  14791.5  0.07842697386313728  
  14792.5  0.07842432538245167  
  14793.5  0.07842167375759397  
  14794.5  0.07841902240168237  
  14795.5  0.07841637131467141  
  14796.5  0.07841372390794923  
  14797.5  0.07841107335825731  
  14798.5  0.07840842307732974  
  14799.5  0.07840577647551761  
  14800.5  0.07840312673163681  
  14801.5  0.07840047725638426  
  14802.5  0.07839782804971453  
  14803.5  0.07839518252059649  
  14804.5  0.07839253385061079  
  14805.5  0.07838988544907191  
  14806.5  0.07838723731593447  
  14807.5  0.07838459285878611  
  14808.5  0.07838194526197034  
  14809.5  0.07837929793342009  
  14810.5  0.07837665427968782  
  14811.5  0.0783740074871877   
  14812.5  0.07837136096281733  
  14813.5  0.07836871470653142  
  14814.5  0.07836607212350277  
  14815.5  0.07836342640290518  
  14816.5  0.07836078095025638  
  14817.5  0.07835813576551115  
  14818.5  0.0783554942524636   
  14819.5  0.07835284960304523  
  14820.5  0.07835020522139488  
  14821.5  0.07834756451027336  
  14822.5  0.07834492066367904  
  14823.5  0.07834227708471728  
  14824.5  0.07833963377334292  
  14825.5  0.07833699413093974  
  14826.5  0.07833435135426055  
  14827.5  0.07833170884503346  
  14828.5  0.07832907000361011  
  14829.5  0.07832642802880779  
  14830.5  0.07832378632132234  
  14831.5  0.07832114488110864  
  14832.5  0.07831850710714297  
  14833.5  0.0783158662009938   
  14834.5  0.0783132255619813   
  14835.5  0.07831058519006041  
  14836.5  0.07830794848283293  
  14837.5  0.07830530864461666  
  14838.5  0.07830266907335705  
  14839.5  0.07830003316562568  
  14840.5  0.07829739412780098  
  14841.5  0.07829475535679807  
  14842.5  0.07829211685257197  
  14843.5  0.07828948201032138  
  14844.5  0.07828684403917086  
  14845.5  0.07828420633466242  
  14846.5  0.07828157229096577  
  14847.5  0.07827893511926366  
  14848.5  0.07827629821406897  
  14849.5  0.07827366157533679  
  14850.5  0.07827102859586559  
  14851.5  0.07826839248958102  
  14852.5  0.07826575664962443  
  14853.5  0.07826312107595097  
  14854.5  0.0782604891599888   
  14855.5  0.07825785411840458  
  14856.5  0.07825521934296908  
  14857.5  0.07825258822408342  
  14858.5  0.07824995398046859  
  14859.5  0.0782473200028682   
  14860.5  0.07824468629123744  
  14861.5  0.07824205623460873  
  14862.5  0.07823942305444086  
  14863.5  0.07823679014010844  
  14864.5  0.07823416087961804  
  14865.5  0.07823152849648041  
  14866.5  0.07822889637904416  
  14867.5  0.07822626452726458  
  14868.5  0.07822363632778111  
  14869.5  0.07822100500683908  
  14870.5  0.07821837395141978  
  14871.5  0.07821574316147854  
  14872.5  0.07821311602228859  
  14873.5  0.07821048576282805  
  14874.5  0.07820785576871171  
  14875.5  0.0782052294241889   
  14876.5  0.07820259996028582  
  14877.5  0.07819997076159325  
  14878.5  0.07819734182806658  
  14879.5  0.07819471654259048  
  14880.5  0.07819208813892081  
  14881.5  0.07818946000028339  
  14882.5  0.07818683550854022  
  14883.5  0.07818420789949282  
  14884.5  0.07818158055534419  
  14885.5  0.07817895347604982  
  14886.5  0.07817633004210864  
  14887.5  0.07817370349204858  
  14888.5  0.07817107720670936  
  14889.5  0.07816845118604655  
  14890.5  0.078165828809197    
  14891.5  0.07816320331741311  
  14892.5  0.07816057809017235  
  14893.5  0.07815795650559074  
  14894.5  0.07815533180696264  
  14895.5  0.07815270737274446  
  14896.5  0.07815008320289187  
  14897.5  0.07814746267416035  
  14898.5  0.07814483903256562  
  14899.5  0.07814221565520336  
  14900.5  0.07813959254202926  
  14901.5  0.07813697306843931  
  14902.5  0.07813435048316865  
  14903.5  0.07813172816195317  
  14904.5  0.07812910947916997  
  14905.5  0.07812648768559234  
  14906.5  0.07812386615593708  
  14907.5  0.07812124489015995  
  14908.5  0.07811862726127997  
  14909.5  0.0781160065227868   
  14910.5  0.07811338604803901  
  14911.5  0.07811076920903791  
  14912.5  0.07810814926130892  
  14913.5  0.0781055295771927   
  14914.5  0.07810291015664508  
  14915.5  0.07810029437031095  
  14916.5  0.07809767547642883  
  14917.5  0.07809505684598278  
  14918.5  0.07809243847892867  
  14919.5  0.07808982374455593  
  14920.5  0.07808720590381438  
  14921.5  0.07808458832633237  
  14922.5  0.07808197438038349  
  14923.5  0.07807935732894955  
  14924.5  0.0780767405406429   
  14925.5  0.07807412401541944  
  14926.5  0.07807151112019885  
  14927.5  0.07806889512067108  
  14928.5  0.07806627938409436  
  14929.5  0.07806366727637365  
  14930.5  0.0780610520652286   
  14931.5  0.07805843711690251  
  14932.5  0.0780558224313514   
  14933.5  0.07805321137312793  
  14934.5  0.07805059721265667  
  14935.5  0.07804798331482844  
  14936.5  0.07804536967959926  
  14937.5  0.07804275967017044  
  14938.5  0.07804014655966965  
  14939.5  0.0780375337116361   
  14940.5  0.07803492448825826  
  14941.5  0.07803231216468974  
  14942.5  0.07802970010345675  
  14943.5  0.07802708830451537  
  14944.5  0.07802448012870428  
  14945.5  0.07802186885387703  
  14946.5  0.07801925784120982  
  14947.5  0.07801665045052963  
  14948.5  0.07801403996171363  
  14949.5  0.07801142973492614  
  14950.5  0.07800881977012333  
  14951.5  0.07800621342578402  
  14952.5  0.0780036039844821   
  14953.5  0.07800099480503349  
  14954.5  0.07799838588739441  
  14955.5  0.07799578058869631  
  14956.5  0.07799317219420812  
  14957.5  0.07799056406139819  
  14958.5  0.07798795954638821  
  14959.5  0.07798535193646693  
  14960.5  0.07798274458809273  
  14961.5  0.07798013750122192  
  14962.5  0.07797753403063042  
  14963.5  0.07797492746629883  
  14964.5  0.07797232116333959  
  14965.5  0.07796971512170899  
  14966.5  0.07796711269483815  
  14967.5  0.07796450717539768  
  14968.5  0.07796190191715496  
  14969.5  0.07795930027253313  
  14970.5  0.07795669553621895  
  14971.5  0.07795409106097169  
  14972.5  0.07795148684674774  
  14973.5  0.07794888624462697  
  14974.5  0.07794628255198306  
  14975.5  0.07794367912023173  
  14976.5  0.07794107929944613  
  14977.5  0.07793847638901368  
  14978.5  0.07793587373934321  
  14979.5  0.07793327135039121  
  14980.5  0.07793067257088908  
  14981.5  0.077928070702908    
  14982.5  0.07792546909551488  
  14983.5  0.07792286774866623  
  14984.5  0.07792027000975263  
  14985.5  0.07791766918352727  
  14986.5  0.07791506861771602  
  14987.5  0.07791247165870456  
  14988.5  0.07790987161325612  
  14989.5  0.0779072718280915   
  14990.5  0.07790467230316728  
  14991.5  0.07790207638352988  
  14992.5  0.07789947737862142  
  14993.5  0.07789687863382318  
  14994.5  0.07789428349317788  
  14995.5  0.07789168526813538  
  14996.5  0.07788908730307303  
  14997.5  0.0778864895979475   
  14998.5  0.0778838954954638   
  14999.5  0.0778812983097475   
  15000.5  0.07787870138383804  
  15001.5  0.07787610471769216  
  15002.5  0.07787351165267806  
  15003.5  0.07787091550559523  
  15004.5  0.07786831961814614  
  15005.5  0.07786572733069709  
  15006.5  0.07786313196205166  
  15007.5  0.07786053685291022  
  15008.5  0.07785794200322957  
  15009.5  0.07785535075204074  
  15010.5  0.07785275642081814  
  15011.5  0.07785016234892668  
  15012.5  0.07784757187439671  
  15013.5  0.07784497832070435  
  15014.5  0.0778423850262136   
  15015.5  0.07783979199088134  
  15016.5  0.07783720255140418  
  15017.5  0.07783461003392596  
  15018.5  0.07783201777547681  
  15019.5  0.07782942577601358  
  15020.5  0.07782683737090014  
  15021.5  0.07782424588894624  
  15022.5  0.07782165466584899  
  15023.5  0.07781906703597335  
  15024.5  0.07781647633012713  
  15025.5  0.07781388588300836  
  15026.5  0.07781129569457401  
  15027.5  0.07780870909785778  
  15028.5  0.07780611942633028  
  15029.5  0.07780353001335814  
  15030.5  0.0778009441909773   
  15031.5  0.07779835529465413  
  15032.5  0.07779576665675735  
  15033.5  0.07779317827724389  
  15034.5  0.0777905934868201   
  15035.5  0.07778800562361204  
  15036.5  0.07778541801865851  
  15037.5  0.07778283067191653  
  15038.5  0.07778024691276358  
  15039.5  0.0777776600819837   
  15040.5  0.07777507350928665  
  15041.5  0.07777249052305397  
  15042.5  0.07776990446606181  
  15043.5  0.07776731866702381  
  15044.5  0.07776473312589713  
  15045.5  0.077762151169736    
  15046.5  0.07775956614397148  
  15047.5  0.07775698137598971  
  15048.5  0.07775439686574787  
  15049.5  0.07775181593897386  
  15050.5  0.07774923194375179  
  15051.5  0.0777466482061412   
  15052.5  0.07774406805087598  
  15053.5  0.07774148482802863  
  15054.5  0.07773890186266447  
  15055.5  0.07773631915474073  
  15056.5  0.07773374002766638  
  15057.5  0.07773115783416401  
  15058.5  0.07772857589797386  
  15059.5  0.07772599754151197  
  15060.5  0.07772341611948702  
  15061.5  0.0777208349546462   
  15062.5  0.07771825404694678  
  15063.5  0.0777156767174815   
  15064.5  0.07771309632360601  
  15065.5  0.07771051618674395  
  15066.5  0.07770793630685263  
  15067.5  0.07770536000370237  
  15068.5  0.07770278063729402  
  15069.5  0.07770020152772855  
  15070.5  0.07769762599378513  
  15071.5  0.07769504739744713  
  15072.5  0.07769246905782423  
  15073.5  0.07768989097487382  
  15074.5  0.07768731646605422  
  15075.5  0.07768473889599087  
  15076.5  0.07768216158247235  
  15077.5  0.07767958784196699  
  15078.5  0.07767701104108046  
  15079.5  0.07767443449661118  
  15080.5  0.07767185820851664  
  15081.5  0.07766928549194581  
  15082.5  0.0776667097161434   
  15083.5  0.07766413419658826  
  15084.5  0.07766155893323791  
  15085.5  0.07765898723992282  
  15086.5  0.07765641248852503  
  15087.5  0.07765383799320472  
  15088.5  0.07765126706680414  
  15089.5  0.07764869308318197  
  15090.5  0.07764611935550998  
  15091.5  0.0776435458837458   
  15092.5  0.07764097597941473  
  15093.5  0.07763840301900968  
  15094.5  0.07763583031438528  
  15095.5  0.07763326117607985  
  15096.5  0.0776306889825606   
  15097.5  0.07762811704469494  
  15098.5  0.07762554536244055  
  15099.5  0.0776229772450203   
  15100.5  0.07762040607353259  
  15101.5  0.07761783515752922  
  15102.5  0.07761526449696787  
  15103.5  0.07761269739975689  
  15104.5  0.0776101272496241   
  15105.5  0.07760755735480653  
  15106.5  0.07760499102222725  
  15107.5  0.07760242163758486  
  15108.5  0.07759985250813098  
  15109.5  0.07759728363382334  
  15110.5  0.07759471832027201  
  15111.5  0.07759214995580198  
  15112.5  0.07758958184635159  
  15113.5  0.07758701399187867  
  15114.5  0.07758444969668109  
  15115.5  0.07758188235170849  
  15116.5  0.07757931526158685  
  15117.5  0.07757675172963062  
  15118.5  0.0775741851487566   
  15119.5  0.07757161882260713  
  15120.5  0.0775690527511401   
  15121.5  0.07756649023635931  
  15122.5  0.07756392467380316  
  15123.5  0.07756135936580318  
  15124.5  0.07755879761338083  
  15125.5  0.0775562328140394   
  15126.5  0.07755366826912792  
  15127.5  0.07755110397860435  
  15128.5  0.07754854324218105  
  15129.5  0.07754597945997986  
  15130.5  0.07754341593204049  
  15131.5  0.07754085265832092  
  15132.5  0.07753829293722524  
  15133.5  0.07753573017149218  
  15134.5  0.07753316765985295  
  15135.5  0.07753060869973115  
  15136.5  0.07752804669582676  
  15137.5  0.07752548494589033  
  15138.5  0.07752292344987992  
  15139.5  0.07752036550391234  
  15140.5  0.07751780451530142  
  15141.5  0.07751524378049077  
  15142.5  0.0775126865946178   
  15143.5  0.07751012636695538  
  15144.5  0.07750756639296756  
  15145.5  0.07750500667261241  
  15146.5  0.07750245049972215  
  15147.5  0.07749989128618047  
  15148.5  0.07749733232614593  
  15149.5  0.07749477361957668  
  15150.5  0.07749221845900052  
  15151.5  0.07748966025891026  
  15152.5  0.07748710231215984  
  15153.5  0.07748454791029945  
  15154.5  0.07748199046977738  
  15155.5  0.07747943328246984  
  15156.5  0.07747687634833499  
  15157.5  0.07747432295762018  
  15158.5  0.07747176652937976  
  15159.5  0.07746921035418682  
  15160.5  0.07746665772131218  
  15161.5  0.07746410205176345  
  15162.5  0.07746154663513705  
  15163.5  0.07745899147139126  
  15164.5  0.07745643984849554  
  15165.5  0.07745388519006055  
  15166.5  0.07745133078438116  
  15167.5  0.07744877663141568  
  15168.5  0.07744622601783303  
  15169.5  0.07744367236984526  
  15170.5  0.07744111897444649  
  15171.5  0.07743856911733091  
  15172.5  0.07743601622666026  
  15173.5  0.07743346358845377  
  15174.5  0.07743091120266984  
  15175.5  0.07742836235370365  
  15176.5  0.0774258104723153   
  15177.5  0.07742325884322478  
  15178.5  0.07742071074985368  
  15179.5  0.07741815962490955  
  15180.5  0.07741560875213863  
  15181.5  0.07741305813149937  
  15182.5  0.07741051104511586  
  15183.5  0.07740796092829097  
  15184.5  0.07740541106347325  
  15185.5  0.07740286145062117  
  15186.5  0.07740031537056213  
  15187.5  0.07739776626119273  
  15188.5  0.07739521740366456  
  15189.5  0.07739267207783321  
  15190.5  0.07739012372353916  
  15191.5  0.07738757562096203  
  15192.5  0.0773850277700604   
  15193.5  0.07738248344939468  
  15194.5  0.07737993610139599  
  15195.5  0.0773773890049486   
  15196.5  0.07737484216001111  
  15197.5  0.0773722988438496   
  15198.5  0.07736975250148419  
  15199.5  0.07736720641050458  
  15200.5  0.07736466384720679  
  15201.5  0.07736211825855134  
  15202.5  0.0773595729211577   
  15203.5  0.07735702783498452  
  15204.5  0.07735448627503502  
  15205.5  0.07735194169085567  
  15206.5  0.07734939735777291  
  15207.5  0.07734685654982097  
  15208.5  0.0773443127184845   
  15209.5  0.07734176913812082  
  15210.5  0.07733922580868868  
  15211.5  0.07733668600293093  
  15212.5  0.07733414317491527  
  15213.5  0.07733160059770747  
  15214.5  0.07732905827126625  
  15215.5  0.07732651946704405  
  15216.5  0.07732397764168983  
  15217.5  0.07732143606697865  
  15218.5  0.0773188980133957   
  15219.5  0.0773163569395246   
  15220.5  0.07731381611617308  
  15221.5  0.07731127554329995  
  15222.5  0.07730873849010136  
  15223.5  0.07730619841773934  
  15224.5  0.07730365859573232  
  15225.5  0.07730112229231043  
  15226.5  0.07729858297056803  
  15227.5  0.07729604389905737  
  15228.5  0.07729350507773734  
  15229.5  0.0772909697735505   
  15230.5  0.07728843145216666  
  15231.5  0.07728589338085026  
  15232.5  0.07728335555956029  
  15233.5  0.07728082125395257  
  15234.5  0.07727828393227061  
  15235.5  0.07727574686049202  
  15236.5  0.07727321330330825  
  15237.5  0.0772706767308918   
  15238.5  0.0772681404082557   
  15239.5  0.077265604335359    
  15240.5  0.07726307177560794  
  15241.5  0.07726053620174578  
  15242.5  0.07725800087750012  
  15243.5  0.07725546906531401  
  15244.5  0.07725293423985741  
  15245.5  0.07725039966389453  
  15246.5  0.07724786533738447  
  15247.5  0.0772453345214865   
  15248.5  0.0772428006934384   
  15249.5  0.07724026711472046  
  15250.5  0.07723773378529175  
  15251.5  0.0772352039650287   
  15252.5  0.07723267113373518  
  15253.5  0.07723013855160836  
  15254.5  0.07722760947756313  
  15255.5  0.07722507739332661  
  15256.5  0.07722254555813432  
  15257.5  0.07722001397194546  
  15258.5  0.07721748589239345  
  15259.5  0.07721495480376862  
  15260.5  0.07721242396402486  
  15261.5  0.0772098966298352   
  15262.5  0.077207366287411    
  15263.5  0.07720483619374557  
  15264.5  0.07720230634879817  
  15265.5  0.0771997800079619   
  15266.5  0.07719725066000835  
  15267.5  0.07719472156065064  
  15268.5  0.07719219270984809  
  15269.5  0.07718966736171466  
  15270.5  0.0771871390075805   
  15271.5  0.07718461090187943  
  15272.5  0.07718208629776677  
  15273.5  0.07717955868849023  
  15274.5  0.07717703132752483  
  15275.5  0.0771745042148299   
  15276.5  0.0771719806022831   
  15277.5  0.0771694539856878   
  15278.5  0.07716692761724112  
  15279.5  0.07716440149690243  
  15280.5  0.0771618788752726   
  15281.5  0.0771593532507089   
  15282.5  0.07715682787413147  
  15283.5  0.07715430599518419  
  15284.5  0.07715178111413853  
  15285.5  0.07714925648095747  
  15286.5  0.07714673209560045  
  15287.5  0.07714421120643603  
  15288.5  0.07714168731628668  
  15289.5  0.07713916367383981  
  15290.5  0.07713664352650815  
  15291.5  0.0771341203790261   
  15292.5  0.07713159747912508  
  15293.5  0.07712907482676463  
  15294.5  0.0771265556680835   
  15295.5  0.07712403351036427  
  15296.5  0.07712151160006425  
  15297.5  0.07711898993714296  
  15298.5  0.07711647176646615  
  15299.5  0.0771139505978628   
  15300.5  0.07711142967651696  
  15301.5  0.07710891224634021  
  15302.5  0.07710639181907007  
  15303.5  0.07710387163893628  
  15304.5  0.07710135170589846  
  15305.5  0.07709883526259656  
  15306.5  0.07709631582331167  
  15307.5  0.07709379663100169  
  15308.5  0.07709128092735354  
  15309.5  0.07708876222855464  
  15310.5  0.07708624377660968  
  15311.5  0.07708372557147836  
  15312.5  0.07708121085357741  
  15313.5  0.07707869314163492  
  15314.5  0.0770761756763852   
  15315.5  0.07707365845778796  
  15316.5  0.07707114472499067  
  15317.5  0.07706862799926033  
  15318.5  0.07706611152006171  
  15319.5  0.07706359852559093  
  15320.5  0.07706108253901794  
  15321.5  0.07705856679885603  
  15322.5  0.077056051305065    
  15323.5  0.07705353929457305  
  15324.5  0.07705102429308619  
  15325.5  0.07704850953784965  
  15326.5  0.07704599826484139  
  15327.5  0.07704348400166815  
  15328.5  0.07704096998462477  
  15329.5  0.07703845621367109  
  15330.5  0.07703594592351865  
  15331.5  0.07703343264430734  
  15332.5  0.07703091961106538  
  15333.5  0.07702840682375264  
  15334.5  0.07702589751581505  
  15335.5  0.07702338521992406  
  15336.5  0.07702087316984205  
  15337.5  0.07701836459806638  
  15338.5  0.07701585303916583  
  15339.5  0.07701334172595412  
  15340.5  0.07701083065839115  
  15341.5  0.07700832306771013  
  15342.5  0.07700581249100853  
  15343.5  0.07700330215983561  
  15344.5  0.07700079207415138  
  15345.5  0.0769982854639257   
  15346.5  0.076995775868783    
  15347.5  0.07699326651900903  
  15348.5  0.07699076064362681  
  15349.5  0.07698825178415472  
  15350.5  0.07698574316993148  
  15351.5  0.07698323480091718  
  15352.5  0.0769807299048729   
  15353.5  0.07697822202584113  
  15354.5  0.07697571439189853  
  15355.5  0.07697321022986042  
  15356.5  0.07697070308566109  
  15357.5  0.07696819618643125  
  15358.5  0.07696568953213101  
  15359.5  0.07696318634831524  
  15360.5  0.07696068018343945  
  15361.5  0.07695817426337369  
  15362.5  0.07695566858807812  
  15363.5  0.07695316638184797  
  15364.5  0.07695066119565834  
  15365.5  0.07694815625411942  
  15366.5  0.07694565478058239  
  15367.5  0.07694315032791074  
  15368.5  0.07694064611977044  
  15369.5  0.0769381421561217   
  15370.5  0.07693564165905746  
  15371.5  0.07693313818395797  
  15372.5  0.07693063495323077  
  15373.5  0.0769281351880258   
  15374.5  0.07692563244560956  
  15375.5  0.07692312994744642  
  15376.5  0.07692062769349665  
  15377.5  0.07691812890365347  
  15378.5  0.07691562713769716  
  15379.5  0.07691312561583515  
  15380.5  0.07691062433802776  
  15381.5  0.0769081265229122   
  15382.5  0.07690562573278104  
  15383.5  0.07690312518658553  
  15384.5  0.07690062810202156  
  15385.5  0.07689812804326457  
  15386.5  0.07689562822832434  
  15387.5  0.07689312865716125  
  15388.5  0.07689063254621667  
  15389.5  0.07688813346217538  
  15390.5  0.07688563462179246  
  15391.5  0.07688313924056901  
  15392.5  0.07688064088707058  
  15393.5  0.07687814277711182  
  15394.5  0.07687564491065314  
  15395.5  0.07687315050194257  
  15396.5  0.07687065312205218  
  15397.5  0.07686815598554331  
  15398.5  0.0768656590923764   
  15399.5  0.07686316565554718  
  15400.5  0.07686066924863263  
  15401.5  0.0768581730849416   
  15402.5  0.07685568037653119  
  15403.5  0.07685318469885576  
  15404.5  0.07685068926428544  
  15405.5  0.07684819407278073  
  15406.5  0.07684570233514795  
  15407.5  0.07684320762934348  
  15408.5  0.07684071316648633  
  15409.5  0.07683822215644527  
  15410.5  0.076835728179052    
  15411.5  0.07683323444448782  
  15412.5  0.07683074095271339  
  15413.5  0.07682825091234799  
  15414.5  0.07682575790572249  
  15415.5  0.0768232651417686   
  15416.5  0.07682077262044697  
  15417.5  0.07681828354912826  
  15418.5  0.07681579151264092  
  15419.5  0.07681329971866785  
  15420.5  0.07681081137364387  
  15421.5  0.07680832006426931  
  15422.5  0.07680582899729112  
  15423.5  0.07680333817266995  
  15424.5  0.07680085079559344  
  15425.5  0.07679836045525666  
  15426.5  0.07679587035715912  
  15427.5  0.07679338050126153  
  15428.5  0.0767908940915051   
  15429.5  0.07678840471957805  
  15430.5  0.07678591558973327  
  15431.5  0.07678342990497777  
  15432.5  0.07678094125886835  
  15433.5  0.07677845285472358  
  15434.5  0.07677596469250422  
  15435.5  0.07677347997397231  
  15436.5  0.07677099229517498  
  15437.5  0.07676850485818555  
  15438.5  0.07676602086383294  
  15439.5  0.07676353391003073  
  15440.5  0.07676104719791899  
  15441.5  0.07675856072745857  
  15442.5  0.0767560776982348   
  15443.5  0.07675359171064876  
  15444.5  0.0767511059645967   
  15445.5  0.07674862046003952  
  15446.5  0.07674613839531978  
  15447.5  0.07674365337332441  
  15448.5  0.0767411685927067   
  15449.5  0.07673868725087774  
  15450.5  0.0767362029525876   
  15451.5  0.07673371889555798  
  15452.5  0.07673123507974983  
  15453.5  0.07672875470133286  
  15454.5  0.07672627136754022  
  15455.5  0.076723788274852    
  15456.5  0.07672130861850752  
  15457.5  0.07671882600760098  
  15458.5  0.07671634363768189  
  15459.5  0.07671386150871128  
  15460.5  0.07671138281468852  
  15461.5  0.076708901167188    
  15462.5  0.0767064197605191   
  15463.5  0.0767039385946429   
  15464.5  0.07670146086231955  
  15465.5  0.07669898017760211  
  15466.5  0.07669649973356063  
  15467.5  0.0766940227220265   
  15468.5  0.07669154275891052  
  15469.5  0.0766890630363538   
  15470.5  0.07668658355431747  
  15471.5  0.07668410750339519  
  15472.5  0.07668162850197356  
  15473.5  0.07667914974095574  
  15474.5  0.07667667441000772  
  15475.5  0.07667419612937171  
  15476.5  0.07667171808902305  
  15477.5  0.07666924028892289  
  15478.5  0.07666676591750084  
  15479.5  0.07666428859747218  
  15480.5  0.07666181151757566  
  15481.5  0.07665933467777247  
  15482.5  0.07665686126525663  
  15483.5  0.0766543849052149   
  15484.5  0.07665190878515024  
  15485.5  0.07664943609133061  
  15486.5  0.07664696045079508  
  15487.5  0.07664448505012043  
  15488.5  0.07664200988926793  
  15489.5  0.07663953815327136  
  15490.5  0.07663706347163844  
  15491.5  0.0766345890297116   
  15492.5  0.0766321148274521   
  15493.5  0.07662964404866038  
  15494.5  0.07662717032531122  
  15495.5  0.07662469684151343  
  15496.5  0.07662222678014301  
  15497.5  0.07661975377502382  
  15498.5  0.0766172810093401   
  15499.5  0.07661480848305322  
  15500.5  0.07661233937780716  
  15501.5  0.0766098673298901   
  15502.5  0.07660739552125406  
  15503.5  0.0766049271326197   
  15504.5  0.0766024558021221   
  15505.5  0.07659998471078983  
  15506.5  0.07659751385858427  
  15507.5  0.07659504642499551  
  15508.5  0.07659257605062013  
  15509.5  0.07659010591525586  
  15510.5  0.07658763601886417  
  15511.5  0.07658516953970532  
  15512.5  0.07658270012083578  
  15513.5  0.07658023094082331  
  15514.5  0.07657776517700642  
  15515.5  0.07657529647428528  
  15516.5  0.0765728280103058   
  15517.5  0.07657035978502945  
  15518.5  0.07656789497456636  
  15519.5  0.07656542722627384  
  15520.5  0.07656295971656915  
  15521.5  0.07656049562064168  
  15522.5  0.07655802858769037  
  15523.5  0.07655556179321163  
  15524.5  0.07655309523716704  
  15525.5  0.07655063209351899  
  15526.5  0.07654816601392075  
  15527.5  0.0765457001726415   
  15528.5  0.07654323456964289  
  15529.5  0.07654077237766103  
  15530.5  0.07653830725080199  
  15531.5  0.07653584236210854  
  15532.5  0.07653338088339774  
  15533.5  0.07653091647061401  
  15534.5  0.07652845229588087  
  15535.5  0.07652598835916004  
  15536.5  0.0765235278310437   
  15537.5  0.07652106436992628  
  15538.5  0.07651860114670629  
  15539.5  0.07651614133105794  
  15540.5  0.07651367858321188  
  15541.5  0.07651121607314847  
  15542.5  0.07650875380082944  
  15543.5  0.07650629493470548  
  15544.5  0.0765038331374546   
  15545.5  0.07650137157783339  
  15546.5  0.07649891025580365  
  15547.5  0.07649645233859338  
  15548.5  0.07649399149132627  
  15549.5  0.07649153088153601  
  15550.5  0.07648907367553429  
  15551.5  0.07648661354027772  
  15552.5  0.07648415364238355  
  15553.5  0.07648169398181359  
  15554.5  0.07647923772365814  
  15555.5  0.07647677853731683  
  15556.5  0.07647431958818532  
  15557.5  0.07647186404043856  
  15558.5  0.07646940556530711  
  15559.5  0.07646694732727118  
  15560.5  0.07646448932629263  
  15561.5  0.07646203472532642  
  15562.5  0.07645957719804339  
  15563.5  0.07645711990770351  
  15564.5  0.0764546628542687   
  15565.5  0.07645220919947482  
  15566.5  0.07644975261943127  
  15567.5  0.07644729627617868  
  15568.5  0.07644484333053912  
  15569.5  0.07644238746044975  
  15570.5  0.0764399318270373   
  15571.5  0.0764374764302638   
  15572.5  0.07643502442973346  
  15573.5  0.07643256950581935  
  15574.5  0.07643011481843023  
  15575.5  0.07642766036752813  
  15576.5  0.07642520931150026  
  15577.5  0.07642275533315403  
  15578.5  0.07642030159118095  
  15579.5  0.07641785124305614  
  15580.5  0.0764153979734115   
  15581.5  0.07641294494002628  
  15582.5  0.07641049214286254  
  15583.5  0.07640804273817975  
  15584.5  0.07640559041304137  
  15585.5  0.07640313832401084  
  15586.5  0.0764006896264365   
  15587.5  0.07639823800920424  
  15588.5  0.07639578662796624  
  15589.5  0.07639333548268466  
  15590.5  0.07639088772749351  
  15591.5  0.07638843705370763  
  15592.5  0.07638598661576465  
  15593.5  0.07638353641362676  
  15594.5  0.07638108960021453  
  15595.5  0.07637863986927004  
  15596.5  0.07637619037401727  
  15597.5  0.07637374426646726  
  15598.5  0.07637129524218134  
  15599.5  0.07636884645347385  
  15600.5  0.07636639790030703  
  15601.5  0.07636395273347972  
  15602.5  0.07636150465097792  
  15603.5  0.07635905680390356  
  15604.5  0.07635661234214705  
  15605.5  0.07635416496551156  
  15606.5  0.07635171782419038  
  15607.5  0.07634927091814583  
  15608.5  0.07634682739605753  
  15609.5  0.07634438096015048  
  15610.5  0.07634193475940702  
  15611.5  0.0763394887937895   
  15612.5  0.07633704621076755  
  15613.5  0.07633460071498643  
  15614.5  0.07633215545421831  
  15615.5  0.07632971357502595  
  15616.5  0.07632726878386863  
  15617.5  0.07632482422761147  
  15618.5  0.07632237990621689  
  15619.5  0.07631993896503893  
  15620.5  0.07631749511295449  
  15621.5  0.07631505149561987  
  15622.5  0.07631261125748326  
  15623.5  0.07631016810923355  
  15624.5  0.076307725195621    
  15625.5  0.07630528251660802  
  15626.5  0.07630284321543553  
  15627.5  0.0763004010052073   
  15628.5  0.07629795902946611  
  15629.5  0.07629551728817444  
  15630.5  0.07629307892336662  
  15631.5  0.07629063765055982  
  15632.5  0.07628819661209005  
  15633.5  0.07628575894908739  
  15634.5  0.07628331837887779  
  15635.5  0.07628087804289285  
  15636.5  0.0762784379410951   
  15637.5  0.07627600121340941  
  15638.5  0.07627356157957241  
  15639.5  0.07627112217981033  
  15640.5  0.0762686830140857   
  15641.5  0.07626624722111904  
  15642.5  0.07626380852305602  
  15643.5  0.0762613700589183   
  15644.5  0.07625893496652365  
  15645.5  0.07625649696982338  
  15646.5  0.07625405920693629  
  15647.5  0.076251621677825    
  15648.5  0.07624918751910423  
  15649.5  0.07624675045713172  
  15650.5  0.07624431362882302  
  15651.5  0.07624188016989111  
  15652.5  0.07623944380849737  
  15653.5  0.07623700768065549  
  15654.5  0.07623457178632814  
  15655.5  0.07623213926002666  
  15656.5  0.07622970383231609  
  15657.5  0.07622726863800822  
  15658.5  0.07622483367706577  
  15659.5  0.07622240208279912  
  15660.5  0.07621996758817551  
  15661.5  0.0762175333268056   
  15662.5  0.07621510243109962  
  15663.5  0.07621266863582528  
  15664.5  0.07621023507369296  
  15665.5  0.07620780174466545  
  15666.5  0.07620537177995337  
  15667.5  0.07620293891672396  
  15668.5  0.0762005062864878   
  15669.5  0.07619807701955643  
  15670.5  0.07619564485489545  
  15671.5  0.07619321292311623  
  15672.5  0.0761907812241816   
  15673.5  0.07618835288720484  
  15674.5  0.0761859216535484   
  15675.5  0.07618349065262518  
  15676.5  0.07618105988439801  
  15677.5  0.0761786324767827   
  15678.5  0.07617620217353699  
  15679.5  0.07617377210287607  
  15680.5  0.07617134539181816  
  15681.5  0.07616891578591632  
  15682.5  0.07616648641248805  
  15683.5  0.07616405727149626  
  15684.5  0.07616163148876308  
  15685.5  0.07615920281223411  
  15686.5  0.07615677436803053  
  15687.5  0.07615434928107788  
  15688.5  0.07615192130111507  
  15689.5  0.07614949355336663  
  15690.5  0.0761470660377955   
  15691.5  0.07614464187813244  
  15692.5  0.0761422148265063   
  15693.5  0.07613978800694654  
  15694.5  0.0761373614194162   
  15695.5  0.07613493818645191  
  15696.5  0.07613251206257096  
  15697.5  0.0761300861706086   
  15698.5  0.07612766363220651  
  15699.5  0.07612523820367209  
  15700.5  0.07612281300694547  
  15701.5  0.07612038804198973  
  15702.5  0.07611796642925382  
  15703.5  0.07611554192743095  
  15704.5  0.07611311765726825  
  15705.5  0.07611069673832077  
  15706.5  0.07610827293106982  
  15707.5  0.07610584935536847  
  15708.5  0.07610342601117988  
  15709.5  0.07610100601686763  
  15710.5  0.07609858313529613  
  15711.5  0.07609616048512688  
  15712.5  0.07609373806632305  
  15713.5  0.07609131899605756  
  15714.5  0.07608889703957646  
  15715.5  0.07608647531435038  
  15716.5  0.07608405693665983  
  15717.5  0.07608163567353587  
  15718.5  0.07607921464155663  
  15719.5  0.0760767938406853   
  15720.5  0.07607437638601308  
  15721.5  0.07607195604694998  
  15722.5  0.07606953593888457  
  15723.5  0.07606711606178011  
  15724.5  0.07606469952953922  
  15725.5  0.07606228011394933  
  15726.5  0.07605986092921027  
  15727.5  0.07605744508833381  
  15728.5  0.0760550263648893   
  15729.5  0.07605260787218554  
  15730.5  0.07605018961018586  
  15731.5  0.0760477746907148   
  15732.5  0.07604535688971646  
  15733.5  0.07604293931931225  
  15734.5  0.07604052509043685  
  15735.5  0.07603810798081428  
  15736.5  0.07603569110167593  
  15737.5  0.07603327445298523  
  15738.5  0.07603086114449087  
  15739.5  0.07602844495628906  
  15740.5  0.07602602899842507  
  15741.5  0.07602361327086232  
  15742.5  0.07602120088216437  
  15743.5  0.07601878561479802  
  15744.5  0.07601637057762324  
  15745.5  0.07601395887831527  
  15746.5  0.07601154430111776  
  15747.5  0.07600912995400215  
  15748.5  0.07600671583693194  
  15749.5  0.07600430505639855  
  15750.5  0.07600189139901356  
  15751.5  0.07599947797156448  
  15752.5  0.07599706787965535  
  15753.5  0.07599465491167266  
  15754.5  0.07599224217351641  
  15755.5  0.0759898296651501   
  15756.5  0.07598742049099529  
  15757.5  0.07598500844180382  
  15758.5  0.07598259662229295  
  15759.5  0.07598018503242623  
  15760.5  0.07597777677544343  
  15761.5  0.07597536564446024  
  15762.5  0.07597295474301195  
  15763.5  0.07597054717345259  
  15764.5  0.07596813673066953  
  15765.5  0.07596572651731222  
  15766.5  0.07596331653334423  
  15767.5  0.07596090987993909  
  15768.5  0.0759585003543455   
  15769.5  0.07595609105803214  
  15770.5  0.07595368509128778  
  15771.5  0.07595127625313086  
  15772.5  0.0759488676441452   
  15773.5  0.07594645926429443  
  15774.5  0.0759440542126881   
  15775.5  0.07594164629070338  
  15776.5  0.07593923859774462  
  15777.5  0.07593683113377556  
  15778.5  0.07593442699672731  
  15779.5  0.07593201999033414  
  15780.5  0.07592961321282185  
  15781.5  0.0759272097612383   
  15782.5  0.07592480344108449  
  15783.5  0.07592239734970278  
  15784.5  0.07591999148705694  
  15785.5  0.07591758894901778  
  15786.5  0.07591518354344072  
  15787.5  0.07591277836649091  
  15788.5  0.0759103734181321   
  15789.5  0.07590797179305872  
  15790.5  0.07590556730147925  
  15791.5  0.07590316303838225  
  15792.5  0.07590076209758041  
  15793.5  0.07589835829104585  
  15794.5  0.07589595471288528  
  15795.5  0.07589355136306254  
  15796.5  0.07589115133421527  
  15797.5  0.07588874844066598  
  15798.5  0.07588634577534616  
  15799.5  0.07588394643001267  
  15800.5  0.07588154422074972  
  15801.5  0.07587914223960793  
  15802.5  0.07587674048655116  
  15803.5  0.07587434205216256  
  15804.5  0.07587194075487416  
  15805.5  0.07586953968556256  
  15806.5  0.07586713884419173  
  15807.5  0.07586474132017174  
  15808.5  0.07586234093428097  
  15809.5  0.07585994077622284  
  15810.5  0.07585754393452823  
  15811.5  0.07585514423173415  
  15812.5  0.07585274475666463  
  15813.5  0.07585034550928368  
  15814.5  0.0758479495769505   
  15815.5  0.07584555078454575  
  15816.5  0.07584315221972163  
  15817.5  0.07584075696895907  
  15818.5  0.07583835885889548  
  15819.5  0.0758359609763046   
  15820.5  0.0758335633211505   
  15821.5  0.07583116897874372  
  15822.5  0.07582877177806273  
  15823.5  0.07582637480471074  
  15824.5  0.07582397805865183  
  15825.5  0.0758215846240268   
  15826.5  0.07581918833215387  
  15827.5  0.0758167922674663   
  15828.5  0.07581439951322824  
  15829.5  0.07581200390251149  
  15830.5  0.07580960851887249  
  15831.5  0.07580721336227537  
  15832.5  0.07580482151481588  
  15833.5  0.07580242681190287  
  15834.5  0.07580003233592425  
  15835.5  0.07579764116809998  
  15836.5  0.07579524714559062  
  15837.5  0.07579285334990818  
  15838.5  0.07579045978101684  
  15839.5  0.07578806951896948  
  15840.5  0.07578567640326116  
  15841.5  0.07578328351423658  
  15842.5  0.07578089085185996  
  15843.5  0.0757785014950178   
  15844.5  0.07577610928553821  
  15845.5  0.0757737173025993   
  15846.5  0.07577132862421342  
  15847.5  0.07576893709395721  
  15848.5  0.07576654579013452  
  15849.5  0.07576415471270961  
  15850.5  0.07576176693852969  
  15851.5  0.07575937631350192  
  15852.5  0.07575698591476485  
  15853.5  0.07575459881829241  
  15854.5  0.0757522088717385   
  15855.5  0.07574981915136825  
  15856.5  0.07574742965714597  
  15857.5  0.07574504346388185  
  15858.5  0.07574265442155763  
  15859.5  0.07574026560527444  
  15860.5  0.07573787701499668  
  15861.5  0.07573549172437144  
  15862.5  0.07573310358570685  
  15863.5  0.07573071567294085  
  15864.5  0.07572833105884878  
  15865.5  0.0757259435974825   
  15866.5  0.075723556361908    
  15867.5  0.07572116935208975  
  15868.5  0.07571878563964131  
  15869.5  0.07571639908093833  
  15870.5  0.07571401274788493  
  15871.5  0.0757116266404455   
  15872.5  0.07570924382907261  
  15873.5  0.0757068581724643   
  15874.5  0.07570447274136342  
  15875.5  0.07570209060535224  
  15876.5  0.07569970562486952  
  15877.5  0.07569732086978771  
  15878.5  0.07569493634007132  
  15879.5  0.07569255510414287  
  15880.5  0.0756901710247609   
  15881.5  0.07568778717063793  
  15882.5  0.07568540660932722  
  15883.5  0.07568302320532606  
  15884.5  0.07568064002647756  
  15885.5  0.07567825707274628  
  15886.5  0.07567587741052696  
  15887.5  0.07567349490663418  
  15888.5  0.07567111262775236  
  15889.5  0.0756687305738461   
  15890.5  0.07566635181015237  
  15891.5  0.07566397020580155  
  15892.5  0.07566158882632013  
  15893.5  0.07565921073607734  
  15894.5  0.07565682980593927  
  15895.5  0.07565444910056451  
  15896.5  0.0756520686199177   
  15897.5  0.07564969142721159  
  15898.5  0.07564731139562551  
  15899.5  0.0756449315886614   
  15900.5  0.07564255506866517  
  15901.5  0.07564017571055001  
  15902.5  0.07563779657695091  
  15903.5  0.07563541766783252  
  15904.5  0.07563304204438558  
  15905.5  0.07563066358383395  
  15906.5  0.07562828534765725  
  15907.5  0.07562590733582017  
  15908.5  0.07562353260835894  
  15909.5  0.0756211550448067   
  15910.5  0.07561877770548836  
  15911.5  0.07561640364957482  
  15912.5  0.07561402675833007  
  15913.5  0.07561165009121354  
  15914.5  0.07560927364819002  
  15915.5  0.07560690048727718  
  15916.5  0.07560452449204573  
  15917.5  0.07560214872080175  
  15918.5  0.0755997762306985   
  15919.5  0.07559740090703564  
  15920.5  0.0755950258072547   
  15921.5  0.07559265093132055  
  15922.5  0.0755902793352345   
  15923.5  0.07558790490660043  
  15924.5  0.0755855307017077   
  15925.5  0.0755831567205212   
  15926.5  0.075580786017891    
  15927.5  0.07557841248372377  
  15928.5  0.07557603917315743  
  15929.5  0.07557366914017924  
  15930.5  0.07557129627642173  
  15931.5  0.07556892363615988  
  15932.5  0.0755665512193586   
  15933.5  0.07556418207885515  
  15934.5  0.07556181010858232  
  15935.5  0.07555943836166489  
  15936.5  0.07555706989007825  
  15937.5  0.07555469858947916  
  15938.5  0.07555232751213041  
  15939.5  0.07554995665799696  
  15940.5  0.07554758907790546  
  15941.5  0.0755452186698104   
  15942.5  0.07554284848482563  
  15943.5  0.07554047852291619  
  15944.5  0.0755381118337607   
  15945.5  0.07553574231760993  
  15946.5  0.07553337302442956  
  15947.5  0.07553100700303784  
  15948.5  0.07552863815540654  
  15949.5  0.07552626953064083  
  15950.5  0.07552390112870576  
  15951.5  0.0755215359972728   
  15952.5  0.07551916804060751  
  15953.5  0.07551680030666812  
  15954.5  0.07551443279541971  
  15955.5  0.07551206855338775  
  15956.5  0.0755097014871301   
  15957.5  0.07550733464345877  
  15958.5  0.07550497106804031  
  15959.5  0.07550260466915064  
  15960.5  0.07550023849274273  
  15961.5  0.07549787253878172  
  15962.5  0.07549550985178935  
  15963.5  0.07549314434233138  
  15964.5  0.07549077905521584  
  15965.5  0.07548841703410644  
  15966.5  0.07548605219128517  
  15967.5  0.07548368757070187  
  15968.5  0.07548132317232176  
  15969.5  0.0754789620386651   
  15970.5  0.07547659808430109  
  15971.5  0.07547423435203593  
  15972.5  0.07547187084183483  
  15973.5  0.07546951059507528  
  15974.5  0.07546714752861236  
  15975.5  0.07546478468410929  
  15976.5  0.07546242510208698  
  15977.5  0.07546006270111379  
  15978.5  0.07545770052199627  
  15979.5  0.07545533856469971  
  15980.5  0.0754529798686035   
  15981.5  0.07545061835455931  
  15982.5  0.075448257062232    
  15983.5  0.07544589903014537  
  15984.5  0.0754435381808625   
  15985.5  0.07544117755319248  
  15986.5  0.07543881714710066  
  15987.5  0.07543645999997053  
  15988.5  0.07543410003664607  
  15989.5  0.07543174029479587  
  15990.5  0.07542938077438531  
  15991.5  0.07542702451165832  
  15992.5  0.07542466543373828  
  15993.5  0.07542230657715403  
  15994.5  0.07541995097729542  
  15995.5  0.07541759256299424  
  15996.5  0.0754152343699251   
  15997.5  0.07541287639805343  
  15998.5  0.07541052168163072  
  15999.5  0.07540816415176568  
  16000.5  0.07540580684299444  
  16001.5  0.07540345278871532  
  16002.5  0.07540109592174359  
  16003.5  0.07539873927576204  
  16004.5  0.07539638285073617  
  16005.5  0.0753940296789272   
  16006.5  0.07539167369542484  
  16007.5  0.07538931793277462  
  16008.5  0.07538696239094209  
  16009.5  0.07538461010105205  
  16010.5  0.07538225500046723  
  16011.5  0.07537990012059667  
  16012.5  0.07537754849171348  
  16013.5  0.07537519405288404  
  16014.5  0.07537283983466547  
  16015.5  0.07537048583702334  
  16016.5  0.07536813508909565  
  16017.5  0.0753657815322193   
  16018.5  0.07536342819581615  
  16019.5  0.07536107507985174  
  16020.5  0.07535872521232966  
  16021.5  0.07535637253685593  
  16022.5  0.07535402008171779  
  16023.5  0.07535167087406855  
  16024.5  0.07534931885921498  
  16025.5  0.07534696706459387  
  16026.5  0.07534461549017088  
  16027.5  0.07534226716196614  
  16028.5  0.07533991602755302  
  16029.5  0.07533756511323503  
  16030.5  0.0753352174441829   
  16031.5  0.07533286696966894  
  16032.5  0.07533051671514716  
  16033.5  0.07532816668058322  
  16034.5  0.07532581989001594  
  16035.5  0.07532347029498179  
  16036.5  0.07532112091980263  
  16037.5  0.07531877176444417  
  16038.5  0.07531642585181401  
  16039.5  0.07531407713571135  
  16040.5  0.07531172863932663  
  16041.5  0.07530938338471954  
  16042.5  0.07530703532738527  
  16043.5  0.07530468748966623  
  16044.5  0.0753023398715282   
  16045.5  0.07529999549390089  
  16046.5  0.07529764831453972  
  16047.5  0.07529530135465695  
  16048.5  0.07529295763433534  
  16049.5  0.07529061111302442  
  16050.5  0.07528826481108934  
  16051.5  0.07528591872849597  
  16052.5  0.07528357588419822  
  16053.5  0.07528123023990349  
  16054.5  0.07527888481484801  
  16055.5  0.07527653960899758  
  16056.5  0.07527419764017812  
  16057.5  0.07527185287235343  
  16058.5  0.07526950832363144  
  16059.5  0.07526716701099255  
  16060.5  0.07526482290009177  
  16061.5  0.07526247900819141  
  16062.5  0.07526013533525736  
  16063.5  0.07525779489714317  
  16064.5  0.07525545166175779  
  16065.5  0.07525310864523653  
  16066.5  0.07525076886258833  
  16067.5  0.07524842628341152  
  16068.5  0.07524608392299668  
  16069.5  0.0752437417813098   
  16070.5  0.07524140287223414  
  16071.5  0.07523906116761958  
  16072.5  0.07523671968163091  
  16073.5  0.0752343784142341   
  16074.5  0.07523204037818754  
  16075.5  0.0752296995475912   
  16076.5  0.07522735893548475  
  16077.5  0.07522502155378348  
  16078.5  0.07522268137827379  
  16079.5  0.0752203414211521   
  16080.5  0.07521800168238445  
  16081.5  0.0752156651727624   
  16082.5  0.07521332587032004  
  16083.5  0.07521098678612992  
  16084.5  0.07520865093014137  
  16085.5  0.07520631228207311  
  16086.5  0.07520397385215535  
  16087.5  0.07520163564035418  
  16088.5  0.07519930065549645  
  16089.5  0.0751969628795461   
  16090.5  0.07519462532161067  
  16091.5  0.07519228798165628  
  16092.5  0.07518995386738804  
  16093.5  0.07518761696301368  
  16094.5  0.07518528027651881  
  16095.5  0.07518294681476771  
  16096.5  0.07518061056364993  
  16097.5  0.07517827453031013  
  16098.5  0.07517593871471447  
  16099.5  0.07517360612260672  
  16100.5  0.07517127074211777  
  16101.5  0.07516893557927154  
  16102.5  0.07516660063403427  
  16103.5  0.07516426891102981  
  16104.5  0.07516193440062907  
  16105.5  0.07515960010773594  
  16106.5  0.07515726903613497  
  16107.5  0.07515493517787594  
  16108.5  0.07515260153702327  
  16109.5  0.07515026811354321  
  16110.5  0.07514793791010166  
  16111.5  0.07514560492098595  
  16112.5  0.07514327214914165  
  16113.5  0.07514094259639628  
  16114.5  0.07513861025871421  
  16115.5  0.07513627813820249  
  16116.5  0.0751339462348274   
  16117.5  0.07513161754929898  
  16118.5  0.07512928607981675  
  16119.5  0.07512695482737015  
  16120.5  0.07512462379192553  
  16121.5  0.07512229597307613  
  16122.5  0.07511996537125526  
  16123.5  0.07511763498633539  
  16124.5  0.07511530781707286  
  16125.5  0.07511297786557511  
  16126.5  0.07511064813087755  
  16127.5  0.07510831861294652  
  16128.5  0.07510599230942282  
  16129.5  0.07510366322464519  
  16130.5  0.07510133435653335  
  16131.5  0.07509900870189196  
  16132.5  0.07509668026673216  
  16133.5  0.07509435204813747  
  16134.5  0.07509202404607426  
  16135.5  0.0750896992562329   
  16136.5  0.07508737168685346  
  16137.5  0.07508504433390492  
  16138.5  0.07508271719735372  
  16139.5  0.07508039327177657  
  16140.5  0.07507806656764107  
  16141.5  0.07507574007980239  
  16142.5  0.07507341680200255  
  16143.5  0.0750710907463787   
  16144.5  0.07506876490695122  
  16145.5  0.07506643928368657  
  16146.5  0.07506411686921441  
  16147.5  0.07506179167789695  
  16148.5  0.07505946670264198  
  16149.5  0.07505714493524533  
  16150.5  0.07505482039173697  
  16151.5  0.07505249606419079  
  16152.5  0.07505017195257334  
  16153.5  0.07504785104756923  
  16154.5  0.07504552736743114  
  16155.5  0.07504320390312158  
  16156.5  0.07504088065460708  
  16157.5  0.07503856061146177  
  16158.5  0.07503623779415965  
  16159.5  0.07503391519255248  
  16160.5  0.07503159579538199  
  16161.5  0.07502927362478709  
  16162.5  0.07502695166978707  
  16163.5  0.07502462993034856  
  16164.5  0.07502231139410398  
  16165.5  0.07501999008541115  
  16166.5  0.07501766899217983  
  16167.5  0.07501534811437671  
  16168.5  0.07501303043852557  
  16169.5  0.07501070999120174  
  16170.5  0.07500838975920622  
  16171.5  0.0750060727282318   
  16172.5  0.07500375292651597  
  16173.5  0.07500143334002855  
  16174.5  0.07499911396873635  
  16175.5  0.07499679779722469  
  16176.5  0.07499447885594619  
  16177.5  0.0749921601297631   
  16178.5  0.0749898446024308   
  16179.5  0.0749875263060621   
  16180.5  0.07498520822468915  
  16181.5  0.07498289035827874  
  16182.5  0.0749805756894799   
  16183.5  0.0749782582526183   
  16184.5  0.0749759410306196   
  16185.5  0.0749736240234506   
  16186.5  0.07497131021265488  
  16187.5  0.07496899363476936  
  16188.5  0.07496667727161406  
  16189.5  0.07496436410390386  
  16190.5  0.07496204816983319  
  16191.5  0.07495973245039327  
  16192.5  0.07495741694555096  
  16193.5  0.07495510463491678  
  16194.5  0.07495278955889416  
  16195.5  0.07495047469736978  
  16196.5  0.07494816302912645  
  16197.5  0.07494584859622323  
  16198.5  0.07494353437771896  
  16199.5  0.07494122037358053  
  16200.5  0.07493890956148755  
  16201.5  0.07493659598570575  
  16202.5  0.07493428262419055  
  16203.5  0.07493196947690893  
  16204.5  0.074929659520438    
  16205.5  0.07492734680124867  
  16206.5  0.07492503429619377  
  16207.5  0.0749227249810241   
  16208.5  0.07492041290386345  
  16209.5  0.07491810104073818  
  16210.5  0.07491578939161524  
  16211.5  0.07491348093114415  
  16212.5  0.07491116970965153  
  16213.5  0.07490885870206229  
  16214.5  0.07490655088220048  
  16215.5  0.07490424030204382  
  16216.5  0.07490192993569159  
  16217.5  0.07489961978311084  
  16218.5  0.07489731281702552  
  16219.5  0.07489500309161384  
  16220.5  0.07489269357987481  
  16221.5  0.07489038428177548  
  16222.5  0.07488807816894037  
  16223.5  0.07488576929774682  
  16224.5  0.07488346064009423  
  16225.5  0.07488115516678308  
  16226.5  0.07487884693583895  
  16227.5  0.07487653891833711  
  16228.5  0.07487423111424467  
  16229.5  0.07487192649326384  
  16230.5  0.07486961911561697  
  16231.5  0.07486731195128092  
  16232.5  0.07486500796913471  
  16233.5  0.07486270123104725  
  16234.5  0.07486039470617205  
  16235.5  0.07485808839447625  
  16236.5  0.0748557852637419   
  16237.5  0.07485347937803222  
  16238.5  0.07485117370540349  
  16239.5  0.07484886824582296  
  16240.5  0.07484656596597616  
  16241.5  0.07484426093211943  
  16242.5  0.07484195611121253  
  16243.5  0.07483965446911925  
  16244.5  0.07483735007373962  
  16245.5  0.07483504589121151  
  16246.5  0.07483274192150212  
  16247.5  0.07483044112938012  
  16248.5  0.07482813758493616  
  16249.5  0.07482583425321272  
  16250.5  0.07482353113417708  
  16251.5  0.07482123119150333  
  16252.5  0.07481892849747147  
  16253.5  0.07481662601602927  
  16254.5  0.07481432671003045  
  16255.5  0.07481202465339597  
  16256.5  0.07480972280925306  
  16257.5  0.07480742117756908  
  16258.5  0.07480512272010438  
  16259.5  0.07480282151296684  
  16260.5  0.07480052051819026  
  16261.5  0.07479822269671546  
  16262.5  0.07479592212628955  
  16263.5  0.07479362176812666  
  16264.5  0.07479132162219414  
  16265.5  0.07478902464834067  
  16266.5  0.07478672492649799  
  16267.5  0.07478442541678783  
  16268.5  0.0747821261191776   
  16269.5  0.0747798299924245   
  16270.5  0.07477753111864346  
  16271.5  0.07477523245686461  
  16272.5  0.07477293696502703  
  16273.5  0.07477063872688207  
  16274.5  0.0747683407006416   
  16275.5  0.07476604288627309  
  16276.5  0.07476374824062522  
  16277.5  0.07476145084963033  
  16278.5  0.07475915367040978  
  16279.5  0.07475685965899508  
  16280.5  0.07475456290295315  
  16281.5  0.07475226635858803  
  16282.5  0.0747499700258672   
  16283.5  0.07474767685973296  
  16284.5  0.0747453809499309   
  16285.5  0.07474308525167567  
  16286.5  0.07474078976493478  
  16287.5  0.07473849744356208  
  16288.5  0.07473620237948034  
  16289.5  0.07473390752681558  
  16290.5  0.07473161583860577  
  16291.5  0.07472932140840559  
  16292.5  0.07472702718952509  
  16293.5  0.07472473318193182  
  16294.5  0.07472244233757644  
  16295.5  0.07472014875218852  
  16296.5  0.07471785537799061  
  16297.5  0.0747155651661184   
  16298.5  0.07471327221393158  
  16299.5  0.07471097947283761  
  16300.5  0.0747086869428041   
  16301.5  0.07470639757388056  
  16302.5  0.0747041054655993   
  16303.5  0.07470181356828141  
  16304.5  0.07469952188189455  
  16305.5  0.07469723335540274  
  16306.5  0.07469494209050948  
  16307.5  0.07469265103645026  
  16308.5  0.07469036314137549  
  16309.5  0.07468807250861609  
  16310.5  0.0746857820865938   
  16311.5  0.07468349187527626  
  16312.5  0.0746812048217296   
  16313.5  0.07467891503145366  
  16314.5  0.07467662545178565  
  16315.5  0.07467433608269328  
  16316.5  0.07467204987015899  
  16317.5  0.07466976092185018  
  16318.5  0.07466747218402026  
  16319.5  0.07466518660183942  
  16320.5  0.07466289828459972  
  16321.5  0.0746606101777422   
  16322.5  0.07465832228123463  
  16323.5  0.0746560375391647   
  16324.5  0.0746537500629897   
  16325.5  0.07465146279706804  
  16326.5  0.07464917868467602  
  16327.5  0.07464689183889389  
  16328.5  0.07464460520326853  
  16329.5  0.07464231877776774  
  16330.5  0.0746400355045865   
  16331.5  0.07463774949896801  
  16332.5  0.07463546370337762  
  16333.5  0.07463317811778317  
  16334.5  0.07463089568329895  
  16335.5  0.07462861051732976  
  16336.5  0.07462632556126013  
  16337.5  0.07462404375539435  
  16338.5  0.07462175921875738  
  16339.5  0.07461947489192362  
  16340.5  0.07461719077486098  
  16341.5  0.07461490980679421  
  16342.5  0.0746126261089076   
  16343.5  0.07461034262069584  
  16344.5  0.0746080622805746   
  16345.5  0.07460577921134655  
  16346.5  0.07460349635169719  
  16347.5  0.07460121370159442  
  16348.5  0.07459893419837554  
  16349.5  0.07459665196700024  
  16350.5  0.07459436994507546  
  16351.5  0.07459208813256912  
  16352.5  0.07458980946574083  
  16353.5  0.07458752807170593  
  16354.5  0.07458524688699347  
  16355.5  0.07458296884705527  
  16356.5  0.0745806880806224   
  16357.5  0.074578407523416    
  16358.5  0.0745761271754041   
  16359.5  0.07457384997096195  
  16360.5  0.07457157004097396  
  16361.5  0.07456929032008461  
  16362.5  0.0745670137418622   
  16363.5  0.0745647344388052   
  16364.5  0.07456245534475098  
  16365.5  0.07456017645966762  
  16366.5  0.07455790071604806  
  16367.5  0.0745556222485418   
  16368.5  0.07455334398991065  
  16369.5  0.07455106594012272  
  16370.5  0.07454879103059618  
  16371.5  0.07454651339813029  
  16372.5  0.07454423597441194  
  16373.5  0.0745419616900538   
  16374.5  0.07453968468346636  
  16375.5  0.0745374078855309   
  16376.5  0.07453513129621553  
  16377.5  0.0745328578450593   
  16378.5  0.0745305816726202   
  16379.5  0.07452830570870567  
  16380.5  0.07452603288205006  
  16381.5  0.07452375733482094  
  16382.5  0.07452148199602096  
  16383.5  0.0745192068656183   
  16384.5  0.07451693487127486  
  16385.5  0.07451466015730333  
  16386.5  0.07451238565163375  
  16387.5  0.07451011135423435  
  16388.5  0.07450784019169518  
  16389.5  0.07450556631047282  
  16390.5  0.07450329263742533  
  16391.5  0.07450102209833948  
  16392.5  0.07449874884127868  
  16393.5  0.07449647579229751  
  16394.5  0.07449420295136425  
  16395.5  0.07449193324319499  
  16396.5  0.07448966081799471  
  16397.5  0.07448738860074722  
  16398.5  0.07448511659142076  
  16399.5  0.07448284771366143  
  16400.5  0.07448057611981447  
  16401.5  0.0744783047337935   
  16402.5  0.0744760364784426   
  16403.5  0.07447376550771119  
  16404.5  0.07447149474471076  
  16405.5  0.07446922418940967  
  16406.5  0.07446695676358309  
  16407.5  0.07446468662331845  
  16408.5  0.07446241669065821  
  16409.5  0.07446014988657645  
  16410.5  0.074457880368763    
  16411.5  0.07445561105845909  
  16412.5  0.07445334195563312  
  16413.5  0.0744510759801914   
  16414.5  0.0744488072919595   
  16415.5  0.07444653881111074  
  16416.5  0.07444427053761353  
  16417.5  0.07444200539030713  
  16418.5  0.0744397375311515   
  16419.5  0.07443746987925272  
  16420.5  0.07443520535265025  
  16421.5  0.07443293811490383  
  16422.5  0.07443067108431962  
  16423.5  0.07442840426086607  
  16424.5  0.07442614056151672  
  16425.5  0.07442387415196342  
  16426.5  0.07442160794944623  
  16427.5  0.07441934487013972  
  16428.5  0.07441707908133383  
  16429.5  0.07441481349946955  
  16430.5  0.07441254812451537  
  16431.5  0.0744102858715811   
  16432.5  0.07440802091008648  
  16433.5  0.07440575615540755  
  16434.5  0.07440349160751285  
  16435.5  0.074401230180448    
  16436.5  0.07439896604576131  
  16437.5  0.07439670211776452  
  16438.5  0.07439444130970564  
  16439.5  0.07439217779472837  
  16440.5  0.0743899144863467   
  16441.5  0.07438765138452923  
  16442.5  0.07438539140146094  
  16443.5  0.07438312871241183  
  16444.5  0.07438086622983271  
  16445.5  0.07437860686511184  
  16446.5  0.07437634479511288  
  16447.5  0.07437408293148977  
  16448.5  0.07437182127421114  
  16449.5  0.07436956273360333  
  16450.5  0.07436730148865407  
  16451.5  0.07436504044995522  
  16452.5  0.07436277961747545  
  16453.5  0.07436052190047986  
  16454.5  0.07435826148007887  
  16455.5  0.07435600126580298  
  16456.5  0.07435374416612187  
  16457.5  0.07435148436373701  
  16458.5  0.07434922476738333  
  16459.5  0.0743469653770295   
  16460.5  0.07434470910008513  
  16461.5  0.07434245012137215  
  16462.5  0.07434019134856519  
  16463.5  0.074337932781633    
  16464.5  0.07433567732692564  
  16465.5  0.0743334191713843   
  16466.5  0.07433116122162395  
  16467.5  0.07432890638320057  
  16468.5  0.07432664884464373  
  16469.5  0.07432439151177418  
  16470.5  0.07432213438456071  
  16471.5  0.07431988036750094  
  16472.5  0.07431762365124137  
  16473.5  0.07431536714054424  
  16474.5  0.07431311373911395  
  16475.5  0.07431085763918366  
  16476.5  0.0743086017447223   
  16477.5  0.07430634605569862  
  16478.5  0.0743040934747598   
  16479.5  0.07430183819625372  
  16480.5  0.07429958312309189  
  16481.5  0.07429732825524311  
  16482.5  0.07429507649429798  
  16483.5  0.07429282203671779  
  16484.5  0.07429056778435726  
  16485.5  0.07428831663801502  
  16486.5  0.07428606279573644  
  16487.5  0.0742838091585842   
  16488.5  0.07428155572652718  
  16489.5  0.07427930539930855  
  16490.5  0.07427705237708482  
  16491.5  0.07427479955986303  
  16492.5  0.07427254984659531  
  16493.5  0.07427029743902047  
  16494.5  0.07426804523635443  
  16495.5  0.07426579323856605  
  16496.5  0.07426354434355312  
  16497.5  0.0742612927551634   
  16498.5  0.07425904137155827  
  16499.5  0.07425679019270667  
  16500.5  0.07425454211545261  
  16501.5  0.07425229134575158  
  16502.5  0.07425004078071105  
  16503.5  0.07424779331638524  
  16504.5  0.07424554316030937  
  16505.5  0.07424329320880099  
  16506.5  0.07424104346182915  
  16507.5  0.07423879681439548  
  16508.5  0.07423654747614057  
  16509.5  0.0742342983423293   
  16510.5  0.07423205230717432  
  16511.5  0.07422980358189435  
  16512.5  0.07422755506096515  
  16513.5  0.07422530674435576  
  16514.5  0.07422306152522744  
  16515.5  0.07422081361690203  
  16516.5  0.07421856591280367  
  16517.5  0.07421631841290144  
  16518.5  0.07421407400930574  
  16519.5  0.07421182691744034  
  16520.5  0.07420958002967838  
  16521.5  0.07420733623734266  
  16522.5  0.07420508975743233  
  16523.5  0.07420284348153282  
  16524.5  0.07420059740961327  
  16525.5  0.07419835443194668  
  16526.5  0.07419610876763197  
  16527.5  0.07419386330720466  
  16528.5  0.07419162094015097  
  16529.5  0.0741893758871436   
  16530.5  0.07418713103793112  
  16531.5  0.07418488639248269  
  16532.5  0.07418264483923599  
  16533.5  0.0741804006009611   
  16534.5  0.07417815656635787  
  16535.5  0.07417591273539549  
  16536.5  0.07417367199546361  
  16537.5  0.07417142857142857  
  16538.5  0.07416918535094204  
  16539.5  0.07416694522060818  
  16540.5  0.0741647024068645   
  16541.5  0.07416245979657703  
  16542.5  0.07416021738971507  
  16543.5  0.07415797807183587  
  16544.5  0.0741557360714709   
  16545.5  0.07415349427443921  
  16546.5  0.07415125268071007  
  16547.5  0.07414901417479454  
  16548.5  0.07414677298731677  
  16549.5  0.07414453200304945  
  16550.5  0.07414229410571942  
  16551.5  0.0741400535275194   
  16552.5  0.07413781315243775  
  16553.5  0.07413557298044378  
  16554.5  0.07413333589421923  
  16555.5  0.0741310961280473   
  16556.5  0.07412885656487107  
  16557.5  0.07412662008658895  
  16558.5  0.07412438092905098  
  16559.5  0.07412214197441679  
  16560.5  0.07411990322265573  
  16561.5  0.07411766755462215  
  16562.5  0.07411542920825445  
  16563.5  0.07411319106466802  
  16564.5  0.07411095312383226  
  16565.5  0.07410871826555814  
  16566.5  0.07410648072987103  
  16567.5  0.07410424339684285  
  16568.5  0.07410200914550244  
  16569.5  0.07409977221743955  
  16570.5  0.07409753549194384  
  16571.5  0.07409529896898473  
  16572.5  0.07409306552654885  
  16573.5  0.07409082940831072  
  16574.5  0.07408859349251756  
  16575.5  0.07408636065637476  
  16576.5  0.07408412514511949  
  16577.5  0.07408188983621761  
  16578.5  0.07407965472963861  
  16579.5  0.07407742270154666  
  16580.5  0.07407518799926156  
  16581.5  0.07407295349920784  
  16582.5  0.074070719201355    
  16583.5  0.07406848798082663  
  16584.5  0.07406625408702391  
  16585.5  0.07406402039533068  
  16586.5  0.07406178978009054  
  16587.5  0.07405955649226477  
  16588.5  0.07405732340645707  
  16589.5  0.07405509052263702  
  16590.5  0.0740528607141088   
  16591.5  0.0740506282339128   
  16592.5  0.07404839595561316  
  16593.5  0.07404616675173495  
  16594.5  0.07404393487687698  
  16595.5  0.07404170320382412  
  16596.5  0.07403947173254598  
  16597.5  0.07403724333452925  
  16598.5  0.07403501226644972  
  16599.5  0.07403278140005375  
  16600.5  0.07403055073531094  
  16601.5  0.07402832314267026  
  16602.5  0.07402609288088324  
  16603.5  0.07402386282065831  
  16604.5  0.07402163583166663  
  16605.5  0.0740194061742155   
  16606.5  0.07401717671823545  
  16607.5  0.07401494746369615  
  16608.5  0.07401272127923206  
  16609.5  0.07401049242722407  
  16610.5  0.07400826377656589  
  16611.5  0.07400603819511496  
  16612.5  0.07400380994680639  
  16613.5  0.07400158189975671  
  16614.5  0.07399935405393568  
  16615.5  0.07399712927616514  
  16616.5  0.0739949018324516   
  16617.5  0.07399267458987584  
  16618.5  0.07399044754840763  
  16619.5  0.07398822357383392  
  16620.5  0.07398599693423129  
  16621.5  0.07398377049564545  
  16622.5  0.07398154712308767  
  16623.5  0.07397932108618611  
  16624.5  0.07397709525021069  
  16625.5  0.07397486961513118  
  16626.5  0.07397264704492498  
  16627.5  0.0739704218112882   
  16628.5  0.07396819677845672  
  16629.5  0.07396597194640034  
  16630.5  0.07396375017806325  
  16631.5  0.07396152574720824  
  16632.5  0.07395930151703782  
  16633.5  0.07395708034972173  
  16634.5  0.0739548565205718   
  16635.5  0.07395263289201598  
  16636.5  0.07395040946402415  
  16637.5  0.07394818909773389  
  16638.5  0.07394596607052152  
  16639.5  0.07394374324378276  
  16640.5  0.07394152347788155  
  16641.5  0.07393930105174165  
  16642.5  0.07393707882598502  
  16643.5  0.07393485680058152  
  16644.5  0.07393263783486408  
  16645.5  0.07393041620981881  
  16646.5  0.07392819478503643  
  16647.5  0.07392597356048687  
  16648.5  0.07392375539447256  
  16649.5  0.07392153457004076  
  16650.5  0.0739193139457516   
  16651.5  0.07391709637913517  
  16652.5  0.0739148761547836   
  16653.5  0.07391265613048452  
  16654.5  0.0739104363062079   
  16655.5  0.07390821953845451  
  16656.5  0.0739060001138754   
  16657.5  0.07390378088922869  
  16658.5  0.07390156472024365  
  16659.5  0.0738993458951145   
  16660.5  0.0738971272698278   
  16661.5  0.07389490884435354  
  16662.5  0.07389269347339265  
  16663.5  0.07389047544719621  
  16664.5  0.07388825762072229  
  16665.5  0.07388603999394092  
  16666.5  0.07388382542052536  
  16667.5  0.07388160819278229  
  16668.5  0.0738793911646419   
  16669.5  0.07387717718900726  
  16670.5  0.07387496055972566  
  16671.5  0.073872744129957    
  16672.5  0.0738705278996713   
  16673.5  0.07386831472074508  
  16674.5  0.073866098889079    
  16675.5  0.0738638832568062   
  16676.5  0.0738616706750337   
  16677.5  0.07385945544120127  
  16678.5  0.07385724040667248  
  16679.5  0.07385502557141745  
  16680.5  0.07385281378551764  
  16681.5  0.07385059934846411  
  16682.5  0.07384838511059477  
  16683.5  0.07384617107187977  
  16684.5  0.07384396008137564  
  16685.5  0.07384174644062351  
  16686.5  0.0738395329989362   
  16687.5  0.0738373226046021   
  16688.5  0.07383510956069884  
  16689.5  0.07383289671577095  
  16690.5  0.07383068406978864  
  16691.5  0.07382847447001648  
  16692.5  0.07382626222157991  
  16693.5  0.07382405017199954  
  16694.5  0.07382183832124559  
  16695.5  0.07381962951555943  
  16696.5  0.07381741806211313  
  16697.5  0.07381520680740397  
  16698.5  0.07381299859690636  
  16699.5  0.07381078773932645  
  16700.5  0.07380857708039443  
  16701.5  0.07380636662008051  
  16702.5  0.07380415920283707  
  16703.5  0.07380194913941468  
  16704.5  0.07379973927452126  
  16705.5  0.07379753245184302  
  16706.5  0.07379532298366295  
  16707.5  0.07379311371392276  
  16708.5  0.07379090464259273  
  16709.5  0.073788698612338    
  16710.5  0.07378648993748395  
  16711.5  0.073784281460951    
  16712.5  0.0737820731827095   
  16713.5  0.07377986794440418  
  16714.5  0.07377766006240145  
  16715.5  0.07377545237860125  
  16716.5  0.07377324773388336  
  16717.5  0.07377104044614419  
  16718.5  0.0737688333565186   
  16719.5  0.07376662646497696  
  16720.5  0.07376442261137975  
  16721.5  0.0737622161156623   
  16722.5  0.07376000981794     
  16723.5  0.07375780655730921  
  16724.5  0.07375560065523361  
  16725.5  0.07375339495106437  
  16726.5  0.07375118944477188  
  16727.5  0.07374898697443426  
  16728.5  0.07374678186355199  
  16729.5  0.07374457695045779  
  16730.5  0.0737423722351221   
  16731.5  0.07374017055460527  
  16732.5  0.0737379662344435   
  16733.5  0.0737357621119516   
  16734.5  0.07373356102342714  
  16735.5  0.07373135729593208  
  16736.5  0.07372915376601832  
  16737.5  0.07372695043365636  
  16738.5  0.07372475013412712  
  16739.5  0.07372254719652603  
  16740.5  0.07372034445638824  
  16741.5  0.07371814474823268  
  16742.5  0.07371594240267897  
  16743.5  0.0737137402545001   
  16744.5  0.07371153830366663  
  16745.5  0.07370933938368186  
  16746.5  0.07370713782719683  
  16747.5  0.07370493646796883  
  16748.5  0.07370273530596838  
  16749.5  0.07370053717368386  
  16750.5  0.07369833640579646  
  16751.5  0.07369613583504832  
  16752.5  0.07369393829316707  
  16753.5  0.07369173811635558  
  16754.5  0.07368953813659512  
  16755.5  0.07368733835385627  
  16756.5  0.07368514159885275  
  16757.5  0.07368294220981549  
  16758.5  0.07368074301771167  
  16759.5  0.07367854685249506  
  16760.5  0.07367634805391667  
  16761.5  0.07367414945218362  
  16762.5  0.07367195104726658  
  16763.5  0.0736697556681064   
  16764.5  0.07366755765648002  
  16765.5  0.07366535984158162  
  16766.5  0.07366316222338182  
  16767.5  0.07366096762980927  
  16768.5  0.07365877040466563  
  16769.5  0.07365657337613264  
  16770.5  0.07365437937138022  
  16771.5  0.07365218273572766  
  16772.5  0.07364998629659784  
  16773.5  0.07364779005396146  
  16774.5  0.07364559683397726  
  16775.5  0.0736434009839871   
  16776.5  0.07364120533040257  
  16777.5  0.07363900987319438  
  16778.5  0.07363681743751066  
  16779.5  0.07363462237271469  
  16780.5  0.07363242750420733  
  16781.5  0.07363023565637918  
  16782.5  0.07362804118010868  
  16783.5  0.07362584690003908  
  16784.5  0.07362365281614114  
  16785.5  0.07362146175179592  
  16786.5  0.07361926805990121  
  16787.5  0.07361707456409051  
  16788.5  0.07361488408698826  
  16789.5  0.0736126909830057   
  16790.5  0.0736104980750196   
  16791.5  0.07360830536300075  
  16792.5  0.07360611566856506  
  16793.5  0.07360392334814105  
  16794.5  0.07360173122359678  
  16795.5  0.07359953929490311  
  16796.5  0.07359735038266806  
  16797.5  0.0735951588453361   
  16798.5  0.0735929675037673   
  16799.5  0.07359077917781424  
  16800.5  0.07358858822743249  
  16801.5  0.0735863974727265   
  16802.5  0.07358420691366718  
  16803.5  0.07358201936910028  
  16804.5  0.0735798292009952   
  16805.5  0.07357763922844951  
  16806.5  0.07357545226955424  
  16807.5  0.07357326268778837  
  16808.5  0.0735710733014946   
  16809.5  0.07356888411064386  
  16810.5  0.07356669793232143  
  16811.5  0.07356450913201809  
  16812.5  0.0735623205270706   
  16813.5  0.0735601321174499   
  16814.5  0.07355794671923609  
  16815.5  0.07355575869993054  
  16816.5  0.07355357087586469  
  16817.5  0.0735513860623652   
  16818.5  0.07354919862844045  
  16819.5  0.07354701138966836  
  16820.5  0.0735448243460199   
  16821.5  0.07354264031181759  
  16822.5  0.07354045365807835  
  16823.5  0.07353826719937576  
  16824.5  0.0735360837492797   
  16825.5  0.07353389768031253  
  16826.5  0.0735317118062951   
  16827.5  0.07352952612719843  
  16828.5  0.07352734345558931  
  16829.5  0.07352515816599652  
  16830.5  0.07352297307123763  
  16831.5  0.0735207881712837   
  16832.5  0.073518606277699    
  16833.5  0.07351642176701757  
  16834.5  0.07351423745105433  
  16835.5  0.07351205614062215  
  16836.5  0.07350987221375799  
  16837.5  0.07350768848152532  
  16838.5  0.07350550494389523  
  16839.5  0.07350332441067906  
  16840.5  0.07350114126191701  
  16841.5  0.07349895830767089  
  16842.5  0.07349677554791179  
  16843.5  0.0734945957914502   
  16844.5  0.07349241342032833  
  16845.5  0.0734902312436069   
  16846.5  0.07348805206934626  
  16847.5  0.07348587028108906  
  16848.5  0.07348368868714579  
  16849.5  0.0734815072874876   
  16850.5  0.073479328889175    
  16851.5  0.07347714787775053  
  16852.5  0.0734749670605247   
  16853.5  0.0734727892438086   
  16854.5  0.07347060881464375  
  16855.5  0.07346842857959114  
  16856.5  0.07346624853862198  
  16857.5  0.07346407149704852  
  16858.5  0.07346189184391017  
  16859.5  0.07345971238476891  
  16860.5  0.073457533119596    
  16861.5  0.0734553568527055   
  16862.5  0.07345317797513343  
  16863.5  0.07345099929144343  
  16864.5  0.0734488236052014   
  16865.5  0.07344664530893988  
  16866.5  0.07344446720647423  
  16867.5  0.07344228929777574  
  16868.5  0.07344011438541312  
  16869.5  0.07343793686391345  
  16870.5  0.0734357595360948   
  16871.5  0.0734335852037785   
  16872.5  0.0734314082629866   
  16873.5  0.07342923151578962  
  16874.5  0.07342705496215891  
  16875.5  0.07342488140291964  
  16876.5  0.07342270523608634  
  16877.5  0.0734205292627333   
  16878.5  0.07341835348283184  
  16879.5  0.07341618069621157  
  16880.5  0.07341400530287841  
  16881.5  0.07341183010291087  
  16882.5  0.07340965789539244  
  16883.5  0.0734074830818215   
  16884.5  0.07340530846153033  
  16885.5  0.0734031340344903   
  16886.5  0.07340096259879034  
  16887.5  0.07339878855791812  
  16888.5  0.07339661471021122  
  16889.5  0.07339444385301316  
  16890.5  0.07339227039130261  
  16891.5  0.07339009712267164  
  16892.5  0.07338792404709164  
  16893.5  0.07338575396091268  
  16894.5  0.07338358127110059  
  16895.5  0.0733814087742538   
  16896.5  0.07337923647034375  
  16897.5  0.07337706715472758  
  16898.5  0.07337489523635715  
  16899.5  0.07337272351083785  
  16900.5  0.07337055477278259  
  16901.5  0.07336838343263184  
  16902.5  0.07336621228524666  
  16903.5  0.07336404133059854  
  16904.5  0.07336187336230851  
  16905.5  0.07335970279280099  
  16906.5  0.07335753241594503  
  16907.5  0.07335536502461826  
  16908.5  0.0733531950327321   
  16909.5  0.07335102523341205  
  16910.5  0.07334885562662967  
  16911.5  0.07334668900427171  
  16912.5  0.07334451978223151  
  16913.5  0.07334235075264359  
  16914.5  0.07334018191547949  
  16915.5  0.07333801606163574  
  16916.5  0.07333584760898641  
  16917.5  0.0733336793486756   
  16918.5  0.07333151407085763  
  16919.5  0.07332934619489116  
  16920.5  0.07332717851117798  
  16921.5  0.07332501101968969  
  16922.5  0.07332284650959131  
  16923.5  0.07332067940222026  
  16924.5  0.07331851248698891  
  16925.5  0.07331634576386886  
  16926.5  0.07331418202103655  
  16927.5  0.07331201568180683  
  16928.5  0.07330984953460334  
  16929.5  0.07330768636686145  
  16930.5  0.07330552060337825  
  16931.5  0.0733033550318362   
  16932.5  0.073301189652207    
  16933.5  0.07329902725093836  
  16934.5  0.07329686225480286  
  16935.5  0.07329469745049519  
  16936.5  0.07329253562372287  
  16937.5  0.07329037120273914  
  16938.5  0.0732882069734983   
  16939.5  0.07328604293597209  
  16940.5  0.07328388187488136  
  16941.5  0.07328171822045282  
  16942.5  0.07327955475765402  
  16943.5  0.07327739148645668  
  16944.5  0.0732752311905957   
  16945.5  0.07327306830226997  
  16946.5  0.07327090560546091  
  16947.5  0.07326874588316437  
  16948.5  0.07326658356905752  
  16949.5  0.07326442144638264  
  16950.5  0.07326225951511145  
  16951.5  0.07326010055725478  
  16952.5  0.07325793900846005  
  16953.5  0.07325577765098436  
  16954.5  0.07325361926610023  
  16955.5  0.07325145829093184  
  16956.5  0.07324929750699788  
  16957.5  0.07324713691427016  
  16958.5  0.0732449792930372   
  16959.5  0.07324281908239137  
  16960.5  0.07324065906286721  
  16961.5  0.07323849923443658  
  16962.5  0.07323634237640457  
  16963.5  0.0732341829298306   
  16964.5  0.07323202367426566  
  16965.5  0.07322986738827778  
  16966.5  0.07322770851440073  
  16967.5  0.07322554983144829  
  16968.5  0.07322339133939235  
  16969.5  0.0732212358158185   
  16970.5  0.07321907770522554  
  16971.5  0.0732169197854447   
  16972.5  0.07321476483332529  
  16973.5  0.0732126072948389   
  16974.5  0.07321044994708036  
  16975.5  0.07320829279002154  
  16976.5  0.07320613859953037  
  16977.5  0.07320398182354143  
  16978.5  0.073201825238168    
  16979.5  0.07319966884338203  
  16980.5  0.07319751541407056  
  16981.5  0.07319535940013004  
  16982.5  0.07319320357669282  
  16983.5  0.07319105071791081  
  16984.5  0.07318889527515089  
  16985.5  0.07318674002281017  
  16986.5  0.07318458496086058  
  16987.5  0.07318243286247428  
  16988.5  0.07318027818097794  
  16989.5  0.07317812368978872  
  16990.5  0.07317596938887859  
  16991.5  0.07317381805044046  
  16992.5  0.0731716641297597   
  16993.5  0.07316951039927405  
  16994.5  0.07316735963044252  
  16995.5  0.07316520628001848  
  16996.5  0.07316305311970565  
  16997.5  0.07316090014947607  
  16998.5  0.07315875013981048  
  16999.5  0.07315659754941893  
  17000.5  0.07315444514902678  
  17001.5  0.07315229570838155  
  17002.5  0.07315014368765992  
  17003.5  0.07314799185685386  
  17004.5  0.0731458402159355   
  17005.5  0.07314369153367513  
  17006.5  0.07314154027220403  
  17007.5  0.07313938920053686  
  17008.5  0.07313723831864573  
  17009.5  0.07313509039432435  
  17010.5  0.07313293989165744  
  17011.5  0.0731307895786829   
  17012.5  0.07312864222246244  
  17013.5  0.07312649228854497  
  17014.5  0.07312434254423626  
  17015.5  0.07312219298950848  
  17016.5  0.07312004639044765  
  17017.5  0.0731178972145542   
  17018.5  0.07311574822815811  
  17019.5  0.0731136021966142   
  17020.5  0.07311145358888552  
  17021.5  0.07310930517057072  
  17022.5  0.073107156941642    
  17023.5  0.07310501166647951  
  17024.5  0.07310286381599576  
  17025.5  0.07310071615481468  
  17026.5  0.07309856868290843  
  17027.5  0.07309642416368314  
  17028.5  0.07309427706999967  
  17029.5  0.07309213016550768  
  17030.5  0.07308998621288325  
  17031.5  0.07308783968644748  
  17032.5  0.07308569334911993  
  17033.5  0.07308354720087282  
  17034.5  0.07308140400340912  
  17035.5  0.07307925823299634  
  17036.5  0.07307711265158073  
  17037.5  0.07307497002013601  
  17038.5  0.07307282481638844  
  17039.5  0.07307067980155489  
  17040.5  0.07306853497560767  
  17041.5  0.07306639309854834  
  17042.5  0.07306424865004754  
  17043.5  0.07306210439034995  
  17044.5  0.07305996031942785  
  17045.5  0.07305781919631135  
  17046.5  0.07305567550261426  
  17047.5  0.07305353199760964  
  17048.5  0.07305139143959942  
  17049.5  0.07304924831165391  
  17050.5  0.07304710537231786  
  17051.5  0.0730449626215636   
  17052.5  0.07304282281672263  
  17053.5  0.0730406804428064   
  17054.5  0.07303853825738903  
  17055.5  0.07303639901707462  
  17056.5  0.07303425720832961  
  17057.5  0.0730321155880006   
  17058.5  0.07302997415605997  
  17059.5  0.07302783566814233  
  17060.5  0.07302569461265326  
  17061.5  0.07302355374546979  
  17062.5  0.0730214130665643   
  17063.5  0.07301927533060246  
  17064.5  0.07301713502792795  
  17065.5  0.07301499491344866  
  17066.5  0.07301285774110408  
  17067.5  0.07301071800269048  
  17068.5  0.07300857845238944  
  17069.5  0.07300643909017342  
  17070.5  0.07300430266901389  
  17071.5  0.07300216368264324  
  17072.5  0.073000024884275    
  17073.5  0.07299788627388161  
  17074.5  0.07299575060346722  
  17075.5  0.0729936123686991   
  17076.5  0.0729914743218233   
  17077.5  0.07298933921411889  
  17078.5  0.07298720154270344  
  17079.5  0.07298506405909781  
  17080.5  0.0729829267632745   
  17081.5  0.0729807924055462   
  17082.5  0.07297865548496345  
  17083.5  0.0729765187520806   
  17084.5  0.07297438495648598  
  17085.5  0.072972248598679    
  17086.5  0.07297011242848953  
  17087.5  0.07296797644589009  
  17088.5  0.0729658433995037   
  17089.5  0.07296370779176067  
  17090.5  0.0729615723715254   
  17091.5  0.07295943713877041  
  17092.5  0.07295730484115391  
  17093.5  0.07295516998303603  
  17094.5  0.07295303531231623  
  17095.5  0.07295090357592948  
  17096.5  0.07294876927968248  
  17097.5  0.07294663517075134  
  17098.5  0.07294450124910866  
  17099.5  0.07294237026072563  
  17100.5  0.07294023671333677  
  17101.5  0.07293810335315426  
  17102.5  0.07293597292542683  
  17103.5  0.07293383993933404  
  17104.5  0.07293170714036552  
  17105.5  0.07292957452849393  
  17106.5  0.07292744484800512  
  17107.5  0.07292531261000458  
  17108.5  0.07292318055901896  
  17109.5  0.07292104869502088  
  17110.5  0.07291891976133401  
  17111.5  0.07291678827098852  
  17112.5  0.07291465696754866  
  17113.5  0.07291252859361678  
  17114.5  0.07291039766366579  
  17115.5  0.07290826692053853  
  17116.5  0.07290613636420773  
  17117.5  0.0729040087363144   
  17118.5  0.07290187855325428  
  17119.5  0.07289974855690878  
  17120.5  0.07289762148819842  
  17121.5  0.07289549186496011  
  17122.5  0.07289336242835466  
  17123.5  0.07289123317835479  
  17124.5  0.07288910685492071  
  17125.5  0.0728869779778102   
  17126.5  0.07288484928722357  
  17127.5  0.07288272078313357  
  17128.5  0.07288059520454067  
  17129.5  0.07287846707312234  
  17130.5  0.07287633912811903  
  17131.5  0.07287421410781181  
  17132.5  0.07287208653531703  
  17133.5  0.07286995914915566  
  17134.5  0.07286783194930053  
  17135.5  0.07286570767307393  
  17136.5  0.07286358084550996  
  17137.5  0.07286145420417071  
  17138.5  0.07285932774902898  
  17139.5  0.07285720421644885  
  17140.5  0.07285507813338112  
  17141.5  0.07285295223642943  
  17142.5  0.0728508292612397   
  17143.5  0.07284870373619927  
  17144.5  0.0728465783971935   
  17145.5  0.07284445324419522  
  17146.5  0.07284233101189315  
  17147.5  0.07284020623058925  
  17148.5  0.07283808163521152  
  17149.5  0.07283595995973116  
  17150.5  0.07283383573588527  
  17151.5  0.07283171169788429  
  17152.5  0.07282958784570111  
  17153.5  0.07282746691235059  
  17154.5  0.07282534343148267  
  17155.5  0.07282322013635133  
  17156.5  0.07282109702692947  
  17157.5  0.0728189768352763   
  17158.5  0.07281685409695332  
  17159.5  0.07281473154425869  
  17160.5  0.07281261190853525  
  17161.5  0.07281048972677731  
  17162.5  0.07280836773056663  
  17163.5  0.07280624591987614  
  17164.5  0.07280412702509396  
  17165.5  0.07280200558512409  
  17166.5  0.07279988433059338  
  17167.5  0.07279776599117435  
  17168.5  0.07279564510720234  
  17169.5  0.0727935244085885   
  17170.5  0.0727914038953058   
  17171.5  0.07278928629607305  
  17172.5  0.0727871661531333   
  17173.5  0.07278504619544378  
  17174.5  0.07278292642297754  
  17175.5  0.0727808095635001   
  17176.5  0.07277869016116117  
  17177.5  0.07277657094396466  
  17178.5  0.07277445463896165  
  17179.5  0.07277233579173088  
  17180.5  0.0727702171295617   
  17181.5  0.07276809865242719  
  17182.5  0.0727659830864262   
  17183.5  0.07276386497904215  
  17184.5  0.07276174705661202  
  17185.5  0.07275963204452095  
  17186.5  0.07275751449167994  
  17187.5  0.07275539712371215  
  17188.5  0.07275327994059069  
  17189.5  0.07275116566674941  
  17190.5  0.07274904885300208  
  17191.5  0.07274693222402046  
  17192.5  0.07274481577977762  
  17193.5  0.07274270224375677  
  17194.5  0.07274058616867328  
  17195.5  0.07273847027824804  
  17196.5  0.07273635729525162  
  17197.5  0.07273424177382473  
  17198.5  0.07273212643697559  
  17199.5  0.07273001128467732  
  17200.5  0.07272789903875079  
  17201.5  0.07272578425523639  
  17202.5  0.07272366965619242  
  17203.5  0.07272155796272789  
  17204.5  0.07271944373230703  
  17205.5  0.07271732968627623  
  17206.5  0.07271521582460866  
  17207.5  0.07271310486746453  
  17208.5  0.07271099137420588  
  17209.5  0.07270887806523013  
  17210.5  0.07270676494051052  
  17211.5  0.072704654719259    
  17212.5  0.07270254196273426  
  17213.5  0.0727004293903854   
  17214.5  0.07269831972071363  
  17215.5  0.07269620751639926  
  17216.5  0.07269409549618053  
  17217.5  0.07269198366003068  
  17218.5  0.07268987472550371  
  17219.5  0.07268776325717467  
  17220.5  0.07268565197283436  
  17221.5  0.07268354087245606  
  17222.5  0.07268143267264705  
  17223.5  0.072679321939876    
  17224.5  0.07267721139098689  
  17225.5  0.07267510374187736  
  17226.5  0.07267299356043544  
  17227.5  0.07267088356279541  
  17228.5  0.0726687737489306   
  17229.5  0.0726666668337929   
  17230.5  0.07266455738716204  
  17231.5  0.07266244812422643  
  17232.5  0.07266034175922909  
  17233.5  0.07265823286336763  
  17234.5  0.07265612415112148  
  17235.5  0.07265401562246397  
  17236.5  0.0726519099906934   
  17237.5  0.07264980182889713  
  17238.5  0.07264769385060967  
  17239.5  0.07264558605580436  
  17240.5  0.07264348115683525  
  17241.5  0.07264137372867842  
  17242.5  0.07263926648392396  
  17243.5  0.07263716213421816  
  17244.5  0.07263505525595271  
  17245.5  0.0726329485610099   
  17246.5  0.07263084204936313  
  17247.5  0.07262873843171537  
  17248.5  0.07262663228634514  
  17249.5  0.07262452632419128  
  17250.5  0.07262242325524973  
  17251.5  0.0726203176592132   
  17252.5  0.0726182122463134   
  17253.5  0.07261610701652375  
  17254.5  0.07261400467889793  
  17255.5  0.07261189981501347  
  17256.5  0.0726097951341596   
  17257.5  0.07260769063630984  
  17258.5  0.07260558902957599  
  17259.5  0.0726034848974194   
  17260.5  0.07260138094818736  
  17261.5  0.07259927988928586  
  17262.5  0.07259717630558815  
  17263.5  0.07259507290473553  
  17264.5  0.07259296968670156  
  17265.5  0.07259086935795135  
  17266.5  0.07258876650524     
  17267.5  0.07258666383526789  
  17268.5  0.07258456405379496  
  17269.5  0.07258246174898682  
  17270.5  0.07258035962683858  
  17271.5  0.07257825768732377  
  17272.5  0.07257615863526248  
  17273.5  0.07257405706070028  
  17274.5  0.07257195566869222  
  17275.5  0.07256985445921191  
  17276.5  0.07256775613614004  
  17277.5  0.07256565529140109  
  17278.5  0.07256355462911065  
  17279.5  0.0725614568524454   
  17280.5  0.07255935655473805  
  17281.5  0.07255725643940006  
  17282.5  0.07255515650640502  
  17283.5  0.0725530594579912   
  17284.5  0.07255095988936833  
  17285.5  0.0725488605030093   
  17286.5  0.07254676400044906  
  17287.5  0.07254466497830411  
  17288.5  0.07254256613834399  
  17289.5  0.0725404674805423   
  17290.5  0.07253837170549654  
  17291.5  0.07253627341169834  
  17292.5  0.07253417529997958  
  17293.5  0.07253207737031393  
  17294.5  0.072529982322362    
  17295.5  0.0725278847564894   
  17296.5  0.07252578737259097  
  17297.5  0.0725236928696251   
  17298.5  0.07252159584936199  
  17299.5  0.07251949901099419  
  17300.5  0.0725174023544954   
  17301.5  0.07251530857788806  
  17302.5  0.07251321228481443  
  17303.5  0.07251111617353102  
  17304.5  0.0725090202440115   
  17305.5  0.07250692719334295  
  17306.5  0.07250483162703864  
  17307.5  0.07250273624241949  
  17308.5  0.0725006437358714   
  17309.5  0.07249854871431008  
  17310.5  0.07249645387435522  
  17311.5  0.07249435921598057  
  17312.5  0.07249226743463762  
  17313.5  0.07249017313911112  
  17314.5  0.07248807902508621  
  17315.5  0.07248598778731392  
  17316.5  0.07248389403598002  
  17317.5  0.0724818004660691   
  17318.5  0.07247970707755497  
  17319.5  0.07247761656425515  
  17320.5  0.07247552353822265  
  17321.5  0.07247343069350838  
  17322.5  0.07247133803008621  
  17323.5  0.07246924824084067  
  17324.5  0.07246715593969089  
  17325.5  0.07246506381975472  
  17326.5  0.07246297457321742  
  17327.5  0.07246088281539687  
  17328.5  0.0724587912387115   
  17329.5  0.07245669984313517  
  17330.5  0.07245461131992115  
  17331.5  0.07245252028625153  
  17332.5  0.07245042943361259  
  17333.5  0.07244834145255899  
  17334.5  0.07244625096167016  
  17335.5  0.07244416065173373  
  17336.5  0.07244207052272358  
  17337.5  0.07243998326426326  
  17338.5  0.07243789349679461  
  17339.5  0.07243580391017398  
  17340.5  0.0724337145043753   
  17341.5  0.07243162796809158  
  17342.5  0.07242953892362593  
  17343.5  0.07242745005990406  
  17344.5  0.07242536406492148  
  17345.5  0.07242327556237642  
  17346.5  0.072421187240497    
  17347.5  0.07241909909925713  
  17348.5  0.07241701382572278  
  17349.5  0.07241492604545158  
  17350.5  0.07241283844574191  
  17351.5  0.07241075371296286  
  17352.5  0.07240866647406582  
  17353.5  0.07240657941565228  
  17354.5  0.07240449253769622  
  17355.5  0.07240240852563808  
  17356.5  0.07240032200828678  
  17357.5  0.072398235671315    
  17358.5  0.07239614951469675  
  17359.5  0.07239406622294434  
  17360.5  0.07239198042672317  
  17361.5  0.07238989481077762  
  17362.5  0.07238781205892432  
  17363.5  0.0723857268032202   
  17364.5  0.07238364172771386  
  17365.5  0.07238155683237932  
  17366.5  0.07237947480010604  
  17367.5  0.07237739026480552  
  17368.5  0.07237530590959904  
  17369.5  0.07237322173446065  
  17370.5  0.07237114042135312  
  17371.5  0.07236905660604151  
  17372.5  0.07236697297072026  
  17373.5  0.07236489219665755  
  17374.5  0.07236280892100777  
  17375.5  0.07236072582527067  
  17376.5  0.07235864290942039  
  17377.5  0.07235656285379934  
  17378.5  0.07235448029741355  
  17379.5  0.07235239792083695  
  17380.5  0.07235031840371807  
  17381.5  0.0723482363864509   
  17382.5  0.07234615454891531  
  17383.5  0.07234407289108549  
  17384.5  0.07234199409168517  
  17385.5  0.07233991279295811  
  17386.5  0.07233783167385929  
  17387.5  0.07233575073436288  
  17388.5  0.07233367265226834  
  17389.5  0.0723315920716682   
  17390.5  0.07232951167059301  
  17391.5  0.07232743412614948  
  17392.5  0.0723253540838158   
  17393.5  0.07232327422092971  
  17394.5  0.07232119453746537  
  17395.5  0.07231911770960611  
  17396.5  0.07231703838467708  
  17397.5  0.07231495923909248  
  17398.5  0.07231288294834355  
  17399.5  0.07231080416113973  
  17400.5  0.07230872555320306  
  17401.5  0.07230664712450774  
  17402.5  0.07230457154962264  
  17403.5  0.0723024934791022   
  17404.5  0.07230041558774589  
  17405.5  0.07229833787552799  
  17406.5  0.07229626301609544  
  17407.5  0.07229418566184666  
  17408.5  0.07229210848665911  
  17409.5  0.07229003416348875  
  17410.5  0.07228795734611616  
  17411.5  0.07228588070772766  
  17412.5  0.07228380424829758  
  17413.5  0.07228173063986089  
  17414.5  0.07227965453804029  
  17415.5  0.07227757861510103  
  17416.5  0.07227550554238782  
  17417.5  0.07227342997690407  
  17418.5  0.07227135459022464  
  17419.5  0.0722692793823239   
  17420.5  0.07226720702362649  
  17421.5  0.07226513217297609  
  17422.5  0.0722630575010274   
  17423.5  0.07226098300775478  
  17424.5  0.07225891136266337  
  17425.5  0.07225683722643608  
  17426.5  0.07225476326880799  
  17427.5  0.07225269215859499  
  17428.5  0.0722506185578586   
  17429.5  0.07224854513564453  
  17430.5  0.0722464718919272   
  17431.5  0.07224440149460393  
  17432.5  0.07224232860757358  
  17433.5  0.07224025589896318  
  17434.5  0.07223818603598155  
  17435.5  0.07223611368390472  
  17436.5  0.0722340415101711   
  17437.5  0.07223196951475512  
  17438.5  0.07222990036394793  
  17439.5  0.07222782872486108  
  17440.5  0.07222575726401521  
  17441.5  0.07222368598138473  
  17442.5  0.0722216175423437   
  17443.5  0.07221954661583808  
  17444.5  0.07221747586747129  
  17445.5  0.07221540796192988  
  17446.5  0.07221333756953487  
  17447.5  0.07221126735520211  
  17448.5  0.07220919731890606  
  17449.5  0.07220713012441707  
  17450.5  0.07220506044388883  
  17451.5  0.07220299094132081  
  17452.5  0.07220092161668748  
  17453.5  0.07219885513284353  
  17454.5  0.07219678616377422  
  17455.5  0.07219471737256317  
  17456.5  0.0721926514213787   
  17457.5  0.07219058298557893  
  17458.5  0.07218851472756099  
  17459.5  0.0721864466472995   
  17460.5  0.07218438140604794  
  17461.5  0.07218231368099415  
  17462.5  0.07218024613362045  
  17463.5  0.07217818142449471  
  17464.5  0.07217611423217621  
  17465.5  0.07217404721746151  
  17466.5  0.07217198038032516  
  17467.5  0.07216991638042118  
  17468.5  0.0721678498981368   
  17469.5  0.07216578359335453  
  17470.5  0.072163717466049    
  17471.5  0.07216165417496086  
  17472.5  0.0721595884023042   
  17473.5  0.0721575228070481   
  17474.5  0.07215546004724863  
  17475.5  0.07215339480648923  
  17476.5  0.07215132974305426  
  17477.5  0.07214926485691833  
  17478.5  0.07214720280522516  
  17479.5  0.07214513827338315  
  17480.5  0.07214307391876412  
  17481.5  0.07214101239782787  
  17482.5  0.07213894839735079  
  17483.5  0.07213688457402068  
  17484.5  0.07213482092781223  
  17485.5  0.07213276011427368  
  17486.5  0.07213069682200463  
  17487.5  0.07212863370678128  
  17488.5  0.07212657076857831  
  17489.5  0.07212451066203297  
  17490.5  0.07212244807756707  
  17491.5  0.07212038567004564  
  17492.5  0.07211832609342313  
  17493.5  0.07211626403948714  
  17494.5  0.07211420216241977  
  17495.5  0.07211214046219576  
  17496.5  0.07211008159185946  
  17497.5  0.0721080202450188   
  17498.5  0.07210595907494571  
  17499.5  0.07210390073400241  
  17500.5  0.07210183991716125  
  17501.5  0.07209977927701193  
  17502.5  0.07209771881352917  
  17503.5  0.07209566117816606  
  17504.5  0.07209360106771345  
  17505.5  0.07209154113385174  
  17506.5  0.07208948137655571  
  17507.5  0.07208742444636976  
  17508.5  0.07208536504190224  
  17509.5  0.07208330581392478  
  17510.5  0.07208124941230072  
  17511.5  0.07207919053700068  
  17512.5  0.07207713183811514  
  17513.5  0.07207507331561887  
  17514.5  0.07207301761846749  
  17515.5  0.0720709594484473   
  17516.5  0.0720689014547409   
  17517.5  0.07206684363732309  
  17518.5  0.07206478864424226  
  17519.5  0.07206273117909937  
  17520.5  0.07206067389016962  
  17521.5  0.0720586194248214   
  17522.5  0.0720565624880158   
  17523.5  0.07205450572734794  
  17524.5  0.07205244914279267  
  17525.5  0.07205039538081207  
  17526.5  0.07204833914818005  
  17527.5  0.0720462830915853   
  17528.5  0.07204422985681051  
  17529.5  0.07204217415198844  
  17530.5  0.07204011862312833  
  17531.5  0.07203806327020505  
  17532.5  0.07203601073809596  
  17533.5  0.07203395573674479  
  17534.5  0.07203190091125519  
  17535.5  0.07202984626160214  
  17536.5  0.07202779443175804  
  17537.5  0.0720257401334766   
  17538.5  0.0720236860109565   
  17539.5  0.07202163470749193  
  17540.5  0.0720195809361932   
  17541.5  0.07201752734058071  
  17542.5  0.07201547392062939  
  17543.5  0.07201342331872938  
  17544.5  0.07201137024979927  
  17545.5  0.07200931735645523  
  17546.5  0.07200726728040986  
  17547.5  0.07200521473793703  
  17548.5  0.07200316237097523  
  17549.5  0.0720011101794995   
  17550.5  0.0719990608043193   
  17551.5  0.07199700896351484  
  17552.5  0.07199495729812147  
  17553.5  0.07199290580811417  
  17554.5  0.07199085713339987  
  17555.5  0.07198880599386413  
  17556.5  0.07198675502963955  
  17557.5  0.07198470687995653  
  17558.5  0.07198265626605382  
  17559.5  0.07198060582738743  
  17560.5  0.07197855556393236  
  17561.5  0.07197650811401735  
  17562.5  0.0719744582006847   
  17563.5  0.07197240846248858  
  17564.5  0.07197036153708185  
  17565.5  0.07196831214885867  
  17566.5  0.07196626293569726  
  17567.5  0.07196421389757268  
  17568.5  0.07196216767123703  
  17569.5  0.07196011898288622  
  17570.5  0.07195807046949755  
  17571.5  0.07195602213104611  
  17572.5  0.07195397660338373  
  17573.5  0.07195192861450703  
  17574.5  0.07194988080049292  
  17575.5  0.07194783579651842  
  17576.5  0.07194578833192988  
  17577.5  0.07194374104212935  
  17578.5  0.07194169392709195  
  17579.5  0.07193964962109532  
  17580.5  0.07193760285528474  
  17581.5  0.07193555626416276  
  17582.5  0.07193351248133288  
  17583.5  0.07193146623928878  
  17584.5  0.07192942017185877  
  17585.5  0.07192737427901805  
  17586.5  0.0719253311934716   
  17587.5  0.07192328564951027  
  17588.5  0.07192124028006378  
  17589.5  0.07191919508510727  
  17590.5  0.07191715269644787  
  17591.5  0.07191510785017248  
  17592.5  0.07191306317831272  
  17593.5  0.07191102131200262  
  17594.5  0.07190897698867536  
  17595.5  0.0719069328396894   
  17596.5  0.07190488886501996  
  17597.5  0.07190284769490397  
  17598.5  0.07190080406856898  
  17599.5  0.07189876061647624  
  17600.5  0.07189671733860098  
  17601.5  0.0718946768642836   
  17602.5  0.07189263393454491  
  17603.5  0.07189059117894951  
  17604.5  0.07188855122616573  
  17605.5  0.07188650881855861  
  17606.5  0.0718844665850206   
  17607.5  0.07188242452552696  
  17608.5  0.07188038526785037  
  17609.5  0.07187834355614742  
  17610.5  0.07187630201841472  
  17611.5  0.07187426328175363  
  17612.5  0.07187222209166354  
  17613.5  0.07187018107546964  
  17614.5  0.07186814023314725  
  17615.5  0.07186610219090292  
  17616.5  0.0718640616960258   
  17617.5  0.07186202137494617  
  17618.5  0.07185998122763937  
  17619.5  0.07185794387941769  
  17620.5  0.07185590407935899  
  17621.5  0.07185386445299917  
  17622.5  0.0718518276249802   
  17623.5  0.07184978834572073  
  17624.5  0.07184774924008622  
  17625.5  0.07184571030805204  
  17626.5  0.07184367417336679  
  17627.5  0.07184163558823606  
  17628.5  0.07183959717663181  
  17629.5  0.071837561561633    
  17630.5  0.07183552349678464  
  17631.5  0.07183348560538895  
  17632.5  0.07183144788742135  
  17633.5  0.0718294129650683   
  17634.5  0.07182737559365997  
  17635.5  0.07182533839560595  
  17636.5  0.07182330137088172  
  17637.5  0.07182126714078169  
  17638.5  0.07181923046242024  
  17639.5  0.07181719395731484  
  17640.5  0.0718151602460914   
  17641.5  0.07181312408720157  
  17642.5  0.07181108810149417  
  17643.5  0.07180905228894464  
  17644.5  0.07180701926928776  
  17645.5  0.0718049838027576   
  17646.5  0.07180294850931174  
  17647.5  0.07180091600801698  
  17648.5  0.07179888106044345  
  17649.5  0.07179684628588066  
  17650.5  0.07179481168430413  
  17651.5  0.07179277987389042  
  17652.5  0.07179074561799029  
  17653.5  0.07178871153500292  
  17654.5  0.0717866776249038   
  17655.5  0.07178464650497983  
  17656.5  0.07178261294036137  
  17657.5  0.07178057954855772  
  17658.5  0.07177854894618893  
  17659.5  0.07177651589971921  
  17660.5  0.07177448302599097  
  17661.5  0.07177245032497974  
  17662.5  0.07177042041241664  
  17663.5  0.07176838805654383  
  17664.5  0.0717663558733147   
  17665.5  0.07176432386270482  
  17666.5  0.07176229463955695  
  17667.5  0.07176026297389014  
  17668.5  0.07175823148076932  
  17669.5  0.0717562027743714   
  17670.5  0.07175417162604728  
  17671.5  0.07175214065019589  
  17672.5  0.07175010984679286  
  17673.5  0.07174808182912766  
  17674.5  0.07174605137032627  
  17675.5  0.07174402108390004  
  17676.5  0.0717419935824733   
  17677.5  0.07173996364050253  
  17678.5  0.07173793387083381  
  17679.5  0.0717359042734428   
  17680.5  0.07173387746006717  
  17681.5  0.07173184820693679  
  17682.5  0.07172981912601104  
  17683.5  0.07172779021726557  
  17684.5  0.07172576409155199  
  17685.5  0.07172373552687251  
  17686.5  0.07172170713430029  
  17687.5  0.07171968152402283  
  17688.5  0.07171765347537075  
  17689.5  0.07171562559875297  
  17690.5  0.07171359789414519  
  17691.5  0.07171157297084968  
  17692.5  0.07170954560996765  
  17693.5  0.0717075184210227   
  17694.5  0.07170549401265361  
  17695.5  0.07170346716728875  
  17696.5  0.07170144049378811  
  17697.5  0.07169941399212743  
  17698.5  0.07169739027006111  
  17699.5  0.0716953641117864   
  17700.5  0.07169333812527884  
  17701.5  0.07169131231051414  
  17702.5  0.07168928927436291  
  17703.5  0.07168726380279025  
  17704.5  0.0716852385028877   
  17705.5  0.07168321598086341  
  17706.5  0.07168119102400754  
  17707.5  0.07167916623874909  
  17708.5  0.07167714162506383  
  17709.5  0.07167511978827694  
  17710.5  0.07167309551744466  
  17711.5  0.07167107141811295  
  17712.5  0.07166905009494515  
  17713.5  0.07166702633832125  
  17714.5  0.07166500275312532  
  17715.5  0.07166297933933315  
  17716.5  0.07166095870072597  
  17717.5  0.07165893562944822  
  17718.5  0.07165691272950166  
  17719.5  0.07165489000086213  
  17720.5  0.07165287004642931  
  17721.5  0.07165084766011093  
  17722.5  0.0716488254450271   
  17723.5  0.07164680600341668  
  17724.5  0.07164478413050915  
  17725.5  0.07164276242876372  
  17726.5  0.07164074089815624  
  17727.5  0.0716387221400449   
  17728.5  0.07163670095142073  
  17729.5  0.07163467993386213  
  17730.5  0.07163266168806715  
  17731.5  0.07163064101234722  
  17732.5  0.07162862050762052  
  17733.5  0.07162660017386294  
  17734.5  0.07162458261089265  
  17735.5  0.07162256261878101  
  17736.5  0.0716205427975662   
  17737.5  0.07161852314722413  
  17738.5  0.07161650626669361  
  17739.5  0.07161448695780488  
  17740.5  0.07161246781971667  
  17741.5  0.07161045145070867  
  17742.5  0.0716084326539295   
  17743.5  0.07160641402787864  
  17744.5  0.07160439557253204  
  17745.5  0.07160237988529092  
  17746.5  0.07160036177106104  
  17747.5  0.07159834382746329  
  17748.5  0.07159632605447361  
  17749.5  0.07159431104861527  
  17750.5  0.07159229361655017  
  17751.5  0.07159027635502106  
  17752.5  0.07158826185989313  
  17753.5  0.07158624493914459  
  17754.5  0.07158422818886004  
  17755.5  0.07158221160901546  
  17756.5  0.07158019779459886  
  17757.5  0.07157818155534292  
  17758.5  0.071576165486455    
  17759.5  0.07157415218226565  
  17760.5  0.07157213645382256  
  17761.5  0.07157012089567555  
  17762.5  0.07156810550780064  
  17763.5  0.07156609288365212  
  17764.5  0.07156407783603042  
  17765.5  0.07156206295860892  
  17766.5  0.0715600482513637   
  17767.5  0.07155803630687327  
  17768.5  0.07155602193968978  
  17769.5  0.07155400774261074  
  17770.5  0.07155199630755825  
  17771.5  0.07154998245039743  
  17772.5  0.07154796876326927  
  17773.5  0.07154595524614989  
  17774.5  0.07154394449008643  
  17775.5  0.07154193131269405  
  17776.5  0.07153991830523869  
  17777.5  0.07153790805811178  
  17778.5  0.07153589539024015  
  17779.5  0.07153388289223385  
  17780.5  0.07153187056406902  
  17781.5  0.07152986099526304  
  17782.5  0.07152784900649095  
  17783.5  0.07152583718748874  
  17784.5  0.07152382553823247  
  17785.5  0.07152181664736601  
  17786.5  0.0715198053373117   
  17787.5  0.0715177941969318   
  17788.5  0.07151578581421535  
  17789.5  0.07151377501289441  
  17790.5  0.07151176438117636  
  17791.5  0.07150975391903737  
  17792.5  0.07150774621359375  
  17793.5  0.07150573609032318  
  17794.5  0.07150372613656017  
  17795.5  0.07150171893876697  
  17796.5  0.0714997093237296   
  17797.5  0.07149769987812837  
  17798.5  0.07149569060193951  
  17799.5  0.07149368408075339  
  17800.5  0.07149167514309987  
  17801.5  0.07148966637478733  
  17802.5  0.07148765777579201  
  17803.5  0.07148565193083291  
  17804.5  0.07148364367018278  
  17805.5  0.07148163557877857  
  17806.5  0.07147963024068614  
  17807.5  0.07147762248748464  
  17808.5  0.07147561490345776  
  17809.5  0.07147360748858175  
  17810.5  0.07147160282605203  
  17811.5  0.07146959574918887  
  17812.5  0.07146758884140536  
  17813.5  0.07146558210267778  
  17814.5  0.07146357811533154  
  17815.5  0.0714615717144271   
  17816.5  0.07145956548250741  
  17817.5  0.0714575620012458   
  17818.5  0.07145555610700707  
  17819.5  0.07145355038168201  
  17820.5  0.07145154482524688  
  17821.5  0.07144954201850584  
  17822.5  0.07144753679956221  
  17823.5  0.07144553174943746  
  17824.5  0.0714435294482843   
  17825.5  0.07144152473550908  
  17826.5  0.07143952019148173  
  17827.5  0.07143751581617856  
  17828.5  0.07143551418888398  
  17829.5  0.07143351015074115  
  17830.5  0.07143150628125154  
  17831.5  0.07142950258039153  
  17832.5  0.07142750162657768  
  17833.5  0.07142549826268893  
  17834.5  0.07142349506735886  
  17835.5  0.07142149461835358  
  17836.5  0.0714194917598531   
  17837.5  0.07141748906984044  
  17838.5  0.07141548654829197  
  17839.5  0.07141348677210686  
  17840.5  0.0714114845871992   
  17841.5  0.07140948257068491  
  17842.5  0.07140748329881336  
  17843.5  0.0714054816187984   
  17844.5  0.07140348010710608  
  17845.5  0.07140147876371276  
  17846.5  0.07139948016400173  
  17847.5  0.07139747915691921  
  17848.5  0.07139547831806502  
  17849.5  0.07139347764741558  
  17850.5  0.07139147971948849  
  17851.5  0.07138947938496147  
  17852.5  0.07138747921856853  
  17853.5  0.07138548179417847  
  17854.5  0.07138348196376677  
  17855.5  0.07138148230141855  
  17856.5  0.07137948280711029  
  17857.5  0.07137748605384596  
  17858.5  0.07137548689533078  
  17859.5  0.07137348790478501  
  17860.5  0.07137149165456441  
  17861.5  0.07136949299967077  
  17862.5  0.07136749451267597  
  17863.5  0.07136549619355656  
  17864.5  0.07136350061380438  
  17865.5  0.07136150263014922  
  17866.5  0.07135950481429897  
  17867.5  0.0713575071662301   
  17868.5  0.07135551225657114  
  17869.5  0.07135351494377881  
  17870.5  0.07135151779869753  
  17871.5  0.07134952339130848  
  17872.5  0.07134752658136304  
  17873.5  0.07134552993905824  
  17874.5  0.07134353346437064  
  17875.5  0.07134153972641888  
  17876.5  0.07133954358667967  
  17877.5  0.07133754761448734  
  17878.5  0.07133555437831397  
  17879.5  0.07133355874092955  
  17880.5  0.07133156327102175  
  17881.5  0.07132956796856713  
  17882.5  0.07132757540117604  
  17883.5  0.0713255804333421   
  17884.5  0.07132358563289116  
  17885.5  0.07132159099979979  
  17886.5  0.07131959910081707  
  17887.5  0.07131760480215935  
  17888.5  0.07131561067079102  
  17889.5  0.07131361927281563  
  17890.5  0.07131162547574077  
  17891.5  0.07130963184588521  
  17892.5  0.07130763838322557  
  17893.5  0.07130564765300493  
  17894.5  0.07130365452445195  
  17895.5  0.07130166156302482  
  17896.5  0.07129966876870021  
  17897.5  0.07129767870586122  
  17898.5  0.0712956862454566   
  17899.5  0.07129369395208449  
  17900.5  0.0712917043894834   
  17901.5  0.07128971242989139  
  17902.5  0.07128772063726192  
  17903.5  0.07128572901157165  
  17904.5  0.07128374011570004  
  17905.5  0.07128174882360348  
  17906.5  0.07127975769837623  
  17907.5  0.07127776930225377  
  17908.5  0.07127577851048053  
  17909.5  0.07127378788550671  
  17910.5  0.07127179742730906  
  17911.5  0.07126980969726475  
  17912.5  0.07126781957233494  
  17913.5  0.07126582961411146  
  17914.5  0.07126383982257105  
  17915.5  0.0712618527582331   
  17916.5  0.07125986329977455  
  17917.5  0.07125787400792928  
  17918.5  0.07125588744257376  
  17919.5  0.07125389848367097  
  17920.5  0.07125190969131173  
  17921.5  0.07124992106547286  
  17922.5  0.07124793516517379  
  17923.5  0.07124594687209163  
  17924.5  0.07124395874546012  
  17925.5  0.07124197334365645  
  17926.5  0.07123998554964246  
  17927.5  0.07123799792200952  
  17928.5  0.07123601046073441  
  17929.5  0.07123402572333817  
  17930.5  0.07123203859449508  
  17931.5  0.07123005163194025  
  17932.5  0.0712280648356505   
  17933.5  0.07122608076229121  
  17934.5  0.07122409429824814  
  17935.5  0.07122210800040062  
  17936.5  0.0712201244247727   
  17937.5  0.07121813845903295  
  17938.5  0.07121615265941927  
  17939.5  0.0712141670259085   
  17940.5  0.07121218411366992  
  17941.5  0.07121019881208183  
  17942.5  0.07120821367652726  
  17943.5  0.07120623126153469  
  17944.5  0.07120424645776408  
  17945.5  0.07120226181995756  
  17946.5  0.07120027734809205  
  17947.5  0.07119829559584206  
  17948.5  0.07119631145557567  
  17949.5  0.07119432748118093  
  17950.5  0.07119234367263473  
  17951.5  0.07119036258275817  
  17952.5  0.07118837910562639  
  17953.5  0.07118639579427391  
  17954.5  0.07118441520088202  
  17955.5  0.07118243222080553  
  17956.5  0.07118044940643908  
  17957.5  0.07117846675775961  
  17958.5  0.07117648682609577  
  17959.5  0.07117450450850785  
  17960.5  0.0711725223565377   
  17961.5  0.07117054292087491  
  17962.5  0.0711685610998581   
  17963.5  0.07116657944438996  
  17964.5  0.07116459795444742  
  17965.5  0.07116261917986817  
  17966.5  0.07116063802069476  
  17967.5  0.07115865702697786  
  17968.5  0.07115667619869445  
  17969.5  0.0711546980848309   
  17970.5  0.07115271758713258  
  17971.5  0.07115073725479872  
  17972.5  0.07114875963617752  
  17973.5  0.07114677963429081  
  17974.5  0.07114479979769955  
  17975.5  0.07114282012638079  
  17976.5  0.07114084316783216  
  17977.5  0.07113886382677674  
  17978.5  0.07113688465092485  
  17979.5  0.07113490564025354  
  17980.5  0.07113292934141038  
  17981.5  0.07113095066081873  
  17982.5  0.07112897214533877  
  17983.5  0.07112699634098092  
  17984.5  0.071125018155443    
  17985.5  0.07112304013494794  
  17986.5  0.07112106227947272  
  17987.5  0.07111908713417864  
  17988.5  0.07111710960846208  
  17989.5  0.07111513224769662  
  17990.5  0.07111315759640692  
  17991.5  0.07111118056526265  
  17992.5  0.07110920369900074  
  17993.5  0.07110722699759825  
  17994.5  0.07110525300473144  
  17995.5  0.071103276632767    
  17996.5  0.07110130042559326  
  17997.5  0.07109932438318739  
  17998.5  0.07109735104837767  
  17999.5  0.0710953753352268   
  18000.5  0.07109339978677512  
  18001.5  0.07109142694521539  
  18002.5  0.07108945172588158  
  18003.5  0.07108747667117836  
  18004.5  0.07108550178108286  
  18005.5  0.07108352959694074  
  18006.5  0.07108155503578034  
  18007.5  0.0710795806391591   
  18008.5  0.07107760894778774  
  18009.5  0.07107563487996463  
  18010.5  0.0710736609766122   
  18011.5  0.07107168723770758  
  18012.5  0.07106971620311522  
  18013.5  0.07106774279282622  
  18014.5  0.0710657695469166   
  18015.5  0.07106379646536352  
  18016.5  0.0710618260871856   
  18017.5  0.07105985333406575  
  18018.5  0.07105788074523407  
  18019.5  0.07105591085907513  
  18020.5  0.07105393859853999  
  18021.5  0.07105196650222464  
  18022.5  0.0710499945701063   
  18023.5  0.07104802533972457  
  18024.5  0.07104605373572065  
  18025.5  0.07104408229584543  
  18026.5  0.07104211355700511  
  18027.5  0.07104014244510783  
  18028.5  0.07103817149727096  
  18029.5  0.07103620071347176  
  18030.5  0.07103423262977228  
  18031.5  0.07103226217376912  
  18032.5  0.07103029188173543  
  18033.5  0.07102832175364844  
  18034.5  0.07102635432472652  
  18035.5  0.07102438452425383  
  18036.5  0.0710224148876597   
  18037.5  0.07102044794953005  
  18038.5  0.07101847864041402  
  18039.5  0.07101650949510843  
  18040.5  0.07101454051359055  
  18041.5  0.07101257422960344  
  18042.5  0.07101060557538216  
  18043.5  0.07100863708488055  
  18044.5  0.07100666875807587  
  18045.5  0.07100470312786879  
  18046.5  0.07100273512817937  
  18047.5  0.0710007672921189   
  18048.5  0.07099880215195654  
  18049.5  0.07099683464287543  
  18050.5  0.07099486729735527  
  18051.5  0.07099290011537339  
  18052.5  0.07099093562835741  
  18053.5  0.07098896877317377  
  18054.5  0.07098700208146053  
  18055.5  0.07098503808401438  
  18056.5  0.07098307171896365  
  18057.5  0.0709811055173154   
  18058.5  0.07097913947904701  
  18059.5  0.07097717613411442  
  18060.5  0.07097521042232768  
  18061.5  0.07097324487385298  
  18062.5  0.07097127948866769  
  18063.5  0.07096931679588742  
  18064.5  0.07096735173700304  
  18065.5  0.0709653868413403   
  18066.5  0.07096342463738493  
  18067.5  0.0709614600678877   
  18068.5  0.07095949566154434  
  18069.5  0.07095753141833232  
  18070.5  0.07095556986589781  
  18071.5  0.07095360594867077  
  18072.5  0.07095164219450738  
  18073.5  0.07094968113042455  
  18074.5  0.0709477177021109   
  18075.5  0.07094575443679324  
  18076.5  0.07094379133444897  
  18077.5  0.07094183092125643  
  18078.5  0.0709398681445817   
  18079.5  0.0709379055308128   
  18080.5  0.07093594307992719  
  18081.5  0.0709339833172649   
  18082.5  0.07093202119186874  
  18083.5  0.0709300592292883   
  18084.5  0.07092809995423534  
  18085.5  0.07092613831700939  
  18086.5  0.07092417684253167  
  18087.5  0.0709222155307797   
  18088.5  0.07092025690562775  
  18089.5  0.0709182959190504   
  18090.5  0.07091633509513132  
  18091.5  0.07091437695711712  
  18092.5  0.07091241645823788  
  18093.5  0.07091045612194952  
  18094.5  0.07090849594822955  
  18095.5  0.07090653845948797  
  18096.5  0.07090457861062821  
  18097.5  0.07090261892426952  
  18098.5  0.0709006594003894   
  18099.5  0.07089870256056167  
  18100.5  0.07089674336136231  
  18101.5  0.07089478432457422  
  18102.5  0.07089282797114449  
  18103.5  0.07089086925890267  
  18104.5  0.07088891070900485  
  18105.5  0.07088695232142861  
  18106.5  0.07088499661628568  
  18107.5  0.07088303855307647  
  18108.5  0.07088108065212162  
  18109.5  0.07087912543290674  
  18110.5  0.07087716785618461  
  18111.5  0.07087521044164968  
  18112.5  0.07087325318927952  
  18113.5  0.07087129861772519  
  18114.5  0.07086934168940878  
  18115.5  0.07086738492319003  
  18116.5  0.07086542831904655  
  18117.5  0.0708634743947953   
  18118.5  0.07086151811452673  
  18119.5  0.07085956199626636  
  18120.5  0.07085760855720595  
  18121.5  0.07085565276268647  
  18122.5  0.07085369713010813  
  18123.5  0.0708517416594486   
  18124.5  0.07084978886706639  
  18125.5  0.07084783371996915  
  18126.5  0.07084587873472373  
  18127.5  0.0708439239113078   
  18128.5  0.07084197176524706  
  18129.5  0.07084001726521497  
  18130.5  0.0708380629269454   
  18131.5  0.07083611126533988  
  18132.5  0.07083415725032041  
  18133.5  0.0708322033969966   
  18134.5  0.07083024970534615  
  18135.5  0.07082829868943852  
  18136.5  0.07082634532085993  
  18137.5  0.07082439211388786  
  18138.5  0.07082244158196811  
  18139.5  0.07082048869793434  
  18140.5  0.07081853597544027  
  18141.5  0.07081658341446365  
  18142.5  0.07081463352761908  
  18143.5  0.07081268128940277  
  18144.5  0.07081072921263715  
  18145.5  0.07080877729729997  
  18146.5  0.07080682805517509  
  18147.5  0.07080487646242037  
  18148.5  0.07080292503102739  
  18149.5  0.07080097627215731  
  18150.5  0.07079902516321351  
  18151.5  0.07079707421556478  
  18152.5  0.07079512342918892  
  18153.5  0.0707931753144171   
  18154.5  0.07079122485031282  
  18155.5  0.07078927454741478  
  18156.5  0.07078732691543209  
  18157.5  0.0707853769346725   
  18158.5  0.0707834271150526   
  18159.5  0.07078147745655015  
  18160.5  0.07077953046804517  
  18161.5  0.07077758113150386  
  18162.5  0.07077563195601348  
  18163.5  0.0707736829415519   
  18164.5  0.07077173659617035  
  18165.5  0.07076978790349264  
  18166.5  0.07076783937177726  
  18167.5  0.07076589350845428  
  18168.5  0.07076394529838995  
  18169.5  0.07076199724922148  
  18170.5  0.07076004936092674  
  18171.5  0.07075810414010797  
  18172.5  0.07075615657328731  
  18173.5  0.070754209167274    
  18174.5  0.0707522644280497   
  18175.5  0.07075031734337782  
  18176.5  0.07074837041944695  
  18177.5  0.07074642365623496  
  18178.5  0.07074447955889643  
  18179.5  0.07074253311684912  
  18180.5  0.07074058683545442  
  18181.5  0.07073864071469023  
  18182.5  0.07073669725888446  
  18183.5  0.07073475145910832  
  18184.5  0.07073280581989642  
  18185.5  0.07073086284495712  
  18186.5  0.07072891752660095  
  18187.5  0.07072697236874284  
  18188.5  0.0707250273713607   
  18189.5  0.07072308503733701  
  18190.5  0.07072114036063422  
  18191.5  0.07071919584434126  
  18192.5  0.07071725148843609  
  18193.5  0.07071530979497574  
  18194.5  0.07071336575957365  
  18195.5  0.07071142188449325  
  18196.5  0.07070948067117291  
  18197.5  0.0707075371164635   
  18198.5  0.07070559372200973  
  18199.5  0.07070365048778955  
  18200.5  0.07070170991441674  
  18201.5  0.07069976700039156  
  18202.5  0.07069782424653398  
  18203.5  0.07069588415283966  
  18204.5  0.07069394171904517  
  18205.5  0.07069199944535229  
  18206.5  0.07069005733173903  
  18207.5  0.07068811787737728  
  18208.5  0.07068617608365137  
  18209.5  0.07068423444993915  
  18210.5  0.07068229297621864  
  18211.5  0.07068035416083839  
  18212.5  0.07067841300682959  
  18213.5  0.07067647201274664  
  18214.5  0.0706745336763209   
  18215.5  0.07067259300181802  
  18216.5  0.07067065248717518  
  18217.5  0.07066871213237039  
  18218.5  0.07066677443431248  
  18219.5  0.07066483439891236  
  18220.5  0.07066289452328454  
  18221.5  0.07066095730372125  
  18222.5  0.07065901774736667  
  18223.5  0.07065707835071862  
  18224.5  0.07065513911375519  
  18225.5  0.07065320253194687  
  18226.5  0.07065126361408151  
  18227.5  0.0706493248558351   
  18228.5  0.0706473862571857   
  18229.5  0.07064545031278248  
  18230.5  0.07064351203305612  
  18231.5  0.07064157391286116  
  18232.5  0.07063963844623108  
  18233.5  0.07063770064482801  
  18234.5  0.0706357630028907   
  18235.5  0.07063382552039729  
  18236.5  0.07063189069056076  
  18237.5  0.07062995352668446  
  18238.5  0.07062801652218649  
  18239.5  0.0706260821696648   
  18240.5  0.07062414548365291  
  18241.5  0.07062220895695388  
  18242.5  0.07062027258954581  
  18243.5  0.07061833887320693  
  18244.5  0.07061640282411043  
  18245.5  0.07061446693423942  
  18246.5  0.07061253120357211  
  18247.5  0.07061059812306739  
  18248.5  0.07060866271053721  
  18249.5  0.0706067274571453   
  18250.5  0.07060479485323644  
  18251.5  0.07060285991785092  
  18252.5  0.0706009251415383   
  18253.5  0.07059899052427679  
  18254.5  0.07059705855559263  
  18255.5  0.07059512425616332  
  18256.5  0.07059319011571978  
  18257.5  0.07059125862317475  
  18258.5  0.07058932480043287  
  18259.5  0.07058739113661149  
  18260.5  0.07058545763168882  
  18261.5  0.07058352677375984  
  18262.5  0.07058159358636489  
  18263.5  0.07057966055780338  
  18264.5  0.07057772768805361  
  18265.5  0.07057579746439324  
  18266.5  0.07057386491199737  
  18267.5  0.07057193251834801  
  18268.5  0.07057000277011029  
  18269.5  0.07056807069368454  
  18270.5  0.07056613877594017  
  18271.5  0.07056420701685547  
  18272.5  0.07056227790227901  
  18273.5  0.07056034646024432  
  18274.5  0.07055841517680418  
  18275.5  0.0705564840519369   
  18276.5  0.070554555570675    
  18277.5  0.07055262476268429  
  18278.5  0.07055069411320136  
  18279.5  0.07054876610664708  
  18280.5  0.07054683577391074  
  18281.5  0.07054490559961717  
  18282.5  0.07054297558374469  
  18283.5  0.0705410482098989   
  18284.5  0.07053911851059978  
  18285.5  0.07053718896965679  
  18286.5  0.07053526207006441  
  18287.5  0.07053333284556497  
  18288.5  0.07053140377935671  
  18289.5  0.07052947487141802  
  18290.5  0.07052754860392886  
  18291.5  0.0705256200122607   
  18292.5  0.07052369157879722  
  18293.5  0.07052176330351675  
  18294.5  0.0705198376677853   
  18295.5  0.07051790970860254  
  18296.5  0.07051598190753798  
  18297.5  0.07051405674534743  
  18298.5  0.07051212926025102  
  18299.5  0.07051020193320803  
  18300.5  0.07050827476419684  
  18301.5  0.07050635023315997  
  18302.5  0.07050442337994432  
  18303.5  0.07050249668469573  
  18304.5  0.0705005726267471   
  18305.5  0.07049864624716465  
  18306.5  0.07049672002548456  
  18307.5  0.07049479396168526  
  18308.5  0.07049287053428716  
  18309.5  0.0704909447859816   
  18310.5  0.07048901919549218  
  18311.5  0.07048709376279733  
  18312.5  0.07048517096560541  
  18313.5  0.07048324584823207  
  18314.5  0.07048132088858866  
  18315.5  0.0704793985637749   
  18316.5  0.0704774739193239   
  18317.5  0.07047554943253827  
  18318.5  0.07047362510339651  
  18319.5  0.07047170340818704  
  18320.5  0.07046977939406562  
  18321.5  0.07046785553752356  
  18322.5  0.07046593431424115  
  18323.5  0.07046401077259051  
  18324.5  0.07046208738845473  
  18325.5  0.0704601641618123   
  18326.5  0.07045824356753307  
  18327.5  0.07045632065561026  
  18328.5  0.07045439790111639  
  18329.5  0.07045247530402994  
  18330.5  0.0704505553384107   
  18331.5  0.0704486330558722   
  18332.5  0.07044671093067678  
  18333.5  0.07044479143627695  
  18334.5  0.07044286962550081  
  18335.5  0.07044094797200337  
  18336.5  0.07043902647576318  
  18337.5  0.07043710760942352  
  18338.5  0.07043518642743117  
  18339.5  0.07043326540263178  
  18340.5  0.07043134453500391  
  18341.5  0.07042942629638198  
  18342.5  0.07042750574283063  
  18343.5  0.07042558534638654  
  18344.5  0.07042366757827788  
  18345.5  0.07042174749578195  
  18346.5  0.07041982757032904  
  18347.5  0.07041790780189779  
  18348.5  0.07041599066090827  
  18349.5  0.07041407120625408  
  18350.5  0.07041215190855735  
  18351.5  0.0704102352376325   
  18352.5  0.07040831625358462  
  18353.5  0.07040639742643008  
  18354.5  0.07040447875614751  
  18355.5  0.070402562711744    
  18356.5  0.07040064435493941  
  18357.5  0.07039872615494272  
  18358.5  0.07039680811173255  
  18359.5  0.07039489269350911  
  18360.5  0.0703929749636062   
  18361.5  0.07039105739042577  
  18362.5  0.07038914244156327  
  18363.5  0.07038722518156215  
  18364.5  0.07038530807821954  
  18365.5  0.07038339113151408  
  18366.5  0.07038147680823513  
  18367.5  0.07037956017453849  
  18368.5  0.07037764369741505  
  18369.5  0.07037572984304996  
  18370.5  0.07037381367880757  
  18371.5  0.07037189767107448  
  18372.5  0.0703699818198294   
  18373.5  0.07036806859045211  
  18374.5  0.07036615305191779  
  18375.5  0.0703642376698076   
  18376.5  0.07036232244410026  
  18377.5  0.0703604098393707   
  18378.5  0.07035849492620398  
  18379.5  0.0703565801693763   
  18380.5  0.07035466803285925  
  18381.5  0.07035275358844469  
  18382.5  0.07035083930030539  
  18383.5  0.07034892516842009  
  18384.5  0.07034701365595626  
  18385.5  0.07034509983631415  
  18386.5  0.07034318617286234  
  18387.5  0.0703412751281655   
  18388.5  0.07033936177682953  
  18389.5  0.07033744858162014  
  18390.5  0.07033553554251609  
  18391.5  0.07033362512127876  
  18392.5  0.0703317123941209   
  18393.5  0.07032979982300473  
  18394.5  0.07032788740790905  
  18395.5  0.0703259776097923   
  18396.5  0.07032406550647324  
  18397.5  0.07032215355911106  
  18398.5  0.0703202442280624   
  18399.5  0.07031833259234976  
  18400.5  0.07031642111253046  
  18401.5  0.07031450978858331  
  18402.5  0.07031260108006276  
  18403.5  0.07031069006759581  
  18404.5  0.0703087792109375   
  18405.5  0.07030687096904102  
  18406.5  0.070304960423736    
  18407.5  0.07030305003417617  
  18408.5  0.07030113980034032  
  18409.5  0.07029923218038028  
  18410.5  0.07029732225772863  
  18411.5  0.07029541249073755  
  18412.5  0.0702935028793859   
  18413.5  0.07029159588102454  
  18414.5  0.07028968658068811  
  18415.5  0.07028777743592775  
  18416.5  0.07028587090349392  
  18417.5  0.07028396206962212  
  18418.5  0.07028205339126302  
  18419.5  0.07028014486839555  
  18420.5  0.07027823895696994  
  18421.5  0.07027633074482229  
  18422.5  0.07027442268810292  
  18423.5  0.07027251478679078  
  18424.5  0.07027060949603635  
  18425.5  0.0702687019052754   
  18426.5  0.0702667944698584   
  18427.5  0.0702648896443364   
  18428.5  0.07026298251934424  
  18429.5  0.0702610755496328   
  18430.5  0.07025916873518107  
  18431.5  0.07025726452974103  
  18432.5  0.07025535802554572  
  18433.5  0.07025345167654691  
  18434.5  0.07025154793589775  
  18435.5  0.07024964189702916  
  18436.5  0.07024773601329395  
  18437.5  0.0702458302846711   
  18438.5  0.07024392716351549  
  18439.5  0.07024202174485467  
  18440.5  0.07024011648124312  
  18441.5  0.07023821137265983  
  18442.5  0.07023630887066185  
  18443.5  0.07023440407187252  
  18444.5  0.07023249942804842  
  18445.5  0.0702305973901486   
  18446.5  0.07022869305599254  
  18447.5  0.07022678887673868  
  18448.5  0.07022488485236605  
  18449.5  0.07022298343303668  
  18450.5  0.07022107971816426  
  18451.5  0.07021917615811013  
  18452.5  0.07021727520243883  
  18453.5  0.07021537195175913  
  18454.5  0.07021346885583479  
  18455.5  0.07021156591464486  
  18456.5  0.07020966557695758  
  18457.5  0.07020776294497448  
  18458.5  0.07020586046766289  
  18459.5  0.07020395814500191  
  18460.5  0.07020205842496388  
  18461.5  0.07020015641134222  
  18462.5  0.07019825455230834  
  18463.5  0.07019635529523806  
  18464.5  0.07019445374511801  
  18465.5  0.07019255234952294  
  18466.5  0.07019065110843194  
  18467.5  0.07018875246842571  
  18468.5  0.07018685153608127  
  18469.5  0.07018495075817817  
  18470.5  0.07018305258070112  
  18471.5  0.07018115211141923  
  18472.5  0.07017925179651599  
  18473.5  0.0701773516359705   
  18474.5  0.07017545407497307  
  18475.5  0.07017355422288175  
  18476.5  0.07017165452508552  
  18477.5  0.07016975498156348  
  18478.5  0.07016785803671208  
  18479.5  0.07016595880147734  
  18480.5  0.07016405972045418  
  18481.5  0.07016216323744397  
  18482.5  0.07016026446458301  
  18483.5  0.0701583658458711   
  18484.5  0.07015646738128735  
  18485.5  0.07015457151383991  
  18486.5  0.0701526733572517   
  18487.5  0.07015077535472912  
  18488.5  0.07014887750625137  
  18489.5  0.07014698225403383  
  18490.5  0.07014508471338504  
  18491.5  0.07014318732671858  
  18492.5  0.07014129253565565  
  18493.5  0.07013939545669332  
  18494.5  0.0701374985316509   
  18495.5  0.07013560176050758  
  18496.5  0.07013370758409253  
  18497.5  0.07013181112048701  
  18498.5  0.07012991481071819  
  18499.5  0.07012802109502159  
  18500.5  0.07012612509266589  
  18501.5  0.07012422924408455  
  18502.5  0.07012233354925679  
  18503.5  0.07012044044762686  
  18504.5  0.0701185450600461   
  18505.5  0.0701166498261566   
  18506.5  0.0701147547459376   
  18507.5  0.07011286225804256  
  18508.5  0.07011096748490457  
  18509.5  0.07010907286537484  
  18510.5  0.070107180837514    
  18511.5  0.07010528652494084  
  18512.5  0.07010339236591372  
  18513.5  0.07010149836041188  
  18514.5  0.0700996069457059   
  18515.5  0.07009771324699489  
  18516.5  0.07009581970174698  
  18517.5  0.07009392874664053  
  18518.5  0.0700920355080592   
  18519.5  0.07009014242287884  
  18520.5  0.07008824949107874  
  18521.5  0.07008635914854791  
  18522.5  0.07008446652324883  
  18523.5  0.0700825740512679   
  18524.5  0.07008068173258444  
  18525.5  0.07007879200229854  
  18526.5  0.07007689998995069  
  18527.5  0.07007500813083824  
  18528.5  0.07007311885946997  
  18529.5  0.07007122730656913  
  18530.5  0.0700693359068417   
  18531.5  0.07006744466026699  
  18532.5  0.07006555600056562  
  18533.5  0.07006366506003733  
  18534.5  0.0700617742725998   
  18535.5  0.07005988607138286  
  18536.5  0.07005799558986792  
  18537.5  0.07005610526138181  
  18538.5  0.07005421508590388  
  18539.5  0.07005232749577656  
  18540.5  0.07005043762605624  
  18541.5  0.07004854790928222  
  18542.5  0.07004665834543387  
  18543.5  0.07004477136606665  
  18544.5  0.07004288210781104  
  18545.5  0.07004099300241926  
  18546.5  0.07003910648085684  
  18547.5  0.07003721768093427  
  18548.5  0.0700353290338137   
  18549.5  0.07003344053947456  
  18550.5  0.07003155462809617  
  18551.5  0.07002966643906156  
  18552.5  0.07002777840274664  
  18553.5  0.07002589294874133  
  18554.5  0.07002400521760753  
  18555.5  0.0700221176391317   
  18556.5  0.07002023021329325  
  18557.5  0.07001834536889663  
  18558.5  0.07001645824807487  
  18559.5  0.07001457127982882  
  18560.5  0.07001268446413794  
  18561.5  0.07001080022902156  
  18562.5  0.07000891371818306  
  18563.5  0.07000702735983809  
  18564.5  0.0700051435814175   
  18565.5  0.07000325752780179  
  18566.5  0.07000137162661799  
  18567.5  0.0699994858778456   
  18568.5  0.06999760270813114  
  18569.5  0.0699957172639239   
  18570.5  0.06999383197206652  
  18571.5  0.06999194683253848  
  18572.5  0.0699900642712024   
  18573.5  0.06998817943607553  
  18574.5  0.06998629475321654  
  18575.5  0.06998441264790035  
  18576.5  0.06998252826931964  
  18577.5  0.0699806440429453   
  18578.5  0.06997875996875685  
  18579.5  0.06997687847124612  
  18580.5  0.0699749947011722   
  18581.5  0.06997311108322278  
  18582.5  0.06997123004130257  
  18583.5  0.06996934672734495  
  18584.5  0.06996746356545044  
  18585.5  0.06996558055559855  
  18586.5  0.06996370012091159  
  18587.5  0.06996181741488797  
  18588.5  0.06995993486084566  
  18589.5  0.06995805245876419  
  18590.5  0.06995617263098383  
  18591.5  0.06995429053256721  
  18592.5  0.06995240858605016  
  18593.5  0.06995052921318674  
  18594.5  0.06994864757021209  
  18595.5  0.06994676607907574  
  18596.5  0.06994488473975724  
  18597.5  0.06994300597322944  
  18598.5  0.06994112493729014  
  18599.5  0.06993924405310753  
  18600.5  0.06993736574106875  
  18601.5  0.06993548516014302  
  18602.5  0.06993360473091277  
  18603.5  0.06993172445335763  
  18604.5  0.06992984674708422  
  18605.5  0.06992796677262297  
  18606.5  0.0699260869497757   
  18607.5  0.06992420727852203  
  18608.5  0.06992233017768844  
  18609.5  0.0699204508093658   
  18610.5  0.0699185715925757   
  18611.5  0.06991669494555978  
  18612.5  0.06991481603157865  
  18613.5  0.06991293726906897  
  18614.5  0.06991105865801041  
  18615.5  0.06990918261586525  
  18616.5  0.06990730430745302  
  18617.5  0.06990542615043091  
  18618.5  0.06990355056167698  
  18619.5  0.0699016727071793   
  18620.5  0.06989979500401076  
  18621.5  0.06989791745215104  
  18622.5  0.06989604246769955  
  18623.5  0.06989416521820183  
  18624.5  0.069892288119952    
  18625.5  0.06989041117292977  
  18626.5  0.06988853679245627  
  18627.5  0.06988666014763373  
  18628.5  0.06988478365397789  
  18629.5  0.06988290972622656  
  18630.5  0.06988103353464878  
  18631.5  0.06987915749417685  
  18632.5  0.06987728160479051  
  18633.5  0.06987540828045002  
  18634.5  0.06987353269297965  
  18635.5  0.06987165725653405  
  18636.5  0.06986978438449071  
  18637.5  0.06986790924983959  
  18638.5  0.06986603426615247  
  18639.5  0.06986415943340914  
  18640.5  0.06986228716421024  
  18641.5  0.06986041263309949  
  18642.5  0.06985853825287179  
  18643.5  0.0698566640235069   
  18644.5  0.0698547923568291   
  18645.5  0.06985291842893503  
  18646.5  0.0698510446518431   
  18647.5  0.06984917343679564  
  18648.5  0.06984729996105331  
  18649.5  0.06984542663605246  
  18650.5  0.0698435534617729   
  18651.5  0.06984168284868134  
  18652.5  0.0698398099755898   
  18653.5  0.06983793725315898  
  18654.5  0.06983606468136866  
  18655.5  0.0698341946699103   
  18656.5  0.06983232239914658  
  18657.5  0.06983045027896279  
  18658.5  0.06982858071846935  
  18659.5  0.0698267088991912   
  18660.5  0.06982483723043248  
  18661.5  0.06982296571217303  
  18662.5  0.06982109675274872  
  18663.5  0.06981922553523369  
  18664.5  0.06981735446815744  
  18665.5  0.06981548595927534  
  18666.5  0.06981361519282267  
  18667.5  0.06981174457674837  
  18668.5  0.0698098741110323   
  18669.5  0.069808006202656    
  18670.5  0.06980613603740249  
  18671.5  0.06980426602244683  
  18672.5  0.06980239615776887  
  18673.5  0.06980052884957678  
  18674.5  0.0697986592852005   
  18675.5  0.0697967898710416   
  18676.5  0.06979492301272852  
  18677.5  0.06979305389875072  
  18678.5  0.06979118493492996  
  18679.5  0.06978931612124616  
  18680.5  0.06978744986255515  
  18681.5  0.06978558134889179  
  18682.5  0.0697837129853051   
  18683.5  0.0697818471760718   
  18684.5  0.06977997911238513  
  18685.5  0.06977811119871494  
  18686.5  0.0697762434350411   
  18687.5  0.06977437822486844  
  18688.5  0.06977251076093417  
  18689.5  0.06977064344693609  
  18690.5  0.06976877628285413  
  18691.5  0.06976691167142159  
  18692.5  0.06976504480691885  
  18693.5  0.0697631780922721   
  18694.5  0.06976131392963633  
  18695.5  0.06975944751444862  
  18696.5  0.0697575812490568   
  18697.5  0.06975571513344084  
  18698.5  0.0697538515689849   
  18699.5  0.06975198575266785  
  18700.5  0.06975012008606658  
  18701.5  0.06974825696998753  
  18702.5  0.06974639160256516  
  18703.5  0.06974452638479854  
  18704.5  0.06974266131666768  
  18705.5  0.06974079879820895  
  18706.5  0.06973893402909705  
  18707.5  0.06973706940956093  
  18708.5  0.06973520493958059  
  18709.5  0.06973334301842274  
  18710.5  0.06973147884730155  
  18711.5  0.0697296148256762   
  18712.5  0.06972775335223652  
  18713.5  0.06972588962935058  
  18714.5  0.06972402605590057  
  18715.5  0.06972216263186654  
  18716.5  0.06972030175516934  
  18717.5  0.06971843862971511  
  18718.5  0.06971657565361698  
  18719.5  0.06971471282685501  
  18720.5  0.06971285254658155  
  18721.5  0.0697109900182399   
  18722.5  0.06970912763917458  
  18723.5  0.06970726780596191  
  18724.5  0.06970540572519741  
  18725.5  0.06970354379364947  
  18726.5  0.06970168201129816  
  18727.5  0.06969982277395198  
  18728.5  0.06969796128974222  
  18729.5  0.06969609995466934  
  18730.5  0.06969424116396634  
  18731.5  0.06969238012691566  
  18732.5  0.06969051923894215  
  18733.5  0.06968865850002592  
  18734.5  0.06968680030463291  
  18735.5  0.0696849398635798   
  18736.5  0.06968307957152435  
  18737.5  0.06968121942844663  
  18738.5  0.06967936182804589  
  18739.5  0.06967750198267235  
  18740.5  0.06967564228621695  
  18741.5  0.06967378513180422  
  18742.5  0.06967192573293389  
  18743.5  0.0696700664829221   
  18744.5  0.06966820738174899  
  18745.5  0.06966635082177318  
  18746.5  0.06966449201802641  
  18747.5  0.06966263336305879  
  18748.5  0.06966077724865478  
  18749.5  0.06965891889099453  
  18750.5  0.06965706068205393  
  18751.5  0.06965520262181318  
  18752.5  0.06965334710129142  
  18753.5  0.0696514893381995   
  18754.5  0.06964963172374793  
  18755.5  0.06964777425791689  
  18756.5  0.06964591933096079  
  18757.5  0.06964406216212018  
  18758.5  0.06964220514184073  
  18759.5  0.06964035065980344  
  18760.5  0.06963849393639569  
  18761.5  0.0696366373614897   
  18762.5  0.06963478093506566  
  18763.5  0.0696329270460405   
  18764.5  0.06963107091632996  
  18765.5  0.06962921493504205  
  18766.5  0.06962736149052093  
  18767.5  0.06962550580582796  
  18768.5  0.06962365026949832  
  18769.5  0.06962179488151224  
  18770.5  0.06961994202945045  
  18771.5  0.06961808693790131  
  18772.5  0.06961623199463646  
  18773.5  0.06961437719963615  
  18774.5  0.06961252493971813  
  18775.5  0.06961067044099689  
  18776.5  0.06960881609048099  
  18777.5  0.06960696427441622  
  18778.5  0.06960511022006109  
  18779.5  0.06960325631385207  
  18780.5  0.06960140255576948  
  18781.5  0.06959955133129683  
  18782.5  0.06959769786921734  
  18783.5  0.06959584455520511  
  18784.5  0.06959399377417227  
  18785.5  0.06959214075604499  
  18786.5  0.06959028788592585  
  18787.5  0.0695884351637952   
  18788.5  0.06958658497380356  
  18789.5  0.06958473254740036  
  18790.5  0.06958288026892656  
  18791.5  0.06958102813836252  
  18792.5  0.06957917853909755  
  18793.5  0.06957732670410358  
  18794.5  0.06957547501696035  
  18795.5  0.06957362586048661  
  18796.5  0.06957177446879555  
  18797.5  0.06956992322489622  
  18798.5  0.06956807212876893  
  18799.5  0.06956622356247207  
  18800.5  0.06956437276163985  
  18801.5  0.06956252210852075  
  18802.5  0.0695606716030951   
  18803.5  0.06955882362666124  
  18804.5  0.06955697341637362  
  18805.5  0.0695551233537206   
  18806.5  0.0695532758194307   
  18807.5  0.06955142605179801  
  18808.5  0.06954957643174103  
  18809.5  0.06954772695924016  
  18810.5  0.06954588001426457  
  18811.5  0.0695440308366272   
  18812.5  0.06954218180648712  
  18813.5  0.06954033530324431  
  18814.5  0.06953848656785022  
  18815.5  0.06953663797989461  
  18816.5  0.06953478953935792  
  18817.5  0.06953294362488145  
  18818.5  0.0695310954789341   
  18819.5  0.06952924748034692  
  18820.5  0.06952739962910032  
  18821.5  0.06952555430307737  
  18822.5  0.06952370674626362  
  18823.5  0.06952185933673176  
  18824.5  0.0695200144517965   
  18825.5  0.06951816733658021  
  18826.5  0.06951632036858713  
  18827.5  0.0695144735477977   
  18828.5  0.06951262925076913  
  18829.5  0.06951078272413898  
  18830.5  0.06950893634465388  
  18831.5  0.06950709248830314  
  18832.5  0.06950524640286017  
  18833.5  0.06950340046450365  
  18834.5  0.06950155467321403  
  18835.5  0.06949971140422385  
  18836.5  0.06949786590682029  
  18837.5  0.06949602055642509  
  18838.5  0.06949417535301876  
  18839.5  0.06949233267107732  
  18840.5  0.06949048776140106  
  18841.5  0.06948864299865515  
  18842.5  0.06948680075674862  
  18843.5  0.06948495628761589  
  18844.5  0.06948311196535502  
  18845.5  0.06948126778994655  
  18846.5  0.06947942613454378  
  18847.5  0.06947758225259269  
  18848.5  0.06947573851743558  
  18849.5  0.06947389730165927  
  18850.5  0.0694720538598428   
  18851.5  0.06947021056476191  
  18852.5  0.06946836741639713  
  18853.5  0.06946652678658025  
  18854.5  0.06946468393140053  
  18855.5  0.06946284122287857  
  18856.5  0.06946099866099494  
  18857.5  0.06945915861682675  
  18858.5  0.06945731634797273  
  18859.5  0.06945547422569869  
  18860.5  0.06945363462051615  
  18861.5  0.06945179279115524  
  18862.5  0.06944995110831605  
  18863.5  0.06944810957197915  
  18864.5  0.06944627055190211  
  18865.5  0.06944442930832308  
  18866.5  0.06944258821118811  
  18867.5  0.06944074726047779  
  18868.5  0.06943890882519616  
  18869.5  0.06943706816708856  
  18870.5  0.06943522765534742  
  18871.5  0.06943338965841195  
  18872.5  0.06943154943915726  
  18873.5  0.06942970936621089  
  18874.5  0.06942786943955344  
  18875.5  0.06942603202687127  
  18876.5  0.06942419239254531  
  18877.5  0.06942235290445019  
  18878.5  0.06942051592970791  
  18879.5  0.06941867673382816  
  18880.5  0.06941683768412114  
  18881.5  0.06941499878056752  
  18882.5  0.06941316238953717  
  18883.5  0.06941132377804417  
  18884.5  0.06940948531264651  
  18885.5  0.06940764699332486  
  18886.5  0.06940581118569733  
  18887.5  0.0694039731582817   
  18888.5  0.06940213527688405  
  18889.5  0.06940029990655908  
  18890.5  0.06939846231695158  
  18891.5  0.06939662487330411  
  18892.5  0.06939478757559735  
  18893.5  0.06939295278813494  
  18894.5  0.06939111578206389  
  18895.5  0.06938927892187564  
  18896.5  0.06938744457131085  
  18897.5  0.0693856080026426   
  18898.5  0.06938377157979923  
  18899.5  0.06938193530276149  
  18900.5  0.06938010153451966  
  18901.5  0.0693782655488477   
  18902.5  0.06937642970892346  
  18903.5  0.06937459401472774  
  18904.5  0.06937276082850086  
  18905.5  0.06937092542551677  
  18906.5  0.06936909016820339  
  18907.5  0.06936725741823889  
  18908.5  0.06936542245202164  
  18909.5  0.06936358763141731  
  18910.5  0.06936175295640665  
  18911.5  0.06935992078791858  
  18912.5  0.06935808640385017  
  18913.5  0.06935625216531768  
  18914.5  0.06935442043268844  
  18915.5  0.06935258648498285  
  18916.5  0.06935075268275549  
  18917.5  0.06934891902598715  
  18918.5  0.06934708787429657  
  18919.5  0.0693452545082014   
  18920.5  0.0693434212875076   
  18921.5  0.06934158821219594  
  18922.5  0.06933975764113698  
  18923.5  0.0693379248563449   
  18924.5  0.06933609221687737  
  18925.5  0.06933426208104411  
  18926.5  0.06933242973198103  
  18927.5  0.06933059752818492  
  18928.5  0.06932876546963655  
  18929.5  0.06932693591389824  
  18930.5  0.06932510414560095  
  18931.5  0.06932327252249389  
  18932.5  0.06932144340157906  
  18933.5  0.06931961206860811  
  18934.5  0.06931778088076988  
  18935.5  0.06931594983804522  
  18936.5  0.0693141212966893   
  18937.5  0.06931229054394757  
  18938.5  0.0693104599362619   
  18939.5  0.06930862947361319  
  18940.5  0.06930680151151021  
  18941.5  0.06930497133869133  
  18942.5  0.06930314131085197  
  18943.5  0.06930131378294144  
  18944.5  0.06929948404481719  
  18945.5  0.06929765445161504  
  18946.5  0.06929582500331592  
  18947.5  0.06929399805412342  
  18948.5  0.06929216889538652  
  18949.5  0.06929033988149527  
  18950.5  0.06928851101243057  
  18951.5  0.06928668464165073  
  18952.5  0.06928485606199546  
  18953.5  0.06928302762710944  
  18954.5  0.06928120168989231  
  18955.5  0.06927937354430123  
  18956.5  0.06927754554342212  
  18957.5  0.06927571768723592  
  18958.5  0.06927389232789762  
  18959.5  0.06927206476085376  
  18960.5  0.06927023733844556  
  18961.5  0.0692684124122699   
  18962.5  0.06926658527888972  
  18963.5  0.069264758290088    
  18964.5  0.0692629314458457   
  18965.5  0.0692611070970157   
  18966.5  0.06925928054164902  
  18967.5  0.06925745413078459  
  18968.5  0.06925562786440334  
  18969.5  0.06925380409261468  
  18970.5  0.06925197811495679  
  18971.5  0.069250152281725    
  18972.5  0.06924832894247131  
  18973.5  0.06924650339784877  
  18974.5  0.06924467799759522  
  18975.5  0.06924285274169166  
  18976.5  0.06924102997894724  
  18977.5  0.06923920501150084  
  18978.5  0.06923738018834738  
  18979.5  0.0692355578577392   
  18980.5  0.06923373332292895  
  18981.5  0.06923190893235465  
  18982.5  0.06923008468599726  
  18983.5  0.06922826293136697  
  18984.5  0.06922643897320091  
  18985.5  0.06922461515919483  
  18986.5  0.06922279148932971  
  18987.5  0.06922097031037397  
  18988.5  0.06921914692854841  
  18989.5  0.06921732369080692  
  18990.5  0.06921550294336186  
  18991.5  0.06921367999354619  
  18992.5  0.06921185718775769  
  18993.5  0.0692100345259774   
  18994.5  0.06920821435367656  
  18995.5  0.06920639197967053  
  18996.5  0.06920456974961585  
  18997.5  0.06920275000842827  
  18998.5  0.06920092806603424  
  18999.5  0.06919910626753477  
  19000.5  0.0691972846129109   
  19001.5  0.06919546544633794  
  19002.5  0.06919364407922335  
  19003.5  0.06919182285592758  
  19004.5  0.06919000177643173  
  19005.5  0.06918818318417105  
  19006.5  0.06918636239203321  
  19007.5  0.06918454174363854  
  19008.5  0.06918272358186763  
  19009.5  0.06918090322071763  
  19010.5  0.06917908300325408  
  19011.5  0.06917726292945811  
  19012.5  0.06917544534147092  
  19013.5  0.06917362555476855  
  19014.5  0.06917180591167707  
  19015.5  0.06916998641217761  
  19016.5  0.06916816939767244  
  19017.5  0.06916635018511563  
  19018.5  0.0691645311160942   
  19019.5  0.06916271453145655  
  19020.5  0.06916089574926465  
  19021.5  0.06915907711055154  
  19022.5  0.0691572586152984   
  19023.5  0.06915544260361527  
  19024.5  0.06915362439504087  
  19025.5  0.06915180632986986  
  19026.5  0.06914999074765896  
  19027.5  0.06914817296905372  
  19028.5  0.06914635533379536  
  19029.5  0.06914453784186506  
  19030.5  0.0691427228320819   
  19031.5  0.06914090562656677  
  19032.5  0.06913908856432326  
  19033.5  0.06913727164533247  
  19034.5  0.0691354572076763   
  19035.5  0.06913364057495026  
  19036.5  0.06913182408542054  
  19037.5  0.06913001007661641  
  19038.5  0.06912819387323867  
  19039.5  0.06912637781300084  
  19040.5  0.06912456189588413  
  19041.5  0.06912274845868127  
  19042.5  0.06912093282756628  
  19043.5  0.06911911733951605  
  19044.5  0.06911730433077123  
  19045.5  0.06911548912861011  
  19046.5  0.06911367406945741  
  19047.5  0.06911185915329437  
  19048.5  0.06911004671562578  
  19049.5  0.06910823208520177  
  19050.5  0.06910641759771113  
  19051.5  0.06910460325313511  
  19052.5  0.06910279138624299  
  19053.5  0.06910097732725604  
  19054.5  0.06909916341112744  
  19055.5  0.06909735197207524  
  19056.5  0.06909553834142332  
  19057.5  0.06909372485357357  
  19058.5  0.06909191150850721  
  19059.5  0.06909010063970751  
  19060.5  0.06908828757996809  
  19061.5  0.0690864746629559   
  19062.5  0.06908466422160336  
  19063.5  0.06908285158980586  
  19064.5  0.06908103910067943  
  19065.5  0.0690792267542054   
  19066.5  0.06907741688258205  
  19067.5  0.06907560482117313  
  19068.5  0.06907379290236047  
  19069.5  0.0690719811261254   
  19070.5  0.06907017182393248  
  19071.5  0.06906836033261304  
  19072.5  0.06906654898381515  
  19073.5  0.06906474010845332  
  19074.5  0.06906292904445903  
  19075.5  0.06906111812293023  
  19076.5  0.06905930734384826  
  19077.5  0.0690574990373946   
  19078.5  0.06905568854296697  
  19079.5  0.06905387819093017  
  19080.5  0.06905207031091622  
  19081.5  0.0690502602434219   
  19082.5  0.06904845031826244  
  19083.5  0.0690466405354192   
  19084.5  0.06904483322379182  
  19085.5  0.06904302372534199  
  19086.5  0.06904121436915245  
  19087.5  0.0690394051552046   
  19088.5  0.06903759841166601  
  19089.5  0.06903578948196257  
  19090.5  0.06903398069444491  
  19091.5  0.06903217437673197  
  19092.5  0.06903036587334709  
  19093.5  0.06902855751209218  
  19094.5  0.06902674929294858  
  19095.5  0.06902494354280389  
  19096.5  0.0690231356076443   
  19097.5  0.06902132781454023  
  19098.5  0.0690195201634731   
  19099.5  0.0690177149805995   
  19100.5  0.06901590761336768  
  19101.5  0.06901410038811703  
  19102.5  0.06901229563045626  
  19103.5  0.0690104886889295   
  19104.5  0.0690086818893282   
  19105.5  0.06900687523163375  
  19106.5  0.06900507104072456  
  19107.5  0.06900326466660554  
  19108.5  0.06900145843433766  
  19109.5  0.06899965466825198  
  19110.5  0.06899784871944827  
  19111.5  0.06899604291244005  
  19112.5  0.0689942372472088   
  19113.5  0.06899243404735587  
  19114.5  0.06899062866544046  
  19115.5  0.06898882342524638  
  19116.5  0.0689870183267551   
  19117.5  0.06898521569283876  
  19118.5  0.06898341087751517  
  19119.5  0.06898160620383877  
  19120.5  0.06897980399413511  
  19121.5  0.06897799960351533  
  19122.5  0.06897619535448721  
  19123.5  0.06897439124703227  
  19124.5  0.06897258960274741  
  19125.5  0.06897078577820107  
  19126.5  0.06896898209517235  
  19127.5  0.06896718087471215  
  19128.5  0.06896537747448117  
  19129.5  0.06896357421571234  
  19130.5  0.06896177109838719  
  19131.5  0.06895997044282866  
  19132.5  0.06895816760815343  
  19133.5  0.06895636491486644  
  19134.5  0.0689545623629492   
  19135.5  0.0689527622719971   
  19136.5  0.06895096000258208  
  19137.5  0.06894915787448141  
  19138.5  0.06894735820674519  
  19139.5  0.06894555636103604  
  19140.5  0.06894375465658589  
  19141.5  0.0689419530933763   
  19142.5  0.06894015398973045  
  19143.5  0.06893835270876486  
  19144.5  0.06893655156898448  
  19145.5  0.06893475288816771  
  19146.5  0.06893295203052081  
  19147.5  0.06893115131400382  
  19148.5  0.06892935073859834  
  19149.5  0.06892755262135652  
  19150.5  0.0689257523279372   
  19151.5  0.0689239521755741   
  19152.5  0.06892215216424881  
  19153.5  0.06892035461028771  
  19154.5  0.06891855488080137  
  19155.5  0.06891675529229764  
  19156.5  0.06891495816055881  
  19157.5  0.06891315885378368  
  19158.5  0.06891135968793599  
  19159.5  0.06890956066299732  
  19160.5  0.06890776409402483  
  19161.5  0.06890596535066776  
  19162.5  0.06890416674816457  
  19163.5  0.06890236828649687  
  19164.5  0.06890057227999706  
  19165.5  0.06889877409976404  
  19166.5  0.06889697606031144  
  19167.5  0.06889518047542832  
  19168.5  0.06889338271730029  
  19169.5  0.06889158509989757  
  19170.5  0.06888978762320183  
  19171.5  0.06888799260027803  
  19172.5  0.06888619540476015  
  19173.5  0.06888439834989418  
  19174.5  0.06888260374820238  
  19175.5  0.0688808069744043   
  19176.5  0.06887901034120314  
  19177.5  0.0688772138485806   
  19178.5  0.06887541980833542  
  19179.5  0.06887362359663422  
  19180.5  0.06887182752545667  
  19181.5  0.06887003159478441  
  19182.5  0.06886823811569316  
  19183.5  0.06886644246579585  
  19184.5  0.0688646469563489   
  19185.5  0.06886285389788604  
  19186.5  0.06886105866910426  
  19187.5  0.068859263580718    
  19188.5  0.06885746863270895  
  19189.5  0.06885567613488836  
  19190.5  0.06885388146739822  
  19191.5  0.06885208694023043  
  19192.5  0.06885029486265476  
  19193.5  0.06884850061589629  
  19194.5  0.06884670650940536  
  19195.5  0.06884491254316367  
  19196.5  0.06884312102571924  
  19197.5  0.06884132733974083  
  19198.5  0.0688395337939569   
  19199.5  0.06883774038834917  
  19200.5  0.06883594943074425  
  19201.5  0.06883415630525383  
  19202.5  0.06883236331988489  
  19203.5  0.0688305727819233   
  19204.5  0.06882878007656228  
  19205.5  0.06882698751126802  
  19206.5  0.06882519508602226  
  19207.5  0.0688234051073902   
  19208.5  0.06882161296200662  
  19209.5  0.06881982095661689  
  19210.5  0.06881803139724593  
  19211.5  0.0688162396716091   
  19212.5  0.06881444808591149  
  19213.5  0.06881265664013486  
  19214.5  0.06881086763958409  
  19215.5  0.06880907647341482  
  19216.5  0.06880728544711191  
  19217.5  0.0688054945606572   
  19218.5  0.06880370611863584  
  19219.5  0.06880191551164298  
  19220.5  0.06880012504444377  
  19221.5  0.06879833702108386  
  19222.5  0.06879654683323747  
  19223.5  0.06879475678513018  
  19224.5  0.0687929668767438   
  19225.5  0.06879117941140499  
  19226.5  0.06878938978222614  
  19227.5  0.06878760029271373  
  19228.5  0.06878581324565541  
  19229.5  0.06878402403524167  
  19230.5  0.06878223496443986  
  19231.5  0.06878044603323188  
  19232.5  0.06877865954368696  
  19233.5  0.06877687089143253  
  19234.5  0.06877508237871748  
  19235.5  0.06877329400552365  
  19236.5  0.06877150807320233  
  19237.5  0.06876971997881708  
  19238.5  0.06876793202389866  
  19239.5  0.06876614650926018  
  19240.5  0.06876435883304165  
  19241.5  0.06876257129623561  
  19242.5  0.06876078389882397  
  19243.5  0.06875899894090241  
  19244.5  0.06875721182204583  
  19245.5  0.06875542484252932  
  19246.5  0.06875363800233476  
  19247.5  0.0687518536008409   
  19248.5  0.06875006703905671  
  19249.5  0.06874828061654022  
  19250.5  0.06874649663213268  
  19251.5  0.06874471048791808  
  19252.5  0.06874292448291694  
  19253.5  0.06874113861711113  
  19254.5  0.06873935518862564  
  19255.5  0.06873756960097724  
  19256.5  0.06873578415246998  
  19257.5  0.06873400114069186  
  19258.5  0.06873221597023368  
  19259.5  0.06873043093886247  
  19260.5  0.06872864604656016  
  19261.5  0.0687268635901991   
  19262.5  0.06872507897580153  
  19263.5  0.06872329450041872  
  19264.5  0.06872151016403268  
  19265.5  0.06871972826280033  
  19266.5  0.06871794420417476  
  19267.5  0.06871616028449183  
  19268.5  0.06871437879937234  
  19269.5  0.06871259515734181  
  19270.5  0.06871081165419982  
  19271.5  0.06870902828992838  
  19272.5  0.06870724735943363  
  19273.5  0.06870546427267056  
  19274.5  0.06870368132472396  
  19275.5  0.06870190080996436  
  19276.5  0.06870011813941816  
  19277.5  0.06869833560763447  
  19278.5  0.0686965532145953   
  19279.5  0.06869477325395706  
  19280.5  0.06869299113817441  
  19281.5  0.06869120916108229  
  19282.5  0.06868942732266273  
  19283.5  0.06868764791585855  
  19284.5  0.06868586635455173  
  19285.5  0.06868408493186356  
  19286.5  0.06868230594020192  
  19287.5  0.06868052479451875  
  19288.5  0.06867874378740033  
  19289.5  0.0686769629188287   
  19290.5  0.06867518448049872  
  19291.5  0.06867340388878852  
  19292.5  0.06867162343557123  
  19293.5  0.06866984541200731  
  19294.5  0.06866806523554385  
  19295.5  0.0686662851975195   
  19296.5  0.0686645052979163   
  19297.5  0.06866272782718233  
  19298.5  0.06866094820418955  
  19299.5  0.06865916871956415  
  19300.5  0.06865738937328819  
  19301.5  0.06865561245509777  
  19302.5  0.06865383338528894  
  19303.5  0.0686520544537758   
  19304.5  0.06865027794976078  
  19305.5  0.06864849929460735  
  19306.5  0.06864672077769594  
  19307.5  0.0686449423990086   
  19308.5  0.0686431664470364   
  19309.5  0.06864138834456568  
  19310.5  0.06863961038026535  
  19311.5  0.06863783484209328  
  19312.5  0.06863605715390231  
  19313.5  0.06863427960382808  
  19314.5  0.06863250219185273  
  19315.5  0.06863072720522342  
  19316.5  0.0686289500692145   
  19317.5  0.06862717307125082  
  19318.5  0.06862539621131454  
  19319.5  0.0686236217759425   
  19320.5  0.06862184519182982  
  19321.5  0.06862006874569093  
  19322.5  0.06861829472353029  
  19323.5  0.06861651855310796  
  19324.5  0.06861474252060591  
  19325.5  0.0686129666260063   
  19326.5  0.06861119315460384  
  19327.5  0.06860941753557812  
  19328.5  0.06860764205440133  
  19329.5  0.06860586671105563  
  19330.5  0.06860409379012643  
  19331.5  0.06860231872221208  
  19332.5  0.06860054379207535  
  19333.5  0.06859877128376998  
  19334.5  0.06859699662895778  
  19335.5  0.06859522211186977  
  19336.5  0.06859344773248816  
  19337.5  0.06859167577415796  
  19338.5  0.06858990166995849  
  19339.5  0.068588127703412    
  19340.5  0.06858635615733236  
  19341.5  0.06858458246586133  
  19342.5  0.06858280891198992  
  19343.5  0.06858103549570034  
  19344.5  0.0685792644990984   
  19345.5  0.0685774913577421   
  19346.5  0.06857571835391428  
  19347.5  0.06857394548759721  
  19348.5  0.06857217504018899  
  19349.5  0.0685704024486631   
  19350.5  0.06856862999459465  
  19351.5  0.06856685995885131  
  19352.5  0.06856508777946757  
  19353.5  0.06856331573748799  
  19354.5  0.06856154383289481  
  19355.5  0.06855977434584874  
  19356.5  0.06855800271579839  
  19357.5  0.06855623122308123  
  19358.5  0.06855446214732795  
  19359.5  0.06855269092904726  
  19360.5  0.06855091984804657  
  19361.5  0.06854914890430812  
  19362.5  0.06854738037675626  
  19363.5  0.06854560970731258  
  19364.5  0.06854383917507799  
  19365.5  0.0685420687800348   
  19366.5  0.06854030080040127  
  19367.5  0.0685385306795112   
  19368.5  0.0685367606957594   
  19369.5  0.06853499312683493  
  19370.5  0.06853322341713013  
  19371.5  0.06853145384451048  
  19372.5  0.06852968440895833  
  19373.5  0.06852791738745738  
  19374.5  0.06852614822581077  
  19375.5  0.0685243792011786   
  19376.5  0.06852261259001582  
  19377.5  0.0685208438391832   
  19378.5  0.06851907522531199  
  19379.5  0.06851730674838452  
  19380.5  0.06851554068415099  
  19381.5  0.06851377248088181  
  19382.5  0.06851200441450338  
  19383.5  0.06851023648499804  
  19384.5  0.06850847096741162  
  19385.5  0.0685067033114234   
  19386.5  0.06850493579225535  
  19387.5  0.06850317068442525  
  19388.5  0.06850140343866852  
  19389.5  0.06849963632967902  
  19390.5  0.06849786935743912  
  19391.5  0.06849610479576287  
  19392.5  0.06849433809679333  
  19393.5  0.0684925715345205   
  19394.5  0.06849080510892673  
  19395.5  0.06848904109312276  
  19396.5  0.06848727494065848  
  19397.5  0.06848550892482046  
  19398.5  0.06848374531819211  
  19399.5  0.06848197957537797  
  19400.5  0.06848021396913725  
  19401.5  0.06847844849945238  
  19402.5  0.06847668543820404  
  19403.5  0.06847492024140234  
  19404.5  0.06847315518110372  
  19405.5  0.06847139252866206  
  19406.5  0.06846962774114117  
  19407.5  0.0684678630900706   
  19408.5  0.06846609857543275  
  19409.5  0.06846433646787944  
  19410.5  0.06846257222587881  
  19411.5  0.0684608081202582   
  19412.5  0.06845904415100006  
  19413.5  0.06845728258805442  
  19414.5  0.06845551889129306  
  19415.5  0.06845375533084148  
  19416.5  0.06845199417612373  
  19417.5  0.0684502308880637   
  19418.5  0.06844846773626083  
  19419.5  0.06844670472069755  
  19420.5  0.06844494411009679  
  19421.5  0.0684431813667848   
  19422.5  0.06844141875965983  
  19423.5  0.06843965855691922  
  19424.5  0.06843789622194042  
  19425.5  0.06843613402309608  
  19426.5  0.06843437196036863  
  19427.5  0.06843261230125494  
  19428.5  0.06843085051053359  
  19429.5  0.06842908885587663  
  19430.5  0.06842732733726653  
  19431.5  0.0684255682215      
  19432.5  0.06842380697475604  
  19433.5  0.06842204586400645  
  19434.5  0.06842028715552312  
  19435.5  0.06841852631653476  
  19436.5  0.0684167656134883   
  19437.5  0.06841500504636625  
  19438.5  0.068413246880741    
  19439.5  0.06841148658524039  
  19440.5  0.06840972642561174  
  19441.5  0.06840796866690316  
  19442.5  0.06840620877879122  
  19443.5  0.06840444902649882  
  19444.5  0.06840268941000853  
  19445.5  0.06840093219366955  
  19446.5  0.06839917284855633  
  19447.5  0.06839741363919286  
  19448.5  0.06839565456556164  
  19449.5  0.06839389789131338  
  19450.5  0.06839213908891974  
  19451.5  0.06839038042220602  
  19452.5  0.06838862415429935  
  19453.5  0.06838686575871863  
  19454.5  0.06838510749876557  
  19455.5  0.06838334937442271  
  19456.5  0.06838159364811928  
  19457.5  0.06837983579477008  
  19458.5  0.06837807807697882  
  19459.5  0.06837632275665162  
  19460.5  0.06837456530974961  
  19461.5  0.0683728079983533   
  19462.5  0.0683710508224453   
  19463.5  0.06836929604323444  
  19464.5  0.0683675391380765   
  19465.5  0.06836578236835467  
  19466.5  0.06836402573405155  
  19467.5  0.06836227149567907  
  19468.5  0.06836051513198695  
  19469.5  0.06835875890366137  
  19470.5  0.06835700507069191  
  19471.5  0.06835524911287309  
  19472.5  0.06835349329036872  
  19473.5  0.06835173760316138  
  19474.5  0.06834998431054437  
  19475.5  0.06834822889370491  
  19476.5  0.0683464736121104   
  19477.5  0.06834471846574348  
  19478.5  0.0683429657132015   
  19479.5  0.06834121083706368  
  19480.5  0.06833945609610137  
  19481.5  0.06833770374839032  
  19482.5  0.0683359492775531   
  19483.5  0.06833419494183939  
  19484.5  0.06833244074123182  
  19485.5  0.06833068893311083  
  19486.5  0.06832893500248974  
  19487.5  0.0683271812069228   
  19488.5  0.06832542980326926  
  19489.5  0.06832367627758493  
  19490.5  0.06832192288690277  
  19491.5  0.06832016963120549  
  19492.5  0.06831841876665769  
  19493.5  0.06831666578070454  
  19494.5  0.06831491292968436  
  19495.5  0.06831316021357985  
  19496.5  0.06831140988786122  
  19497.5  0.06830965744136248  
  19498.5  0.06830790512972751  
  19499.5  0.06830615520790612  
  19500.5  0.06830440316577326  
  19501.5  0.06830265125845228  
  19502.5  0.06830089948592594  
  19503.5  0.06829915010245034  
  19504.5  0.06829739859928792  
  19505.5  0.06829564723086831  
  19506.5  0.06829389825092766  
  19507.5  0.06829214715176844  
  19508.5  0.0682903961873002   
  19509.5  0.06828864535750571  
  19510.5  0.06828689691542805  
  19511.5  0.06828514635475595  
  19512.5  0.06828339592870583  
  19513.5  0.06828164563726043  
  19514.5  0.06827989773277011  
  19515.5  0.06827814771030923  
  19516.5  0.06827639782240132  
  19517.5  0.06827465032087757  
  19518.5  0.06827290070185081  
  19519.5  0.06827115121732538  
  19520.5  0.068269401867284    
  19521.5  0.06826765490286578  
  19522.5  0.06826590582156784  
  19523.5  0.06826415687470234  
  19524.5  0.06826241031288952  
  19525.5  0.06826066163466424  
  19526.5  0.06825891309081973  
  19527.5  0.0682571646813388   
  19528.5  0.06825541865615027  
  19529.5  0.06825367051517202  
  19530.5  0.06825192250850577  
  19531.5  0.0682501746361343   
  19532.5  0.06824842914729531  
  19533.5  0.06824668154328904  
  19534.5  0.06824493407352603  
  19535.5  0.0682431889867259   
  19536.5  0.0682414417852251   
  19537.5  0.068239694717916    
  19538.5  0.06823794778478143  
  19539.5  0.06823620323385055  
  19540.5  0.0682344565688409   
  19541.5  0.06823271003795431  
  19542.5  0.06823096364117359  
  19543.5  0.06822921962583776  
  19544.5  0.06822747349704479  
  19545.5  0.06822572750230627  
  19546.5  0.06822398388844383  
  19547.5  0.06822223816159023  
  19548.5  0.06822049256873965  
  19549.5  0.0682187471098749   
  19550.5  0.0682170040311282   
  19551.5  0.06821525884001138  
  19552.5  0.06821351378282904  
  19553.5  0.0682117711051965   
  19554.5  0.0682100263156594   
  19555.5  0.06820828166000542  
  19556.5  0.06820653713821742  
  19557.5  0.06820479499522183  
  19558.5  0.06820305074094225  
  19559.5  0.06820130662047735  
  19560.5  0.06819956263381     
  19561.5  0.06819782102517805  
  19562.5  0.06819607730588235  
  19563.5  0.06819433372033296  
  19564.5  0.06819259251225154  
  19565.5  0.06819084919397131  
  19566.5  0.06818910600938612  
  19567.5  0.06818736295847884  
  19568.5  0.06818562228428325  
  19569.5  0.06818387950050858  
  19570.5  0.06818213685036062  
  19571.5  0.06818039657635748  
  19572.5  0.06817865419323979  
  19573.5  0.06817691194369761  
  19574.5  0.06817516982771388  
  19575.5  0.06817343008711936  
  19576.5  0.0681716882380295   
  19577.5  0.06816994652244691  
  19578.5  0.06816820494035457  
  19579.5  0.06816646573289625  
  19580.5  0.06816472441756148  
  19581.5  0.06816298323566582  
  19582.5  0.06816124442783811  
  19583.5  0.06815950351259785  
  19584.5  0.06815776273074563  
  19585.5  0.06815602208226437  
  19586.5  0.0681542838070966   
  19587.5  0.06815254342513463  
  19588.5  0.0681508031764926   
  19589.5  0.06814906530059849  
  19590.5  0.06814732531837371  
  19591.5  0.06814558546941783  
  19592.5  0.06814384575371385  
  19593.5  0.068142108410004    
  19594.5  0.0681403689605813   
  19595.5  0.06813862964435952  
  19596.5  0.06813689046132161  
  19597.5  0.06813515364952444  
  19598.5  0.068133414732632    
  19599.5  0.06813167594887246  
  19600.5  0.06812993953578896  
  19601.5  0.06812820101807304  
  19602.5  0.06812646263343913  
  19603.5  0.06812472438187027  
  19604.5  0.06812298850022472  
  19605.5  0.06812125051456376  
  19606.5  0.06811951266191693  
  19607.5  0.06811777717862925  
  19608.5  0.06811603959178865  
  19609.5  0.06811430213791134  
  19610.5  0.06811256481698032  
  19611.5  0.06811082986465643  
  19612.5  0.06810909280939613  
  19613.5  0.06810735588703129  
  19614.5  0.06810561909754499  
  19615.5  0.06810388467591422  
  19616.5  0.06810214815196321  
  19617.5  0.06810041176083993  
  19618.5  0.06809867773700881  
  19619.5  0.06809694161131932  
  19620.5  0.0680952056184068   
  19621.5  0.06809346975825434  
  19622.5  0.0680917362646431   
  19623.5  0.06809000066978917  
  19624.5  0.06808826520764454  
  19625.5  0.06808652987819233  
  19626.5  0.06808479691453084  
  19627.5  0.06808306185024199  
  19628.5  0.06808132691859485  
  19629.5  0.06807959435217588  
  19630.5  0.0680778596855908   
  19631.5  0.06807612515159679  
  19632.5  0.06807439075017692  
  19633.5  0.0680726587132354   
  19634.5  0.06807092457674262  
  19635.5  0.06806919057277334  
  19636.5  0.06806745893272038  
  19637.5  0.06806572519357702  
  19638.5  0.06806399158690658  
  19639.5  0.0680622581126922   
  19640.5  0.06806052700164497  
  19641.5  0.06805879379212167  
  19642.5  0.06805706071500384  
  19643.5  0.06805532777027465  
  19644.5  0.06805359718796387  
  19645.5  0.06805186450779104  
  19646.5  0.06805013195995628  
  19647.5  0.06804840177397874  
  19648.5  0.06804666949059936  
  19649.5  0.06804493733950759  
  19650.5  0.06804320532068654  
  19651.5  0.06804147566297468  
  19652.5  0.06803974390847448  
  19653.5  0.06803801228619455  
  19654.5  0.06803628302446307  
  19655.5  0.06803455166640314  
  19656.5  0.06803282044051301  
  19657.5  0.06803108934677593  
  19658.5  0.06802936061283994  
  19659.5  0.06802762978318845  
  19660.5  0.06802589908563955  
  19661.5  0.06802416852017647  
  19662.5  0.06802244031376754  
  19663.5  0.06802071001225576  
  19664.5  0.06801897984277942  
  19665.5  0.06801725203179733  
  19666.5  0.06801552212617162  
  19667.5  0.06801379235253102  
  19668.5  0.06801206271085873  
  19669.5  0.06801033542693442  
  19670.5  0.06800860604897865  
  19671.5  0.06800687680294089  
  19672.5  0.06800514991409172  
  19673.5  0.06800342093166993  
  19674.5  0.06800169208111588  
  19675.5  0.06799996336241279  
  19676.5  0.06799823700015273  
  19677.5  0.06799650854493165  
  19678.5  0.06799478022151131  
  19679.5  0.06799305202987495  
  19680.5  0.0679913261939364   
  19681.5  0.0679895982656482   
  19682.5  0.06798787046909374  
  19683.5  0.06798614502767854  
  19684.5  0.06798441749437191  
  19685.5  0.06798269009274888  
  19686.5  0.06798096282279269  
  19687.5  0.06797923790723123  
  19688.5  0.06797751090038918  
  19689.5  0.06797578402516381  
  19690.5  0.06797405728153846  
  19691.5  0.06797233289156372  
  19692.5  0.06797060641091887  
  19693.5  0.0679688800618239   
  19694.5  0.06796715606582181  
  19695.5  0.06796542997960722  
  19696.5  0.06796370402489244  
  19697.5  0.06796197820166075  
  19698.5  0.06796025473077849  
  19699.5  0.06795852917029377  
  19700.5  0.06795680374124206  
  19701.5  0.06795508066398256  
  19702.5  0.0679533554975778   
  19703.5  0.06795163046255609  
  19704.5  0.06794990555890071  
  19705.5  0.06794818300629478  
  19706.5  0.06794645836515308  
  19707.5  0.06794473385532773  
  19708.5  0.0679430094768021   
  19709.5  0.06794128744858355  
  19710.5  0.06793956333243839  
  19711.5  0.067937839347543    
  19712.5  0.06793611771239823  
  19713.5  0.0679343939897835   
  19714.5  0.0679326703983686   
  19715.5  0.06793094693813688  
  19716.5  0.06792922582691414  
  19717.5  0.06792750262883009  
  19718.5  0.06792577956187931  
  19719.5  0.0679240588433816   
  19720.5  0.06792233603847882  
  19721.5  0.06792061336465945  
  19722.5  0.0679188908219069   
  19723.5  0.0679171706268664   
  19724.5  0.06791544834602899  
  19725.5  0.06791372619620854  
  19726.5  0.06791200417738846  
  19727.5  0.06791028450553985  
  19728.5  0.06790856274850215  
  19729.5  0.06790684112241505  
  19730.5  0.06790512184274423  
  19731.5  0.06790340047834     
  19732.5  0.06790167924483657  
  19733.5  0.06789995814221737  
  19734.5  0.06789823938527456  
  19735.5  0.06789651854420564  
  19736.5  0.06789479783397123  
  19737.5  0.06789307946885859  
  19738.5  0.06789135902007509  
  19739.5  0.06788963870207639  
  19740.5  0.0678879185148459   
  19741.5  0.06788620067199792  
  19742.5  0.06788448074608594  
  19743.5  0.0678827609508925   
  19744.5  0.06788104128640106  
  19745.5  0.0678793239655533   
  19746.5  0.067877604562248    
  19747.5  0.0678758852895951   
  19748.5  0.06787416836003203  
  19749.5  0.06787244934846609  
  19750.5  0.06787073046750292  
  19751.5  0.06786901171712596  
  19752.5  0.06786729530910067  
  19753.5  0.06786557681967853  
  19754.5  0.06786385846079304  
  19755.5  0.0678621424437059   
  19756.5  0.06786042434567618  
  19757.5  0.06785870637813357  
  19758.5  0.06785698854106154  
  19759.5  0.06785527304505036  
  19760.5  0.06785355546870209  
  19761.5  0.06785183802277489  
  19762.5  0.06785012070725224  
  19763.5  0.06784840573205338  
  19764.5  0.0678466886771226   
  19765.5  0.06784497175254692  
  19766.5  0.06784325716774248  
  19767.5  0.06784154050365979  
  19768.5  0.06783982396988275  
  19769.5  0.06783810756639486  
  19770.5  0.06783639350194179  
  19771.5  0.06783467735881515  
  19772.5  0.06783296134592827  
  19773.5  0.06783124546326465  
  19774.5  0.06782953191889979  
  19775.5  0.06782781629646578  
  19776.5  0.06782610080420566  
  19777.5  0.06782438764969256  
  19778.5  0.06782267241756337  
  19779.5  0.06782095731555873  
  19780.5  0.06781924234366217  
  19781.5  0.06781752970877726  
  19782.5  0.06781581499688014  
  19783.5  0.0678141004150418   
  19784.5  0.06781238816966388  
  19785.5  0.06781067384772643  
  19786.5  0.06780895965579845  
  19787.5  0.06780724559386353  
  19788.5  0.06780553386765434  
  19789.5  0.06780382006548898  
  19790.5  0.0678021063932674   
  19791.5  0.0678003928509732   
  19792.5  0.06779868164367042  
  19793.5  0.06779696836101455  
  19794.5  0.06779525520823684  
  19795.5  0.06779354438990011  
  19796.5  0.06779183149666239  
  19797.5  0.0677901187332536   
  19798.5  0.06778840609965738  
  19799.5  0.06778669579976847  
  19800.5  0.06778498342558115  
  19801.5  0.0677832711811572   
  19802.5  0.06778156126989071  
  19803.5  0.06777984928477744  
  19804.5  0.06777813742937844  
  19805.5  0.06777642570367731  
  19806.5  0.06777471631040063  
  19807.5  0.06777300484387928  
  19808.5  0.06777129350700671  
  19809.5  0.06776958229976653  
  19810.5  0.06776787342421821  
  19811.5  0.06776616247602697  
  19812.5  0.0677644516574191   
  19813.5  0.06776274316995394  
  19814.5  0.06776103261029695  
  19815.5  0.06775932218017428  
  19816.5  0.06775761187956957  
  19817.5  0.06775590390937564  
  19818.5  0.06775419386759118  
  19819.5  0.06775248395527567  
  19820.5  0.0677507763728223   
  19821.5  0.0677490667192291   
  19822.5  0.0677473571950559   
  19823.5  0.06774564780028632  
  19824.5  0.06774394073464768  
  19825.5  0.06774223159846993  
  19826.5  0.06774052259164688  
  19827.5  0.06773881371416224  
  19828.5  0.06773710716507762  
  19829.5  0.0677353985460544   
  19830.5  0.06773369005632066  
  19831.5  0.06773198389443912  
  19832.5  0.06773027566306905  
  19833.5  0.06772856756093959  
  19834.5  0.06772685958803443  
  19835.5  0.06772515394225127  
  19836.5  0.06772344622757957  
  19837.5  0.0677217386420833   
  19838.5  0.06772003118574621  
  19839.5  0.0677183260558013   
  19840.5  0.06771661885756751  
  19841.5  0.06771491178844406  
  19842.5  0.06771320704516574  
  19843.5  0.06771150023404808  
  19844.5  0.06770979355199196  
  19845.5  0.06770808699898112  
  19846.5  0.06770638277108627  
  19847.5  0.06770467647595123  
  19848.5  0.06770297030981272  
  19849.5  0.06770126646824362  
  19850.5  0.06769956055988346  
  19851.5  0.06769785478047112  
  19852.5  0.06769614912999035  
  19853.5  0.0676944458033505   
  19854.5  0.06769274041051825  
  19855.5  0.06769103514656888  
  19856.5  0.06768933001148614  
  19857.5  0.06768762719951621  
  19858.5  0.06768592232195227  
  19859.5  0.06768421757320629  
  19860.5  0.06768251514702736  
  19861.5  0.06768081065570296  
  19862.5  0.0676791062931479   
  19863.5  0.06767740205934594  
  19864.5  0.06767570014738361  
  19865.5  0.06767399617087366  
  19866.5  0.06767229232306823  
  19867.5  0.06767059079655713  
  19868.5  0.06766888720594658  
  19869.5  0.06766718374399198  
  19870.5  0.06766548041067715  
  19871.5  0.06766377939792985  
  19872.5  0.06766207632168048  
  19873.5  0.06766037337402231  
  19874.5  0.06765867055493918  
  19875.5  0.06765697005569721  
  19876.5  0.0676552674935502   
  19877.5  0.06765356505992975  
  19878.5  0.06765186494560595  
  19879.5  0.06765016276882468  
  19880.5  0.06764846072052148  
  19881.5  0.06764675880068016  
  19882.5  0.06764505919940977  
  19883.5  0.0676433575362785   
  19884.5  0.06764165600156066  
  19885.5  0.06763995678486975  
  19886.5  0.06763825550676514  
  19887.5  0.06763655435702558  
  19888.5  0.06763485333563489  
  19889.5  0.06763315463154604  
  19890.5  0.06763145386663956  
  19891.5  0.06762975323003359  
  19892.5  0.06762805272171199  
  19893.5  0.06762635452996751  
  19894.5  0.06762465427800121  
  19895.5  0.06762295415427094  
  19896.5  0.06762125634657455  
  19897.5  0.06761955647910296  
  19898.5  0.06761785673981906  
  19899.5  0.06761615712870674  
  19900.5  0.06761445983290426  
  19901.5  0.06761276047792186  
  19902.5  0.06761106125106274  
  19903.5  0.06760936433897077  
  19904.5  0.06760766536814508  
  19905.5  0.0676059665253944   
  19906.5  0.06760426781070265  
  19907.5  0.06760257141005467  
  19908.5  0.06760087295126774  
  19909.5  0.06759917462049153  
  19910.5  0.0675974764177099   
  19911.5  0.06759578052824904  
  19912.5  0.06759408258124375  
  19913.5  0.06759238476218488  
  19914.5  0.06759068925590479  
  19915.5  0.06758899169252591  
  19916.5  0.06758729425704528  
  19917.5  0.06758559694944684  
  19918.5  0.06758390195390483  
  19919.5  0.06758220490185803  
  19920.5  0.06758050797764527  
  19921.5  0.06757881118125049  
  19922.5  0.0675771166961902   
  19923.5  0.06757542015521882  
  19924.5  0.06757372374201732  
  19925.5  0.06757202963960914  
  19926.5  0.06757033348173493  
  19927.5  0.06756863745158248  
  19928.5  0.06756694154913584  
  19929.5  0.06756524795676117  
  19930.5  0.06756355230951369  
  19931.5  0.06756185678992394  
  19932.5  0.06756016357986547  
  19933.5  0.06755846831537886  
  19934.5  0.06755677317850196  
  19935.5  0.06755507816921877  
  19936.5  0.06755338546874619  
  19937.5  0.0675516907144382   
  19938.5  0.06754999608767591  
  19939.5  0.06754830158844333  
  19940.5  0.06754660939730107  
  19941.5  0.06754491515291586  
  19942.5  0.06754322103601239  
  19943.5  0.06754152922665935  
  19944.5  0.0675398353645074   
  19945.5  0.06753814162978927  
  19946.5  0.067536448022489    
  19947.5  0.06753475672201951  
  19948.5  0.06753306336934307  
  19949.5  0.06753137014403658  
  19950.5  0.06752967922502147  
  19951.5  0.0675279862542431   
  19952.5  0.06752629341078681  
  19953.5  0.06752460069463663  
  19954.5  0.06752291028405887  
  19955.5  0.06752121782230927  
  19956.5  0.06751952548781796  
  19957.5  0.06751783328056898  
  19958.5  0.06751614337817381  
  19959.5  0.06751445142519798  
  19960.5  0.06751275959941666  
  19961.5  0.0675110700779505   
  19962.5  0.06750937850634679  
  19963.5  0.06750768706188985  
  19964.5  0.06750599574456372  
  19965.5  0.06750430673083478  
  19966.5  0.06750261566755897  
  19967.5  0.06750092473136624  
  19968.5  0.06749923609823254  
  19969.5  0.06749754541599472  
  19970.5  0.06749585486079225  
  19971.5  0.06749416443260924  
  19972.5  0.06749247630676794  
  19973.5  0.0674907861324127   
  19974.5  0.06748909608502922  
  19975.5  0.06748740616460161  
  19976.5  0.0674857185457988   
  19977.5  0.0674840288790719   
  19978.5  0.06748233933925321  
  19979.5  0.06748065210052193  
  19980.5  0.06747896281430873  
  19981.5  0.06747727365495614  
  19982.5  0.06747558462244825  
  19983.5  0.06747389789031148  
  19984.5  0.06747220911128218  
  19985.5  0.06747052045905001  
  19986.5  0.06746883410665204  
  19987.5  0.06746714570780336  
  19988.5  0.06746545743570424  
  19989.5  0.06746376929033879  
  19990.5  0.06746208344409191  
  19991.5  0.06746039555198322  
  19992.5  0.06745870778656068  
  19993.5  0.06745702014780845  
  19994.5  0.06745533480745952  
  19995.5  0.06745364742183739  
  19996.5  0.06745196016283807  
  19997.5  0.06745027520170588  
  19998.5  0.06744858819574175  
  19999.5  0.0674469013163529   
  20000.5  0.06744521456352358  
